timeframe,period_role,trade_id,status,symbol,side,signal_timestamp,entry_timestamp,entry_reference_price,entry_price,exit_timestamp,exit_reference_price,exit_price,quantity,position_value,risk_amount,stop_loss,take_profit,exit_reason,gross_pnl,entry_fee,exit_fee,entry_slippage,exit_slippage,slippage,net_pnl,R,holding_time
5m,DEVELOPMENT,1,CLOSED,BTCUSDT,LONG,2024-01-01 12:20:00+00:00,2024-01-01 12:25:00+00:00,42684.13,42705.472064999994,2024-01-01 20:00:00+00:00,43559.5815063,43537.80171554685,0.0004678562023529287,19.980019980019982,0.19980019980019983,42278.41734435,43559.5815063,TP,0.40958541708166896,0.019980019980019983,0.020369430569430573,0.009985017481267996,0.010189810189809924,0.020174827671077922,0.3490611388611405,1.747051000000008,0 days 07:35:00
5m,DEVELOPMENT,2,CLOSED,BTCUSDT,LONG,2024-01-01 21:55:00+00:00,2024-01-01 22:00:00+00:00,43619.22,43641.02961,2024-01-02 00:10:00+00:00,44513.850202199996,44491.593277098895,0.0004658169751750431,20.32873240645469,0.20328732406454691,43204.619313899995,44513.850202199996,TP,0.41673393468903863,0.02032873240645469,0.02072493940105649,0.010159286559945793,0.010367653527292327,0.02052694008723812,0.35515332279428935,1.747050999999993,0 days 02:10:00
5m,DEVELOPMENT,3,CLOSED,BTCUSDT,LONG,2024-01-02 05:10:00+00:00,2024-01-02 05:15:00+00:00,45314.01,45336.667005,2024-01-02 15:15:00+00:00,44883.30033495,44860.85868478253,0.00045622080971333004,20.683530930724714,0.20683530930724714,44883.30033495,46243.4003451,SL,-0.19649871214046932,0.020683530930724715,0.02046645727360676,0.010336597166779394,0.010238347810707081,0.020574944977486475,-0.25822364532228725,-1.2484504999999995,0 days 10:00:00
5m,DEVELOPMENT,4,CLOSED,BTCUSDT,LONG,2024-01-04 00:05:00+00:00,2024-01-04 00:10:00+00:00,42884.99,42906.432494999994,2024-01-04 15:00:00+00:00,43764.56114489999,43742.67886432754,0.0004760490225670084,20.425565251082077,0.20425565251082078,42477.368170049995,43764.56114489999,TP,0.4187189838077865,0.02042556525108208,0.020823659517825666,0.010207678786145912,0.01041703827805115,0.02062471706419706,0.3568450419746817,1.7470509999999988,0 days 14:50:00
5m,DEVELOPMENT,5,CLOSED,BTCUSDT,LONG,2024-01-04 18:35:00+00:00,2024-01-04 18:40:00+00:00,44069.98,44092.01499,2024-01-05 01:45:00+00:00,43651.094840100006,43629.26929267996,0.00047133372809604347,20.782053804503335,0.20782053804503334,43651.094840100006,44973.855289800005,SL,-0.19743470405977298,0.020782053804503334,0.020563946149825076,0.010385833985259087,0.010287116633228528,0.020672950618487614,-0.259453654632589,-1.248450499999991,0 days 07:05:00
5m,DEVELOPMENT,6,CLOSED,BTCUSDT,LONG,2024-01-05 08:10:00+00:00,2024-01-05 08:15:00+00:00,43872.14,43894.076069999996,2024-01-05 10:55:00+00:00,43455.13530929999,43433.407741645344,0.00046755419368213,20.522859344330925,0.20522859344330927,43455.13530929999,44771.957591399994,SL,-0.19497229192190774,0.020522859344330926,0.020307471935512172,0.01025630152140294,0.010158815375443218,0.020415116896846157,-0.256217740098597,-1.248450500000004,0 days 02:40:00
5m,DEVELOPMENT,7,CLOSED,BTCUSDT,LONG,2024-01-05 13:00:00+00:00,2024-01-05 13:05:00+00:00,43978.0,43999.988999999994,2024-01-05 14:40:00+00:00,43559.989109999995,43538.209115444995,0.0004606114234712798,20.26689756601065,0.2026689756601065,43559.989109999995,44879.98877999999,SL,-0.19254059106939886,0.020266897566010647,0.02005419647605537,0.010128384590707263,0.010032114295175077,0.02016049888588234,-0.2530221839973472,-1.2484504999999972,0 days 01:35:00
5m,DEVELOPMENT,8,CLOSED,BTCUSDT,LONG,2024-01-05 21:15:00+00:00,2024-01-05 21:20:00+00:00,43791.79,43813.685894999995,2024-01-08 02:45:00+00:00,43375.54903605,43353.86126153197,0.0004568008315801591,20.014128151427887,0.20014128151427887,43375.54903605,44689.9596129,SL,-0.19013921847008877,0.020014128151427887,0.01980407987647865,0.010002063044189198,0.009906993434956587,0.019909056479145787,-0.24986648297714106,-1.2484504999999941,2 days 05:25:00
5m,DEVELOPMENT,9,CLOSED,BTCUSDT,LONG,2024-01-08 15:40:00+00:00,2024-01-08 15:45:00+00:00,44982.64,45005.13132,2024-01-08 18:00:00+00:00,45905.2339464,45882.281329426805,0.00043916128462741824,19.764511285316857,0.19764511285316858,44555.0800068,45905.2339464,TP,0.40516754269050514,0.01976451128531686,0.020149721610267683,0.009877316984166782,0.010079900755510726,0.019957217739677506,0.3452960920552431,1.7470510000000106,0 days 02:15:00
5m,DEVELOPMENT,10,CLOSED,BTCUSDT,LONG,2024-01-08 23:05:00+00:00,2024-01-08 23:10:00+00:00,47056.0,47079.528,2024-01-09 00:35:00+00:00,46608.73272,46585.42835364,0.0004271381485861793,20.10946242623119,0.2010946242623119,46608.73272,48021.11856,SL,-0.19104491790237627,0.02010946242623119,0.019898413618067896,0.010049706359934955,0.009954183900982941,0.020003890260917895,-0.25105668420759325,-1.2484504999999892,0 days 01:25:00
5m,DEVELOPMENT,11,CLOSED,BTCUSDT,LONG,2024-01-09 07:10:00+00:00,2024-01-09 07:15:00+00:00,46807.99,46831.393995,2024-01-09 12:55:00+00:00,46363.08005505,46339.898515022476,0.00042404581315734816,19.858656547901926,0.19858656547901926,46363.08005505,47768.0218749,SL,-0.18866219938811335,0.019858656547901928,0.019650239947431695,0.009924366090905756,0.009830034991210485,0.019754401082116242,-0.2479254969655632,-1.2484504999999944,0 days 05:40:00
5m,DEVELOPMENT,12,CLOSED,BTCUSDT,LONG,2024-01-09 15:40:00+00:00,2024-01-09 15:45:00+00:00,46955.78,46979.25788999999,2024-01-09 18:30:00+00:00,46509.46531109999,46486.21057844444,0.0004174390914108055,19.610978728755512,0.19610978728755513,46509.46531109999,47918.843047799994,SL,-0.18630919821771458,0.019610978728755512,0.019405161506997226,0.009800589069840606,0.009707434470734176,0.019508023540574782,-0.2448333619940421,-1.2484505000000012,0 days 02:45:00
5m,DEVELOPMENT,13,CLOSED,BTCUSDT,LONG,2024-01-10 16:20:00+00:00,2024-01-10 16:25:00+00:00,45414.01,45436.717005,2024-01-10 17:55:00+00:00,46345.4513451,46322.27861942745,0.0004262277565829317,19.366389955534693,0.19366389955534694,44982.34983495,46345.4513451,TP,0.3970061549105613,0.019366389955534694,0.019743840895768066,0.00967835579986595,0.009876858877322633,0.019555214677188584,0.33834070938206995,1.747051000000008,0 days 01:30:00
5m,DEVELOPMENT,14,CLOSED,BTCUSDT,LONG,2024-01-10 19:30:00+00:00,2024-01-10 19:35:00+00:00,46364.0,46387.182,2024-01-10 20:10:00+00:00,45923.31018,45900.348524910005,0.0004247809807073448,19.704392662210093,0.19704392662210093,45923.31018,47314.92564,SL,-0.18719665392734308,0.019704392662210093,0.0194975950612202,0.009847272694757964,0.009753674367792073,0.019600947062550035,-0.24599958871332342,-1.2484504999999908,0 days 00:35:00
5m,DEVELOPMENT,15,CLOSED,BTCUSDT,LONG,2024-01-11 02:50:00+00:00,2024-01-11 02:55:00+00:00,46599.99,46623.28999499999,2024-01-11 05:35:00+00:00,46157.05709504999,46133.97856650247,0.0004173587670329238,19.458638827331647,0.19458638827331648,46157.05709504999,47555.75579489999,SL,-0.18486193108824672,0.019458638827331648,0.019254420412838803,0.00972445718507076,0.009632026219527611,0.01935648340459837,-0.24293147373301555,-1.2484504999999972,0 days 02:40:00
5m,DEVELOPMENT,16,CLOSED,BTCUSDT,LONG,2024-01-11 10:15:00+00:00,2024-01-11 10:20:00+00:00,46372.97,46396.156485,2024-01-11 12:40:00+00:00,47324.0796147,47300.41757489265,0.00041417116197106,19.215950042383582,0.19215950042383584,45932.194920149996,47324.0796147,TP,0.3939221742821457,0.019215950042383582,0.01959046890870964,0.009603173434473873,0.00980013452161566,0.019403307956089536,0.335712447374963,1.7470510000000008,0 days 02:20:00
5m,DEVELOPMENT,17,CLOSED,BTCUSDT,LONG,2024-01-11 13:15:00+00:00,2024-01-11 13:20:00+00:00,47322.53,47346.191264999994,2024-01-11 13:30:00+00:00,46872.72935234999,46849.29298767382,0.0004129440318284121,19.551327112688245,0.19551327112688247,46872.72935234999,48293.115090299994,SL,-0.18574249295962553,0.019551327112688244,0.019346135934640584,0.009770778167258503,0.009677906920778759,0.019448685088037262,-0.24408864109499162,-1.2484504999999981,0 days 00:10:00
5m,DEVELOPMENT,18,CLOSED,BTCUSDT,LONG,2024-01-11 14:00:00+00:00,2024-01-11 14:05:00+00:00,47639.36,47663.17968,2024-01-11 14:45:00+00:00,48616.4432736,48592.1350519632,0.00040508170973937746,19.307482316389553,0.19307482316389554,47186.5478832,48616.4432736,TP,0.3957985630276364,0.019307482316389554,0.01968378514673599,0.009648916699845064,0.009846815981358028,0.019495732681203092,0.33731156288330777,1.7470510000000046,0 days 00:40:00
5m,DEVELOPMENT,19,CLOSED,BTCUSDT,LONG,2024-01-12 11:20:00+00:00,2024-01-12 11:25:00+00:00,46129.23,46152.294615,2024-01-12 12:45:00+00:00,45690.77166885,45667.92628301558,0.00042564420834451664,19.644456904684574,0.19644456904684574,45690.77166885,47075.3405073,SL,-0.18662724925440086,0.019644456904684575,0.01943828832946991,0.009817319792444226,0.009724006167817547,0.01954132596026177,-0.24525132044881712,-1.24845049999999,0 days 01:20:00
5m,DEVELOPMENT,20,CLOSED,BTCUSDT,LONG,2024-01-13 06:50:00+00:00,2024-01-13 06:55:00+00:00,43105.85,43127.402924999995,2024-01-13 10:05:00+00:00,42696.12889574999,42674.78083130212,0.00044981726871627734,19.39945059054989,0.1939945059054989,42696.12889574999,43989.9509835,SL,-0.1842996280491547,0.01939945059054989,0.01919585335660207,0.009694877856345117,0.009602728042319743,0.01929760589866486,-0.24219253789497153,-1.2484504999999921,0 days 03:10:00
5m,DEVELOPMENT,21,CLOSED,BTCUSDT,LONG,2024-01-13 16:10:00+00:00,2024-01-13 16:15:00+00:00,43086.01,43107.553005,2024-01-14 00:50:00+00:00,42676.47747495,42655.139236212526,0.00044441167887725305,19.157500003242227,0.19157500003242228,42676.47747495,43969.7040651,SL,-0.1820010370123124,0.019157500003242227,0.018956442040708198,0.009573963020110852,0.009482962501604079,0.01905692552171493,-0.23917190457797777,-1.2484505000000008,0 days 08:35:00
5m,DEVELOPMENT,22,CLOSED,BTCUSDT,LONG,2024-01-14 14:50:00+00:00,2024-01-14 14:55:00+00:00,42905.99,42927.442995,2024-01-14 20:00:00+00:00,42498.16856505,42476.91948076748,0.0004407103174964185,18.918567031635856,0.18918567031635858,42498.16856505,43785.9918549,SL,-0.17973111407865844,0.018918567031635858,0.018720016670638842,0.009454556237698922,0.009364690680657954,0.018819246918356874,-0.23618894469929003,-1.2484504999999841,0 days 05:05:00
5m,DEVELOPMENT,23,CLOSED,BTCUSDT,LONG,2024-01-15 02:35:00+00:00,2024-01-15 02:40:00+00:00,42346.01,42367.183005,2024-01-15 18:30:00+00:00,43214.5266651,43192.91940176745,0.0004409689933296588,18.68261403992828,0.1868261403992828,41943.51117495,43214.5266651,TP,0.3829889194991778,0.01868261403992828,0.019046738187566484,0.009336638700612474,0.009528133160361526,0.018864771860974,0.32639479541070904,1.7470510000000086,0 days 15:50:00
5m,DEVELOPMENT,24,CLOSED,BTCUSDT,LONG,2024-01-15 20:00:00+00:00,2024-01-15 20:05:00+00:00,43019.99,43041.499995,2024-01-15 22:05:00+00:00,42611.08499505,42589.77945255247,0.00044163615972539266,19.008682766612306,0.19008682766612306,42611.08499505,43902.3299949,SL,-0.18058723607861074,0.019008682766612307,0.01880918664097671,0.009499591587512549,0.009409297969472909,0.018908889556985456,-0.23731399504318523,-1.2484505000000004,0 days 02:00:00
5m,DEVELOPMENT,25,CLOSED,BTCUSDT,LONG,2024-01-16 05:15:00+00:00,2024-01-16 05:20:00+00:00,42850.01,42871.435005,2024-01-16 14:35:00+00:00,42442.72065495,42421.499294622525,0.0004378581180288918,18.77160584848725,0.18771605848487252,42442.72065495,43728.8637051,SL,-0.17833494611681516,0.018771605848487253,0.01857459784510738,0.009381112368058426,0.00929194489499997,0.018673057263058394,-0.23435420707346816,-1.248450499999999,0 days 09:15:00
5m,DEVELOPMENT,26,CLOSED,BTCUSDT,LONG,2024-01-16 16:20:00+00:00,2024-01-16 16:25:00+00:00,43157.99,43179.568994999994,2024-01-17 07:05:00+00:00,42747.773305049996,42726.39941839747,0.00042931150525488885,18.537485761500776,0.18537485761500777,42747.773305049996,44043.16037489999,SL,-0.1761107467896711,0.018537485761500775,0.01834293484843383,0.009264110825336094,0.009176055451942307,0.018440166277278403,-0.2314313336768841,-1.2484504999999937,0 days 14:40:00
5m,DEVELOPMENT,27,CLOSED,BTCUSDT,LONG,2024-01-17 21:40:00+00:00,2024-01-17 21:45:00+00:00,42734.01,42755.377005,2024-01-18 16:35:00+00:00,42327.82323495,42306.65932333253,0.00042816335418622604,18.30628562795744,0.1830628562795744,42327.82323495,43610.4845451,SL,-0.1739142877498601,0.01830628562795744,0.01811416116029203,0.00914856852971389,0.009061611385836854,0.018210179915550746,-0.2285449144536603,-1.2484504999999864,0 days 18:50:00
5m,DEVELOPMENT,28,CLOSED,BTCUSDT,LONG,2024-01-20 02:45:00+00:00,2024-01-20 02:50:00+00:00,41628.16,41648.97408,2024-01-22 03:10:00+00:00,41232.4843392,41211.8680970304,0.00043405556629983713,18.077969030101638,0.18077969030101637,41232.4843392,42481.9535616,SL,-0.17174522301960926,0.01807796903010164,0.01788824074513072,0.00903446728140858,0.008948594669899872,0.01798306195130845,-0.22569449474615005,-1.2484505000000057,2 days 00:20:00
5m,DEVELOPMENT,29,CLOSED,BTCUSDT,LONG,2024-01-23 04:00:00+00:00,2024-01-23 04:05:00+00:00,40054.36,40074.38718,2024-01-23 07:55:00+00:00,39673.6433082,39653.8064865459,0.0004454840425679895,17.852500004381213,0.17852500004381214,39673.6433082,40875.8749236,SL,-0.16960321093617545,0.017852500004381214,0.01766513801683523,0.008921789107635593,0.008836987502168013,0.017758776609803607,-0.2228796255671955,-1.2484504999999901,0 days 03:50:00
5m,DEVELOPMENT,30,CLOSED,BTCUSDT,LONG,2024-01-24 05:55:00+00:00,2024-01-24 06:00:00+00:00,39798.85,39818.749424999995,2024-01-26 10:40:00+00:00,40615.124413499994,40594.816851293246,0.00044275230363497586,17.629843035782617,0.17629843035782616,39420.561930749995,40615.124413499994,TP,0.3614073769754119,0.017629843035782616,0.01797344867655002,0.008810516259759647,0.008991219948248303,0.01780173620800795,0.30800234905507134,1.7470510000000046,2 days 04:40:00
5m,DEVELOPMENT,31,CLOSED,BTCUSDT,LONG,2024-01-26 14:10:00+00:00,2024-01-26 14:15:00+00:00,41173.17,41193.756584999996,2024-01-26 18:05:00+00:00,42017.631716699994,41996.62290084165,0.0004354431151033926,17.93753769018329,0.17937537690183292,40781.819019149996,42017.631716699994,TP,0.3677150405054049,0.017937537690183292,0.018287140299764963,0.008964286701739594,0.009148144221991637,0.01811243092373123,0.3133779315917254,1.7470510000000072,0 days 03:50:00
5m,DEVELOPMENT,32,CLOSED,BTCUSDT,LONG,2024-01-26 20:00:00+00:00,2024-01-26 20:05:00+00:00,42085.97,42107.012985,2024-01-27 07:00:00+00:00,41685.94285515,41665.09988372243,0.00043343379791413363,18.25060255690829,0.1825060255690829,41685.94285515,42949.1532447,SL,-0.17338528466108227,0.01825060255690829,0.018059062483073544,0.009120740908000165,0.009034048265667378,0.018154789173667543,-0.22784973887473167,-1.2484504999999855,0 days 10:55:00
5m,DEVELOPMENT,33,CLOSED,BTCUSDT,LONG,2024-01-27 16:00:00+00:00,2024-01-27 16:05:00+00:00,41818.87,41839.779435,2024-01-28 04:55:00+00:00,42676.575023699996,42655.23673618815,0.00043076184156634584,18.022980440150324,0.18022980440150324,41421.38164065,42676.575023699996,TP,0.3694665955297153,0.018022980440150323,0.018374248328928856,0.009006986726709272,0.009191720024475691,0.018198706751184963,0.31487066000945113,1.7470510000000028,0 days 12:50:00
5m,DEVELOPMENT,34,CLOSED,BTCUSDT,LONG,2024-01-28 09:00:00+00:00,2024-01-28 09:05:00+00:00,42504.36,42525.61218,2024-01-28 17:35:00+00:00,42100.3560582,42079.305880170905,0.0004312115829500064,18.33753654405587,0.18337536544055869,42100.3560582,43376.1244236,SL,-0.17421117926162089,0.018337536544055868,0.018145084098026006,0.009164186178936681,0.009077080589305174,0.018241266768241855,-0.22893506667194463,-1.2484504999999806,0 days 08:30:00
5m,DEVELOPMENT,35,CLOSED,BTCUSDT,LONG,2024-01-29 18:30:00+00:00,2024-01-29 18:35:00+00:00,43028.02,43049.534009999996,2024-01-31 09:55:00+00:00,42619.038669899994,42597.72915056504,0.00042065101516633674,18.10883018374424,0.1810883018374424,42619.038669899994,43910.5246902,SL,-0.172038411690645,0.018108830183744238,0.017918778010965843,0.009049890146798283,0.008963870940953774,0.01801376108775206,-0.2260797809731071,-1.2484505000000068,1 days 15:20:00
5m,DEVELOPMENT,36,CLOSED,BTCUSDT,LONG,2024-02-01 08:40:00+00:00,2024-02-01 08:45:00+00:00,42236.0,42257.117999999995,2024-02-01 17:25:00+00:00,43102.26035999999,43080.70922981999,0.0004231944132275699,17.88297625669818,0.1788297625669818,41834.546819999996,43102.26035999999,TP,0.3665965447525005,0.01788297625669818,0.018231515463941226,0.008937019618537679,0.009120317890915965,0.018057337509453646,0.3124247155224074,1.7470509999999961,0 days 08:40:00
5m,DEVELOPMENT,37,CLOSED,BTCUSDT,LONG,2024-02-01 19:40:00+00:00,2024-02-01 19:45:00+00:00,43000.81,43022.310405,2024-02-02 13:50:00+00:00,42592.08730095,42570.79125729953,0.0004229221696448701,18.19508885961767,0.1819508885961767,42592.08730095,43882.7566131,SL,-0.17285789066533264,0.01819508885961767,0.018004131402035984,0.009092997930842932,0.00900656898550978,0.018099566916352713,-0.22715667784333904,-1.2484504999999888,0 days 18:05:00
5m,DEVELOPMENT,38,CLOSED,BTCUSDT,LONG,2024-02-04 10:25:00+00:00,2024-02-04 10:30:00+00:00,42935.77,42957.237884999995,2024-02-04 22:35:00+00:00,42527.66550614999,42506.40167339692,0.0004182801315025106,17.96815911152243,0.17968159111522428,42527.66550614999,43816.382642699995,SL,-0.17070200135434577,0.017968159111522428,0.017779583281647,0.008979589760880024,0.008894238760202797,0.01787382852108282,-0.22432357226859803,-1.2484505000000041,0 days 12:05:00
5m,DEVELOPMENT,39,CLOSED,BTCUSDT,LONG,2024-02-05 06:40:00+00:00,2024-02-05 06:45:00+00:00,42736.5,42757.86825,2024-02-07 17:35:00+00:00,43613.025615,43591.2191021925,0.0004149893426627186,17.744059638726625,0.17744059638726625,42330.289567499996,43613.025615,TP,0.3637487887958846,0.017744059638726627,0.018089891361085412,0.008867596021352444,0.009049470415748875,0.01791706643710132,0.3099977713589713,1.7470510000000077,2 days 10:50:00
5m,DEVELOPMENT,40,CLOSED,BTCUSDT,LONG,2024-02-08 10:30:00+00:00,2024-02-08 10:35:00+00:00,44817.59,44839.99879499999,2024-02-09 02:15:00+00:00,45736.79877089999,45713.93037151454,0.0004026259635853393,18.053747722002324,0.18053747722002325,44391.598807049995,45736.79877089999,TP,0.37009731711970667,0.018053747722002324,0.01840561526510415,0.009022362679659616,0.009207411338221257,0.018229774017880875,0.3154081801147194,1.747051000000003,0 days 15:40:00
5m,DEVELOPMENT,41,CLOSED,BTCUSDT,LONG,2024-02-09 05:20:00+00:00,2024-02-09 05:25:00+00:00,46048.0,46071.024,2024-02-09 11:40:00+00:00,46992.44448,46968.94825776,0.00039870702264030466,18.36884080903002,0.18368840809030018,45610.31376,46992.44448,TP,0.3765566466698701,0.018368840809030017,0.018726849516398015,0.009179830489269424,0.009368108812604928,0.01854793930187435,0.3209130170425677,1.7470510000000037,0 days 06:15:00
5m,DEVELOPMENT,42,CLOSED,BTCUSDT,LONG,2024-02-09 15:40:00+00:00,2024-02-09 15:45:00+00:00,47247.96,47271.583979999996,2024-02-11 03:35:00+00:00,48217.015659599994,48192.907151770196,0.0003953629571954947,18.68943323364797,0.18689433233647973,46798.86814019999,48217.015659599994,TP,0.38312871126648473,0.01868943323364797,0.019053690287371774,0.009340046593525903,0.009531610949159806,0.01887165754268571,0.32651393020277936,1.7470510000000006,1 days 11:50:00
5m,DEVELOPMENT,43,CLOSED,BTCUSDT,LONG,2024-02-11 07:05:00+00:00,2024-02-11 07:10:00+00:00,48324.58,48348.74229,2024-02-12 06:45:00+00:00,47865.254867100004,47841.32223966646,0.00039330125408538926,19.015620976108295,0.19015620976108294,47865.254867100004,49315.717135800005,SL,-0.18065315080250718,0.019015620976108295,0.018816052033964043,0.009503058958574943,0.009412732383172492,0.018915791341747437,-0.23740061515432698,-1.24845049999999,0 days 23:35:00
5m,DEVELOPMENT,44,CLOSED,BTCUSDT,LONG,2024-02-12 08:00:00+00:00,2024-02-12 08:05:00+00:00,48232.0,48256.115999999995,2024-02-12 10:00:00+00:00,47773.55484,47749.66806258,0.00038914150331546935,18.77845752440567,0.1877845752440567,47773.55484,49221.23832,SL,-0.17840003875010202,0.01877845752440567,0.018581377612687036,0.00938453649395373,0.009295336474579675,0.018679872968533406,-0.2344397468557281,-1.2484504999999888,0 days 01:55:00
5m,DEVELOPMENT,45,CLOSED,BTCUSDT,LONG,2024-02-12 18:15:00+00:00,2024-02-12 18:20:00+00:00,49882.9,49907.84145,2024-02-13 13:35:00+00:00,49408.7630355,49384.058653982254,0.00037156990653802876,18.544251983091257,0.1854425198309126,49408.7630355,50905.998279,SL,-0.17617502758549017,0.01854425198309126,0.01834963005852872,0.009267492245422337,0.009179404731628607,0.018446896977050944,-0.23151580660416107,-1.248450499999991,0 days 19:15:00
5m,DEVELOPMENT,46,CLOSED,BTCUSDT,LONG,2024-02-13 19:20:00+00:00,2024-02-13 19:25:00+00:00,49085.89,49110.43294499999,2024-02-14 08:50:00+00:00,50092.641603899996,50067.595283098046,0.0003728936269309279,18.31296746100918,0.1831296746100918,48619.328615549995,50092.641603899996,TP,0.3754112569967986,0.01831296746100918,0.018669887196824247,0.009151907776613963,0.009339613405114706,0.01849152118172867,0.3199368811572365,1.7470510000000055,0 days 13:25:00
5m,DEVELOPMENT,47,CLOSED,BTCUSDT,LONG,2024-02-14 12:50:00+00:00,2024-02-14 12:55:00+00:00,51678.61,51704.449304999995,2024-02-15 14:30:00+00:00,52738.5382911,52712.169021954454,0.0003603671439374694,18.632584724902525,0.18632584724902526,51187.40481194999,52738.5382911,TP,0.38196333104222874,0.018632584724902524,0.01899573380119088,0.009311636544177031,0.00950261820969795,0.018814254753874982,0.3255207577622603,1.7470510000000186,1 days 01:35:00
5m,DEVELOPMENT,48,CLOSED,BTCUSDT,LONG,2024-02-16 01:05:00+00:00,2024-02-16 01:10:00+00:00,51926.82,51952.78341,2024-02-17 13:25:00+00:00,51433.255575899995,51407.53894811205,0.0003649040348327814,18.957780287102587,0.18957780287102588,51433.255575899995,52991.8390782,SL,-0.18010364980400975,0.01895778028710259,0.018758818382989446,0.009474153067016565,0.009384101242113651,0.018858254309130216,-0.23667850278323202,-1.2484504999999912,1 days 12:15:00
5m,DEVELOPMENT,49,CLOSED,BTCUSDT,LONG,2024-02-18 00:55:00+00:00,2024-02-18 01:00:00+00:00,51676.94,51702.77847,2024-02-18 02:50:00+00:00,51185.750685299994,51160.157809957345,0.00036209539951983317,18.721338226380077,0.18721338226380077,51185.750685299994,52736.8340394,SL,-0.17785739114617255,0.01872133822638008,0.01852485778169422,0.009355991117629464,0.009267062422057692,0.018623053539687157,-0.233726640693934,-1.2484505000000043,0 days 01:50:00
5m,DEVELOPMENT,50,CLOSED,BTCUSDT,LONG,2024-02-18 11:55:00+00:00,2024-02-18 12:00:00+00:00,51832.01,51857.926005,2024-02-20 01:20:00+00:00,51339.34674495,51313.67707157753,0.0003565095348597463,18.487845078833693,0.18487845078833695,51339.34674495,52895.0845251,SL,-0.175639147900364,0.018487845078833692,0.018293815144731333,0.00923930288797255,0.009151483314022603,0.018390786201995152,-0.23081159432592419,-1.2484504999999975,1 days 13:20:00
5m,DEVELOPMENT,51,CLOSED,BTCUSDT,LONG,2024-02-20 05:25:00+00:00,2024-02-20 05:30:00+00:00,51911.63,51937.58581499999,2024-02-20 13:40:00+00:00,52976.33753129999,52949.84936253435,0.0003515231557075616,18.257264065521085,0.18257264065521084,51418.20995684999,52976.33753129999,TP,0.3742693513081817,0.018257264065521084,0.018613098142158096,0.009124069997759516,0.009311204673414081,0.018435274671173597,0.31896371442932886,1.7470510000000115,0 days 08:10:00
5m,DEVELOPMENT,52,CLOSED,BTCUSDT,LONG,2024-02-22 06:05:00+00:00,2024-02-22 06:10:00+00:00,51579.85,51605.639924999996,2024-02-22 13:40:00+00:00,51089.58352574999,51064.03873398712,0.0003599588952269166,18.57590913488106,0.18575909134881058,51089.58352574999,52637.752723499994,SL,-0.17647577843782755,0.01857590913488106,0.01838095496851048,0.00928331291098407,0.009195075021764275,0.018478387932748343,-0.2319110304739674,-1.2484504999999955,0 days 07:30:00
5m,DEVELOPMENT,53,CLOSED,BTCUSDT,LONG,2024-02-23 19:30:00+00:00,2024-02-23 19:35:00+00:00,51153.13,51178.70656499999,2024-02-23 23:10:00+00:00,50666.91949934999,50641.58603960032,0.0003584348064846061,18.344229783758212,0.18344229783758212,50666.91949934999,52202.2806963,SL,-0.17427476671126835,0.01834422978375821,0.01815170709217767,0.009167531126314427,0.00908039374295936,0.018247924869273787,-0.22901862845647802,-1.2484504999999984,0 days 03:35:00
5m,DEVELOPMENT,54,CLOSED,BTCUSDT,LONG,2024-02-24 06:15:00+00:00,2024-02-24 06:20:00+00:00,51045.92,51071.44295999999,2024-02-26 15:15:00+00:00,52092.871819199994,52066.825383290394,0.00035470781507639543,18.115439945140356,0.18115439945140355,50560.728530399996,52092.871819199994,TP,0.37136199227868794,0.018115439945140355,0.01846850986967114,0.009053193375880387,0.009238874372021725,0.01829206774790211,0.31648597471597434,1.7470510000000017,2 days 08:55:00
5m,DEVELOPMENT,55,CLOSED,BTCUSDT,LONG,2024-02-26 18:40:00+00:00,2024-02-26 18:45:00+00:00,53468.32,53495.05416,2024-02-26 20:00:00+00:00,54564.9552432,54537.6727655784,0.00034454792203637656,18.43160975005142,0.18431609750051423,52960.1036184,54564.9552432,TP,0.37784339427641594,0.018431609750051422,0.018790841824079925,0.009211199275388007,0.009400120972526316,0.01861132024791432,0.32200962245437026,1.7470509999999966,0 days 01:15:00
5m,DEVELOPMENT,56,CLOSED,BTCUSDT,LONG,2024-02-26 22:50:00+00:00,2024-02-26 22:55:00+00:00,54653.08,54680.406539999996,2024-02-27 01:55:00+00:00,55774.014670799996,55746.1276634646,0.00034296192861793735,18.753297684571272,0.18753297684571274,54133.6024746,55774.014670799996,TP,0.3844379165522786,0.018753297684571273,0.01911879945644357,0.009371962860853346,0.009564181819130444,0.01893614467998379,0.32762967473127996,1.7470510000000037,0 days 03:00:00
5m,DEVELOPMENT,57,CLOSED,BTCUSDT,LONG,2024-02-27 09:15:00+00:00,2024-02-27 09:20:00+00:00,56324.44,56352.60222,2024-02-27 19:50:00+00:00,57479.6542644,57450.914437267806,0.0003385930605731342,19.080600056930198,0.19080600056930197,55789.0761978,57479.6542644,TP,0.39114753340093716,0.0190806000569302,0.01945248095203977,0.009535532262333371,0.009731106029032531,0.019266638291365903,0.33334781410060127,1.7470510000000088,0 days 10:30:00
5m,DEVELOPMENT,58,CLOSED,BTCUSDT,LONG,2024-02-28 12:25:00+00:00,2024-02-28 12:30:00+00:00,59273.4,59303.0367,2024-02-28 13:25:00+00:00,60489.097433999996,60458.852885283,0.0003273629132086503,19.4136148562315,0.194136148562315,58710.006333,60489.097433999996,TP,0.397974253574519,0.0194136148562315,0.019791986209779455,0.009701956449889323,0.009900943576677113,0.019602900026566436,0.3391657524819416,1.747051000000003,0 days 00:55:00
5m,DEVELOPMENT,59,CLOSED,BTCUSDT,LONG,2024-02-29 08:05:00+00:00,2024-02-29 08:10:00+00:00,62976.63,63008.11831499999,2024-02-29 08:25:00+00:00,62378.03713184999,62346.84811328407,0.00031349042488522524,19.75244178178789,0.1975244178178789,62378.03713184999,64268.28068129999,SL,-0.18765313256961166,0.01975244178178789,0.019545139905288025,0.00987128524826826,0.009777458681983842,0.0196487439302521,-0.24659945818693968,-1.2484504999999992,0 days 00:15:00
5m,DEVELOPMENT,60,CLOSED,BTCUSDT,LONG,2024-02-29 09:05:00+00:00,2024-02-29 09:10:00+00:00,62897.97,62929.418985,2024-02-29 09:30:00+00:00,62300.12479515,62268.974732752424,0.00030996772243130913,19.506088676706035,0.19506088676706035,62300.12479515,64188.007364699995,SL,-0.18531271651383516,0.019506088676706036,0.019301372276044008,0.009748170253224994,0.00965551389496902,0.019403684148194014,-0.2435238616147792,-1.2484504999999966,0 days 00:20:00
5m,DEVELOPMENT,61,CLOSED,BTCUSDT,LONG,2024-02-29 13:10:00+00:00,2024-02-29 13:15:00+00:00,62770.08,62801.465039999995,2024-02-29 13:25:00+00:00,62173.450389599995,62142.3636644052,0.00030672545749375874,19.262808095672295,0.19262808095672296,62173.450389599995,64057.494340799996,SL,-0.18300149020426507,0.019262808095672296,0.019060644924708214,0.009626590752458001,0.009535090007355628,0.01916168075981363,-0.24048662398445922,-1.2484504999999895,0 days 00:10:00
5m,DEVELOPMENT,62,CLOSED,BTCUSDT,LONG,2024-03-01 06:10:00+00:00,2024-03-01 06:15:00+00:00,61483.33,61514.071664999996,2024-03-01 20:50:00+00:00,62744.353098299995,62712.980921750845,0.0003092391903703038,19.022561718065443,0.19022561718065445,60898.93094835,62744.353098299995,TP,0.3899577619565418,0.019022561718065444,0.019393311445950537,0.00950652759523328,0.009701506476213385,0.019208034071446667,0.3323338547210792,1.7470509999999981,0 days 14:35:00
5m,DEVELOPMENT,63,CLOSED,BTCUSDT,LONG,2024-03-01 23:10:00+00:00,2024-03-01 23:15:00+00:00,62661.09,62692.42054499999,2024-03-02 01:10:00+00:00,62065.496339549994,62034.46359138022,0.00030872254417168573,19.35456357093366,0.1935456357093366,62065.496339549994,63946.26895589999,SL,-0.18387319014665177,0.01935456357093366,0.01915143742625671,0.009672445562684585,0.009580508967612164,0.019252954530296747,-0.24163214567413888,-1.2484504999999986,0 days 01:55:00
5m,DEVELOPMENT,64,CLOSED,BTCUSDT,LONG,2024-03-02 18:35:00+00:00,2024-03-02 18:40:00+00:00,61941.83,61972.800915,2024-03-03 07:30:00+00:00,61353.07290585,61322.39636939708,0.0003084122798036753,19.113172816014444,0.19113172816014445,61353.07290585,63212.2569333,SL,-0.1815799176573891,0.019113172816014445,0.018912580067310374,0.009551810502755245,0.009461020543925643,0.01901283104668089,-0.23861850158739478,-1.2484504999999915,0 days 12:50:00
5m,DEVELOPMENT,65,CLOSED,BTCUSDT,LONG,2024-03-03 21:00:00+00:00,2024-03-03 21:05:00+00:00,62789.71,62821.104855,2024-03-04 00:40:00+00:00,64077.5269521,64045.48818862395,0.00030045305217274047,18.874792694548514,0.18874792694548514,62192.893806449996,64077.5269521,TP,0.38692853389824144,0.018874792694548514,0.019242662404165268,0.009432680007270215,0.009626144274219199,0.019058824281489414,0.32975225451803825,1.747051000000008,0 days 03:35:00
5m,DEVELOPMENT,66,CLOSED,BTCUSDT,LONG,2024-03-04 02:25:00+00:00,2024-03-04 02:30:00+00:00,63540.56,63572.330279999995,2024-03-04 08:10:00+00:00,64843.7768856,64811.3549971572,0.0003020844987379133,19.20421552623487,0.1920421552623487,62936.6069772,64843.7768856,TP,0.3936816196332602,0.01920421552623487,0.019578505686841188,0.009597309108562246,0.009794149918378984,0.01939145902694123,0.33550743939324296,1.7470510000000075,0 days 05:40:00
5m,DEVELOPMENT,67,CLOSED,BTCUSDT,LONG,2024-03-04 10:25:00+00:00,2024-03-04 10:30:00+00:00,65100.01,65132.560005,2024-03-04 15:40:00+00:00,66435.2112051,66401.99359949745,0.0002999941625488238,19.539387793360987,0.19539387793360988,64481.234404949995,66435.2112051,TP,0.4005525673581543,0.019539387793360986,0.019920210461453598,0.009764811490934226,0.009965087774613851,0.01972989926554808,0.34136306983779163,1.7470510000000028,0 days 05:10:00
5m,DEVELOPMENT,68,CLOSED,BTCUSDT,LONG,2024-03-04 16:55:00+00:00,2024-03-04 17:00:00+00:00,66539.82,66573.08991000001,2024-03-04 22:55:00+00:00,67904.55170820002,67870.59943234592,0.0002986253134416214,19.880409841150996,0.19880409841150998,65907.3590109,67904.55170820002,TP,0.4075434341249468,0.019880409841150998,0.020267879028955032,0.009935237301925344,0.010139009018986662,0.020074246320912006,0.34732089893392876,1.7470510000000092,0 days 05:55:00
5m,DEVELOPMENT,69,CLOSED,BTCUSDT,LONG,2024-03-04 23:50:00+00:00,2024-03-04 23:55:00+00:00,68201.22,68235.32061,2024-03-05 03:10:00+00:00,67552.9674039,67519.19092019805,0.00029643568148187994,20.227383766159917,0.20227383766159918,67552.9674039,69600.0270222,SL,-0.19216520009730328,0.02022738376615992,0.020015097373534067,0.010108637564296046,0.010012554964249003,0.02012119252854505,-0.25252887376554234,-1.2484505000000001,0 days 03:15:00
5m,DEVELOPMENT,70,CLOSED,BTCUSDT,LONG,2024-03-05 04:00:00+00:00,2024-03-05 04:05:00+00:00,68368.61,68402.794305,2024-03-05 04:20:00+00:00,67718.76636195001,67684.90697876904,0.00029202180074581303,19.975107168991546,0.19975107168991546,67718.76636195001,69770.8501911,SL,-0.1897685093865689,0.019975107168991545,0.019765468419252984,0.009982562303344829,0.00988767804864945,0.01987024035199428,-0.24937932532680768,-1.2484504999999844,0 days 00:15:00
5m,DEVELOPMENT,71,CLOSED,BTCUSDT,LONG,2024-03-06 00:15:00+00:00,2024-03-06 00:20:00+00:00,63903.39,63935.341694999996,2024-03-06 01:30:00+00:00,63295.98827805,63264.34028391098,0.0003085300938557825,19.725976973859876,0.19725976973859877,63295.98827805,65214.0485289,SL,-0.18740171028139802,0.019725976973859877,0.019518952845519216,0.009858059457200136,0.009764358602059323,0.01962241805925946,-0.24626905816003658,-1.2484504999999904,0 days 01:10:00
5m,DEVELOPMENT,72,CLOSED,BTCUSDT,LONG,2024-03-06 17:30:00+00:00,2024-03-06 17:35:00+00:00,67036.06,67069.57802999999,2024-03-06 21:30:00+00:00,66398.8822497,66365.68280857515,0.0002904439614935649,19.479953938734965,0.19479953938734965,66398.8822497,68410.9695906,SL,-0.18506442997269093,0.019479953938734966,0.019275511822147946,0.00973510941465783,0.00964257719967241,0.019377686614330238,-0.2431975823479041,-1.2484504999999884,0 days 03:55:00
5m,DEVELOPMENT,73,CLOSED,BTCUSDT,LONG,2024-03-07 11:55:00+00:00,2024-03-07 12:00:00+00:00,66905.34,66938.79267,2024-03-08 14:30:00+00:00,68277.5685234,68243.4297391383,0.00028738192823182253,19.236999311014788,0.19236999311014788,66269.4047433,68277.5685234,TP,0.3943536790293989,0.019236999311014788,0.019611928427586467,0.009613692809102486,0.009810869648616638,0.019424562457719126,0.3360801888330785,1.747051000000008,1 days 02:30:00
5m,DEVELOPMENT,74,CLOSED,BTCUSDT,LONG,2024-03-08 18:05:00+00:00,2024-03-08 18:10:00+00:00,68400.53,68434.73026499999,2024-03-10 09:45:00+00:00,69803.42487029999,69768.52315786484,0.00028600600425561534,19.572743755403476,0.19572743755403477,67750.38296234999,69803.42487029999,TP,0.40123635624520027,0.019572743755403476,0.01995421653119629,0.009781481137130945,0.009982099315256388,0.019763580452387332,0.3419458155062132,1.7470509999999961,1 days 15:35:00
5m,DEVELOPMENT,75,CLOSED,BTCUSDT,LONG,2024-03-10 10:55:00+00:00,2024-03-10 11:00:00+00:00,69750.08,69784.95504,2024-03-10 14:40:00+00:00,69087.1054896,69052.5619368552,0.00028536735397026046,19.914347966698394,0.19914347966698395,69087.1054896,71180.6541408,SL,-0.1891912817825778,0.019914347966698394,0.019705346884787894,0.009952197884406704,0.009857602243515402,0.019809800127922106,-0.24862077676198618,-1.2484505000000012,0 days 03:40:00
5m,DEVELOPMENT,76,CLOSED,BTCUSDT,LONG,2024-03-10 17:35:00+00:00,2024-03-10 17:40:00+00:00,69491.26,69526.00562999999,2024-03-10 22:15:00+00:00,68830.74557369998,68796.33020091314,0.00028285783692217514,19.665975562340765,0.19665975562340765,68830.74557369998,70916.52574259999,SL,-0.18683168187911262,0.019665975562340766,0.019459581148814003,0.009828073744295505,0.009734657903355775,0.01956273164765128,-0.24551997023791863,-1.2484504999999875,0 days 04:35:00
5m,DEVELOPMENT,77,CLOSED,BTCUSDT,LONG,2024-03-11 10:45:00+00:00,2024-03-11 10:50:00+00:00,71677.88,71713.71894,2024-03-12 15:00:00+00:00,70996.5817506,70961.0834597247,0.0002708087260548698,19.42070086679839,0.1942070086679839,70996.5817506,73147.99331880001,SL,-0.18450151098342765,0.019420700866798393,0.01921688061120134,0.00970549768455731,0.009613246929065442,0.019318744613622752,-0.24245783707505014,-1.2484505000000068,1 days 04:10:00
5m,DEVELOPMENT,78,CLOSED,BTCUSDT,LONG,2024-03-13 00:20:00+00:00,2024-03-13 00:25:00+00:00,71479.68,71515.41983999999,2024-03-13 07:10:00+00:00,72945.72823679999,72909.2553726816,0.0002681727281787961,19.178485245344795,0.19178485245344795,70800.26564159998,72945.72823679999,TP,0.39315415530436804,0.019178485245344795,0.01955227392277657,0.009584450397472249,0.009781027475123202,0.019365477872595453,0.33505791826365117,1.7470510000000128,0 days 06:45:00
5m,DEVELOPMENT,79,CLOSED,BTCUSDT,LONG,2024-03-13 11:05:00+00:00,2024-03-13 11:10:00+00:00,73390.0,73426.69499999999,2024-03-13 12:35:00+00:00,72692.42804999999,72656.081835975,0.0002657508749428717,19.513208440413383,0.19513208440413382,72692.42804999999,74895.22889999999,SL,-0.18538035604810843,0.019513208440413383,0.019308417317831245,0.009751728356026666,0.009659038178002056,0.01941076653402872,-0.2436127483403818,-1.2484504999999935,0 days 01:25:00
5m,DEVELOPMENT,80,CLOSED,BTCUSDT,LONG,2024-03-13 18:10:00+00:00,2024-03-13 18:15:00+00:00,72876.61,72913.04830499999,2024-03-14 13:35:00+00:00,72183.91782194999,72147.82586303902,0.00026428519324613866,19.269839061451965,0.19269839061451965,72183.91782194999,74371.30927109999,SL,-0.18306828613603623,0.019269839061451965,0.01906760210050203,0.00963010447848377,0.009538570335417131,0.0191686748139009,-0.24057440211189113,-1.2484504999999935,0 days 19:20:00
5m,DEVELOPMENT,81,CLOSED,BTCUSDT,LONG,2024-03-15 13:35:00+00:00,2024-03-15 13:40:00+00:00,68229.4,68263.51469999999,2024-03-15 16:05:00+00:00,67580.87955299999,67547.0891132235,0.0002787653855362962,19.029504993408118,0.1902950499340812,67580.87955299999,69628.78499399999,SL,-0.18078505243612686,0.01902950499340812,0.0188297903385023,0.009509997497952572,0.009419604971735395,0.018929602469687966,-0.23757395023772523,-1.2484504999999821,0 days 02:25:00
5m,DEVELOPMENT,82,CLOSED,BTCUSDT,LONG,2024-03-16 01:00:00+00:00,2024-03-16 01:05:00+00:00,69751.9,69786.77595,2024-03-16 01:35:00+00:00,69088.90819049999,69054.36373640475,0.000269279790103042,18.79216837978402,0.1879216837978402,69088.90819049999,71182.51146899999,SL,-0.17853029530219683,0.01879216837978402,0.018594944572638186,0.009391388495644583,0.009302123347991709,0.018693511843636292,-0.23461092009825532,-1.2484504999999992,0 days 00:30:00
5m,DEVELOPMENT,83,CLOSED,BTCUSDT,LONG,2024-03-16 03:45:00+00:00,2024-03-16 03:50:00+00:00,69321.08,69355.74054,2024-03-16 05:15:00+00:00,68662.1831346,68627.8520430327,0.0002675739843845566,18.55779183622932,0.1855779183622932,68662.1831346,70742.8553508,SL,-0.17630365957357438,0.018557791836229322,0.018363027810908098,0.009274258788719531,0.00918610695893134,0.01846036574765087,-0.23168484496836267,-1.2484504999999921,0 days 01:25:00
5m,DEVELOPMENT,84,CLOSED,BTCUSDT,LONG,2024-03-16 08:35:00+00:00,2024-03-16 08:40:00+00:00,69270.0,69304.635,2024-03-16 10:15:00+00:00,68611.58864999999,68577.28285567499,0.00026443164219323194,18.32633844465254,0.1832633844465254,68611.58864999999,70690.7277,SL,-0.1741047945191653,0.018326338444652538,0.01813400352267591,0.009158589927361203,0.009071537530103629,0.018230127457464832,-0.22879526394395858,-1.2484505000000095,0 days 01:35:00
5m,DEVELOPMENT,85,CLOSED,BTCUSDT,LONG,2024-03-16 16:20:00+00:00,2024-03-16 16:25:00+00:00,68393.95,68428.146975,2024-03-16 17:40:00+00:00,67743.86550525,67709.99357249738,0.0002644784719074417,18.097771747405826,0.18097771747405828,67743.86550525,69796.7099145,SL,-0.17193335378220154,0.018097771747405827,0.017907835632916803,0.009044363691856702,0.00895839701496446,0.018002760706821164,-0.22594172186934533,-1.248450499999992,0 days 01:15:00
5m,DEVELOPMENT,86,CLOSED,BTCUSDT,LONG,2024-03-17 04:15:00+00:00,2024-03-17 04:20:00+00:00,66444.23,66477.452115,2024-03-17 06:30:00+00:00,65812.67759384999,65779.77125505307,0.00026884387371864523,17.872055741542344,0.17872055741542345,65812.67759384999,67807.0011573,SL,-0.16978899532569813,0.017872055741542343,0.017684488516534855,0.008931562089725462,0.008846667592062594,0.017778229681788056,-0.22312376926556338,-1.248450499999996,0 days 02:10:00
5m,DEVELOPMENT,87,CLOSED,BTCUSDT,LONG,2024-03-17 13:30:00+00:00,2024-03-17 13:35:00+00:00,67120.81,67154.370405,2024-03-17 17:50:00+00:00,68497.4578131,68463.20908419346,0.0002628146875133402,17.649154873145175,0.17649154873145176,66482.82670095,68497.4578131,TP,0.3618032648158007,0.017649154873145174,0.017993136901622776,0.008820167352895229,0.009001068985303147,0.017821236338198376,0.3083397367028344,1.7470510000000161,0 days 04:15:00
5m,DEVELOPMENT,88,CLOSED,BTCUSDT,LONG,2024-03-18 12:05:00+00:00,2024-03-18 12:10:00+00:00,68402.26,68436.46113,2024-03-18 13:40:00+00:00,67752.0965187,67718.22047044065,0.00026239209745273123,17.957186578143013,0.17957186578143014,67752.0965187,69805.1903526,SL,-0.17059775954547615,0.017957186578143013,0.0177687259050054,0.008974106235953867,0.008888807356180731,0.0178629135921346,-0.22418658562075913,-1.2484504999999988,0 days 01:30:00
5m,DEVELOPMENT,89,CLOSED,BTCUSDT,LONG,2024-03-18 21:55:00+00:00,2024-03-18 22:00:00+00:00,67621.51,67655.320755,2024-03-19 00:50:00+00:00,66978.76754745,66945.27816367628,0.00026211129822830234,17.733223955145256,0.17733223955145255,66978.76754745,69008.4271701,SL,-0.16847005866432233,0.017733223955145257,0.01754711376973601,0.0088621808871287,0.008777945857795106,0.017640126744923806,-0.2213905231341274,-1.2484504999999813,0 days 02:50:00
5m,DEVELOPMENT,90,CLOSED,BTCUSDT,LONG,2024-03-19 19:10:00+00:00,2024-03-19 19:15:00+00:00,64770.01,64802.395005,2024-03-19 20:00:00+00:00,64154.371054949996,64122.29386942252,0.00027023776821850063,17.512054601364913,0.17512054601364913,64154.371054949996,66098.4429051,SL,-0.1663688945387059,0.017512054601364912,0.01732826558832359,0.008751651474944026,0.008668467027674947,0.017420118502618973,-0.21862933323101336,-1.2484505000000006,0 days 00:45:00
5m,DEVELOPMENT,91,CLOSED,BTCUSDT,LONG,2024-03-20 03:15:00+00:00,2024-03-20 03:20:00+00:00,63064.39,63095.922195,2024-03-20 03:45:00+00:00,62464.96297305,62433.73049156348,0.00027408496583360245,17.293643679056213,0.17293643679056214,62464.96297305,64357.8406389,SL,-0.16429393620132796,0.017293643679056215,0.01711214688864452,0.008642500589233429,0.008560353621131608,0.017202854210365034,-0.21590258097939374,-1.2484504999999886,0 days 00:25:00
5m,DEVELOPMENT,92,CLOSED,BTCUSDT,LONG,2024-03-20 12:05:00+00:00,2024-03-20 12:10:00+00:00,63661.1,63692.93055,2024-03-20 16:20:00+00:00,63056.001244499996,63024.47324387775,0.0002681295496611579,17.077956784970905,0.17077956784970905,63056.001244499996,64966.789161,SL,-0.16224485681274284,0.017077956784970906,0.016898723628512635,0.008534711036966638,0.008453588608559418,0.016988299645526055,-0.21320983687175243,-1.2484504999999957,0 days 04:10:00
5m,DEVELOPMENT,93,CLOSED,BTCUSDT,LONG,2024-03-22 05:15:00+00:00,2024-03-22 05:20:00+00:00,66069.99,66103.024995,2024-03-22 09:40:00+00:00,65441.99474505,65409.27374767748,0.0002551314398428036,16.864959944939184,0.16864959944939184,65441.99474505,67425.0854949,SL,-0.1602213336098442,0.016864959944939185,0.016687962190317047,0.00842826583954842,0.008348155172743229,0.016776421012291647,-0.21055067675739209,-1.2484504999999948,0 days 04:20:00
5m,DEVELOPMENT,94,CLOSED,BTCUSDT,LONG,2024-03-23 01:00:00+00:00,2024-03-23 01:05:00+00:00,63726.75,63758.61337499999,2024-03-23 03:30:00+00:00,63121.02724124999,63089.46672762937,0.00026121364199944405,16.654619608518214,0.16654619608518215,63121.02724124999,65033.78564249999,SL,-0.15822304785504052,0.016654619608518214,0.016479829375726816,0.008323148230142349,0.008244036706215563,0.016567184936357914,-0.20792468177564347,-1.2484504999999986,0 days 02:25:00
5m,DEVELOPMENT,95,CLOSED,BTCUSDT,LONG,2024-03-23 09:55:00+00:00,2024-03-23 10:00:00+00:00,64470.0,64502.23499999999,2024-03-23 16:45:00+00:00,65792.2797,65759.38356015,0.00025498190324269206,16.446902643707382,0.1644690264370738,63857.212649999994,65792.2797,TP,0.3371573945251757,0.016446902643707382,0.016767452776233243,0.008219341651026472,0.008387920348289737,0.01660726199931621,0.2873357771059188,1.7470510000000155,0 days 06:45:00
5m,DEVELOPMENT,96,CLOSED,BTCUSDT,LONG,2024-03-24 10:15:00+00:00,2024-03-24 10:20:00+00:00,65026.01,65058.523004999995,2024-03-24 20:20:00+00:00,66359.69346509999,66326.51361836745,0.00025721382225045073,16.733951372084928,0.1673395137208493,64407.93777495,66359.69346509999,TP,0.34304182173059355,0.01673395137208493,0.017060096084326865,0.008362794288896325,0.008534315199761385,0.016897109488657712,0.2923506647855241,1.7470510000000035,0 days 10:00:00
5m,DEVELOPMENT,97,CLOSED,BTCUSDT,LONG,2024-03-24 21:45:00+00:00,2024-03-24 21:50:00+00:00,66378.47,66411.659235,2024-03-25 05:30:00+00:00,67739.8924197,67706.02247349016,0.0002563707965497013,17.026009978264277,0.17026009978264278,65747.54264265,67739.8924197,TP,0.34902895017911084,0.017026009978264277,0.01735784691274065,0.008508750613824716,0.008683265088913445,0.01719201570273816,0.29745307758536776,1.7470510000000112,0 days 07:40:00
5m,DEVELOPMENT,98,CLOSED,BTCUSDT,LONG,2024-03-25 19:15:00+00:00,2024-03-25 19:20:00+00:00,70715.51,70750.86775499998,2024-03-25 21:15:00+00:00,70043.35907744999,70008.33739791127,0.0002448473983374395,17.323165899927986,0.17323165899927986,70043.35907744999,72165.88511009999,SL,-0.1645744046764785,0.017323165899927988,0.017141359273808242,0.008657254322800142,0.008574967120464141,0.017232221443264285,-0.216271151293479,-1.2484504999999917,0 days 01:55:00
5m,DEVELOPMENT,99,CLOSED,BTCUSDT,LONG,2024-03-26 03:15:00+00:00,2024-03-26 03:20:00+00:00,70468.74,70503.97437,2024-03-26 14:25:00+00:00,69798.93462629999,69764.03515898684,0.0002426403753347828,17.107110803730706,0.17107110803730705,69798.93462629999,71914.0538574,SL,-0.1625218272758262,0.017107110803730705,0.01692757167584555,0.008549280761482436,0.008468019847847393,0.01701730060932983,-0.2135738103647323,-1.2484505000000135,0 days 11:05:00
5m,DEVELOPMENT,100,CLOSED,BTCUSDT,LONG,2024-03-27 00:30:00+00:00,2024-03-27 00:35:00+00:00,70243.85,70278.971925,2024-03-27 08:55:00+00:00,69576.18220575001,69541.39411464713,0.00024038129601332931,16.893750353815886,0.16893750353815887,69576.18220575001,71684.55136350001,SL,-0.16049484968817482,0.016893750353815885,0.01671645044385259,0.008442653849982823,0.008362406425139328,0.01680506027512215,-0.21091011076096544,-1.2484504999999955,0 days 08:20:00
5m,DEVELOPMENT,101,CLOSED,BTCUSDT,LONG,2024-03-27 10:50:00+00:00,2024-03-27 10:55:00+00:00,70122.0,70157.061,2024-03-27 13:25:00+00:00,71560.20222,71524.42211889001,0.0002377957500595168,16.683050942466274,0.16683050942466274,69455.49039,71560.20222,TP,0.34199837564216373,0.016683050942466273,0.017008203605334945,0.00833735679283708,0.00850835598065651,0.016845712773493587,0.291461408320869,1.747051000000015,0 days 02:30:00
5m,DEVELOPMENT,102,CLOSED,BTCUSDT,LONG,2024-03-27 23:50:00+00:00,2024-03-27 23:55:00+00:00,69559.99,69594.769995,2024-03-28 13:25:00+00:00,70986.6653949,70951.17206220256,0.00024390081584821054,16.974221180549062,0.16974221180549062,68898.82229504999,70986.6653949,TP,0.34796729276667737,0.016974221180549063,0.01730504875135797,0.008482869155694212,0.008656852802078164,0.017139721957772375,0.29654830087699796,1.7470510000000221,0 days 13:30:00
5m,DEVELOPMENT,103,CLOSED,BTCUSDT,LONG,2024-03-28 13:30:00+00:00,2024-03-28 13:35:00+00:00,71178.0,71213.58899999999,2024-03-28 17:20:00+00:00,70501.45310999999,70466.202383445,0.0002425165403386317,17.270473229377235,0.17270473229377234,70501.45310999999,72637.86077999999,SL,-0.16407381113966382,0.017270473229377234,0.01708921961283492,0.008630921154109784,0.00854888424854025,0.017179805402650034,-0.21561330938452597,-1.2484504999999986,0 days 03:45:00
5m,DEVELOPMENT,104,CLOSED,BTCUSDT,LONG,2024-03-28 23:05:00+00:00,2024-03-28 23:10:00+00:00,70879.49,70914.929745,2024-03-29 05:35:00+00:00,70205.78044755,70170.67755732623,0.0002405004895193693,17.055075317904183,0.17055075317904184,70205.78044755,72333.2283399,SL,-0.1620274771581011,0.017055075317904185,0.01687608230244278,0.008523276020940667,0.008442262282362334,0.016965538303303003,-0.21292417308175107,-1.2484504999999984,0 days 06:25:00
5m,DEVELOPMENT,105,CLOSED,BTCUSDT,LONG,2024-03-29 14:40:00+00:00,2024-03-29 14:45:00+00:00,70394.55,70429.747275,2024-03-29 15:30:00+00:00,69725.44980225,69690.58707734889,0.0002391370764191636,16.842363856284056,0.16842363856284057,69725.44980225,71838.34222050001,SL,-0.1600066651214188,0.016842363856284057,0.016665603247612355,0.008416973441420988,0.00833697010885912,0.016753943550280107,-0.21026857577559532,-1.2484504999999866,0 days 00:45:00
5m,DEVELOPMENT,106,CLOSED,BTCUSDT,LONG,2024-03-29 20:55:00+00:00,2024-03-29 21:00:00+00:00,69615.59,69650.397795,2024-03-31 18:40:00+00:00,71043.4057509,71007.88404802456,0.00023879698990347627,16.63230533902572,0.16632305339025721,68953.89381704999,71043.4057509,TP,0.340958103451692,0.01663230533902572,0.016956468970083332,0.008311996671177421,0.008482475722901065,0.016794472394078486,0.2905748567485044,1.747051000000013,1 days 21:40:00
5m,DEVELOPMENT,107,CLOSED,BTCUSDT,LONG,2024-03-31 22:00:00+00:00,2024-03-31 22:05:00+00:00,71008.15,71043.65407499998,2024-04-01 05:30:00+00:00,70333.21753424998,70298.05092548286,0.00023819988050357123,16.92258991120205,0.1692258991120205,70333.21753424998,72464.52715649999,SL,-0.16076883268963332,0.01692258991120205,0.016744987330083984,0.008457066422387407,0.00837668200604342,0.016833748428430828,-0.21127015835935017,-1.248450499999992,0 days 07:25:00
5m,DEVELOPMENT,108,CLOSED,BTCUSDT,LONG,2024-04-01 13:25:00+00:00,2024-04-01 13:30:00+00:00,70015.99,70050.997995,2024-04-01 14:30:00+00:00,69350.48801505,69315.81277104247,0.0002385623515761299,16.71153081194196,0.1671153081194196,69350.48801505,71452.0179549,SL,-0.15876371850825646,0.01671153081194196,0.01653614329607063,0.008351589611163647,0.008272207751910446,0.016623797363074094,-0.20863518997934316,-1.2484504999999981,0 days 01:00:00
5m,DEVELOPMENT,109,CLOSED,BTCUSDT,LONG,2024-04-01 22:40:00+00:00,2024-04-01 22:45:00+00:00,69814.42,69849.32720999999,2024-04-02 00:35:00+00:00,69150.83393789998,69116.25852093103,0.00023626718692808206,16.503104048725834,0.16503104048725833,69150.83393789998,71246.31375419999,SL,-0.1567836121770547,0.016503104048725833,0.016329903971734457,0.008247428310205524,0.008169036504118399,0.016416464814323923,-0.20603308501183887,-1.248450500000006,0 days 01:50:00
5m,DEVELOPMENT,110,CLOSED,BTCUSDT,LONG,2024-04-03 06:20:00+00:00,2024-04-03 06:25:00+00:00,66316.15,66349.308075,2024-04-03 11:05:00+00:00,65685.81499424999,65652.97208675287,0.0002456284362837608,16.297276790971754,0.16297276790971754,65685.81499424999,67676.29423649999,SL,-0.15482820179728948,0.016297276790971753,0.016126236871050505,0.008144566112429507,0.008067152011530012,0.01621171812395952,-0.20346343358327126,-1.2484505000000028,0 days 04:40:00
5m,DEVELOPMENT,111,CLOSED,BTCUSDT,LONG,2024-04-04 09:25:00+00:00,2024-04-04 09:30:00+00:00,66282.15,66315.29107499999,2024-04-04 14:05:00+00:00,67641.59689649999,67607.77609805175,0.00024268937611025783,16.094016617561895,0.16094016617561896,65652.13816424999,67641.59689649999,TP,0.3299233191666107,0.016094016617561897,0.01640768900143818,0.008042986815371387,0.008207948474954941,0.016250935290326327,0.2811706782572843,1.7470510000000188,0 days 04:35:00
5m,DEVELOPMENT,112,CLOSED,BTCUSDT,LONG,2024-04-04 17:20:00+00:00,2024-04-04 17:25:00+00:00,67862.31,67896.241155,2024-04-04 18:00:00+00:00,69254.16597809999,69219.53889511095,0.00024117544841176878,16.374906406030714,0.16374906406030715,67217.27874344999,69254.16597809999,TP,0.33568148964286687,0.016374906406030714,0.016694053331884253,0.008183361522253844,0.00835120226707369,0.016534563789327536,0.28607796611562436,1.7470510000000044,0 days 00:35:00
5m,DEVELOPMENT,113,CLOSED,BTCUSDT,LONG,2024-04-06 07:15:00+00:00,2024-04-06 07:20:00+00:00,68060.47,68094.500235,2024-04-06 23:05:00+00:00,69456.3902397,69421.66204458015,0.00024467025269992273,16.660698579972397,0.16660698579972397,67413.55523265,69456.3902397,TP,0.3415401577963368,0.016660698579972398,0.016985415595296063,0.008326186196887353,0.008496956275786631,0.016823142472673983,0.2910709011483944,1.747051000000005,0 days 15:45:00
5m,DEVELOPMENT,114,CLOSED,BTCUSDT,LONG,2024-04-07 08:00:00+00:00,2024-04-07 08:05:00+00:00,69441.07,69475.79053500001,2024-04-08 08:00:00+00:00,70865.30634570001,70829.87369252717,0.00024399115966100554,16.951478700999765,0.16951478700999764,68781.03262965001,70865.30634570001,TP,0.3475010776186965,0.016951478700999764,0.017281863020882252,0.008471503598700624,0.00864525413750838,0.017116757736209003,0.2961509781606054,1.7470510000000121,0 days 23:55:00
5m,DEVELOPMENT,115,CLOSED,BTCUSDT,LONG,2024-04-08 11:50:00+00:00,2024-04-08 11:55:00+00:00,72371.99,72408.175995,2024-04-08 14:05:00+00:00,71684.09423505,71648.25218793248,0.00023819594385623405,17.247333824037334,0.17247333824037334,71684.09423505,73856.3395149,SL,-0.1638539810069733,0.017247333824037335,0.017066323055554063,0.008619357233400191,0.00853743024289718,0.01715678747629737,-0.21532442536286206,-1.2484504999999932,0 days 02:10:00
5m,DEVELOPMENT,116,CLOSED,BTCUSDT,LONG,2024-04-09 12:30:00+00:00,2024-04-09 12:35:00+00:00,70761.39,70796.770695,2024-04-09 13:55:00+00:00,70088.80298805,70053.75858655598,0.00024057911597927467,17.03222450799052,0.1703222450799052,70088.80298805,72212.7061089,SL,-0.16181038875407364,0.01703222450799052,0.01685347131177916,0.008511856325832304,0.008430951131452875,0.01694280745728518,-0.21263889203112848,-1.24845049999999,0 days 01:20:00
5m,DEVELOPMENT,117,CLOSED,BTCUSDT,LONG,2024-04-11 01:50:00+00:00,2024-04-11 01:55:00+00:00,70618.46,70653.76923,2024-04-11 11:55:00+00:00,69947.2315377,69912.25792193116,0.00023805945847943768,16.819798042424956,0.16819798042424958,69947.2315377,72066.8446146,SL,-0.159792284251124,0.016819798042424956,0.01664327426196971,0.008405696173125662,0.008325800030999347,0.016731496204125007,-0.20998685275964366,-1.2484504999999944,0 days 10:00:00
5m,DEVELOPMENT,118,CLOSED,BTCUSDT,LONG,2024-04-11 13:30:00+00:00,2024-04-11 13:35:00+00:00,70850.0,70885.425,2024-04-11 13:40:00+00:00,70176.57075,70141.482464625,0.00023432209042607843,16.610020966741,0.16610020966741001,70176.57075,72303.13350000001,SL,-0.15779934961406641,0.016610020966741,0.016435698796695056,0.008300860053344511,0.00822196037853529,0.016522820431879803,-0.20736788980938226,-1.2484504999999964,0 days 00:05:00
5m,DEVELOPMENT,119,CLOSED,BTCUSDT,LONG,2024-04-12 01:45:00+00:00,2024-04-12 01:50:00+00:00,70308.01,70343.16400499998,2024-04-12 13:50:00+00:00,69639.73236494999,69604.91249876752,0.00023318342968614247,16.4028602376607,0.16402860237660702,69639.73236494999,71750.02728509999,SL,-0.1558312709235047,0.016402860237660702,0.016230712219466453,0.008197331453101331,0.00811941581764129,0.016316747270742622,-0.2047815906513745,-1.2484504999999895,0 days 12:00:00
5m,DEVELOPMENT,120,CLOSED,BTCUSDT,LONG,2024-04-14 08:10:00+00:00,2024-04-14 08:15:00+00:00,64601.15,64633.450574999995,2024-04-14 09:35:00+00:00,63987.11606925,63955.12251121538,0.0002506176458152523,16.198283224022965,0.16198283224022966,63987.11606925,65926.11958649999,SL,-0.15388773817525153,0.016198283224022964,0.016028282241586846,0.00809509406497745,0.008018150195890352,0.016113244260867802,-0.20222754790172914,-1.2484504999999895,0 days 01:20:00
5m,DEVELOPMENT,121,CLOSED,BTCUSDT,LONG,2024-04-15 00:30:00+00:00,2024-04-15 00:35:00+00:00,65676.09,65708.928045,2024-04-15 01:45:00+00:00,65051.83876454999,65019.31284516772,0.00024344116054805776,15.996257701643618,0.15996257701643618,65051.83876454999,67023.1066059,SL,-0.15196844523150851,0.015996257701643618,0.015828376977064868,0.007994131784928563,0.007918147562312676,0.015912279347241237,-0.19970535925745825,-1.2484505,0 days 01:10:00
5m,DEVELOPMENT,122,CLOSED,BTCUSDT,LONG,2024-04-15 03:40:00+00:00,2024-04-15 03:45:00+00:00,65323.41,65356.071705,2024-04-15 04:15:00+00:00,64702.51098795,64670.15973245603,0.00024170289670318498,15.796751848239566,0.15796751848239565,64702.51098795,66663.1931391,SL,-0.15007308977263126,0.015796751848239567,0.015630964937592293,0.007894428709764567,0.007819392164878208,0.015713820874642775,-0.19721462743310586,-1.2484504999999986,0 days 00:30:00
5m,DEVELOPMENT,123,CLOSED,BTCUSDT,LONG,2024-04-15 08:35:00+00:00,2024-04-15 08:40:00+00:00,66287.23,66320.37361499999,2024-04-15 14:05:00+00:00,65657.16987884999,65624.34129391058,0.00023521782806856838,15.599734238416286,0.15599734238416285,65657.16987884999,67646.78108729998,SL,-0.14820137324952287,0.015599734238416285,0.015436015027584111,0.007795969134639316,0.007721868448013954,0.015517837582653269,-0.19475496009817653,-1.2484504999999821,0 days 05:25:00
5m,DEVELOPMENT,124,CLOSED,BTCUSDT,LONG,2024-04-16 18:05:00+00:00,2024-04-16 18:10:00+00:00,62912.73,62944.186365,2024-04-16 21:45:00+00:00,64203.070092300004,64170.96855725386,0.00024474339455889495,15.405173838717811,0.15405173838717812,62314.744501350004,64203.070092300004,TP,0.31580221432494004,0.015405173838717812,0.015705420676834423,0.00769873755058317,0.007856638657745038,0.015555376208328208,0.2691362436010596,1.7470510000000108,0 days 03:35:00
5m,DEVELOPMENT,125,CLOSED,BTCUSDT,LONG,2024-04-16 23:15:00+00:00,2024-04-16 23:20:00+00:00,63771.37,63803.255685,2024-04-17 08:45:00+00:00,63165.22312815,63133.640516585925,0.0002456620911686107,15.674041214942648,0.15674041214942647,63165.22312815,65079.3207987,SL,-0.14890730809398378,0.015674041214942647,0.015509542152391826,0.007833104055442087,0.007758650401396338,0.015591754456838424,-0.1956826459181567,-1.2484504999999946,0 days 09:25:00
5m,DEVELOPMENT,126,CLOSED,BTCUSDT,LONG,2024-04-17 21:55:00+00:00,2024-04-17 22:00:00+00:00,61300.93,61331.580465,2024-04-18 11:15:00+00:00,62558.2120743,62526.93296826285,0.00025237494189500587,15.478554056183253,0.15478554056183252,60718.264660349996,62558.2120743,TP,0.3173064904470943,0.015478554056183253,0.015780231074738263,0.007735409323429609,0.007894062568652332,0.015629471892081942,0.2704182334240909,1.7470510000000052,0 days 13:15:00
5m,DEVELOPMENT,127,CLOSED,BTCUSDT,LONG,2024-04-18 16:20:00+00:00,2024-04-18 16:25:00+00:00,63673.02,63704.85650999999,2024-04-18 17:50:00+00:00,63067.80794489999,63036.27404092754,0.00024721352506382107,15.748702141522008,0.15748702141522009,63067.80794489999,64978.953640199994,SL,-0.1496166055523916,0.01574870214152201,0.015583419512546735,0.007870415862828039,0.007795607560053266,0.015666023422881304,-0.19661475062934164,-1.2484504999999964,0 days 01:25:00
5m,DEVELOPMENT,128,CLOSED,BTCUSDT,LONG,2024-04-21 00:15:00+00:00,2024-04-21 00:20:00+00:00,64891.04,64923.485519999995,2024-04-21 16:35:00+00:00,64274.25066479999,64242.113539467595,0.00023954788755810113,15.552283809224965,0.15552283809224965,64274.25066479999,66221.9552304,SL,-0.14775058231552796,0.015552283809224965,0.01538906259064715,0.007772255776722648,0.0076983804855653894,0.015470636262288038,-0.1941625649776881,-1.2484505,0 days 16:15:00
5m,DEVELOPMENT,129,CLOSED,BTCUSDT,LONG,2024-04-21 23:15:00+00:00,2024-04-21 23:20:00+00:00,64967.99,65000.47399499999,2024-04-22 05:55:00+00:00,66300.4834749,66267.33323316256,0.00023628004949664003,15.358315212843662,0.15358315212843662,64350.46925504999,66300.4834749,TP,0.3148416242033224,0.015358315212843662,0.015657648776341987,0.007675319946447437,0.007832740758548647,0.015508060704996083,0.2683175995091407,1.747051000000022,0 days 06:35:00
5m,DEVELOPMENT,130,CLOSED,BTCUSDT,LONG,2024-04-22 19:45:00+00:00,2024-04-22 19:50:00+00:00,66441.13,66474.350565,2024-04-23 12:45:00+00:00,65809.60705935,65776.70225582033,0.00023507359801165805,15.626364762802844,0.15626364762802844,65809.60705935,67803.83757630001,SL,-0.14845436988549834,0.015626364762802845,0.01546236606461723,0.007809277742529213,0.007735050557586888,0.015544328300116102,-0.19508742901303452,-1.248450499999991,0 days 16:55:00
5m,DEVELOPMENT,131,CLOSED,BTCUSDT,LONG,2024-04-23 15:25:00+00:00,2024-04-23 15:30:00+00:00,66740.0,66773.37,2024-04-23 20:15:00+00:00,66105.6363,66072.58348185,0.00023110219278023992,15.431472226326287,0.15431472226326287,66105.6363,68108.83739999999,SL,-0.14660284209018667,0.015431472226326287,0.015269518925310994,0.0077118801730755296,0.007638578752030963,0.015350458925106492,-0.19265429216693047,-1.2484504999999924,0 days 04:45:00
5m,DEVELOPMENT,132,CLOSED,BTCUSDT,LONG,2024-04-24 02:10:00+00:00,2024-04-24 02:15:00+00:00,66710.0,66743.355,2024-04-24 13:00:00+00:00,66075.92145,66042.883489275,0.0002283225108475547,15.239010395989693,0.15239010395989694,66075.92145,68078.2221,SL,-0.14477440661057805,0.015239010395989693,0.015079076981883785,0.007615697349319257,0.007543310146013174,0.01515900749533243,-0.19025150148378395,-1.248450499999991,0 days 10:45:00
5m,DEVELOPMENT,133,CLOSED,BTCUSDT,LONG,2024-04-25 01:20:00+00:00,2024-04-25 01:25:00+00:00,64483.44,64515.68172,2024-04-25 02:00:00+00:00,63870.5249028,63838.589640348604,0.00023326032609031163,15.048948955945956,0.15048948955945957,63870.5249028,65805.9953544,SL,-0.14296877543854677,0.015048948955945957,0.014891010236653304,0.007520714120912095,0.007449229733193124,0.01496994385410522,-0.18787867848525125,-1.2484504999999946,0 days 00:35:00
5m,DEVELOPMENT,134,CLOSED,BTCUSDT,LONG,2024-04-25 18:50:00+00:00,2024-04-25 18:55:00+00:00,64601.22,64633.52061,2024-04-26 01:10:00+00:00,63987.185403899995,63955.19181119805,0.00022993112286303176,14.861257968448205,0.14861257968448205,63987.185403899995,65926.1910222,SL,-0.1411856641580225,0.014861257968448206,0.01470528906606934,0.007426915526460508,0.007356322694381151,0.014783238220841658,-0.18553544941338168,-1.2484505000000015,0 days 06:15:00
5m,DEVELOPMENT,135,CLOSED,BTCUSDT,LONG,2024-04-26 20:55:00+00:00,2024-04-26 21:00:00+00:00,63966.39,63998.37319499999,2024-04-27 00:30:00+00:00,63358.38946304999,63326.71026831847,0.00022931688942181931,14.67590786913414,0.1467590786913414,63358.38946304999,65278.34065889999,SL,-0.13942479190017149,0.01467590786913414,0.014521884216047576,0.007334286791169977,0.007264574395220579,0.014598861186390557,-0.18322144517174374,-1.2484504999999948,0 days 03:30:00
5m,DEVELOPMENT,136,CLOSED,BTCUSDT,LONG,2024-04-27 12:50:00+00:00,2024-04-27 12:55:00+00:00,63090.01,63121.555005,2024-04-29 03:05:00+00:00,62490.33945495,62459.09428522253,0.00022960254165508353,14.492869462369159,0.1449286946236916,62490.33945495,64383.986105100004,SL,-0.13768588129916956,0.014492869462369159,0.014340766797361595,0.007242813324522306,0.007173970383872434,0.01441678370839474,-0.18093630126729504,-1.2484504999999997,1 days 14:10:00
5m,DEVELOPMENT,137,CLOSED,BTCUSDT,LONG,2024-04-29 17:15:00+00:00,2024-04-29 17:20:00+00:00,62947.83,62979.303915,2024-04-30 00:45:00+00:00,64238.8899933,64206.77054830335,0.00022725106546055075,14.312113916647585,0.14312113916647584,62349.51087585,64238.8899933,TP,0.29339475905091594,0.014312113916647586,0.014591057016883048,0.007152480717963681,0.007299178097490198,0.014451658815453879,0.2500399293019314,1.7470510000000044,0 days 07:25:00
5m,DEVELOPMENT,138,CLOSED,BTCUSDT,LONG,2024-05-01 04:50:00+00:00,2024-05-01 04:55:00+00:00,60299.48,60329.62974,2024-05-01 06:25:00+00:00,59726.33344259999,59696.470275878695,0.00024137234255484685,14.561904055810356,0.14561904055810357,59726.33344259999,61536.2223348,SL,-0.1383417271868865,0.014561904055810355,0.014409076872744626,0.007277313371217993,0.007208142507625547,0.01448545587884354,-0.181798163994285,-1.2484505000000021,0 days 01:30:00
5m,DEVELOPMENT,139,CLOSED,BTCUSDT,LONG,2024-05-02 08:00:00+00:00,2024-05-02 08:05:00+00:00,57751.09,57779.96554499999,2024-05-02 12:15:00+00:00,58935.56485589999,58906.09707347204,0.00024888016759310654,14.38028750836352,0.1438028750836352,57202.16588954999,58935.56485589999,TP,0.29479230064621087,0.01438028750836352,0.014660559311901524,0.007186550478941126,0.007333946629265325,0.014520497108206451,0.25123095671773943,1.7470509999999961,0 days 04:10:00
5m,DEVELOPMENT,140,CLOSED,BTCUSDT,LONG,2024-05-02 13:20:00+00:00,2024-05-02 13:25:00+00:00,58731.11,58760.475555,2024-05-03 03:15:00+00:00,59935.6850661,59905.71722356695,0.0002489984525637409,14.631267485104523,0.14631267485104524,58172.87079945,59935.6850661,TP,0.29993732745576546,0.014631267485104524,0.014916430888389209,0.007311977753674596,0.007461946417403159,0.014773924171077753,0.25561570491119395,1.7470510000000035,0 days 13:50:00
5m,DEVELOPMENT,141,CLOSED,BTCUSDT,LONG,2024-05-03 21:55:00+00:00,2024-05-03 22:00:00+00:00,62738.0,62769.369,2024-05-04 10:50:00+00:00,64024.75638,63992.74400181,0.00023716389166937699,14.88662782967115,0.1488662782967115,62141.67531,64024.75638,TP,0.3051721507111994,0.01488662782967115,0.015176768206071441,0.007439594117776397,0.007592180193131463,0.01503177431090786,0.26007698036454896,1.7470510000000055,0 days 12:50:00
5m,DEVELOPMENT,142,CLOSED,BTCUSDT,LONG,2024-05-04 12:55:00+00:00,2024-05-04 13:00:00+00:00,64066.34,64098.37316999999,2024-05-04 13:35:00+00:00,63457.38943829999,63425.66074358085,0.00023629999083910449,15.1464449928725,0.151464449928725,63457.38943829999,65380.340633399996,SL,-0.14389501215117828,0.0151464449928725,0.014987483052672303,0.007569437777546331,0.007497490271470944,0.015066928049017275,-0.18909586824574035,-1.2484504999999912,0 days 00:35:00
5m,DEVELOPMENT,143,CLOSED,BTCUSDT,LONG,2024-05-04 14:45:00+00:00,2024-05-04 14:50:00+00:00,63885.82,63917.76291,2024-05-05 01:15:00+00:00,63278.5852809,63246.945988259555,0.00023401222681477673,14.957538031588042,0.1495753803158804,63278.5852809,65196.118168199995,SL,-0.1421003488158366,0.014957538031588042,0.014800558669946527,0.007475031500043517,0.00740398132563472,0.014879012825678238,-0.18673745834304942,-1.248450499999989,0 days 10:25:00
5m,DEVELOPMENT,144,CLOSED,BTCUSDT,LONG,2024-05-05 07:05:00+00:00,2024-05-05 07:10:00+00:00,63465.99,63497.722995,2024-05-06 08:15:00+00:00,64767.6774549,64735.29361617255,0.00023262231191054742,14.770987124152429,0.1477098712415243,62862.74576504999,64767.6774549,TP,0.3028015451437941,0.014770987124152429,0.01505887366320216,0.0073818026607454885,0.007533203433316466,0.014915006094061954,0.25805667826237755,1.7470510000000088,1 days 01:05:00
5m,DEVELOPMENT,145,CLOSED,BTCUSDT,LONG,2024-05-06 10:00:00+00:00,2024-05-06 10:05:00+00:00,65181.1,65213.69054999999,2024-05-06 10:35:00+00:00,64561.55364449999,64529.27286767774,0.00023045446250297247,15.028786003535423,0.15028786003535424,64561.55364449999,66517.96436099999,SL,-0.14277722235243023,0.015028786003535423,0.014871058894428319,0.007510637682924758,0.007439249071749644,0.014949886754674402,-0.18762695400506837,-1.2484505000000024,0 days 00:30:00
5m,DEVELOPMENT,146,CLOSED,BTCUSDT,LONG,2024-05-07 07:10:00+00:00,2024-05-07 07:15:00+00:00,63659.99,63691.819995,2024-05-07 14:30:00+00:00,63054.90179505,63023.37434415248,0.0002330180938495703,14.841346489044847,0.14841346489044846,63054.90179505,64965.6563949,SL,-0.14099650012830703,0.014841346489044848,0.014685586557642323,0.0074169647621413655,0.007346466512076008,0.014763431274217373,-0.18528686444921158,-1.2484504999999917,0 days 07:15:00
5m,DEVELOPMENT,147,CLOSED,BTCUSDT,LONG,2024-05-08 17:50:00+00:00,2024-05-08 17:55:00+00:00,62534.35,62565.61717499999,2024-05-08 20:15:00+00:00,61939.96100324999,61908.99102274837,0.00023425397827314448,14.656244726358324,0.14656244726358325,61939.96100324999,63816.929518499994,SL,-0.13923798713047233,0.014656244726358325,0.014502427437955193,0.007324460133111103,0.0072548411395463724,0.014579301272657476,-0.1829759605674433,-1.2484504999999944,0 days 02:20:00
5m,DEVELOPMENT,148,CLOSED,BTCUSDT,LONG,2024-05-09 18:45:00+00:00,2024-05-09 18:50:00+00:00,62178.0,62209.089,2024-05-10 12:00:00+00:00,63453.27078,63421.54414461,0.00023265814998445452,14.47345155895828,0.1447345155895828,61586.99811,63453.27078,TP,0.29670214040403203,0.014473451558958279,0.014755539129842378,0.0072331092248666936,0.007381460295068184,0.014614569519934877,0.2528585801952965,1.747051000000002,0 days 17:10:00
5m,DEVELOPMENT,149,CLOSED,BTCUSDT,LONG,2024-05-11 13:35:00+00:00,2024-05-11 13:40:00+00:00,60845.99,60876.41299499999,2024-05-13 07:50:00+00:00,62093.94125489999,62062.894284272545,0.00024190087438937744,14.726057533179358,0.14726057533179357,60267.64886504999,62093.94125489999,TP,0.3018804997556289,0.014726057533179357,0.015013068394501025,0.007359349092042094,0.007510289341920327,0.01486963843396242,0.2572717353939861,1.7470510000000057,1 days 18:10:00
5m,DEVELOPMENT,150,CLOSED,BTCUSDT,LONG,2024-05-13 11:45:00+00:00,2024-05-13 11:50:00+00:00,62714.68,62746.037339999995,2024-05-14 06:10:00+00:00,62118.5769666,62087.5176781167,0.00023878913934698962,14.983072253852672,0.14983072253852672,62118.5769666,64000.9580868,SL,-0.1423429303077164,0.014983072253852673,0.01482582491054849,0.007487792230809742,0.007416620765655867,0.01490441299646561,-0.18705624046858316,-1.248450499999988,0 days 18:20:00
5m,DEVELOPMENT,151,CLOSED,BTCUSDT,LONG,2024-05-15 06:00:00+00:00,2024-05-15 06:05:00+00:00,61936.38,61967.34819,2024-05-15 12:30:00+00:00,63206.6951538,63175.0918062231,0.00023877418212875744,14.796202882755187,0.14796202882755188,61347.6747081,63206.6951538,TP,0.3033184618943622,0.014796202882755188,0.015084580876940087,0.007394404239257868,0.007546063470205141,0.014940467709463008,0.2584972104252039,1.7470510000000037,0 days 06:25:00
5m,DEVELOPMENT,152,CLOSED,BTCUSDT,LONG,2024-05-15 20:20:00+00:00,2024-05-15 20:25:00+00:00,65878.53,65911.46926499999,2024-05-16 16:30:00+00:00,65252.35457234999,65219.72839506382,0.00022840397918732304,15.05444185420894,0.15054441854208941,65252.35457234999,67229.6986503,SL,-0.14302095934458528,0.015054441854208941,0.014896445486949019,0.007523459197504259,0.007451948717832049,0.014975407915336308,-0.18794725460107953,-1.2484504999999915,0 days 20:05:00
5m,DEVELOPMENT,153,CLOSED,BTCUSDT,LONG,2024-05-17 02:00:00+00:00,2024-05-17 02:05:00+00:00,65367.99,65400.673995,2024-05-17 14:55:00+00:00,66708.6874749,66675.33313116255,0.00022731695945885135,14.866682359102969,0.1486668235910297,64746.66725504999,66708.6874749,TP,0.3047632735484277,0.014866682359102969,0.015156433998281886,0.007429626366368167,0.007582008003141711,0.015011634369509877,0.25972852282153297,1.7470510000000063,0 days 12:50:00
5m,DEVELOPMENT,154,CLOSED,BTCUSDT,LONG,2024-05-17 21:30:00+00:00,2024-05-17 21:35:00+00:00,66863.16,66896.59158,2024-05-19 19:10:00+00:00,66227.6256642,66194.51185136789,0.00022611243795256356,15.126151412870733,0.15126151412870734,66227.6256642,68234.52341159999,SL,-0.14370221807030345,0.015126151412870733,0.014967402453792656,0.007559296058403786,0.007487444949371823,0.015046741007775609,-0.18884251294474247,-1.2484505000000048,1 days 21:35:00
5m,DEVELOPMENT,155,CLOSED,BTCUSDT,LONG,2024-05-20 04:00:00+00:00,2024-05-20 04:05:00+00:00,66739.99,66773.359995,2024-05-20 16:40:00+00:00,68108.8271949,68074.77278130256,0.0002237044467270121,14.93749755378508,0.1493749755378508,66105.62639505,68108.8271949,TP,0.3062149673444596,0.014937497553785081,0.01522862938110835,0.007465016268758368,0.007618123752430105,0.015083140021188473,0.26096570038837763,1.7470509999999988,0 days 12:35:00
5m,DEVELOPMENT,156,CLOSED,BTCUSDT,LONG,2024-05-20 20:30:00+00:00,2024-05-20 20:35:00+00:00,69643.79,69678.611895,2024-05-20 21:15:00+00:00,68981.82577605,68947.33486316197,0.00021811861826525076,15.198202549178065,0.15198202549178066,68981.82577605,71072.1841329,SL,-0.144386721869002,0.015198202549178065,0.015038697413424442,0.007595303622777851,0.007523110261843027,0.015118413884620877,-0.1897420357162254,-1.248450499999994,0 days 00:40:00
5m,DEVELOPMENT,157,CLOSED,BTCUSDT,LONG,2024-05-22 00:20:00+00:00,2024-05-22 00:25:00+00:00,70223.88,70258.99194,2024-05-22 04:35:00+00:00,69556.40202060001,69521.62381958972,0.00021361892124444667,15.008650065945075,0.15008650065945076,69556.40202060001,71664.17177880001,SL,-0.14258592591384917,0.015008650065945074,0.014851134283502983,0.007500574745600272,0.007429281782642057,0.01492985652824233,-0.18737556679153955,-1.2484504999999861,0 days 04:10:00
5m,DEVELOPMENT,158,CLOSED,BTCUSDT,LONG,2024-05-22 10:05:00+00:00,2024-05-22 10:10:00+00:00,70030.3,70065.31515,2024-05-22 18:20:00+00:00,69364.6619985,69329.97966750075,0.00021153778664666367,14.82146168753195,0.1482146168753195,69364.6619985,71466.621453,SL,-0.14080758954521927,0.01482146168753195,0.014665910447121304,0.007407027330099231,0.007336623535327664,0.014743650865426894,-0.18503861254529944,-1.248450499999989,0 days 08:10:00
5m,DEVELOPMENT,159,CLOSED,BTCUSDT,LONG,2024-05-23 04:25:00+00:00,2024-05-23 04:30:00+00:00,69511.0,69545.7555,2024-05-23 13:35:00+00:00,68850.297945,68815.8727960275,0.0002104601182849389,14.636607928745441,0.1463660792874544,68850.297945,70936.67061,SL,-0.13905143264640255,0.014636607928745441,0.014482996728533258,0.0073146466410520476,0.0072451209247288454,0.014559767565780892,-0.18273080486946214,-1.2484505000000004,0 days 09:05:00
5m,DEVELOPMENT,160,CLOSED,BTCUSDT,LONG,2024-05-23 23:30:00+00:00,2024-05-23 23:35:00+00:00,67740.03,67773.90001499999,2024-05-24 05:40:00+00:00,67096.16101484999,67062.61293434257,0.00021326881983969585,14.454059672132594,0.14454059672132594,67096.16101484999,69129.3780153,SL,-0.13731717859432516,0.014454059672132594,0.014302364315873563,0.0072234181270013345,0.007154759537704246,0.014378177664705581,-0.1804517802470369,-1.2484504999999944,0 days 06:05:00
5m,DEVELOPMENT,161,CLOSED,BTCUSDT,LONG,2024-05-24 12:05:00+00:00,2024-05-24 12:10:00+00:00,67449.1,67482.82455,2024-05-24 17:55:00+00:00,68832.481041,68798.06480047951,0.000211517349171098,14.273788163394295,0.14273788163394296,66807.9963045,68832.481041,TP,0.29260909068587415,0.014273788163394295,0.01455198429469885,0.007133327417987941,0.007279631963330843,0.014412959381318785,0.24937035884646225,1.747051000000004,0 days 05:45:00
5m,DEVELOPMENT,162,CLOSED,BTCUSDT,LONG,2024-05-24 20:45:00+00:00,2024-05-24 20:50:00+00:00,68999.28,69033.77964,2024-05-26 21:30:00+00:00,68343.4418436,68309.27012267821,0.00021037395716615512,14.52290940100315,0.1452290940100315,68343.4418436,70414.4552328,SL,-0.13797126822242395,0.01452290940100315,0.014370491466839625,0.007257825787606624,0.007188840153494357,0.014446665941100981,-0.18131133503136773,-1.2484504999999786,2 days 00:40:00
5m,DEVELOPMENT,163,CLOSED,BTCUSDT,LONG,2024-05-28 21:15:00+00:00,2024-05-28 21:20:00+00:00,68450.0,68484.22499999999,2024-05-29 08:05:00+00:00,67799.38274999999,67765.48305862499,0.00020941726647525925,14.34177919617661,0.1434177919617661,67799.38274999999,69853.9095,SL,-0.13625048601665252,0.01434177919617661,0.014191262223512736,0.007167305945113919,0.0070991807021077505,0.01426648664722167,-0.17905001408356352,-1.2484505000000046,0 days 10:45:00
5m,DEVELOPMENT,164,CLOSED,BTCUSDT,LONG,2024-05-29 23:15:00+00:00,2024-05-29 23:20:00+00:00,67710.4,67744.25519999999,2024-05-30 17:20:00+00:00,69099.14030399999,69064.59073384799,0.00020906434075366423,14.162908053235988,0.14162908053235987,67066.81264799998,69099.14030399999,TP,0.2903360761338015,0.014162908053235989,0.014438943131193557,0.007077915069081545,0.007223083107149856,0.0143009981762314,0.24743322677314059,1.7470510000000052,0 days 18:00:00
5m,DEVELOPMENT,165,CLOSED,BTCUSDT,LONG,2024-05-31 02:55:00+00:00,2024-05-31 03:00:00+00:00,68539.99,68574.259995,2024-05-31 09:25:00+00:00,67888.51739505,67854.57313635248,0.0002101385285822857,14.410094093968398,0.14410094093968398,67888.51739505,69945.7451949,SL,-0.13689949461586218,0.014410094093968399,0.014258860156452204,0.00720144632382126,0.0071329965765133336,0.014334442900334594,-0.17990289176661736,-1.248450499999989,0 days 06:25:00
5m,DEVELOPMENT,166,CLOSED,BTCUSDT,LONG,2024-05-31 22:15:00+00:00,2024-05-31 22:20:00+00:00,67657.59,67691.41879499999,2024-06-03 06:25:00+00:00,69045.2471709,69010.72454731454,0.00021022414921552073,14.230370925370382,0.1423037092537038,67014.50460705,69045.2471709,TP,0.29171904815526856,0.014230370925370382,0.014507720854705853,0.007111629647859998,0.007257489171938847,0.014369118819798844,0.24861183755539346,1.7470510000000068,2 days 08:05:00
5m,DEVELOPMENT,167,CLOSED,BTCUSDT,LONG,2024-06-03 11:10:00+00:00,2024-06-03 11:15:00+00:00,69071.93,69106.465965,2024-06-04 16:00:00+00:00,70488.5952843,70453.35098665785,0.0002095134543095384,14.478734399451698,0.14478734399451698,68415.40130535,70488.5952843,TP,0.2968104373140983,0.014478734399451697,0.014760924932897013,0.0072357493250638965,0.007384154543719187,0.014619903868783084,0.2529508741129665,1.7470510000000112,1 days 04:45:00
5m,DEVELOPMENT,168,CLOSED,BTCUSDT,LONG,2024-06-04 17:50:00+00:00,2024-06-04 17:55:00+00:00,70625.34,70660.65267,2024-06-07 17:55:00+00:00,69954.0461433,69919.06912022835,0.0002084814110646217,14.731432575388729,0.14731432575388728,69954.0461433,72073.8657234,SL,-0.13995229048382685,0.014731432575388729,0.014576826190510024,0.007362035270059198,0.007292059124818066,0.014654094394877264,-0.18391464364460286,-1.248450499999996,3 days 00:00:00
5m,DEVELOPMENT,169,CLOSED,BTCUSDT,LONG,2024-06-08 09:10:00+00:00,2024-06-08 09:15:00+00:00,69453.25,69487.976625,2024-06-11 01:55:00+00:00,68793.09685875,68758.70031032062,0.00020935566653732394,14.54770166265686,0.1454770166265686,68793.09685875,70877.7361575,SL,-0.13820680090310283,0.01454770166265686,0.014395023533707276,0.007270215723465795,0.007201112323014742,0.014471328046480537,-0.18162085414594753,-1.2484504999999977,2 days 16:40:00
5m,DEVELOPMENT,170,CLOSED,BTCUSDT,LONG,2024-06-11 22:50:00+00:00,2024-06-11 22:55:00+00:00,67375.68,67409.36783999999,2024-06-12 12:30:00+00:00,68757.55519679999,68723.1764192016,0.00021311967028121067,14.366262247925643,0.14366262247925643,66735.27416159998,68757.55519679999,TP,0.29450478631179905,0.014366262247925643,0.014646260699137716,0.0071795413532859,0.007326793746440942,0.014506335099726842,0.2509859282650088,1.7470510000000097,0 days 13:35:00
5m,DEVELOPMENT,171,CLOSED,BTCUSDT,LONG,2024-06-12 15:55:00+00:00,2024-06-12 16:00:00+00:00,69734.0,69768.867,2024-06-12 18:00:00+00:00,69071.17833,69036.642740835,0.0002095060170748879,14.616997440997583,0.14616997440997584,69071.17833,71164.24434,SL,-0.13886512811262672,0.014616997440997584,0.014463592052854314,0.007304846297349775,0.007235413733292977,0.014540260030642752,-0.18248597763712138,-1.2484504999999988,0 days 02:00:00
5m,DEVELOPMENT,172,CLOSED,BTCUSDT,LONG,2024-06-13 12:00:00+00:00,2024-06-13 12:05:00+00:00,67784.97,67818.86248499999,2024-06-13 15:15:00+00:00,67140.67386015,67107.10352321992,0.00021284187375196771,14.434693767034428,0.1443469376703443,67140.67386015,69175.2397347,SL,-0.13713319765683482,0.01443469376703443,0.014283201655949401,0.007213740013508202,0.007145173414682134,0.014358913428190335,-0.180210006508009,-1.248450499999992,0 days 03:10:00
5m,DEVELOPMENT,173,CLOSED,BTCUSDT,LONG,2024-06-14 04:25:00+00:00,2024-06-14 04:30:00+00:00,66833.33,66866.746665,2024-06-14 16:05:00+00:00,66198.07919835,66164.98015875083,0.00021318016056498613,14.254663790502951,0.1425466379050295,66198.07919835,68204.0815983,SL,-0.13542286789478464,0.014254663790502952,0.014105061094021622,0.007123770010245715,0.007056058576297567,0.014179828586543281,-0.17796242136585247,-1.2484504999999961,0 days 11:35:00
5m,DEVELOPMENT,174,CLOSED,BTCUSDT,LONG,2024-06-15 15:55:00+00:00,2024-06-15 16:00:00+00:00,66316.02,66349.17801,2024-06-17 09:55:00+00:00,65685.6862299,65652.84338678505,0.00021216358025795274,14.07687915377383,0.1407687915377383,65685.6862299,67676.1615702,SL,-0.1337338694219089,0.01407687915377383,0.013929142307054972,0.007034922115828828,0.006968055181118341,0.014002977296947168,-0.17574286817968487,-1.2484504999999981,1 days 17:55:00
5m,DEVELOPMENT,175,CLOSED,BTCUSDT,LONG,2024-06-17 19:20:00+00:00,2024-06-17 19:25:00+00:00,66861.5,66894.93075,2024-06-17 20:05:00+00:00,66225.9814425,66192.86845177875,0.0002078081507378648,13.901311852895027,0.13901311852895026,66225.9814425,68232.829365,SL,-0.13206593619367182,0.013901311852895027,0.013755417584998894,0.006947182335279777,0.00688114936718206,0.013828331702461838,-0.1735509973340276,-1.2484505000000028,0 days 00:40:00
5m,DEVELOPMENT,176,CLOSED,BTCUSDT,LONG,2024-06-17 22:45:00+00:00,2024-06-17 22:50:00+00:00,66634.95,66668.267475,2024-06-18 00:45:00+00:00,66001.58480025,65968.58400784987,0.00020591406906334512,13.727934233180715,0.13727934233180716,66001.58480025,68001.6328245,SL,-0.13041880548364052,0.013727934233180715,0.013583859563403484,0.006860536848166989,0.006795327445424587,0.013655864293591577,-0.17138646357381632,-1.2484505000000037,0 days 01:55:00
5m,DEVELOPMENT,177,CLOSED,BTCUSDT,LONG,2024-06-18 06:05:00+00:00,2024-06-18 06:10:00+00:00,65689.99,65722.834995,2024-06-18 12:25:00+00:00,65065.60664505,65033.07384172748,0.0002062710621945414,13.556718984855227,0.13556718984855226,65065.60664505,67037.29169489999,SL,-0.1287922178421289,0.013556718984855227,0.013414441219109173,0.006774972006422792,0.006710575897502976,0.013485547903925768,-0.16924892595001906,-1.248450499999993,0 days 06:15:00
5m,DEVELOPMENT,178,CLOSED,BTCUSDT,LONG,2024-06-19 00:50:00+00:00,2024-06-19 00:55:00+00:00,65164.01,65196.592005,2024-06-21 03:55:00+00:00,64544.626084949996,64512.353771907525,0.00020534262186165498,13.387639138751313,0.13387639138751314,64544.626084949996,66500.5238451,SL,-0.12718591705530485,0.013387639138751312,0.013247135865990118,0.006690474332208848,0.006626881373681093,0.013317355705889941,-0.16713804776593622,-1.2484504999999981,2 days 03:00:00
5m,DEVELOPMENT,179,CLOSED,BTCUSDT,LONG,2024-06-21 22:00:00+00:00,2024-06-21 22:05:00+00:00,64129.99,64162.05499499999,2024-06-23 23:30:00+00:00,63520.43444504999,63488.67422782747,0.00020605119432493747,13.220668062062067,0.1322066806206207,63520.43444504999,65445.29609489999,SL,-0.12559965010484878,0.013220668062062067,0.013081917150750726,0.00660703051577178,0.006544230690720385,0.013151261206492165,-0.16505349652415371,-1.2484504999999964,2 days 01:25:00
5m,DEVELOPMENT,180,CLOSED,BTCUSDT,LONG,2024-06-25 01:40:00+00:00,2024-06-25 01:45:00+00:00,60382.0,60412.191,2024-06-25 14:20:00+00:00,61620.43482,61589.62460259,0.00021611166948316493,13.055779454145831,0.13055779454145833,59808.06909,61620.43482,TP,0.26764021649628333,0.013055779454145832,0.013310236595707134,0.006524627413365993,0.006658447521614068,0.013183074934980062,0.22809112551145033,1.747051000000008,0 days 12:35:00
5m,DEVELOPMENT,181,CLOSED,BTCUSDT,LONG,2024-06-25 19:50:00+00:00,2024-06-25 19:55:00+00:00,62028.01,62059.024005,2024-06-26 08:15:00+00:00,61438.43376495,61407.71454806753,0.0002140485276617433,13.283642716395033,0.13283642716395033,61438.43376495,63300.2044851,SL,-0.12619792505680658,0.013283642716395034,0.01314423088608647,0.00663850210714336,0.00657540314461436,0.01321390525175772,-0.16583970391104577,-1.248450499999988,0 days 12:20:00
5m,DEVELOPMENT,182,CLOSED,BTCUSDT,LONG,2024-06-26 14:45:00+00:00,2024-06-26 14:50:00+00:00,61824.0,61854.912,2024-06-26 15:10:00+00:00,61236.36287999999,61205.744698559996,0.00021207642630732173,13.11796868651387,0.1311796868651387,61236.36287999999,63092.010239999996,SL,-0.12462398037512819,0.013117968686513869,0.012980295605148908,0.006555706490011214,0.006493394499823727,0.01304910098983494,-0.16377134565662593,-1.2484505000000006,0 days 00:20:00
5m,DEVELOPMENT,183,CLOSED,BTCUSDT,LONG,2024-06-27 02:35:00+00:00,2024-06-27 02:40:00+00:00,61086.01,61116.553005,2024-06-27 14:10:00+00:00,62338.8840651,62307.714623067455,0.0002119615768830313,12.954360948595165,0.12954360948595164,60505.38747495,62338.8840651,TP,0.265561162474449,0.012954360948595164,0.013206841443483287,0.0064739435025462115,0.006606724083782238,0.013080667586328448,0.22631929249604207,1.747051000000006,0 days 11:30:00
5m,DEVELOPMENT,184,CLOSED,BTCUSDT,LONG,2024-06-27 16:40:00+00:00,2024-06-27 16:45:00+00:00,61790.0,61820.895,2024-06-28 14:15:00+00:00,61202.68605,61172.084706975,0.00021320387140774837,13.180454147891913,0.13180454147891912,61202.68605,63057.3129,SL,-0.12521760787177746,0.013180454147891913,0.01304212528160979,0.006586933607141703,0.0065243248032054325,0.013111258410347135,-0.1645514457116263,-1.2484504999999924,0 days 21:30:00
5m,DEVELOPMENT,185,CLOSED,BTCUSDT,LONG,2024-06-29 08:55:00+00:00,2024-06-29 09:00:00+00:00,60982.03,61012.521015,2024-06-30 20:20:00+00:00,62232.7714353,62201.655049582354,0.000213334359451217,13.016067089238941,0.13016067089238942,60402.39580485,62232.7714353,TP,0.26682612293882096,0.013016067089238942,0.013269750236808209,0.006504781154042365,0.006638194215510458,0.013142975369552824,0.22739733024322098,1.7470510000000088,1 days 11:20:00
5m,DEVELOPMENT,186,CLOSED,BTCUSDT,LONG,2024-07-01 00:30:00+00:00,2024-07-01 00:35:00+00:00,62745.99,62777.362994999996,2024-07-02 14:35:00+00:00,62149.58936504999,62118.51457036747,0.00021095561548797228,13.243237249322078,0.1324323724932208,62149.58936504999,64032.910254899994,SL,-0.12581406302329579,0.013243237249322078,0.013104249474390445,0.006618309469925634,0.006555402438413652,0.013173711908339287,-0.16533526165534762,-1.248450499999999,1 days 14:00:00
5m,DEVELOPMENT,187,CLOSED,BTCUSDT,LONG,2024-07-02 23:40:00+00:00,2024-07-02 23:45:00+00:00,62140.0,62171.07,2024-07-03 01:55:00+00:00,61549.3593,61518.58462035,0.00021035615371841433,13.078067157758298,0.13078067157758297,61549.3593,63414.4914,SL,-0.1242449058815526,0.013078067157758298,0.012940812842937624,0.006535765696031072,0.006473643243090273,0.013009408939121345,-0.16327319482136987,-1.2484505000000048,0 days 02:10:00
5m,DEVELOPMENT,188,CLOSED,BTCUSDT,LONG,2024-07-03 18:25:00+00:00,2024-07-03 18:30:00+00:00,60397.98,60428.17899,2024-07-03 19:20:00+00:00,59823.8972001,59793.98525149995,0.0002137240818585466,12.914957073021666,0.12914957073021666,59823.8972001,61636.7425698,SL,-0.12269531931941187,0.012914957073021666,0.012779414598540303,0.006454251410804818,0.006392903751145526,0.012847155161950344,-0.16123684615292422,-1.248450499999999,0 days 00:50:00
5m,DEVELOPMENT,189,CLOSED,BTCUSDT,LONG,2024-07-04 19:00:00+00:00,2024-07-04 19:05:00+00:00,58238.0,58267.119,2024-07-04 23:30:00+00:00,57684.44781,57655.605586095,0.00021888642379313666,12.753881302639124,0.12753881302639125,57684.44781,59432.46138,SL,-0.12116505925195938,0.012753881302639124,0.012620029318367929,0.006373753774432079,0.006313171244805888,0.012686925019237967,-0.1592258948922044,-1.248450499999998,0 days 04:25:00
5m,DEVELOPMENT,190,CLOSED,BTCUSDT,LONG,2024-07-05 13:25:00+00:00,2024-07-05 13:30:00+00:00,55524.0,55551.761999999995,2024-07-05 15:30:00+00:00,56662.79723999999,56634.46584138,0.00022672214203709663,12.594814474574987,0.12594814474574986,54996.24438,56662.79723999999,TP,0.25819054959873194,0.012594814474574986,0.012840287408684453,0.006294260107232781,0.006423355382031816,0.012717615489264597,0.2200378322262079,1.7470510000000068,0 days 02:00:00
5m,DEVELOPMENT,191,CLOSED,BTCUSDT,LONG,2024-07-05 19:20:00+00:00,2024-07-05 19:25:00+00:00,56581.09,56609.38054499999,2024-07-06 05:00:00+00:00,56043.28673954999,56015.26509618022,0.00022636941731945577,12.814632488786984,0.12814632488786984,56043.28673954999,57741.56815589999,SL,-0.12174221070057092,0.012814632488786984,0.012680142920817166,0.0064041141872989826,0.006343243081948761,0.012747357269247743,-0.15998434337942283,-1.2484504999999944,0 days 09:35:00
5m,DEVELOPMENT,192,CLOSED,BTCUSDT,LONG,2024-07-06 09:50:00+00:00,2024-07-06 09:55:00+00:00,56680.0,56708.34,2024-07-06 16:25:00+00:00,57842.506799999996,57813.5855466,0.00022315602907661242,12.654807969926422,0.1265480796992642,56141.25659999999,57842.506799999996,TP,0.25942040126255866,0.012654807969926423,0.01290145017726029,0.006324241864030416,0.006453952064661628,0.012778193928692044,0.2210859491866799,1.7470510000000052,0 days 06:30:00
5m,DEVELOPMENT,193,CLOSED,BTCUSDT,LONG,2024-07-06 19:30:00+00:00,2024-07-06 19:35:00+00:00,57862.01,57890.941005,2024-07-07 07:20:00+00:00,57312.03159495,57283.375579152525,0.00022241257147499014,12.875673054029,0.12875673054029002,57312.03159495,59048.7598251,SL,-0.12232211132288466,0.012875673054029,0.012740542865326965,0.006434619217405475,0.006373458161744253,0.012808077379149727,-0.16074640462139037,-1.2484505000000001,0 days 11:45:00
5m,DEVELOPMENT,194,CLOSED,BTCUSDT,LONG,2024-07-07 18:50:00+00:00,2024-07-07 18:55:00+00:00,57241.76,57270.38088,2024-07-07 21:15:00+00:00,56697.6770712,56669.328232664404,0.00022201855548802164,12.715087235226413,0.12715087235226413,56697.6770712,58415.7884976,SL,-0.12079650591786863,0.012715087235226413,0.012581642394692713,0.006354366434394886,0.006293968181436156,0.012648334615831041,-0.15874157016361878,-1.248450499999988,0 days 02:20:00
5m,DEVELOPMENT,195,CLOSED,BTCUSDT,LONG,2024-07-08 07:20:00+00:00,2024-07-08 07:25:00+00:00,55717.88,55745.738939999996,2024-07-08 08:30:00+00:00,56860.65371879999,56832.2233919406,0.00022524599165444254,12.556504248049972,0.1255650424804997,55188.2815506,56860.65371879999,TP,0.25740519952774005,0.012556504248049973,0.012801230515844466,0.006275114566741223,0.006403817166504128,0.01267893173324535,0.21936853303060028,1.7470510000000061,0 days 01:05:00
5m,DEVELOPMENT,196,CLOSED,BTCUSDT,LONG,2024-07-08 09:50:00+00:00,2024-07-08 09:55:00+00:00,57561.08,57589.86054,2024-07-08 10:50:00+00:00,57013.9619346,56985.4549536327,0.00022183859297286165,12.775653631696926,0.12775653631696926,57013.9619346,58741.657750800005,SL,-0.1213719018183697,0.012775653631696927,0.012641573146832268,0.0063846344985991075,0.0063239485476900845,0.012708583046289192,-0.15949771164318804,-1.248450499999997,0 days 00:55:00
5m,DEVELOPMENT,197,CLOSED,BTCUSDT,LONG,2024-07-08 12:45:00+00:00,2024-07-08 12:50:00+00:00,57265.05,57293.682525,2024-07-08 14:25:00+00:00,56720.74569975,56692.38532690013,0.00022020430006260995,12.616315258427012,0.1261631525842701,56720.74569975,58439.556175499994,SL,-0.11985814745762112,0.012616315258427012,0.01248390702978982,0.006305005126648776,0.006245076052920503,0.012550081179569279,-0.15750845092540725,-1.2484504999999917,0 days 01:35:00
5m,DEVELOPMENT,198,CLOSED,BTCUSDT,LONG,2024-07-08 19:20:00+00:00,2024-07-08 19:25:00+00:00,56350.0,56378.174999999996,2024-07-09 06:20:00+00:00,57505.7385,57476.98563075,0.00022098913557598189,12.458964158601432,0.12458964158601432,55814.393249999994,57505.7385,TP,0.2554056520668818,0.012458964158601432,0.012701789370052575,0.0062263688948523245,0.006354071720886329,0.012580440615738653,0.21766445792248917,1.7470510000000101,0 days 10:55:00
5m,DEVELOPMENT,199,CLOSED,BTCUSDT,LONG,2024-07-09 09:40:00+00:00,2024-07-09 09:45:00+00:00,57674.04,57702.87702,2024-07-09 13:40:00+00:00,57125.8482498,57097.285325675104,0.00021968421375452956,12.676411169513012,0.1267641116951301,57125.8482498,58856.934560400005,SL,-0.1204290736294064,0.012676411169513012,0.012543372234288974,0.0063350380657234305,0.006274823528908306,0.012609861594631736,-0.15825871862784013,-1.248450499999993,0 days 03:55:00
5m,DEVELOPMENT,200,CLOSED,BTCUSDT,LONG,2024-07-09 19:10:00+00:00,2024-07-09 19:15:00+00:00,57848.0,57876.924,2024-07-10 04:25:00+00:00,59034.46248,59004.94524876001,0.0002162919119803807,12.518310551503182,0.1251831055150318,57298.15476,59034.46248,TP,0.2566222382921846,0.012518310551503183,0.012762292424151982,0.00625602726212033,0.0063843383812656395,0.01264036564338597,0.2187012696731435,1.7470510000000132,0 days 09:10:00
5m,DEVELOPMENT,201,CLOSED,BTCUSDT,LONG,2024-07-10 07:15:00+00:00,2024-07-10 07:20:00+00:00,59168.0,59197.583999999995,2024-07-10 08:40:00+00:00,58605.608159999996,58576.30535592,0.00021515731686599644,12.73679333838944,0.1273679333838944,58605.608159999996,60381.53567999999,SL,-0.12100271932173161,0.01273679333838944,0.012603120692303044,0.006365214062162624,0.006304712702502379,0.012669926764665003,-0.1590125601170891,-1.2484504999999957,0 days 01:20:00
5m,DEVELOPMENT,202,CLOSED,BTCUSDT,LONG,2024-07-10 23:15:00+00:00,2024-07-10 23:20:00+00:00,57699.82,57728.66991,2024-07-11 03:20:00+00:00,57151.3832109,57122.807519294554,0.00021788029503517042,12.577939631978763,0.12577939631978763,57151.3832109,58883.2433082,SL,-0.11949356941724958,0.012577939631978764,0.01244593415554115,0.006285826902537499,0.006226080117828436,0.012511907020365936,-0.15702935022513542,-1.2484504999999873,0 days 04:00:00
5m,DEVELOPMENT,203,CLOSED,BTCUSDT,LONG,2024-07-11 09:50:00+00:00,2024-07-11 09:55:00+00:00,58232.18,58261.296089999996,2024-07-11 12:30:00+00:00,59426.5220118,59396.8087507941,0.00021319586050821374,12.421067154231377,0.12421067154231377,57678.6831291,59426.5220118,TP,0.2546287729468121,0.012421067154231377,0.012663153753067348,0.0062074298621837215,0.006334744248657566,0.012542174110841287,0.21700237792867202,1.7470510000000097,0 days 02:35:00
5m,DEVELOPMENT,204,CLOSED,BTCUSDT,LONG,2024-07-12 15:00:00+00:00,2024-07-12 15:05:00+00:00,57921.99,57950.95099499999,2024-07-12 20:15:00+00:00,57371.44148504999,57342.75576430747,0.0002180784358078629,12.637852746567715,0.12637852746567715,57371.44148504999,59109.97001489999,SL,-0.12006275897663982,0.012637852746567715,0.012505218481992488,0.00631576848903803,0.006255737109549943,0.012571505598587973,-0.157777335803788,-1.248450499999997,0 days 05:10:00
5m,DEVELOPMENT,205,CLOSED,BTCUSDT,LONG,2024-07-13 00:55:00+00:00,2024-07-13 01:00:00+00:00,57835.57,57864.487785,2024-07-13 22:50:00+00:00,59021.7775407,58992.266651929654,0.00021568035090626384,12.480233030480017,0.12480233030480017,57285.84290715,59021.7775407,TP,0.25584165862583247,0.012480233030480016,0.012723472772244074,0.006236998016231423,0.006364918845544023,0.012601916861775446,0.21803603596133297,1.7470510000000121,0 days 21:50:00
5m,DEVELOPMENT,206,CLOSED,BTCUSDT,LONG,2024-07-14 01:25:00+00:00,2024-07-14 01:30:00+00:00,59564.0,59593.782,2024-07-14 21:20:00+00:00,60785.65764,60755.26481118,0.0002130767812021665,12.698051248223608,0.12698051248223607,58997.84418,60785.65764,TP,0.2603068776622346,0.012698051248223608,0.012945536267051486,0.0063458526977627615,0.006476006136593357,0.012821858834356117,0.22184143131260337,1.7470510000000028,0 days 19:50:00
5m,DEVELOPMENT,207,CLOSED,BTCUSDT,LONG,2024-07-15 07:10:00+00:00,2024-07-15 07:15:00+00:00,62909.86,62941.31493,2024-07-15 11:25:00+00:00,62311.9017807,62280.74582980965,0.00020526535033615494,12.91967105972471,0.1291967105972471,62311.9017807,64200.141228600005,SL,-0.12274010337099835,0.01291967105972471,0.012784079111952899,0.006456607226249205,0.00639523717456264,0.012851844400811845,-0.1612956979434878,-1.248450499999995,0 days 04:10:00
5m,DEVELOPMENT,208,CLOSED,BTCUSDT,LONG,2024-07-15 16:10:00+00:00,2024-07-15 16:15:00+00:00,63025.99,63057.502994999995,2024-07-15 22:10:00+00:00,64318.653054899994,64286.493728372545,0.0002023317748144303,12.758536496344602,0.12758536496344602,62426.927965049996,64318.653054899994,TP,0.2615468101349596,0.012758536496344602,0.013007200372658359,0.006376080208067725,0.0065068536131356654,0.01288293382120339,0.22289813944475328,1.7470509999999995,0 days 05:55:00
5m,DEVELOPMENT,209,CLOSED,BTCUSDT,LONG,2024-07-16 03:45:00+00:00,2024-07-16 03:50:00+00:00,64764.0,64796.382,2024-07-16 05:20:00+00:00,64148.41818,64116.343970910006,0.00020033853063471007,12.981211960325377,0.12981211960325376,64148.41818,66092.30963999999,SL,-0.12332475730424047,0.012981211960325378,0.012844974140801763,0.006487362299012738,0.006425699920360027,0.012913062219372766,-0.16206400562474038,-1.248450499999988,0 days 01:30:00
5m,DEVELOPMENT,210,CLOSED,BTCUSDT,LONG,2024-07-16 13:30:00+00:00,2024-07-16 13:35:00+00:00,63958.01,63989.989004999996,2024-07-16 14:00:00+00:00,63350.089114949995,63318.41407039252,0.0002003330529686838,12.819309856804157,0.12819309856804156,63350.089114949995,65269.7887851,SL,-0.12178664686549223,0.012819309856804158,0.012684771199856998,0.006406451702549557,0.006345558379117573,0.012752010081667129,-0.16004273800382052,-1.248450499999998,0 days 00:25:00
5m,DEVELOPMENT,211,CLOSED,BTCUSDT,LONG,2024-07-16 18:05:00+00:00,2024-07-16 18:10:00+00:00,64620.0,64652.31,2024-07-17 01:15:00+00:00,65945.3562,65912.3835219,0.00019580780642881112,12.659427001655489,0.1265942700165549,64005.7869,65945.3562,TP,0.25951509025882363,0.012659427001655489,0.012906159233917755,0.006326550225714431,0.0064563077708426845,0.012782857996557116,0.22116664602669328,1.7470510000000081,0 days 07:05:00
5m,DEVELOPMENT,212,CLOSED,BTCUSDT,LONG,2024-07-17 15:15:00+00:00,2024-07-17 15:20:00+00:00,65156.01,65188.588005,2024-07-17 16:05:00+00:00,64536.702124949996,64504.433773887526,0.00019758631220841792,12.880372701981857,0.12880372701981857,64536.702124949996,66492.3597651,SL,-0.1223667591527624,0.012880372701981857,0.012745193190474558,0.006436967867056561,0.006375784487480066,0.012812752354536626,-0.16080507739975547,-1.248450499999996,0 days 00:45:00
5m,DEVELOPMENT,213,CLOSED,BTCUSDT,LONG,2024-07-18 05:35:00+00:00,2024-07-18 05:40:00+00:00,64694.0,64726.346999999994,2024-07-18 14:35:00+00:00,64079.083529999996,64047.043988235,0.00019651546639910128,12.719728269015068,0.12719728269015068,64079.083529999996,66020.87393999999,SL,-0.12084059689853971,0.012719728269015068,0.012586234720831757,0.006356685791610608,0.006296265493162408,0.012652951284773017,-0.15879951117315955,-1.2484504999999968,0 days 08:55:00
5m,DEVELOPMENT,214,CLOSED,BTCUSDT,LONG,2024-07-18 22:15:00+00:00,2024-07-18 22:20:00+00:00,63952.01,63983.986005,2024-07-19 01:15:00+00:00,63344.14614495,63312.47407187753,0.00019631611256183123,12.561087398712214,0.12561087398712215,63344.14614495,65263.6657251,SL,-0.11933346899026517,0.012561087398712215,0.01242925878646273,0.00627740499685705,0.006217738262361581,0.012495143259218631,-0.15681895843465876,-1.248450499999993,0 days 02:55:00
5m,DEVELOPMENT,215,CLOSED,BTCUSDT,LONG,2024-07-19 05:45:00+00:00,2024-07-19 05:50:00+00:00,64233.96,64266.07698,2024-07-19 07:50:00+00:00,63623.4162102,63591.6045020949,0.00019301668447000475,12.404425102573695,0.12404425102573695,63623.4162102,65551.3985196,SL,-0.11784513803094786,0.012404425102573696,0.012274240661122185,0.006199112994789236,0.006140190425773019,0.012339303420562255,-0.154863107215206,-1.2484504999999935,0 days 02:00:00
5m,DEVELOPMENT,216,CLOSED,BTCUSDT,LONG,2024-07-19 13:35:00+00:00,2024-07-19 13:40:00+00:00,64761.98,64794.36099,2024-07-19 16:00:00+00:00,66090.2482098,66057.2030856951,0.00018905528994487436,12.249716703757306,0.12249716703757306,64146.4173801,66090.2482098,TP,0.2511161315282983,0.012249716703757307,0.012488463682313537,0.006121797453151668,0.006247355518916478,0.012369152972068146,0.2140087981701593,1.7470510000000021,0 days 02:20:00
5m,DEVELOPMENT,217,CLOSED,BTCUSDT,LONG,2024-07-19 18:30:00+00:00,2024-07-19 18:35:00+00:00,66577.82,66611.10891000001,2024-07-21 18:10:00+00:00,65944.99782090001,65912.02532198957,0.00018710860561958328,12.4635117069243,0.12463511706924302,65944.99782090001,67943.33108820001,SL,-0.11840647553654644,0.0124635117069243,0.012332707151560133,0.006228641532696352,0.006169438294926292,0.012398079827622643,-0.15560077422265353,-1.2484504999999884,1 days 23:35:00
5m,DEVELOPMENT,218,CLOSED,BTCUSDT,LONG,2024-07-22 03:15:00+00:00,2024-07-22 03:20:00+00:00,68058.0,68092.029,2024-07-22 06:35:00+00:00,67411.10871,67377.403155645,0.00018075634635634878,12.308066378030544,0.12308066378030544,67411.10871,69453.86958,SL,-0.11692970607014519,0.012308066378030544,0.012178893221393115,0.006150957710159288,0.006092492857124052,0.01224345056728334,-0.1536601162368522,-1.2484504999999835,0 days 03:15:00
5m,DEVELOPMENT,219,CLOSED,BTCUSDT,LONG,2024-07-22 20:50:00+00:00,2024-07-22 20:55:00+00:00,68058.0,68092.029,2024-07-22 23:10:00+00:00,67411.10871,67377.403155645,0.00017850194724559201,12.15455976840332,0.12154559768403321,67411.10871,69453.86958,SL,-0.11547135492121288,0.01215455976840332,0.01202699766363393,0.006074242762819357,0.00601650708535859,0.012090749848177946,-0.1517436622014281,-1.2484504999999835,0 days 02:15:00
5m,DEVELOPMENT,220,CLOSED,BTCUSDT,LONG,2024-07-24 00:00:00+00:00,2024-07-24 00:05:00+00:00,65990.0,66022.995,2024-07-24 21:30:00+00:00,65362.765049999995,65330.083667474995,0.00018179980623829662,12.002967698272025,0.12002967698272025,65362.765049999995,67343.4549,SL,-0.11403119237588867,0.012002967698272025,0.011876996552278661,0.005998484606831751,0.005941469010644509,0.01193995361747626,-0.14985111024391562,-1.2484505000000001,0 days 21:25:00
5m,DEVELOPMENT,221,CLOSED,BTCUSDT,LONG,2024-07-25 15:55:00+00:00,2024-07-25 16:00:00+00:00,64790.89,64823.285444999994,2024-07-25 22:05:00+00:00,66119.7511539,66086.69127832305,0.00018285506833025264,11.853266289436945,0.11853266289436945,64175.052590549996,66119.7511539,TP,0.24298899709780242,0.011853266289436946,0.012084286449418074,0.005923671309062963,0.006045165807612124,0.011968837116675086,0.20708260724227232,1.7470510000000108,0 days 06:05:00
5m,DEVELOPMENT,222,CLOSED,BTCUSDT,LONG,2024-07-25 23:05:00+00:00,2024-07-25 23:10:00+00:00,65768.04,65800.92401999999,2024-07-26 02:55:00+00:00,67116.9425004,67083.38402914979,0.00018328225933851727,12.060142020947708,0.12060142020947709,65142.91477979999,67116.9425004,TP,0.2472298979006871,0.012060142020947708,0.01229519418893598,0.006027057481732565,0.006150672430683749,0.012177729912416314,0.2106968317783871,1.7470509999999995,0 days 03:45:00
5m,DEVELOPMENT,223,CLOSED,BTCUSDT,LONG,2024-07-26 05:30:00+00:00,2024-07-26 05:35:00+00:00,67014.0,67047.507,2024-07-27 12:00:00+00:00,68388.45714,68354.26291143,0.0001830139391518415,12.270628366380667,0.12270628366380666,66377.03193,68388.45714,TP,0.2515448153867738,0.012270628366380668,0.012509782913241427,0.006132248059160348,0.006258020466852591,0.01239026852601294,0.2143741355811388,1.747051000000014,1 days 06:25:00
5m,DEVELOPMENT,224,CLOSED,BTCUSDT,LONG,2024-07-28 13:45:00+00:00,2024-07-28 13:50:00+00:00,68019.3,68053.30965,2024-07-29 02:30:00+00:00,69414.375843,69379.66865507851,0.00018345600539041825,12.484788341986201,0.12484788341986201,67372.77655349999,69414.375843,TP,0.2559350413734501,0.012484788341986202,0.012728116866771515,0.006239274533724897,0.00636724205441163,0.012606516588136527,0.21811561957655579,1.7470510000000194,0 days 12:40:00
5m,DEVELOPMENT,225,CLOSED,BTCUSDT,LONG,2024-07-29 04:00:00+00:00,2024-07-29 04:05:00+00:00,69472.0,69506.73599999999,2024-07-29 14:05:00+00:00,68811.66863999999,68777.26280567999,0.00018275474860222045,12.702686063840904,0.12702686063840904,68811.66863999999,70896.87071999999,SL,-0.12067869169096435,0.012702686063840904,0.012569371373600893,0.006348168947444878,0.0062878296016014865,0.012635998549046365,-0.1585867476774525,-1.2484505000000035,0 days 10:00:00
5m,DEVELOPMENT,226,CLOSED,BTCUSDT,LONG,2024-07-30 08:10:00+00:00,2024-07-30 08:15:00+00:00,66968.48,67001.96423999999,2024-07-30 12:25:00+00:00,66331.94459759998,66298.77862530119,0.00018722223873242697,12.544257744482811,0.12544257744482812,66331.94459759998,68342.00352479999,SL,-0.11917358306977645,0.012544257744482812,0.012412605759454465,0.006268994375052135,0.006209407583518429,0.012478401958570563,-0.1566088485322843,-1.2484504999999992,0 days 04:10:00
5m,DEVELOPMENT,227,CLOSED,BTCUSDT,LONG,2024-07-31 01:50:00+00:00,2024-07-31 01:55:00+00:00,66264.0,66297.132,2024-07-31 04:35:00+00:00,65634.16068,65601.34359966,0.00018685280908300325,12.387805348346665,0.12387805348346666,65634.16068,67623.07464,SL,-0.11768724621292843,0.012387805348346666,0.012257795331215769,0.00619080727053765,0.006131963647431401,0.012322770917969052,-0.15465561781045992,-1.2484504999999937,0 days 02:40:00
5m,DEVELOPMENT,228,CLOSED,BTCUSDT,LONG,2024-07-31 15:35:00+00:00,2024-07-31 15:40:00+00:00,66502.01,66535.261005,2024-07-31 19:25:00+00:00,65869.90839494999,65836.97344075252,0.0001838619710341798,12.233304231652902,0.12233304231652901,65869.90839494999,67865.9662251,SL,-0.11621944699836237,0.012233304231652902,0.012104915703741705,0.006113595318167048,0.006055485594666558,0.012169080912833606,-0.15272674784659057,-1.24845049999999,0 days 03:45:00
5m,DEVELOPMENT,229,CLOSED,BTCUSDT,LONG,2024-08-01 08:00:00+00:00,2024-08-01 08:05:00+00:00,64436.74,64468.95836999999,2024-08-01 15:00:00+00:00,63824.268786299996,63792.35665190685,0.00018738832398448733,12.080730057979984,0.12080730057979984,63824.268786299996,65758.33753739999,SL,-0.11476995422398822,0.012080730057979985,0.011953942796021485,0.006037346355811159,0.0059799613786996105,0.01201730773451077,-0.15082193481250047,-1.2484504999999924,0 days 06:55:00
5m,DEVELOPMENT,230,CLOSED,BTCUSDT,LONG,2024-08-02 11:50:00+00:00,2024-08-02 11:55:00+00:00,64752.0,64784.376,2024-08-02 12:30:00+00:00,64136.53223999999,64104.463973879996,0.00018415024626355952,11.930058794431034,0.11930058794431034,64136.53223999999,66080.06352,SL,-0.1133385395712826,0.011930058794431033,0.011804852827383482,0.0059620483730283705,0.005905379103242834,0.011867427476271205,-0.1489408786693683,-1.2484505000000008,0 days 00:35:00
5m,DEVELOPMENT,231,CLOSED,BTCUSDT,LONG,2024-08-03 07:30:00+00:00,2024-08-03 07:35:00+00:00,61818.99,61849.899495,2024-08-03 15:45:00+00:00,61231.40050005,61200.78479979998,0.0001904815820889193,11.78126670784825,0.1178126670784825,61231.40050005,63086.8974849,SL,-0.11192497756931324,0.01178126670784825,0.011657622313749384,0.005887689509169517,0.0058317270203836575,0.011719416529553175,-0.14708328312046406,-1.248450499999992,0 days 08:10:00
5m,DEVELOPMENT,232,CLOSED,BTCUSDT,LONG,2024-08-03 22:50:00+00:00,2024-08-03 22:55:00+00:00,60635.99,60666.307994999996,2024-08-04 14:30:00+00:00,60059.64491505,60029.615092592474,0.00019177581009270322,11.634330361074563,0.11634330361074563,60059.64491505,61879.6341549,SL,-0.11052904555923419,0.011634330361074563,0.011512228063935086,0.005814258051511067,0.005758993528731631,0.011573251580242697,-0.14524885556448655,-1.2484504999999946,0 days 15:35:00
5m,DEVELOPMENT,233,CLOSED,BTCUSDT,LONG,2024-08-05 17:45:00+00:00,2024-08-05 17:50:00+00:00,54888.01,54915.454005,2024-08-05 18:10:00+00:00,54366.299464949996,54339.11631521752,0.00020921663705476798,11.48922660926189,0.11489226609261889,54366.299464949996,56013.7630851,SL,-0.10915052365920591,0.01148922660926189,0.011368647175997686,0.005741742433413727,0.005687167171584574,0.0114289096049983,-0.1434373070494638,-1.2484505000000061,0 days 00:20:00
5m,DEVELOPMENT,234,CLOSED,BTCUSDT,LONG,2024-08-05 23:00:00+00:00,2024-08-05 23:05:00+00:00,54876.0,54903.437999999995,2024-08-05 23:40:00+00:00,54354.40362,54327.22641819,0.00020665249772200905,11.345932596225463,0.11345932596225464,54354.40362,56001.50676,SL,-0.10778919472975872,0.011345932596225463,0.01122685703362808,0.005670131232495377,0.0056162366351304865,0.011286367867625864,-0.14164835222723812,-1.2484504999999855,0 days 00:35:00
5m,DEVELOPMENT,235,CLOSED,BTCUSDT,LONG,2024-08-06 03:30:00+00:00,2024-08-06 03:35:00+00:00,55837.99,55865.908995,2024-08-06 04:00:00+00:00,55307.24990505,55279.596280097474,0.00020055926686606682,11.204425750843606,0.11204425750843607,55307.24990505,56983.2271749,SL,-0.10644484433959882,0.011204425750843607,0.011086835302588504,0.005599413168837384,0.005546190746667262,0.011145603915504647,-0.13988170930853558,-1.2484504999999984,0 days 00:25:00
5m,DEVELOPMENT,236,CLOSED,BTCUSDT,LONG,2024-08-06 05:35:00+00:00,2024-08-06 05:40:00+00:00,55770.0,55797.884999999995,2024-08-06 08:30:00+00:00,55239.906149999995,55212.286196925,0.00019829934026177544,11.064683783502415,0.11064683783502416,55239.906149999995,56913.842699999994,SL,-0.1051172607318255,0.011064683783502416,0.010948559927194559,0.005529577103198569,0.005477018472832616,0.011006595576031186,-0.13813710001855367,-1.2484504999999895,0 days 02:50:00
5m,DEVELOPMENT,237,CLOSED,BTCUSDT,LONG,2024-08-06 15:45:00+00:00,2024-08-06 15:50:00+00:00,56202.0,56230.100999999995,2024-08-07 00:10:00+00:00,55667.79998999999,55639.96609000499,0.00019432091510176696,10.92668468258478,0.1092668468258478,55667.79998999999,57354.70301999999,SL,-0.10380623479057456,0.01092668468258478,0.010812009126841052,0.005460612035273803,0.005408708917879317,0.01086932095315312,-0.1364142495531535,-1.248450500000004,0 days 08:20:00
5m,DEVELOPMENT,238,CLOSED,BTCUSDT,LONG,2024-08-07 02:55:00+00:00,2024-08-07 03:00:00+00:00,56762.01,56790.391005,2024-08-07 14:25:00+00:00,56222.48709495,56194.375851402525,0.0001900040925946995,10.79040671100321,0.10790406711003209,56222.48709495,57926.1988251,SL,-0.10251156000808254,0.01079040671100321,0.01067716139257123,0.005392507101949801,0.00534125132194593,0.01073375842389573,-0.1347128865355527,-1.2484504999999961,0 days 11:25:00
5m,DEVELOPMENT,239,CLOSED,BTCUSDT,LONG,2024-08-08 06:15:00+00:00,2024-08-08 06:20:00+00:00,57096.0,57124.547999999995,2024-08-08 12:30:00+00:00,58267.03896,58237.90544052,0.0001865367652935457,10.655828402775883,0.10655828402775884,56553.30252,58267.03896,TP,0.21844181963111747,0.010655828402775883,0.010863510498345986,0.005325251575599252,0.005434472485415259,0.010759724061014511,0.18616275666898108,1.747051000000009,0 days 06:10:00
5m,DEVELOPMENT,240,CLOSED,BTCUSDT,LONG,2024-08-08 18:20:00+00:00,2024-08-08 18:25:00+00:00,59558.66,59588.43933,2024-08-08 21:45:00+00:00,60780.2081166,60749.818012541706,0.00018194477493567503,10.841805182664976,0.10841805182664976,58992.5549367,60780.2081166,TP,0.2222542971478839,0.010841805182664976,0.011053111965675119,0.005418193494584753,0.0055293206431579036,0.010947514137742656,0.18941186586180112,1.7470510000000075,0 days 03:20:00
5m,DEVELOPMENT,241,CLOSED,BTCUSDT,LONG,2024-08-09 03:15:00+00:00,2024-08-09 03:20:00+00:00,61459.85,61490.579925,2024-08-09 04:45:00+00:00,60875.674125749996,60845.23628868713,0.00017939378420789163,11.031027825883562,0.11031027825883563,60875.674125749996,62720.3915235,SL,-0.10479752072466136,0.011031027825883562,0.010915257188850915,0.005512757534174629,0.005460358773811327,0.010973116307985956,-0.13771692204738178,-1.2484504999999937,0 days 01:25:00
5m,DEVELOPMENT,242,CLOSED,BTCUSDT,LONG,2024-08-09 23:30:00+00:00,2024-08-09 23:35:00+00:00,60805.99,60836.392994999995,2024-08-11 13:05:00+00:00,60228.029065049996,60197.91505051748,0.0001790613799880311,10.893448483178888,0.10893448483178889,60228.029065049996,62053.12085489999,SL,-0.10349048259132011,0.01089344848317889,0.010779121741347927,0.005444002240468626,0.005392256999172462,0.010836259239641087,-0.13599931205548801,-1.2484504999999886,1 days 13:30:00
5m,DEVELOPMENT,243,CLOSED,BTCUSDT,LONG,2024-08-13 00:00:00+00:00,2024-08-13 00:05:00+00:00,59442.0,59471.721,2024-08-13 03:45:00+00:00,58877.003789999995,58847.565288105,0.00018088571935848317,10.75758503457201,0.1075758503457201,58877.003789999995,60661.155419999996,SL,-0.10219974588066749,0.01075758503457201,0.010644684179634175,0.005376104465053068,0.005325004592112765,0.010701109057165831,-0.13430312415203952,-1.2484505000000008,0 days 03:40:00
5m,DEVELOPMENT,244,CLOSED,BTCUSDT,LONG,2024-08-13 07:40:00+00:00,2024-08-13 07:45:00+00:00,59290.72,59320.365359999996,2024-08-13 09:20:00+00:00,58727.161706399995,58697.7981255468,0.00017908547958031605,10.623416079375167,0.10623416079375167,58727.161706399995,60506.7726672,SL,-0.10092510728082171,0.010623416079375166,0.010511923327622125,0.005309053512930219,0.005258590959290363,0.010567644472220583,-0.1326280911600396,-1.2484504999999992,0 days 01:35:00
5m,DEVELOPMENT,245,CLOSED,BTCUSDT,LONG,2024-08-13 13:35:00+00:00,2024-08-13 13:40:00+00:00,59151.97,59181.545985,2024-08-13 16:35:00+00:00,60365.1769047,60334.99431624765,0.00017726675282307925,10.490920483810692,0.10490920483810692,58589.73052514999,60365.1769047,TP,0.2150612484987074,0.010490920483810692,0.010695388524040164,0.005242838822493365,0.005350369446743381,0.010593208269236746,0.18328173122161978,1.7470510000000024,0 days 02:55:00
5m,DEVELOPMENT,246,CLOSED,BTCUSDT,LONG,2024-08-13 20:00:00+00:00,2024-08-13 20:05:00+00:00,60894.23,60924.677115,2024-08-14 13:40:00+00:00,60315.43034385,60285.272628678074,0.00017520025746302597,10.674019116399727,0.10674019116399727,60315.43034385,62143.1706573,SL,-0.1014058487769916,0.010674019116399727,0.010561995285773111,0.005334342387005552,0.005283639462617828,0.01061798184962338,-0.13325984502878782,-1.2484504999999986,0 days 17:35:00
5m,DEVELOPMENT,247,CLOSED,BTCUSDT,LONG,2024-08-15 15:40:00+00:00,2024-08-15 15:45:00+00:00,59608.0,59637.804,2024-08-15 17:55:00+00:00,59041.42595999999,59011.90524702,0.00017674849996303103,10.540892398089252,0.10540892398089252,59041.42595999999,60830.560079999996,SL,-0.10014111168799554,0.010540892398089252,0.010430265732371304,0.005267812292897549,0.005217741737053554,0.010485554029951103,-0.1315978238484072,-1.2484504999999995,0 days 02:10:00
5m,DEVELOPMENT,248,CLOSED,BTCUSDT,LONG,2024-08-16 06:05:00+00:00,2024-08-16 06:10:00+00:00,58271.51,58300.645755,2024-08-16 12:35:00+00:00,57717.63929745,57688.78047780127,0.0001785473540780738,10.409426040598335,0.10409426040598335,57717.63929745,59466.6586701,SL,-0.09889214844166713,0.010409426040598335,0.010300179114302256,0.005202111964316241,0.005152665890096235,0.010354777854412477,-0.12995653145098018,-1.2484505000000006,0 days 06:25:00
5m,DEVELOPMENT,249,CLOSED,BTCUSDT,LONG,2024-08-17 08:45:00+00:00,2024-08-17 08:50:00+00:00,59232.67,59262.286335,2024-08-18 23:45:00+00:00,58669.66347165,58640.32863991417,0.00017345937815735308,10.279599335852103,0.10279599335852103,58669.66347165,60447.532061699996,SL,-0.0976587623061213,0.010279599335852103,0.010171714940822335,0.005137231052399644,0.005088401671246789,0.010225632723646433,-0.12833570930644217,-1.248450499999999,1 days 14:55:00
5m,DEVELOPMENT,250,CLOSED,BTCUSDT,LONG,2024-08-19 09:05:00+00:00,2024-08-19 09:10:00+00:00,58647.3,58676.62365,2024-08-19 09:45:00+00:00,58089.8574135,58060.812484793256,0.00017300572532256576,10.151391834047466,0.10151391834047466,58089.8574135,59850.156123,SL,-0.09644075900311981,0.010151391834047466,0.01004485297674914,0.005073159337354788,0.005024938957852778,0.010098098295207567,-0.12673510210912398,-1.2484504999999924,0 days 00:35:00
5m,DEVELOPMENT,251,CLOSED,BTCUSDT,LONG,2024-08-19 18:20:00+00:00,2024-08-19 18:25:00+00:00,58857.89,58887.318945,2024-08-20 00:25:00+00:00,60065.0653239,60035.03279123805,0.0001702367083445415,10.02478334043196,0.1002478334043196,58298.44575555,60065.0653239,TP,0.20550555353549219,0.01002478334043196,0.010220166367736977,0.005009886726852495,0.005112639503620217,0.010122526230472712,0.17513807759685052,1.7470510000000055,0 days 06:00:00
5m,DEVELOPMENT,252,CLOSED,BTCUSDT,LONG,2024-08-20 02:10:00+00:00,2024-08-20 02:15:00+00:00,60432.53,60462.746264999994,2024-08-20 14:25:00+00:00,59858.11880234999,59828.18974294882,0.0001686947266703736,10.199746454914326,0.10199746454914327,59858.11880234999,61672.0011903,SL,-0.09690013998396975,0.010199746454914326,0.010092700115870002,0.005097324565173813,0.005048874495181592,0.010146199060355406,-0.12733878561510947,-1.248450499999993,0 days 12:10:00
5m,DEVELOPMENT,253,CLOSED,BTCUSDT,LONG,2024-08-21 14:35:00+00:00,2024-08-21 14:40:00+00:00,59838.01,59867.929005,2024-08-21 14:50:00+00:00,59269.24971495,59239.61509009253,0.0001682459214520688,10.072534880873262,0.10072534880873261,59269.24971495,61065.2875851,SL,-0.09569159824357928,0.010072534880873263,0.009966823627298498,0.005033750565153399,0.004985904766031431,0.01001965533118483,-0.12575061208293586,-1.2484504999999924,0 days 00:10:00
5m,DEVELOPMENT,254,CLOSED,BTCUSDT,LONG,2024-08-21 15:30:00+00:00,2024-08-21 15:35:00+00:00,59607.99,59637.79399499999,2024-08-21 18:55:00+00:00,60830.549874899996,60800.13459996255,0.00016678869601735046,9.946909893777422,0.09946909893777423,59041.416055049995,60830.549874899996,TP,0.2039091673377058,0.009946909893777422,0.010140775167607146,0.004970969462156759,0.005072924045826149,0.010043893507982907,0.17377758876833835,1.7470510000000095,0 days 03:20:00
5m,DEVELOPMENT,255,CLOSED,BTCUSDT,LONG,2024-08-21 22:00:00+00:00,2024-08-21 22:05:00+00:00,61324.0,61354.662,2024-08-22 01:00:00+00:00,60741.115379999996,60710.74482231,0.0001649510167387277,10.120513878560981,0.10120513878560981,60741.115379999996,62581.75524,SL,-0.09614741071036766,0.010120513878560982,0.010014299085405484,0.005057728075242312,0.005009654369886964,0.010067382445129277,-0.12634960611946341,-1.2484504999999946,0 days 02:55:00
5m,DEVELOPMENT,256,CLOSED,BTCUSDT,LONG,2024-08-22 06:00:00+00:00,2024-08-22 06:05:00+00:00,60871.82,60902.25591,2024-08-22 15:35:00+00:00,60293.2333509,60263.086734224555,0.000164103781485428,9.994290495824256,0.09994290495824255,60293.2333509,62120.3010282,SL,-0.09494825703429205,0.009994290495824256,0.00988940041707058,0.004994647923950177,0.0049471737954325384,0.009941821719382717,-0.12477376966656961,-1.2484504999999921,0 days 09:30:00
5m,DEVELOPMENT,257,CLOSED,BTCUSDT,LONG,2024-08-23 04:20:00+00:00,2024-08-23 04:25:00+00:00,60680.99,60711.330494999995,2024-08-23 14:10:00+00:00,61925.5571049,61894.59432634755,0.0001625667119268794,9.869641375278233,0.09869641375278233,60104.217190049996,61925.5571049,TP,0.2023251820159488,0.009869641375278234,0.010062000685682406,0.004932354510383394,0.005033517101391881,0.009965871611775276,0.17242766834321285,1.7470510000000072,0 days 09:45:00
5m,DEVELOPMENT,258,CLOSED,BTCUSDT,LONG,2024-08-23 15:15:00+00:00,2024-08-23 15:20:00+00:00,61340.0,61370.67,2024-08-23 17:45:00+00:00,62598.083399999996,62566.7843583,0.00016362697015053797,10.041896788208517,0.10041896788208517,60756.963299999996,62598.083399999996,TP,0.20585637493868664,0.010041896788208517,0.0102376133566107,0.005018439174516714,0.0051213673619857625,0.010139806536502476,0.17543705825736497,1.747051000000002,0 days 02:25:00
5m,DEVELOPMENT,259,CLOSED,BTCUSDT,LONG,2024-08-23 20:40:00+00:00,2024-08-23 20:45:00+00:00,63622.6,63654.41129999999,2024-08-23 22:30:00+00:00,64927.49952599999,64895.035776237,0.00016050982761456193,10.217158584669422,0.10217158584669422,63017.86718699999,64927.49952599999,TP,0.20944919797258257,0.010217158584669423,0.01041629100548463,0.0051060262791941405,0.005210750878180696,0.010316777157374836,0.17849897122505368,1.7470510000000068,0 days 01:45:00
5m,DEVELOPMENT,260,CLOSED,BTCUSDT,LONG,2024-08-24 05:15:00+00:00,2024-08-24 05:20:00+00:00,63981.99,64013.980995,2024-08-26 09:30:00+00:00,63373.84118505,63342.15426445747,0.00016239388761114345,10.395479235243902,0.10395479235243903,63373.84118505,65294.2606149,SL,-0.0987596503058404,0.010395479235243903,0.010286378680670017,0.00519514204659867,0.00514576222144573,0.0103409042680444,-0.12978241248979872,-1.2484505000000004,2 days 04:10:00
5m,DEVELOPMENT,261,CLOSED,BTCUSDT,LONG,2024-08-26 11:50:00+00:00,2024-08-26 11:55:00+00:00,63921.99,63953.95099499999,2024-08-26 14:15:00+00:00,63314.41148504999,63282.75427930747,0.00016051903464598194,10.265826475513835,0.10265826475513835,63314.41148504999,65233.030014899996,SL,-0.09752791669141458,0.010265826475513835,0.010158086626653316,0.005130348063724093,0.0050815841053788524,0.010211932169102945,-0.1281637619626847,-1.2484504999999984,0 days 02:20:00
5m,DEVELOPMENT,262,CLOSED,BTCUSDT,LONG,2024-08-28 11:00:00+00:00,2024-08-28 11:05:00+00:00,59761.3,59791.18065,2024-08-28 14:00:00+00:00,59193.2688435,59163.67220907826,0.0001695532792473364,10.137790749277388,0.10137790749277388,59193.2688435,60987.004263,SL,-0.09631154529923214,0.010137790749277387,0.01003139463536372,0.0050663621935417786,0.005018206420891453,0.010084568614433232,-0.12656529929830648,-1.248450499999992,0 days 02:55:00
5m,DEVELOPMENT,263,CLOSED,BTCUSDT,LONG,2024-08-28 20:35:00+00:00,2024-08-28 20:40:00+00:00,59357.17,59386.84858499999,2024-08-29 13:55:00+00:00,60574.585556699996,60544.29826392165,0.0001685786016159847,10.011351888839517,0.10011351888839518,58792.980099149994,60574.585556699996,TP,0.20523021213403117,0.010011351888839518,0.010206473137153001,0.005003174357240161,0.005105789463307557,0.010108963820547719,0.17490342328749092,1.7470510000000123,0 days 17:15:00
5m,DEVELOPMENT,264,CLOSED,BTCUSDT,LONG,2024-08-29 16:05:00+00:00,2024-08-29 16:10:00+00:00,60931.68,60962.14584,2024-08-29 16:45:00+00:00,60352.5243816,60322.3481194092,0.00016708861610886526,10.186080583432418,0.10186080583432418,60352.5243816,62181.3887568,SL,-0.09677031079013007,0.010186080583432417,0.010079177667709294,0.005090495044193629,0.005042109888798762,0.010132604932992392,-0.12716817397426416,-1.2484504999999924,0 days 00:35:00
5m,DEVELOPMENT,265,CLOSED,BTCUSDT,LONG,2024-08-30 10:50:00+00:00,2024-08-30 10:55:00+00:00,59591.11,59620.905555,2024-08-30 13:50:00+00:00,59024.696499449994,58995.18415120027,0.00016871664992259436,10.059039450590996,0.10059039450590997,59024.696499449994,60813.3236661,SL,-0.09556338828372667,0.010059039450590996,0.009953469831557043,0.005027006222183894,0.004979224528042034,0.010006230750225928,-0.12558212831610063,-1.2484505000000008,0 days 02:55:00
5m,DEVELOPMENT,266,OPEN,BTCUSDT,LONG,2024-08-30 19:15:00+00:00,2024-08-30 19:20:00+00:00,59050.0,59079.524999999994,,,,0.00016813917814922417,9.933582778946542,0.09933582778946543,58488.72974999999,60261.11549999999,END_OF_DATA,,0.009933582778946543,,0.004964309234854865,,,,,
5m,VALIDATION,1,CLOSED,BTCUSDT,LONG,2024-09-01 17:55:00+00:00,2024-09-01 18:00:00+00:00,58127.98,58157.04399,2024-09-01 22:20:00+00:00,57575.473550099996,57546.68581332495,0.0003435528804293339,19.98001998001998,0.19980019980019978,57575.473550099996,59320.184869799996,SL,-0.18981518231893296,0.01998001998001998,0.01977032967032967,0.009985017481267672,0.00989010989010919,0.019875127371376863,-0.24944065934065945,-1.2484505000000008,0 days 04:20:00
5m,VALIDATION,2,CLOSED,BTCUSDT,LONG,2024-09-02 03:35:00+00:00,2024-09-02 03:40:00+00:00,57710.0,57738.854999999996,2024-09-02 20:50:00+00:00,58893.632099999995,58864.18528395,0.0003417253167238456,19.730828512147195,0.19730828512147194,57161.46644999999,58893.632099999995,TP,0.40447705425700886,0.019730828512147195,0.020115382359848943,0.009860484014065172,0.010062722541193845,0.019923206555259018,0.3447076368297537,1.7470510000000052,0 days 17:10:00
5m,VALIDATION,3,CLOSED,BTCUSDT,LONG,2024-09-04 09:00:00+00:00,2024-09-04 09:05:00+00:00,56845.0,56873.42249999999,2024-09-04 14:00:00+00:00,56304.68827499999,56276.5359308625,0.00035298019537514903,20.075191785703396,0.20075191785703397,56304.68827499999,58010.89094999999,SL,-0.1907193382539862,0.020075191785703397,0.019864502647912438,0.010032579603047811,0.009937219933921654,0.019969799536969465,-0.2506288322245715,-1.2484504999999926,0 days 04:55:00
5m,VALIDATION,4,CLOSED,BTCUSDT,LONG,2024-09-04 19:25:00+00:00,2024-09-04 19:30:00+00:00,57934.0,57962.967,2024-09-05 03:05:00+00:00,57383.337329999995,57354.645661334995,0.0003420255097005748,19.824813331932596,0.19824813331932598,57383.337329999995,59122.22634,SL,-0.18834068037983118,0.019824813331932596,0.019616751916013964,0.009907452939495496,0.009813282599306698,0.019720735538802193,-0.24750298116657996,-1.248450500000004,0 days 07:35:00
5m,VALIDATION,5,CLOSED,BTCUSDT,LONG,2024-09-06 04:30:00+00:00,2024-09-06 04:35:00+00:00,56696.01,56724.358005,2024-09-06 07:10:00+00:00,56157.11442495,56129.035867737526,0.0003451349348857467,19.57755760649146,0.1957755760649146,56157.11442495,57858.8451651,SL,-0.1859916892050997,0.01957755760649146,0.01937209113941133,0.009783886859815764,0.009690891015212666,0.01947477787502843,-0.2444161158260309,-1.2484505000000012,0 days 02:35:00
5m,VALIDATION,6,CLOSED,BTCUSDT,LONG,2024-09-06 23:15:00+00:00,2024-09-06 23:20:00+00:00,53734.99,53761.857495,2024-09-07 16:05:00+00:00,54837.0946449,54809.67609757755,0.00035961156409834553,19.33338566260931,0.1933338566260931,53224.23892005,54837.0946449,TP,0.3963295751525402,0.01933338566260931,0.019710193349173566,0.009661861900353974,0.009860026687930654,0.01952188858828463,0.33776410755247266,1.7470510000000006,0 days 16:45:00
5m,VALIDATION,7,CLOSED,BTCUSDT,LONG,2024-09-08 19:30:00+00:00,2024-09-08 19:35:00+00:00,54385.99,54413.182994999996,2024-09-09 09:05:00+00:00,55501.4466549,55473.695931572554,0.00036150820923834683,19.670812343480915,0.19670812343480915,53869.05116505,55501.4466549,TP,0.403246737795896,0.019670812343480917,0.02005419647605536,0.009830490926276456,0.010032114295173306,0.01986260522144976,0.34365912375491,1.7470510000000163,0 days 13:30:00
5m,VALIDATION,8,CLOSED,BTCUSDT,LONG,2024-09-09 12:45:00+00:00,2024-09-09 12:50:00+00:00,55240.0,55267.619999999995,2024-09-09 16:45:00+00:00,56372.9724,56344.7859138,0.0003621311746629922,20.01412815142788,0.2001412815142788,54714.943799999994,56372.9724,TP,0.410284626072749,0.02001412815142788,0.020404203509099213,0.010002063044190159,0.010207205357228298,0.020209268401418456,0.34965702601080345,1.747051000000006,0 days 03:55:00
5m,VALIDATION,9,CLOSED,BTCUSDT,LONG,2024-09-10 06:25:00+00:00,2024-09-10 06:30:00+00:00,56850.01,56878.435005,2024-09-10 19:45:00+00:00,58016.0037051,57986.995703247456,0.00035801681020109486,20.363435869720394,0.20363435869720395,56309.65065495,58016.0037051,TP,0.4174453470144586,0.020363435869720396,0.020760319234821245,0.010176629620049216,0.010385352293556596,0.020561981913605813,0.3557596099963112,1.7470510000000115,0 days 13:15:00
5m,VALIDATION,10,CLOSED,BTCUSDT,LONG,2024-09-10 23:00:00+00:00,2024-09-10 23:05:00+00:00,57696.07,57724.918034999995,2024-09-11 01:30:00+00:00,57147.66885464999,57119.095020222674,0.000358923681155313,20.718840075510915,0.20718840075510916,57147.66885464999,58879.4163957,SL,-0.19683415783881406,0.020718840075510916,0.02050139584891843,0.010354242916295671,0.010255825837375939,0.02061006875367161,-0.258664462516915,-1.2484504999999932,0 days 02:25:00
5m,VALIDATION,11,CLOSED,BTCUSDT,LONG,2024-09-11 19:30:00+00:00,2024-09-11 19:35:00+00:00,57688.0,57716.844,2024-09-13 15:20:00+00:00,58871.18088,58841.74528956,0.00035449675694413345,20.460434019050467,0.20460434019050466,57139.675559999996,58871.18088,TP,0.4194337848383059,0.02046043401905047,0.02085920787808176,0.010225104457295636,0.010434821349715717,0.020659925807011353,0.3574542171341623,1.7470510000000046,1 days 19:45:00
5m,VALIDATION,12,CLOSED,BTCUSDT,LONG,2024-09-14 16:45:00+00:00,2024-09-14 16:50:00+00:00,59968.0,59997.984,2024-09-15 22:10:00+00:00,59398.00416,59368.30515792,0.00034697051052689733,20.817531139064616,0.20817531139064616,59398.00416,61197.94368,SL,-0.1977717476030088,0.020817531139064618,0.02059905114976013,0.01040356378763736,0.010304677913837108,0.020708241701474468,-0.25989657159330803,-1.2484505000000008,1 days 05:20:00
5m,VALIDATION,13,CLOSED,BTCUSDT,LONG,2024-09-16 09:00:00+00:00,2024-09-16 09:05:00+00:00,58981.01,59010.500504999996,2024-09-16 12:40:00+00:00,58420.39549995,58391.18530220003,0.00034837688256285994,20.557894204405972,0.20557894204405971,58420.39549995,60190.7105151,SL,-0.19530513184695658,0.02055789420440597,0.020342139104730733,0.010273810197102448,0.010176157631179098,0.020449967828281547,-0.2566551329843748,-1.2484504999999875,0 days 03:35:00
5m,VALIDATION,14,CLOSED,BTCUSDT,LONG,2024-09-17 04:05:00+00:00,2024-09-17 04:10:00+00:00,58124.0,58153.062,2024-09-17 12:40:00+00:00,59316.12324,59286.46517838001,0.0003491044972000933,20.301495470155853,0.20301495470155853,57571.53138,59316.12324,TP,0.41617558430074647,0.020301495470155854,0.02069717161686919,0.01014567489762844,0.010353762689777227,0.020499437587405668,0.35467747962631574,1.747051000000016,0 days 08:30:00
5m,VALIDATION,15,CLOSED,BTCUSDT,LONG,2024-09-17 12:40:00+00:00,2024-09-17 12:45:00+00:00,59310.0,59339.655,2024-09-17 15:00:00+00:00,60526.4481,60496.184875950006,0.00034809468687719365,20.6558186266257,0.206558186266257,58746.25845,60526.4481,TP,0.42343912047185767,0.0206558186266257,0.021058400531658635,0.010322747939342772,0.010534467499577432,0.020857215438920204,0.3608676858746531,1.7470510000000126,0 days 02:15:00
5m,VALIDATION,16,CLOSED,BTCUSDT,LONG,2024-09-17 16:25:00+00:00,2024-09-17 16:30:00+00:00,60934.1,60964.56705,2024-09-17 19:20:00+00:00,60354.921379499996,60324.74391881025,0.0003447301739727791,21.016325805321657,0.21016325805321656,60354.921379499996,62183.858391,SL,-0.1996603466062801,0.021016325805321655,0.020795759465994806,0.010502911446937116,0.010403081273632568,0.020905992720569685,-0.26237842459816624,-1.2484504999999952,0 days 02:50:00
5m,VALIDATION,17,CLOSED,BTCUSDT,LONG,2024-09-18 18:00:00+00:00,2024-09-18 18:05:00+00:00,60298.06,60328.20902999999,2024-09-18 20:00:00+00:00,59724.92693969999,59695.06447623014,0.00034402164146313605,20.754209497031784,0.20754209497031784,59724.92693969999,61534.77321059999,SL,-0.19717017618119986,0.020754209497031783,0.020536394068360435,0.010371918789118998,0.0102733337010307,0.020645252490149698,-0.2591060322367418,-1.2484505000000048,0 days 01:55:00
5m,VALIDATION,18,CLOSED,BTCUSDT,LONG,2024-09-19 01:40:00+00:00,2024-09-19 01:45:00+00:00,61867.48,61898.413739999996,2024-09-19 12:05:00+00:00,63136.382014799994,63104.813823792596,0.00033111288437971036,20.495362311980095,0.20495362311980095,61279.429602599994,63136.382014799994,TP,0.4201498061156509,0.020495362311980094,0.020894816923440588,0.010242559876049745,0.010452634779109229,0.020695194655158976,0.3580644322250713,1.7470509999999997,0 days 10:20:00
5m,VALIDATION,19,CLOSED,BTCUSDT,LONG,2024-09-19 15:25:00+00:00,2024-09-19 15:30:00+00:00,63195.98,63227.57799,2024-09-20 14:10:00+00:00,62595.302210099995,62564.00455899495,0.000329809708048247,20.853069037479667,0.20853069037479668,62595.302210099995,64492.129549799996,SL,-0.1981093665179879,0.020853069037479667,0.02063421607793132,0.010421323856809698,0.010322269173550381,0.02074359303036008,-0.260340244663759,-1.2484504999999946,0 days 22:40:00
5m,VALIDATION,20,CLOSED,BTCUSDT,LONG,2024-09-21 00:35:00+00:00,2024-09-21 00:40:00+00:00,63211.99,63243.595994999996,2024-09-22 10:35:00+00:00,62611.160035049994,62579.85445503247,0.00032561381984997316,20.592988872980413,0.20592988872980414,62611.160035049994,64508.4679149,SL,-0.1956385399676963,0.020592988872980413,0.020376865454758485,0.010291348762108526,0.010193529492123904,0.020484878254232432,-0.25709327254966763,-1.2484504999999966,1 days 09:55:00
5m,VALIDATION,21,CLOSED,BTCUSDT,LONG,2024-09-22 19:40:00+00:00,2024-09-22 19:45:00+00:00,62958.0,62989.479,2024-09-22 22:05:00+00:00,62359.58421,62328.404417895006,0.0003228499863741826,20.33615243686686,0.2033615243686686,62359.58421,64249.26858,SL,-0.19319852964759543,0.020336152436866862,0.020122724517041946,0.010162994721072688,0.010066395456247386,0.020229390177320075,-0.2538867967788243,-1.2484504999999892,0 days 02:20:00
5m,VALIDATION,22,CLOSED,BTCUSDT,LONG,2024-09-23 00:45:00+00:00,2024-09-23 00:50:00+00:00,63479.84,63511.57992,2024-09-24 00:40:00+00:00,62876.464120799996,62845.0258887396,0.0003162024830518758,20.082519273251656,0.20082519273251656,62876.464120799996,64781.8115184,SL,-0.1907889512166489,0.020082519273251657,0.01987175323347888,0.01003624151586789,0.009940847040258985,0.019977088556126874,-0.2507203122795063,-1.2484504999999981,0 days 23:50:00
5m,VALIDATION,23,CLOSED,BTCUSDT,LONG,2024-09-24 18:30:00+00:00,2024-09-24 18:35:00+00:00,63770.0,63801.884999999995,2024-09-25 17:25:00+00:00,63163.866149999994,63132.284216925,0.00031083798591240044,19.832049430814592,0.19832049430814594,63163.866149999994,65077.922699999996,SL,-0.1884094251273308,0.019832049430814593,0.019623912072038195,0.00991106918081526,0.009816864468251543,0.019727933649066803,-0.2475933202792504,-1.2484504999999921,0 days 22:50:00
5m,VALIDATION,24,CLOSED,BTCUSDT,LONG,2024-09-26 10:05:00+00:00,2024-09-26 10:10:00+00:00,63859.99,63891.919995,2024-09-26 14:20:00+00:00,65169.758394899996,65137.17351570255,0.00030652864177570954,19.584703456509647,0.19584703456509647,63253.00079504999,65169.758394899996,TP,0.4014815271294477,0.019584703456509648,0.01996640932687702,0.009787457999254767,0.009988198762819762,0.01977565676207453,0.34215475758398645,1.7470510000000004,0 days 04:10:00
5m,VALIDATION,25,CLOSED,BTCUSDT,LONG,2024-09-26 18:55:00+00:00,2024-09-26 19:00:00+00:00,65285.53,65318.172764999996,2024-09-26 20:05:00+00:00,64664.991037349995,64632.658541831326,0.00030506849101306145,19.926516401148998,0.19926516401148997,64664.991037349995,66624.5362203,SL,-0.18930688495044712,0.019926516401148998,0.019717387611518943,0.009958279061043022,0.00986362561856693,0.019821904679609953,-0.24877269364272503,-1.248450499999992,0 days 01:05:00
5m,VALIDATION,26,CLOSED,BTCUSDT,LONG,2024-09-26 22:55:00+00:00,2024-09-26 23:00:00+00:00,65086.32,65118.86315999999,2024-09-27 14:35:00+00:00,66421.2404232,66388.0298029884,0.00030218574583106635,19.67799223167575,0.19677992231675748,64467.67452839999,66421.2404232,TP,0.403393923709814,0.01967799223167575,0.020061516300271108,0.009834079076297852,0.010035776038153851,0.019869855114451704,0.3437845600634154,1.74705100000001,0 days 15:35:00
5m,VALIDATION,27,CLOSED,BTCUSDT,LONG,2024-09-27 22:25:00+00:00,2024-09-27 22:30:00+00:00,65914.98,65947.93749,2024-09-30 00:25:00+00:00,65288.458115099995,65255.81388604245,0.0003035945340012516,20.02143335062022,0.2002143335062022,65288.458115099995,67266.8962398,SL,-0.19020861968780164,0.020021433350620222,0.019811308407605463,0.010005713818401119,0.009910609508554966,0.019916323326956087,-0.2499576847729834,-1.2484504999999926,2 days 01:55:00
5m,VALIDATION,28,CLOSED,BTCUSDT,LONG,2024-09-30 22:00:00+00:00,2024-09-30 22:05:00+00:00,63744.0,63775.871999999996,2024-09-30 23:35:00+00:00,63138.11328,63106.544223360004,0.00031001889513676957,19.771725373824037,0.19771725373824037,63138.11328,65051.38944,SL,-0.18783633151244197,0.019771725373824038,0.019564221116025755,0.009880922225797803,0.009787004060040886,0.01966792628583869,-0.24684020428813047,-1.248450499999987,0 days 01:30:00
5m,VALIDATION,29,CLOSED,BTCUSDT,LONG,2024-10-02 08:30:00+00:00,2024-10-02 08:35:00+00:00,61874.0,61904.937,2024-10-02 09:45:00+00:00,61285.88763,61255.244686185004,0.00031540508252429994,19.52513176314659,0.1952513176314659,61285.88763,63143.03574,SL,-0.18549363059341242,0.01952513176314659,0.01932021550529237,0.009757687038053662,0.009664940222755507,0.01942262726080917,-0.24376160512266057,-1.2484504999999906,0 days 01:10:00
5m,VALIDATION,30,CLOSED,BTCUSDT,LONG,2024-10-03 01:50:00+00:00,2024-10-03 01:55:00+00:00,61064.0,61094.532,2024-10-03 08:15:00+00:00,60483.58668,60453.34488666,0.0003156029360550788,19.281613676110965,0.19281613676110965,60483.58668,62316.42264,SL,-0.18318014791747586,0.019281613676110965,0.019079253140580177,0.009635988843633427,0.009544398769674698,0.019180387613308127,-0.24072140234747513,-1.248450499999997,0 days 06:20:00
5m,VALIDATION,31,CLOSED,BTCUSDT,LONG,2024-10-03 22:05:00+00:00,2024-10-03 22:10:00+00:00,60842.0,60872.420999999995,2024-10-04 16:30:00+00:00,62089.869419999995,62058.82448529,0.0003128039338978306,19.041132754684913,0.19041132754684914,60263.696789999995,62089.869419999995,TP,0.3903384635668028,0.019041132754684914,0.019412244432073723,0.009515808473104284,0.009710977704887104,0.019226786177991388,0.3326583002020527,1.7470510000000126,0 days 18:20:00
5m,VALIDATION,32,CLOSED,BTCUSDT,LONG,2024-10-04 19:45:00+00:00,2024-10-04 19:50:00+00:00,62359.99,62391.169995,2024-10-05 03:00:00+00:00,61767.25829504999,61736.37466590247,0.0003105160350489551,19.373458728912734,0.19373458728912735,61767.25829504999,63638.9933949,SL,-0.18405269886888273,0.019373458728912735,0.019170134279552796,0.00968188842024581,0.009589862070811372,0.01927175049105718,-0.24186804236840548,-1.2484505000000041,0 days 07:10:00
5m,VALIDATION,33,CLOSED,BTCUSDT,LONG,2024-10-05 08:55:00+00:00,2024-10-05 09:00:00+00:00,62151.52,62182.59576,2024-10-07 00:45:00+00:00,63426.2476752,63394.534551362405,0.00030767181844259964,19.131832312960285,0.19131832312960284,61560.7698024,63426.2476752,TP,0.39219778184789256,0.019131832312960284,0.019504711724739884,0.009561135588685713,0.009757234479608223,0.019318370068293934,0.3342428677418985,1.7470510000000141,1 days 15:45:00
5m,VALIDATION,34,CLOSED,BTCUSDT,LONG,2024-10-07 04:05:00+00:00,2024-10-07 04:10:00+00:00,63620.0,63651.81,2024-10-07 10:20:00+00:00,63015.2919,62983.78425405,0.0003058159897062378,19.4657412717434,0.194657412717434,63015.2919,64924.8462,SL,-0.18492940608487968,0.0194657412717434,0.019261448317096457,0.009728006632554713,0.009635541929512319,0.019363548562067033,-0.24302014423578652,-1.2484504999999984,0 days 06:10:00
5m,VALIDATION,35,CLOSED,BTCUSDT,LONG,2024-10-07 17:55:00+00:00,2024-10-07 18:00:00+00:00,63820.0,63851.909999999996,2024-10-07 18:35:00+00:00,63213.3909,63181.78420455,0.00030105542504326794,19.22296390487449,0.1922296390487449,63213.3909,65128.9482,SL,-0.18262296043561468,0.01922296390487449,0.019021218898692835,0.00960667861312954,0.009515367132912383,0.019122045746041923,-0.23998918898522392,-1.248450499999994,0 days 00:35:00
5m,VALIDATION,36,CLOSED,BTCUSDT,LONG,2024-10-08 10:45:00+00:00,2024-10-08 10:50:00+00:00,62533.4,62564.6667,2024-10-08 15:30:00+00:00,61939.020033,61908.0505229835,0.00030341749531495246,18.983214465328814,0.18983214465328815,61939.020033,63815.960034,SL,-0.18034528085252433,0.018983214465328815,0.018783985629515186,0.009486863800764063,0.00939669116033692,0.01888355496110098,-0.23699603590846932,-1.2484504999999968,0 days 04:40:00
5m,VALIDATION,37,CLOSED,BTCUSDT,LONG,2024-10-10 04:25:00+00:00,2024-10-10 04:30:00+00:00,60931.26,60961.72563,2024-10-10 16:55:00+00:00,60352.1083737,60321.93231951315,0.0003075118854488532,18.746455188696977,0.18746455188696978,60352.1083737,62180.9601426,SL,-0.178096008564283,0.018746455188696977,0.018549711141491603,0.009368543322686771,0.009279495318404942,0.018648038641091713,-0.23404021353556329,-1.2484504999999995,0 days 12:25:00
5m,VALIDATION,38,CLOSED,BTCUSDT,LONG,2024-10-10 23:50:00+00:00,2024-10-10 23:55:00+00:00,60281.99,60312.13099499999,2024-10-11 13:30:00+00:00,61518.373614899996,61487.61442809255,0.0003069473499966911,18.512648781568544,0.18512648781568544,59709.00968504999,61518.373614899996,TP,0.37950467417288386,0.018512648781568546,0.018873460306321317,0.009251698541511763,0.009441450878598446,0.01869314942011021,0.32342541566488375,1.7470510000000146,0 days 13:35:00
5m,VALIDATION,39,CLOSED,BTCUSDT,LONG,2024-10-11 19:55:00+00:00,2024-10-11 20:00:00+00:00,63086.0,63117.543,2024-10-11 22:25:00+00:00,62486.367569999995,62455.124386215,0.0002984233891189345,18.835751094920077,0.18835751094920078,62486.367569999995,64379.89386,SL,-0.17894434198622378,0.018835751094920077,0.018638069887178893,0.009413168962977907,0.009323696791983789,0.018736865754961696,-0.23515502872328445,-1.2484504999999961,0 days 02:25:00
5m,VALIDATION,40,CLOSED,BTCUSDT,LONG,2024-10-12 08:40:00+00:00,2024-10-12 08:45:00+00:00,62759.99,62791.369994999994,2024-10-13 15:15:00+00:00,62163.45629505,62132.37456690247,0.0002962322845923982,18.60083098630541,0.1860083098630541,62163.45629505,64047.197394899995,SL,-0.17671254225370647,0.01860083098630541,0.01840561526510414,0.009295767609346755,0.00920741133822109,0.018503178947567846,-0.2322221674526839,-1.248450499999995,1 days 06:30:00
5m,VALIDATION,41,CLOSED,BTCUSDT,LONG,2024-10-13 23:50:00+00:00,2024-10-13 23:55:00+00:00,62852.63,62884.056314999994,2024-10-14 03:45:00+00:00,64141.73744129999,64109.66657257934,0.0002921064874857383,18.368840809030008,0.18368840809030007,62255.215751849995,64141.73744129999,TP,0.3765566466698691,0.018368840809030007,0.018726849516398,0.009179830489269486,0.00936810881260523,0.018547939301874716,0.32091301704256636,1.7470509999999975,0 days 03:50:00
5m,VALIDATION,42,CLOSED,BTCUSDT,LONG,2024-10-14 06:25:00+00:00,2024-10-14 06:30:00+00:00,64129.88,64161.944939999994,2024-10-14 14:00:00+00:00,65445.183838799996,65412.4612468806,0.0002912853288834227,18.689433233647957,0.18689433233647956,63520.32549059999,65445.183838799996,TP,0.38312871126648596,0.018689433233647957,0.01905369028737176,0.009340046593526215,0.00953161094915906,0.018871657542685275,0.32651393020278097,1.7470510000000108,0 days 07:30:00
5m,VALIDATION,43,CLOSED,BTCUSDT,LONG,2024-10-14 17:40:00+00:00,2024-10-14 17:45:00+00:00,65796.01,65828.90800499999,2024-10-15 13:50:00+00:00,67145.4861651,67111.91342201745,0.000288864293095428,19.01562097610828,0.1901562097610828,65170.61892494999,67145.4861651,TP,0.3898154784807408,0.01901562097610828,0.019386235428932634,0.009503058958573545,0.009697966697815226,0.019201025656388773,0.3322125964193111,1.7470510000000086,0 days 20:05:00
5m,VALIDATION,44,CLOSED,BTCUSDT,LONG,2024-10-15 19:45:00+00:00,2024-10-15 19:50:00+00:00,66917.04,66950.49852,2024-10-15 21:20:00+00:00,66280.9935348,66247.8530380326,0.00028898219011815496,19.34750169181189,0.1934750169181189,66280.9935348,68289.5084904,SL,-0.183806100530405,0.01934750169181189,0.019144449661556328,0.00966891638771213,0.009577013337447612,0.01924592972515974,-0.24154398160893298,-1.2484504999999948,0 days 01:30:00
5m,VALIDATION,45,CLOSED,BTCUSDT,LONG,2024-10-15 23:20:00+00:00,2024-10-15 23:25:00+00:00,66727.28,66760.64364,2024-10-16 11:25:00+00:00,68095.85651279999,68061.8085845436,0.0002861895567680583,19.10619901288189,0.19106199012881891,66093.03720359999,68095.85651279999,TP,0.39167230560140437,0.01910619901288189,0.01947857883164296,0.0095483253437679,0.009744161496566945,0.019292486840334844,0.33379504091654466,1.7470510000000077,0 days 12:00:00
5m,VALIDATION,46,CLOSED,BTCUSDT,LONG,2024-10-16 12:25:00+00:00,2024-10-16 12:30:00+00:00,68000.0,68034.0,2024-10-16 13:35:00+00:00,67353.66,67319.98317,0.00028573449440307935,19.4396605922191,0.194396605922191,67353.66,69394.68000000001,SL,-0.1846816331124853,0.019439660592219098,0.019235641354303765,0.009714972809704698,0.009622631993147512,0.01933760480285221,-0.2426945398618604,-1.2484504999999901,0 days 01:05:00
5m,VALIDATION,47,CLOSED,BTCUSDT,LONG,2024-10-16 19:10:00+00:00,2024-10-16 19:15:00+00:00,67921.6,67955.5608,2024-10-17 04:50:00+00:00,67276.00519200001,67242.36718940402,0.0002824965062232996,19.197208504445015,0.19197208504445015,67276.00519200001,69314.67201600001,SL,-0.18237827769590031,0.019197208504445017,0.018995733801190868,0.009593807348548443,0.009502618209698926,0.01909642555824737,-0.23966764555978357,-1.2484504999999857,0 days 09:35:00
5m,VALIDATION,48,CLOSED,BTCUSDT,LONG,2024-10-17 17:40:00+00:00,2024-10-17 17:45:00+00:00,67435.89,67469.607945,2024-10-17 18:15:00+00:00,66794.91186554999,66761.51440961722,0.000280982517381109,18.957780287102572,0.18957780287102574,66794.91186554999,68819.00010389999,SL,-0.1801036498040102,0.01895778028710257,0.01875881838298943,0.009474153067016848,0.009384101242116114,0.01885825430913296,-0.23667850278323516,-1.2484505000000086,0 days 00:30:00
5m,VALIDATION,49,CLOSED,BTCUSDT,LONG,2024-10-17 23:50:00+00:00,2024-10-17 23:55:00+00:00,67363.64,67397.32182,2024-10-18 15:30:00+00:00,68745.2682564,68710.8956222718,0.00027777569969886473,18.721338226380063,0.18721338226380063,66723.3486018,68745.2682564,TP,0.3837827556452323,0.018721338226380065,0.019086217108412212,0.009355991117630653,0.009547882495454319,0.018903873613084973,0.32707132669735506,1.7470509999999995,0 days 15:35:00
5m,VALIDATION,50,CLOSED,BTCUSDT,LONG,2024-10-18 16:35:00+00:00,2024-10-18 16:40:00+00:00,68708.19,68742.544095,2024-10-19 16:55:00+00:00,68055.11865405,68021.09109472299,0.0002770930732818306,19.04808280849531,0.1904808280849531,68055.11865405,70117.3949769,SL,-0.18096154632158615,0.01904808280849531,0.01884817317942015,0.00951928176336664,0.009428800990203748,0.018948082753570388,-0.237805885063072,-1.2484504999999908,1 days 00:15:00
5m,VALIDATION,51,CLOSED,BTCUSDT,LONG,2024-10-19 20:00:00+00:00,2024-10-19 20:05:00+00:00,68185.99,68220.082995,2024-10-21 13:40:00+00:00,67537.88216505,67504.11322396748,0.0002757327998725485,18.810514491748986,0.18810514491748986,67537.88216505,69584.4846549,SL,-0.17870458795009964,0.018810514491748986,0.018613098142158082,0.009400556967390538,0.009311204673416023,0.01871176164080656,-0.23483996222481326,-1.248450500000003,1 days 17:35:00
5m,VALIDATION,52,CLOSED,BTCUSDT,LONG,2024-10-21 22:05:00+00:00,2024-10-21 22:10:00+00:00,67862.25,67896.181125,2024-10-22 00:15:00+00:00,67217.21931375,67183.61070409312,0.00027359284170463044,18.575909134881044,0.18575909134881044,67217.21931375,69254.10474750001,SL,-0.17647577843782544,0.018575909134881045,0.018380954968510468,0.009283312910985792,0.009195075021766409,0.0184783879327522,-0.23191103047396916,-1.248450500000006,0 days 02:05:00
5m,VALIDATION,53,CLOSED,BTCUSDT,LONG,2024-10-22 07:15:00+00:00,2024-10-22 07:20:00+00:00,67678.0,67711.83899999999,2024-10-22 08:25:00+00:00,67034.72060999999,67001.203249695,0.0002709161360062633,18.344229783758202,0.183442297837582,67034.72060999999,69066.07578,SL,-0.17427476671126896,0.0183442297837582,0.01815170709217766,0.009167531126313955,0.009080393742958034,0.01824792486927199,-0.2290186284564768,-1.2484504999999926,0 days 01:05:00
5m,VALIDATION,54,CLOSED,BTCUSDT,LONG,2024-10-22 15:35:00+00:00,2024-10-22 15:40:00+00:00,67362.0,67395.681,2024-10-23 08:00:00+00:00,66721.72419,66688.363327905,0.0002687922976123699,18.115439945140345,0.18115439945140346,66721.72419,68743.59462,SL,-0.17210120607552296,0.018115439945140345,0.0179253184029161,0.009053193375881386,0.008967142772843467,0.018020336148724853,-0.22616230057230424,-1.2484504999999992,0 days 16:20:00
5m,VALIDATION,55,CLOSED,BTCUSDT,LONG,2024-10-23 22:40:00+00:00,2024-10-23 22:45:00+00:00,66539.99,66573.259995,2024-10-24 13:40:00+00:00,67904.7251949,67870.77283230257,0.0002687190560035042,17.88950358093225,0.1788950358093225,65907.52739505,67904.7251949,TP,0.3667303532682864,0.01788950358093225,0.018238170005724624,0.008940281649639989,0.009123646826272704,0.01806392847591269,0.3125387512057168,1.7470510000000228,0 days 14:55:00
5m,VALIDATION,56,CLOSED,BTCUSDT,LONG,2024-10-24 14:35:00+00:00,2024-10-24 14:40:00+00:00,67947.29,67981.26364499998,2024-10-25 07:25:00+00:00,67301.45100854998,67267.80028304571,0.00026774627492456187,18.20173010561329,0.1820173010561329,67301.45100854998,69340.88891789998,SL,-0.17292098416177745,0.01820173010561329,0.01801070294815488,0.00909631689435704,0.009009856402276447,0.018106173296633485,-0.2272395905121791,-1.248450499999997,0 days 16:45:00
5m,VALIDATION,57,CLOSED,BTCUSDT,LONG,2024-10-25 10:20:00+00:00,2024-10-25 10:25:00+00:00,67773.98,67807.86699,2024-10-25 17:55:00+00:00,67129.7883201,67096.22342593994,0.0002650830696433775,17.974717527679047,0.1797471752767905,67129.7883201,69164.0243298,SL,-0.17076430794661676,0.017974717527679047,0.017786072867226055,0.008982867330174187,0.008897485176201675,0.01788035250637586,-0.22440545084789773,-1.2484505000000057,0 days 07:30:00
5m,VALIDATION,58,CLOSED,BTCUSDT,LONG,2024-10-26 03:10:00+00:00,2024-10-26 03:15:00+00:00,66795.99,66829.387995,2024-10-27 21:45:00+00:00,68165.97575489999,68131.89276702254,0.0002656097383299213,17.75053625810073,0.1775053625810073,66161.09411505,68165.97575489999,TP,0.363881557874705,0.01775053625810073,0.01809649420977111,0.008870832712691915,0.009052773491632164,0.01792360620432408,0.31011092120250905,1.7470509999999868,1 days 18:30:00
5m,VALIDATION,59,CLOSED,BTCUSDT,LONG,2024-10-28 11:20:00+00:00,2024-10-28 11:25:00+00:00,68696.96,68731.30848,2024-10-28 22:05:00+00:00,70105.9346496,70070.88168227521,0.0002627672566926105,18.060337378183156,0.18060337378183156,68043.9953952,70105.9346496,TP,0.3702324034248243,0.018060337378183158,0.01841233335368395,0.009025655861161146,0.009210772062872026,0.018236427924033172,0.31552330476892404,1.747051000000008,0 days 10:40:00
5m,VALIDATION,60,CLOSED,BTCUSDT,LONG,2024-10-28 22:55:00+00:00,2024-10-28 23:00:00+00:00,69961.64,69996.62082,2024-10-29 02:20:00+00:00,71396.5532364,71360.8549597818,0.0002625204654108817,18.37554547485541,0.18375545474855412,69296.6546118,71396.5532364,TP,0.3766940906439615,0.018375545474855412,0.018733684856160344,0.0091831811468535,0.009371528192173632,0.018554709339027132,0.32103015097391857,1.7470510000000128,0 days 03:20:00
5m,VALIDATION,61,CLOSED,BTCUSDT,LONG,2024-10-29 06:00:00+00:00,2024-10-29 06:05:00+00:00,71138.88,71174.44944,2024-10-29 16:10:00+00:00,72597.9384288,72561.63945958561,0.0002626821150495688,18.696254916387797,0.18696254916387797,70462.7049456,72597.9384288,TP,0.3832685540580835,0.018696254916387798,0.0190606449247082,0.00934345573032664,0.009535090007354944,0.018878545737681586,0.3266331084793059,1.74705100000002,0 days 10:05:00
5m,VALIDATION,62,CLOSED,BTCUSDT,LONG,2024-10-29 18:15:00+00:00,2024-10-29 18:20:00+00:00,72898.0,72934.449,2024-10-29 20:20:00+00:00,72205.10450999999,72169.001957745,0.0002608172403971329,19.02256171806543,0.19022561718065428,72205.10450999999,74393.13798,SL,-0.1807190895854218,0.01902256171806543,0.018822919932834335,0.009506527595233337,0.009416168050439743,0.01892269564567308,-0.23748726688199462,-1.2484504999999906,0 days 02:00:00
5m,VALIDATION,63,CLOSED,BTCUSDT,LONG,2024-10-31 03:40:00+00:00,2024-10-31 03:45:00+00:00,72434.0,72470.21699999999,2024-10-31 13:40:00+00:00,71745.51482999999,71709.64207258499,0.000259214232809601,18.7853117012003,0.187853117012003,71745.51482999999,73919.62134,SL,-0.17846515514234146,0.0187853117012003,0.018588159854896206,0.009387961869662634,0.009298729292093154,0.018686691161755788,-0.23452531786019373,-1.2484505000000004,0 days 09:55:00
5m,VALIDATION,64,CLOSED,BTCUSDT,LONG,2024-11-01 12:35:00+00:00,2024-11-01 12:40:00+00:00,70442.02,70477.24101,2024-11-01 15:40:00+00:00,69772.46859989999,69737.58236560004,0.00026322001838486757,18.551020674366942,0.18551020674366941,69772.46859989999,71886.7858302,SL,-0.17623933184393897,0.018551020674366942,0.01835632771238946,0.009270874899731983,0.00918275523381141,0.018453630133543394,-0.23160031036423878,-1.2484505000000072,0 days 03:00:00
5m,VALIDATION,65,CLOSED,BTCUSDT,LONG,2024-11-02 03:05:00+00:00,2024-11-02 03:10:00+00:00,69778.25,69813.139125,2024-11-02 14:20:00+00:00,69115.00773375,69080.45022988312,0.0002624097979628577,18.319651732944127,0.18319651732944128,69115.00773375,71209.4019075,SL,-0.17404126908709117,0.01831965173294413,0.018127386988006877,0.009155248242351284,0.009068227607807545,0.018223475850158828,-0.228711783658201,-1.2484505000000075,0 days 11:10:00
5m,VALIDATION,66,CLOSED,BTCUSDT,LONG,2024-11-02 20:35:00+00:00,2024-11-02 20:40:00+00:00,69522.0,69556.761,2024-11-03 02:10:00+00:00,68861.19339,68826.76279330501,0.0002600921631843422,18.09116843258629,0.1809116843258629,68861.19339,70947.89622,SL,-0.17187062064141187,0.01809116843258629,0.017901301619886296,0.009041063684450555,0.00895512837412775,0.017996192058578303,-0.22585928275246275,-1.2484504999999837,0 days 05:30:00
5m,VALIDATION,67,CLOSED,BTCUSDT,LONG,2024-11-03 17:00:00+00:00,2024-11-03 17:05:00+00:00,68307.96,68342.11398000001,2024-11-04 16:55:00+00:00,67658.6928402,67624.8634937799,0.00026141325960023996,17.865534783482932,0.17865534783482934,67658.6928402,69708.95625960002,SL,-0.16972704459470828,0.017865534783482934,0.017678035995930277,0.008928303240122129,0.008843439717823491,0.01777174295794562,-0.2230423583320671,-1.2484505000000028,0 days 23:50:00
5m,VALIDATION,68,CLOSED,BTCUSDT,LONG,2024-11-05 01:00:00+00:00,2024-11-05 01:05:00+00:00,68074.47,68108.507235,2024-11-05 14:25:00+00:00,69470.67737969999,69435.94204101014,0.00025903834867229797,17.642715244689658,0.17642715244689658,67427.42216265,69470.67737969999,TP,0.3616712540415616,0.017642715244689657,0.01798657176480866,0.008816949147769945,0.008997784774790867,0.01781473392256081,0.3082272331095025,1.7470509999999966,0 days 13:20:00
5m,VALIDATION,69,CLOSED,BTCUSDT,LONG,2024-11-05 15:40:00+00:00,2024-11-05 15:45:00+00:00,69715.35,69750.207675,2024-11-05 19:55:00+00:00,69052.70559825,69018.17924545088,0.00025735600160684924,17.95063455848537,0.1795063455848537,69052.70559825,71145.2118285,SL,-0.17053551372154355,0.01795063455848537,0.017762242648794068,0.008970831863308973,0.008885564106448763,0.017856395969757737,-0.22410478689858068,-1.2484504999999848,0 days 04:10:00
5m,VALIDATION,70,CLOSED,BTCUSDT,LONG,2024-11-06 00:15:00+00:00,2024-11-06 00:20:00+00:00,69849.99,69884.914995,2024-11-06 00:45:00+00:00,71282.6132949,71246.97198825255,0.00025365636709669126,17.726753652492782,0.17726753652492783,69186.06584505,71282.6132949,TP,0.36339402040242497,0.017726753652492783,0.018072248081179867,0.00885894735256857,0.009040644362771015,0.017899591715339586,0.3096954269534128,1.7470510000000061,0 days 00:25:00
5m,VALIDATION,71,CLOSED,BTCUSDT,LONG,2024-11-06 16:35:00+00:00,2024-11-06 16:40:00+00:00,74414.74,74451.94737,2024-11-06 20:10:00+00:00,75940.98631739999,75903.0158242413,0.00024225208783018145,18.036139693405286,0.18036139693405287,73707.4278963,75940.98631739999,TP,0.3697363569332724,0.018036139693405284,0.018387664056029755,0.009013563065167434,0.009198431243634116,0.01821199430880155,0.3151005588750358,1.74705100000001,0 days 03:30:00
5m,VALIDATION,72,CLOSED,BTCUSDT,LONG,2024-11-06 20:40:00+00:00,2024-11-06 20:45:00+00:00,75747.02,75784.89351,2024-11-07 03:05:00+00:00,75027.04457489999,74989.53105261254,0.000242144900079404,18.35092546650722,0.1835092546650722,75027.04457489999,77300.5913802,SL,-0.1743383773704689,0.018350925466507222,0.01815833250373623,0.00917087729460397,0.009083708105921648,0.018254585400525616,-0.22910222074123793,-1.2484505000000066,0 days 06:20:00
5m,VALIDATION,73,CLOSED,BTCUSDT,LONG,2024-11-07 12:35:00+00:00,2024-11-07 12:40:00+00:00,74990.72,75028.21536,2024-11-07 18:30:00+00:00,76528.7796672,76490.5152773664,0.00024153649439961008,18.12205211911338,0.1812205211911338,74277.9332064,76528.7796672,TP,0.37149754019291786,0.018122052119113382,0.0184752509149149,0.009056497810651556,0.009242246580746733,0.018298744391398288,0.3166014927674913,1.7470509999999988,0 days 05:50:00
5m,VALIDATION,74,CLOSED,BTCUSDT,LONG,2024-11-07 20:30:00+00:00,2024-11-07 20:35:00+00:00,76666.0,76704.333,2024-11-07 21:55:00+00:00,75937.28967,75899.321025165,0.0002403819524338125,18.438337326673313,0.18438337326673312,75937.28967,78238.41966,SL,-0.17516881188408823,0.018438337326673312,0.018244826976429877,0.009214561382645026,0.00912697697670249,0.018341538359347515,-0.2301935145465389,-1.2484504999999964,0 days 01:20:00
5m,VALIDATION,75,CLOSED,BTCUSDT,LONG,2024-11-08 01:20:00+00:00,2024-11-08 01:25:00+00:00,76256.0,76294.128,2024-11-10 04:30:00+00:00,77820.01056,77781.10055472,0.00023866022527549918,18.208373775677767,0.18208373775677766,75531.18672,77820.01056,TP,0.3732671125828585,0.01820837377567777,0.01856325498056573,0.00909963706930351,0.009286270625593588,0.018385907694897098,0.3181095761317179,1.7470510000000097,2 days 03:05:00
5m,VALIDATION,76,CLOSED,BTCUSDT,LONG,2024-11-10 04:30:00+00:00,2024-11-10 04:35:00+00:00,77885.8,77924.7429,2024-11-10 05:25:00+00:00,79483.237758,79443.49613912101,0.0002377443270335787,18.526165560025138,0.18526165560025137,77145.495471,79483.237758,TP,0.37978176475373876,0.018526165560025138,0.018887240526790035,0.009258453553234658,0.009448344435611373,0.01870679798884603,0.3236615606780776,1.7470510000000155,0 days 00:50:00
5m,VALIDATION,77,CLOSED,BTCUSDT,LONG,2024-11-10 10:30:00+00:00,2024-11-10 10:35:00+00:00,79417.99,79457.698995,2024-11-10 18:25:00+00:00,81046.8529749,81006.32954841256,0.00023722690212394523,18.849503782480767,0.18849503782480767,78663.12200505,81046.8529749,TP,0.3864101175199195,0.018849503782480768,0.019216880611201317,0.00942004187030371,0.009613246929064064,0.019033288799367776,0.3293104443268696,1.7470510000000083,0 days 07:50:00
5m,VALIDATION,78,CLOSED,BTCUSDT,LONG,2024-11-10 23:30:00+00:00,2024-11-10 23:35:00+00:00,80420.55,80460.760275,2024-11-11 10:10:00+00:00,82069.9754805,82028.94049275975,0.00023835824046151519,19.178485245344778,0.19178485245344778,79656.15267225,82069.9754805,TP,0.3931541553043679,0.019178485245344778,0.01955227392277655,0.009584450397471356,0.0097810274751253,0.019365477872596654,0.33505791826365,1.7470510000000083,0 days 10:35:00
5m,VALIDATION,79,CLOSED,BTCUSDT,LONG,2024-11-11 16:55:00+00:00,2024-11-11 17:00:00+00:00,84200.0,84242.09999999999,2024-11-11 19:05:00+00:00,85926.942,85883.978529,0.00023163250251849568,19.51320844041336,0.19513208440413363,83399.67899999999,85926.942,TP,0.4000158971642949,0.019513208440413363,0.019893520872917025,0.009751728356026645,0.009951736304609769,0.019703464660636414,0.3409057031903281,1.7470510000000103,0 days 02:05:00
5m,VALIDATION,80,CLOSED,BTCUSDT,LONG,2024-11-11 22:50:00+00:00,2024-11-11 22:55:00+00:00,87657.62,87701.44880999999,2024-11-11 23:10:00+00:00,89455.47778619999,89410.7500473069,0.0002263790832176293,19.853773578465642,0.19853773578465642,86824.43432189999,89455.47778619999,TP,0.4069973973956314,0.01985377357846564,0.02024072362550994,0.009921925826317804,0.010125424525016597,0.0200473503513344,0.3468555498403214,1.7470510000000081,0 days 00:15:00
5m,VALIDATION,81,CLOSED,BTCUSDT,LONG,2024-11-12 08:55:00+00:00,2024-11-12 09:00:00+00:00,89280.0,89324.64,2024-11-12 09:05:00+00:00,88431.3936,88387.1779032,0.0002261445735383335,20.200282619265167,0.20200282619265167,88431.3936,91111.1328,SL,-0.19190773242990142,0.020200282619265167,0.01998828065317598,0.010095093762751075,0.009999139896534186,0.02009423365928526,-0.25219052936162784,-1.248450499999994,0 days 00:05:00
5m,VALIDATION,82,CLOSED,BTCUSDT,LONG,2024-11-13 09:10:00+00:00,2024-11-13 09:15:00+00:00,87500.0,87543.75,2024-11-13 13:45:00+00:00,89294.625,89249.97768750001,0.00022786714104084313,19.94834402849431,0.1994834402849431,86668.3125,89294.625,TP,0.4089360679904231,0.01994834402849431,0.020337137253609666,0.009969187420536887,0.01017365545452987,0.020142842875066756,0.34850774383325234,1.747051000000011,0 days 04:30:00
5m,VALIDATION,83,CLOSED,BTCUSDT,LONG,2024-11-13 18:00:00+00:00,2024-11-13 18:05:00+00:00,92454.38,92500.60719,2024-11-13 19:05:00+00:00,91575.60111809999,91529.81331754095,0.0002194202203565375,20.296503612743315,0.20296503612743316,91575.60111809999,94350.6193338,SL,-0.19282185591117237,0.020296503612743315,0.020083491807327575,0.010143180216261446,0.010046769288307162,0.020189949504568608,-0.2533918008358119,-1.2484504999999997,0 days 01:00:00
5m,VALIDATION,84,CLOSED,BTCUSDT,LONG,2024-11-14 12:55:00+00:00,2024-11-14 13:00:00+00:00,91243.17,91288.791585,2024-11-14 14:35:00+00:00,90375.90366915,90330.71571731543,0.00021955997666928348,20.043364950569682,0.20043364950569684,90375.90366915,93114.5674167,SL,-0.1904169753674822,0.020043364950569683,0.019833009835413452,0.010016674138215904,0.009921465650530186,0.01993813978874609,-0.25023148994221145,-1.2484504999999975,0 days 01:35:00
5m,VALIDATION,85,CLOSED,BTCUSDT,LONG,2024-11-14 19:40:00+00:00,2024-11-14 19:45:00+00:00,89463.99,89508.721995,2024-11-14 20:05:00+00:00,88613.63477505,88569.32795766248,0.0002211335722483176,19.793383442135905,0.19793383442135906,88613.63477505,91298.8964349,SL,-0.18804208857321655,0.019793383442135905,0.019585651882910688,0.009891745848142695,0.009797724803856551,0.019689470651999247,-0.2471105945502624,-1.2484504999999975,0 days 00:20:00
5m,VALIDATION,86,CLOSED,BTCUSDT,LONG,2024-11-15 03:40:00+00:00,2024-11-15 03:45:00+00:00,88384.85,88429.042425,2024-11-15 04:20:00+00:00,87544.75200075,87500.97962474963,0.0002210418565585464,19.546519711316463,0.19546519711316465,87544.75200075,90197.62327350001,SL,-0.18569682144534186,0.019546519711316462,0.019341378986946198,0.009768375667824562,0.00967552725710096,0.019443902924925524,-0.24402862306853002,-1.2484505000000055,0 days 00:35:00
5m,VALIDATION,87,CLOSED,BTCUSDT,LONG,2024-11-15 12:45:00+00:00,2024-11-15 12:50:00+00:00,89918.15,89963.10907499999,2024-11-15 14:30:00+00:00,89063.47798424998,89018.94624525786,0.00021456278102832083,19.302734873086166,0.19302734873086166,89063.47798424998,91762.37125649999,SL,-0.18338080456640285,0.019302734873086168,0.019100152670593125,0.009646544164459045,0.009554853762177785,0.019201397926636832,-0.24098509003671897,-1.248450500000002,0 days 01:40:00
5m,VALIDATION,88,CLOSED,BTCUSDT,LONG,2024-11-16 02:45:00+00:00,2024-11-16 02:50:00+00:00,91521.46,91567.22073,2024-11-16 12:10:00+00:00,90651.5485227,90606.22274843865,0.00020817482910835902,19.06199052739514,0.1906199052739514,90651.5485227,93398.5651446,SL,-0.18109367312632843,0.01906199052739514,0.01886193493681013,0.009526232147622615,0.009435685311060506,0.01896191745868312,-0.2379795160492168,-1.2484504999999977,0 days 09:20:00
5m,VALIDATION,89,CLOSED,BTCUSDT,LONG,2024-11-16 20:00:00+00:00,2024-11-16 20:05:00+00:00,91126.37,91171.93318499999,2024-11-17 01:40:00+00:00,90260.21385314998,90215.0837462234,0.00020646977743603718,18.8242487531202,0.188242487531202,90260.21385314998,92995.37184869999,SL,-0.17883506686497813,0.018824248753120203,0.0186266882624562,0.009407420666225293,0.00931800313279461,0.018725423799019904,-0.23501142767957442,-1.248450500000008,0 days 05:35:00
5m,VALIDATION,90,CLOSED,BTCUSDT,LONG,2024-11-17 04:55:00+00:00,2024-11-17 05:00:00+00:00,90576.01,90621.29800499999,2024-11-17 19:25:00+00:00,89715.08502494999,89670.22748243752,0.00020513358902744902,18.589472102091655,0.18589472102091656,89715.08502494999,92433.7239651,SL,-0.17660463001537394,0.018589472102091654,0.018394375592380205,0.009290091005542006,0.009201788690534903,0.018491879696076907,-0.2320803574059227,-1.2484504999999941,0 days 14:25:00
5m,VALIDATION,91,CLOSED,BTCUSDT,LONG,2024-11-18 05:20:00+00:00,2024-11-18 05:25:00+00:00,90663.5,90708.83175,2024-11-18 13:00:00+00:00,89801.74343249999,89756.84256078374,0.00020237967173681115,18.35762359319463,0.18357623593194633,89801.74343249999,92523.008385,SL,-0.17440201124769272,0.018357623593194632,0.018164960333584054,0.009174224684254694,0.009087023678631454,0.01826124836288615,-0.22918584353735755,-1.2484505000000066,0 days 07:35:00
5m,VALIDATION,92,CLOSED,BTCUSDT,LONG,2024-11-19 05:00:00+00:00,2024-11-19 05:05:00+00:00,91599.99,91645.789995,2024-11-19 18:15:00+00:00,93478.7057949,93431.96644200255,0.0001978123240307382,18.128666706543925,0.18128666706543925,90729.33209505,93478.7057949,TP,0.37163313758242383,0.018128666706543926,0.018481994420654468,0.00905980345154499,0.009245620020337375,0.018305423471882368,0.3167170529833431,1.747051000000002,0 days 13:10:00
5m,VALIDATION,93,CLOSED,BTCUSDT,LONG,2024-11-20 05:15:00+00:00,2024-11-20 05:20:00+00:00,92133.18,92179.24659,2024-11-20 13:15:00+00:00,94022.83152179999,93975.8201060391,0.00020010000126076036,18.44506735887494,0.18445067358874942,91257.4541241,94022.83152179999,TP,0.37811927189457745,0.01844506735887494,0.018804561721699416,0.009217924717079367,0.009406984353024497,0.018624909070103862,0.3222447337438993,1.7470510000000055,0 days 07:55:00
5m,VALIDATION,94,CLOSED,BTCUSDT,LONG,2024-11-20 14:25:00+00:00,2024-11-20 14:30:00+00:00,94451.43,94498.65571499999,2024-11-20 16:25:00+00:00,93553.66915784999,93506.89232327107,0.00019859531363501697,18.76699016980791,0.18766990169807912,93553.66915784999,96388.62882929998,SL,-0.1782910960160171,0.01876699016980791,0.01857003060797578,0.009378805682061578,0.009289660134054464,0.01866846581611604,-0.23429658260991681,-1.248450499999995,0 days 01:55:00
5m,VALIDATION,95,CLOSED,BTCUSDT,LONG,2024-11-20 21:30:00+00:00,2024-11-20 21:35:00+00:00,94378.96,94426.14948000001,2024-11-21 04:00:00+00:00,96314.6724696,96266.5151333652,0.00019626901818805463,18.532927649718086,0.18532927649718087,93481.88798520001,96314.6724696,TP,0.37992038590276567,0.018532927649718086,0.01889413440961109,0.009261832908405019,0.009451793101356028,0.018713626009761047,0.32377969783367544,1.7470509999999952,0 days 06:25:00
5m,VALIDATION,96,CLOSED,BTCUSDT,LONG,2024-11-21 23:35:00+00:00,2024-11-21 23:40:00+00:00,98445.44,98494.66272,2024-11-22 13:40:00+00:00,97509.7160928,97460.9612347536,0.0001914457430542707,18.856383891310173,0.18856383891310174,97509.7160928,100464.55597439999,SL,-0.17914035870755105,0.018856383891310172,0.018658486142370877,0.009423480205550522,0.009333910026196957,0.01875739023174748,-0.23541261897297955,-1.2484504999999906,0 days 14:00:00
5m,VALIDATION,97,CLOSED,BTCUSDT,LONG,2024-11-22 18:50:00+00:00,2024-11-22 18:55:00+00:00,99095.99,99145.537995,2024-11-23 16:15:00+00:00,98154.08261505,98105.00557374248,0.00018781688844855338,18.621206449778725,0.18621206449778727,98154.08261505,101128.4487549,SL,-0.17690611424802244,0.018621206449778726,0.018425776888088302,0.009305950249764633,0.00921749719263999,0.018523447442404625,-0.2324765450282941,-1.2484504999999964,0 days 21:20:00
5m,VALIDATION,98,CLOSED,BTCUSDT,LONG,2024-11-24 07:55:00+00:00,2024-11-24 08:00:00+00:00,98431.05,98480.265525,2024-11-24 10:45:00+00:00,97495.46286975,97446.71513831514,0.00018672738188731813,18.388962149051164,0.18388962149051163,97495.46286975,100449.8708355,SL,-0.17469973535905214,0.018388962149051166,0.018195969991296874,0.009189886131458422,0.00910253626377851,0.018292422395236933,-0.22957708989463713,-1.2484504999999844,0 days 02:45:00
5m,VALIDATION,99,CLOSED,BTCUSDT,LONG,2024-11-25 03:10:00+00:00,2024-11-25 03:15:00+00:00,97476.32,97525.05816,2024-11-25 14:40:00+00:00,96549.8075784,96501.5326746108,0.00018620459961280869,18.15961440689868,0.1815961440689868,96549.8075784,99475.5593232,SL,-0.1725208745003239,0.01815961440689868,0.017969029253698282,0.0090752695686638,0.008989009131413308,0.01806427870007711,-0.22671379686099796,-1.2484504999999964,0 days 11:25:00
5m,VALIDATION,100,CLOSED,BTCUSDT,LONG,2024-11-26 16:05:00+00:00,2024-11-26 16:10:00+00:00,93200.01,93246.610005,2024-11-26 18:30:00+00:00,92314.14390494999,92267.98683299751,0.0001923193464768922,17.933127097347235,0.17933127097347235,92314.14390494999,95111.54220509999,SL,-0.17036918846605348,0.017933127097347235,0.017744918928460574,0.008962082507419955,0.008876897913186927,0.01783898042060688,-0.22388621491246818,-1.2484505000000063,0 days 02:20:00
5m,VALIDATION,101,CLOSED,BTCUSDT,LONG,2024-11-27 02:20:00+00:00,2024-11-27 02:25:00+00:00,92870.0,92916.435,2024-11-27 14:40:00+00:00,94774.7637,94727.37631815,0.00019059560932344345,17.709464544987128,0.17709464544987127,91987.27064999999,94774.7637,TP,0.36303959801867586,0.01770946454498713,0.01805462200896893,0.008850307118933653,0.00903182691794337,0.017882134036877023,0.3093933774278428,1.7470509999999984,0 days 12:15:00
5m,VALIDATION,102,CLOSED,BTCUSDT,LONG,2024-11-27 15:30:00+00:00,2024-11-27 15:35:00+00:00,95271.99,95319.625995,2024-11-29 11:45:00+00:00,97226.0185149,97177.40550564256,0.00018903293681688392,18.01854883812184,0.18018548838121842,94366.42973505,97226.0185149,TP,0.36937574879548074,0.01801854883812184,0.018369730354976837,0.009004772033042438,0.009189459907441347,0.018194231940483786,0.31479323766189826,1.7470510000000123,1 days 20:10:00
5m,VALIDATION,103,CLOSED,BTCUSDT,LONG,2024-11-29 14:20:00+00:00,2024-11-29 14:25:00+00:00,97133.63,97182.196815,2024-11-30 10:45:00+00:00,96210.37484685,96162.26965942657,0.0001886459474869079,18.333027597024838,0.1833302759702484,96210.37484685,99125.8407513,SL,-0.17416834313815327,0.018333027597024838,0.01814062247239406,0.009161932832096053,0.009074848660527365,0.01823678149262342,-0.2288787747001956,-1.2484505000000055,0 days 20:20:00
5m,VALIDATION,104,CLOSED,BTCUSDT,LONG,2024-11-30 18:45:00+00:00,2024-11-30 18:50:00+00:00,96931.97,96980.43598499999,2024-12-01 02:30:00+00:00,96010.63162515,95962.62630933743,0.0001866807185239859,18.10437747244922,0.18104377472449218,96010.63162515,98920.04470469999,SL,-0.1719961098207205,0.01810437747244922,0.017914372030875866,0.009047664903770482,0.008961666848860786,0.018009331752631266,-0.22602419107667684,-1.2484504999999846,0 days 07:40:00
5m,VALIDATION,105,CLOSED,BTCUSDT,LONG,2024-12-01 08:00:00+00:00,2024-12-01 08:05:00+00:00,96510.0,96558.25499999999,2024-12-02 08:15:00+00:00,95592.67244999998,95544.87611377498,0.0001851584732943364,17.878579079765224,0.17878579079765225,95592.67244999998,98489.42009999999,SL,-0.1698509686688371,0.017878579079765224,0.017690943392323084,0.008934822128816371,0.008849896644483999,0.01778471877330037,-0.22320520991422574,-1.2484505000000077,1 days 00:10:00
5m,VALIDATION,106,CLOSED,BTCUSDT,LONG,2024-12-02 15:05:00+00:00,2024-12-02 15:10:00+00:00,96439.32,96487.53966,2024-12-02 17:25:00+00:00,95522.66426339999,95474.9029312683,0.00018298318015251466,17.65559685207868,0.1765559685207868,95522.66426339999,98417.2904532,SL,-0.16773258178811742,0.01765559685207868,0.017470301363116118,0.008823386732670796,0.008739520441777011,0.017562907174447806,-0.22042138717776003,-1.248450499999997,0 days 02:15:00
5m,VALIDATION,107,CLOSED,BTCUSDT,LONG,2024-12-03 00:35:00+00:00,2024-12-03 00:40:00+00:00,95920.63,95968.590315,2024-12-03 10:50:00+00:00,95008.90441184999,94961.39995964407,0.00018167814707768763,17.43539566608692,0.1743539566608692,95008.90441184999,97887.96212129999,SL,-0.16564061549841003,0.017435395666086918,0.017252411188571338,0.008713341162460293,0.008630520854711738,0.01734386201717203,-0.21767228437024033,-1.2484504999999992,0 days 10:10:00
5m,VALIDATION,108,CLOSED,BTCUSDT,LONG,2024-12-03 19:35:00+00:00,2024-12-03 19:40:00+00:00,95423.87,95471.581935,2024-12-04 20:05:00+00:00,97381.0135737,97332.32306691314,0.00018034624008083082,17.21794083654622,0.1721794083654622,94516.86611564999,97381.0135737,TP,0.35296348481515527,0.01721794083654622,0.017553518503450504,0.008604668084230879,0.008781149826638602,0.017385817910869482,0.3008062075642891,1.7470510000000001,1 days 00:25:00
5m,VALIDATION,109,CLOSED,BTCUSDT,LONG,2024-12-04 22:15:00+00:00,2024-12-04 22:20:00+00:00,98150.26,98199.33512999999,2024-12-05 02:40:00+00:00,100163.32183259999,100113.24017168369,0.0001783967937788689,17.518446538408647,0.17518446538408647,97217.34177869999,100163.32183259999,TP,0.35912377661445355,0.017518446538408648,0.01785988106144223,0.008754845846280727,0.008934407734588623,0.017689253580869348,0.3060561954337333,1.747050999999998,0 days 04:20:00
5m,VALIDATION,110,CLOSED,BTCUSDT,LONG,2024-12-05 10:30:00+00:00,2024-12-05 10:35:00+00:00,102776.0,102827.38799999999,2024-12-05 15:25:00+00:00,101799.11411999998,101748.21456293999,0.00017334094865268184,17.824196983397393,0.17824196983397392,101799.11411999998,104883.93576,SL,-0.16933432516461272,0.017824196983397392,0.017637132036056633,0.008907644669362582,0.008822977506780764,0.017730622176143344,-0.22252627636021008,-1.2484505000000024,0 days 04:50:00
5m,VALIDATION,111,CLOSED,BTCUSDT,LONG,2024-12-06 02:40:00+00:00,2024-12-06 02:45:00+00:00,97908.0,97956.954,2024-12-06 17:40:00+00:00,99916.09308,99866.13503346001,0.000179690081124915,17.60189301100957,0.1760189301100957,96977.38446,99916.09308,TP,0.36083440845158155,0.01760189301100957,0.017944953905794148,0.008796548231388713,0.00897696543561348,0.017773513667002194,0.30751404786777564,1.7470510000000161,0 days 14:55:00
5m,VALIDATION,112,CLOSED,BTCUSDT,LONG,2024-12-07 10:25:00+00:00,2024-12-07 10:30:00+00:00,99597.59,99647.38879499999,2024-12-09 03:50:00+00:00,98650.91490704998,98601.58944959646,0.00017972472804962198,17.90909985203632,0.1790909985203632,98650.91490704998,101640.33657089999,SL,-0.17014092363179154,0.01790909985203632,0.0177211438490892,0.008950074888573004,0.0088650044267578,0.017815079315330804,-0.22358624664824786,-1.2484505000000066,1 days 17:20:00
5m,VALIDATION,113,CLOSED,BTCUSDT,LONG,2024-12-09 14:35:00+00:00,2024-12-09 14:40:00+00:00,99387.02,99436.71351,2024-12-09 15:25:00+00:00,98442.34637490001,98393.12520171257,0.00017785922667781296,17.685736968271836,0.17685736968271837,98442.34637490001,101425.4477802,SL,-0.1680189204232116,0.017685736968271838,0.017500125158789823,0.008838449259505691,0.008754439799293013,0.017592889058798702,-0.22079767160907193,-1.248450499999985,0 days 00:45:00
5m,VALIDATION,114,CLOSED,BTCUSDT,LONG,2024-12-10 00:15:00+00:00,2024-12-10 00:20:00+00:00,97443.09,97491.81154499999,2024-12-10 03:05:00+00:00,96516.89342955,96468.63498283522,0.0001791448901910676,17.46515987375728,0.1746515987375728,96516.89342955,99441.6477759,SL,-0.16592338290860928,0.01746515987375728,0.0172818630208822,0.008728215828962915,0.008645254137508612,0.017373469966471527,-0.21804387576972026,-1.2484504999999892,0 days 02:45:00
5m,VALIDATION,115,CLOSED,BTCUSDT,LONG,2024-12-10 11:05:00+00:00,2024-12-10 11:10:00+00:00,97724.81,97773.67240499999,2024-12-10 15:30:00+00:00,96795.93568094999,96747.53771310952,0.00017640059332736365,17.24733382403728,0.1724733382403728,96795.93568094999,99729.1458531,SL,-0.16385398100697263,0.01724733382403728,0.017066323055554007,0.008619357233400632,0.008537430242897947,0.017156787476298577,-0.2153244253628625,-1.2484504999999997,0 days 04:20:00
5m,VALIDATION,116,CLOSED,BTCUSDT,LONG,2024-12-10 22:25:00+00:00,2024-12-10 22:30:00+00:00,96810.12,96858.52505999999,2024-12-11 00:40:00+00:00,95889.93980939999,95841.9948394953,0.00017584641617699302,17.032224507990467,0.17032224507990468,95889.93980939999,98795.69556119999,SL,-0.16181038875407303,0.017032224507990468,0.016853471311779108,0.008511856325830567,0.008430951131454638,0.016942807457285207,-0.2126388920311278,-1.2484504999999897,0 days 02:10:00
5m,VALIDATION,117,CLOSED,BTCUSDT,LONG,2024-12-11 04:15:00+00:00,2024-12-11 04:20:00+00:00,97344.01,97392.682005,2024-12-11 14:45:00+00:00,99340.5356451,99290.86537727746,0.00017270084051655338,16.819798042424903,0.16819798042424902,96418.75518495,99340.5356451,TP,0.34480165702162435,0.016819798042424904,0.017147615906271767,0.00840569617312595,0.008578097001635157,0.016983793174761105,0.29385044989816655,1.7470510000000112,0 days 10:25:00
5m,VALIDATION,118,CLOSED,BTCUSDT,LONG,2024-12-11 16:50:00+00:00,2024-12-11 16:55:00+00:00,100592.84,100643.13642,2024-12-11 18:00:00+00:00,99636.70505579999,99586.8867032721,0.00017003996044015644,17.113354935430067,0.17113354935430067,99636.70505579999,102655.99914839999,SL,-0.1625811480872203,0.017113354935430067,0.01693375027538273,0.008552401267081284,0.008471110693035728,0.017023511960117012,-0.2136517652581501,-1.2484504999999928,0 days 01:05:00
5m,VALIDATION,119,CLOSED,BTCUSDT,LONG,2024-12-12 09:45:00+00:00,2024-12-12 09:50:00+00:00,100919.99,100970.449995,2024-12-12 19:25:00+00:00,99960.74549505,99910.76512230247,0.00016737487660335997,16.899916608498852,0.16899916608498852,99960.74549505,102989.8589949,SL,-0.16055343064845892,0.016899916608498853,0.016722551983692657,0.008445735436530731,0.00836545872120656,0.01681119415773729,-0.21098709339838773,-1.2484505000000046,0 days 09:35:00
5m,VALIDATION,120,CLOSED,BTCUSDT,LONG,2024-12-13 05:35:00+00:00,2024-12-13 05:40:00+00:00,99988.75,100038.744375,2024-12-14 01:00:00+00:00,102039.51926249999,101988.49950286874,0.00016682676692599728,16.689140291417544,0.16689140291417545,99038.35693124999,102039.51926249999,TP,0.34212320577408534,0.016689140291417544,0.017014411635697273,0.008340399945735032,0.008511461548622958,0.016851861494357988,0.2915677923526125,1.7470509999999961,0 days 19:20:00
5m,VALIDATION,121,CLOSED,BTCUSDT,LONG,2024-12-14 16:20:00+00:00,2024-12-14 16:25:00+00:00,101601.33,101652.13066499999,2024-12-14 20:50:00+00:00,100635.60935834999,100585.29155367082,0.0001670443767009094,16.980416807254322,0.16980416807254323,100635.60935834999,103685.17327829999,SL,-0.16131820265162858,0.016980416807254324,0.01680220733286219,0.008485965420914688,0.008405306319590506,0.016891271740505195,-0.21199209853225026,-1.248450499999998,0 days 04:25:00
5m,VALIDATION,122,CLOSED,BTCUSDT,LONG,2024-12-15 04:05:00+00:00,2024-12-15 04:10:00+00:00,101875.77,101926.707885,2024-12-15 23:15:00+00:00,103965.2420427,103913.25942167865,0.00016451661038596182,16.768636489040286,0.16768636489040287,100907.44080615,103965.2420427,TP,0.34375285796123556,0.016768636489040287,0.017095457214211685,0.008380128180428627,0.008552004609410628,0.016932132789839256,0.2929566314681443,1.7470510000000066,0 days 19:05:00
5m,VALIDATION,123,CLOSED,BTCUSDT,LONG,2024-12-16 06:55:00+00:00,2024-12-16 07:00:00+00:00,105149.98,105202.55498999999,2024-12-16 11:40:00+00:00,104150.52944009998,104098.45417537994,0.00016217572337632574,17.061300456540934,0.17061300456540934,104150.52944009998,107306.60608979999,SL,-0.16208661753065812,0.017061300456540935,0.01688224210824954,0.008526387034752071,0.008445343725986543,0.016971730760738615,-0.2130018908561872,-1.248450499999998,0 days 04:40:00
5m,VALIDATION,124,CLOSED,BTCUSDT,LONG,2024-12-16 17:55:00+00:00,2024-12-16 18:00:00+00:00,107078.55,107132.08927499999,2024-12-16 19:10:00+00:00,106060.76838225,106007.73799805887,0.00015726857815250524,16.848511354786506,0.16848511354786508,106060.76838225,109274.7310605,SL,-0.16006506789330008,0.016848511354786506,0.01667168622811802,0.008420045654564124,0.008340013120618961,0.016760058775183086,-0.2103453242513877,-1.2484504999999926,0 days 01:10:00
5m,VALIDATION,125,CLOSED,BTCUSDT,LONG,2024-12-17 07:05:00+00:00,2024-12-17 07:10:00+00:00,106900.29,106953.74014499999,2024-12-17 15:30:00+00:00,105884.20274354999,105831.26064217823,0.00015556609935442271,16.63837616572418,0.16638376165724178,105884.20274354999,109092.81494789998,SL,-0.15806873108966385,0.016638376165724177,0.016463756407864905,0.00831503056757756,0.008235996202032006,0.016551026769609567,-0.2077218904328625,-1.248450499999989,0 days 08:20:00
5m,VALIDATION,126,CLOSED,BTCUSDT,LONG,2024-12-18 18:55:00+00:00,2024-12-18 19:00:00+00:00,104805.44,104857.84272,2024-12-18 19:05:00+00:00,103809.2642928,103757.3596606536,0.00015669654613763518,16.43086178966737,0.16430861789667373,103809.2642928,106954.9995744,SL,-0.15609729266445674,0.01643086178966737,0.016258419895184815,0.0082113252322173,0.008133276585884955,0.016344601818102253,-0.20513117616741117,-1.2484504999999995,0 days 00:05:00
5m,VALIDATION,127,CLOSED,BTCUSDT,LONG,2024-12-19 07:15:00+00:00,2024-12-19 07:20:00+00:00,101295.46,101346.10773,2024-12-19 15:15:00+00:00,100332.6466527,100282.48032937366,0.00016010418064577291,16.225935539749884,0.16225935539749883,100332.6466527,103373.02988460001,SL,-0.15415044208428133,0.016225935539749884,0.01605564434626021,0.008108913313217845,0.008031838092174415,0.01614075140539226,-0.2025727733756837,-1.2484504999999912,0 days 07:55:00
5m,VALIDATION,128,CLOSED,BTCUSDT,LONG,2024-12-20 17:25:00+00:00,2024-12-20 17:30:00+00:00,97275.73,97324.367865,2024-12-20 21:05:00+00:00,96351.12418634999,96302.94862425682,0.0001646408344414185,16.023565136777172,0.16023565136777174,96351.12418634999,99270.8552223,SL,-0.15222787268872381,0.016023565136777173,0.015855397820666698,0.008007778679048562,0.007931664742703114,0.015939443421751676,-0.20004627906791936,-1.2484504999999941,0 days 03:35:00
5m,VALIDATION,129,CLOSED,BTCUSDT,LONG,2024-12-21 02:35:00+00:00,2024-12-21 02:40:00+00:00,97537.55,97586.31877499999,2024-12-21 07:40:00+00:00,99538.0451505,99488.27612792475,0.0001621509951679381,15.823718704141893,0.15823718704141893,96610.45558724999,99538.0451505,TP,0.32438227948220777,0.015823718704141895,0.01613212298168562,0.007907905399369565,0.008070096539111537,0.015978001938481104,0.27644843585789913,1.7470510000000072,0 days 05:00:00
5m,VALIDATION,130,CLOSED,BTCUSDT,LONG,2024-12-22 01:00:00+00:00,2024-12-22 01:05:00+00:00,97299.81,97348.459905,2024-12-22 04:40:00+00:00,96374.97530594999,96326.78781829702,0.00016538413636381813,16.0998909677362,0.16099890967736202,96374.97530594999,99295.4291031,SL,-0.15295298715475605,0.016099890967736202,0.01593092261202981,0.008045922522606533,0.007969446029029654,0.016015368551636187,-0.20099916928615824,-1.2484505000000048,0 days 03:35:00
5m,VALIDATION,131,CLOSED,BTCUSDT,LONG,2024-12-22 12:25:00+00:00,2024-12-22 12:30:00+00:00,97129.76,97178.32487999999,2024-12-22 14:20:00+00:00,96206.54163119999,96158.43836038439,0.00016360739513110407,15.89909259682096,0.1589909259682096,96206.54163119999,99121.89137759998,SL,-0.15104535245655623,0.01589909259682096,0.015732231620017325,0.00794557351165315,0.007870050835426062,0.015815624347079213,-0.19849230102047372,-1.2484504999999966,0 days 01:50:00
5m,VALIDATION,132,CLOSED,BTCUSDT,LONG,2024-12-23 11:20:00+00:00,2024-12-23 11:25:00+00:00,96204.74,96252.84237,2024-12-23 13:35:00+00:00,95290.3139463,95242.66878932685,0.0001631203630273376,15.700798589807501,0.15700798589807502,95290.3139463,98177.8992174,SL,-0.14916150984120105,0.015700798589807503,0.015536018708607473,0.007846476056874212,0.007771895301953646,0.015618371358827859,-0.19601669849844386,-1.2484504999999946,0 days 02:10:00
5m,VALIDATION,133,CLOSED,BTCUSDT,LONG,2024-12-25 00:10:00+00:00,2024-12-25 00:15:00+00:00,98752.85,98802.226425,2024-12-25 02:10:00+00:00,97814.20416075,97765.29705866963,0.0001569294364429772,15.504977712186681,0.15504977712186682,97814.20416075,100778.2709535,SL,-0.14730116257304884,0.015504977712186683,0.015342252971097283,0.007748614548818134,0.007674963967531249,0.015423578516349384,-0.1935719717726822,-1.2484504999999937,0 days 01:55:00
5m,VALIDATION,134,CLOSED,BTCUSDT,LONG,2024-12-25 11:10:00+00:00,2024-12-25 11:15:00+00:00,98724.99,98774.352495,2024-12-25 11:55:00+00:00,97786.60897005,97737.71566556499,0.00015501594019340457,15.31159911900718,0.1531159911900718,97786.60897005,100749.8395449,SL,-0.14546401761735517,0.015311599119007181,0.015150903886253205,0.007651973572716293,0.00757924156390666,0.015231215136622952,-0.1911577357592385,-1.2484504999999855,0 days 00:40:00
5m,VALIDATION,135,CLOSED,BTCUSDT,LONG,2024-12-25 13:35:00+00:00,2024-12-25 13:40:00+00:00,98464.12,98513.35205999999,2024-12-26 08:00:00+00:00,97528.21853939998,97479.45443013028,0.0001534881519492672,15.120632350016933,0.15120632350016933,97528.21853939998,100483.61910119999,SL,-0.14364978559411587,0.015120632350016934,0.014961941313503506,0.007556537906054645,0.007484713013258581,0.015041250919313225,-0.18877361017694955,-1.2484505000000092,0 days 18:20:00
5m,VALIDATION,136,CLOSED,BTCUSDT,LONG,2024-12-26 15:45:00+00:00,2024-12-26 15:50:00+00:00,96065.88,96113.91294,2024-12-27 07:35:00+00:00,95152.77381059999,95105.1974236947,0.0001553578131210474,14.932047324865138,0.1493204732486514,95152.77381059999,98036.19119879999,SL,-0.14185818073247938,0.014932047324865139,0.01477533548819068,0.007462292516172936,0.007391363425806665,0.0148536559419796,-0.1864192194875148,-1.2484504999999957,0 days 15:45:00
5m,VALIDATION,137,CLOSED,BTCUSDT,LONG,2024-12-28 14:05:00+00:00,2024-12-28 14:10:00+00:00,94711.88,94759.23594,2024-12-29 16:30:00+00:00,93811.6435806,93764.7377588097,0.00015561347864498332,14.745814338364125,0.14745814338364124,93811.6435806,96654.4206588,SL,-0.14008892082573987,0.014745814338364126,0.014591057016882996,0.007369222557902179,0.0072991780974891495,0.01466840065539133,-0.18409419283637832,-1.2484504999999981,1 days 02:20:00
5m,VALIDATION,138,CLOSED,BTCUSDT,LONG,2024-12-30 20:45:00+00:00,2024-12-30 20:50:00+00:00,94556.54,94603.81826999999,2024-12-30 21:30:00+00:00,93657.7800873,93610.95119725635,0.0001539251197478153,14.561904055810306,0.14561904055810307,93657.7800873,96495.89463539999,SL,-0.13834172718688342,0.014561904055810307,0.014409076872744578,0.007277313371218812,0.007208142507625412,0.014485455878844224,-0.18179816399428256,-1.2484504999999897,0 days 00:40:00
5m,VALIDATION,139,CLOSED,BTCUSDT,LONG,2024-12-31 06:00:00+00:00,2024-12-31 06:05:00+00:00,92667.54,92713.87376999999,2024-12-31 08:30:00+00:00,94568.15124539999,94520.8671697773,0.00015510394424935128,14.380287508363471,0.1438028750836347,91786.73503229998,94568.15124539999,TP,0.2947923006462111,0.014380287508363471,0.014660559311901477,0.00718655047894187,0.007333946629264474,0.014520497108206343,0.2512309567177398,1.747051000000005,0 days 02:25:00
5m,VALIDATION,140,CLOSED,BTCUSDT,LONG,2024-12-31 15:35:00+00:00,2024-12-31 15:40:00+00:00,95967.21,96015.19360500001,2024-12-31 16:25:00+00:00,95055.04166895001,95007.51414811554,0.00015238491884207945,14.631267485104472,0.1463126748510447,95055.04166895001,97935.49747710001,SL,-0.13900069709736837,0.014631267485104472,0.014477712332848303,0.00731197775367559,0.007242477405125692,0.014554455158801282,-0.1826641320741224,-1.2484504999999877,0 days 00:45:00
15m,DEVELOPMENT,1,CLOSED,BTCUSDT,LONG,2024-01-01 15:15:00+00:00,2024-01-01 15:30:00+00:00,42683.21,42704.55160499999,2024-01-01 20:00:00+00:00,43558.64263709999,43536.86331578144,0.0004678662865922857,19.980019980019982,0.19980019980019983,42277.506088949995,43558.64263709999,TP,0.40958541708166507,0.019980019980019983,0.02036943056943057,0.009985017481266626,0.010189810189810427,0.020174827671077054,0.3490611388611375,1.7470509999999928,0 days 04:30:00
15m,DEVELOPMENT,2,CLOSED,BTCUSDT,LONG,2024-01-02 13:15:00+00:00,2024-01-02 13:30:00+00:00,45525.11,45547.872554999994,2024-01-02 14:45:00+00:00,45092.39382945,45069.847632535275,0.00044631573915790076,20.328732406454684,0.20328732406454683,45092.39382945,46458.8300061,SL,-0.19312803750460122,0.020328732406454685,0.020115382359848943,0.01015928655994464,0.010062722541193643,0.020222009101138284,-0.25379416137204314,-1.2484504999999884,0 days 01:15:00
15m,DEVELOPMENT,3,CLOSED,BTCUSDT,LONG,2024-01-03 06:15:00+00:00,2024-01-03 06:30:00+00:00,45286.32,45308.96316,2024-01-03 11:00:00+00:00,44855.8735284,44833.4455916358,0.00044307329909121224,20.075191785703396,0.20075191785703397,44855.8735284,46215.1424232,SL,-0.1907193382539839,0.020075191785703397,0.019864502647912438,0.010032579603050007,0.00993721993392369,0.019969799536973698,-0.25062883222457344,-1.2484505000000021,0 days 04:30:00
15m,DEVELOPMENT,4,CLOSED,BTCUSDT,LONG,2024-01-04 20:15:00+00:00,2024-01-04 20:30:00+00:00,44071.1,44093.13555,2024-01-05 01:45:00+00:00,43652.2041945,43630.37809240275,0.00044961223747519576,19.824813331932596,0.19824813331932598,43652.2041945,44974.998261,SL,-0.1883406803798279,0.019824813331932596,0.019616751916013964,0.00990745293949678,0.009813282599306425,0.019720735538803207,-0.24750298116657768,-1.2484504999999924,0 days 05:15:00
15m,DEVELOPMENT,5,CLOSED,BTCUSDT,LONG,2024-01-05 13:00:00+00:00,2024-01-05 13:15:00+00:00,44001.08,44023.08054,2024-01-05 14:30:00+00:00,43582.8497346,43561.0583097327,0.0004447112143527305,19.57755760649146,0.1957755760649146,43582.8497346,44903.5421508,SL,-0.18599168920509937,0.01957755760649146,0.01937209113941133,0.009783886859816225,0.009690891015211886,0.01947477787502811,-0.24441611582603026,-1.248450499999998,0 days 01:15:00
15m,DEVELOPMENT,6,CLOSED,BTCUSDT,LONG,2024-01-07 19:30:00+00:00,2024-01-07 19:45:00+00:00,44204.0,44226.102,2024-01-07 22:30:00+00:00,43783.84098,43761.94905951,0.0004371487603092245,19.333385662609313,0.19333385662609315,43783.84098,45110.62404,SL,-0.18367199472573828,0.019333385662609313,0.019130481780080227,0.009661861900354021,0.00957002590299214,0.019231887803346163,-0.241367749971774,-1.2484504999999984,0 days 02:45:00
15m,DEVELOPMENT,7,CLOSED,BTCUSDT,LONG,2024-01-08 15:30:00+00:00,2024-01-08 15:45:00+00:00,44982.64,45005.13132,2024-01-08 18:00:00+00:00,45905.2339464,45882.281329426805,0.0004242240491091825,19.092259039260888,0.1909225903926089,44555.0800068,45905.2339464,TP,0.39138653962542974,0.01909225903926089,0.019464367167936085,0.009541358840210762,0.009737052110022211,0.01927841095023297,0.3335515024679998,1.7470510000000108,0 days 02:15:00
15m,DEVELOPMENT,8,CLOSED,BTCUSDT,LONG,2024-01-09 02:30:00+00:00,2024-01-09 02:45:00+00:00,46737.02,46760.38851,2024-01-09 12:45:00+00:00,46292.7846249,46269.63823258755,0.00041542591801371477,19.42547732344471,0.1942547732344471,46292.7846249,47695.5962802,SL,-0.18454688851508333,0.019425477323444712,0.01922160693893516,0.009707884719362774,0.009615611275103698,0.01932349599446647,-0.24251746877192965,-1.2484504999999875,0 days 10:00:00
15m,DEVELOPMENT,9,CLOSED,BTCUSDT,LONG,2024-01-09 13:45:00+00:00,2024-01-09 14:00:00+00:00,46834.01,46857.427005,2024-01-09 21:00:00+00:00,47794.5755451,47770.678257327454,0.00040939512380437333,19.18320212986636,0.19183202129866359,46388.85273495,47794.5755451,TP,0.3932508502584292,0.01918320212986636,0.019557082739377462,0.009586807661100868,0.009783433086230373,0.019370240747331242,0.33514032464185417,1.747051000000014,0 days 07:00:00
15m,DEVELOPMENT,10,CLOSED,BTCUSDT,LONG,2024-01-10 22:00:00+00:00,2024-01-10 22:15:00+00:00,46031.22,46054.235609999996,2024-01-10 23:00:00+00:00,46975.320322199994,46951.8326620389,0.00042380483337673823,19.518007648989094,0.19518007648989094,45593.6932539,46975.320322199994,TP,0.40011427974089275,0.019518007648989096,0.019898413618067892,0.009754126761111839,0.009954183900982677,0.019708310662094518,0.3409895478117413,1.7470510000000044,0 days 00:45:00
15m,DEVELOPMENT,11,CLOSED,BTCUSDT,LONG,2024-01-11 00:30:00+00:00,2024-01-11 00:45:00+00:00,46600.01,46623.310005,2024-01-11 05:30:00+00:00,46157.07690495,46133.99836649753,0.00042593836743406316,19.858656547901923,0.19858656547901923,46157.07690495,47555.7762051,SL,-0.18866219938811402,0.019858656547901924,0.019650239947431692,0.00992436609090437,0.009830034991209982,0.01975440108211435,-0.247925496965562,-1.2484504999999884,0 days 04:45:00
15m,DEVELOPMENT,12,CLOSED,BTCUSDT,LONG,2024-01-11 10:15:00+00:00,2024-01-11 10:30:00+00:00,46549.99,46573.264995,2024-01-11 14:00:00+00:00,47504.7302949,47480.97792975255,0.00042107803115931213,19.61097872875551,0.1961097872875551,46107.53234505,47504.7302949,TP,0.4020201636449541,0.01961097872875551,0.019993196704178956,0.009800589069842734,0.010001599151664285,0.01980218822150702,0.34261379999051267,1.7470510000000115,0 days 03:30:00
15m,DEVELOPMENT,13,CLOSED,BTCUSDT,LONG,2024-01-14 09:45:00+00:00,2024-01-14 10:00:00+00:00,43052.41,43073.936205,2024-01-14 19:45:00+00:00,42643.19684295,42621.87524452853,0.0004632325720652714,19.953250257217565,0.19953250257217567,42643.19684295,43935.4149291,SL,-0.1895608632632241,0.019953250257217565,0.01974384089576807,0.009971639308951832,0.009876858877320096,0.019848498186271928,-0.24910645260248165,-1.2484504999999881,0 days 09:45:00
15m,DEVELOPMENT,14,CLOSED,BTCUSDT,LONG,2024-01-16 07:45:00+00:00,2024-01-16 08:00:00+00:00,42791.14,42812.53557,2024-01-16 14:30:00+00:00,42384.4102143,42363.21800919285,0.00046024820534146406,19.704392662210093,0.19704392662210093,42384.4102143,43668.786281400004,SL,-0.18719665392734383,0.019704392662210093,0.0194975950612202,0.00984727269475794,0.009753674367791754,0.019600947062549695,-0.2459995887133238,-1.2484504999999928,0 days 06:30:00
15m,DEVELOPMENT,15,CLOSED,BTCUSDT,LONG,2024-01-16 18:00:00+00:00,2024-01-16 18:15:00+00:00,43141.16,43162.73058,2024-01-17 07:00:00+00:00,42731.1032742,42709.7377225629,0.0004508203852225247,19.45863882733165,0.1945863882733165,42731.1032742,44025.985191600004,SL,-0.18486193108824364,0.01945863882733165,0.019254420412838806,0.00972445718507311,0.009632026219529164,0.019356483404602276,-0.24293147373301638,-1.2484505000000012,0 days 12:45:00
15m,DEVELOPMENT,16,CLOSED,BTCUSDT,LONG,2024-01-19 22:15:00+00:00,2024-01-19 22:30:00+00:00,41635.89,41656.707944999995,2024-01-22 03:00:00+00:00,41240.14086554999,41219.52079511722,0.00046129305435644853,19.215950042383582,0.19215950042383584,41240.14086554999,42489.842103899995,SL,-0.18255632698936525,0.019215950042383582,0.01901427864668877,0.009603173434472357,0.009511895270978109,0.019115068705450468,-0.2399016243838881,-1.2484505000000001,2 days 04:30:00
15m,DEVELOPMENT,17,CLOSED,BTCUSDT,LONG,2024-01-24 17:30:00+00:00,2024-01-24 17:45:00+00:00,40177.71,40197.79885499999,2024-01-24 18:15:00+00:00,39795.82086644999,39775.922956016766,0.0004720728154397876,18.976288079962117,0.18976288079962117,39795.82086644999,41001.75483209999,SL,-0.18027947846081352,0.018976288079962118,0.018777131936562913,0.009483402338809063,0.009393262599581132,0.018876664938390193,-0.23690956341572875,-1.2484505000000068,0 days 00:30:00
15m,DEVELOPMENT,18,CLOSED,BTCUSDT,LONG,2024-01-25 06:45:00+00:00,2024-01-25 07:00:00+00:00,40035.01,40055.027505,2024-01-25 15:45:00+00:00,39654.47722995,39634.64999133503,0.0004678467687257906,18.739615189436915,0.18739615189436915,39654.47722995,40856.1280551,SL,-0.17803102686216946,0.018739615189436915,0.018542942928023776,0.009365125032200562,0.009276109518768581,0.018641234550969145,-0.2339548195305993,-1.2484504999999904,0 days 08:45:00
15m,DEVELOPMENT,19,CLOSED,BTCUSDT,LONG,2024-01-26 10:15:00+00:00,2024-01-26 10:30:00+00:00,40288.51,40308.654255,2024-01-26 11:30:00+00:00,41114.827340100004,41094.26992642996,0.0004591047365147207,18.505894091004752,0.18505894091004751,39905.56771245,41114.827340100004,TP,0.37936620470415633,0.01850589409100475,0.018866573966838437,0.00924832288406,0.009438005986410222,0.018686328870470222,0.32330740777584294,1.747051000000019,0 days 01:00:00
15m,DEVELOPMENT,20,CLOSED,BTCUSDT,LONG,2024-01-26 21:15:00+00:00,2024-01-26 21:30:00+00:00,42004.41,42025.412205,2024-01-27 07:30:00+00:00,41605.15808295,41584.355503908526,0.0004480355462668624,18.828878514357243,0.18828878514357242,41605.15808295,42865.9204491,SL,-0.1788790507535896,0.018828878514357245,0.018631269434349066,0.009409734389982306,0.00932029486460721,0.01873002925458952,-0.23506922795688542,-1.2484504999999992,0 days 10:00:00
15m,DEVELOPMENT,21,CLOSED,BTCUSDT,LONG,2024-01-27 12:15:00+00:00,2024-01-27 12:30:00+00:00,41781.84,41802.730919999995,2024-01-28 04:45:00+00:00,42638.78553839999,42617.466145630795,0.00044480453098574564,18.594044120793924,0.18594044120793926,41384.703610799996,42638.78553839999,TP,0.38117325828833737,0.018594044120793924,0.0189564420407082,0.009292375872459846,0.009482962501603699,0.018775338374063547,0.32484743375277175,1.7470510000000015,0 days 16:15:00
15m,DEVELOPMENT,22,CLOSED,BTCUSDT,LONG,2024-01-28 09:15:00+00:00,2024-01-28 09:30:00+00:00,42567.74,42589.02387,2024-01-28 15:45:00+00:00,42163.1336313,42142.05206448435,0.00044421227143837474,18.91856703163586,0.1891856703163586,42163.1336313,43440.8043474,SL,-0.17973111407865897,0.01891856703163586,0.018720016670638842,0.009454556237698768,0.009364690680659817,0.018819246918358585,-0.23618894469929225,-1.2484504999999957,0 days 06:15:00
15m,DEVELOPMENT,23,CLOSED,BTCUSDT,LONG,2024-01-29 12:00:00+00:00,2024-01-29 12:15:00+00:00,42320.5,42341.66025,2024-01-29 14:30:00+00:00,41918.2436475,41897.28452567625,0.00044123480113012994,18.68261403992828,0.1868261403992828,41918.2436475,43188.493455,SL,-0.17748950169866917,0.01868261403992828,0.018486540005579234,0.009336638700614191,0.009247893949763355,0.018584532650377544,-0.2332431883945542,-1.2484504999999968,0 days 02:15:00
15m,DEVELOPMENT,24,CLOSED,BTCUSDT,LONG,2024-01-30 01:00:00+00:00,2024-01-30 01:15:00+00:00,43368.0,43389.684,2024-01-30 23:15:00+00:00,42955.78716,42934.30926642,0.00042520714973890897,18.449603861711942,0.18449603861711944,42955.78716,44257.47768,SL,-0.175275846782181,0.018449603861711943,0.018255975269183277,0.009220191834938973,0.009132553911546831,0.018352745746485804,-0.230334171659562,-1.2484504999999995,0 days 22:00:00
15m,DEVELOPMENT,25,CLOSED,BTCUSDT,LONG,2024-02-02 11:15:00+00:00,2024-02-02 11:30:00+00:00,43152.88,43174.456439999994,2024-02-02 13:45:00+00:00,42742.71187559999,42721.34051966219,0.00042199720150362083,18.219499794119976,0.18219499794119975,42742.71187559999,44037.945568799994,SL,-0.17308980064279175,0.018219499794119975,0.018028286143780686,0.009105197298409558,0.009018652398089865,0.018123849696499425,-0.22746143627719181,-1.248450500000011,0 days 02:15:00
15m,DEVELOPMENT,26,CLOSED,BTCUSDT,LONG,2024-02-03 17:30:00+00:00,2024-02-03 17:45:00+00:00,43196.32,43217.918159999994,2024-02-04 06:30:00+00:00,42785.7389784,42764.3461089108,0.00041631495356704763,17.992265592044863,0.17992265592044862,42785.7389784,44082.276523199995,SL,-0.1709310189429161,0.01799226559204486,0.017803436764656354,0.008991636977531208,0.008906171468060005,0.01789780844559121,-0.22462452974520852,-1.2484504999999804,0 days 12:45:00
15m,DEVELOPMENT,27,CLOSED,BTCUSDT,LONG,2024-02-04 13:15:00+00:00,2024-02-04 13:30:00+00:00,43016.16,43037.66808,2024-02-04 19:00:00+00:00,42607.2913992,42585.987753500405,0.00041284452097640855,17.76786546242927,0.17767865462429272,42607.2913992,43898.4214416,SL,-0.1687991616395706,0.01776786546242927,0.017581391714401075,0.008879492984722112,0.008795093403901595,0.01767458638862371,-0.22182300520502465,-1.2484504999999948,0 days 05:30:00
15m,DEVELOPMENT,28,CLOSED,BTCUSDT,LONG,2024-02-06 07:00:00+00:00,2024-02-06 07:15:00+00:00,42809.19,42830.594595,2024-02-07 17:30:00+00:00,43687.2064869,43665.362883656555,0.0004096665998813002,17.546264058628047,0.17546264058628047,42402.28864905,43687.2064869,TP,0.3596940288280472,0.01754626405862805,0.01788824074513071,0.008768747655486268,0.008948594669899251,0.01771734232538552,0.3065421816989029,1.747051000000006,1 days 10:15:00
15m,DEVELOPMENT,29,CLOSED,BTCUSDT,LONG,2024-02-08 05:15:00+00:00,2024-02-08 05:30:00+00:00,44599.99,44622.28999499999,2024-02-08 20:15:00+00:00,45514.73579489999,45491.97842700255,0.0004000803187461156,17.852500004381202,0.17852500004381203,44176.06709504999,45514.73579489999,TP,0.3659717891952587,0.017852500004381204,0.01820044522946659,0.00892178910763436,0.009104775002232036,0.018026564109866396,0.3118922798515445,1.7470510000000148,0 days 14:45:00
15m,DEVELOPMENT,30,CLOSED,BTCUSDT,LONG,2024-02-09 15:30:00+00:00,2024-02-09 15:45:00+00:00,47247.96,47271.583979999996,2024-02-11 03:30:00+00:00,48217.015659599994,48192.907151770196,0.00038424946181660815,18.164080703533592,0.18164080703533592,46798.86814019999,48217.015659599994,TP,0.3723591156716364,0.01816408070353359,0.018518098636445466,0.009077501600965033,0.00926368115880149,0.018341182759766525,0.31733575357189076,1.7470510000000006,1 days 11:45:00
15m,DEVELOPMENT,31,CLOSED,BTCUSDT,LONG,2024-02-11 08:00:00+00:00,2024-02-11 08:15:00+00:00,48255.9,48280.027949999996,2024-02-12 06:45:00+00:00,47797.2276705,47773.32905666475,0.00038278974190963895,18.481099438370652,0.18481099438370652,47797.2276705,49245.628508999995,SL,-0.17557506263039968,0.018481099438370653,0.018287140299764953,0.009235931753306606,0.00914814422199286,0.018384075975299466,-0.23072737834383472,-1.2484504999999952,0 days 22:30:00
15m,DEVELOPMENT,32,CLOSED,BTCUSDT,LONG,2024-02-12 23:30:00+00:00,2024-02-12 23:45:00+00:00,50010.85,50035.855424999994,2024-02-13 13:30:00+00:00,49535.496870749994,49510.729122314624,0.0003647504854646598,18.25060255690828,0.1825060255690828,49535.496870749994,51036.572533499995,SL,-0.17338528466108438,0.01825060255690828,0.01805906248307353,0.009120740907998586,0.009034048265667727,0.018154789173666315,-0.22784973887473253,-1.2484504999999908,0 days 13:45:00
15m,DEVELOPMENT,33,CLOSED,BTCUSDT,LONG,2024-02-15 02:00:00+00:00,2024-02-15 02:15:00+00:00,52080.0,52106.03999999999,2024-02-15 20:15:00+00:00,51584.97959999999,51559.18711019999,0.0003458904272930799,18.02298044015031,0.1802298044015031,51584.97959999999,53148.1608,SL,-0.17122281767479428,0.01802298044015031,0.017833829260430933,0.009006986726709586,0.008921375317873815,0.017928362044583403,-0.2250079894199589,-1.2484505000000008,0 days 18:00:00
15m,DEVELOPMENT,34,CLOSED,BTCUSDT,LONG,2024-02-16 13:45:00+00:00,2024-02-16 14:00:00+00:00,52464.0,52490.231999999996,2024-02-16 14:15:00+00:00,51965.329679999995,51939.34701516,0.0003390763682266934,17.798197233936563,0.17798197233936563,51965.329679999995,53540.03664,SL,-0.16908732104804464,0.017798197233936563,0.0176114051539664,0.008894651291321378,0.008810107630797785,0.017704758922119163,-0.22220168235806673,-1.2484504999999975,0 days 00:15:00
15m,DEVELOPMENT,35,CLOSED,BTCUSDT,LONG,2024-02-18 16:00:00+00:00,2024-02-18 16:15:00+00:00,51812.69,51838.596345,2024-02-20 01:15:00+00:00,51320.210381549994,51294.55027635922,0.00033905658660791335,17.576217531281152,0.17576217531281152,51320.210381549994,52875.3682719,SL,-0.16697845840562736,0.017576217531281153,0.017391755128290356,0.008783716907185553,0.008700227677982812,0.017483944585168366,-0.21943037565036724,-1.2484505000000004,1 days 09:00:00
15m,DEVELOPMENT,36,CLOSED,BTCUSDT,LONG,2024-02-21 01:00:00+00:00,2024-02-21 01:15:00+00:00,52258.8,52284.9294,2024-02-21 06:00:00+00:00,51762.080106,51736.199065947,0.0003319695859969024,17.35700636679527,0.17357006366795272,51762.080106,53330.627988,SL,-0.1648958975676058,0.017357006366795272,0.017174844584975757,0.008674166100346794,0.00859171815156309,0.017265884251909884,-0.21669363277128673,-1.2484504999999961,0 days 04:45:00
15m,DEVELOPMENT,37,CLOSED,BTCUSDT,LONG,2024-02-22 02:30:00+00:00,2024-02-22 02:45:00+00:00,51460.55,51486.280275,2024-02-22 13:45:00+00:00,50971.417472249996,50945.93176351387,0.0003329144991564377,17.1405292111796,0.171405292111796,50971.417472249996,52516.0058805,SL,-0.16283931049701605,0.0171405292111796,0.016960639357108273,0.008565981614780558,0.008484561959533352,0.01705054357431391,-0.21399102263961783,-1.2484505000000004,0 days 11:00:00
15m,DEVELOPMENT,38,CLOSED,BTCUSDT,LONG,2024-02-24 09:00:00+00:00,2024-02-24 09:15:00+00:00,51049.32,51074.844659999995,2024-02-26 15:15:00+00:00,52096.34155319999,52070.2933824234,0.0003314107380739977,16.926751965785378,0.16926751965785378,50564.09621339999,52096.34155319999,TP,0.34699418572539314,0.01692675196578538,0.01725665436159854,0.008459146409686353,0.008632643502548524,0.017091789912234878,0.29571898948577435,1.7470510000000075,2 days 06:00:00
15m,DEVELOPMENT,39,CLOSED,BTCUSDT,LONG,2024-02-28 02:30:00+00:00,2024-02-28 02:45:00+00:00,56927.93,56956.393964999996,2024-02-28 07:45:00+00:00,58095.5218443,58066.47408337785,0.00030237475255698873,17.22217553170524,0.1722217553170524,56386.83002535,58095.5218443,TP,0.3530502950077698,0.01722217553170524,0.01755783573281818,0.008606784373664387,0.008783309521169335,0.017390093894833723,0.3008801898484127,1.747051000000006,0 days 05:00:00
15m,DEVELOPMENT,40,CLOSED,BTCUSDT,LONG,2024-02-29 03:45:00+00:00,2024-02-29 04:00:00+00:00,61561.34,61592.12067,2024-02-29 06:00:00+00:00,62823.9630834,62792.5511018583,0.00028449670106063285,17.522755141943414,0.17522755141943414,60976.1994633,62823.9630834,TP,0.3592121019103048,0.017522755141943413,0.01786427363965989,0.008756999071436018,0.008936605122391082,0.017693604193827102,0.3061314689348744,1.7470510000000035,0 days 02:00:00
15m,DEVELOPMENT,41,CLOSED,BTCUSDT,LONG,2024-02-29 09:45:00+00:00,2024-02-29 10:00:00+00:00,62686.38,62717.72319,2024-02-29 13:15:00+00:00,62090.545958099996,62059.50068512095,0.00028426702817677655,17.828580785235,0.17828580785235001,62090.545958099996,63972.0776538,SL,-0.16937597237747037,0.017828580785235002,0.017641469829893962,0.008909835474879946,0.00882514748869093,0.017734982963570876,-0.2225810059561702,-1.2484504999999995,0 days 03:15:00
15m,DEVELOPMENT,42,CLOSED,BTCUSDT,LONG,2024-03-01 19:30:00+00:00,2024-03-01 19:45:00+00:00,62321.76,62352.92088,2024-03-02 09:30:00+00:00,61729.3916712,61698.5269753644,0.0002823640318600283,17.606222137926142,0.17606222137926142,61729.3916712,63599.979297599995,SL,-0.16726350966615575,0.017606222137926144,0.01742144483658861,0.008798711713105336,0.008715079958272495,0.01751379167137783,-0.21980496831204835,-1.2484504999999928,0 days 13:45:00
15m,DEVELOPMENT,43,CLOSED,BTCUSDT,LONG,2024-03-03 16:00:00+00:00,2024-03-03 16:15:00+00:00,62282.46,62313.60122999999,2024-03-04 00:15:00+00:00,63559.873254599996,63528.0933179727,0.0002790183268468598,17.386636754997024,0.17386636754997026,61690.465217699995,63559.873254599996,TP,0.35642170899049275,0.017386636754997024,0.017725502305351918,0.00868897389055151,0.00886718474504728,0.01755615863559879,0.30375341129454503,1.7470510000000112,0 days 08:00:00
15m,DEVELOPMENT,44,CLOSED,BTCUSDT,LONG,2024-03-04 06:15:00+00:00,2024-03-04 06:30:00+00:00,63559.99,63591.769994999995,2024-03-04 08:00:00+00:00,64863.6053949,64831.173592202555,0.0002781820150268053,17.690086716330235,0.17690086716330236,62955.85229505,64863.6053949,TP,0.3626423573732465,0.017690086716330235,0.018034866506431515,0.008840623046641002,0.009021944225326569,0.01786256727196757,0.30905483687851726,1.7470510000000152,0 days 01:30:00
15m,DEVELOPMENT,45,CLOSED,BTCUSDT,LONG,2024-03-04 12:45:00+00:00,2024-03-04 13:00:00+00:00,65123.69,65156.251845,2024-03-04 15:30:00+00:00,66459.3768819,66426.14719345905,0.0002762410712318954,17.998832807117964,0.17998832807117965,64504.68932655,66459.3768819,TP,0.36897157508644446,0.017998832807117966,0.018349630058528694,0.00899491894408598,0.009179404731628586,0.018174323675714567,0.31444878854508324,1.7470510000000041,0 days 02:30:00
15m,DEVELOPMENT,46,CLOSED,BTCUSDT,LONG,2024-03-04 19:15:00+00:00,2024-03-04 19:30:00+00:00,67056.0,67089.52799999999,2024-03-04 23:00:00+00:00,68431.31855999999,68397.10290071998,0.00027296312862730464,18.312967461009155,0.18312967461009155,66418.63272,68431.31855999999,TP,0.37541125699679534,0.018312967461009154,0.01866988719682422,0.009151907776613856,0.009339613405115216,0.018491521181729073,0.3199368811572329,1.7470509999999881,0 days 03:30:00
15m,DEVELOPMENT,47,CLOSED,BTCUSDT,LONG,2024-03-05 03:30:00+00:00,2024-03-05 03:45:00+00:00,68179.25,68213.339625,2024-03-05 04:45:00+00:00,67531.20622874999,67497.44062563562,0.0002731516273405518,18.632584724902493,0.18632584724902493,67531.20622874999,69577.60641749999,SL,-0.17701421070484946,0.018632584724902493,0.01843703574821464,0.009311636544177314,0.009223129438825535,0.018534765983002847,-0.23261859716096944,-1.2484505000000035,0 days 01:00:00
15m,DEVELOPMENT,48,CLOSED,BTCUSDT,LONG,2024-03-05 14:30:00+00:00,2024-03-05 14:45:00+00:00,68360.96,68395.14048,2024-03-05 15:00:00+00:00,67711.1890752,67677.3334806624,0.0002690278634537352,18.400198513952475,0.18400198513952476,67711.1890752,69763.0432896,SL,-0.1748064836333024,0.018400198513952474,0.018207088430548544,0.0091955015062219,0.009108098264406273,0.018303599770628173,-0.2297173703484316,-1.2484504999999964,0 days 00:15:00
15m,DEVELOPMENT,49,CLOSED,BTCUSDT,LONG,2024-03-06 16:45:00+00:00,2024-03-06 17:00:00+00:00,67086.01,67119.553005,2024-03-06 21:15:00+00:00,66448.35747495,66415.13329621253,0.0002707215679778574,18.17071063148651,0.1817071063148651,66448.35747495,68461.94406509999,SL,-0.17262629140657548,0.018170710631486512,0.017980009023409065,0.009080814908288987,0.008994501762583384,0.018075316670872373,-0.22685232773234343,-1.248450499999983,0 days 04:15:00
15m,DEVELOPMENT,50,CLOSED,BTCUSDT,LONG,2024-03-07 11:45:00+00:00,2024-03-07 12:00:00+00:00,66905.34,66938.79267,2024-03-08 14:30:00+00:00,68277.5685234,68243.4297391383,0.0002680670537026016,17.944084929456203,0.17944084929456203,66269.4047433,68277.5685234,TP,0.36784925727450973,0.017944084929456202,0.018293815144731305,0.008967558685385077,0.009151483314021821,0.0181190419994069,0.3134923152009153,1.747051000000008,1 days 02:30:00
15m,DEVELOPMENT,51,CLOSED,BTCUSDT,LONG,2024-03-08 17:15:00+00:00,2024-03-08 17:30:00+00:00,68253.61,68287.736805,2024-03-10 04:15:00+00:00,69653.4915411,69618.66479532945,0.000267357873019805,18.257264065521053,0.18257264065521053,67604.85943694999,69653.4915411,TP,0.3742693513081817,0.018257264065521053,0.018613098142158058,0.009124069997759669,0.009311204673416139,0.018435274671175807,0.3189637144293268,1.7470510000000032,1 days 10:45:00
15m,DEVELOPMENT,52,CLOSED,BTCUSDT,LONG,2024-03-10 09:30:00+00:00,2024-03-10 09:45:00+00:00,69735.33,69770.197665,2024-03-10 14:30:00+00:00,69072.49568835,69037.95944050583,0.0002662441809907551,18.57590913488102,0.1857590913488102,69072.49568835,71165.6016183,SL,-0.17647577843782614,0.01857590913488102,0.018380954968510443,0.009283312910984469,0.009195075021764114,0.018478387932748582,-0.2319110304739662,-1.2484504999999915,0 days 04:45:00
15m,DEVELOPMENT,53,CLOSED,BTCUSDT,LONG,2024-03-11 18:15:00+00:00,2024-03-11 18:30:00+00:00,72505.5,72541.75275,2024-03-11 19:45:00+00:00,71816.3352225,71780.42705488876,0.0002528782265156693,18.344229783758177,0.18344229783758179,71816.3352225,73992.587805,SL,-0.17427476671126632,0.018344229783758177,0.018151707092177633,0.009167531126315841,0.009080393742957783,0.018247924869273624,-0.22901862845647578,-1.2484504999999884,0 days 01:15:00
15m,DEVELOPMENT,54,CLOSED,BTCUSDT,LONG,2024-03-12 01:30:00+00:00,2024-03-12 01:45:00+00:00,72399.0,72435.1995,2024-03-12 03:15:00+00:00,71710.847505,71674.9920812475,0.00025009166910819813,18.11543994514032,0.18115439945140321,71710.847505,73883.90349,SL,-0.17210120607552148,0.01811543994514032,0.017925318402916075,0.00905319337588283,0.0089671427728432,0.01802033614872603,-0.2261623005723039,-1.248450499999999,0 days 01:30:00
15m,DEVELOPMENT,55,CLOSED,BTCUSDT,LONG,2024-03-12 13:00:00+00:00,2024-03-12 13:15:00+00:00,72262.87,72299.001435,2024-03-12 15:00:00+00:00,71576.01142065,71540.22341493968,0.00024743776851490377,17.889503580932224,0.17889503580932226,71576.01142065,73744.9814637,SL,-0.16995475415967976,0.017889503580932224,0.017701753240850344,0.008940281649642026,0.008855304272559601,0.017795585922201627,-0.22334159690366395,-1.248450499999987,0 days 01:45:00
15m,DEVELOPMENT,56,CLOSED,BTCUSDT,LONG,2024-03-13 16:45:00+00:00,2024-03-13 17:00:00+00:00,72995.92,73032.41795999999,2024-03-14 13:30:00+00:00,72302.09378039998,72265.94273350979,0.00024189785298061618,17.66638510250699,0.1766638510250699,72302.09378039998,74493.06631919999,SL,-0.16783507286290095,0.01766638510250699,0.01748097639085618,0.008828778162170797,0.008744860625740454,0.017573638787911253,-0.22055607314417536,-1.2484505000000075,0 days 20:30:00
15m,DEVELOPMENT,57,CLOSED,BTCUSDT,LONG,2024-03-16 06:45:00+00:00,2024-03-16 07:00:00+00:00,69186.92,69221.51345999999,2024-03-16 10:15:00+00:00,68529.29832539998,68495.03367623729,0.000252032186137934,17.446049365100222,0.17446049365100222,68529.29832539998,70605.9437292,SL,-0.16574182830113052,0.017446049365100223,0.017262953077013497,0.008718665349872437,0.008635794435723274,0.01735445978559571,-0.21780529052883996,-1.2484504999999966,0 days 03:15:00
15m,DEVELOPMENT,58,CLOSED,BTCUSDT,LONG,2024-03-19 00:00:00+00:00,2024-03-19 00:15:00+00:00,67888.41,67922.354205,2024-03-19 00:45:00+00:00,67243.13066294999,67209.50909761852,0.0002536493598304336,17.22846166227421,0.1722846166227421,67243.13066294999,69280.8012891,SL,-0.16367469075454288,0.01722846166227421,0.01704764895712864,0.008609925868201104,0.008528088522824995,0.0171380143910261,-0.21508881576497185,-1.2484505000000068,0 days 00:30:00
15m,DEVELOPMENT,59,CLOSED,BTCUSDT,LONG,2024-03-21 06:00:00+00:00,2024-03-21 06:15:00+00:00,67165.47,67199.05273499999,2024-03-21 15:00:00+00:00,66527.06220764999,66493.79867654617,0.00025318195760205554,17.013587720451063,0.17013587720451065,66527.06220764999,68543.03378969998,SL,-0.16163333461558346,0.017013587720451064,0.016835030117324932,0.008502542588928293,0.008421725921621381,0.016924268510549675,-0.21240622096390913,-1.2484504999999952,0 days 08:45:00
15m,DEVELOPMENT,60,CLOSED,BTCUSDT,LONG,2024-03-22 08:00:00+00:00,2024-03-22 08:15:00+00:00,66287.92,66321.06396,2024-03-22 09:30:00+00:00,65657.8533204,65625.0243937398,0.00025333420018182253,16.801393693514097,0.16801393693514097,65657.8533204,67647.4852392,SL,-0.15961743833768277,0.016801393693514098,0.016625063066700665,0.008396498597458633,0.008316689878287766,0.016713188475746397,-0.20975708357364395,-1.2484504999999926,0 days 01:15:00
15m,DEVELOPMENT,61,CLOSED,BTCUSDT,LONG,2024-03-23 09:45:00+00:00,2024-03-23 10:00:00+00:00,64470.0,64502.23499999999,2024-03-23 16:45:00+00:00,65792.2797,65759.38356015,0.0002572290116377594,16.59184615747649,0.1659184615747649,63857.212649999994,65792.2797,TP,0.34012870033967274,0.01659184615747649,0.016915221239085707,0.008291777190141451,0.008461841540311972,0.016753618730453425,0.2898680142126571,1.7470510000000152,0 days 06:45:00
15m,DEVELOPMENT,62,CLOSED,BTCUSDT,LONG,2024-03-25 03:00:00+00:00,2024-03-25 03:15:00+00:00,66795.54,66828.93776999999,2024-03-25 14:00:00+00:00,68165.51652539999,68131.43376713729,0.0002526065078477361,16.881424593253367,0.16881424593253366,66160.64839229999,68165.51652539999,TP,0.3460649859146678,0.01688142459325337,0.01721044355857588,0.00843649404960086,0.008609526542558027,0.017046020592158886,0.29492709717067966,1.7470510000000048,0 days 10:45:00
15m,DEVELOPMENT,63,CLOSED,BTCUSDT,LONG,2024-03-26 01:15:00+00:00,2024-03-26 01:30:00+00:00,70278.91,70314.049455,2024-03-26 14:15:00+00:00,69610.90896045,69576.10350596979,0.0002442763173375725,17.176057057959344,0.17176057057959346,69610.90896045,71720.33044410001,SL,-0.16317683391894397,0.017176057057959344,0.016995794339136065,0.00858373666064857,0.008502148243687285,0.017085884904335855,-0.21443457022037524,-1.2484504999999797,0 days 12:45:00
15m,DEVELOPMENT,64,CLOSED,BTCUSDT,LONG,2024-03-27 13:00:00+00:00,2024-03-27 13:15:00+00:00,71238.79,71274.409395,2024-03-27 13:30:00+00:00,70561.66530105,70526.38446839948,0.00023797933721326272,16.961836708088843,0.16961836708088843,70561.66530105,72699.8975829,SL,-0.16114168706684923,0.016961836708088842,0.016783822231837456,0.008476680014037768,0.008396109170502378,0.016872789184540146,-0.21176013519131565,-1.248450499999982,0 days 00:15:00
15m,DEVELOPMENT,65,CLOSED,BTCUSDT,LONG,2024-03-28 02:00:00+00:00,2024-03-28 02:15:00+00:00,69568.94,69603.72447,2024-03-28 02:45:00+00:00,68907.6872253,68873.23338168736,0.00024065218131687335,16.750288121484136,0.16750288121484136,68907.6872253,70995.7989594,SL,-0.15913192263338966,0.016750288121484137,0.016574493847649162,0.008370958581451027,0.008291392620133653,0.01666235120158468,-0.20911905580410764,-1.2484504999999901,0 days 00:30:00
15m,DEVELOPMENT,66,CLOSED,BTCUSDT,LONG,2024-03-28 10:30:00+00:00,2024-03-28 10:45:00+00:00,70584.0,70619.292,2024-03-29 07:30:00+00:00,69913.09908,69878.14253046,0.00023423313243958448,16.54137797582569,0.16541377975825688,69913.09908,72031.67784,SL,-0.15714722404819909,0.01654137797582569,0.016367776213969395,0.008266555710058115,0.008187982098034188,0.016454537808092303,-0.20651091604608648,-1.2484505000000048,0 days 20:45:00
15m,DEVELOPMENT,67,CLOSED,BTCUSDT,LONG,2024-03-30 07:00:00+00:00,2024-03-30 07:15:00+00:00,70022.98,70057.99148999999,2024-04-01 05:45:00+00:00,69357.41157509999,69322.73286931244,0.00023316502538789873,16.33507336439104,0.1633507336439104,69357.41157509999,71459.15131979999,SL,-0.15518727868919324,0.01633507336439104,0.016163636769431756,0.008163454954715798,0.008085861315373123,0.016249316270088923,-0.20393530509310495,-1.248450499999989,1 days 22:30:00
15m,DEVELOPMENT,68,CLOSED,BTCUSDT,LONG,2024-04-03 08:30:00+00:00,2024-04-03 08:45:00+00:00,66548.39,66581.66419499999,2024-04-03 11:00:00+00:00,65915.84755304999,65882.88962927346,0.0002422790416236375,16.131341790871456,0.16131341790871456,65915.84755304999,67913.29747889999,SL,-0.15325177783331995,0.016131341790871456,0.01596204335877626,0.008061640075395818,0.00798501418648218,0.016046654261878,-0.20139181724484567,-1.2484505000000126,0 days 02:15:00
15m,DEVELOPMENT,69,CLOSED,BTCUSDT,LONG,2024-04-05 19:00:00+00:00,2024-04-05 19:15:00+00:00,67704.73,67738.582365,2024-04-06 22:45:00+00:00,69093.3540123,69058.80733529385,0.00023517101492345695,15.930151164253232,0.1593015116425323,67061.19654135,69093.3540123,TP,0.3265641183196746,0.015930151164253233,0.016240629810444527,0.007961095034609036,0.008124377093768358,0.016085472128377395,0.2783078652165994,1.7470510000000106,1 days 03:30:00
15m,DEVELOPMENT,70,CLOSED,BTCUSDT,LONG,2024-04-07 08:15:00+00:00,2024-04-07 08:30:00+00:00,69482.65,69517.39132499999,2024-04-08 08:00:00+00:00,70907.73915149999,70872.28528192424,0.00023315289441543864,16.208180999634454,0.16208180999634456,68822.21741175,70907.73915149999,TP,0.33226366047226574,0.016208180999634454,0.01652407844731733,0.00810004047957637,0.008266172309813809,0.016366212789390176,0.2831651882359238,1.7470510000000004,0 days 23:30:00
15m,DEVELOPMENT,71,CLOSED,BTCUSDT,LONG,2024-04-08 18:15:00+00:00,2024-04-08 18:30:00+00:00,71904.0,71939.95199999999,2024-04-09 01:00:00+00:00,71220.55247999998,71184.94220375999,0.00022923372683880094,16.49106330556445,0.1649106330556445,71220.55247999998,73378.75103999999,SL,-0.15666922210833964,0.01649106330556445,0.01631798959617255,0.00824141094730633,0.008163076336253692,0.01640448728356002,-0.20588276229363664,-1.2484505000000046,0 days 06:30:00
15m,DEVELOPMENT,72,CLOSED,BTCUSDT,LONG,2024-04-15 05:30:00+00:00,2024-04-15 05:45:00+00:00,65252.8,65285.4264,2024-04-15 09:15:00+00:00,66591.134928,66557.839360536,0.0002494490289544318,16.285386220356024,0.16285386220356024,64632.572135999995,66591.134928,TP,0.33384634820539855,0.016285386220356024,0.016602788397790766,0.008138623798277312,0.008305546972380605,0.016444170770657917,0.28451400281659384,1.7470510000000106,0 days 03:30:00
15m,DEVELOPMENT,73,CLOSED,BTCUSDT,LONG,2024-04-18 23:00:00+00:00,2024-04-18 23:15:00+00:00,63636.37,63668.188185,2024-04-19 00:00:00+00:00,63031.506303149996,62999.99054999842,0.0002602495290937668,16.569615993399577,0.16569615993399578,63031.506303149996,64941.5519487,SL,-0.1574154922711292,0.016569615993399577,0.01639571787354885,0.00828066766286743,0.00820195991673212,0.01648262757959955,-0.20686345371767714,-1.2484505000000008,0 days 00:45:00
15m,DEVELOPMENT,74,CLOSED,BTCUSDT,LONG,2024-04-19 13:30:00+00:00,2024-04-19 13:45:00+00:00,64887.56,64920.00377999999,2024-04-19 14:15:00+00:00,64270.80374219999,64238.66834032889,0.0002520480320970003,16.36295919647882,0.16362959196478818,64270.80374219999,66218.40385559999,SL,-0.15545220106200194,0.01636295919647882,0.01619122993971177,0.008177390902786541,0.00809966480225677,0.01627705570504331,-0.20428344590323586,-1.2484505000000004,0 days 00:30:00
15m,DEVELOPMENT,75,CLOSED,BTCUSDT,LONG,2024-04-21 05:00:00+00:00,2024-04-21 05:15:00+00:00,65204.67,65237.272334999994,2024-04-21 16:00:00+00:00,64584.89961164999,64552.60716184417,0.00024769398308017293,16.158879829942123,0.16158879829942124,64584.89961164999,66542.0177817,SL,-0.15351339608555886,0.016158879829942123,0.01598929238612688,0.008075402213863126,0.00799864551582013,0.016074047729683256,-0.20173561603131113,-1.248450499999997,0 days 10:45:00
15m,DEVELOPMENT,76,CLOSED,BTCUSDT,LONG,2024-04-22 10:00:00+00:00,2024-04-22 10:15:00+00:00,66008.4,66041.40419999999,2024-04-24 14:15:00+00:00,65380.990157999986,65348.29966292099,0.00024162638486104092,15.957345747992763,0.15957345747992763,65380.990157999986,67362.232284,SL,-0.15159877194869886,0.015957345747992763,0.015789873404367577,0.007974685531229743,0.007898886145255845,0.015873571676485586,-0.1992195627775448,-1.2484505000000026,2 days 04:00:00
15m,DEVELOPMENT,77,CLOSED,BTCUSDT,LONG,2024-04-27 21:30:00+00:00,2024-04-27 21:45:00+00:00,63270.01,63301.645005,2024-04-29 02:30:00+00:00,62668.628554949995,62637.29424067253,0.00024894021639584174,15.758325205757455,0.15758325205757456,62668.628554949995,64567.6779051,SL,-0.1497080270671927,0.015758325205757456,0.01559294158272303,0.007875224990382653,0.007800370976848288,0.01567559596723094,-0.19673488982290413,-1.2484504999999946,1 days 04:45:00
15m,DEVELOPMENT,78,CLOSED,BTCUSDT,LONG,2024-04-29 21:30:00+00:00,2024-04-29 21:45:00+00:00,62988.63,63020.124314999994,2024-04-30 00:45:00+00:00,64280.526801299995,64248.38653789935,0.00024693361086534736,15.561786854286025,0.15561786854286025,62389.92307185,64280.526801299995,TP,0.3190127420104006,0.015561786854286025,0.01586508608007606,0.0077770049246797535,0.007936511295684508,0.015713516220364262,0.27187235285567424,1.7470510000000108,0 days 03:00:00
15m,DEVELOPMENT,79,CLOSED,BTCUSDT,LONG,2024-05-02 10:45:00+00:00,2024-05-02 11:00:00+00:00,57801.41,57830.310705,2024-05-02 12:15:00+00:00,58986.916919100004,58957.42346064046,0.0002737904640899784,15.833387606389598,0.15833387606389598,57252.00759795,58986.916919100004,TP,0.32458048956226954,0.0158333876063896,0.01614198033083813,0.007912737434477565,0.008075027679257784,0.01598776511373535,0.2766173565113065,1.747051000000006,0 days 01:15:00
15m,DEVELOPMENT,80,CLOSED,BTCUSDT,LONG,2024-05-04 07:30:00+00:00,2024-05-04 07:45:00+00:00,63064.5,63096.03225,2024-05-04 10:45:00+00:00,64357.952894999995,64325.7739185525,0.0002553207871781099,16.109728621885406,0.16109728621885405,62465.071927499994,64357.952894999995,TP,0.3302454113292038,0.016109728621885405,0.016423707232725952,0.008050838891496078,0.008215961597160561,0.01626680048865664,0.2814451749859358,1.7470510000000037,0 days 03:00:00
15m,DEVELOPMENT,81,CLOSED,BTCUSDT,LONG,2024-05-04 14:30:00+00:00,2024-05-04 14:45:00+00:00,63740.09,63771.96004499999,2024-05-05 01:15:00+00:00,63134.24044454999,63102.67332432772,0.00025702350408070117,16.390892632860368,0.16390892632860368,63134.24044454999,65047.39924589999,SL,-0.1557175756874951,0.01639089263286037,0.0162188702146785,0.008191350641108609,0.008113491853265351,0.01630484249437396,-0.20463218102940794,-1.248450499999997,0 days 10:30:00
15m,DEVELOPMENT,82,CLOSED,BTCUSDT,LONG,2024-05-05 10:45:00+00:00,2024-05-05 11:00:00+00:00,63688.49,63720.33424499999,2024-05-06 08:15:00+00:00,64994.74092989999,64962.243559435046,0.00025402354007354185,16.186464879584236,0.16186464879584236,63083.130902549994,64994.74092989999,TP,0.33181848543755244,0.016186464879584236,0.016501939080087336,0.008089187845867395,0.008255097088586833,0.01634428493445423,0.2827857965434266,1.7470510000000088,0 days 21:15:00
15m,DEVELOPMENT,83,CLOSED,BTCUSDT,LONG,2024-05-07 08:00:00+00:00,2024-05-07 08:15:00+00:00,63827.22,63859.13361,2024-05-07 13:45:00+00:00,63220.5422739,63188.93200276305,0.00025789526480915904,16.46896817283442,0.1646896817283442,63220.5422739,65136.3162822,SL,-0.1564593128263786,0.01646896817283442,0.01629612635186052,0.008230368901965187,0.008152139245551956,0.01638250814751714,-0.20560691549859067,-1.2484504999999908,0 days 05:30:00
15m,DEVELOPMENT,84,CLOSED,BTCUSDT,LONG,2024-05-10 02:15:00+00:00,2024-05-10 02:30:00+00:00,62893.95,62925.396974999996,2024-05-10 14:15:00+00:00,62296.14300524999,62264.99493374737,0.0002584579111246809,16.26356665884981,0.16263566658849812,62296.14300524999,64183.904914499995,SL,-0.1545079471188092,0.01626356665884981,0.016092880526765184,0.008127719469689784,0.008050465496129141,0.016178184965818923,-0.20304257927024313,-1.2484504999999961,0 days 11:45:00
15m,DEVELOPMENT,85,CLOSED,BTCUSDT,LONG,2024-05-12 10:00:00+00:00,2024-05-12 10:15:00+00:00,61064.0,61094.532,2024-05-13 07:45:00+00:00,62316.42264,62285.26442868,0.00026288321382540584,16.060726919319098,0.160607269193191,60483.58668,62316.42264,TP,0.3292408886708985,0.016060726919319097,0.01637375048697663,0.008026350284517092,0.008190970728852312,0.016217321013369403,0.28058909025123335,1.747050999999999,0 days 21:30:00
15m,DEVELOPMENT,86,CLOSED,BTCUSDT,LONG,2024-05-13 15:00:00+00:00,2024-05-13 15:15:00+00:00,62909.3,62940.75465,2024-05-14 06:00:00+00:00,62311.347103500004,62280.19142994826,0.00025962567165992606,16.341035700788865,0.16341035700788864,62311.347103500004,64199.56974300001,SL,-0.1552439223748105,0.016341035700788865,0.01616953653110909,0.008166434633077809,0.008088812671888997,0.016255247304966806,-0.20400974191167526,-1.2484504999999888,0 days 14:45:00
15m,DEVELOPMENT,87,CLOSED,BTCUSDT,LONG,2024-05-15 06:45:00+00:00,2024-05-15 07:00:00+00:00,61962.75,61993.731374999996,2024-05-15 12:30:00+00:00,63233.6060025,63201.98919949875,0.000260304217973251,16.137229764813167,0.16137229764813169,61373.794061249995,63233.6060025,TP,0.33080917788737363,0.016137229764813167,0.016451744372929376,0.008064582591109922,0.008229987180054358,0.01629456977116428,0.28192563397846676,1.7470510000000041,0 days 05:30:00
15m,DEVELOPMENT,88,CLOSED,BTCUSDT,LONG,2024-05-17 05:00:00+00:00,2024-05-17 05:15:00+00:00,65538.16,65570.92908,2024-05-17 15:00:00+00:00,66882.3476616,66848.9064877692,0.0002503986749184193,16.41887375480165,0.1641887375480165,64915.219789200004,66882.3476616,TP,0.336582809306327,0.01641887375480165,0.01673887760428273,0.008205334210295229,0.008373625614948138,0.016578959825243367,0.2868460981219993,1.747050999999997,0 days 09:45:00
15m,DEVELOPMENT,89,CLOSED,BTCUSDT,LONG,2024-05-17 19:15:00+00:00,2024-05-17 19:30:00+00:00,66897.99,66931.438995,2024-05-19 19:00:00+00:00,66262.12460505,66228.99354274748,0.0002495902306034839,16.705433293385067,0.16705433293385066,66262.12460505,68270.0677749,SL,-0.15870579055834594,0.01670543329338507,0.016530109770970993,0.008348542375504489,0.008269189480224396,0.016617731855728887,-0.2085590654784309,-1.2484504999999915,1 days 23:30:00
15m,DEVELOPMENT,90,CLOSED,BTCUSDT,LONG,2024-05-20 10:00:00+00:00,2024-05-20 10:15:00+00:00,67045.17,67078.692585,2024-05-20 17:00:00+00:00,68420.2664367,68386.05630348164,0.0002459362569972099,16.4970825786214,0.164970825786214,66407.90565915,68420.2664367,TP,0.33818607065219825,0.0164970825786214,0.016818610718078726,0.008244419079770518,0.008413512115097402,0.01665793119486792,0.2882124461606302,1.7470509999999955,0 days 06:45:00
15m,DEVELOPMENT,91,CLOSED,BTCUSDT,LONG,2024-05-21 05:30:00+00:00,2024-05-21 05:45:00+00:00,71083.28,71118.82164,2024-05-21 14:15:00+00:00,70407.6334236,70372.4296068882,0.00023601357155810703,16.78500710026039,0.1678500710026039,70407.6334236,72541.19807279999,SL,-0.15946176160717196,0.01678500710026039,0.016608848450743157,0.008388309395431493,0.00830857851462907,0.016696887910060562,-0.20955250506823606,-1.2484504999999984,0 days 08:30:00
15m,DEVELOPMENT,92,CLOSED,BTCUSDT,LONG,2024-05-22 12:15:00+00:00,2024-05-22 12:30:00+00:00,70039.56,70074.57978,2024-05-22 18:15:00+00:00,69373.8339822,69339.1470652089,0.00023654318000041613,16.57566393835406,0.16575663938354063,69373.8339822,71476.0713756,SL,-0.15747294925942557,0.016575663938354062,0.016401702345321033,0.00828369012411553,0.008204953649483678,0.01648864377359921,-0.20693895931669987,-1.2484504999999932,0 days 05:45:00
15m,DEVELOPMENT,93,CLOSED,BTCUSDT,LONG,2024-05-23 10:00:00+00:00,2024-05-23 10:15:00+00:00,69721.99,69756.850995,2024-05-23 12:45:00+00:00,69059.28248505,69024.75284380748,0.0002346569760214339,16.36893171126445,0.16368931711264453,69059.28248505,71151.98801490001,SL,-0.15550894144484653,0.016368931711264453,0.01619713977295473,0.00818037566779726,0.008102621197075483,0.016282996864872744,-0.20435800979393848,-1.248450499999993,0 days 02:30:00
15m,DEVELOPMENT,94,CLOSED,BTCUSDT,LONG,2024-05-25 03:45:00+00:00,2024-05-25 04:00:00+00:00,68757.84,68792.21892,2024-05-27 15:30:00+00:00,70168.0632984,70132.9792667508,0.00023497974202758064,16.164777855326452,0.16164777855326454,68104.2967308,70168.0632984,TP,0.33137390685931595,0.016164777855326454,0.016479829375726767,0.0080783497527875,0.00824403670621551,0.01632238645900301,0.2824069131692597,1.7470510000000021,2 days 11:30:00
15m,DEVELOPMENT,95,CLOSED,BTCUSDT,LONG,2024-05-29 00:30:00+00:00,2024-05-29 00:45:00+00:00,68549.99,68584.264995,2024-05-29 08:00:00+00:00,67898.42234505,67864.47313387747,0.00023980577243054747,16.446902643707336,0.16446902643707337,67898.42234505,69955.9502949,SL,-0.15624968478604656,0.016446902643707337,0.016274292400461625,0.008219341651028096,0.008141216808635538,0.016360558459663634,-0.20533143828987915,-1.2484505000000103,0 days 07:15:00
15m,DEVELOPMENT,96,CLOSED,BTCUSDT,LONG,2024-05-30 12:30:00+00:00,2024-05-30 12:45:00+00:00,68228.0,68262.114,2024-05-31 14:30:00+00:00,67579.49286,67545.70311357001,0.00023793251307349544,16.241776331729437,0.16241776331729438,67579.49286,69627.35628,SL,-0.1543009335663055,0.01624177633172944,0.01607131888912794,0.008116829750989556,0.008039679284203564,0.01615650903519312,-0.202770537822356,-1.2484504999999888,1 days 01:45:00
15m,DEVELOPMENT,97,CLOSED,BTCUSDT,LONG,2024-06-01 09:45:00+00:00,2024-06-01 10:00:00+00:00,67706.69,67740.543345,2024-06-03 06:15:00+00:00,69095.3542119,69060.80653479406,0.0002367741321499277,16.039208361876934,0.16039208361876933,67063.13791155,69095.3542119,TP,0.3287997636202864,0.016039208361876934,0.01635181253284992,0.008015596382746123,0.008179996264556648,0.01619559264730277,0.2802131500782568,1.747051000000014,1 days 20:15:00
15m,DEVELOPMENT,98,CLOSED,BTCUSDT,LONG,2024-06-04 04:00:00+00:00,2024-06-04 04:15:00+00:00,69249.99,69284.614995,2024-06-04 09:45:00+00:00,68591.76884505,68557.47296062748,0.00023553773922126901,16.319141578738336,0.16319141578738336,68591.76884505,70670.30729489999,SL,-0.15503592274453706,0.016319141578738337,0.016147872187869478,0.008155493042845631,0.008077975081474613,0.016233468124320242,-0.20373640463546513,-1.2484504999999908,0 days 05:30:00
15m,DEVELOPMENT,99,CLOSED,BTCUSDT,LONG,2024-06-04 21:15:00+00:00,2024-06-04 21:30:00+00:00,70491.99,70527.235995,2024-06-07 12:00:00+00:00,71937.7807149,71901.81182454256,0.00022850191815424538,16.115608706974637,0.16115608706974638,69821.96363505,71937.7807149,TP,0.33036595160424653,0.01611560870697464,0.016429701920673577,0.008053777464752707,0.008218960440555336,0.016272737905308043,0.2815479030712903,1.7470510000000175,2 days 14:30:00
15m,DEVELOPMENT,100,CLOSED,BTCUSDT,LONG,2024-06-07 13:30:00+00:00,2024-06-07 13:45:00+00:00,71542.12,71577.89106,2024-06-07 15:45:00+00:00,70862.1121494,70826.6810933253,0.00022907737432030308,16.396875343409494,0.16396875343409495,70862.1121494,73009.44888119999,SL,-0.15577441293264072,0.016396875343409494,0.016224790136680413,0.00819434050145382,0.00811645329498684,0.01631079379644066,-0.20470687220917128,-1.2484504999999921,0 days 02:00:00
15m,DEVELOPMENT,101,CLOSED,BTCUSDT,LONG,2024-06-09 11:30:00+00:00,2024-06-09 11:45:00+00:00,69389.0,69423.6945,2024-06-11 01:45:00+00:00,68729.457555,68695.0928262225,0.00023323986270379438,16.192372973570166,0.16192372973570165,68729.457555,70812.16839,SL,-0.15383158931912466,0.016192372973570165,0.016022434019212547,0.008092140416576278,0.008015224621916006,0.016107365038492284,-0.20215376135039964,-1.248450499999988,1 days 14:00:00
15m,DEVELOPMENT,102,CLOSED,BTCUSDT,LONG,2024-06-12 00:00:00+00:00,2024-06-12 00:15:00+00:00,67413.29,67446.99664499999,2024-06-12 12:30:00+00:00,68795.93657789999,68761.53860961105,0.00023708129285864523,15.990421164029305,0.15990421164029306,66772.52667854998,68795.93657789999,TP,0.3277996382551133,0.015990421164029305,0.016302074472516238,0.007991214974527008,0.008155114793654376,0.016146329768181384,0.2793608128503864,1.7470510000000048,0 days 12:15:00
15m,DEVELOPMENT,103,CLOSED,BTCUSDT,LONG,2024-06-14 08:00:00+00:00,2024-06-14 08:15:00+00:00,67188.9,67222.49444999998,2024-06-14 15:45:00+00:00,66550.26950549998,66516.99437074723,0.0002420246827830796,16.269502895148577,0.16269502895148577,66550.26950549998,68566.94433899998,SL,-0.15456434284696755,0.01626950289514858,0.01609875446226399,0.00813068610451951,0.00805340393309901,0.016184090037618518,-0.20311669024199866,-1.248450500000011,0 days 07:30:00
15m,DEVELOPMENT,104,CLOSED,BTCUSDT,LONG,2024-06-15 06:00:00+00:00,2024-06-15 06:15:00+00:00,66351.99,66385.165995,2024-06-17 09:45:00+00:00,65721.31433505,65688.45367788248,0.00024202077192807126,16.066589118683048,0.16066589118683047,65721.31433505,67712.8693149,SL,-0.15263661126744915,0.01606658911868305,0.01589797026588247,0.008029279919381295,0.007952961613746678,0.015982241533127974,-0.20058341218514264,-1.248450499999991,2 days 03:30:00
15m,DEVELOPMENT,105,CLOSED,BTCUSDT,LONG,2024-06-17 20:30:00+00:00,2024-06-17 20:45:00+00:00,66620.0,66653.31,2024-06-18 00:45:00+00:00,65986.7769,65953.78351155,0.00023804078281374267,15.866206089527061,0.15866206089527063,65986.7769,67986.3762,SL,-0.15073292241974554,0.01586620608952706,0.01569969025661748,0.007929138475525213,0.007853772014313866,0.01578291048983908,-0.1980817292557292,-1.2484504999999881,0 days 04:00:00
15m,DEVELOPMENT,106,CLOSED,BTCUSDT,LONG,2024-06-19 10:45:00+00:00,2024-06-19 11:00:00+00:00,65520.0,65552.76,2024-06-19 14:15:00+00:00,64897.23239999999,64864.7837838,0.00023901849813976934,15.668322244116744,0.15668322244116745,64897.23239999999,66863.8152,SL,-0.14885297644211018,0.015668322244116746,0.015503883202164741,0.007830245999057591,0.007755819510836771,0.015586065509894362,-0.19561124739828603,-1.2484504999999957,0 days 03:15:00
15m,DEVELOPMENT,107,CLOSED,BTCUSDT,LONG,2024-06-21 23:45:00+00:00,2024-06-22 00:00:00+00:00,64143.56,64175.631779999996,2024-06-23 23:30:00+00:00,63533.8754622,63502.1085244689,0.00024110251794002717,15.472906412550026,0.15472906412550028,63533.8754622,65459.1444156,SL,-0.14699647721268164,0.015472906412550027,0.015310518259750315,0.007732586912818218,0.007659088674211257,0.015391675587029474,-0.19317157747201147,-1.2484504999999908,1 days 23:30:00
15m,DEVELOPMENT,108,CLOSED,BTCUSDT,LONG,2024-06-25 09:15:00+00:00,2024-06-25 09:30:00+00:00,60941.2,60971.67059999999,2024-06-25 18:45:00+00:00,62191.10401199999,62160.008459993995,0.00025060700589819314,15.279927813676887,0.15279927813676886,60361.95389399999,62191.10401199999,TP,0.3132347021074572,0.015279927813676887,0.01557773360676545,0.007636145833919801,0.007792763184973773,0.015428909018893574,0.2669481316681213,1.7470510000000075,0 days 09:15:00
15m,DEVELOPMENT,109,CLOSED,BTCUSDT,LONG,2024-06-27 22:30:00+00:00,2024-06-27 22:45:00+00:00,61669.99,61700.824994999995,2024-06-28 14:15:00+00:00,61083.81674505,61053.274836677476,0.0002519676076479469,15.546609263894794,0.15546609263894795,61083.81674505,62934.8414949,SL,-0.14769667271696182,0.015546609263894794,0.01538344759967022,0.007769419921985758,0.007695571585626914,0.015464991507612671,-0.19409172108813952,-1.2484504999999912,0 days 15:30:00
15m,DEVELOPMENT,110,CLOSED,BTCUSDT,LONG,2024-06-29 09:30:00+00:00,2024-06-29 09:45:00+00:00,60924.01,60954.472004999996,2024-06-30 20:15:00+00:00,62173.5614451,62142.474664377456,0.00025187178127587687,15.35271144062992,0.1535271144062992,60344.92728495,62173.5614451,TP,0.3147267482731826,0.01535271144062992,0.0156519357866078,0.007672519460583144,0.007829882834719764,0.015502402295302907,0.26821969875064194,1.7470510000000163,1 days 10:30:00
15m,DEVELOPMENT,111,CLOSED,BTCUSDT,LONG,2024-07-04 20:45:00+00:00,2024-07-04 21:00:00+00:00,58358.99,58388.169494999995,2024-07-04 23:30:00+00:00,57804.28780004999,57775.38565614997,0.0002675313051040454,15.620663187633559,0.1562066318763356,57804.28780004999,59555.932884899994,SL,-0.1484002034967104,0.01562066318763356,0.015456724327479346,0.007806428379626078,0.007732228277877474,0.015538656657503553,-0.19501624766932688,-1.2484504999999984,0 days 02:30:00
15m,DEVELOPMENT,112,CLOSED,BTCUSDT,LONG,2024-07-06 07:00:00+00:00,2024-07-06 07:15:00+00:00,56634.01,56662.327005,2024-07-06 16:15:00+00:00,57795.5735451,57766.67575832745,0.0002722415858429052,15.425841761390474,0.15425841761390474,56095.703734949995,57795.5735451,TP,0.3162259015753304,0.015425841761390474,0.015726491417319976,0.007709066347520701,0.007867179298308593,0.015576245645829295,0.26949732275079064,1.7470510000000048,0 days 09:00:00
15m,DEVELOPMENT,113,CLOSED,BTCUSDT,LONG,2024-07-09 18:00:00+00:00,2024-07-09 18:15:00+00:00,57668.0,57696.833999999995,2024-07-10 04:00:00+00:00,58850.770679999994,58821.34529466,0.0002720265353909473,15.695069856046612,0.15695069856046612,57119.865659999996,58850.770679999994,TP,0.3217450102423932,0.01569506985604661,0.016000966767540963,0.007843613121461292,0.008004485626581929,0.015848098748043223,0.2742008748707624,1.7470510000000095,0 days 09:45:00
15m,DEVELOPMENT,114,CLOSED,BTCUSDT,LONG,2024-07-13 02:30:00+00:00,2024-07-13 02:45:00+00:00,57908.07,57937.024034999995,2024-07-13 22:45:00+00:00,59095.76451569999,59066.21663344215,0.0002756268046201772,15.968996803969453,0.15968996803969454,57357.653794649996,59095.76451569999,TP,0.3273604442272981,0.015968996803969453,0.01628023255167882,0.00798050814790945,0.008144188370022856,0.016124696517932306,0.2789865183537175,1.747051000000007,0 days 20:00:00
15m,DEVELOPMENT,115,CLOSED,BTCUSDT,LONG,2024-07-14 03:00:00+00:00,2024-07-14 03:15:00+00:00,59488.99,59518.734495,2024-07-14 21:15:00+00:00,60709.1091849,60678.75463030755,0.00027298471233251024,16.247704614512628,0.16247704614512629,58923.54715005,60709.1091849,TP,0.33307388470130406,0.01624770461451263,0.016564372377449482,0.008119792411050517,0.008286329353401402,0.01640612176445192,0.28385568594488997,1.747051000000006,0 days 18:00:00
15m,DEVELOPMENT,116,CLOSED,BTCUSDT,LONG,2024-07-15 22:00:00+00:00,2024-07-15 22:15:00+00:00,64135.63,64167.69781499999,2024-07-16 05:45:00+00:00,63526.020836849995,63494.257826431574,0.0002576261466634588,16.53127672834369,0.1653127672834369,63526.020836849995,65451.05177129999,SL,-0.15705125967307082,0.016531276728343692,0.01635778097907973,0.008261507610365345,0.00818298198052907,0.016444489590894416,-0.20638480697138867,-1.2484504999999892,0 days 07:30:00
15m,DEVELOPMENT,117,CLOSED,BTCUSDT,LONG,2024-07-19 13:30:00+00:00,2024-07-19 13:45:00+00:00,64631.95,64664.265974999995,2024-07-19 16:00:00+00:00,65957.5512945,65924.57251885274,0.00025245934294393965,16.325098100000652,0.1632509810000065,64017.62331524999,65957.5512945,TP,0.33466043181510496,0.016325098100000653,0.016643274261969664,0.008158469815092202,0.008325800031000481,0.016484269846092685,0.28520778960704196,1.7470509999999975,0 days 02:15:00
15m,DEVELOPMENT,118,CLOSED,BTCUSDT,LONG,2024-07-20 07:15:00+00:00,2024-07-20 07:30:00+00:00,66679.67,66713.00983499999,2024-07-21 18:00:00+00:00,66045.87973665,66012.85679678168,0.00024897723858992727,16.610020966740958,0.16610020966740957,66045.87973665,68047.2700317,SL,-0.1577993496140671,0.016610020966740958,0.016435698796695014,0.008300860053341711,0.008221960378534288,0.016522820431876,-0.2073678898093791,-1.2484504999999806,1 days 10:30:00
15m,DEVELOPMENT,119,CLOSED,BTCUSDT,LONG,2024-07-25 20:30:00+00:00,2024-07-25 20:45:00+00:00,64919.57,64952.029785,2024-07-26 00:15:00+00:00,66251.0703807,66217.94484550964,0.00025253806989491084,16.40286023766066,0.16402860237660663,64302.50948715,66251.0703807,TP,0.3362545362063159,0.01640286023766066,0.016722551983692664,0.008197331453103552,0.008365458721207648,0.0165627901743112,0.28656633381065144,1.7470509999999906,0 days 03:30:00
15m,DEVELOPMENT,120,CLOSED,BTCUSDT,LONG,2024-07-27 02:30:00+00:00,2024-07-27 02:45:00+00:00,67887.51,67921.453755,2024-07-27 13:45:00+00:00,69279.8828301,69245.24288868495,0.00024571235403201294,16.689140291417555,0.16689140291417556,67242.23921745,69279.8828301,TP,0.34212320577408906,0.016689140291417555,0.017014411635697283,0.008340399945735967,0.008511461548623199,0.016851861494359167,0.29156779235261504,1.7470510000000103,0 days 11:00:00
15m,DEVELOPMENT,121,CLOSED,BTCUSDT,LONG,2024-07-27 15:45:00+00:00,2024-07-27 16:00:00+00:00,68844.0,68878.42199999999,2024-07-27 19:00:00+00:00,68189.63777999999,68155.54296111,0.0002465273784474089,16.980416807254333,0.16980416807254334,68189.63777999999,70255.99044,SL,-0.1613182026516291,0.016980416807254334,0.0168022073328622,0.008485965420914586,0.008405306319589145,0.01689127174050373,-0.21199209853224937,-1.2484504999999917,0 days 03:00:00
15m,DEVELOPMENT,122,CLOSED,BTCUSDT,LONG,2024-07-28 22:00:00+00:00,2024-07-28 22:15:00+00:00,68084.01,68118.05200499999,2024-07-29 02:30:00+00:00,69480.4130451,69445.67283857745,0.00024617022941010483,16.768636489040297,0.16768636489040298,67436.87148495,69480.4130451,TP,0.34375285796123595,0.016768636489040298,0.017095457214211695,0.008380128180428876,0.0085520046094098,0.016932132789838676,0.29295663146814527,1.747051000000011,0 days 04:15:00
15m,DEVELOPMENT,123,CLOSED,BTCUSDT,LONG,2024-07-31 16:00:00+00:00,2024-07-31 16:15:00+00:00,66645.31,66678.632655,2024-07-31 19:15:00+00:00,66011.84632844999,65978.84040528577,0.00025587358014399203,17.061300456540945,0.17061300456540945,66011.84632844999,68012.20530809999,SL,-0.16208661753065873,0.017061300456540945,0.016882242108249547,0.00852638703475215,0.00844534372598716,0.01697173076073931,-0.2130018908561885,-1.2484505000000046,0 days 03:00:00
15m,DEVELOPMENT,124,CLOSED,BTCUSDT,LONG,2024-08-05 20:30:00+00:00,2024-08-05 20:45:00+00:00,54018.01,54045.019005,2024-08-05 21:15:00+00:00,55125.9193851,55098.35642540745,0.0003117495685074653,16.84851135478651,0.1684851135478651,53504.56881495,55125.9193851,TP,0.3453902727502961,0.01684851135478651,0.017176888841091302,0.008420045654565937,0.00859274079094114,0.017012786445507078,0.2943520861089112,1.7470509999999997,0 days 00:30:00
15m,DEVELOPMENT,125,CLOSED,BTCUSDT,LONG,2024-08-06 05:30:00+00:00,2024-08-06 05:45:00+00:00,55771.88,55799.76594,2024-08-06 08:30:00+00:00,55241.768280599994,55214.147396459695,0.0003072157937239431,17.142569382867343,0.17142569382867343,55241.768280599994,56915.7612588,SL,-0.16285869263783626,0.017142569382867342,0.01696265811719415,0.008567001190838289,0.008485571844518902,0.01705257303535719,-0.21401649317325494,-1.248450500000004,0 days 02:45:00
15m,DEVELOPMENT,126,CLOSED,BTCUSDT,LONG,2024-08-06 12:15:00+00:00,2024-08-06 12:30:00+00:00,55461.02,55488.75050999999,2024-08-06 12:30:00+00:00,54933.86300489999,54906.39607339755,0.000305084661968262,16.928766692384574,0.16928766692384575,54933.86300489999,56598.52552019999,SL,-0.16082751365428996,0.016928766692384575,0.016751099285947996,0.008460153269555666,0.008379739512728508,0.016839892782284174,-0.21134727241490672,-1.2484504999999884,0 days 00:00:00
15m,DEVELOPMENT,127,CLOSED,BTCUSDT,LONG,2024-08-06 14:00:00+00:00,2024-08-06 14:15:00+00:00,56149.99,56178.06499499999,2024-08-07 00:15:00+00:00,55616.28434504999,55588.47620287747,0.0002975828832408852,16.717630556105945,0.16717630556105945,55616.28434504999,57301.626294899994,SL,-0.15882166760198746,0.016717630556105947,0.016542179023419614,0.008354637959072066,0.008275227125271524,0.01662986508434359,-0.20871134226585664,-1.2484504999999952,0 days 10:00:00
15m,DEVELOPMENT,128,CLOSED,BTCUSDT,LONG,2024-08-07 01:30:00+00:00,2024-08-07 01:45:00+00:00,56591.99,56620.285995,2024-08-07 14:30:00+00:00,56054.08313505,56026.05609348248,0.00029157619793968183,16.509127716679515,0.16509127716679514,56054.08313505,57752.6917149,SL,-0.15684083852777397,0.016509127716679516,0.016335864421292964,0.008250438639020365,0.008172018219754497,0.016422456858774862,-0.20610828752452132,-1.248450499999984,0 days 12:45:00
15m,DEVELOPMENT,129,CLOSED,BTCUSDT,LONG,2024-08-08 14:15:00+00:00,2024-08-08 14:30:00+00:00,58178.64,58207.72932,2024-08-08 15:30:00+00:00,59371.8839064,59342.1979644468,0.0002800869493106716,16.303225331540133,0.16303225331540133,57625.652026799995,59371.8839064,TP,0.3342120455271243,0.016303225331540133,0.01662097519325185,0.008147538896321664,0.00831464491908476,0.01646218381540642,0.2848256611869259,1.7470510000000044,0 days 01:00:00
15m,DEVELOPMENT,130,CLOSED,BTCUSDT,LONG,2024-08-11 03:00:00+00:00,2024-08-11 03:15:00+00:00,61141.01,61171.580505,2024-08-11 11:15:00+00:00,60559.86469995,60529.58476760003,0.00027116785792793367,16.587766451606996,0.16587766451606997,60559.86469995,62395.0121151,SL,-0.15758792615944592,0.016587766451606995,0.016413677842697382,0.008289738356624114,0.008210944393544434,0.016500682750168548,-0.20709005320391882,-1.248450499999994,0 days 08:00:00
15m,DEVELOPMENT,131,CLOSED,BTCUSDT,LONG,2024-08-12 14:15:00+00:00,2024-08-12 14:30:00+00:00,59588.95,59618.74447499999,2024-08-12 18:30:00+00:00,59022.55703024999,58993.04575173487,0.00027476062144250843,16.380883281573116,0.16380883281573116,59022.55703024999,60811.119364499995,SL,-0.15562248434917958,0.016380883281573118,0.016208965911533008,0.008186348466551948,0.008108537224377696,0.016294885690929642,-0.20450721923321533,-1.248450499999996,0 days 04:00:00
15m,DEVELOPMENT,132,CLOSED,BTCUSDT,LONG,2024-08-13 21:15:00+00:00,2024-08-13 21:30:00+00:00,60869.33,60899.764664999995,2024-08-14 13:30:00+00:00,60290.767018349994,60260.62163484082,0.0002656263198099539,16.176580365256218,0.16176580365256218,60290.767018349994,62117.7599583,SL,-0.15368155559396543,0.016176580365256217,0.016006807154322854,0.008084248058597058,0.008007407280801638,0.016091655339398696,-0.20195659845294317,-1.2484505000000006,0 days 16:00:00
15m,DEVELOPMENT,133,CLOSED,BTCUSDT,LONG,2024-08-17 12:15:00+00:00,2024-08-17 12:30:00+00:00,59213.42,59243.02671,2024-08-18 23:45:00+00:00,58650.596442899994,58621.27114467855,0.00026964904409501405,15.974825521646885,0.15974825521646885,58650.596442899994,60427.8872442,SL,-0.15176483416617167,0.015974825521646883,0.0158071697277972,0.0079834210502983,0.007907538633214441,0.015890959683512743,-0.1994377890991285,-1.2484505000000021,1 days 11:15:00
15m,DEVELOPMENT,134,CLOSED,BTCUSDT,LONG,2024-08-20 13:45:00+00:00,2024-08-20 14:00:00+00:00,60892.0,60922.445999999996,2024-08-20 14:00:00+00:00,60313.22154,60283.06492923,0.00025894539708892035,15.775586971098306,0.15775586971098307,60313.22154,62140.89492,SL,-0.14987201815121415,0.015775586971098307,0.01561002218583663,0.007883851559768304,0.0078089155506932025,0.015692767110461504,-0.19695039441861062,-1.2484504999999932,0 days 00:00:00
15m,DEVELOPMENT,135,CLOSED,BTCUSDT,LONG,2024-08-21 14:30:00+00:00,2024-08-21 14:45:00+00:00,59848.0,59877.924,2024-08-21 14:45:00+00:00,59279.144759999996,59249.50518762,0.0002601765774364602,15.578833330320476,0.15578833330320477,59279.144759999996,61075.48248,SL,-0.1480028093999973,0.015578833330320476,0.015415333474518764,0.007785523903208392,0.007711522498507129,0.01549704640171552,-0.19449402260655205,-1.2484504999999961,0 days 00:00:00
15m,DEVELOPMENT,136,CLOSED,BTCUSDT,LONG,2024-08-21 15:30:00+00:00,2024-08-21 15:45:00+00:00,59731.99,59761.855995,2024-08-21 19:00:00+00:00,60957.0931149,60926.61456834256,0.0002574306529021449,15.384533607436811,0.15384533607436812,59164.237435049996,60957.0931149,TP,0.3153790947411596,0.015384533607436812,0.015684378167445757,0.007688422592422224,0.007846112139791733,0.015534534732213955,0.2687756482340631,1.7470510000000141,0 days 03:15:00
15m,DEVELOPMENT,137,CLOSED,BTCUSDT,LONG,2024-08-22 04:45:00+00:00,2024-08-22 05:00:00+00:00,60834.53,60864.947264999995,2024-08-22 15:30:00+00:00,60256.29779234999,60226.169643453824,0.0002571766090649513,15.653040748529783,0.15653040748529784,60256.29779234999,62082.2462103,SL,-0.14870779841556933,0.015653040748529783,0.015488762085873964,0.007822609069729102,0.007748255170520589,0.015570864240249692,-0.19542046549022274,-1.248450499999993,0 days 10:30:00
15m,DEVELOPMENT,138,CLOSED,BTCUSDT,LONG,2024-08-23 04:15:00+00:00,2024-08-23 04:30:00+00:00,60716.71,60747.068354999996,2024-08-23 14:00:00+00:00,61962.009722099996,61931.02871723895,0.0002544619177002227,15.457815508279813,0.15457815508279812,60139.59767144999,61962.009722099996,TP,0.31688135539711965,0.015457815508279814,0.015759088332536187,0.007725045231523296,0.007883485909221489,0.015608531140744786,0.27005592041555887,1.7470510000000086,0 days 09:30:00
15m,DEVELOPMENT,139,CLOSED,BTCUSDT,LONG,2024-08-24 02:45:00+00:00,2024-08-24 03:00:00+00:00,63949.99,63981.964994999995,2024-08-26 09:30:00+00:00,63342.14534505,63310.474272377476,0.0002458130450321455,15.72760164256109,0.1572760164256109,63342.14534505,65261.6042949,SL,-0.1494161455397734,0.015727601642561092,0.015562540463322413,0.007859870885836853,0.007785162813066857,0.01564503369890371,-0.19635132134456063,-1.2484504999999904,2 days 06:30:00
15m,DEVELOPMENT,140,CLOSED,BTCUSDT,LONG,2024-08-30 12:15:00+00:00,2024-08-30 12:30:00+00:00,59558.0,59587.778999999995,2024-08-30 13:45:00+00:00,58991.901209999996,58962.405259395,0.00026064818553453233,15.531446476382708,0.1553144647638271,58991.901209999996,60779.53458,SL,-0.1475526224467952,0.015531446476382708,0.015368443945613071,0.0077618423170315335,0.007688066005809431,0.015449908322840964,-0.19390242119163195,-1.2484504999999977,0 days 01:15:00
15m,VALIDATION,1,CLOSED,BTCUSDT,LONG,2024-09-02 19:00:00+00:00,2024-09-02 19:15:00+00:00,58502.01,58531.261005,2024-09-03 02:00:00+00:00,59701.8862251,59672.03528198745,0.00034135639036229204,19.980019980019982,0.19980019980019983,57945.94839495,59701.8862251,TP,0.40958541708166923,0.019980019980019983,0.020369430569430573,0.009985017481268761,0.010189810189809996,0.020174827671078758,0.34906113886113993,1.747051000000005,0 days 06:45:00
15m,VALIDATION,2,CLOSED,BTCUSDT,LONG,2024-09-04 19:00:00+00:00,2024-09-04 19:15:00+00:00,57848.0,57876.924,2024-09-05 03:00:00+00:00,57298.15476,57269.50568262,0.00035124071912416577,20.328732406454687,0.2032873240645469,57298.15476,59034.46248,SL,-0.19312803750460034,0.020328732406454688,0.020115382359848947,0.010159286559947044,0.010062722541193671,0.020222009101140713,-0.2537941613720447,-1.2484504999999955,0 days 07:45:00
15m,VALIDATION,3,CLOSED,BTCUSDT,LONG,2024-09-08 10:00:00+00:00,2024-09-08 10:15:00+00:00,54582.99,54610.281494999996,2024-09-08 14:00:00+00:00,54064.17868005,54037.14659070998,0.0003676082824722565,20.0751917857034,0.200751917857034,54064.17868005,55702.4871249,SL,-0.19071933825398396,0.0200751917857034,0.019864502647912445,0.010032579603049317,0.009937219933921463,0.01996979953697078,-0.2506288322245706,-1.248450499999988,0 days 03:45:00
15m,VALIDATION,4,CLOSED,BTCUSDT,LONG,2024-09-09 12:45:00+00:00,2024-09-09 13:00:00+00:00,55341.1,55368.770549999994,2024-09-09 14:30:00+00:00,54815.08284449999,54787.67530307775,0.00035805045217737107,19.824813331932603,0.19824813331932603,54815.08284449999,56476.145960999995,SL,-0.18834068037983137,0.019824813331932603,0.019616751916013975,0.009907452939494863,0.009813282599305258,0.01972073553880012,-0.24750298116657804,-1.248450499999994,0 days 01:30:00
15m,VALIDATION,5,CLOSED,BTCUSDT,LONG,2024-09-09 15:30:00+00:00,2024-09-09 15:45:00+00:00,55300.01,55327.660005,2024-09-09 16:45:00+00:00,56434.2132051,56405.99609849745,0.00035384756204622127,19.57755760649147,0.19577557606491472,54774.38340495,56434.2132051,TP,0.40133503898964484,0.01957755760649147,0.019959124204241993,0.009783886859814368,0.009984554379309792,0.01976844123912416,0.34202991593978715,1.7470510000000092,0 days 01:00:00
15m,VALIDATION,6,CLOSED,BTCUSDT,LONG,2024-09-10 07:00:00+00:00,2024-09-10 07:15:00+00:00,56881.09,56909.530544999994,2024-09-11 04:15:00+00:00,56340.435239549995,56312.26502193022,0.00035001599281253657,19.919245834203547,0.19919245834203547,56340.435239549995,58047.72115589999,SL,-0.18923781274773124,0.01991924583420355,0.019710193349173583,0.009954645594303802,0.009860026687929813,0.019814672282233617,-0.248681924213342,-1.2484504999999932,0 days 21:00:00
15m,VALIDATION,7,CLOSED,BTCUSDT,LONG,2024-09-12 14:15:00+00:00,2024-09-12 14:30:00+00:00,58252.0,58281.126,2024-09-12 14:45:00+00:00,57698.314739999994,57669.46558263,0.000337515996919499,19.67081234348093,0.19670812343480928,57698.314739999994,59446.74852,SL,-0.1868776325085339,0.01967081234348093,0.0194643671679361,0.009830490926276168,0.00973705211002101,0.019567543036297177,-0.2455803550562481,-1.2484504999999935,0 days 00:15:00
15m,VALIDATION,8,CLOSED,BTCUSDT,LONG,2024-09-14 03:15:00+00:00,2024-09-14 03:30:00+00:00,60402.38,60432.58119,2024-09-14 10:45:00+00:00,59828.255378099995,59798.34125041095,0.00032144047037095826,19.425477323444724,0.19425477323444726,59828.255378099995,61641.2328138,SL,-0.18454688851508527,0.019425477323444726,0.01922160693893517,0.009707884719362608,0.009615611275103245,0.019323495994465853,-0.24251746877193106,-1.2484504999999937,0 days 07:15:00
15m,VALIDATION,9,CLOSED,BTCUSDT,LONG,2024-09-18 01:30:00+00:00,2024-09-18 01:45:00+00:00,60257.38,60287.508689999995,2024-09-18 09:45:00+00:00,59684.633603099996,59654.79128629845,0.0003181953035828187,19.18320212986637,0.1918320212986637,59684.633603099996,61493.258863799994,SL,-0.1822452136375617,0.01918320212986637,0.018981874423513425,0.009586807661101914,0.009495685054281737,0.01908249271538365,-0.23949278290632514,-1.2484504999999886,0 days 08:00:00
15m,VALIDATION,10,CLOSED,BTCUSDT,LONG,2024-09-20 10:30:00+00:00,2024-09-20 10:45:00+00:00,63656.02,63687.848009999994,2024-09-20 13:00:00+00:00,63050.969529899994,63019.444045135046,0.00029744997189283154,18.943948600489424,0.18943948600489424,63050.969529899994,64961.604970199995,SL,-0.17997224532499032,0.018943948600489424,0.01874513185992729,0.009467240679904003,0.009377254557241817,0.01884449523714582,-0.23650582102255285,-1.2484504999999981,0 days 02:15:00
15m,VALIDATION,11,CLOSED,BTCUSDT,LONG,2024-09-21 09:00:00+00:00,2024-09-21 09:15:00+00:00,63061.87,63093.400935,2024-09-22 14:00:00+00:00,62462.46692565,62431.235692187176,0.00029650769766383886,18.70767904901835,0.1870767904901835,62462.46692565,64355.2689537,SL,-0.1777276255481466,0.01870767904901835,0.0185113419573989,0.009349164942036739,0.009260301129263274,0.018609466071300013,-0.23355611262586387,-1.2484504999999948,1 days 04:45:00
15m,VALIDATION,12,CLOSED,BTCUSDT,LONG,2024-09-25 00:30:00+00:00,2024-09-25 00:45:00+00:00,64392.06,64424.25603,2024-09-25 06:45:00+00:00,63780.013469699996,63748.12346296515,0.0002867608785513875,18.474356259182322,0.18474356259182323,63780.013469699996,65712.74115059999,SL,-0.17551100074315695,0.018474356259182322,0.018280467890242208,0.009232561848666587,0.009144806348293549,0.018377368196960134,-0.23064319308954162,-1.2484504999999926,0 days 06:00:00
15m,VALIDATION,13,CLOSED,BTCUSDT,LONG,2024-09-26 13:45:00+00:00,2024-09-26 14:00:00+00:00,64428.34,64460.554169999996,2024-09-26 17:00:00+00:00,65749.7652534,65716.8903707733,0.00028302492452607304,18.243943478873092,0.18243943478873093,63815.94862829999,65749.7652534,TP,0.3739962826103811,0.018243943478873093,0.01859951793727633,0.009117413032919883,0.009304411174224285,0.018421824207144166,0.3187309969870875,1.747051000000002,0 days 03:00:00
15m,VALIDATION,14,CLOSED,BTCUSDT,LONG,2024-09-26 18:45:00+00:00,2024-09-26 19:00:00+00:00,65285.53,65318.172764999996,2024-09-26 20:00:00+00:00,64664.991037349995,64632.658541831326,0.00028418363952186686,18.56235606327578,0.18562356063275778,64664.991037349995,66624.5362203,SL,-0.17634702087100185,0.01856235606327578,0.018367544136391703,0.009276539761756124,0.009188366251319812,0.018464906013075936,-0.23174182708374524,-1.2484504999999917,0 days 01:00:00
15m,VALIDATION,15,CLOSED,BTCUSDT,LONG,2024-09-27 07:00:00+00:00,2024-09-27 07:15:00+00:00,65403.99,65436.691994999994,2024-09-30 01:45:00+00:00,64782.325075049994,64749.933912512475,0.00028013099665718833,18.330845746508807,0.18330845746508806,64782.325075049994,66745.4258349,SL,-0.17414761501306086,0.018330845746508808,0.0181384635203992,0.009160842452027215,0.00907376864452005,0.018234611096547265,-0.22885153537651612,-1.2484504999999901,2 days 18:30:00
15m,VALIDATION,16,CLOSED,BTCUSDT,LONG,2024-10-03 21:00:00+00:00,2024-10-03 21:15:00+00:00,60852.59,60883.016294999994,2024-10-04 16:30:00+00:00,62100.6766209,62069.626282589554,0.00029732795672167444,18.102222834044756,0.18102222834044757,60274.186132049996,62100.6766209,TP,0.3710910448038565,0.018102222834044758,0.01845503515708029,0.00904658812296015,0.009232133645361105,0.018278721768321255,0.3162550650444102,1.7470510000000163,0 days 19:15:00
15m,VALIDATION,17,CLOSED,BTCUSDT,LONG,2024-10-05 08:15:00+00:00,2024-10-05 08:30:00+00:00,62152.01,62183.086005,2024-10-07 00:45:00+00:00,63426.7477251,63395.03435123745,0.00029619247199282273,18.41816195996325,0.1841816195996325,61561.255144949995,63426.7477251,TP,0.37756771793987626,0.01841816195996325,0.018777131936562934,0.009204478740609942,0.009393262599580933,0.018597741340190876,0.3217746827031592,1.7470510000000088,1 days 16:15:00
15m,VALIDATION,18,CLOSED,BTCUSDT,LONG,2024-10-07 06:15:00+00:00,2024-10-07 06:30:00+00:00,63556.0,63587.778,2024-10-07 10:45:00+00:00,62951.900219999996,62920.42426989,0.00029470467091076744,18.739615189436936,0.18739615189436937,62951.900219999996,64859.533559999996,SL,-0.1780310268621682,0.018739615189436936,0.0185429429280238,0.009365125032201905,0.009276109518770677,0.01864123455097258,-0.23395481953060154,-1.2484505000000008,0 days 04:15:00
15m,VALIDATION,19,CLOSED,BTCUSDT,LONG,2024-10-12 00:45:00+00:00,2024-10-12 01:00:00+00:00,62840.01,62871.430005,2024-10-13 14:45:00+00:00,62242.71570495,62211.59434709753,0.00029434504813288077,18.50589409100477,0.1850589409100477,62242.71570495,64128.8586051,SL,-0.17581061802598735,0.01850589409100477,0.018311674732519677,0.009248322884060339,0.009160417575045704,0.018408740459106045,-0.23103692730861786,-1.248450499999991,1 days 13:45:00
15m,VALIDATION,20,CLOSED,BTCUSDT,LONG,2024-10-14 13:30:00+00:00,2024-10-14 13:45:00+00:00,64989.98,65022.47499,2024-10-14 22:45:00+00:00,66322.9244898,66289.7630275551,0.00028105801836407983,18.275087969817342,0.1827508796981734,64372.2502401,66322.9244898,TP,0.3746347368925075,0.018275087969817343,0.018631269434349083,0.009132977496160375,0.009320294864606239,0.018453272360766614,0.31927510712757445,1.7470510000000048,0 days 09:00:00
15m,VALIDATION,21,CLOSED,BTCUSDT,LONG,2024-10-15 16:00:00+00:00,2024-10-15 16:15:00+00:00,66432.7,66465.91635,2024-10-16 10:15:00+00:00,67795.234677,67761.3370596615,0.0002797530695714834,18.594044120793946,0.18594044120793946,65801.25718649999,67795.234677,TP,0.38117325828834053,0.018594044120793945,0.01895644204070822,0.00929237587246142,0.009482962501605397,0.018775338374066815,0.32484743375277153,1.7470509999999984,0 days 18:00:00
15m,VALIDATION,22,CLOSED,BTCUSDT,LONG,2024-10-16 19:00:00+00:00,2024-10-16 19:15:00+00:00,67921.6,67955.5608,2024-10-17 04:45:00+00:00,67276.00519200001,67242.36718940402,0.0002783961578555007,18.918567031635877,0.18918567031635877,67276.00519200001,69314.67201600001,SL,-0.17973111407865808,0.01891856703163588,0.01872001667063886,0.009454556237699295,0.009364690680658422,0.018819246918357718,-0.23618894469929055,-1.2484504999999857,0 days 09:30:00
15m,VALIDATION,23,CLOSED,BTCUSDT,LONG,2024-10-18 04:15:00+00:00,2024-10-18 04:30:00+00:00,67819.97,67853.87998499999,2024-10-20 22:45:00+00:00,69210.9575847,69176.35210590764,0.0002753359725937314,18.682614039928296,0.18682614039928297,67175.34118515,69210.9575847,TP,0.3829889194991779,0.018682614039928297,0.0190467381875665,0.009336638700611402,0.009528133160363283,0.018864771860974683,0.32639479541070837,1.7470510000000035,2 days 18:15:00
15m,VALIDATION,24,CLOSED,BTCUSDT,LONG,2024-10-24 17:30:00+00:00,2024-10-24 17:45:00+00:00,67787.87,67821.763935,2024-10-25 17:45:00+00:00,67143.54629565,67109.97452250218,0.0002802740840658486,19.008682766612328,0.19008682766612328,67143.54629565,69178.19921369999,SL,-0.18058723607861019,0.019008682766612328,0.01880918664097673,0.009499591587512424,0.009409297969472166,0.01890888955698459,-0.23731399504318382,-1.2484504999999915,1 days 00:00:00
15m,VALIDATION,25,CLOSED,BTCUSDT,LONG,2024-10-27 18:30:00+00:00,2024-10-27 18:45:00+00:00,67695.16,67729.00758,2024-10-28 13:15:00+00:00,69083.58773160001,69049.04593773422,0.0002771575506449679,18.77160584848727,0.1877160584848727,67051.7175042,69083.58773160001,TP,0.38481322933780715,0.01877160584848727,0.01913746444647429,0.009381112368060012,0.009573518982726285,0.018954631350786295,0.3279495276920593,1.7470510000000212,0 days 18:30:00
15m,VALIDATION,26,CLOSED,BTCUSDT,LONG,2024-10-28 16:30:00+00:00,2024-10-28 16:45:00+00:00,68909.09,68943.544545,2024-10-29 01:45:00+00:00,70322.4154359,70287.25422818205,0.000277027064394801,19.099227754273546,0.19099227754273546,68254.10909955,70322.4154359,TP,0.39152939654187907,0.019099227754273546,0.01947147170320434,0.00954484145640871,0.009740606154678184,0.019285447611086894,0.3336732494733143,1.747051000000004,0 days 09:00:00
15m,VALIDATION,27,CLOSED,BTCUSDT,LONG,2024-10-29 10:30:00+00:00,2024-10-29 10:45:00+00:00,71286.0,71321.643,2024-10-29 16:45:00+00:00,72748.07586,72711.70182207,0.0002724638250949617,19.4325676638373,0.194325676638373,70608.42657,72748.07586,TP,0.39836278139460496,0.019432567663837302,0.01981130840760549,0.009711428117858738,0.009910609508556958,0.019622037626415696,0.3394968676967465,1.7470510000000015,0 days 06:00:00
15m,VALIDATION,28,CLOSED,BTCUSDT,LONG,2024-10-30 05:15:00+00:00,2024-10-30 05:30:00+00:00,72485.05,72521.292525,2024-10-30 12:00:00+00:00,71796.07959975,71760.18155995013,0.0002726333837335874,19.771725373824065,0.19771725373824064,71796.07959975,73971.7183755,SL,-0.18783633151244358,0.019771725373824066,0.019564221116025786,0.009880922225797553,0.00978700406004088,0.01966792628583843,-0.2468402042881319,-1.2484504999999924,0 days 06:30:00
15m,VALIDATION,29,CLOSED,BTCUSDT,LONG,2024-10-31 09:15:00+00:00,2024-10-31 09:30:00+00:00,72370.01,72406.19500499999,2024-10-31 13:45:00+00:00,71682.13305494998,71646.29198842251,0.00026966106645706645,19.525131763146614,0.19525131763146614,71682.13305494998,73854.3189051,SL,-0.18549363059341492,0.019525131763146616,0.01932021550529239,0.009757687038052148,0.009664940222756609,0.019422627260808754,-0.2437616051226627,-1.2484505,0 days 04:15:00
15m,VALIDATION,30,CLOSED,BTCUSDT,LONG,2024-11-04 01:45:00+00:00,2024-11-04 02:00:00+00:00,68970.0,69004.485,2024-11-04 14:30:00+00:00,68314.44015,68280.282929925,0.00027942551380697914,19.281613676110986,0.19281613676110987,68314.44015,70384.5747,SL,-0.1831801479174776,0.019281613676110986,0.0190792531405802,0.009635988843633838,0.009544398769673333,0.01918038761330717,-0.24072140234747597,-1.2484505,0 days 12:30:00
15m,VALIDATION,31,CLOSED,BTCUSDT,LONG,2024-11-05 23:00:00+00:00,2024-11-05 23:15:00+00:00,69619.99,69654.79999500001,2024-11-06 00:30:00+00:00,71047.89599490001,71012.37204690257,0.0002733642585443035,19.04113275468493,0.1904113275468493,68958.25199505001,71047.89599490001,TP,0.39033846356680657,0.01904113275468493,0.019412244432073747,0.0095158084731068,0.009710977704886771,0.019226786177993574,0.3326583002020543,1.7470510000000192,0 days 01:15:00
15m,VALIDATION,32,CLOSED,BTCUSDT,LONG,2024-11-06 17:00:00+00:00,2024-11-06 17:15:00+00:00,74540.59,74577.86029499999,2024-11-06 20:45:00+00:00,76069.41750089999,76031.38279214954,0.00025977493390503777,19.373458728912762,0.19373458728912762,73832.08169205,76069.41750089999,TP,0.39715106299849945,0.019373458728912763,0.019751047439539274,0.00968188842024491,0.009880463951745192,0.019562352371990104,0.3384642044580573,1.747050999999998,0 days 03:30:00
15m,VALIDATION,33,CLOSED,BTCUSDT,LONG,2024-11-08 00:15:00+00:00,2024-11-08 00:30:00+00:00,76227.99,76266.103995,2024-11-10 04:30:00+00:00,77791.4260749,77752.53036186255,0.00025845800132369076,19.711584807292446,0.19711584807292448,75503.44295504999,77791.4260749,TP,0.40408256311600743,0.019711584807292445,0.020095763595186576,0.009850866970159185,0.010052908251718482,0.019903775221877668,0.3443714394916508,1.747051,2 days 04:00:00
15m,VALIDATION,34,CLOSED,BTCUSDT,LONG,2024-11-10 12:45:00+00:00,2024-11-10 13:00:00+00:00,79654.0,79693.82699999999,2024-11-10 21:00:00+00:00,78896.88872999999,78857.44028563499,0.00025165828991211605,20.05561221937202,0.2005561221937202,78896.88872999999,81287.70353999999,SL,-0.1905333274813925,0.02005561221937202,0.01984512856912971,0.010022794712327384,0.009927528048589122,0.019950322760916506,-0.2503843910308108,-1.2484504999999984,0 days 08:00:00
15m,VALIDATION,35,CLOSED,BTCUSDT,LONG,2024-11-12 04:15:00+00:00,2024-11-12 04:30:00+00:00,88652.3,88696.62615,2024-11-12 09:45:00+00:00,87809.6598885,87765.75505855575,0.00022329460343963696,19.805477962597983,0.19805477962597984,87809.6598885,90470.55867299999,SL,-0.18815698953972496,0.019805477962597982,0.019597619471380518,0.009897790086254413,0.009803711591486249,0.019701501677740662,-0.24726158865144413,-1.248450499999999,0 days 05:15:00
15m,VALIDATION,36,CLOSED,BTCUSDT,LONG,2024-11-12 22:45:00+00:00,2024-11-12 23:00:00+00:00,88592.0,88636.296,2024-11-12 23:15:00+00:00,87749.93304,87706.05807348,0.00022065975532777925,19.558463388520618,0.1955846338852062,87749.93304,90409.02192,SL,-0.1858102893632061,0.01955846338852062,0.019353197315258096,0.009774344521999772,0.009681439377317967,0.01945578389931774,-0.24417773396630255,-1.2484504999999997,0 days 00:15:00
15m,VALIDATION,37,CLOSED,BTCUSDT,LONG,2024-11-14 11:15:00+00:00,2024-11-14 11:30:00+00:00,91206.01,91251.61300499999,2024-11-14 14:30:00+00:00,90339.09687494999,90293.92732651252,0.0002116623361747718,19.314529588354485,0.19314529588354487,90339.09687494999,93076.6452651,SL,-0.18349285730865653,0.019314529588354487,0.01911182360032471,0.009652438574889208,0.009560692146233351,0.01921313072112256,-0.24113234121845828,-1.2484504999999935,0 days 03:00:00
15m,VALIDATION,38,CLOSED,BTCUSDT,LONG,2024-11-15 16:15:00+00:00,2024-11-15 16:30:00+00:00,89632.99,89677.806495,2024-11-15 21:45:00+00:00,91471.3626249,91425.62694358754,0.0002126907301155861,19.0736381385858,0.190736381385858,88781.02843004999,91471.3626249,TP,0.391004815814485,0.0190736381385858,0.019445383345906835,0.00953205304276978,0.009727555450678703,0.01925960849344848,0.33322618583654384,1.7470509999999961,0 days 05:15:00
15m,VALIDATION,39,CLOSED,BTCUSDT,LONG,2024-11-16 01:00:00+00:00,2024-11-16 01:15:00+00:00,91283.49,91329.131745,2024-11-16 15:15:00+00:00,90415.84042755,90370.63250733624,0.00021249004627915176,19.4065314311298,0.194065314311298,90415.84042755,93155.7143799,SL,-0.18436689780398635,0.0194065314311298,0.019202859883760096,0.009698416507311415,0.009606233058407842,0.019304649565719256,-0.2422809386845955,-1.2484504999999915,0 days 14:00:00
15m,VALIDATION,40,CLOSED,BTCUSDT,LONG,2024-11-17 12:30:00+00:00,2024-11-17 12:45:00+00:00,90989.79,91035.28489499999,2024-11-17 14:15:00+00:00,90124.93204604999,90079.86958002696,0.00021051719180589483,19.164492531344994,0.19164492531344995,90124.93204604999,92855.9905929,SL,-0.1820674677765472,0.019164492531344994,0.01896336118222853,0.009577457536903242,0.0094864238030156,0.01906388133991884,-0.23925920283003954,-1.2484505000000015,0 days 01:30:00
15m,VALIDATION,41,CLOSED,BTCUSDT,LONG,2024-11-18 22:30:00+00:00,2024-11-18 22:45:00+00:00,91406.97,91452.67348499999,2024-11-18 23:15:00+00:00,90538.14675014999,90492.87767677492,0.00020694280033050914,18.9254723486976,0.189254723486976,90538.14675014999,93281.72695469999,SL,-0.17979671631621563,0.0189254723486976,0.01872684951639802,0.009458007170761538,0.009368108812603075,0.018826115983364613,-0.23627515416467587,-1.2484504999999944,0 days 00:30:00
15m,VALIDATION,42,CLOSED,BTCUSDT,LONG,2024-11-19 12:00:00+00:00,2024-11-19 12:15:00+00:00,92020.01,92066.02000499998,2024-11-19 13:45:00+00:00,91145.35980494999,91099.78712504751,0.000203000338589992,18.689433233647975,0.18689433233647976,91145.35980494999,93907.34040509998,SL,-0.1775542857429545,0.018689433233647974,0.018493287631860842,0.009340046593525029,0.009251269450654846,0.018591316044179875,-0.2333283226526432,-1.248450499999994,0 days 01:30:00
15m,VALIDATION,43,CLOSED,BTCUSDT,LONG,2024-11-20 17:30:00+00:00,2024-11-20 17:45:00+00:00,94164.01,94211.09200499998,2024-11-20 18:45:00+00:00,93268.98108494998,93222.34659440751,0.00019590408744273174,18.45633800622276,0.1845633800622276,93268.98108494998,96095.31384509998,SL,-0.17533982283773195,0.01845633800622276,0.018262638738847453,0.009223557224497036,0.009135887313077923,0.01835944453757496,-0.23041824412037712,-1.2484504999999948,0 days 01:00:00
15m,VALIDATION,44,CLOSED,BTCUSDT,LONG,2024-11-20 23:45:00+00:00,2024-11-21 00:00:00+00:00,94286.56,94333.70327999999,2024-11-21 04:00:00+00:00,96220.37734559999,96172.26715692719,0.00019320931243481287,18.226149950158447,0.1822614995015845,93390.36624719999,96220.37734559999,TP,0.37363151971788955,0.01822614995015845,0.01858137761268704,0.0091085207147198,0.00929533647458067,0.01840385718930047,0.3184201349657437,1.7470510000000055,0 days 04:00:00
15m,VALIDATION,45,CLOSED,BTCUSDT,LONG,2024-11-22 02:15:00+00:00,2024-11-22 02:30:00+00:00,98337.65,98386.818825,2024-11-22 13:30:00+00:00,97402.95063675,97354.24916143162,0.00018848309361517017,18.54425198309126,0.18544251983091262,97402.95063675,100354.5552015,SL,-0.17617502758548864,0.018544251983091262,0.01834963005852872,0.009267492245423042,0.009179404731630314,0.018446896977053356,-0.23151580660416196,-1.2484504999999957,0 days 11:00:00
15m,VALIDATION,46,CLOSED,BTCUSDT,LONG,2024-11-22 21:45:00+00:00,2024-11-22 22:00:00+00:00,99272.72,99322.35635999999,2024-11-23 01:15:00+00:00,98329.1327964,98279.9682300018,0.00018437910790832128,18.31296746100918,0.1831296746100918,98329.1327964,101308.8034872,SL,-0.17397776683347688,0.01831296746100918,0.018120772867505887,0.009151907776614348,0.009064918893197847,0.018216826669812197,-0.22862833383180414,-1.2484504999999877,0 days 03:15:00
15m,VALIDATION,47,CLOSED,BTCUSDT,LONG,2024-11-23 14:30:00+00:00,2024-11-23 14:45:00+00:00,98732.01,98781.37600499998,2024-11-23 16:15:00+00:00,97793.56224494998,97744.6654638275,0.0001830766917662282,18.084567527111272,0.18084567527111273,97793.56224494998,100757.00352509998,SL,-0.17180791039000062,0.01808456752711127,0.01789476999091424,0.009037764881113056,0.008951860925919536,0.017989625807032592,-0.22577687371505872,-1.2484505000000021,0 days 01:30:00
15m,VALIDATION,48,CLOSED,BTCUSDT,LONG,2024-11-24 05:00:00+00:00,2024-11-24 05:15:00+00:00,98216.04,98265.14802,2024-11-24 11:15:00+00:00,97282.49653979999,97233.8552915301,0.00018174313644837487,17.85901620471861,0.1785901620471861,97282.49653979999,100230.4509804,SL,-0.16966511646761703,0.017859016204718612,0.017671585829650092,0.008925045579569461,0.008840213021334673,0.017765258600904135,-0.22296097710288987,-1.2484504999999964,0 days 06:00:00
15m,VALIDATION,49,CLOSED,BTCUSDT,LONG,2024-11-25 08:00:00+00:00,2024-11-25 08:15:00+00:00,98208.01,98257.114005,2024-11-25 13:00:00+00:00,97274.54286495,97225.90559351753,0.00017949110498968182,17.63627796585459,0.17636277965854588,97274.54286495,100222.2562851,SL,-0.16754904754167693,0.01763627796585459,0.01745118522860295,0.00881373211686905,0.008729957593096761,0.01754368970996581,-0.2201802004461003,-1.2484504999999935,0 days 04:45:00
15m,VALIDATION,50,CLOSED,BTCUSDT,LONG,2024-11-27 22:15:00+00:00,2024-11-27 22:30:00+00:00,96424.0,96472.212,2024-11-28 03:00:00+00:00,95507.48988,95459.73613506,0.0001805319621535028,17.4163177256487,0.174163177256487,95507.48988,98401.65624,SL,-0.16545937029714344,0.0174163177256487,0.017233533471118015,0.008703806959344593,0.00862107727419556,0.01732488423354015,-0.2174341057274503,-1.2484505000000028,0 days 04:30:00
15m,VALIDATION,51,CLOSED,BTCUSDT,LONG,2024-11-29 07:00:00+00:00,2024-11-29 07:15:00+00:00,96327.99,96376.153995,2024-11-29 15:00:00+00:00,98303.6770749,98254.52523636255,0.00017845805340709466,17.19910083681009,0.17199100836810088,95412.39245505,98303.6770749,TP,0.35257726952820967,0.01719910083681009,0.017534311312119518,0.008595252792008208,0.008771541426773343,0.017366794218781553,0.3004770631604985,1.747050999999997,0 days 07:45:00
15m,VALIDATION,52,CLOSED,BTCUSDT,LONG,2024-11-29 22:30:00+00:00,2024-11-29 22:45:00+00:00,97430.1,97478.81505,2024-11-30 01:45:00+00:00,96504.02689950001,96455.77488605026,0.00017951877763500073,17.49927772308431,0.1749927772308431,96504.02689950001,99428.39135100001,SL,-0.1662475110024148,0.017499277723084312,0.017315622803380545,0.008745266228427742,0.008662142472926071,0.017407408701353815,-0.21846982023023348,-1.248450499999993,0 days 03:00:00
15m,VALIDATION,53,CLOSED,BTCUSDT,LONG,2024-11-30 20:45:00+00:00,2024-11-30 21:00:00+00:00,96967.99,97016.473995,2024-12-01 01:45:00+00:00,96046.30925504999,95998.28610042247,0.00017812465700735913,17.28102615442275,0.17281026154422752,96046.30925504999,98956.80347489999,SL,-0.16417406656450942,0.01728102615442275,0.017099661784932087,0.008636194979719337,0.008554107946437874,0.01719030292615721,-0.21574505743002148,-1.2484504999999992,0 days 04:45:00
15m,VALIDATION,54,CLOSED,BTCUSDT,LONG,2024-12-01 17:30:00+00:00,2024-12-01 17:45:00+00:00,97200.64,97249.24032,2024-12-02 04:00:00+00:00,96276.7479168,96228.6095428416,0.000175482055904667,17.065496626520634,0.17065496626520635,96276.7479168,99194.2251264,SL,-0.1621264821939817,0.017065496626520633,0.0168863942394253,0.008528484071224309,0.008447420830127365,0.016975904901351674,-0.21305427796127932,-1.2484504999999961,0 days 10:15:00
15m,VALIDATION,55,CLOSED,BTCUSDT,LONG,2024-12-03 20:00:00+00:00,2024-12-03 20:15:00+00:00,95528.37,95576.13418499999,2024-12-04 16:45:00+00:00,94620.37284314999,94573.06265672842,0.00017632702278348467,16.852655189995883,0.16852655189995883,94620.37284314999,97487.6568687,SL,-0.16010443536323,0.01685265518999588,0.016675786573776875,0.008422116536728294,0.00834206431904733,0.016764180855775624,-0.21039705798277836,-1.248450499999993,0 days 20:30:00
15m,VALIDATION,56,CLOSED,BTCUSDT,LONG,2024-12-05 12:00:00+00:00,2024-12-05 12:15:00+00:00,102807.98,102859.38398999999,2024-12-05 15:15:00+00:00,101830.79015009999,101779.87475502494,0.0001617982499341256,16.642468318884216,0.16642468318884215,101830.79015009999,104916.57166979999,SL,-0.15810760756721234,0.016642468318884215,0.016467805613877527,0.008317075621629935,0.008238021817847342,0.01655509743947728,-0.20777297893945137,-1.2484504999999988,0 days 03:00:00
15m,VALIDATION,57,CLOSED,BTCUSDT,LONG,2024-12-11 00:00:00+00:00,2024-12-11 00:15:00+00:00,96756.04,96804.41801999998,2024-12-11 00:30:00+00:00,95836.37383979998,95788.45565288009,0.000169774306188823,16.434902905358292,0.16434902905358292,95836.37383979998,98740.50638039998,SL,-0.15613568427329555,0.016434902905358293,0.016262418599366557,0.008213344780287167,0.008135276938151447,0.016348621718438615,-0.20518162749645902,-1.2484504999999932,0 days 00:15:00
15m,VALIDATION,58,CLOSED,BTCUSDT,LONG,2024-12-11 13:15:00+00:00,2024-12-11 13:30:00+00:00,98375.99,98425.177995,2024-12-11 15:15:00+00:00,100393.6815549,100343.48471412256,0.00016489608233512324,16.22992625451268,0.1622992625451268,97440.92621505,100393.6815549,TP,0.3327094327636727,0.01622992625451268,0.016546247517213137,0.008110907673419668,0.008277262389799856,0.016388170063219524,0.2835450889287274,1.7470510000000063,0 days 01:45:00
15m,VALIDATION,59,CLOSED,BTCUSDT,LONG,2024-12-11 18:15:00+00:00,2024-12-11 18:30:00+00:00,100416.39,100466.598195,2024-12-12 16:15:00+00:00,102475.9301589,102424.69219382055,0.0001643649568940629,16.51318808161431,0.1651318808161431,99461.93221305,102475.9301589,TP,0.33851622943918924,0.01651318808161431,0.016835030117324973,0.00825246780690358,0.008421725921622714,0.01667419372852629,0.2884938175117237,1.7470510000000004,0 days 21:45:00
15m,VALIDATION,60,CLOSED,BTCUSDT,LONG,2024-12-13 13:45:00+00:00,2024-12-13 14:00:00+00:00,100284.36,100334.50218,2024-12-14 01:15:00+00:00,102341.1922236,102290.0216274882,0.00016745380032256953,16.801393693514136,0.16801393693514136,99331.15715819999,102341.1922236,TP,0.3444243724677402,0.016801393693514136,0.017128852856600728,0.00839649859745755,0.008568710783691985,0.016965209381149534,0.29352891653647584,1.7470510000000012,0 days 11:15:00
15m,VALIDATION,61,CLOSED,BTCUSDT,LONG,2024-12-14 08:45:00+00:00,2024-12-14 09:00:00+00:00,101803.04,101853.94152,2024-12-14 13:15:00+00:00,100835.40210479998,100784.98440374759,0.00016783473589004961,17.094629374369756,0.17094629374369757,100835.40210479998,103891.0203504,SL,-0.16240325057809696,0.017094629374369757,0.016915221239085745,0.008543043165601984,0.00846184154031302,0.017004884705915005,-0.21341798589746747,-1.248450500000008,0 days 04:15:00
15m,VALIDATION,62,CLOSED,BTCUSDT,LONG,2024-12-16 03:00:00+00:00,2024-12-16 03:15:00+00:00,104930.17,104982.63508499999,2024-12-16 11:45:00+00:00,103932.80873414999,103880.84232978293,0.00016080206578531045,16.88142459325341,0.1688142459325341,103932.80873414999,107082.28778669999,SL,-0.16037775188293318,0.01688142459325341,0.016704254042147218,0.00843649404960012,0.008356305173658615,0.016792799223258735,-0.21075622974159253,-1.2484504999999844,0 days 08:30:00
15m,VALIDATION,63,CLOSED,BTCUSDT,LONG,2024-12-17 07:00:00+00:00,2024-12-17 07:15:00+00:00,106919.04,106972.49951999998,2024-12-17 15:30:00+00:00,105902.77452479998,105849.82313753759,0.00015584266034728884,16.670878909195878,0.16670878909195877,105902.77452479998,109111.94951039998,SL,-0.15837751527427107,0.01667087890919588,0.01649591803504387,0.008331273817687447,0.008252085060051,0.016583358877738447,-0.2081276710962493,-1.248450499999993,0 days 08:15:00
15m,VALIDATION,64,CLOSED,BTCUSDT,LONG,2024-12-21 02:15:00+00:00,2024-12-21 02:30:00+00:00,97407.82,97456.52391,2024-12-21 07:30:00+00:00,99405.65438820001,99355.95156100592,0.00016892618880039607,16.462959157850975,0.16462959157850976,96481.9586709,99405.65438820001,TP,0.33748654905299774,0.016462959157850975,0.01678382223183749,0.008227365895976913,0.008396109170503055,0.016623475066479966,0.2876162925968293,1.7470510000000137,0 days 05:00:00
15m,VALIDATION,65,CLOSED,BTCUSDT,LONG,2024-12-22 13:15:00+00:00,2024-12-22 13:30:00+00:00,97221.38,97269.99069,2024-12-22 14:15:00+00:00,96297.2907831,96249.14213770846,0.0001722040683119569,16.75028812148417,0.16750288121484172,96297.2907831,99215.39050380001,SL,-0.15913192263339032,0.016750288121484172,0.016574493847649197,0.008370958581451591,0.008291392620133326,0.016662351201584918,-0.2091190558041086,-1.2484504999999932,0 days 00:45:00
15m,VALIDATION,66,CLOSED,BTCUSDT,LONG,2024-12-24 00:45:00+00:00,2024-12-24 01:00:00+00:00,94550.23,94597.50511499999,2024-12-24 02:15:00+00:00,93651.53006384999,93604.70429881808,0.0001748606155703235,16.541377975825725,0.16541377975825725,93651.53006384999,96489.4552173,SL,-0.15714722404820042,0.016541377975825725,0.016367776213969436,0.008266555710057261,0.008187982098031768,0.01645453780808903,-0.2065109160460846,-1.2484504999999906,0 days 01:15:00
15m,VALIDATION,67,CLOSED,BTCUSDT,LONG,2024-12-25 10:00:00+00:00,2024-12-25 10:15:00+00:00,98625.34,98674.65267,2024-12-25 12:00:00+00:00,97687.90614329999,97639.06219022835,0.0001655447769248386,16.33507336439108,0.16335073364391078,97687.90614329999,100648.1457234,SL,-0.15518727868919402,0.01633507336439108,0.016163636769431795,0.00816345495471807,0.008085861315372311,0.01624931627009038,-0.2039353050931073,-1.2484505000000004,0 days 01:45:00
15m,VALIDATION,68,CLOSED,BTCUSDT,LONG,2024-12-25 17:30:00+00:00,2024-12-25 17:45:00+00:00,98597.43,98646.72871499999,2024-12-26 08:00:00+00:00,97660.26142784998,97611.43129713606,0.0001635263733628361,16.131341790871495,0.16131341790871495,97660.26142784998,100619.66328929999,SL,-0.15325177783331867,0.016131341790871497,0.0159620433587763,0.008061640075397588,0.00798501418648042,0.016046654261878006,-0.20139181724484448,-1.2484505000000021,0 days 14:15:00
15m,VALIDATION,69,CLOSED,BTCUSDT,LONG,2024-12-27 05:45:00+00:00,2024-12-27 06:00:00+00:00,96238.89,96287.00944499999,2024-12-27 07:30:00+00:00,95324.13935054999,95276.47728087472,0.00016544444838483344,15.930151164253271,0.1593015116425327,95324.13935054999,98212.74963389999,SL,-0.1513404166079254,0.01593015116425327,0.015762964227784435,0.00796109503460757,0.007885424826303753,0.015846519860911325,-0.19888005186087443,-1.2484504999999915,0 days 01:30:00
15m,VALIDATION,70,CLOSED,BTCUSDT,LONG,2024-12-28 14:00:00+00:00,2024-12-28 14:15:00+00:00,94881.73,94929.170865,2024-12-29 16:15:00+00:00,93979.87915635,93932.88921677183,0.00016571797320483097,15.731469793762889,0.1573146979376289,93979.87915635,96827.7542823,SL,-0.14945289394274455,0.01573146979376289,0.01556636801827735,0.007861803994883482,0.007787077547911564,0.015648881542795045,-0.19639961329757982,-1.2484504999999877,1 days 02:00:00
1h,DEVELOPMENT,1,CLOSED,BTCUSDT,LONG,2024-01-06 23:00:00+00:00,2024-01-07 00:00:00+00:00,43968.32,43990.30416,2024-01-08 02:00:00+00:00,43550.4011184,43528.6259178408,0.00045419144880993204,19.98001998001998,0.19980019980019978,43550.4011184,44870.1102432,SL,-0.18981518231893152,0.01998001998001998,0.01977032967032967,0.009985017481269344,0.00989010989010871,0.019875127371378053,-0.24944065934065923,-1.2484504999999997,1 days 02:00:00
1h,DEVELOPMENT,2,CLOSED,BTCUSDT,LONG,2024-01-10 22:00:00+00:00,2024-01-10 23:00:00+00:00,46902.69,46926.141345,2024-01-10 23:00:00+00:00,46456.87993154999,46433.65149158422,0.0004204656071567138,19.730828512147195,0.19730828512147194,46456.87993154999,47864.664171899996,SL,-0.1874478011074094,0.019730828512147195,0.019523753466912208,0.009860484014064056,0.009766760113511958,0.019627244127576014,-0.24632962721404483,-1.2484505000000032,0 days 00:00:00
1h,DEVELOPMENT,3,CLOSED,BTCUSDT,LONG,2024-01-11 10:00:00+00:00,2024-01-11 11:00:00+00:00,46859.9,46883.32995,2024-01-11 14:00:00+00:00,47820.996549,47797.086050725506,0.0004156007047549066,19.484744968476818,0.1948474496847682,46414.4966505,47820.996549,TP,0.3994324031019093,0.019484744968476818,0.019864502647912435,0.009737503732371358,0.009937219933922143,0.0196747236662935,0.34040843181922653,1.7470510000000132,0 days 03:00:00
1h,DEVELOPMENT,4,CLOSED,BTCUSDT,LONG,2024-01-26 10:00:00+00:00,2024-01-26 11:00:00+00:00,40692.64,40712.986319999996,2024-01-26 14:00:00+00:00,41527.246046399996,41506.4824233768,0.0004869407804210564,19.824813331932592,0.19824813331932592,40305.85645679999,41527.246046399996,TP,0.40640371957814675,0.019824813331932593,0.02021119894377196,0.009907452939495048,0.010110654799283025,0.020018107738778074,0.3463495995636641,1.7470510000000123,0 days 03:00:00
1h,DEVELOPMENT,5,CLOSED,BTCUSDT,LONG,2024-02-02 10:00:00+00:00,2024-02-02 11:00:00+00:00,43122.47,43144.031235,2024-02-02 13:00:00+00:00,42712.59092265,42691.23462718868,0.0004675227685153581,20.170816927900287,0.20170816927900287,42712.59092265,44006.911859700005,SL,-0.19162780099919283,0.020170816927900286,0.019959124204241976,0.01008036827981072,0.009984554379309514,0.020064922659120236,-0.25182266479045534,-1.248450499999998,0 days 02:00:00
1h,DEVELOPMENT,6,CLOSED,BTCUSDT,LONG,2024-02-02 22:00:00+00:00,2024-02-02 23:00:00+00:00,43202.6,43224.20129999999,2024-02-04 06:00:00+00:00,42791.95928699999,42770.56330735649,0.0004608354864894527,19.919245834203533,0.19919245834203533,42791.95928699999,44088.68532599999,SL,-0.1892378127477344,0.019919245834203535,0.019710193349173566,0.009954645594302222,0.009860026687931234,0.019814672282233457,-0.24868192421334495,-1.2484505000000088,1 days 07:00:00
1h,DEVELOPMENT,7,CLOSED,BTCUSDT,LONG,2024-02-07 16:00:00+00:00,2024-02-07 17:00:00+00:00,43240.7,43262.320349999995,2024-02-07 20:00:00+00:00,44127.56675699999,44105.50297362149,0.00045468694661637387,19.67081234348091,0.19670812343480912,42829.697146499995,44127.56675699999,TP,0.4032467377958939,0.01967081234348091,0.020054196476055358,0.009830490926276143,0.010032114295175438,0.01986260522145158,0.34365912375490604,1.7470509999999966,0 days 03:00:00
1h,DEVELOPMENT,8,CLOSED,BTCUSDT,LONG,2024-02-10 13:00:00+00:00,2024-02-10 14:00:00+00:00,47303.58,47327.23179,2024-02-11 03:00:00+00:00,48273.776425799995,48249.6395375871,0.00042288820610160335,20.014128151427872,0.20014128151427873,46853.959472099996,48273.776425799995,TP,0.41028462607274657,0.020014128151427873,0.020404203509099206,0.010002063044190258,0.010207205357226282,0.02020926840141654,0.3496570260108029,1.7470510000000037,0 days 13:00:00
1h,DEVELOPMENT,9,CLOSED,BTCUSDT,LONG,2024-02-11 22:00:00+00:00,2024-02-11 23:00:00+00:00,48135.99,48160.057994999996,2024-02-12 15:00:00+00:00,49123.2591549,49098.697525322554,0.0004228283087166243,20.363435869720387,0.20363435869720387,47678.45741505,49123.2591549,TP,0.4174453470144584,0.02036343586972039,0.02076031923482124,0.010176629620049159,0.010385352293555401,0.02056198191360456,0.35575960999631223,1.7470510000000172,0 days 16:00:00
1h,DEVELOPMENT,10,CLOSED,BTCUSDT,LONG,2024-02-13 21:00:00+00:00,2024-02-13 22:00:00+00:00,49524.99,49549.75249499999,2024-02-14 08:00:00+00:00,50540.7475449,50515.47717112755,0.0004181421507120873,20.71884007551091,0.2071884007551091,49054.254970049995,50540.7475449,TP,0.42473104442651544,0.020718840075510912,0.021122650268582625,0.010354242916295385,0.010566608438508119,0.020920851354803503,0.36196870272761844,1.7470510000000208,0 days 10:00:00
1h,DEVELOPMENT,11,CLOSED,BTCUSDT,LONG,2024-02-16 02:00:00+00:00,2024-02-16 03:00:00+00:00,52168.14,52194.22407,2024-02-16 09:00:00+00:00,51672.281829299995,51646.44568838535,0.0004038846739606853,21.0804471711429,0.21080447171142902,51672.281829299995,53238.1085514,SL,-0.2002695156039133,0.0210804471711429,0.020859207878081758,0.010534956107516544,0.010434821349713925,0.02096977745723047,-0.2631789481103684,-1.2484504999999952,0 days 06:00:00
1h,DEVELOPMENT,12,CLOSED,BTCUSDT,LONG,2024-02-25 18:00:00+00:00,2024-02-25 19:00:00+00:00,51579.99,51605.779995,2024-02-26 09:00:00+00:00,51089.722195049995,51064.17733395247,0.00040339533945774275,20.817531139064613,0.20817531139064613,51089.722195049995,52637.8955949,SL,-0.19777174760300878,0.020817531139064614,0.02059905114976013,0.010403563787638157,0.01030467791383569,0.020708241701473847,-0.25989657159330737,-1.2484504999999977,0 days 14:00:00
1h,DEVELOPMENT,13,CLOSED,BTCUSDT,LONG,2024-03-02 03:00:00+00:00,2024-03-02 04:00:00+00:00,62307.45,62338.60372499999,2024-03-02 09:00:00+00:00,61715.217687749995,61684.360078906124,0.00032977790608039437,20.557894204405972,0.20557894204405971,61715.217687749995,63585.3757995,SL,-0.19530513184695594,0.02055789420440597,0.02034213910473073,0.010273810197103274,0.010176157631179728,0.020449967828283004,-0.25665513298437564,-1.2484504999999917,0 days 05:00:00
1h,DEVELOPMENT,14,CLOSED,BTCUSDT,LONG,2024-03-02 19:00:00+00:00,2024-03-02 20:00:00+00:00,62114.76,62145.81738,2024-03-03 07:00:00+00:00,61524.3592062,61493.59702659691,0.00032667517020524943,20.30149547015585,0.2030149547015585,61524.3592062,63388.7337276,SL,-0.1928692798039292,0.02030149547015585,0.020088431275196567,0.01014567489762858,0.01004924025772532,0.020194915155353897,-0.25345412170463555,-1.2484504999999877,0 days 11:00:00
1h,DEVELOPMENT,15,CLOSED,BTCUSDT,LONG,2024-03-03 12:00:00+00:00,2024-03-03 13:00:00+00:00,62184.03,62215.12201499999,2024-03-04 00:00:00+00:00,63459.424455299995,63427.69474307235,0.00032224150495981313,20.048294549372,0.20048294549372,61592.97079484999,63459.424455299995,TP,0.41098502869327197,0.020048294549372,0.020439035810139262,0.010019137705831382,0.010224630220177522,0.020243767926008904,0.35025393040775177,1.7470510000000137,0 days 11:00:00
1h,DEVELOPMENT,16,CLOSED,BTCUSDT,LONG,2024-03-04 00:00:00+00:00,2024-03-04 01:00:00+00:00,63459.29,63491.019645,2024-03-04 08:00:00+00:00,64760.8400379,64728.45961788105,0.0003212769095504636,20.398198575753373,0.20398198575753373,62856.10944855,64760.8400379,TP,0.4181579738018009,0.020398198575753375,0.020795759465994806,0.010194002286733138,0.01040308127363355,0.020597083560366686,0.356366932199686,1.7470510000000046,0 days 07:00:00
1h,DEVELOPMENT,17,CLOSED,BTCUSDT,LONG,2024-03-08 03:00:00+00:00,2024-03-08 04:00:00+00:00,67156.09,67189.668045,2024-03-08 14:00:00+00:00,68533.4614059,68499.19467519705,0.000308889894844126,20.754209497031784,0.20754209497031784,66517.77136455,68533.4614059,TP,0.42545610872975853,0.020754209497031783,0.021158709040128933,0.010371918789121956,0.010584646843485538,0.020956565632607494,0.3625866245599903,1.7470510000000075,0 days 10:00:00
1h,DEVELOPMENT,18,CLOSED,BTCUSDT,LONG,2024-03-09 21:00:00+00:00,2024-03-09 22:00:00+00:00,68376.13,68410.318065,2024-03-10 09:00:00+00:00,69778.5244263,69743.63516408685,0.0003086732308001821,21.116433897191612,0.21116433897191614,67726.21488435,69778.5244263,TP,0.43288161842218925,0.021116433897191613,0.021527993193847877,0.01055294047835503,0.010769381287568778,0.02132232176592381,0.368914869565226,1.7470510000000046,0 days 11:00:00
1h,DEVELOPMENT,19,CLOSED,BTCUSDT,LONG,2024-03-10 16:00:00+00:00,2024-03-10 17:00:00+00:00,69426.41,69461.123205,2024-03-10 22:00:00+00:00,68766.51197295,68732.12871696353,0.0003093094270448977,21.4849802204336,0.214849802204336,68766.51197295,70850.3456691,SL,-0.20411268065489493,0.0214849802204336,0.021259495353020155,0.010737121549439833,0.010635065209112374,0.02137218675855221,-0.2682293429869009,-1.2484504999999837,0 days 05:00:00
1h,DEVELOPMENT,20,CLOSED,BTCUSDT,LONG,2024-03-12 06:00:00+00:00,2024-03-12 07:00:00+00:00,72266.48,72302.61323999999,2024-03-12 08:00:00+00:00,71579.58710759999,71543.7973140462,0.0002934474687436388,21.217018838828302,0.21217018838828303,71579.58710759999,73748.6655048,SL,-0.20156698057277858,0.021217018838828303,0.0209943462261148,0.010603207815505099,0.010502424325217441,0.02110563214072254,-0.2648839777784442,-1.2484504999999908,0 days 01:00:00
1h,DEVELOPMENT,21,CLOSED,BTCUSDT,LONG,2024-03-14 02:00:00+00:00,2024-03-14 03:00:00+00:00,73012.74,73049.24637000001,2024-03-14 13:00:00+00:00,72318.7539063,72282.59452934685,0.0002868256761237861,20.95239948040828,0.2095239948040828,72318.7539063,74510.23129740001,SL,-0.19905303054600904,0.02095239948040828,0.020732504047861394,0.0104709642580759,0.01037143774280107,0.020842402000876968,-0.2615803360751557,-1.2484505000000055,0 days 10:00:00
1h,DEVELOPMENT,22,CLOSED,BTCUSDT,LONG,2024-03-18 12:00:00+00:00,2024-03-18 13:00:00+00:00,68550.53,68584.80526499999,2024-03-18 13:00:00+00:00,67898.95721234998,67865.00773374381,0.00030168607147608537,20.691080463350183,0.20691080463350184,67898.95721234998,69956.50137029999,SL,-0.19657043458685516,0.02069108046335018,0.020473927573887322,0.01034037004664854,0.010242084829356707,0.020582454876005248,-0.2583178975000979,-1.2484505000000012,0 days 00:00:00
1h,DEVELOPMENT,23,CLOSED,BTCUSDT,LONG,2024-03-22 05:00:00+00:00,2024-03-22 06:00:00+00:00,66430.01,66463.22500499999,2024-03-22 09:00:00+00:00,65798.59275494999,65765.69345857252,0.00030743348105889516,20.43302062568775,0.2043302062568775,65798.59275494999,67792.48950509999,SL,-0.19411880164634035,0.02043302062568775,0.020218576074221162,0.010211404610535818,0.010114345209712475,0.020325749820248293,-0.25509614816649756,-1.248450499999979,0 days 03:00:00
1h,DEVELOPMENT,24,CLOSED,BTCUSDT,LONG,2024-03-28 00:00:00+00:00,2024-03-28 01:00:00+00:00,69682.0,69716.841,2024-03-28 02:00:00+00:00,69019.67259,68985.16275370501,0.00028943048809150886,20.178179318828118,0.20178179318828118,69019.67259,71111.17782,SL,-0.19169774555268435,0.020178179318828118,0.019966409326877016,0.01008404763559636,0.009988198762818146,0.020072246398414505,-0.251914580596804,-1.2484504999999888,0 days 01:00:00
1h,DEVELOPMENT,25,CLOSED,BTCUSDT,LONG,2024-03-30 16:00:00+00:00,2024-03-30 17:00:00+00:00,70178.17,70213.259085,2024-04-01 05:00:00+00:00,69511.12649415,69476.37093090292,0.0002837999070378716,19.926516401148994,0.19926516401148994,69511.12649415,71617.5242667,SL,-0.18930688495044617,0.019926516401148994,0.019717387611518936,0.009958279061043867,0.009863625618568971,0.01982190467961284,-0.24877269364272692,-1.2484505000000015,1 days 12:00:00
1h,DEVELOPMENT,26,CLOSED,BTCUSDT,LONG,2024-04-05 14:00:00+00:00,2024-04-05 15:00:00+00:00,68139.39,68173.459695,2024-04-05 17:00:00+00:00,67491.72509805,67457.97923550097,0.00028864593816586034,19.67799223167574,0.19677992231675742,67491.72509805,69536.9288889,SL,-0.18694584324045876,0.019677992231675743,0.019471471703204304,0.009834079076299237,0.00974060615467959,0.019574685230978828,-0.24566999240631765,-1.2484505000000035,0 days 02:00:00
1h,DEVELOPMENT,27,CLOSED,BTCUSDT,LONG,2024-04-12 02:00:00+00:00,2024-04-12 03:00:00+00:00,70635.92,70671.23796,2024-04-12 13:00:00+00:00,69964.5255804,69929.5433176098,0.00027497137767469305,19.432567663837265,0.19432567663837266,69964.5255804,72084.6627192,SL,-0.18461424852051125,0.019432567663837264,0.019228622866205292,0.009711428117859787,0.009619120993600296,0.019330549111460083,-0.24260598816201392,-1.2484504999999961,0 days 10:00:00
1h,DEVELOPMENT,28,CLOSED,BTCUSDT,LONG,2024-04-19 17:00:00+00:00,2024-04-19 18:00:00+00:00,64627.8,64660.1139,2024-04-19 20:00:00+00:00,64013.512761,63981.5060046195,0.0002967858063005947,19.19020403929979,0.1919020403929979,64013.512761,65953.316178,SL,-0.18231173352678254,0.01919020403929979,0.01898880284790734,0.009590306866214928,0.009499150999453011,0.019089457865667937,-0.2395801982796576,-1.2484504999999957,0 days 02:00:00
1h,DEVELOPMENT,29,CLOSED,BTCUSDT,LONG,2024-04-19 21:00:00+00:00,2024-04-19 22:00:00+00:00,64398.31,64430.50915499999,2024-04-19 23:00:00+00:00,63786.20406344999,63754.31096141827,0.000294128719925022,18.95086318187756,0.18950863181877559,63786.20406344999,65719.11933809999,SL,-0.18003793557595946,0.01895086318187756,0.018751973872783753,0.00947069624281584,0.00938067727502939,0.01885137351784523,-0.23659214614846596,-1.2484504999999984,0 days 01:00:00
1h,DEVELOPMENT,30,CLOSED,BTCUSDT,LONG,2024-04-20 04:00:00+00:00,2024-04-20 05:00:00+00:00,64133.08,64165.14654,2024-04-20 09:00:00+00:00,63523.4950746,63491.733327062706,0.0002916615701929861,18.71450739151945,0.18714507391519453,63523.4950746,65448.449470800006,SL,-0.1777924965081379,0.01871450739151945,0.018518098636445456,0.00935257740705614,0.00926368115880131,0.018616258565857448,-0.23364136110196027,-1.248450499999993,0 days 04:00:00
1h,DEVELOPMENT,31,CLOSED,BTCUSDT,LONG,2024-04-20 15:00:00+00:00,2024-04-20 16:00:00+00:00,64808.35,64840.754174999995,2024-04-22 05:00:00+00:00,66137.56925849999,66104.50047387075,0.00028502289452851887,18.48109943837064,0.1848109943837064,64192.346633249996,66137.56925849999,TP,0.3788579205207198,0.018481099438370643,0.018841296066424488,0.009235931753307537,0.00942536071356679,0.018661292466874327,0.3228742325490504,1.7470510000000095,1 days 13:00:00
1h,DEVELOPMENT,32,CLOSED,BTCUSDT,LONG,2024-05-03 12:00:00+00:00,2024-05-03 13:00:00+00:00,60641.0,60671.320499999994,2024-05-03 14:00:00+00:00,61884.746909999994,61853.804536544994,0.00030992651823424266,18.80365111923883,0.1880365111923883,60064.607294999994,61884.746909999994,TP,0.38547014938089624,0.018803651119238828,0.019170134279552796,0.009397126996119604,0.00958986207081182,0.01898698906693142,0.3285093749151732,1.7470510000000001,0 days 01:00:00
1h,DEVELOPMENT,33,CLOSED,BTCUSDT,LONG,2024-05-05 07:00:00+00:00,2024-05-05 08:00:00+00:00,63736.86,63768.728429999996,2024-05-06 08:00:00+00:00,65044.1029986,65011.5809471007,0.00030001903415655557,19.131832312960285,0.19131832312960284,63131.041145699994,65044.1029986,TP,0.39219778184789117,0.019131832312960284,0.01950471172473988,0.009561135588684296,0.009757234479609134,0.019318370068293428,0.3342428677418976,1.7470510000000095,1 days 00:00:00
1h,DEVELOPMENT,34,CLOSED,BTCUSDT,LONG,2024-05-07 08:00:00+00:00,2024-05-07 09:00:00+00:00,64231.99,64264.10599499999,2024-05-07 11:00:00+00:00,63621.46493504999,63589.65420258247,0.00030290223399758977,19.4657412717434,0.194657412717434,63621.46493504999,65549.3881149,SL,-0.18492940608488118,0.0194657412717434,0.019261448317096454,0.009728006632553254,0.009635541929512085,0.01936354856206534,-0.24302014423578636,-1.2484504999999975,0 days 02:00:00
1h,DEVELOPMENT,35,CLOSED,BTCUSDT,LONG,2024-05-15 09:00:00+00:00,2024-05-15 10:00:00+00:00,62649.98,62681.30499,2024-05-15 12:00:00+00:00,63934.9310898,63902.9636242551,0.00030667778706811006,19.222963904874483,0.19222963904874482,62054.49194009999,63934.9310898,TP,0.3940659567106184,0.019222963904874484,0.019597619471380487,0.009606678613128746,0.009803711591485376,0.019410390204614124,0.33583498312974924,1.7470510000000028,0 days 02:00:00
1h,DEVELOPMENT,36,CLOSED,BTCUSDT,LONG,2024-05-17 14:00:00+00:00,2024-05-17 15:00:00+00:00,66806.67,66840.073335,2024-05-19 19:00:00+00:00,66171.67260164999,66138.58676534917,0.0002926158277908267,19.558463388520586,0.19558463388520586,66171.67260164999,68176.87480169999,SL,-0.18581028936320934,0.019558463388520585,0.019353197315258065,0.009774344521997954,0.009681439377314931,0.019455783899312885,-0.24417773396630085,-1.248450499999993,2 days 04:00:00
1h,DEVELOPMENT,37,CLOSED,BTCUSDT,LONG,2024-05-20 04:00:00+00:00,2024-05-20 05:00:00+00:00,67132.44,67166.00622,2024-05-20 06:00:00+00:00,66494.3461578,66461.0989847211,0.000287564062169937,19.314529588354453,0.19314529588354454,66494.3461578,68509.3263444,SL,-0.18349285730865578,0.019314529588354452,0.019111823600324672,0.009652438574887866,0.009560692146234475,0.01921313072112234,-0.24113234121845725,-1.2484504999999904,0 days 01:00:00
1h,DEVELOPMENT,38,CLOSED,BTCUSDT,LONG,2024-05-20 13:00:00+00:00,2024-05-20 14:00:00+00:00,67099.98,67133.52999,2024-05-20 17:00:00+00:00,68476.20058979999,68441.9624895051,0.00028411492947602953,19.073638138585764,0.19073638138585763,66462.19469009999,68476.20058979999,TP,0.39100481581448554,0.019073638138585765,0.0194453833459068,0.009532053042771362,0.00972755545067785,0.01925960849344921,0.3332261858365438,1.747050999999999,0 days 03:00:00
1h,DEVELOPMENT,39,CLOSED,BTCUSDT,LONG,2024-05-22 10:00:00+00:00,2024-05-22 11:00:00+00:00,70190.0,70225.095,2024-05-22 12:00:00+00:00,69522.84405,69488.082627975,0.0002763475283462381,19.406531431129764,0.19406531431129764,69522.84405,71629.5969,SL,-0.1843668978039865,0.019406531431129765,0.01920285988376006,0.009698416507311548,0.009606233058408166,0.019304649565719714,-0.24228093868459605,-1.2484504999999966,0 days 01:00:00
1h,DEVELOPMENT,40,CLOSED,BTCUSDT,LONG,2024-05-22 15:00:00+00:00,2024-05-22 16:00:00+00:00,70455.89,70491.11794499999,2024-05-22 17:00:00+00:00,69786.20676554998,69751.31366216722,0.0002718710255992516,19.164492531344955,0.19164492531344957,69786.20676554998,71900.94030389999,SL,-0.18206746777654947,0.019164492531344956,0.01896336118222849,0.009577457536901703,0.009486423803013976,0.019063881339915677,-0.2392592028300386,-1.248450499999999,0 days 01:00:00
1h,DEVELOPMENT,41,CLOSED,BTCUSDT,LONG,2024-05-26 14:00:00+00:00,2024-05-26 15:00:00+00:00,69287.11,69321.753555,2024-05-26 21:00:00+00:00,68628.53601945,68594.22175144027,0.00027300914039461016,18.92547234869756,0.1892547234869756,68628.53601945,70708.1886261,SL,-0.17979671631621363,0.018925472348697563,0.01872684951639798,0.009458007170764048,0.009368108812604633,0.018826115983368683,-0.23627515416467787,-1.2484505000000075,0 days 06:00:00
1h,DEVELOPMENT,42,CLOSED,BTCUSDT,LONG,2024-05-31 11:00:00+00:00,2024-05-31 12:00:00+00:00,68349.73,68383.90486499999,2024-05-31 14:00:00+00:00,67700.06581634999,67666.21578344182,0.0002733016383101208,18.689433233647936,0.18689433233647937,67700.06581634999,69751.58296229999,SL,-0.17755428574295376,0.018689433233647936,0.018493287631860804,0.009340046593525454,0.009251269450655068,0.018591316044180524,-0.23332832265264303,-1.2484504999999957,0 days 02:00:00
1h,DEVELOPMENT,43,CLOSED,BTCUSDT,LONG,2024-06-04 01:00:00+00:00,2024-06-04 02:00:00+00:00,69215.41,69250.017705,2024-06-04 16:00:00+00:00,70635.01805910001,70599.70055007047,0.0002665174481953978,18.45633800622272,0.1845633800622272,68557.51752795001,70635.01805910001,TP,0.3783503173489552,0.01845633800622272,0.018816052033964005,0.009223557224499688,0.009412732383171139,0.018636289607670827,0.3224416377010976,1.7470510000000192,0 days 14:00:00
1h,DEVELOPMENT,44,CLOSED,BTCUSDT,LONG,2024-06-05 15:00:00+00:00,2024-06-05 16:00:00+00:00,71580.01,71615.800005,2024-06-05 18:00:00+00:00,70899.64200495,70864.19218394753,0.00026221109759430995,18.77845752440564,0.1877845752440564,70899.64200495,73048.1160051,SL,-0.17840003875009888,0.01877845752440564,0.018581377612687,0.009384536493956513,0.009295336474581,0.018679872968537514,-0.23443974685572902,-1.2484504999999957,0 days 02:00:00
1h,DEVELOPMENT,45,CLOSED,BTCUSDT,LONG,2024-06-28 01:00:00+00:00,2024-06-28 02:00:00+00:00,62091.99,62123.03599499999,2024-06-28 04:00:00+00:00,61501.80563504999,61471.05473223247,0.00029850846286043987,18.544251983091225,0.18544251983091226,61501.80563504999,63365.49671489999,SL,-0.17617502758549172,0.018544251983091224,0.01834963005852868,0.00926749224542085,0.009179404731628394,0.018446896977049244,-0.23151580660416088,-1.2484504999999921,0 days 02:00:00
1h,DEVELOPMENT,46,CLOSED,BTCUSDT,LONG,2024-07-02 03:00:00+00:00,2024-07-02 04:00:00+00:00,63138.68,63170.249339999995,2024-07-02 08:00:00+00:00,62538.546846599995,62507.277573176696,0.0002898986097465536,18.312967461009144,0.18312967461009144,62538.546846599995,64433.654326799995,SL,-0.1739777668334768,0.018312967461009143,0.018120772867505852,0.009151907776614687,0.009064918893199159,0.018216826669813845,-0.22862833383180564,-1.2484504999999981,0 days 04:00:00
1h,DEVELOPMENT,47,CLOSED,BTCUSDT,LONG,2024-07-07 09:00:00+00:00,2024-07-07 10:00:00+00:00,57733.41,57762.276705000004,2024-07-07 13:00:00+00:00,57184.65393795,57156.06161098103,0.0003130861274646712,18.08456752711124,0.1808456752711124,57184.65393795,58917.522239100006,SL,-0.17180791038999757,0.01808456752711124,0.017894769990914206,0.009037764881115176,0.008951860925919685,0.01798962580703486,-0.2257768737150579,-1.2484505,0 days 03:00:00
1h,DEVELOPMENT,48,CLOSED,BTCUSDT,LONG,2024-07-13 05:00:00+00:00,2024-07-13 06:00:00+00:00,58076.02,58105.05800999999,2024-07-13 22:00:00+00:00,59267.15917019999,59237.525590614896,0.0003073573423099415,17.859016204718575,0.17859016204718575,57524.00742989999,59267.15917019999,TP,0.36610536967394,0.017859016204718574,0.01820708843054854,0.008925045579568452,0.009108098264405652,0.018033143843974104,0.3120061211946987,1.7470510000000046,0 days 16:00:00
1h,DEVELOPMENT,49,CLOSED,BTCUSDT,LONG,2024-07-13 22:00:00+00:00,2024-07-13 23:00:00+00:00,59464.53,59494.262265,2024-07-14 21:00:00+00:00,60684.1475103,60653.80543654485,0.0003054195470237168,18.170710631486507,0.18170710631486509,58899.31964235,60684.1475103,TP,0.3724950275380189,0.01817071063148651,0.01852485778169418,0.009080814908288723,0.009267062422058001,0.018347877330346724,0.3174515817944915,1.7470510000000008,0 days 22:00:00
1h,DEVELOPMENT,50,CLOSED,BTCUSDT,LONG,2024-07-18 02:00:00+00:00,2024-07-18 03:00:00+00:00,64701.34,64733.690669999996,2024-07-18 14:00:00+00:00,64086.353763299994,64054.310586418345,0.0002855985019158132,18.48784507883365,0.1848784507883365,64086.353763299994,66028.3644834,SL,-0.17563914790036436,0.01848784507883365,0.018293815144731294,0.009239302887972785,0.009151483314022326,0.01839078620199511,-0.23081159432592444,-1.2484505000000017,0 days 11:00:00
1h,DEVELOPMENT,51,CLOSED,BTCUSDT,LONG,2024-07-21 16:00:00+00:00,2024-07-21 17:00:00+00:00,67553.99,67587.766995,2024-07-21 17:00:00+00:00,66911.88932505,66878.43338038748,0.0002701267533645797,18.257264065521042,0.18257264065521042,66911.88932505,68939.5223349,SL,-0.17344857065745106,0.018257264065521042,0.0180656540791534,0.009124069997759722,0.009037345712431777,0.0181614157101915,-0.22793290451231701,-1.248450499999996,0 days 00:00:00
1h,DEVELOPMENT,52,CLOSED,BTCUSDT,LONG,2024-07-22 12:00:00+00:00,2024-07-22 13:00:00+00:00,67697.11,67730.95855499999,2024-07-22 13:00:00+00:00,67053.64896944999,67020.12214496527,0.00026619376502057604,18.029558866208042,0.18029558866208042,67053.64896944999,69085.57772609999,SL,-0.17128531436612707,0.018029558866208044,0.01784033864590719,0.00901027429595327,0.008924631638772924,0.017934905934726193,-0.2250901178129685,-1.2484504999999992,0 days 00:00:00
1h,DEVELOPMENT,53,CLOSED,BTCUSDT,LONG,2024-07-22 19:00:00+00:00,2024-07-22 20:00:00+00:00,68232.08,68266.19604,2024-07-22 22:00:00+00:00,67583.5340796,67549.74231256019,0.0002608127396349304,17.804693613647636,0.17804693613647637,67583.5340796,69631.5199608,SL,-0.16914903827858338,0.017804693613647636,0.017617833354172406,0.00889789785789318,0.008813323338756084,0.017711221196649266,-0.2222827864430527,-1.248450500000004,0 days 02:00:00
1h,DEVELOPMENT,54,CLOSED,BTCUSDT,LONG,2024-07-28 12:00:00+00:00,2024-07-28 13:00:00+00:00,68000.01,68034.01000499999,2024-07-29 02:00:00+00:00,69394.69020509999,69359.99285999745,0.0002584388732435162,17.582632887930302,0.17582632887930302,67353.66990494999,69394.69020509999,TP,0.36043958074107946,0.017582632887930303,0.01792531840291607,0.008786922982472474,0.008967142772842019,0.01775406575531449,0.30717756369491855,1.747051000000019,0 days 13:00:00
1h,DEVELOPMENT,55,CLOSED,BTCUSDT,LONG,2024-08-10 17:00:00+00:00,2024-08-10 18:00:00+00:00,60767.81,60798.19390499999,2024-08-11 13:00:00+00:00,60190.211965949995,60160.11685996702,0.00029424399693328725,17.88950358093222,0.1788950358093222,60190.211965949995,62014.157783099996,SL,-0.16995475415968175,0.01788950358093222,0.017701753240850337,0.00894028164963986,0.00885530427256143,0.01779558592220129,-0.2233415969036656,-1.2484504999999966,0 days 19:00:00
1h,DEVELOPMENT,56,CLOSED,BTCUSDT,LONG,2024-08-17 23:00:00+00:00,2024-08-18 00:00:00+00:00,59491.99,59521.735994999995,2024-08-18 23:00:00+00:00,58926.51863504999,58897.055375732474,0.00029680560902980063,17.66638510250698,0.1766638510250698,58926.51863504999,60712.1707149,SL,-0.16783507286289875,0.01766638510250698,0.017480976390856173,0.00882877816217166,0.008744860625739252,0.017573638787910913,-0.2205560731441728,-1.248450499999994,0 days 23:00:00
1h,DEVELOPMENT,57,CLOSED,BTCUSDT,LONG,2024-08-21 16:00:00+00:00,2024-08-21 17:00:00+00:00,59885.58,59915.522789999995,2024-08-21 19:00:00+00:00,61113.83324579999,61083.2763291771,0.00029117745373344203,17.446049365100215,0.17446049365100216,59316.36756209999,61113.83324579999,TP,0.357639652651877,0.017446049365100216,0.017786072867226017,0.008718665349873334,0.008897485176199975,0.017616150526073307,0.3047913798934775,1.747051000000003,0 days 02:00:00
1h,DEVELOPMENT,58,CLOSED,BTCUSDT,LONG,2024-08-23 04:00:00+00:00,2024-08-23 05:00:00+00:00,60707.52,60737.873759999995,2024-08-23 14:00:00+00:00,61952.631235199995,61921.6549195824,0.0002922482325976749,17.750536258100695,0.17750536258100696,60130.49502239999,61952.631235199995,TP,0.3638815578747074,0.017750536258100694,0.018096494209771077,0.008870832712693458,0.009052773491630688,0.017923606204324146,0.3101109212025115,1.747051000000004,0 days 09:00:00
1h,VALIDATION,1,CLOSED,BTCUSDT,LONG,2024-09-03 10:00:00+00:00,2024-09-03 11:00:00+00:00,59078.94,59108.47947,2024-09-03 13:00:00+00:00,58517.3946753,58488.13597796235,0.00033802290566720925,19.980019980019986,0.19980019980019986,58517.3946753,60290.6490594,SL,-0.18981518231893188,0.019980019980019987,0.019770329670329677,0.00998501748126803,0.009890109890108396,0.019875127371376426,-0.24944065934065798,-1.2484504999999928,0 days 02:00:00
1h,VALIDATION,2,CLOSED,BTCUSDT,LONG,2024-09-10 17:00:00+00:00,2024-09-10 18:00:00+00:00,57175.96,57204.547979999996,2024-09-11 04:00:00+00:00,56632.5025002,56604.186248949896,0.00034491712999892154,19.730828512147202,0.19730828512147203,56632.5025002,58348.638939599994,SL,-0.18744780110740636,0.019730828512147202,0.01952375346691222,0.009860484014065399,0.009766760113512978,0.019627244127578377,-0.24632962721404414,-1.248450499999999,0 days 10:00:00
1h,VALIDATION,3,CLOSED,BTCUSDT,LONG,2024-09-11 16:00:00+00:00,2024-09-11 17:00:00+00:00,57311.99,57340.64599499999,2024-09-12 14:00:00+00:00,58487.458914899995,58458.21518544255,0.0003398068617883354,19.484744968476832,0.19484744968476833,56767.239535049994,58487.458914899995,TP,0.39943240310190786,0.019484744968476832,0.019864502647912445,0.009737503732370093,0.009937219933922626,0.01967472366629272,0.3404084318192258,1.7470510000000083,0 days 21:00:00
1h,VALIDATION,4,CLOSED,BTCUSDT,LONG,2024-09-13 14:00:00+00:00,2024-09-13 15:00:00+00:00,58456.89,58486.11844499999,2024-09-13 15:00:00+00:00,59655.840813899995,59626.01289349305,0.0003389661317766496,19.824813331932603,0.19824813331932603,57901.257260549995,59655.840813899995,TP,0.40640371957814714,0.019824813331932603,0.020211198943771973,0.009907452939494308,0.01011065479928484,0.02001810773877915,0.3463495995636634,1.7470510000000077,0 days 00:00:00
1h,VALIDATION,5,CLOSED,BTCUSDT,LONG,2024-09-18 17:00:00+00:00,2024-09-18 18:00:00+00:00,60013.02,60043.026509999996,2024-09-18 18:00:00+00:00,61243.887040199996,61213.2650966799,0.0003359393771488336,20.1708169279003,0.201708169279003,59442.59624489999,61243.887040199996,TP,0.4134967068378159,0.020170816927900303,0.02056394614982508,0.010080368279809996,0.010287116633228578,0.020367484913038574,0.352394458847052,1.7470510000000026,0 days 00:00:00
1h,VALIDATION,6,CLOSED,BTCUSDT,LONG,2024-09-18 18:00:00+00:00,2024-09-18 19:00:00+00:00,60629.79,60660.104895,2024-09-18 19:00:00+00:00,60053.50384604999,60023.477094126974,0.00033832548393800344,20.522859344330925,0.20522859344330927,60053.50384604999,61873.3069929,SL,-0.19497229192190726,0.020522859344330926,0.020307471935512172,0.010256301521403369,0.010158815375441546,0.020415116896844915,-0.25621774009859527,-1.2484504999999957,0 days 00:00:00
1h,VALIDATION,7,CLOSED,BTCUSDT,LONG,2024-09-20 01:00:00+00:00,2024-09-20 02:00:00+00:00,63037.99,63069.508995,2024-09-20 18:00:00+00:00,62438.813905049996,62407.594498097475,0.00032134224427872687,20.266897566010652,0.20266897566010653,62438.813905049996,64330.8991749,SL,-0.19254059106939725,0.02026689756601065,0.020054196476055372,0.010128384590709501,0.010032114295174064,0.020160498885883567,-0.25302218399734683,-1.248450499999995,0 days 16:00:00
1h,VALIDATION,8,CLOSED,BTCUSDT,LONG,2024-09-21 12:00:00+00:00,2024-09-21 13:00:00+00:00,63151.98,63183.55599,2024-09-22 10:00:00+00:00,62551.7204301,62520.44456988495,0.0003167616611289733,20.01412815142789,0.2001412815142789,62551.7204301,64447.2271098,SL,-0.19013921847008744,0.02001412815142789,0.019804079876478652,0.010002063044191071,0.00990699343495673,0.0199090564791478,-0.24986648297714176,-1.2484504999999975,0 days 21:00:00
1h,VALIDATION,9,CLOSED,BTCUSDT,LONG,2024-09-22 19:00:00+00:00,2024-09-22 20:00:00+00:00,63160.0,63191.579999999994,2024-09-22 22:00:00+00:00,62559.66419999999,62528.3843679,0.00031277127878930804,19.76451128531686,0.1976451128531686,62559.66419999999,64455.41159999999,SL,-0.18776779586900477,0.019764511285316862,0.019557082739377462,0.009877316984164618,0.009783433086229863,0.01966075007039448,-0.2467501399640936,-1.2484504999999941,0 days 02:00:00
1h,VALIDATION,10,CLOSED,BTCUSDT,LONG,2024-09-23 09:00:00+00:00,2024-09-23 10:00:00+00:00,63635.69,63667.507845,2024-09-24 00:00:00+00:00,63030.83276655,62999.317350166726,0.0003065615148076179,19.518007648989094,0.19518007648989094,63030.83276655,64940.8580019,SL,-0.18542594972877877,0.019518007648989096,0.019313166158712952,0.009754126761113304,0.009661413786248177,0.01941554054736148,-0.24367266408384228,-1.2484504999999984,0 days 14:00:00
1h,VALIDATION,11,CLOSED,BTCUSDT,LONG,2024-10-13 20:00:00+00:00,2024-10-13 21:00:00+00:00,62762.92,62794.301459999995,2024-10-14 03:00:00+00:00,64050.1874892,64018.1623954554,0.00030694789122573515,19.2745784141401,0.19274578414140103,62166.358445399994,64050.1874892,TP,0.3951240412533867,0.0192745784141401,0.019650239947431692,0.0096324729705838,0.009830034991210296,0.019462507961794096,0.3367367149300208,1.7470510000000101,0 days 06:00:00
1h,VALIDATION,12,CLOSED,BTCUSDT,LONG,2024-10-20 20:00:00+00:00,2024-10-20 21:00:00+00:00,68781.98,68816.37099,2024-10-21 09:00:00+00:00,68128.20728009999,68094.14317645994,0.0002849754854350757,19.61097872875551,0.1961097872875551,68128.20728009999,70192.6984098,SL,-0.18630919821771436,0.01961097872875551,0.01940516150699722,0.009800589069842798,0.009707434470733526,0.019508023540576326,-0.2448333619940434,-1.2484505000000081,0 days 12:00:00
1h,VALIDATION,13,CLOSED,BTCUSDT,LONG,2024-10-25 13:00:00+00:00,2024-10-25 14:00:00+00:00,68334.01,68368.17700499999,2024-10-25 15:00:00+00:00,67684.49523495,67650.65298733252,0.0002832661452142911,19.366389955534686,0.19366389955534685,67684.49523495,69735.5405451,SL,-0.18398554375547957,0.019366389955534687,0.01916313969295135,0.009678355799866192,0.00958636302798957,0.019264718827855763,-0.24177979223182136,-1.248450499999994,0 days 01:00:00
1h,VALIDATION,14,CLOSED,BTCUSDT,LONG,2024-10-28 05:00:00+00:00,2024-10-28 06:00:00+00:00,67909.85,67943.804925,2024-10-28 19:00:00+00:00,69302.6810235,69268.02968298826,0.0002814804340538166,19.124851701556846,0.19124851701556847,67264.36687575,69302.6810235,TP,0.39205468105840036,0.019124851701556846,0.019497595061220188,0.009557647027264278,0.009753674367792276,0.019311321395056556,0.3341209129005668,1.7470510000000046,0 days 13:00:00
1h,VALIDATION,15,CLOSED,BTCUSDT,LONG,2024-10-31 02:00:00+00:00,2024-10-31 03:00:00+00:00,72553.01,72589.286505,2024-10-31 13:00:00+00:00,71863.39363995,71827.46194313002,0.00026806488621418416,19.458638827331637,0.19458638827331637,71863.39363995,74041.0722351,SL,-0.1848619310882432,0.019458638827331638,0.019254420412838796,0.00972445718507372,0.00963202621952808,0.0193564834046018,-0.24293147373301544,-1.2484504999999972,0 days 10:00:00
1h,VALIDATION,16,CLOSED,BTCUSDT,LONG,2024-11-06 00:00:00+00:00,2024-11-06 01:00:00+00:00,71096.03,71131.57801499999,2024-11-06 02:00:00+00:00,72554.20957529999,72517.93247051234,0.00027014654501733923,19.21595004238357,0.19215950042383573,70420.26223484999,72554.20957529999,TP,0.39392217428214327,0.01921595004238357,0.019590468908709628,0.009603173434472667,0.009800134521614254,0.01940330795608692,0.33571244737496314,1.7470510000000026,0 days 01:00:00
1h,VALIDATION,17,CLOSED,BTCUSDT,LONG,2024-11-07 08:00:00+00:00,2024-11-07 09:00:00+00:00,75149.99,75187.56499500001,2024-11-07 18:00:00+00:00,76691.31629490001,76652.97063675257,0.0002600340510294275,19.55132711268823,0.19551327112688233,74435.68934505,76691.31629490001,TP,0.40079732042102645,0.01955132711268823,0.019932382478114526,0.009770778167261178,0.009971176827469863,0.01974195499473104,0.34157165583549265,1.747051000000009,0 days 09:00:00
1h,VALIDATION,18,CLOSED,BTCUSDT,LONG,2024-11-08 07:00:00+00:00,2024-11-08 08:00:00+00:00,76148.49,76186.564245,2024-11-10 04:00:00+00:00,77710.2955299,77671.44038213506,0.0002611032238457168,19.89255753809832,0.1989255753809832,75424.69860255,77710.2955299,TP,0.4077924588769573,0.01989255753809832,0.020280263484515858,0.00994130811499066,0.010145204344428912,0.020086512459419573,0.34753312539492354,1.7470510000000072,1 days 20:00:00
1h,VALIDATION,19,CLOSED,BTCUSDT,LONG,2024-11-12 18:00:00+00:00,2024-11-12 19:00:00+00:00,88796.41,88840.808205,2024-11-12 22:00:00+00:00,87952.40012295,87908.42392288853,0.00022782034389928806,20.23974347755379,0.20239743477553793,87952.40012295,90617.6243691,SL,-0.19228262044392785,0.020239743477553793,0.020027327369756865,0.010114814331608907,0.010018673021388421,0.020133487352997328,-0.25268317864423584,-1.2484504999999908,0 days 03:00:00
1h,VALIDATION,20,CLOSED,BTCUSDT,LONG,2024-11-13 13:00:00+00:00,2024-11-13 14:00:00+00:00,89152.0,89196.576,2024-11-13 14:00:00+00:00,90980.50752,90935.01726624,0.00022408161418278492,19.987312729657454,0.19987312729657455,88304.61024,90980.50752,TP,0.4097349166269607,0.019987312729657453,0.02037686545475848,0.00998866203381203,0.010193529492125116,0.020182191525937147,0.3491885469166076,1.7470509999999988,0 days 00:00:00
1h,VALIDATION,21,CLOSED,BTCUSDT,LONG,2024-11-13 23:00:00+00:00,2024-11-14 00:00:00+00:00,90375.21,90420.397605,2024-11-14 01:00:00+00:00,89516.19362895,89471.43553213553,0.00022490669113959215,20.336152436866854,0.20336152436866856,89516.19362895,92228.8055571,SL,-0.19319852964759687,0.020336152436866855,0.020122724517041935,0.010162994721072703,0.010066395456249254,0.020229390177321956,-0.25388679677882764,-1.248450500000006,0 days 01:00:00
1h,VALIDATION,22,CLOSED,BTCUSDT,LONG,2024-11-16 18:00:00+00:00,2024-11-16 19:00:00+00:00,91303.04,91348.69152,2024-11-16 22:00:00+00:00,90435.20460479999,90389.9870024976,0.0002198446298363754,20.08251927325164,0.20082519273251642,90435.20460479999,93175.6653504,SL,-0.1907889512166493,0.02008251927325164,0.019871753233478867,0.010036241515867765,0.00994084704025804,0.019977088556125802,-0.25072031227950564,-1.2484504999999957,0 days 03:00:00
1h,VALIDATION,23,CLOSED,BTCUSDT,LONG,2024-11-19 15:00:00+00:00,2024-11-19 16:00:00+00:00,92391.99,92438.185995,2024-11-19 22:00:00+00:00,91513.80413505001,91468.0472329825,0.00021454390539302982,19.832049430814575,0.19832049430814574,91513.80413505001,94286.94971490001,SL,-0.1884094251273271,0.019832049430814576,0.01962391207203818,0.009911069180817278,0.009816864468250983,0.01972793364906826,-0.2475933202792481,-1.248450499999982,0 days 06:00:00
1h,VALIDATION,24,CLOSED,BTCUSDT,LONG,2024-11-20 05:00:00+00:00,2024-11-20 06:00:00+00:00,92505.47,92551.722735,2024-11-20 13:00:00+00:00,94402.7571897,94355.55581110515,0.00021160820001790573,19.584703456509633,0.19584703456509633,91626.20550765,94402.7571897,TP,0.40148152712944796,0.019584703456509634,0.019966409326877006,0.00978745799925558,0.009988198762820151,0.01977565676207573,0.3421547575839856,1.7470509999999975,0 days 07:00:00
1h,VALIDATION,25,CLOSED,BTCUSDT,LONG,2024-11-21 16:00:00+00:00,2024-11-21 17:00:00+00:00,97147.99,97196.563995,2024-11-22 03:00:00+00:00,99140.49527490001,99090.92502726256,0.00020501255993137828,19.926516401148984,0.19926516401148983,96224.59835505001,99140.49527490001,TP,0.40848860708402407,0.019926516401148984,0.020314884205807376,0.00995827906104373,0.010162523364584477,0.020120802425628206,0.34812640405143946,1.7470510000000108,0 days 10:00:00
1h,VALIDATION,26,CLOSED,BTCUSDT,LONG,2024-11-22 11:00:00+00:00,2024-11-22 12:00:00+00:00,98870.39,98919.825195,2024-11-22 13:00:00+00:00,97930.62694305,97881.66162957848,0.00020495684243889851,20.274295026574997,0.20274295026574998,97930.62694305,100898.2216989,SL,-0.19261086879319944,0.020274295026574997,0.020061516300271094,0.010132081472550855,0.010035776038153402,0.020167857510704258,-0.2531145376307498,-1.2484504999999957,0 days 01:00:00
1h,VALIDATION,27,CLOSED,BTCUSDT,LONG,2024-11-22 16:00:00+00:00,2024-11-22 17:00:00+00:00,98865.3,98914.73264999999,2024-11-23 16:00:00+00:00,97925.5853235,97876.62253083826,0.000202411034375072,20.021433350620207,0.20021433350620207,97925.5853235,100893.027303,SL,-0.19020861968780262,0.020021433350620208,0.019811308407605453,0.010005713818398458,0.00991060950855488,0.01991632332695334,-0.24995768477298158,-1.2484504999999844,0 days 23:00:00
1h,VALIDATION,28,CLOSED,BTCUSDT,LONG,2024-11-24 05:00:00+00:00,2024-11-24 06:00:00+00:00,98264.44,98313.57222,2024-11-24 11:00:00+00:00,97330.4364978,97281.7712795511,0.00020110880855371714,19.771725373824026,0.19771725373824026,97330.4364978,100279.8436644,SL,-0.1878363315124428,0.019771725373824028,0.01956422111602574,0.009880922225799013,0.009787004060041,0.019667926285840014,-0.24684020428813258,-1.2484504999999984,0 days 05:00:00
1h,VALIDATION,29,CLOSED,BTCUSDT,LONG,2024-11-28 13:00:00+00:00,2024-11-28 14:00:00+00:00,95711.24,95759.09562,2024-11-28 20:00:00+00:00,94801.50466379999,94754.10391146809,0.0002038984561908144,19.525131763146575,0.19525131763146575,94801.50466379999,97674.2775324,SL,-0.18549363059341437,0.019525131763146575,0.01932021550529235,0.00975768703805172,0.009664940222757852,0.019422627260809573,-0.24376160512266287,-1.2484505000000032,0 days 06:00:00
1h,VALIDATION,30,CLOSED,BTCUSDT,LONG,2024-12-06 17:00:00+00:00,2024-12-06 18:00:00+00:00,100844.06,100894.48203,2024-12-06 23:00:00+00:00,99885.53720969999,99835.59444109515,0.0001911067214793545,19.281613676110947,0.19281613676110948,99885.53720969999,102912.3716706,SL,-0.18318014791747678,0.019281613676110948,0.019079253140580163,0.00963598884363395,0.00954439876967375,0.0191803876133077,-0.24072140234747558,-1.2484505000000004,0 days 05:00:00
1h,VALIDATION,31,CLOSED,BTCUSDT,LONG,2024-12-07 18:00:00+00:00,2024-12-07 19:00:00+00:00,100123.32,100173.38166,2024-12-08 08:00:00+00:00,99171.6478434,99122.06201947831,0.00019008176063490298,19.0411327546849,0.190411327546849,99171.6478434,102176.84929320001,SL,-0.18089551907374407,0.0190411327546849,0.018841296066424484,0.009515808473104398,0.009425360713567213,0.01894116918667161,-0.23771911708152504,-1.2484504999999875,0 days 13:00:00
1h,VALIDATION,32,CLOSED,BTCUSDT,LONG,2024-12-08 12:00:00+00:00,2024-12-08 13:00:00+00:00,99922.49,99972.451245,2024-12-09 03:00:00+00:00,98972.72673255,98923.24036918372,0.00018808832718482797,18.803651119238822,0.18803651119238823,98972.72673255,101971.90026990001,SL,-0.1786393841962679,0.01880365111923882,0.01860630680074241,0.009397126996121087,0.009307807304023278,0.018704934300144367,-0.2347542764163935,-1.2484505000000043,0 days 14:00:00
1h,VALIDATION,33,CLOSED,BTCUSDT,LONG,2024-12-12 15:00:00+00:00,2024-12-12 16:00:00+00:00,101797.14,101848.03856999999,2024-12-12 19:00:00+00:00,100829.55818429998,100779.14340520784,0.000182321933964556,18.56913136257909,0.1856913136257909,100829.55818429998,103884.99934139999,SL,-0.1764113879073638,0.01856913136257909,0.01837424832892882,0.00927992571842856,0.009191720024475108,0.018471645742903667,-0.23182641334177537,-1.2484504999999995,0 days 03:00:00
1h,VALIDATION,34,CLOSED,BTCUSDT,LONG,2024-12-13 08:00:00+00:00,2024-12-13 09:00:00+00:00,100271.99,100322.125995,2024-12-14 01:00:00+00:00,102328.56851489999,102277.40423064254,0.00018278656240767636,18.337536544055837,0.18337536544055838,99318.90473504999,102328.56851489999,TP,0.3759149170600526,0.018337536544055837,0.018694935131299485,0.009164186178936556,0.009352143637468674,0.01851632981640523,0.32036611556829203,1.747050999999995,0 days 16:00:00
1h,VALIDATION,35,CLOSED,BTCUSDT,LONG,2024-12-15 08:00:00+00:00,2024-12-15 09:00:00+00:00,102015.15,102066.15757499999,2024-12-15 23:00:00+00:00,104107.4807265,104055.42698613675,0.0001827989125567377,18.657582613554634,0.18657582613554635,101045.49599925,104107.4807265,TP,0.3824757815132497,0.018657582613554633,0.019021218898692818,0.009324129242155508,0.009515367132912485,0.018839496375067995,0.32595748362593424,1.74705100000001,0 days 14:00:00
1h,VALIDATION,36,CLOSED,BTCUSDT,LONG,2024-12-17 17:00:00+00:00,2024-12-17 18:00:00+00:00,107506.37,107560.12318499999,2024-12-17 18:00:00+00:00,106484.52195314999,106431.27969217343,0.0001764893336230033,18.983214465328796,0.18983214465328796,106484.52195314999,109711.32564869999,SL,-0.18034528085252494,0.018983214465328798,0.018783985629515172,0.009486863800762978,0.009396691160335735,0.01888355496109871,-0.23699603590846763,-1.2484504999999892,0 days 00:00:00
