timeframe,period_role,trade_id,status,symbol,side,signal_timestamp,entry_timestamp,entry_reference_price,entry_price,exit_timestamp,exit_reference_price,exit_price,quantity,position_value,risk_amount,stop_loss,take_profit,exit_reason,gross_pnl,entry_fee,exit_fee,entry_slippage,exit_slippage,slippage,net_pnl,R,holding_time
5m,DEVELOPMENT,1,CLOSED,BTCUSDT,LONG,2024-01-01 07:25:00+00:00,2024-01-01 07:30:00+00:00,42487.7,42508.943849999996,2024-01-01 19:30:00+00:00,43359.122726999994,43337.4431656365,0.00047001920467661736,19.980019980019982,0.19980019980019983,42083.8544115,43359.122726999994,TP,0.40958541708166785,0.019980019980019983,0.020369430569430573,0.009985017481268853,0.01018981018980867,0.020174827671077523,0.34906113886113976,1.7470510000000041,0 days 12:00:00
5m,DEVELOPMENT,2,CLOSED,BTCUSDT,LONG,2024-01-01 19:30:00+00:00,2024-01-01 19:35:00+00:00,43368.0,43389.684,2024-01-02 00:00:00+00:00,44257.47768,44235.34894116001,0.00046851533665132685,20.32873240645469,0.20328732406454691,42955.78716,44257.47768,TP,0.41673393468904285,0.02032873240645469,0.020724939401056495,0.01015928655994789,0.010367653527289168,0.02052694008723706,0.3551533227942946,1.747051000000019,0 days 04:25:00
5m,DEVELOPMENT,3,CLOSED,BTCUSDT,LONG,2024-01-02 00:00:00+00:00,2024-01-02 00:05:00+00:00,44264.63,44286.76231499999,2024-01-02 00:55:00+00:00,45172.49756129999,45149.91131251935,0.0004670364201295242,20.683530930724718,0.2068353093072472,43843.89469184999,45172.49756129999,TP,0.42400721578127065,0.020683530930724718,0.021086652948564547,0.010336597166776769,0.010548600774666983,0.02088519794144375,0.3613518339605376,1.7470510000000101,0 days 00:50:00
5m,DEVELOPMENT,4,CLOSED,BTCUSDT,LONG,2024-01-02 00:55:00+00:00,2024-01-02 01:00:00+00:00,45056.0,45078.528,2024-01-02 21:00:00+00:00,44627.742719999995,44605.42884864,0.0004668413701051228,21.04452177384214,0.2104452177384214,44627.742719999995,45980.09856,SL,-0.19992821535269564,0.02104452177384214,0.020823659517825666,0.010517002385727472,0.010417038278051067,0.02093404066377854,-0.262730437308142,-1.2484505000000043,0 days 20:00:00
5m,DEVELOPMENT,5,CLOSED,BTCUSDT,LONG,2024-01-03 00:45:00+00:00,2024-01-03 00:50:00+00:00,45186.24,45208.833119999996,2024-01-03 11:10:00+00:00,44756.744788799995,44734.366416405595,0.0004596901174011841,20.782053804503338,0.2078205380450334,44756.744788799995,46113.0097824,SL,-0.19743470405977565,0.020782053804503337,0.020563946149825076,0.010385833985257996,0.01028711663322905,0.020672950618487045,-0.2594536546325911,-1.2484505000000008,0 days 10:20:00
5m,DEVELOPMENT,6,CLOSED,BTCUSDT,LONG,2024-01-03 16:50:00+00:00,2024-01-03 16:55:00+00:00,43035.97,43057.487985,2024-01-03 17:15:00+00:00,42626.91310515,42605.599648597425,0.00047663856636226664,20.52285934433092,0.2052285934433092,42626.91310515,43918.6377447,SL,-0.19497229192190463,0.020522859344330922,0.02030747193551217,0.010256301521404085,0.01015881537544433,0.020415116896848415,-0.25621774009859616,-1.2484505000000004,0 days 00:20:00
5m,DEVELOPMENT,7,CLOSED,BTCUSDT,LONG,2024-01-03 21:45:00+00:00,2024-01-03 21:50:00+00:00,42911.78,42933.235889999996,2024-01-04 15:10:00+00:00,43791.900607799995,43770.004657496094,0.00047205613893014787,20.26689756601065,0.2026689756601065,42503.9035311,43791.900607799995,TP,0.4154663359109211,0.020266897566010647,0.020661899399572196,0.010128384590708767,0.01033611775866565,0.020464502349374417,0.35407303659596384,1.7470509999999957,0 days 17:20:00
5m,DEVELOPMENT,8,CLOSED,BTCUSDT,LONG,2024-01-04 15:10:00+00:00,2024-01-04 15:15:00+00:00,43820.8,43842.7104,2024-01-04 22:15:00+00:00,44719.56460800001,44697.20482569601,0.000470331708399336,20.620616883289337,0.20620616883289336,43404.283296,44719.56460800001,TP,0.42271749352950183,0.02062061688328934,0.02102251270634465,0.010305155863713123,0.010516514610475832,0.020821670474188956,0.36025269346567895,1.7470510000000183,0 days 07:00:00
5m,DEVELOPMENT,9,CLOSED,BTCUSDT,LONG,2024-01-04 22:15:00+00:00,2024-01-04 22:20:00+00:00,44678.87,44701.209435,2024-01-04 22:45:00+00:00,44254.19734065,44232.07024197967,0.00046934993368495095,20.980509683954352,0.20980509683954351,44254.19734065,45595.2336237,SL,-0.19932008450373714,0.020980509683954353,0.020760319234821252,0.010485012335806648,0.010385352293556891,0.02087036462936354,-0.26193127805187627,-1.2484504999999988,0 days 00:25:00
5m,DEVELOPMENT,10,CLOSED,BTCUSDT,LONG,2024-01-05 06:50:00+00:00,2024-01-05 06:55:00+00:00,43874.0,43895.937,2024-01-05 10:55:00+00:00,43456.97763,43435.249141185006,0.0004719990388976302,20.718840075510922,0.20718840075510922,43456.97763,44773.85574,SL,-0.19683415783881136,0.020718840075510923,0.02050139584891844,0.010354242916296406,0.01025582583737565,0.020610068753672058,-0.2586644625169128,-1.2484504999999821,0 days 04:00:00
5m,DEVELOPMENT,11,CLOSED,BTCUSDT,LONG,2024-01-05 13:00:00+00:00,2024-01-05 13:05:00+00:00,43978.0,43999.988999999994,2024-01-05 14:40:00+00:00,43559.989109999995,43538.209115444995,0.00046500998032182416,20.460434019050478,0.20460434019050477,43559.989109999995,44879.98877999999,SL,-0.19437923573321053,0.02046043401905048,0.020245701764020543,0.010225104457293858,0.01012791483942979,0.020353019296723646,-0.2554383908130052,-1.248450499999997,0 days 01:35:00
5m,DEVELOPMENT,12,CLOSED,BTCUSDT,LONG,2024-01-05 19:40:00+00:00,2024-01-05 19:45:00+00:00,43668.28,43690.11414,2024-01-08 02:50:00+00:00,43253.2129986,43231.586392100704,0.0004624673386455263,20.205250811445076,0.20205250811445077,43253.2129986,44563.9164228,SL,-0.1919549314970364,0.020205250811445075,0.019993196704178963,0.010097576617413381,0.010001599151663479,0.02009917576907686,-0.2522525547817373,-1.2484504999999861,2 days 07:05:00
5m,DEVELOPMENT,13,CLOSED,BTCUSDT,LONG,2024-01-08 06:20:00+00:00,2024-01-08 06:25:00+00:00,44049.74,44071.76487,2024-01-08 12:00:00+00:00,44953.2001674,44930.7235673163,0.0004527445251188456,19.953250257217572,0.19953250257217572,43631.047221299996,44953.2001674,TP,0.40903664445330595,0.019953250257217572,0.02034213910473074,0.009971639308954807,0.010176157631179659,0.020147796940134466,0.34859345815122317,1.747051000000005,0 days 05:35:00
5m,DEVELOPMENT,14,CLOSED,BTCUSDT,LONG,2024-01-08 12:00:00+00:00,2024-01-08 12:05:00+00:00,44959.34,44981.81967,2024-01-08 12:25:00+00:00,44532.0014733,44509.73547256335,0.000451326683070931,20.301495470155857,0.20301495470155856,44532.0014733,45881.4560634,SL,-0.1928692798039284,0.020301495470155858,0.020088431275196574,0.010145674897629397,0.010049240257727292,0.020194915155356687,-0.2534541217046375,-1.2484504999999968,0 days 00:20:00
5m,DEVELOPMENT,15,CLOSED,BTCUSDT,LONG,2024-01-08 12:35:00+00:00,2024-01-08 12:40:00+00:00,44781.99,44804.38099499999,2024-01-08 18:00:00+00:00,45700.46861489999,45677.61838059254,0.00044746281734389594,20.048294549372002,0.20048294549372003,44356.33718504999,45700.46861489999,TP,0.41098502869326964,0.020048294549372004,0.020439035810139262,0.010019137705830532,0.010224630220179989,0.02024376792601052,0.3502539304077478,1.7470509999999937,0 days 05:20:00
5m,DEVELOPMENT,16,CLOSED,BTCUSDT,LONG,2024-01-08 18:00:00+00:00,2024-01-08 18:05:00+00:00,45962.2,45985.181099999994,2024-01-08 18:40:00+00:00,46904.884721999995,46881.432279639,0.00044358199941401066,20.398198575753373,0.20398198575753373,45525.329288999994,46904.884721999995,TP,0.4181579738018,0.020398198575753375,0.020795759465994806,0.010194002286732097,0.010403081273633444,0.02059708356036554,0.35636693219968624,1.7470510000000057,0 days 00:35:00
5m,DEVELOPMENT,17,CLOSED,BTCUSDT,LONG,2024-01-08 18:40:00+00:00,2024-01-08 18:45:00+00:00,46917.78,46941.23888999999,2024-01-09 00:35:00+00:00,46471.82650109999,46448.590587849445,0.0004421316945994176,20.75420949703178,0.2075420949703178,46471.82650109999,47880.063667799994,SL,-0.1971701761812007,0.02075420949703178,0.020536394068360435,0.010371918789118867,0.010273333701028257,0.020645252490147124,-0.25910603223674,-1.2484504999999964,0 days 05:50:00
5m,DEVELOPMENT,18,CLOSED,BTCUSDT,LONG,2024-01-09 03:15:00+00:00,2024-01-09 03:20:00+00:00,46924.81,46948.272404999996,2024-01-09 09:25:00+00:00,46478.789680949994,46455.55028610952,0.0004365520020667967,20.49536231198009,0.20495362311980092,46478.789680949994,47887.2378531,SL,-0.19471106324375037,0.02049536231198009,0.020280263484515865,0.010242559876051322,0.01014520434442862,0.020387764220479943,-0.2558744532607263,-1.2484504999999964,0 days 06:05:00
5m,DEVELOPMENT,19,CLOSED,BTCUSDT,LONG,2024-01-09 12:35:00+00:00,2024-01-09 12:40:00+00:00,46736.0,46759.367999999995,2024-01-09 12:55:00+00:00,46291.77432,46268.62843284,0.00043284895291043714,20.239743477553798,0.20239743477553798,46291.77432,47694.55536,SL,-0.1922826204439283,0.0202397434775538,0.020027327369756875,0.010114814331608903,0.010018673021387864,0.02013348735299677,-0.25268317864423573,-1.24845049999999,0 days 00:15:00
5m,DEVELOPMENT,20,CLOSED,BTCUSDT,LONG,2024-01-09 13:50:00+00:00,2024-01-09 13:55:00+00:00,46904.12,46927.57206,2024-01-09 15:00:00+00:00,46458.296339399996,46435.0671912303,0.0004259183216234235,19.98731272965746,0.1998731272965746,46458.296339399996,47866.123501199996,SL,-0.18988446526276553,0.01998731272965746,0.019777545882559706,0.009988662033810113,0.009893719801178608,0.01988238183498872,-0.2495317057099714,-1.248450499999996,0 days 01:05:00
5m,DEVELOPMENT,21,CLOSED,BTCUSDT,LONG,2024-01-09 15:20:00+00:00,2024-01-09 15:25:00+00:00,46776.43,46799.818215,2024-01-09 21:10:00+00:00,47735.8145793,47711.94667201035,0.0004217544225427026,19.738030306370778,0.1973803030637078,46331.82003285,47735.8145793,TP,0.40462468923904515,0.01973803030637078,0.020122724517041946,0.009864083111629169,0.010066395456248434,0.0199304785678776,0.3448334558477548,1.7470510000000052,0 days 05:45:00
5m,DEVELOPMENT,22,CLOSED,BTCUSDT,LONG,2024-01-09 21:10:00+00:00,2024-01-09 21:15:00+00:00,47914.25,47938.207125,2024-01-09 21:15:00+00:00,47458.82505375,47435.095641223124,0.00041892512210325297,20.082519273251656,0.20082519273251656,47458.82505375,48896.971267500005,SL,-0.19078895121664913,0.020082519273251657,0.01987175323347888,0.010036241515868235,0.009940847040259366,0.0199770885561276,-0.25072031227950725,-1.248450500000003,0 days 00:00:00
5m,DEVELOPMENT,23,CLOSED,BTCUSDT,LONG,2024-01-10 03:50:00+00:00,2024-01-10 03:55:00+00:00,46117.93,46140.988965,2024-01-10 08:30:00+00:00,45679.57907535,45656.73928581233,0.00042981413870123343,19.83204943081459,0.19832049430814588,45679.57907535,47063.8087443,SL,-0.1884094251273305,0.01983204943081459,0.019623912072038195,0.009911069180815397,0.009816864468250763,0.019727933649066158,-0.24759332027924946,-1.2484504999999877,0 days 04:35:00
5m,DEVELOPMENT,24,CLOSED,BTCUSDT,LONG,2024-01-10 16:20:00+00:00,2024-01-10 16:25:00+00:00,45414.01,45436.717005,2024-01-10 17:55:00+00:00,46345.4513451,46322.27861942745,0.00043103253816411264,19.584703456509647,0.19584703456509647,44982.34983495,46345.4513451,TP,0.4014815271294482,0.019584703456509648,0.019966409326877023,0.009787457999253719,0.00998819876281986,0.01977565676207358,0.3421547575839879,1.747051000000008,0 days 01:30:00
5m,DEVELOPMENT,25,CLOSED,BTCUSDT,LONG,2024-01-10 17:55:00+00:00,2024-01-10 18:00:00+00:00,46401.88,46425.08093999999,2024-01-10 18:05:00+00:00,45960.83013059999,45937.84971553469,0.0004292187756635714,19.926516401149,0.19926516401149003,45960.83013059999,47353.58255879999,SL,-0.1893068849504483,0.019926516401149,0.019717387611518943,0.009958279061041908,0.009863625618568711,0.01982190467961062,-0.2487726936427269,-1.2484505000000008,0 days 00:05:00
5m,DEVELOPMENT,26,CLOSED,BTCUSDT,LONG,2024-01-10 18:25:00+00:00,2024-01-10 18:30:00+00:00,46382.99,46406.181495,2024-01-10 20:10:00+00:00,45942.11968005,45919.14862020998,0.00042403816900547916,19.67799223167575,0.19677992231675748,45942.11968005,47334.3051249,SL,-0.18694584324045838,0.01967799223167575,0.01947147170320431,0.009834079076299353,0.009740606154677263,0.019574685230976614,-0.24566999240631504,-1.24845049999999,0 days 01:40:00
5m,DEVELOPMENT,27,CLOSED,BTCUSDT,LONG,2024-01-10 22:20:00+00:00,2024-01-10 22:25:00+00:00,46501.66,46524.91083,2024-01-10 23:10:00+00:00,47455.4090466,47431.6813420767,0.0004176809222664182,19.43256766383727,0.1943256766383727,46059.6617217,47455.4090466,TP,0.3983627813946028,0.019432567663837268,0.019811308407605456,0.009711428117858543,0.009910609508556422,0.019622037626414963,0.33949686769674503,1.7470509999999968,0 days 00:45:00
5m,DEVELOPMENT,28,CLOSED,BTCUSDT,LONG,2024-01-10 23:10:00+00:00,2024-01-10 23:15:00+00:00,47481.99,47505.730995,2024-01-10 23:25:00+00:00,47030.673685049995,47007.15834820747,0.00041619663479981,19.77172537382403,0.1977172537382403,47030.673685049995,48455.8456149,SL,-0.18783633151244256,0.01977172537382403,0.019564221116025744,0.009880922225799163,0.009787004060042287,0.01966792628584145,-0.2468402042881338,-1.2484505000000041,0 days 00:10:00
5m,DEVELOPMENT,29,CLOSED,BTCUSDT,LONG,2024-01-11 00:35:00+00:00,2024-01-11 00:40:00+00:00,46588.14,46611.434069999996,2024-01-11 05:35:00+00:00,46145.3197293,46122.24706943535,0.0004188914619924411,19.52513176314658,0.1952513176314658,46145.3197293,47543.6627514,SL,-0.1854936305934123,0.01952513176314658,0.019320215505292358,0.009757687038052704,0.009664940222757821,0.019422627260810524,-0.2437616051226618,-1.2484504999999975,0 days 04:55:00
5m,DEVELOPMENT,30,CLOSED,BTCUSDT,LONG,2024-01-11 08:50:00+00:00,2024-01-11 08:55:00+00:00,46308.11,46331.264055,2024-01-11 12:35:00+00:00,47257.8893361,47234.260391431955,0.0004161685218262486,19.281613676110954,0.19281613676110954,45867.95141445,47257.8893361,TP,0.39526826236585294,0.019281613676110955,0.01965741232665836,0.00963598884363327,0.009833622974814812,0.019469611818448085,0.3368596245446355,1.7470510000000121,0 days 03:40:00
5m,DEVELOPMENT,31,CLOSED,BTCUSDT,LONG,2024-01-11 12:35:00+00:00,2024-01-11 12:40:00+00:00,47309.91,47333.564955,2024-01-11 13:30:00+00:00,46860.229305450004,46836.79919079728,0.00041446565024639713,19.618136777554152,0.19618136777554152,46860.229305450004,48280.236254100004,SL,-0.18637720146991696,0.019618136777554154,0.019412244432073723,0.009804166305623498,0.009710977704887807,0.019515144010511305,-0.24492272669005616,-1.248450499999987,0 days 00:50:00
5m,DEVELOPMENT,32,CLOSED,BTCUSDT,LONG,2024-01-11 13:45:00+00:00,2024-01-11 13:50:00+00:00,47239.99,47263.609995,2024-01-11 14:40:00+00:00,48208.8821949,48184.77775380255,0.0004099022214122503,19.373458728912738,0.19373458728912737,46790.973895049996,48208.8821949,TP,0.39715106299850084,0.01937345872891274,0.019751047439539246,0.009681888420246625,0.00988046395174551,0.019562352371992137,0.3384642044580567,1.747050999999997,0 days 00:50:00
5m,DEVELOPMENT,33,CLOSED,BTCUSDT,LONG,2024-01-11 14:40:00+00:00,2024-01-11 14:45:00+00:00,48524.09,48548.35204499999,2024-01-11 15:05:00+00:00,48062.868524549995,48038.83709028772,0.00040601964797943164,19.711584807292418,0.19711584807292418,48062.868524549995,49519.319085899995,SL,-0.18726498110276385,0.019711584807292418,0.019504711724739884,0.009850866970159446,0.009757234479609038,0.019608101449768482,-0.24608937908456463,-1.248450499999992,0 days 00:20:00
5m,DEVELOPMENT,34,CLOSED,BTCUSDT,LONG,2024-01-11 20:10:00+00:00,2024-01-11 20:15:00+00:00,46953.31,46976.786654999996,2024-01-11 20:30:00+00:00,46507.01878845,46483.76527905578,0.0004143693653357101,19.465741271743404,0.19465741271743406,46507.01878845,47916.322388099994,SL,-0.18492940608487873,0.019465741271743404,0.01926144831709646,0.009728006632554834,0.009635541929511162,0.019363548562065996,-0.2430201442357846,-1.2484504999999881,0 days 00:15:00
5m,DEVELOPMENT,35,CLOSED,BTCUSDT,LONG,2024-01-12 06:15:00+00:00,2024-01-12 06:20:00+00:00,46297.83,46320.978915,2024-01-12 07:50:00+00:00,45857.76912585,45834.84024128708,0.00041499476814056647,19.222963904874494,0.19222963904874493,45857.76912585,47247.3984933,SL,-0.18262296043561577,0.019222963904874494,0.01902121889869284,0.009606678613129827,0.009515367132910737,0.019122045746040563,-0.23998918898522367,-1.2484504999999924,0 days 01:30:00
5m,DEVELOPMENT,36,CLOSED,BTCUSDT,LONG,2024-01-12 11:20:00+00:00,2024-01-12 11:25:00+00:00,46129.23,46152.294615,2024-01-12 12:45:00+00:00,45690.77166885,45667.92628301558,0.0004113168071855536,18.983214465328818,0.18983214465328818,45690.77166885,47075.3405073,SL,-0.1803452808525253,0.01898321446532882,0.018783985629515193,0.009486863800762252,0.009396691160336491,0.018883554961098743,-0.23699603590846807,-1.2484504999999901,0 days 01:20:00
5m,DEVELOPMENT,37,CLOSED,BTCUSDT,LONG,2024-01-13 05:10:00+00:00,2024-01-13 05:15:00+00:00,42874.21,42895.647105,2024-01-14 20:00:00+00:00,42466.69063395,42445.45728863303,0.0004370246506087062,18.74645518869698,0.1874645518869698,42466.69063395,43753.5600471,SL,-0.17809600856428304,0.01874645518869698,0.01854971114149161,0.009368543322685944,0.009279495318402983,0.018648038641088927,-0.23404021353556057,-1.2484504999999848,1 days 14:45:00
5m,DEVELOPMENT,38,CLOSED,BTCUSDT,LONG,2024-01-15 02:45:00+00:00,2024-01-15 02:50:00+00:00,42361.99,42383.17099499999,2024-01-15 18:30:00+00:00,43230.8344149,43209.21899769255,0.0004367924425416993,18.51264878156855,0.1851264878156855,41959.339285049995,43230.8344149,TP,0.3795046741728841,0.018512648781568553,0.018873460306321324,0.009251698541511408,0.00944145087859809,0.0186931494201095,0.3234254156648847,1.747051000000019,0 days 15:40:00
5m,DEVELOPMENT,39,CLOSED,BTCUSDT,LONG,2024-01-15 18:30:00+00:00,2024-01-15 18:35:00+00:00,43208.31,43229.914155,2024-01-15 21:20:00+00:00,42797.61501345,42776.216205943274,0.0004357110455363125,18.835751094920084,0.18835751094920083,42797.61501345,44094.5124381,SL,-0.17894434198622192,0.018835751094920083,0.018638069887178896,0.009413168962978946,0.009323696791985246,0.018736865754964194,-0.2351550287232851,-1.248450499999999,0 days 02:45:00
5m,DEVELOPMENT,40,CLOSED,BTCUSDT,LONG,2024-01-16 03:15:00+00:00,2024-01-16 03:20:00+00:00,42748.5,42769.87425,2024-01-16 14:35:00+00:00,42342.175507500004,42321.004419746256,0.00043490497254163464,18.600830986305418,0.1860083098630542,42342.175507500004,43625.271735,SL,-0.1767125422537045,0.018600830986305418,0.018405615265104144,0.009295767609348363,0.00920741133822031,0.01850317894756867,-0.23222216745268273,-1.2484504999999881,0 days 11:15:00
5m,DEVELOPMENT,41,CLOSED,BTCUSDT,LONG,2024-01-16 15:55:00+00:00,2024-01-16 16:00:00+00:00,43252.45,43274.076225,2024-01-16 18:35:00+00:00,42841.335462749994,42819.91479501862,0.000424476786367957,18.36884080903001,0.18368840809030013,42841.335462749994,44139.557749499996,SL,-0.1745085776010311,0.01836884080903001,0.01817605982473924,0.00917983048927036,0.009092576200467939,0.0182724066897383,-0.22932588492453865,-1.2484504999999968,0 days 02:35:00
5m,DEVELOPMENT,42,CLOSED,BTCUSDT,LONG,2024-01-16 19:05:00+00:00,2024-01-16 19:10:00+00:00,43097.74,43119.28887,2024-01-17 07:45:00+00:00,42688.09598129999,42666.751933309344,0.0004206874578934495,18.13974402089361,0.18139744020893608,42688.09598129999,43981.674647399996,SL,-0.17233210086816153,0.01813974402089361,0.01794936740739433,0.009065339340775877,0.00897917329034209,0.01804451263111797,-0.22646572492756745,-1.248450500000006,0 days 12:35:00
5m,DEVELOPMENT,43,CLOSED,BTCUSDT,LONG,2024-01-17 11:35:00+00:00,2024-01-17 11:40:00+00:00,42823.08,42844.49154,2024-01-17 12:35:00+00:00,42416.0466246,42394.8386012877,0.0004181051960606716,17.913504535451487,0.17913504535451488,42416.0466246,43701.3813708,SL,-0.17018276922485484,0.01791350453545149,0.017725502305351925,0.008952276129661317,0.0088671847450476,0.01781946087470892,-0.22364123694036714,-1.248450500000002,0 days 00:55:00
5m,DEVELOPMENT,44,CLOSED,BTCUSDT,LONG,2024-01-17 19:20:00+00:00,2024-01-17 19:25:00+00:00,42662.32,42683.651159999994,2024-01-18 16:35:00+00:00,42256.814648399995,42235.6862410758,0.00041444642704108924,17.690086716330242,0.17690086716330242,42256.814648399995,43537.32418319999,SL,-0.16806024411666245,0.017690086716330242,0.01750442925624236,0.008840623046639426,0.008756592924582904,0.01759721597122233,-0.22085197606045737,-1.2484504999999937,0 days 21:10:00
5m,DEVELOPMENT,45,CLOSED,BTCUSDT,LONG,2024-01-19 05:45:00+00:00,2024-01-19 05:50:00+00:00,41217.52,41238.12875999999,2024-01-19 15:25:00+00:00,40825.74747239999,40805.334598663794,0.0004236238621127606,17.469455371614504,0.17469455371614503,40825.74747239999,42062.891335199995,SL,-0.16596419121159245,0.017469455371614505,0.01728611343748941,0.008730362504553082,0.008647380408947941,0.017377742913501023,-0.21809750293419738,-1.2484504999999957,0 days 09:35:00
5m,DEVELOPMENT,46,CLOSED,BTCUSDT,LONG,2024-01-19 18:25:00+00:00,2024-01-19 18:30:00+00:00,41343.35,41364.021674999996,2024-01-19 20:10:00+00:00,42191.3021085,42170.206457445754,0.0004170671769744842,17.251575748303623,0.17251575748303624,40950.38145825,42191.3021085,TP,0.3536529921016571,0.017251575748303622,0.017587808959638063,0.008621477135583092,0.008798303631632988,0.017419780767216078,0.3013938266264994,1.74705100000002,0 days 01:40:00
5m,DEVELOPMENT,47,CLOSED,BTCUSDT,LONG,2024-01-19 20:10:00+00:00,2024-01-19 20:15:00+00:00,42162.85,42183.931424999995,2024-01-19 20:55:00+00:00,41762.092110749996,41741.211064694624,0.00041609845003194205,17.552668482196232,0.17552668482196232,41762.092110749996,43027.61005349999,SL,-0.16675473655499867,0.01755266848219623,0.017368453226475584,0.008771948266963248,0.008688570898686004,0.017460519165649252,-0.21913637742931974,-1.2484504999999912,0 days 00:40:00
5m,DEVELOPMENT,48,CLOSED,BTCUSDT,LONG,2024-01-19 22:20:00+00:00,2024-01-19 22:25:00+00:00,41647.96,41668.78398,2024-01-22 03:10:00+00:00,41252.0961402,41231.47009212991,0.00041598888584189696,17.333751022226885,0.17333751022226884,41252.0961402,42502.1596596,SL,-0.1646749659832733,0.017333751022226885,0.017151833305248616,0.008662544238994374,0.008580206756000162,0.017242750994994536,-0.21640330130574334,-1.2484504999999808,2 days 04:45:00
5m,DEVELOPMENT,49,CLOSED,BTCUSDT,LONG,2024-01-22 13:05:00+00:00,2024-01-22 13:10:00+00:00,41135.87,41156.437935,2024-01-22 14:15:00+00:00,40744.87355565,40724.501118872184,0.00041591461182986203,17.117563908035333,0.17117563908035333,40744.87355565,41979.566693700006,SL,-0.16262113437868625,0.017117563908035333,0.016937915074820505,0.008554504701666469,0.008473194134475216,0.017027698836141685,-0.21370431219768377,-1.2484504999999833,0 days 01:05:00
5m,DEVELOPMENT,50,CLOSED,BTCUSDT,LONG,2024-01-23 02:30:00+00:00,2024-01-23 02:35:00+00:00,40040.01,40060.030005,2024-01-23 08:10:00+00:00,39659.42970495,39639.59999009753,0.00042196855780061033,16.904073086659025,0.16904073086659024,39659.42970495,40861.2306051,SL,-0.1605929182295793,0.016904073086659026,0.016726664839614543,0.00844781263701037,0.008367516177895178,0.01681532881490555,-0.21103898497075843,-1.2484504999999906,0 days 05:35:00
5m,DEVELOPMENT,51,CLOSED,BTCUSDT,LONG,2024-01-23 15:40:00+00:00,2024-01-23 15:45:00+00:00,39290.7,39310.345349999996,2024-01-24 00:45:00+00:00,40096.552256999996,40076.5039808715,0.00042465271625615695,16.693244929845086,0.16693244929845086,38917.241896499996,40096.552256999996,TP,0.3422073498362041,0.016693244929845086,0.01701859627352777,0.008342451239302414,0.008513554914218771,0.016856006153521185,0.2916395024793101,1.7470510000000132,0 days 09:00:00
5m,DEVELOPMENT,52,CLOSED,BTCUSDT,LONG,2024-01-24 00:45:00+00:00,2024-01-24 00:50:00+00:00,40099.21,40119.259605,2024-01-24 02:00:00+00:00,39718.06700895,39698.207975445526,0.0004233526054915857,16.984593084170076,0.16984593084170077,39718.06700895,40921.6447971,SL,-0.16135787832587406,0.016984593084170076,0.01680633977975171,0.00848805251582719,0.008407373576662866,0.016895426092490055,-0.21204423728228589,-1.248450499999995,0 days 01:10:00
5m,DEVELOPMENT,53,CLOSED,BTCUSDT,LONG,2024-01-24 05:30:00+00:00,2024-01-24 05:35:00+00:00,39804.11,39824.012055,2024-01-26 10:40:00+00:00,40620.4922961,40600.18204995195,0.00042117204705864906,16.772760679292666,0.16772760679292667,39425.77193445,40620.4922961,TP,0.3438374028308759,0.01677276067929267,0.017099661784932083,0.008382189245023255,0.008554107946437082,0.016936297191460337,0.29302868317519076,1.7470510000000086,2 days 05:05:00
5m,DEVELOPMENT,54,CLOSED,BTCUSDT,LONG,2024-01-26 10:40:00+00:00,2024-01-26 10:45:00+00:00,40642.0,40662.320999999996,2024-01-26 12:25:00+00:00,41475.56742,41454.82963629,0.00041968820782563375,17.06549662652063,0.17065496626520632,40255.69779,41475.56742,TP,0.34983841660163706,0.01706549662652063,0.01739810315577152,0.00852848407122314,0.008703403279525249,0.01723188735074839,0.29814292946859655,1.7470510000000092,0 days 01:40:00
5m,DEVELOPMENT,55,CLOSED,BTCUSDT,LONG,2024-01-26 12:25:00+00:00,2024-01-26 12:30:00+00:00,41467.67,41488.403835,2024-01-26 13:45:00+00:00,41073.51979665,41052.98303675168,0.0004185107188013093,17.363341710904848,0.17363341710904848,41073.51979665,42318.171911699996,SL,-0.16495608491969077,0.01736334171090485,0.017181113439648902,0.008677332189357364,0.0085948541468963,0.017272186336253666,-0.21677272640649817,-1.2484504999999888,0 days 01:15:00
5m,DEVELOPMENT,56,CLOSED,BTCUSDT,LONG,2024-01-26 14:10:00+00:00,2024-01-26 14:15:00+00:00,41173.17,41193.756584999996,2024-01-26 18:05:00+00:00,42017.631716699994,41996.62290084165,0.00041624719283097126,17.146785540668585,0.17146785540668585,40781.819019149996,42017.631716699994,TP,0.3515048190295963,0.017146785540668584,0.017480976390856218,0.00856910821622505,0.00874486062573922,0.017313968841964268,0.2995630882561072,1.7470510000000075,0 days 03:50:00
5m,DEVELOPMENT,57,CLOSED,BTCUSDT,LONG,2024-01-26 18:05:00+00:00,2024-01-26 18:10:00+00:00,42070.01,42091.045005,2024-01-27 07:00:00+00:00,41670.13455495,41649.29948767252,0.0004144836357241272,17.446049365100265,0.17446049365100266,41670.13455495,42932.8659051,SL,-0.16574182830112974,0.017446049365100264,0.017262953077013535,0.008718665349874328,0.008635794435725003,0.01735445978559933,-0.21780529052884287,-1.2484505000000101,0 days 12:50:00
5m,DEVELOPMENT,58,CLOSED,BTCUSDT,LONG,2024-01-27 10:40:00+00:00,2024-01-27 10:45:00+00:00,41772.07,41792.956034999996,2024-01-28 04:55:00+00:00,42628.815155699995,42607.50074812215,0.0004122336225235198,17.228461662274245,0.17228461662274247,41375.026474649996,42628.815155699995,TP,0.3531791591136859,0.017228461662274246,0.017564244380071974,0.008609925868201333,0.008786515447758755,0.01739644131596009,0.3009900117553796,1.7470510000000044,0 days 18:10:00
5m,DEVELOPMENT,59,CLOSED,BTCUSDT,LONG,2024-01-28 04:55:00+00:00,2024-01-28 05:00:00+00:00,42720.33,42741.690165,2024-01-28 06:45:00+00:00,42314.27326335,42293.11612671833,0.00041011833919149364,17.529150984707197,0.17529150984707198,42314.27326335,43596.5239683,SL,-0.16653131445241717,0.017529150984707198,0.017345182545122698,0.008760195394655546,0.00867692973742849,0.017437125132084036,-0.2188427731143311,-1.2484504999999952,0 days 01:45:00
5m,DEVELOPMENT,60,CLOSED,BTCUSDT,LONG,2024-01-28 07:10:00+00:00,2024-01-28 07:15:00+00:00,42467.24,42488.47362,2024-01-28 18:15:00+00:00,42063.588883799996,42042.557089358095,0.00040741700891776673,17.310526835741836,0.17310526835741835,42063.588883799996,43338.2430924,SL,-0.1644543304085229,0.017310526835741837,0.017128852856600724,0.00865093794889609,0.008568710783692321,0.01721964873258841,-0.21611335883345387,-1.2484505000000043,0 days 11:00:00
5m,DEVELOPMENT,61,CLOSED,BTCUSDT,LONG,2024-01-29 00:25:00+00:00,2024-01-29 00:30:00+00:00,41978.44,41999.42922,2024-01-29 16:20:00+00:00,42839.4178044,42817.9980954978,0.00040702051651286114,17.094629374369752,0.17094629374369752,41579.4349278,42839.4178044,TP,0.3504356306529962,0.017094629374369754,0.01742780370087622,0.008543043165600383,0.008718260980927834,0.017261304146528218,0.29865189343122206,1.7470510000000092,0 days 15:50:00
5m,DEVELOPMENT,62,CLOSED,BTCUSDT,LONG,2024-01-29 16:20:00+00:00,2024-01-29 16:25:00+00:00,42992.57,43014.066285,2024-01-30 12:20:00+00:00,43874.3476107,43852.41043689466,0.0004043557007379797,17.392982914261083,0.17392982914261082,42583.92562215,43874.3476107,TP,0.35655180366966105,0.017392982914261085,0.017731972151260034,0.008692145384438759,0.008870421286271163,0.01756256667070992,0.30386428193343,1.7470510000000152,0 days 19:55:00
5m,DEVELOPMENT,63,CLOSED,BTCUSDT,LONG,2024-01-30 12:20:00+00:00,2024-01-30 12:25:00+00:00,43778.01,43799.899005,2024-01-30 12:30:00+00:00,43361.90001495,43340.219064942525,0.0004040316082339173,17.696543635473304,0.17696543635473305,43361.90001495,44675.8969851,SL,-0.16812158646194406,0.017696543635473305,0.01751081841001901,0.008843849892789152,0.008759789099558948,0.0176036389923481,-0.22093258749978445,-1.2484504999999988,0 days 00:05:00
5m,DEVELOPMENT,64,CLOSED,BTCUSDT,LONG,2024-01-30 15:15:00+00:00,2024-01-30 15:20:00+00:00,43487.31,43509.053654999996,2024-01-30 23:25:00+00:00,43073.963118449996,43052.426136890776,0.000401659661421775,17.47583175984914,0.1747583175984914,43073.963118449996,44379.2347281,SL,-0.16602476849312028,0.01747583175984914,0.017292422905529528,0.008733549105371241,0.008650536721123436,0.01738408582649468,-0.2181771089849936,-1.2484504999999897,0 days 08:05:00
5m,DEVELOPMENT,65,CLOSED,BTCUSDT,LONG,2024-01-31 05:40:00+00:00,2024-01-31 05:45:00+00:00,43004.99,43026.492495,2024-01-31 09:55:00+00:00,42596.227570049996,42574.929456264974,0.0004010987558890486,17.257872610013987,0.17257872610013988,42596.227570049996,43887.0223449,SL,-0.1639541021071302,0.017257872610013988,0.017076751236971888,0.008624623993010743,0.008542646941955718,0.01716727093496646,-0.21545599688908257,-1.2484504999999992,0 days 04:10:00
5m,DEVELOPMENT,66,CLOSED,BTCUSDT,LONG,2024-01-31 14:30:00+00:00,2024-01-31 14:35:00+00:00,42869.22,42890.65461,2024-01-31 21:20:00+00:00,42461.7480639,42440.51718986805,0.00039735070515588565,17.042631853881037,0.17042631853881038,42461.7480639,43748.467702199996,SL,-0.16190926114056997,0.017042631853881038,0.016863769432574557,0.008517057398240052,0.008436102767670914,0.016953160165910967,-0.21276882259293656,-1.2484504999999968,0 days 06:45:00
5m,DEVELOPMENT,67,CLOSED,BTCUSDT,LONG,2024-02-01 07:15:00+00:00,2024-02-01 07:20:00+00:00,42217.98,42239.088990000004,2024-02-01 17:25:00+00:00,43083.87076980001,43062.32883441511,0.00039844788299148463,16.83007558755443,0.1683007558755443,41816.6981001,43083.87076980001,TP,0.34501234412867854,0.01683007558755443,0.017158093760755864,0.00841083237758867,0.008583338549652464,0.016994170927241134,0.29403000385312705,1.747051000000009,0 days 10:05:00
5m,DEVELOPMENT,68,CLOSED,BTCUSDT,LONG,2024-02-01 17:25:00+00:00,2024-02-01 17:30:00+00:00,43096.0,43117.547999999995,2024-02-02 13:45:00+00:00,42686.37252,42665.02933374,0.00039714252431840446,17.12381185513997,0.1712381185513997,42686.37252,43979.89896,SL,-0.16268049143738786,0.01712381185513997,0.01694409744972028,0.008557627114011084,0.008476286868293218,0.0170339139823043,-0.21378231472455242,-1.2484504999999895,0 days 20:15:00
5m,DEVELOPMENT,69,CLOSED,BTCUSDT,LONG,2024-02-02 15:55:00+00:00,2024-02-02 16:00:00+00:00,43242.1,43263.72104999999,2024-02-02 18:05:00+00:00,42831.083839499996,42809.66829758025,0.0003908642784012542,16.9102431091614,0.169102431091614,42831.083839499996,44128.995470999995,SL,-0.16065153498508775,0.0169102431091614,0.016732770107730752,0.008450896106525203,0.008370570339034366,0.01682146644555957,-0.21111601464753946,-1.2484504999999906,0 days 02:05:00
5m,DEVELOPMENT,70,CLOSED,BTCUSDT,LONG,2024-02-02 22:20:00+00:00,2024-02-02 22:25:00+00:00,43109.94,43131.49497,2024-02-04 19:05:00+00:00,42700.1800203,42678.82993028985,0.00038717271476999766,16.6993379996234,0.16699337999623398,42700.1800203,43994.1248694,SL,-0.15864788374454825,0.0166993379996234,0.01652407844731735,0.008345496251684854,0.008266172309813533,0.016611668561498386,-0.20848296875298736,-1.2484504999999944,1 days 20:40:00
5m,DEVELOPMENT,71,CLOSED,BTCUSDT,LONG,2024-02-04 21:30:00+00:00,2024-02-04 21:35:00+00:00,42899.99,42921.43999499999,2024-02-04 22:35:00+00:00,42492.22559505,42470.97948225247,0.0003842150521391069,16.49106330556447,0.1649106330556447,42492.22559505,43779.868794899994,SL,-0.15666922210833667,0.01649106330556447,0.016317989596172575,0.008241410947306814,0.008163076336254687,0.016404487283561503,-0.20588276229363522,-1.2484504999999944,0 days 01:00:00
5m,DEVELOPMENT,72,CLOSED,BTCUSDT,LONG,2024-02-05 03:45:00+00:00,2024-02-05 03:50:00+00:00,42603.34,42624.64167,2024-02-05 13:35:00+00:00,43477.1345034,43455.3959361483,0.00038206505866811784,16.28538622035605,0.1628538622035605,42198.3952533,43477.1345034,TP,0.33384634820540005,0.01628538622035605,0.01660278839779079,0.00813862379827917,0.008305546972380643,0.016444170770659815,0.28451400281659345,1.7470510000000055,0 days 09:45:00
5m,DEVELOPMENT,73,CLOSED,BTCUSDT,LONG,2024-02-05 13:35:00+00:00,2024-02-05 13:40:00+00:00,43481.11,43502.850555,2024-02-05 15:00:00+00:00,43067.82204945,43046.288138425276,0.00038088575304854764,16.5696159933996,0.16569615993399603,43067.82204945,44372.907566099995,SL,-0.15741549227112853,0.0165696159933996,0.016395717873548876,0.008280667662867102,0.008201959916731786,0.01648262757959889,-0.2068634537176759,-1.2484504999999915,0 days 01:20:00
5m,DEVELOPMENT,74,CLOSED,BTCUSDT,LONG,2024-02-05 23:50:00+00:00,2024-02-05 23:55:00+00:00,42713.69,42735.046845,2024-02-07 17:35:00+00:00,43589.7477819,43567.95290800905,0.0003828932083736166,16.36295919647885,0.16362959196478852,42307.69637655,43589.7477819,TP,0.33543657483236333,0.01636295919647885,0.01668187327121822,0.008177390902786037,0.008345109190203143,0.01652250009298918,0.28586924227167704,1.747051000000008,1 days 17:40:00
5m,DEVELOPMENT,75,CLOSED,BTCUSDT,LONG,2024-02-07 17:35:00+00:00,2024-02-07 17:40:00+00:00,43686.33,43708.173165,2024-02-08 00:25:00+00:00,44582.3366283,44560.04545998585,0.0003809022809588275,16.648542855091915,0.16648542855091916,43271.09143335,44582.3366283,TP,0.3412909684736975,0.016648542855091916,0.016973022955337654,0.008320111371859422,0.008490756856096925,0.016810868227956348,0.29085853443531157,1.7470509999999981,0 days 06:45:00
5m,DEVELOPMENT,76,CLOSED,BTCUSDT,LONG,2024-02-08 00:25:00+00:00,2024-02-08 00:30:00+00:00,44497.54,44519.78877,2024-02-08 15:20:00+00:00,45410.1845454,45387.4794531273,0.0003804849773450701,16.939110821560757,0.16939110821560757,44074.5908823,45410.1845454,TP,0.3472475391806203,0.016939110821560757,0.017269254091472976,0.00846532274940504,0.00863894651899576,0.0171042692684008,0.2959349049991858,1.7470510000000021,0 days 14:50:00
5m,DEVELOPMENT,77,CLOSED,BTCUSDT,LONG,2024-02-08 15:20:00+00:00,2024-02-08 15:25:00+00:00,45311.46,45334.11573,2024-02-09 02:55:00+00:00,46240.7980446,46217.6776455777,0.000380171749459956,17.23475008729421,0.1723475008729421,44880.7745727,46240.7980446,TP,0.353308070255277,0.01723475008729421,0.017570655366495574,0.00861306850939187,0.008789722544520148,0.017402791053912018,0.3010998737475752,1.7470510000000048,0 days 11:30:00
5m,DEVELOPMENT,78,CLOSED,BTCUSDT,LONG,2024-02-09 02:55:00+00:00,2024-02-09 03:00:00+00:00,46285.22,46308.36261,2024-02-09 11:50:00+00:00,47234.5298622,47210.9125972689,0.00037866916845339776,17.535549161967115,0.17535549161967115,45845.278983899996,47234.5298622,TP,0.35947437612388217,0.017535549161967114,0.017877317015133856,0.008763392884539518,0.008943130072602265,0.017706522957141785,0.3063549869896394,1.7470510000000075,0 days 08:50:00
5m,DEVELOPMENT,79,CLOSED,BTCUSDT,LONG,2024-02-09 11:50:00+00:00,2024-02-09 11:55:00+00:00,47277.29,47300.928645,2024-02-09 14:20:00+00:00,46827.919358549996,46804.50539887072,0.000377193400026506,17.8415981000187,0.17841598100018702,46827.919358549996,48246.9472179,SL,-0.16949964012061924,0.017841598100018702,0.017654350527959006,0.008916340879569221,0.008831591059508816,0.01774793193907804,-0.222743520687675,-1.2484505000000057,0 days 02:25:00
5m,DEVELOPMENT,80,CLOSED,BTCUSDT,LONG,2024-02-09 15:20:00+00:00,2024-02-09 15:25:00+00:00,46985.63,47009.122814999995,2024-02-09 18:20:00+00:00,47949.30527129999,47925.330618664346,0.0003748012310220921,17.619077100330713,0.17619077100330713,46539.03158685,47949.30527129999,TP,0.36118667798878673,0.017619077100330713,0.01796247291301616,0.008805135982173442,0.008985729321167403,0.017790865303340845,0.307814262672099,1.7470510000000015,0 days 02:55:00
5m,DEVELOPMENT,81,CLOSED,BTCUSDT,LONG,2024-02-09 18:20:00+00:00,2024-02-09 18:25:00+00:00,48126.08,48150.14304,2024-02-09 18:55:00+00:00,47668.6416096,47644.80728879521,0.00037230593149753803,17.9265838562469,0.179265838562469,47668.6416096,49113.1459008,SL,-0.170307026040606,0.0179265838562469,0.017738444358675592,0.008958812521862857,0.00887365900884051,0.017832471530703366,-0.22380452578623183,-1.2484504999999895,0 days 00:30:00
5m,DEVELOPMENT,82,CLOSED,BTCUSDT,LONG,2024-02-09 20:00:00+00:00,2024-02-09 20:05:00+00:00,47600.0,47623.799999999996,2024-02-09 22:40:00+00:00,47147.562,47123.988219,0.00037172596288841955,17.703002911405513,0.17703002911405513,47147.562,48576.276,SL,-0.16818295119731147,0.017703002911405512,0.017517209895850313,0.008847077916742762,0.008762986441145412,0.017610064357888172,-0.22101322836245546,-1.248450499999993,0 days 02:35:00
5m,DEVELOPMENT,83,CLOSED,BTCUSDT,LONG,2024-02-10 02:45:00+00:00,2024-02-10 02:50:00+00:00,47312.32,47335.97616,2024-02-10 10:50:00+00:00,46862.6163984,46839.1850902008,0.0003693218539824233,17.48221047547899,0.1748221047547899,46862.6163984,48282.6956832,SL,-0.16608536788548445,0.01748221047547899,0.01729873467653884,0.008736736869304339,0.008653694185362258,0.017390431054666596,-0.21825674409216886,-1.2484504999999944,0 days 08:00:00
5m,DEVELOPMENT,84,CLOSED,BTCUSDT,LONG,2024-02-10 12:40:00+00:00,2024-02-10 12:45:00+00:00,47205.69,47229.292844999996,2024-02-11 03:30:00+00:00,48173.878701899994,48149.791762549045,0.000365539493185952,17.264171770092208,0.17264171770092207,46756.99991655,48173.878701899994,TP,0.3539112074008876,0.017264171770092207,0.017600650477891305,0.00862777199904438,0.008804727602746754,0.017432499601791135,0.301613885551113,1.7470509999999966,0 days 14:45:00
5m,DEVELOPMENT,85,CLOSED,BTCUSDT,LONG,2024-02-11 03:30:00+00:00,2024-02-11 03:35:00+00:00,48181.09,48205.180544999996,2024-02-12 10:05:00+00:00,47723.12873955,47699.267175180226,0.00036438997104621974,17.56548434307034,0.17565484343070342,47723.12873955,49169.28415589999,SL,-0.16687649043566574,0.017565484343070342,0.01738113458488982,0.00877835299503733,0.008694914749818126,0.017473267744855456,-0.21929637710848135,-1.2484504999999884,1 days 06:30:00
5m,DEVELOPMENT,86,CLOSED,BTCUSDT,LONG,2024-02-12 14:10:00+00:00,2024-02-12 14:15:00+00:00,48109.2,48133.25459999999,2024-02-12 15:10:00+00:00,49095.919691999996,49071.371732153995,0.0003603830072870591,17.34640704326167,0.17346407043261672,47651.922053999995,49095.919691999996,TP,0.3555970099523203,0.01734640704326167,0.01768448851653484,0.008668869087085794,0.008846667592063666,0.01751553667914946,0.3030505777133743,1.7470510000000048,0 days 00:55:00
5m,DEVELOPMENT,87,CLOSED,BTCUSDT,LONG,2024-02-12 15:10:00+00:00,2024-02-12 15:15:00+00:00,49094.69,49119.237345,2024-02-12 17:25:00+00:00,50101.622091900004,50076.571280854056,0.0003593124776995692,17.64915487314516,0.17649154873145162,48628.04497155,50101.622091900004,TP,0.36180326481580005,0.01764915487314516,0.017993136901622762,0.008820167352895788,0.009001068985303546,0.017821236338199334,0.3083397367028328,1.7470510000000088,0 days 02:10:00
5m,DEVELOPMENT,88,CLOSED,BTCUSDT,LONG,2024-02-12 17:30:00+00:00,2024-02-12 17:35:00+00:00,50234.01,50259.127005,2024-02-12 18:35:00+00:00,49756.535734950005,49731.657467082536,0.00035729205118020726,17.957186578143,0.17957186578143,49756.535734950005,51264.309545100004,SL,-0.17059775954547554,0.017957186578143,0.01776872590500539,0.008974106235953544,0.008888807356178577,0.017862913592132122,-0.22418658562075605,-1.2484504999999826,0 days 01:00:00
5m,DEVELOPMENT,89,CLOSED,BTCUSDT,LONG,2024-02-12 19:05:00+00:00,2024-02-12 19:10:00+00:00,49886.9,49911.84345,2024-02-13 13:35:00+00:00,49412.7250155,49388.01865299225,0.0003552909035088994,17.73322395514524,0.17733223955145241,49412.7250155,50910.080319,SL,-0.16847005866432382,0.017733223955145243,0.017547113769735993,0.008862180887128647,0.00877794585779685,0.017640126744925495,-0.22139052313413055,-1.2484505000000001,0 days 18:25:00
5m,DEVELOPMENT,90,CLOSED,BTCUSDT,LONG,2024-02-13 19:30:00+00:00,2024-02-13 19:35:00+00:00,49234.58,49259.19729,2024-02-14 08:50:00+00:00,50244.3812358,50219.2590451821,0.00035550832260354304,17.51205460136489,0.1751205460136489,48766.605317099995,50244.3812358,TP,0.3589927435022421,0.01751205460136489,0.017853364545545498,0.008751651474943084,0.00893114784669539,0.017682799321638472,0.3059445250336932,1.7470510000000106,0 days 13:15:00
5m,DEVELOPMENT,91,CLOSED,BTCUSDT,LONG,2024-02-14 08:50:00+00:00,2024-02-14 08:55:00+00:00,50223.38,50248.491689999995,2024-02-14 09:10:00+00:00,51253.4615238,51227.8347930381,0.00035459160838967747,17.81769348751244,0.1781769348751244,49746.006773099994,51253.4615238,TP,0.3652582642967317,0.01781769348751244,0.01816496033358406,0.008904394546482237,0.009087023678630714,0.01799141822511295,0.31128419225052223,1.7470510000000072,0 days 00:15:00
5m,DEVELOPMENT,92,CLOSED,BTCUSDT,LONG,2024-02-14 09:20:00+00:00,2024-02-14 09:25:00+00:00,51245.99,51271.612994999996,2024-02-15 00:20:00+00:00,52297.0452549,52270.89673227255,0.0003535809709811907,18.12866670654393,0.18128666706543933,50758.896865049996,52297.0452549,TP,0.37163313758242433,0.018128666706543933,0.018481994420654478,0.00905980345154545,0.00924562002033576,0.01830542347188121,0.31671705298334474,1.7470510000000103,0 days 14:55:00
5m,DEVELOPMENT,93,CLOSED,BTCUSDT,LONG,2024-02-15 00:20:00+00:00,2024-02-15 00:25:00+00:00,52323.78,52349.941889999995,2024-02-15 01:25:00+00:00,51826.442471099996,51800.52924986445,0.00035234169691405846,18.44506735887495,0.1844506735887495,51826.442471099996,53396.94072779999,SL,-0.17523274887167173,0.018445067358874953,0.01825148637694356,0.009217924717077445,0.00913030834264208,0.018348233059719526,-0.23027753566720977,-1.2484504999999928,0 days 01:00:00
5m,DEVELOPMENT,94,CLOSED,BTCUSDT,LONG,2024-02-15 02:15:00+00:00,2024-02-15 02:20:00+00:00,52151.1,52177.17554999999,2024-02-15 07:40:00+00:00,51655.403794499995,51629.57609260275,0.00034909938452381265,18.215019870695922,0.18215019870695923,51655.403794499995,53220.719060999996,SL,-0.17304724025084076,0.018215019870695924,0.018023853237152974,0.009102958456117846,0.009016434835992378,0.018119393292110222,-0.22740550665079987,-1.248450499999985,0 days 05:20:00
5m,DEVELOPMENT,95,CLOSED,BTCUSDT,LONG,2024-02-15 09:30:00+00:00,2024-02-15 09:35:00+00:00,52181.1,52207.19054999999,2024-02-15 20:15:00+00:00,51685.11864449999,51659.27608517774,0.0003445472041853333,17.987841542373452,0.17987841542373453,51685.11864449999,53251.334360999994,SL,-0.17088898936557942,0.017987841542373453,0.01779905914538624,0.008989426058155418,0.008903981563474564,0.017893407621629984,-0.22456929767496908,-1.2484505,0 days 10:40:00
5m,DEVELOPMENT,96,CLOSED,BTCUSDT,LONG,2024-02-16 00:10:00+00:00,2024-02-16 00:15:00+00:00,51928.47,51954.434235,2024-02-17 13:25:00+00:00,51434.88989265,51409.17244770368,0.00034190530319901975,17.763496589651208,0.1776349658965121,51434.88989265,52993.5229197,SL,-0.16875765625650793,0.017763496589651206,0.017577068692942815,0.008877309640005417,0.008792930811875647,0.017670240451881064,-0.22176846199098302,-1.2484504999999975,1 days 13:10:00
5m,DEVELOPMENT,97,CLOSED,BTCUSDT,LONG,2024-02-17 18:20:00+00:00,2024-02-17 18:25:00+00:00,51207.92,51233.52396,2024-02-18 22:10:00+00:00,52258.1944392,52232.0653419804,0.0003423920183251689,17.5419496745753,0.175419496745753,50721.1887204,52258.1944392,TP,0.3596055850330237,0.0175419496745753,0.017883842273732777,0.00876659154151702,0.008946394334033481,0.0177129858755505,0.3064668072091651,1.7470510000000032,1 days 03:45:00
5m,DEVELOPMENT,98,CLOSED,BTCUSDT,LONG,2024-02-18 22:10:00+00:00,2024-02-18 22:15:00+00:00,52200.0,52226.1,2024-02-19 16:55:00+00:00,51703.839,51677.9870805,0.0003417469487696364,17.848110321137906,0.17848110321137906,51703.839,53270.622,SL,-0.16956150784849158,0.017848110321137905,0.017660794403317567,0.008919595362887013,0.008834814608962295,0.017754409971849308,-0.22282482254479635,-1.248450499999992,0 days 18:40:00
5m,DEVELOPMENT,99,CLOSED,BTCUSDT,LONG,2024-02-19 22:50:00+00:00,2024-02-19 22:55:00+00:00,51992.55,52018.546275,2024-02-20 01:20:00+00:00,51498.36081225,51472.61163184388,0.00033883123160795097,17.62550810081344,0.17625508100813442,51498.36081225,53058.9172005,SL,-0.1674467311326661,0.017625508100813442,0.017440528393295407,0.008808349875468205,0.008724626509901303,0.017532976385369506,-0.22004574401214447,-1.2484504999999917,0 days 02:25:00
5m,DEVELOPMENT,100,CLOSED,BTCUSDT,LONG,2024-02-20 04:40:00+00:00,2024-02-20 04:45:00+00:00,51816.24,51842.14812,2024-02-20 13:35:00+00:00,52878.991082399996,52852.5515868588,0.0003357438457687003,17.405682182719396,0.17405682182719395,51323.7266388,52878.991082399996,TP,0.3568121354998243,0.017405682182719397,0.017744918928460595,0.008698491845436997,0.008876897913186554,0.01757538975862355,0.3040861446300208,1.7470509999999988,0 days 08:50:00
5m,DEVELOPMENT,101,CLOSED,BTCUSDT,LONG,2024-02-20 13:35:00+00:00,2024-02-20 13:40:00+00:00,52899.98,52926.42999,2024-02-20 14:05:00+00:00,52397.165690099995,52370.967107254946,0.0003346053105855279,17.70946454498715,0.1770946454498715,52397.165690099995,53984.9585898,SL,-0.1682443383309401,0.01770946454498715,0.01752360371458751,0.008850307118932001,0.00876618494976824,0.01761649206870024,-0.22109389865921497,-1.248450500000001,0 days 00:25:00
5m,DEVELOPMENT,102,CLOSED,BTCUSDT,LONG,2024-02-20 19:45:00+00:00,2024-02-20 19:50:00+00:00,51983.77,52009.76188499999,2024-02-21 07:05:00+00:00,51489.66426614999,51463.91943401692,0.00033625594283671217,17.48859151935357,0.1748859151935357,51489.66426614999,53049.95712269999,SL,-0.16614598939675837,0.01748859151935357,0.017305048751357955,0.00873992579677699,0.008656852802079663,0.017396778598856653,-0.21833640826632655,-1.2484504999999961,0 days 11:15:00
5m,DEVELOPMENT,103,CLOSED,BTCUSDT,LONG,2024-02-21 16:40:00+00:00,2024-02-21 16:45:00+00:00,51273.08,51298.71654,2024-02-21 19:00:00+00:00,50785.7293746,50760.336509912704,0.00033666482115416336,17.270473229377224,0.17270473229377223,50785.7293746,52324.690870800005,SL,-0.16407381113966138,0.017270473229377224,0.01708921961283491,0.008630921154111392,0.008548884248540214,0.017179805402651606,-0.21561330938452514,-1.2484504999999946,0 days 02:15:00
5m,DEVELOPMENT,104,CLOSED,BTCUSDT,LONG,2024-02-21 21:25:00+00:00,2024-02-21 21:30:00+00:00,51316.0,51341.657999999996,2024-02-23 14:45:00+00:00,50828.24142,50802.82729929,0.0003321878564557493,17.055075317904173,0.17055075317904173,50828.24142,52368.49116,SL,-0.16202747715810062,0.017055075317904175,0.016876082302442773,0.008523276020940223,0.008442262282361402,0.016965538303301626,-0.2129241730817492,-1.2484504999999881,1 days 17:15:00
5m,DEVELOPMENT,105,CLOSED,BTCUSDT,LONG,2024-02-23 17:30:00+00:00,2024-02-23 17:35:00+00:00,51090.01,51115.555005,2024-02-23 23:15:00+00:00,50604.39945495,50579.09725522253,0.0003294958619668038,16.842363856284045,0.16842363856284046,50604.39945495,52137.8661051,SL,-0.1600066651214203,0.016842363856284046,0.016665603247612345,0.008416973441421295,0.008336970108858954,0.01675394355028025,-0.21026857577559696,-1.248450499999997,0 days 05:40:00
5m,DEVELOPMENT,106,CLOSED,BTCUSDT,LONG,2024-02-24 04:10:00+00:00,2024-02-24 04:15:00+00:00,50892.11,50917.556055,2024-02-25 20:15:00+00:00,51935.9071761,51909.93922251195,0.0003266516822028902,16.63230533902571,0.1663230533902571,50408.38049445,51935.9071761,TP,0.3409581034516917,0.01663230533902571,0.01695646897008332,0.008311996671177378,0.00848247572290297,0.01679447239408035,0.29057485674850236,1.747051000000002,1 days 16:00:00
5m,DEVELOPMENT,107,CLOSED,BTCUSDT,LONG,2024-02-25 21:00:00+00:00,2024-02-25 21:05:00+00:00,51762.87,51788.751435,2024-02-26 08:15:00+00:00,51270.86392065,51245.22848868968,0.00032676188249955326,16.92258991120204,0.16922589911202038,51270.86392065,52824.5264637,SL,-0.16076883268963107,0.01692258991120204,0.016744987330083977,0.008457066422388417,0.008376682006043275,0.016833748428431692,-0.2112701583593488,-1.2484504999999846,0 days 11:10:00
5m,DEVELOPMENT,108,CLOSED,BTCUSDT,LONG,2024-02-26 13:25:00+00:00,2024-02-26 13:30:00+00:00,51411.09,51436.79554499999,2024-02-26 15:30:00+00:00,52465.531455899996,52439.29869017205,0.0003248944774820139,16.71153081194195,0.16711530811941952,50922.427589549996,52465.531455899996,TP,0.3425822058500044,0.016711530811941953,0.017037238547466704,0.008351589611164443,0.008522880714088988,0.01687447032525343,0.29195896616534234,1.7470510000000141,0 days 02:00:00
5m,DEVELOPMENT,109,CLOSED,BTCUSDT,LONG,2024-02-26 15:30:00+00:00,2024-02-26 15:35:00+00:00,52585.54,52611.83277,2024-02-26 19:10:00+00:00,53664.069425400005,53637.23739068731,0.00032318201468366047,17.00319811080843,0.17003198110808432,52085.7144423,53664.069425400005,TP,0.3485613125963839,0.01700319811080843,0.01733459044198809,0.008497350380214113,0.008671631036510266,0.017168981416724377,0.297054542626863,1.7470510000000186,0 days 03:35:00
5m,DEVELOPMENT,110,CLOSED,BTCUSDT,LONG,2024-02-26 19:10:00+00:00,2024-02-26 19:15:00+00:00,53821.06,53847.97052999999,2024-02-27 01:40:00+00:00,54924.92994059999,54897.467475629695,0.0003212740559277389,17.299955895650456,0.17299955895650457,53309.49082469999,54924.92994059999,TP,0.35464477303327235,0.017299955895650455,0.017637132036056685,0.008645655120263085,0.008822977506780584,0.01746863262704367,0.30223905247452154,1.7470510000000075,0 days 06:25:00
5m,DEVELOPMENT,111,CLOSED,BTCUSDT,LONG,2024-02-27 01:40:00+00:00,2024-02-27 01:45:00+00:00,55100.01,55127.560005,2024-02-27 02:05:00+00:00,56230.1112051,56201.996149497456,0.00031929388874481565,17.60189301100962,0.1760189301100962,54576.28440495,56230.1112051,TP,0.36083440845158143,0.017601893011009617,0.017944953905794196,0.008796548231388262,0.008976965435613599,0.01777351366700186,0.30751404786777575,1.747051000000012,0 days 00:20:00
5m,DEVELOPMENT,112,CLOSED,BTCUSDT,LONG,2024-02-27 02:05:00+00:00,2024-02-27 02:10:00+00:00,56566.57,56594.853285,2024-02-27 03:50:00+00:00,56028.904752149996,56000.89029977392,0.0003164439664124552,17.909099852036366,0.17909099852036367,56028.904752149996,57726.7503507,SL,-0.17014092363179095,0.017909099852036366,0.017721143849089245,0.00895007488857317,0.00886500442675816,0.017815079315331328,-0.2235862466482479,-1.2484505000000035,0 days 01:40:00
5m,DEVELOPMENT,113,CLOSED,BTCUSDT,LONG,2024-02-27 05:10:00+00:00,2024-02-27 05:15:00+00:00,55856.99,55884.918495,2024-02-27 12:30:00+00:00,57002.616864899996,56974.11555646755,0.0003164670799305938,17.685736968271883,0.17685736968271884,55326.06931005,57002.616864899996,TP,0.3625531886249431,0.017685736968271883,0.018030431981783505,0.008838449259506224,0.00901972585381724,0.017858175113323466,0.30897884456156427,1.7470510000000037,0 days 07:15:00
5m,DEVELOPMENT,114,CLOSED,BTCUSDT,LONG,2024-02-27 12:30:00+00:00,2024-02-27 12:35:00+00:00,57054.66,57083.18733,2024-02-27 16:05:00+00:00,56512.3554567,56484.099278971655,0.00031523129636459743,17.994407142659064,0.17994407142659063,56512.3554567,58224.8510766,SL,-0.17095136420887017,0.017994407142659066,0.017805555839696858,0.008992707217719777,0.008907231535615644,0.01789993875333542,-0.22465126594456153,-1.248450499999993,0 days 03:30:00
5m,DEVELOPMENT,115,CLOSED,BTCUSDT,LONG,2024-02-27 17:05:00+00:00,2024-02-27 17:10:00+00:00,57199.48,57228.07974,2024-02-27 21:50:00+00:00,56655.7989426,56627.4710431287,0.00031051155978475275,17.76998030355361,0.1776998030355361,56655.7989426,58372.6413348,SL,-0.16881925315869914,0.01776998030355361,0.017583484360267815,0.008880549876837713,0.00879614025025792,0.017676690127095634,-0.22184940794961622,-1.2484504999999981,0 days 04:40:00
5m,DEVELOPMENT,116,CLOSED,BTCUSDT,LONG,2024-02-27 23:50:00+00:00,2024-02-27 23:55:00+00:00,57029.28,57057.79463999999,2024-02-28 07:50:00+00:00,58198.950532799994,58169.8510575336,0.0003075539921250655,17.54835252338416,0.17548352523384161,56487.21669359999,58198.950532799994,TP,0.3597368418336909,0.017548352523384162,0.01789036991406492,0.00876979136600722,0.008949659786925109,0.01771945115293233,0.30657866824330954,1.7470510000000075,0 days 07:55:00
5m,DEVELOPMENT,117,CLOSED,BTCUSDT,LONG,2024-02-28 07:50:00+00:00,2024-02-28 07:55:00+00:00,58275.86,58304.99793,2024-02-28 08:55:00+00:00,59471.0978886,59441.3623396557,0.0003062280345274618,17.85462491923163,0.1785462491923163,57721.9479507,59471.0978886,TP,0.36601534941873154,0.017854624919231628,0.018202611558907452,0.00892285103409789,0.009105858708808073,0.018028709742905963,0.3119294031976865,1.7470510000000061,0 days 01:00:00
5m,DEVELOPMENT,118,CLOSED,BTCUSDT,LONG,2024-02-28 08:55:00+00:00,2024-02-28 09:00:00+00:00,59448.42,59478.14421,2024-02-28 09:20:00+00:00,58883.3627679,58853.92108651605,0.000305427194239689,18.166242704643903,0.18166242704643903,58883.3627679,60667.7070942,SL,-0.17258384498514773,0.018166242704643905,0.017975587987458668,0.0090785820612914,0.008992290138798393,0.018070872200089794,-0.22679654787734008,-1.2484504999999986,0 days 00:20:00
5m,DEVELOPMENT,119,CLOSED,BTCUSDT,LONG,2024-02-28 09:30:00+00:00,2024-02-28 09:35:00+00:00,59142.16,59171.73108,2024-02-28 11:50:00+00:00,58580.0137692,58550.7237623154,0.00030317978533516424,17.939672726744465,0.17939672726744466,58580.0137692,60355.165701599995,SL,-0.1704313735809171,0.017939672726744467,0.017751395861477285,0.008965353686527226,0.008880137999738292,0.017845491686265518,-0.22396793385540434,-1.2484504999999968,0 days 02:15:00
5m,DEVELOPMENT,120,CLOSED,BTCUSDT,LONG,2024-02-28 13:00:00+00:00,2024-02-28 13:05:00+00:00,59390.0,59419.695,2024-02-28 13:25:00+00:00,60608.0889,60577.78485555,0.0002981490991678555,17.715928537078728,0.1771592853707873,58825.49805,60608.0889,TP,0.36317210824136475,0.017715928537078728,0.018061211984266395,0.008853537499789383,0.009035123553910217,0.0178886610536996,0.30950630666632006,1.7470510000000044,0 days 00:20:00
5m,DEVELOPMENT,121,CLOSED,BTCUSDT,LONG,2024-02-28 13:45:00+00:00,2024-02-28 13:50:00+00:00,60375.01,60405.197505,2024-02-28 14:25:00+00:00,59801.145529949994,59771.24495718502,0.0002984035545143855,18.02512564663549,0.18025125646635493,59801.145529949994,61613.301455099994,SL,-0.17124319767243654,0.01802512564663549,0.01783595195297405,0.009008058793919119,0.008922437195083375,0.017930495989002496,-0.2250347712610486,-1.2484504999999975,0 days 00:35:00
5m,DEVELOPMENT,122,CLOSED,BTCUSDT,LONG,2024-02-28 14:40:00+00:00,2024-02-28 14:45:00+00:00,60356.22,60386.398109999995,2024-02-28 16:30:00+00:00,61594.12607219999,61563.3290091639,0.00029477359541979384,17.800315685335743,0.17800315685335744,59782.53412889999,61594.12607219999,TP,0.3649020236943866,0.017800315685335744,0.018147243838042938,0.008895709987672109,0.009078160999519516,0.017973870987191623,0.31098059318381627,1.7470510000000072,0 days 01:45:00
5m,DEVELOPMENT,123,CLOSED,BTCUSDT,LONG,2024-02-28 16:30:00+00:00,2024-02-28 16:35:00+00:00,61723.01,61753.871504999996,2024-02-28 17:10:00+00:00,62988.948935099994,62957.45446063245,0.00029327692608114317,18.110985608596298,0.18110985608596297,61136.33278994999,62988.948935099994,TP,0.3712706794925614,0.018110985608596298,0.01846396871810784,0.009050967320635919,0.009236602660382625,0.018287569981018544,0.31640815518483867,1.7470510000000055,0 days 00:35:00
5m,DEVELOPMENT,124,CLOSED,BTCUSDT,LONG,2024-02-28 17:10:00+00:00,2024-02-28 17:15:00+00:00,63690.12,63721.96506,2024-02-28 17:15:00+00:00,63084.7454094,63053.203036695304,0.00028917936938020115,18.427077671718013,0.18427077671718015,63084.7454094,64996.4043612,SL,-0.1750618423485066,0.018427077671718015,0.018233685491553332,0.009208934368674567,0.009121403447498845,0.018330337816173412,-0.23005294332795137,-1.248450499999997,0 days 00:00:00
5m,DEVELOPMENT,125,CLOSED,BTCUSDT,LONG,2024-02-28 19:25:00+00:00,2024-02-28 19:30:00+00:00,61388.6,61419.294299999994,2024-02-28 19:40:00+00:00,60805.10135699999,60774.698806321496,0.00029627912138857436,18.197254551510273,0.18197254551510272,60805.10135699999,62647.680186,SL,-0.17287846527946726,0.018197254551510274,0.018006274364992175,0.009094080235636005,0.009007641002996543,0.018101721238632545,-0.22718371543460225,-1.2484504999999972,0 days 00:10:00
5m,DEVELOPMENT,126,CLOSED,BTCUSDT,LONG,2024-02-28 22:25:00+00:00,2024-02-28 22:30:00+00:00,61349.98,61380.65499,2024-02-28 23:40:00+00:00,62608.2680898,62576.963955755105,0.000292768100890452,17.970297792834348,0.17970297792834347,60766.8484401,62608.2680898,TP,0.36838661442382065,0.01797029779283435,0.01832053889681669,0.008980658567133468,0.00916485187434496,0.018145510441478427,0.3139502672926912,1.7470510000000046,0 days 01:10:00
5m,DEVELOPMENT,127,CLOSED,BTCUSDT,LONG,2024-02-28 23:50:00+00:00,2024-02-28 23:55:00+00:00,62537.06,62568.32852999999,2024-02-29 00:10:00+00:00,61942.64524469999,61911.67392207764,0.0002922234755676696,18.283934423496376,0.18283934423496376,61942.64524469999,63819.695100599994,SL,-0.17370194572247405,0.018283934423496375,0.018092044531721783,0.009137398512490166,0.009050547539629724,0.018187946052119888,-0.2282658707298121,-1.2484504999999972,0 days 00:15:00
5m,DEVELOPMENT,128,CLOSED,BTCUSDT,LONG,2024-02-29 02:00:00+00:00,2024-02-29 02:05:00+00:00,61472.7,61503.436349999996,2024-02-29 06:00:00+00:00,62733.505076999994,62702.1383244615,0.00029357541077620555,18.05589659059946,0.1805589659059946,60888.401986499994,62733.505076999994,TP,0.3701413683889997,0.01805589659059946,0.018407806015150248,0.009023436577010997,0.00920850726120436,0.01823194383821536,0.3154457219450346,1.7470510000000046,0 days 03:55:00
5m,DEVELOPMENT,129,CLOSED,BTCUSDT,LONG,2024-02-29 06:00:00+00:00,2024-02-29 06:05:00+00:00,62879.72,62911.15986,2024-02-29 09:30:00+00:00,62282.0482614,62250.907237269304,0.000292015394769947,18.371027181953142,0.18371027181953142,62282.0482614,64169.3830572,SL,-0.1745293486901201,0.01837102718195314,0.018178223251678546,0.009180923129411454,0.009093658455065304,0.018274581584476757,-0.22935318070822852,-1.2484504999999924,0 days 03:25:00
5m,DEVELOPMENT,130,CLOSED,BTCUSDT,LONG,2024-02-29 09:35:00+00:00,2024-02-29 09:40:00+00:00,62591.09,62622.38554499999,2024-02-29 16:40:00+00:00,61996.16168954999,61965.16360870522,0.00028970316233425714,18.14190312530157,0.1814190312530157,61996.16168954999,63874.83325589999,SL,-0.17235261289954354,0.018141903125301572,0.01795150385200153,0.009066418353472189,0.008980242047023593,0.01804666040049578,-0.2264926802773424,-1.2484504999999964,0 days 07:00:00
5m,DEVELOPMENT,131,CLOSED,BTCUSDT,LONG,2024-02-29 20:45:00+00:00,2024-02-29 20:50:00+00:00,62168.96,62200.04448,2024-02-29 21:05:00+00:00,61578.04403519999,61547.255013182395,0.00028803253858120223,17.915636711438093,0.17915636711438093,61578.04403519999,63444.0453696,SL,-0.17020302542950605,0.017915636711438095,0.017727612104151552,0.00895334168487595,0.008868240172161207,0.017821581857037156,-0.22366785610213283,-1.2484505000000021,0 days 00:15:00
5m,DEVELOPMENT,132,CLOSED,BTCUSDT,LONG,2024-03-01 01:20:00+00:00,2024-03-01 01:25:00+00:00,61526.2,61556.96309999999,2024-03-01 02:15:00+00:00,60941.393468999995,60910.9227722655,0.0002874117144311762,17.69219229974765,0.1769219229974765,60941.393468999995,62788.102362,SL,-0.16808024768525937,0.01769219229974765,0.0175065127415618,0.008841675312216708,0.00875763518837432,0.017599310500591027,-0.22087826322715987,-1.2484504999999935,0 days 00:50:00
5m,DEVELOPMENT,133,CLOSED,BTCUSDT,LONG,2024-03-01 04:50:00+00:00,2024-03-01 04:55:00+00:00,61435.98,61466.69799,2024-03-01 20:50:00+00:00,62696.0319498,62664.68393382511,0.0002842439119955419,17.471534694126113,0.17471534694126115,60852.0310101,62696.0319498,TP,0.35816209552876205,0.017471534694126115,0.017812054905314633,0.008731401646239189,0.008910482694002676,0.017641884340241866,0.30523662158907944,1.7470510000000126,0 days 15:55:00
5m,DEVELOPMENT,134,CLOSED,BTCUSDT,LONG,2024-03-01 20:50:00+00:00,2024-03-01 20:55:00+00:00,62771.74,62803.125869999996,2024-03-02 00:15:00+00:00,62175.094611299995,62144.00706399435,0.0002830506624912569,17.776466384025294,0.17776466384025294,62175.094611299995,64059.1883874,SL,-0.1688808725438892,0.017776466384025295,0.01758990236932495,0.00888379129636397,0.008799350860090814,0.017683142156454786,-0.22193038345369423,-1.2484504999999917,0 days 03:20:00
5m,DEVELOPMENT,135,CLOSED,BTCUSDT,LONG,2024-03-02 12:35:00+00:00,2024-03-02 12:40:00+00:00,62087.75,62118.793874999996,2024-03-03 07:25:00+00:00,61497.605936249995,61466.857133281876,0.000282599783643117,17.55475770924638,0.17554757709246382,61497.605936249995,63361.1697525,SL,-0.16677458473402137,0.01755475770924638,0.017370520527087843,0.008772992358442769,0.008689605066075258,0.017462597424518028,-0.21916246039487364,-1.2484504999999921,0 days 18:45:00
5m,DEVELOPMENT,136,CLOSED,BTCUSDT,LONG,2024-03-03 11:50:00+00:00,2024-03-03 11:55:00+00:00,61816.91,61847.818455,2024-03-03 22:20:00+00:00,63084.7748241,63053.232436687955,0.0002802979090520677,17.335814192368385,0.17335814192368385,61229.34027045,63084.7748241,TP,0.35537985915589687,0.017335814192368387,0.017673689210977644,0.0086635753085291,0.008841265238106778,0.017504840546635876,0.302865515205915,1.7470510000000068,0 days 10:25:00
5m,DEVELOPMENT,137,CLOSED,BTCUSDT,LONG,2024-03-03 22:20:00+00:00,2024-03-03 22:25:00+00:00,63165.99,63197.572994999995,2024-03-04 00:45:00+00:00,62565.59726505,62534.314466417476,0.0002790989639114392,17.638377144622048,0.17638377144622047,62565.59726505,64461.5244549,SL,-0.1675689902645006,0.017638377144622047,0.017453262376489243,0.008814781181719335,0.0087309966865868,0.017545777868306134,-0.22020640765391802,-1.2484504999999906,0 days 02:20:00
5m,DEVELOPMENT,138,CLOSED,BTCUSDT,LONG,2024-03-04 00:55:00+00:00,2024-03-04 01:00:00+00:00,63459.29,63491.019645,2024-03-04 08:05:00+00:00,64760.8400379,64728.45961788105,0.00027434416427364914,17.418390723389365,0.17418390723389365,62856.10944855,64760.8400379,TP,0.357072657408012,0.017418390723389365,0.017757875158588225,0.008704842940224415,0.008883379268928005,0.017588222209152418,0.304308169316882,1.7470510000000048,0 days 07:05:00
5m,DEVELOPMENT,139,CLOSED,BTCUSDT,LONG,2024-03-04 08:05:00+00:00,2024-03-04 08:10:00+00:00,64723.05,64755.411524999996,2024-03-04 14:35:00+00:00,66050.51975549999,66017.49449562225,0.0002736820671998825,17.722394888541096,0.17722394888541096,64107.857409749995,66050.51975549999,TP,0.3633046668305592,0.017722394888541097,0.01806780436491876,0.008856769059738756,0.009038421393154385,0.01789519045289314,0.30961927712420617,1.7470510000000004,0 days 06:25:00
5m,DEVELOPMENT,140,CLOSED,BTCUSDT,LONG,2024-03-04 14:35:00+00:00,2024-03-04 14:40:00+00:00,65901.11,65934.060555,2024-03-04 17:25:00+00:00,67252.7417661,67219.11539521696,0.0002734808792893424,18.03170485569815,0.1803170485569815,65274.71994945,67252.7417661,TP,0.36964544386843656,0.01803170485569815,0.018383142783335703,0.009011346754472679,0.009196169476406602,0.01820751623087928,0.31502307999852347,1.7470510000000021,0 days 02:45:00
5m,DEVELOPMENT,141,CLOSED,BTCUSDT,LONG,2024-03-04 17:25:00+00:00,2024-03-04 17:30:00+00:00,67314.43,67348.08721499999,2024-03-04 18:10:00+00:00,66674.60634284999,66641.26903967858,0.00027241179350434276,18.346413227325044,0.18346413227325045,66674.60634284999,68695.0489593,SL,-0.17429550997073973,0.018346413227325043,0.018153867620504274,0.009168622302511068,0.009081474547523047,0.018250096850034113,-0.22904588766860318,-1.2484504999999864,0 days 00:40:00
5m,DEVELOPMENT,142,CLOSED,BTCUSDT,LONG,2024-03-04 19:15:00+00:00,2024-03-04 19:20:00+00:00,66720.0,66753.36,2024-03-04 23:00:00+00:00,68088.4272,68054.38298640001,0.00027141099948717253,18.117596156727043,0.18117596156727042,66085.8264,68088.4272,TP,0.37140619407743447,0.018117596156727044,0.01847070810582166,0.009054270942892233,0.009239974039928364,0.018294244982820597,0.3165236448320652,1.7470510000000212,0 days 03:40:00
5m,DEVELOPMENT,143,CLOSED,BTCUSDT,LONG,2024-03-04 23:00:00+00:00,2024-03-04 23:05:00+00:00,68147.14,68181.21356999999,2024-03-04 23:30:00+00:00,67499.40143429999,67465.65173358284,0.0002703648502119456,18.43380359412172,0.1843380359412172,67499.40143429999,69544.83784139999,SL,-0.1751257402919843,0.01843380359412172,0.01824034082540141,0.009212295649234403,0.009124732779089656,0.01833702842832406,-0.23013691313983148,-1.2484505000000048,0 days 00:25:00
5m,DEVELOPMENT,144,CLOSED,BTCUSDT,LONG,2024-03-04 23:50:00+00:00,2024-03-04 23:55:00+00:00,68201.22,68235.32061,2024-03-05 03:10:00+00:00,67552.9674039,67519.19092019805,0.0002667811395220471,18.203896587988023,0.18203896587988022,67552.9674039,69600.0270222,SL,-0.17294156628568505,0.018203896587988024,0.01801284669329709,0.009097399594195326,0.009010928811053932,0.018108328405249258,-0.2272666379722194,-1.2484505000000001,0 days 03:15:00
5m,DEVELOPMENT,145,CLOSED,BTCUSDT,LONG,2024-03-05 04:00:00+00:00,2024-03-05 04:05:00+00:00,68368.61,68402.794305,2024-03-05 04:20:00+00:00,67718.76636195001,67684.90697876904,0.0002628088102579186,17.97685698961418,0.17976856989614182,67718.76636195001,69770.8501911,SL,-0.17078463336959576,0.01797685698961418,0.017788189875508186,0.008983936526544474,0.00889854420985779,0.017882480736402265,-0.2244321609711204,-1.2484504999999844,0 days 00:15:00
5m,DEVELOPMENT,146,CLOSED,BTCUSDT,LONG,2024-03-05 12:30:00+00:00,2024-03-05 12:35:00+00:00,67048.16,67081.68408,2024-03-05 14:45:00+00:00,68423.3177616,68389.1061027192,0.0002646422683041872,17.752649036596083,0.17752649036596083,66410.8672392,68423.3177616,TP,0.36392486930593254,0.017752649036596083,0.01809864816631934,0.008871888574011794,0.009053851008663603,0.017925739582675397,0.3101478325203417,1.7470509999999972,0 days 02:10:00
5m,DEVELOPMENT,147,CLOSED,BTCUSDT,LONG,2024-03-05 14:45:00+00:00,2024-03-05 14:50:00+00:00,68519.87,68554.12993499999,2024-03-05 15:05:00+00:00,67868.58863564998,67834.65434133216,0.00026347773720194475,18.0624870311219,0.18062487031121902,67868.58863564998,69925.21253369999,SL,-0.17159814016073655,0.018062487031121902,0.017872921229730276,0.009026730150484281,0.008940931080403992,0.017967661230888273,-0.22550120965247697,-1.2484505000000024,0 days 00:15:00
5m,DEVELOPMENT,148,CLOSED,BTCUSDT,LONG,2024-03-05 23:35:00+00:00,2024-03-05 23:40:00+00:00,63939.03,63970.999514999996,2024-03-06 01:25:00+00:00,63331.28951985,63299.623875090074,0.00027883277160958934,17.837211097403145,0.17837211097403147,63331.28951985,65250.4195053,SL,-0.16945796249956754,0.017837211097403147,0.0176500095669359,0.008914148474463517,0.008829419493214126,0.01774356796767764,-0.22268875113158426,-1.2484504999999955,0 days 01:45:00
5m,DEVELOPMENT,149,CLOSED,BTCUSDT,LONG,2024-03-06 04:35:00+00:00,2024-03-06 04:40:00+00:00,63627.65,63659.463825,2024-03-06 05:10:00+00:00,64932.6531015,64900.18677494925,0.00027670268887245705,17.61474481255641,0.1761474481255641,63022.86918675,64932.6531015,TP,0.3610978671719456,0.01761474481255641,0.017958056188953134,0.008802970920817091,0.00898351985440319,0.01778649077522028,0.30773857539521576,1.747051000000005,0 days 00:30:00
5m,DEVELOPMENT,150,CLOSED,BTCUSDT,LONG,2024-03-06 05:10:00+00:00,2024-03-06 05:15:00+00:00,65347.62,65380.293809999996,2024-03-06 07:55:00+00:00,66687.89968619999,66654.5557363569,0.00027412198557703876,17.922175956807376,0.17922175956807376,64726.490871899994,66687.89968619999,TP,0.36740012880971135,0.017922175956807375,0.018271479166205553,0.008956609673564974,0.00914030973797072,0.018096919411535694,0.3131095542751627,1.7470509999999992,0 days 02:40:00
5m,DEVELOPMENT,151,CLOSED,BTCUSDT,LONG,2024-03-06 07:55:00+00:00,2024-03-06 08:00:00+00:00,66676.46,66709.79823,2024-03-06 09:55:00+00:00,66042.7002477,66009.67889757616,0.0002733477419831948,18.234972714325025,0.18234972714325026,66042.7002477,68043.9941946,SL,-0.17323679725103394,0.018234972714325025,0.018043596675688185,0.009112929892214744,0.00902631149359001,0.018139241385804753,-0.22765460802685192,-1.2484504999999866,0 days 01:55:00
5m,DEVELOPMENT,152,CLOSED,BTCUSDT,LONG,2024-03-06 11:15:00+00:00,2024-03-06 11:20:00+00:00,66912.35,66945.806175,2024-03-06 12:40:00+00:00,66276.34811325,66243.20993919337,0.00026898690989554013,18.00754553347902,0.18007545533479022,66276.34811325,68284.72229850001,SL,-0.17107618220461682,0.01800754553347902,0.017818556343105158,0.008999273130174247,0.008913735039073053,0.017913008169247298,-0.2248152922504483,-1.24845050000001,0 days 01:20:00
5m,DEVELOPMENT,153,CLOSED,BTCUSDT,LONG,2024-03-06 14:30:00+00:00,2024-03-06 14:35:00+00:00,67128.85,67162.414425,2024-03-06 14:40:00+00:00,66490.79028074999,66457.54488560962,0.0002647753953483653,17.782954831930127,0.17782954831930128,66490.79028074999,68505.6627135,SL,-0.16894251442028932,0.017782954831930126,0.01759632272096902,0.008887033899012794,0.008802562641804922,0.017689596540817715,-0.22201138851400617,-1.248450500000002,0 days 00:05:00
5m,DEVELOPMENT,154,CLOSED,BTCUSDT,LONG,2024-03-06 16:20:00+00:00,2024-03-06 16:25:00+00:00,66827.68,66861.09383999999,2024-03-06 22:15:00+00:00,66192.48290159999,66159.38666014919,0.0002626514797236084,17.561165233015036,0.17561165233015036,66192.48290159999,68198.31571679999,SL,-0.1668354578109044,0.017561165233015034,0.017376860803894546,0.008776194519246267,0.008692776790341339,0.017468971309587605,-0.2192424551574016,-1.2484504999999955,0 days 05:50:00
5m,DEVELOPMENT,155,CLOSED,BTCUSDT,LONG,2024-03-07 07:35:00+00:00,2024-03-07 07:40:00+00:00,66349.18,66382.35458999999,2024-03-07 14:35:00+00:00,67710.00168179999,67676.1466809591,0.0002612462590156726,17.34214180128936,0.1734214180128936,65718.53104409999,67710.00168179999,TP,0.3555095735576641,0.01734214180128936,0.01768014014499649,0.008666737531877456,0.00884449231865572,0.017511229850533175,0.30297606176084513,1.747051000000008,0 days 06:55:00
5m,DEVELOPMENT,156,CLOSED,BTCUSDT,LONG,2024-03-07 14:35:00+00:00,2024-03-07 14:40:00+00:00,67848.49,67882.414245,2024-03-07 14:40:00+00:00,67203.59010255,67169.98830749873,0.0002599320514143542,17.644815189661834,0.17644815189661833,67203.59010255,69240.06252990001,SL,-0.16763015330108494,0.017644815189661836,0.01745963285424633,0.008817998595533663,0.008734183518882862,0.017552182114416524,-0.2202867834594096,-1.2484505000000028,0 days 00:00:00
5m,DEVELOPMENT,157,CLOSED,BTCUSDT,LONG,2024-03-07 15:00:00+00:00,2024-03-07 15:05:00+00:00,67225.95,67259.562975,2024-03-08 15:00:00+00:00,68604.7542345,68570.45185738275,0.0002590672270558143,17.424748472919163,0.17424748472919163,66586.96734525,68604.7542345,TP,0.3572029896847296,0.017424748472919162,0.01776435682065636,0.008708020226345469,0.008886621721187416,0.017594641947532887,0.3044192424436212,1.7470510000000126,0 days 23:55:00
5m,DEVELOPMENT,158,CLOSED,BTCUSDT,LONG,2024-03-08 15:05:00+00:00,2024-03-08 15:10:00+00:00,68702.79,68737.14139499998,2024-03-08 15:30:00+00:00,68049.76998104999,68015.74509605947,0.00025792262000475175,17.728863600235474,0.17728863600235475,68049.76998104999,70111.88422289999,SL,-0.16842863420313736,0.017728863600235473,0.017542799176751004,0.008860001799215702,0.008775787482114841,0.01763578928133054,-0.2213360862614544,-1.2484504999999808,0 days 00:20:00
5m,DEVELOPMENT,159,CLOSED,BTCUSDT,LONG,2024-03-08 17:25:00+00:00,2024-03-08 17:30:00+00:00,68253.61,68287.736805,2024-03-10 04:20:00+00:00,69653.4915411,69618.66479532945,0.00025638203062637447,17.507748628945308,0.17507748628945308,67604.85943694999,69653.4915411,TP,0.35890447214359544,0.01750774862894531,0.017848974649723452,0.008749499564688411,0.008928951800762492,0.017678451365450903,0.3058692974994758,1.7470510000000028,1 days 10:50:00
5m,DEVELOPMENT,160,CLOSED,BTCUSDT,LONG,2024-03-10 06:05:00+00:00,2024-03-10 06:10:00+00:00,69372.3,69406.98615,2024-03-10 14:40:00+00:00,68712.9162885,68678.55983035575,0.0002566501349621132,17.81331236271102,0.1781331236271102,68712.9162885,70795.125873,SL,-0.16923091854829564,0.017813312362711022,0.017626361649464368,0.008902205078814585,0.008817589619541412,0.017719794698355995,-0.22239038725882704,-1.2484504999999972,0 days 08:30:00
5m,DEVELOPMENT,161,CLOSED,BTCUSDT,LONG,2024-03-10 17:10:00+00:00,2024-03-10 17:15:00+00:00,69458.61,69493.339305,2024-03-10 22:15:00+00:00,68798.40591195,68764.00670899403,0.00025313424739118216,17.591144143671233,0.17591144143671233,68798.40591195,70883.2060911,SL,-0.16712026495311824,0.017591144143671234,0.017406525085883407,0.00879117648359401,0.008707616351117015,0.017498792834711025,-0.21961672701738394,-1.2484504999999984,0 days 05:00:00
5m,DEVELOPMENT,162,CLOSED,BTCUSDT,LONG,2024-03-11 04:20:00+00:00,2024-03-11 04:25:00+00:00,68648.01,68682.334005,2024-03-11 07:10:00+00:00,70055.9806851,70020.95269475746,0.00025292889453522213,17.371746813983545,0.17371746813983546,67995.51066495,70055.9806851,TP,0.35611646892034443,0.017371746813983544,0.01771032215938809,0.008681532640671997,0.008859590875129041,0.01754112351580104,0.30349327643117174,1.7470510000000234,0 days 02:45:00
5m,DEVELOPMENT,163,CLOSED,BTCUSDT,LONG,2024-03-11 07:10:00+00:00,2024-03-11 07:15:00+00:00,70447.12,70482.34356,2024-03-11 11:40:00+00:00,71891.9904312,71856.0444359844,0.00025077112944296617,17.674936900328373,0.17674936900328372,69777.52012439999,71891.9904312,TP,0.3623317899307707,0.017674936900328373,0.018019421420515772,0.00883305192420172,0.009014217819168231,0.01784726974336995,0.30879016186655656,1.7470510000000041,0 days 04:25:00
5m,DEVELOPMENT,164,CLOSED,BTCUSDT,LONG,2024-03-11 11:40:00+00:00,2024-03-11 11:45:00+00:00,72042.0,72078.021,2024-03-11 11:55:00+00:00,71357.24079,71321.562169605,0.0002494993387861571,17.983418580514744,0.17983418580514746,71357.24079,73519.58141999999,SL,-0.17084697012273223,0.017983418580514745,0.017794682602512244,0.008987215682414508,0.008901792197355606,0.017889007879770116,-0.22451407918552935,-1.2484505000000006,0 days 00:10:00
5m,DEVELOPMENT,165,CLOSED,BTCUSDT,LONG,2024-03-11 12:25:00+00:00,2024-03-11 12:30:00+00:00,71938.02,71973.98901,2024-03-12 15:00:00+00:00,71254.2491199,71218.62199534006,0.0002467437060998686,17.759128791118613,0.17759128791118614,71254.2491199,73413.4687902,SL,-0.16871616107904217,0.017759128791118614,0.017572746734455823,0.008875126832143409,0.008790768751603503,0.017665895583746913,-0.22171393218836352,-1.2484504999999957,1 days 02:30:00
5m,DEVELOPMENT,166,CLOSED,BTCUSDT,LONG,2024-03-12 19:45:00+00:00,2024-03-12 19:50:00+00:00,71505.38,71541.13269,2024-03-12 20:25:00+00:00,70825.7213631,70790.30850241845,0.00024514060222338924,17.537636351369997,0.17537636351369998,70825.7213631,72971.9553438,SL,-0.16661192755599377,0.017537636351369998,0.01735357885786237,0.00876443595770465,0.008681129993928205,0.017445565951632852,-0.218948708716859,-1.2484504999999915,0 days 00:35:00
5m,DEVELOPMENT,167,CLOSED,BTCUSDT,LONG,2024-03-12 23:15:00+00:00,2024-03-12 23:20:00+00:00,71381.09,71416.78054499999,2024-03-13 07:05:00+00:00,72845.11615589999,72808.69359782204,0.00024250472004572047,17.31890637263188,0.1731890637263188,70702.61273955,72845.11615589999,TP,0.35503325307613987,0.01731890637263188,0.017656451857834477,0.008655125623501856,0.008832642250041222,0.01748776787354308,0.30257012697213037,1.7470510000000081,0 days 07:45:00
5m,DEVELOPMENT,168,CLOSED,BTCUSDT,LONG,2024-03-13 07:05:00+00:00,2024-03-13 07:10:00+00:00,72864.0,72900.432,2024-03-13 13:50:00+00:00,72171.42768,72135.34196615999,0.00024171563526187193,17.621174231744895,0.17621174231744896,72171.42768,74358.44064,SL,-0.16740555829359005,0.017621174231744894,0.017436240008182734,0.008806184023860688,0.00872248124471431,0.017528665268574998,-0.21999163780209266,-1.2484505000000132,0 days 06:40:00
5m,DEVELOPMENT,169,CLOSED,BTCUSDT,LONG,2024-03-13 17:00:00+00:00,2024-03-13 17:05:00+00:00,73040.01,73076.530005,2024-03-14 13:20:00+00:00,72345.76470495,72309.59182259752,0.0002381257342763554,17.401402365808742,0.17401402365808744,72345.76470495,74538.06060509999,SL,-0.16531767065168648,0.017401402365808744,0.01721877464797958,0.00869635300640081,0.00861369417107543,0.01731004717747624,-0.21724789484295107,-1.2484505,0 days 20:15:00
5m,DEVELOPMENT,170,CLOSED,BTCUSDT,LONG,2024-03-14 21:40:00+00:00,2024-03-14 21:45:00+00:00,70982.22,71017.71111,2024-03-15 02:35:00+00:00,70307.5339989,70272.38023190056,0.00024197304071392467,17.184371501829773,0.17184371501829773,70307.5339989,72438.0653322,SL,-0.1632558232132842,0.017184371501829773,0.01700402152291807,0.008587891805013024,0.008506263893404085,0.01709415569841711,-0.21453837193644917,-1.2484504999999875,0 days 04:50:00
5m,DEVELOPMENT,171,CLOSED,BTCUSDT,LONG,2024-03-15 12:50:00+00:00,2024-03-15 12:55:00+00:00,67810.62,67844.52531,2024-03-15 18:40:00+00:00,69201.4158162,69166.81510829189,0.00025013141998415456,16.970047453941213,0.16970047453941214,67166.0800569,69201.4158162,TP,0.3478817324141271,0.016970047453941213,0.017300793678818528,0.008480783335303435,0.008654724201510713,0.01713550753681415,0.29647538374455323,1.7470509999999924,0 days 05:45:00
5m,DEVELOPMENT,172,CLOSED,BTCUSDT,LONG,2024-03-15 18:40:00+00:00,2024-03-15 18:45:00+00:00,69259.97,69294.599985,2024-03-15 19:50:00+00:00,68601.65398515,68567.35315815742,0.0002491713158344056,17.26622665848123,0.1726622665848123,68601.65398515,70680.4919847,SL,-0.1640334676550373,0.01726622665848123,0.017085017609700468,0.00862879892977381,0.008546782195948868,0.017175581125722678,-0.21556029304894167,-1.248450499999997,0 days 01:05:00
5m,DEVELOPMENT,173,CLOSED,BTCUSDT,LONG,2024-03-15 22:55:00+00:00,2024-03-15 23:00:00+00:00,69104.3,69138.85215,2024-03-16 10:20:00+00:00,68447.4636285,68413.23989668576,0.00024661794606291255,17.050881710380388,0.1705088171038039,68447.4636285,70521.629193,SL,-0.16198763683874653,0.017050881710380387,0.016871932706829944,0.008521180265058445,0.008440186446636655,0.0169613667116951,-0.21287181796765195,-1.2484504999999966,0 days 11:20:00
5m,DEVELOPMENT,174,CLOSED,BTCUSDT,LONG,2024-03-16 16:20:00+00:00,2024-03-16 16:25:00+00:00,68393.95,68428.146975,2024-03-16 17:40:00+00:00,67743.86550525,67709.99357249738,0.00024607158451511675,16.83822255157154,0.1683822255157154,67743.86550525,69796.7099145,SL,-0.1599673216918418,0.016838222551571542,0.016661505405892802,0.008414903823873571,0.008334920163026588,0.01674982398690016,-0.21021687363620634,-1.2484504999999921,0 days 01:15:00
5m,DEVELOPMENT,175,CLOSED,BTCUSDT,LONG,2024-03-17 02:45:00+00:00,2024-03-17 02:50:00+00:00,66434.58,66467.79729,2024-03-17 06:30:00+00:00,65803.1193171,65770.21775744145,0.0002501695010630931,16.62821568480211,0.1662821568480211,65803.1193171,67797.1532358,SL,-0.15797220398205222,0.016628215684802113,0.016453702561190112,0.008309952865968197,0.008230966763977617,0.016540919629945812,-0.20759504185799027,-1.2484504999999992,0 days 03:40:00
5m,DEVELOPMENT,176,CLOSED,BTCUSDT,LONG,2024-03-17 08:55:00+00:00,2024-03-17 09:00:00+00:00,66521.11,66554.370555,2024-03-17 15:45:00+00:00,67885.4579661,67851.51523711695,0.00024672801941727154,16.420828030598326,0.16420828030598325,65888.82684945,67885.4579661,TP,0.3366228714718362,0.016420828030598328,0.016740869968914687,0.008206310859869413,0.00837462229560494,0.016580933155474355,0.2868802403168489,1.7470510000000032,0 days 06:45:00
5m,DEVELOPMENT,177,CLOSED,BTCUSDT,LONG,2024-03-17 15:45:00+00:00,2024-03-17 15:50:00+00:00,68061.57,68095.600785,2024-03-18 00:35:00+00:00,67414.64477715,67380.93745476143,0.0002453524381115203,16.707421677268506,0.16707421677268505,67414.64477715,69457.5128007,SL,-0.158724680702089,0.016707421677268505,0.016532077286765576,0.008349536070597819,0.008270173730246013,0.016619709800843832,-0.20858388946696693,-1.2484504999999995,0 days 08:45:00
5m,DEVELOPMENT,178,CLOSED,BTCUSDT,LONG,2024-03-18 03:35:00+00:00,2024-03-18 03:40:00+00:00,68026.81,68060.82340499999,2024-03-18 08:25:00+00:00,67380.21517094999,67346.52506336452,0.00024241619977379553,16.499046163315494,0.16499046163315495,67380.21517094999,69422.03987309999,SL,-0.1567450612516902,0.016499046163315496,0.0163258886738315,0.008245400381464736,0.008167027850839809,0.016412428232304543,-0.20598242432114172,-1.2484504999999915,0 days 04:45:00
5m,DEVELOPMENT,179,CLOSED,BTCUSDT,LONG,2024-03-18 11:20:00+00:00,2024-03-18 11:25:00+00:00,68309.69,68343.844845,2024-03-18 13:40:00+00:00,67660.40639655,67626.57619335172,0.00023840141789789924,16.29326951564203,0.1629326951564203,67660.40639655,69710.72174190001,SL,-0.154790131680339,0.01629326951564203,0.016122271652075366,0.00814256347608233,0.008065168410242764,0.016207731886325093,-0.20341340473438146,-1.248450500000006,0 days 02:15:00
5m,DEVELOPMENT,180,CLOSED,BTCUSDT,LONG,2024-03-18 21:55:00+00:00,2024-03-18 22:00:00+00:00,67621.51,67655.320755,2024-03-19 00:50:00+00:00,66978.76754745,66945.27816367628,0.00023782400469830116,16.090059321102192,0.16090059321102193,66978.76754745,69008.4271701,SL,-0.15285958405504774,0.016090059321102194,0.015921194148527225,0.008041009155972778,0.007964579363943954,0.016005588519916732,-0.20087642604459388,-1.248450499999981,0 days 02:50:00
5m,DEVELOPMENT,181,CLOSED,BTCUSDT,LONG,2024-03-19 15:45:00+00:00,2024-03-19 15:50:00+00:00,64132.0,64164.066,2024-03-19 17:05:00+00:00,65447.34732,65414.623646340006,0.0002476367936347409,15.889383570807896,0.15889383570807897,63522.42534,65447.34732,TP,0.3257283928408497,0.015889383570807897,0.016199067656602943,0.007940721424691329,0.008103585621110852,0.016044307045802182,0.2775956345676367,1.7470510000000103,0 days 01:15:00
5m,DEVELOPMENT,182,CLOSED,BTCUSDT,LONG,2024-03-19 17:25:00+00:00,2024-03-19 17:30:00+00:00,65544.0,65576.772,2024-03-19 17:40:00+00:00,64921.004279999994,64888.543777859995,0.00024653091931788415,16.166701887059283,0.16166701887059284,64921.004279999994,66888.30744,SL,-0.15358770758270868,0.016166701887059282,0.015997032350754597,0.00807931128788501,0.008002517434093958,0.01608182872197897,-0.20183327054250152,-1.2484505000000028,0 days 00:10:00
5m,DEVELOPMENT,183,CLOSED,BTCUSDT,LONG,2024-03-19 19:05:00+00:00,2024-03-19 19:10:00+00:00,64761.09,64793.470545,2024-03-19 20:00:00+00:00,64145.53583954999,64113.46307163022,0.00024639936885411496,15.965070248155687,0.15965070248155688,64145.53583954999,66089.3399559,SL,-0.15167215663040537,0.01596507024815569,0.015797516835901294,0.007978545851152263,0.007902709772836688,0.01588125562398895,-0.19931599933845132,-1.2484505000000024,0 days 00:50:00
5m,DEVELOPMENT,184,CLOSED,BTCUSDT,LONG,2024-03-20 03:15:00+00:00,2024-03-20 03:20:00+00:00,63064.39,63095.922195,2024-03-20 03:45:00+00:00,62464.96297305,62433.73049156348,0.0002498727781008494,15.765953365699692,0.15765953365699692,62464.96297305,64357.8406389,SL,-0.1497804964927286,0.015765953365699692,0.015600489685126675,0.007879037164267655,0.007804146916020237,0.01568318408028789,-0.19683012362384283,-1.2484504999999886,0 days 00:25:00
5m,DEVELOPMENT,185,CLOSED,BTCUSDT,LONG,2024-03-20 07:40:00+00:00,2024-03-20 07:45:00+00:00,62943.01,62974.481504999996,2024-03-20 12:20:00+00:00,64233.9711351,64201.85414953245,0.0002472322042751527,15.569319875565984,0.15569319875565985,62344.73668995,64233.9711351,TP,0.3191671670643258,0.015569319875565984,0.015872765919940766,0.007780769553005022,0.007940353136537933,0.015721122689542955,0.2720039585792761,1.7470510000000117,0 days 04:35:00
5m,DEVELOPMENT,186,CLOSED,BTCUSDT,LONG,2024-03-20 12:20:00+00:00,2024-03-20 12:25:00+00:00,64294.67,64326.81733499999,2024-03-20 13:10:00+00:00,63683.54916164999,63651.707387069175,0.00024625891281737406,15.84105210191891,0.1584105210191891,63683.54916164999,65613.3536817,SL,-0.15049395325211448,0.015841052101918912,0.015674800260109274,0.00791656776707449,0.007841320790448213,0.015757888557522703,-0.19776769417166537,-1.2484504999999888,0 days 00:45:00
5m,DEVELOPMENT,187,CLOSED,BTCUSDT,LONG,2024-03-20 14:05:00+00:00,2024-03-20 14:10:00+00:00,63830.75,63862.665375,2024-03-20 16:20:00+00:00,63224.03872125,63192.42670188938,0.00024495504354560136,15.643481977871293,0.15643481977871293,63224.03872125,65139.9186825,SL,-0.14861698770581397,0.01564348197787129,0.015479303634513535,0.007817832072898427,0.0077435235790446815,0.01556135565194311,-0.1953011289701419,-1.2484504999999864,0 days 02:10:00
5m,DEVELOPMENT,188,CLOSED,BTCUSDT,LONG,2024-03-20 17:35:00+00:00,2024-03-20 17:40:00+00:00,64362.39,64394.571195,2024-03-20 19:10:00+00:00,65682.4626189,65649.62138759055,0.00023990183750340134,15.448375954924098,0.15448375954924098,63750.62548305,65682.4626189,TP,0.3166878469120367,0.015448375954924098,0.01574946480228557,0.007720327813554645,0.007878671737010089,0.015598999550564733,0.26989100660426235,1.7470510000000086,0 days 01:30:00
5m,DEVELOPMENT,189,CLOSED,BTCUSDT,LONG,2024-03-20 19:10:00+00:00,2024-03-20 19:15:00+00:00,65599.99,65632.789995,2024-03-20 20:30:00+00:00,66945.4457949,66911.97307200255,0.00023948391255865491,15.71799734014314,0.15717997340143142,64976.462095049996,66945.4457949,TP,0.32221501793736734,0.01571799734014314,0.016024341108302535,0.007855071134502867,0.008016178643473386,0.015871249777976253,0.2746014297109455,1.7470510000000083,0 days 01:15:00
5m,DEVELOPMENT,190,CLOSED,BTCUSDT,LONG,2024-03-20 20:30:00+00:00,2024-03-20 20:35:00+00:00,67388.88,67422.57444,2024-03-21 03:45:00+00:00,66748.3486956,66714.9745212522,0.00023719539895325723,15.992324442751482,0.15992324442751482,66748.3486956,68771.0259288,SL,-0.15193107828920985,0.015992324442751484,0.015824484997724805,0.007992166138304698,0.007916200599162503,0.0159083667374672,-0.19965625446715335,-1.2484505000000017,0 days 07:10:00
5m,DEVELOPMENT,191,CLOSED,BTCUSDT,LONG,2024-03-21 08:05:00+00:00,2024-03-21 08:10:00+00:00,67340.03,67373.700015,2024-03-21 09:45:00+00:00,66699.96301485,66666.61303334258,0.0002344070110676109,15.792867645082,0.15792867645082,66699.96301485,68721.1740153,SL,-0.1500361888720681,0.015792867645082,0.015627121499146867,0.0078924875787507,0.007817469484313808,0.01570995706306451,-0.19716613507936148,-1.248450499999981,0 days 01:35:00
5m,DEVELOPMENT,192,CLOSED,BTCUSDT,LONG,2024-03-21 12:05:00+00:00,2024-03-21 12:10:00+00:00,67246.15,67279.77307499999,2024-03-21 14:00:00+00:00,66606.97534425,66573.67185657787,0.0002318066450935121,15.595898479168554,0.15595898479168555,66606.97534425,68625.3685365,SL,-0.14816493257820823,0.015595898479168554,0.015432219524629682,0.007794052213476584,0.007719969747187569,0.015514021960664152,-0.19470707254267064,-1.24845049999999,0 days 01:50:00
5m,DEVELOPMENT,193,CLOSED,BTCUSDT,LONG,2024-03-22 00:10:00+00:00,2024-03-22 00:15:00+00:00,65788.99,65821.884495,2024-03-22 02:05:00+00:00,65163.66565005,65131.08381722498,0.0002339857941982168,15.401385919185868,0.1540138591918587,65163.66565005,67138.32218490001,SL,-0.14631701465453492,0.015401385919185868,0.015239748373964013,0.007696844537324379,0.0076236860299968455,0.015320530567321224,-0.19227867951500602,-1.2484505000000028,0 days 01:50:00
5m,DEVELOPMENT,194,CLOSED,BTCUSDT,LONG,2024-03-22 03:15:00+00:00,2024-03-22 03:20:00+00:00,65877.99,65910.928995,2024-03-22 10:10:00+00:00,65251.819705049995,65219.193795197476,0.00023075534752996064,15.209299326263784,0.15209299326263784,65251.819705049995,67229.1475749,SL,-0.1444921440241276,0.015209299326263784,0.015049677729834647,0.0076008492385102175,0.007528603166499146,0.015129452405009364,-0.1898805734852354,-1.2484504999999906,0 days 06:50:00
5m,DEVELOPMENT,195,CLOSED,BTCUSDT,LONG,2024-03-22 19:45:00+00:00,2024-03-22 19:50:00+00:00,64080.0,64112.03999999999,2024-03-22 20:45:00+00:00,63470.919599999994,63439.1841402,0.0002342712608062566,15.019608443661154,0.15019608443661153,63470.919599999994,65394.28079999999,SL,-0.14269003324038054,0.015019608443661155,0.014861977653044933,0.007506051196230961,0.007434706179611034,0.014940757375841995,-0.1875123767129286,-1.2484504999999915,0 days 00:55:00
5m,DEVELOPMENT,196,CLOSED,BTCUSDT,LONG,2024-03-22 23:55:00+00:00,2024-03-23 00:00:00+00:00,63796.64,63828.53831999999,2024-03-23 03:30:00+00:00,63190.25293679999,63158.65781033159,0.00023237698657047816,14.832283391999889,0.1483228339199989,63190.25293679999,65105.10908639999,SL,-0.14091039844174058,0.014832283391999889,0.014676618577800851,0.00741243547825918,0.007341980279039297,0.014754415757298477,-0.18517371616883982,-1.2484505000000017,0 days 03:30:00
5m,DEVELOPMENT,197,CLOSED,BTCUSDT,LONG,2024-03-23 04:30:00+00:00,2024-03-23 04:35:00+00:00,63930.93,63962.895464999994,2024-03-23 14:30:00+00:00,65242.153374299996,65209.53229761285,0.0002289967419091179,14.647294664558492,0.14647294664558494,63323.26651035,65242.153374299996,TP,0.3002658806297789,0.014647294664558493,0.014932770437570738,0.0073199873386085345,0.007470120278923577,0.014790107617532113,0.25589570791011756,1.747051000000012,0 days 09:55:00
5m,DEVELOPMENT,198,CLOSED,BTCUSDT,LONG,2024-03-23 14:30:00+00:00,2024-03-23 14:35:00+00:00,65289.79,65322.434895,2024-03-23 23:05:00+00:00,64669.210546049995,64636.875940776976,0.00022814420124350705,14.902934732400768,0.1490293473240077,64669.210546049995,66628.8835929,SL,-0.1415816038295558,0.014902934732400768,0.014746528432384222,0.007447743494452617,0.007376952692537103,0.01482469618698972,-0.18605576318133052,-1.2484504999999964,0 days 08:30:00
5m,DEVELOPMENT,199,CLOSED,BTCUSDT,LONG,2024-03-24 07:55:00+00:00,2024-03-24 08:00:00+00:00,64583.44,64615.731719999996,2024-03-24 14:20:00+00:00,65908.0463544,65875.0923312228,0.00022776287519092614,14.717064839112727,0.14717064839112726,63969.5744028,65908.0463544,TP,0.30169615177431297,0.014717064839112727,0.015003900432827033,0.007354854992058922,0.007505703067946828,0.01486055806000575,0.2571146284423675,1.7470510000000015,0 days 06:20:00
5m,DEVELOPMENT,200,CLOSED,BTCUSDT,LONG,2024-03-24 14:20:00+00:00,2024-03-24 14:25:00+00:00,65895.88,65928.82794,2024-03-24 16:55:00+00:00,65269.5396606,65236.9048907697,0.00022712253619026527,14.973922609784422,0.14973922609784424,65269.5396606,67247.40449880001,SL,-0.1422560064028007,0.014973922609784421,0.014816771291994735,0.007483219695044279,0.007412091691843237,0.014895311386887516,-0.18694201169146737,-1.2484505000000046,0 days 02:30:00
5m,DEVELOPMENT,201,CLOSED,BTCUSDT,LONG,2024-03-24 18:25:00+00:00,2024-03-24 18:30:00+00:00,65689.99,65722.834995,2024-03-24 23:00:00+00:00,67037.29169489999,67003.77304905254,0.0002249928408364362,14.787167353349394,0.14787167353349395,65065.60664505,67037.29169489999,TP,0.3031332357992934,0.014787167353349395,0.015075369245066172,0.007389888732306787,0.007541455350207984,0.014931344082514772,0.2583393551183631,1.7470509999999928,0 days 04:30:00
5m,DEVELOPMENT,202,CLOSED,BTCUSDT,LONG,2024-03-24 23:00:00+00:00,2024-03-24 23:05:00+00:00,67175.99,67209.577995,2024-03-25 00:40:00+00:00,66537.48221505,66504.21347394248,0.00022385572229471809,15.045248627193915,0.15045248627193916,66537.48221505,68553.7695549,SL,-0.14293362139078467,0.015045248627193916,0.014887348742851516,0.007518864881155127,0.007447398070459128,0.014966262951614255,-0.18783248171244438,-1.248450499999992,0 days 01:35:00
5m,DEVELOPMENT,203,CLOSED,BTCUSDT,LONG,2024-03-25 03:35:00+00:00,2024-03-25 03:40:00+00:00,66975.81,67009.297905,2024-03-25 14:05:00+00:00,68349.4838631,68315.30912116845,0.00022172451069972672,14.857603790318349,0.1485760379031835,66339.20492595,68349.4838631,TP,0.30457716515685185,0.01485760379031835,0.015147178488191653,0.007425089350484326,0.007577377933062506,0.015002467283546832,0.25956991559479503,1.7470510000000028,0 days 10:25:00
5m,DEVELOPMENT,204,CLOSED,BTCUSDT,LONG,2024-03-25 14:05:00+00:00,2024-03-25 14:10:00+00:00,68386.49,68420.68324500001,2024-03-25 15:40:00+00:00,69789.0969099,69754.20236144506,0.00022094071088383727,15.116914395308156,0.15116914395308156,67736.47641255001,69789.0969099,TP,0.30989296776388864,0.015116914395308156,0.015411543056872711,0.007554679857725702,0.0077096263416066395,0.01526430619933234,0.2641002041123754,1.747051000000002,0 days 01:30:00
5m,DEVELOPMENT,205,CLOSED,BTCUSDT,LONG,2024-03-25 15:45:00+00:00,2024-03-25 15:50:00+00:00,69901.8,69936.7509,2024-03-26 07:20:00+00:00,71335.485918,71299.81817504101,0.00021992372486741857,15.380750763052788,0.1538075076305279,69237.383391,71335.485918,TP,0.31530154737652505,0.015380750763052788,0.01568052159542469,0.0076865321154678205,0.007844182889154911,0.015530715004622732,0.26870956001342483,1.7470510000000223,0 days 15:30:00
5m,DEVELOPMENT,206,CLOSED,BTCUSDT,LONG,2024-03-26 07:20:00+00:00,2024-03-26 07:25:00+00:00,71397.99,71433.688995,2024-03-26 07:50:00+00:00,70719.35210505,70683.99242899747,0.00021907299065910882,15.64919188194732,0.15649191881947322,70719.35210505,72862.3627749,SL,-0.1486712332213001,0.01564919188194732,0.015484953613146281,0.007820685598174316,0.007746349981563961,0.015567035579738278,-0.19537241429613197,-1.248450500000008,0 days 00:25:00
5m,DEVELOPMENT,207,CLOSED,BTCUSDT,LONG,2024-03-26 08:55:00+00:00,2024-03-26 09:00:00+00:00,70693.66,70729.00683,2024-03-26 14:20:00+00:00,70021.7167617,69986.70590331915,0.0002184961352848145,15.454014644888248,0.15454014644888248,70021.7167617,72143.58696659999,SL,-0.14681700069931522,0.015454014644888249,0.015291824761190148,0.007723145749568237,0.0076497372492190085,0.015372882998787245,-0.19293572310418083,-1.248450500000002,0 days 05:20:00
5m,DEVELOPMENT,208,CLOSED,BTCUSDT,LONG,2024-03-26 22:50:00+00:00,2024-03-26 22:55:00+00:00,70159.99,70195.069995,2024-03-27 09:05:00+00:00,69493.11929505,69458.37273540247,0.0002174123006907929,15.261271664764195,0.15261271664764195,69493.11929505,71598.9713949,SL,-0.14498589422647218,0.015261271664764195,0.015101104618642495,0.007626822421169941,0.0075543294740578635,0.015181151895227805,-0.19052942240510667,-1.2484504999999984,0 days 10:10:00
5m,DEVELOPMENT,209,CLOSED,BTCUSDT,LONG,2024-03-27 10:50:00+00:00,2024-03-27 10:55:00+00:00,70122.0,70157.061,2024-03-27 13:25:00+00:00,71560.20222,71524.42211889001,0.00021481704573460413,15.070932581442412,0.15070932581442412,69455.49039,71560.20222,TP,0.30895035206935056,0.015070932581442412,0.015364665057454728,0.007531700440501281,0.007686175616534465,0.015217876057035746,0.2632968783734177,1.7470510000000148,0 days 02:30:00
5m,DEVELOPMENT,210,CLOSED,BTCUSDT,LONG,2024-03-27 13:25:00+00:00,2024-03-27 13:30:00+00:00,71658.0,71693.829,2024-03-27 13:35:00+00:00,70976.89070999999,70941.402264645,0.00021388125923601183,15.333966425971303,0.15333966425971304,70976.89070999999,73127.70558,SL,-0.14567651262254758,0.015333966425971303,0.015173036448330735,0.00766315163716662,0.007590313380853524,0.015253465018020143,-0.19143698051486976,-1.2484504999999928,0 days 00:05:00
5m,DEVELOPMENT,211,CLOSED,BTCUSDT,LONG,2024-03-27 21:35:00+00:00,2024-03-27 21:40:00+00:00,69231.34,69265.95567,2024-03-28 08:35:00+00:00,70651.2747834,70615.94914600831,0.00021861707594615239,15.142720691191213,0.15142720691191214,68573.29611329999,70651.2747834,TP,0.3104219903811428,0.015142720691191214,0.015437852317462532,0.00756757655731678,0.007722787552506566,0.015290364109823346,0.26455105326266576,1.7470510000000181,0 days 10:55:00
5m,DEVELOPMENT,212,CLOSED,BTCUSDT,LONG,2024-03-28 08:45:00+00:00,2024-03-28 08:50:00+00:00,70790.0,70825.39499999999,2024-03-29 06:05:00+00:00,70117.14104999999,70082.082479475,0.00021753507280386343,15.407007457687383,0.15407007457687383,70117.14104999999,72241.90289999999,SL,-0.14637042067498304,0.015407007457687383,0.015245310914418955,0.007699653901890467,0.007626468691554772,0.015326122593445238,-0.1923488616405346,-1.2484504999999948,0 days 21:15:00
5m,DEVELOPMENT,213,CLOSED,BTCUSDT,LONG,2024-03-29 12:00:00+00:00,2024-03-29 12:05:00+00:00,70281.09,70316.230545,2024-03-29 15:35:00+00:00,69613.06823955,69578.26170543024,0.0002163775082200232,15.214850752751785,0.15214850752751785,69613.06823955,71722.5551559,SL,-0.14454488396292256,0.015214850752751785,0.015055170894101657,0.007603623564594033,0.007531351122610029,0.015134974687204063,-0.18994988029698007,-1.248450499999978,0 days 03:30:00
5m,DEVELOPMENT,214,CLOSED,BTCUSDT,LONG,2024-03-29 20:25:00+00:00,2024-03-29 20:30:00+00:00,69646.95,69681.773475,2024-03-31 18:40:00+00:00,71075.4089445,71039.87124002776,0.00021562440051795746,15.025090632574983,0.15025090632574983,68984.95574024999,71075.4089445,TP,0.3080106035723272,0.015025090632574983,0.015317929649003872,0.007508790920826521,0.007662796222611274,0.015171587143437797,0.2624959961473105,1.7470510000000194,1 days 22:10:00
5m,DEVELOPMENT,215,CLOSED,BTCUSDT,LONG,2024-03-31 18:45:00+00:00,2024-03-31 18:50:00+00:00,71171.99,71207.575995,2024-04-01 04:35:00+00:00,70495.50023505,70460.25248493248,0.00021468676866676857,15.287324394959908,0.15287324394959909,70495.50023505,72631.7275149,SL,-0.14523340167325843,0.015287324394959908,0.015126883925434806,0.007639842276342057,0.007567225575503278,0.015207067851845335,-0.19085467784549848,-1.2484504999999968,0 days 09:45:00
5m,DEVELOPMENT,216,CLOSED,BTCUSDT,LONG,2024-04-01 12:40:00+00:00,2024-04-01 12:45:00+00:00,69737.26,69772.12862999999,2024-04-01 14:35:00+00:00,69074.40734369999,69039.87014002814,0.00021637093030636188,15.096660381128245,0.15096660381128246,69074.40734369999,71167.5712026,SL,-0.14342204589967525,0.015096660381128245,0.014938220930428304,0.007544557911607716,0.007472846888657884,0.0150174048002656,-0.18847433201149738,-1.2484504999999992,0 days 01:50:00
5m,DEVELOPMENT,217,CLOSED,BTCUSDT,LONG,2024-04-01 19:15:00+00:00,2024-04-01 19:20:00+00:00,69239.31,69273.929655,2024-04-02 02:25:00+00:00,68581.19035845,68546.89976327078,0.00021520901743859232,14.908374335162712,0.14908374335162713,68581.19035845,70659.40824810001,SL,-0.14163328141501444,0.014908374335162712,0.01475191094651518,0.007450461936613532,0.007379645295904459,0.01483010723251799,-0.1861236739292103,-1.2484504999999981,0 days 07:05:00
5m,DEVELOPMENT,218,CLOSED,BTCUSDT,LONG,2024-04-02 15:05:00+00:00,2024-04-02 15:10:00+00:00,66068.02,66101.05401,2024-04-02 15:35:00+00:00,65440.0434699,65407.32344816506,0.00022272620035290866,14.722436598969697,0.147224365989697,65440.0434699,67423.07509020001,SL,-0.1398668264599771,0.014722436598969697,0.01456792462686351,0.007357539529720665,0.007287606116488992,0.014645145646209657,-0.18380233333201998,-1.2484504999999986,0 days 00:25:00
5m,DEVELOPMENT,219,CLOSED,BTCUSDT,LONG,2024-04-02 18:40:00+00:00,2024-04-02 18:45:00+00:00,65692.96,65725.80648,2024-04-03 00:25:00+00:00,65068.5484152,65036.0141409924,0.00022120410023080322,14.538817884352296,0.14538817884352295,65068.5484152,67040.3226096,SL,-0.13812240278937551,0.014538817884352297,0.01438623299065602,0.007265776054147499,0.007196714852753379,0.014462490906900879,-0.18150994457128472,-1.2484504999999937,0 days 05:40:00
5m,DEVELOPMENT,220,CLOSED,BTCUSDT,LONG,2024-04-03 02:20:00+00:00,2024-04-03 02:25:00+00:00,65900.12,65933.07006,2024-04-04 04:15:00+00:00,65273.739359399995,65241.102489720295,0.00021775854294865164,14.357489268396968,0.1435748926839697,65273.739359399995,67251.7314612,SL,-0.1363997356282991,0.014357489268396969,0.014206807418525142,0.007175157055671269,0.007106957187856474,0.014282114243527743,-0.17924614655874896,-1.2484505000000046,1 days 01:50:00
5m,DEVELOPMENT,221,CLOSED,BTCUSDT,LONG,2024-04-04 07:05:00+00:00,2024-04-04 07:10:00+00:00,65793.27,65826.166635,2024-04-04 13:15:00+00:00,67142.6899677,67109.11862271615,0.0002153918861405942,14.1784221889177,0.141784221889177,65167.90496865,67142.6899677,TP,0.29065411203868263,0.0141784221889177,0.014454759637379707,0.007085668260328111,0.007230995316348308,0.014316663576676419,0.2477042666357088,1.7470510000000017,0 days 06:05:00
5m,DEVELOPMENT,222,CLOSED,BTCUSDT,LONG,2024-04-04 13:15:00+00:00,2024-04-04 13:20:00+00:00,67282.54,67316.18126999999,2024-04-04 17:50:00+00:00,68662.5048954,68628.1736429523,0.00021430031719836426,14.425878998743585,0.14425878998743585,66643.01945729999,68662.5048954,TP,0.2957269148068276,0.014425878998743586,0.0147070393804291,0.007209334831954273,0.007357198289357785,0.014566533121312057,0.2520274633063429,1.7470510000000214,0 days 04:30:00
5m,DEVELOPMENT,223,CLOSED,BTCUSDT,LONG,2024-04-04 17:50:00+00:00,2024-04-04 17:55:00+00:00,68766.25,68800.633125,2024-04-04 20:05:00+00:00,68112.62679375,68078.57048035313,0.00021333604095903166,14.67765468636231,0.1467765468636231,68112.62679375,70176.64578749999,SL,-0.13944138710032483,0.01467765468636231,0.014523612700428939,0.007335159763298015,0.007265439069747864,0.014600598833045878,-0.18324325332016195,-1.2484504999999881,0 days 02:10:00
5m,DEVELOPMENT,224,CLOSED,BTCUSDT,LONG,2024-04-04 23:15:00+00:00,2024-04-04 23:20:00+00:00,68379.59,68413.779795,2024-04-05 02:15:00+00:00,67729.64199705,67695.77717605147,0.0002118665937866308,14.494594493235272,0.14494594493235272,67729.64199705,69782.0553909,SL,-0.137702269523439,0.014494594493235273,0.014342473724028769,0.007243675408912844,0.007174824274151636,0.014418499683064481,-0.18095783742376753,-1.2484504999999952,0 days 02:55:00
5m,DEVELOPMENT,225,CLOSED,BTCUSDT,LONG,2024-04-05 13:45:00+00:00,2024-04-05 13:50:00+00:00,67387.99,67421.683995,2024-04-06 22:40:00+00:00,68770.1176749,68735.73261606255,0.0002123028762368704,14.31381743287187,0.1431381743287187,66747.46715504999,68770.1176749,TP,0.29342968070784714,0.01431381743287187,0.014592793734638544,0.0071533320504094935,0.0073000468907642325,0.014453378941173725,0.250069690599163,1.7470510000000048,1 days 08:50:00
5m,DEVELOPMENT,226,CLOSED,BTCUSDT,LONG,2024-04-06 22:50:00+00:00,2024-04-06 22:55:00+00:00,69059.85,69094.379925,2024-04-08 07:35:00+00:00,70476.2675235,70441.02938973827,0.00021077889865150717,14.563637303600306,0.14563637303600305,68403.43612575,70476.2675235,TP,0.2985509256340253,0.014563637303600305,0.01484748259464748,0.007278179562018147,0.007427455024834208,0.014705634586852355,0.2544341711489252,1.7470510000000208,1 days 08:40:00
5m,DEVELOPMENT,227,CLOSED,BTCUSDT,LONG,2024-04-08 07:35:00+00:00,2024-04-08 07:40:00+00:00,70805.99,70841.392995,2024-04-08 09:20:00+00:00,72258.2208549,72222.09174447256,0.00020916891478692294,14.817817294758076,0.14817817294758076,70132.97906505,72258.2208549,TP,0.30376155193951854,0.014817817294758076,0.015106616553832913,0.007405206044356176,0.007557086820325019,0.014962292864681195,0.2588748252262464,1.7470510000000166,0 days 01:40:00
5m,DEVELOPMENT,228,CLOSED,BTCUSDT,LONG,2024-04-08 09:20:00+00:00,2024-04-08 09:25:00+00:00,72160.86,72196.94043,2024-04-08 14:25:00+00:00,71474.9710257,71439.23354018715,0.0002088237176531458,15.076433503775307,0.15076433503775308,71474.9710257,73640.8792386,SL,-0.14322988551062973,0.015076433503775308,0.014918206334153188,0.007534449527124467,0.007462834584367462,0.01499728411149193,-0.18822180946005015,-1.2484504999999988,0 days 05:00:00
5m,DEVELOPMENT,229,CLOSED,BTCUSDT,LONG,2024-04-08 18:40:00+00:00,2024-04-08 18:45:00+00:00,72064.14,72100.17207,2024-04-09 00:45:00+00:00,71379.1703493,71343.48076412534,0.0002064960360099588,14.888399728090945,0.14888399728090945,71379.1703493,73542.1755114,SL,-0.141443517656677,0.014888399728090945,0.01473214597294463,0.007440479624233586,0.007369757865405465,0.014810237489639052,-0.18587430084735163,-1.2484505000000106,0 days 06:00:00
5m,DEVELOPMENT,230,CLOSED,BTCUSDT,LONG,2024-04-09 11:55:00+00:00,2024-04-09 12:00:00+00:00,70794.84,70830.23741999999,2024-04-09 13:55:00+00:00,70121.93504579998,70086.87407827709,0.00020757675890133748,14.70271111585583,0.14702711115855832,70121.93504579998,72246.84216839999,SL,-0.1396794294414918,0.01470271111585583,0.014548406162694923,0.007347681717068109,0.0072778420023468906,0.014625523719415,-0.18355607043945757,-1.248450499999999,0 days 01:55:00
5m,DEVELOPMENT,231,CLOSED,BTCUSDT,LONG,2024-04-09 21:30:00+00:00,2024-04-09 21:35:00+00:00,69157.04,69191.61851999999,2024-04-10 02:55:00+00:00,68499.7023348,68465.4524836326,0.00020984244520768464,14.519338418114115,0.14519338418114117,68499.7023348,70575.4508904,SL,-0.13793734299267849,0.014519338418114116,0.01436695796141601,0.0072560411884618784,0.007187072516964636,0.014443113705426515,-0.18126675307763512,-1.2484504999999817,0 days 05:20:00
5m,DEVELOPMENT,232,CLOSED,BTCUSDT,LONG,2024-04-10 05:00:00+00:00,2024-04-10 05:05:00+00:00,69223.99,69258.601995,2024-04-10 12:30:00+00:00,68566.01597505,68531.73296706247,0.00020702486532631737,14.33825275070389,0.14338252750703892,68566.01597505,70643.77403490001,SL,-0.13621698390348932,0.01433825275070389,0.014187772788085253,0.007165543603550025,0.007097435111598949,0.014262978715148974,-0.1790059881574274,-1.2484505000000063,0 days 07:25:00
5m,DEVELOPMENT,233,CLOSED,BTCUSDT,LONG,2024-04-10 16:00:00+00:00,2024-04-10 16:05:00+00:00,68808.01,68842.41400499998,2024-04-10 22:00:00+00:00,70219.26228509999,70184.15265395744,0.0002056788070894648,14.159425589707462,0.1415942558970746,68153.98986494998,70219.26228509999,TP,0.29026468650164844,0.014159425589707463,0.014435392794450861,0.0070761747074978044,0.00722130705075079,0.014297481758248593,0.2473723863592415,1.74705100000001,0 days 05:55:00
5m,DEVELOPMENT,234,CLOSED,BTCUSDT,LONG,2024-04-10 22:00:00+00:00,2024-04-10 22:05:00+00:00,70390.01,70425.205005,2024-04-11 13:40:00+00:00,69720.95295495,69686.09247847254,0.00020456526679308608,14.406550850805605,0.14406550850805605,69720.95295495,71833.7091051,SL,-0.13686583292044593,0.014406550850805605,0.014255354099626404,0.007199675587609285,0.007131242671146636,0.014330918258755921,-0.1798586561296339,-1.2484504999999797,0 days 15:35:00
5m,DEVELOPMENT,235,CLOSED,BTCUSDT,LONG,2024-04-11 17:45:00+00:00,2024-04-11 17:50:00+00:00,70241.01,70276.130505,2024-04-12 14:35:00+00:00,69573.36919994999,69538.58251535002,0.00020244244769055569,14.226871873653126,0.14226871873653127,69573.36919994999,71681.6531151,SL,-0.13515883774020462,0.014226871873653126,0.014077560853339137,0.007109880996328188,0.007042301577456674,0.014152182573784863,-0.17761545304098175,-1.2484504999999995,0 days 20:45:00
5m,DEVELOPMENT,236,CLOSED,BTCUSDT,LONG,2024-04-13 03:50:00+00:00,2024-04-13 03:55:00+00:00,67023.55,67057.061775,2024-04-13 19:45:00+00:00,66386.49115725,66353.29791167138,0.00020951460572143707,14.049433858627173,0.14049433858627175,66386.49115725,68398.2030105,SL,-0.1334731322601221,0.014049433858627173,0.013901985050280884,0.0070212063261487845,0.006954469760018452,0.013975676086167236,-0.1754002272551974,-1.2484504999999797,0 days 15:50:00
5m,DEVELOPMENT,237,CLOSED,BTCUSDT,LONG,2024-04-14 05:05:00+00:00,2024-04-14 05:10:00+00:00,64231.37,64263.485685,2024-04-14 14:35:00+00:00,63620.850828149996,63589.040402735925,0.0002158956786810689,13.874208856374231,0.13874208856374232,63620.850828149996,65548.7553987,SL,-0.13180845095436128,0.013874208856374231,0.013728599034426584,0.006933637609381783,0.006867733383904333,0.013801370993286117,-0.17321262983844818,-1.2484504999999986,0 days 09:25:00
5m,DEVELOPMENT,238,CLOSED,BTCUSDT,LONG,2024-04-14 16:25:00+00:00,2024-04-14 16:30:00+00:00,64628.73,64661.044365,2024-04-14 17:10:00+00:00,64014.43392135,63982.42670438933,0.00021189217403890648,13.701169266126033,0.13701169266126034,64014.43392135,65954.2652523,SL,-0.13016453160872452,0.013701169266126034,0.013557375494678042,0.006847161052536401,0.006782078786731738,0.013629239839268139,-0.17105231620879668,-1.248450499999999,0 days 00:40:00
5m,DEVELOPMENT,239,CLOSED,BTCUSDT,LONG,2024-04-14 20:00:00+00:00,2024-04-14 20:05:00+00:00,64251.32,64283.44566,2024-04-14 21:05:00+00:00,63640.611203399996,63608.7908977983,0.0002104785717759239,13.530287831352013,0.13530287831352014,63640.611203399996,65569.1145732,SL,-0.12854111527936196,0.013530287831352013,0.013388287460561974,0.00676176303415848,0.006697492476517918,0.013459255510676399,-0.16891894608195235,-1.2484504999999924,0 days 01:00:00
5m,DEVELOPMENT,240,CLOSED,BTCUSDT,LONG,2024-04-14 22:25:00+00:00,2024-04-14 22:30:00+00:00,65306.69,65339.343345,2024-04-15 04:15:00+00:00,64685.94991155,64653.60693659423,0.00020449451970943968,13.361537635465949,0.13361537635465948,64685.94991155,66646.1302119,SL,-0.12693794625197827,0.013361537635465949,0.013221308297981736,0.00667743010268139,0.0066139611295544225,0.013291391232235814,-0.16681218341766177,-1.2484504999999924,0 days 05:45:00
5m,DEVELOPMENT,241,CLOSED,BTCUSDT,LONG,2024-04-15 05:50:00+00:00,2024-04-15 05:55:00+00:00,65420.55,65453.260275,2024-04-15 09:20:00+00:00,66762.3254805,66728.94431775976,0.000201592587476135,13.19489209758617,0.1319489209758617,64798.72767225,66762.3254805,TP,0.2704919909260294,0.01319489209758617,0.013452060544568125,0.006594148974305455,0.006729394969768243,0.013323543944073698,0.23052149433980137,1.7470510000000092,0 days 03:25:00
5m,DEVELOPMENT,242,CLOSED,BTCUSDT,LONG,2024-04-15 09:20:00+00:00,2024-04-15 09:25:00+00:00,66610.04,66643.34502,2024-04-15 11:40:00+00:00,65976.9115698,65943.9231140151,0.00020144822107434542,13.425183300722836,0.13425183300722837,65976.9115698,67976.21192039999,SL,-0.1275425959753826,0.013425183300722836,0.01328428600198175,0.006709237031845452,0.006645465733857804,0.013354702765703257,-0.16760676804379043,-1.2484504999999975,0 days 02:15:00
5m,DEVELOPMENT,243,CLOSED,BTCUSDT,LONG,2024-04-16 00:10:00+00:00,2024-04-16 00:15:00+00:00,63581.82,63613.610909999996,2024-04-16 00:45:00+00:00,62977.474800899996,62945.98606349955,0.00020841049238290698,13.257743972007763,0.13257743972007763,62977.474800899996,64885.883128199996,SL,-0.12595188051367776,0.013257743972007763,0.013118603949021543,0.006625559206399863,0.006562583266143124,0.013188142472542987,-0.16551637090725005,-1.2484504999999946,0 days 00:30:00
5m,DEVELOPMENT,244,CLOSED,BTCUSDT,LONG,2024-04-16 01:15:00+00:00,2024-04-16 01:20:00+00:00,63637.0,63668.818499999994,2024-04-16 02:00:00+00:00,63032.130314999995,63000.614249842496,0.00020563272981295237,13.092392952120402,0.13092392952120402,63032.130314999995,64942.19486999999,SL,-0.12438100450765166,0.013092392952120403,0.0129549882880879,0.00654292501355218,0.006480734511299356,0.013023659524851537,-0.16345204527271148,-1.2484504999999966,0 days 00:40:00
5m,DEVELOPMENT,245,CLOSED,BTCUSDT,LONG,2024-04-16 07:00:00+00:00,2024-04-16 07:05:00+00:00,63241.99,63273.610994999995,2024-04-16 10:15:00+00:00,62640.87488505,62609.55444760748,0.00020433643650630105,12.929104195604209,0.1292910419560421,62640.87488505,64539.0832149,SL,-0.12282972051895856,0.012929104195604208,0.012793413247071344,0.00646132143708305,0.006399906576822775,0.012861228013905825,-0.16141346597553993,-1.248450499999986,0 days 03:10:00
5m,DEVELOPMENT,246,CLOSED,BTCUSDT,LONG,2024-04-16 13:25:00+00:00,2024-04-16 13:30:00+00:00,63175.78,63207.367889999994,2024-04-16 13:40:00+00:00,62575.294211099994,62544.006563994444,0.00020199942519458127,12.767851981842432,0.12767851981842432,62575.294211099994,64471.515247799995,SL,-0.12129778419531569,0.012767851981842432,0.012633853375292995,0.0063807356231087,0.006320086731011943,0.012700822354120643,-0.15940031190657175,-1.2484505,0 days 00:10:00
5m,DEVELOPMENT,247,CLOSED,BTCUSDT,LONG,2024-04-16 18:30:00+00:00,2024-04-16 18:35:00+00:00,62852.61,62884.036304999994,2024-04-16 21:45:00+00:00,64141.71703109999,64109.64617258445,0.0002005057507735738,12.608610911006696,0.12608610911006696,62255.19594194999,64141.71703109999,TP,0.25847337309819685,0.012608610911006696,0.012854352737662219,0.006301154878063031,0.00643039156461229,0.01273154644267532,0.22027886300685262,1.7470510000000081,0 days 03:10:00
5m,DEVELOPMENT,248,CLOSED,BTCUSDT,LONG,2024-04-16 21:45:00+00:00,2024-04-16 21:50:00+00:00,64347.88,64380.05393999999,2024-04-16 22:15:00+00:00,63736.25340059999,63704.385273899694,0.00019926466242425376,12.828669715209347,0.12828669715209348,63736.25340059999,65667.6550188,SL,-0.12187556785913647,0.012828669715209347,0.012694032826548225,0.006411129292956862,0.006350191509028145,0.012761320801985006,-0.16015959120287904,-1.248450499999995,0 days 00:25:00
5m,DEVELOPMENT,249,CLOSED,BTCUSDT,LONG,2024-04-16 23:15:00+00:00,2024-04-16 23:20:00+00:00,63771.37,63803.255685,2024-04-17 08:45:00+00:00,63165.22312815,63133.640516585925,0.000198558364891973,12.66867012359808,0.1266867012359808,63165.22312815,65079.3207987,SL,-0.12035553175892102,0.01266867012359808,0.012535712430650919,0.006331169477059285,0.006270991711180829,0.012602161188240113,-0.15816207550141012,-1.2484504999999941,0 days 09:25:00
5m,DEVELOPMENT,250,CLOSED,BTCUSDT,LONG,2024-04-17 18:40:00+00:00,2024-04-17 18:45:00+00:00,61819.09,61849.99954499999,2024-04-17 19:00:00+00:00,61231.49954954999,61200.88379977522,0.00020227431114313522,12.5106660521681,0.125106660521681,61231.49954954999,63086.999535899995,SL,-0.11885445359905965,0.0125106660521681,0.012379366611950597,0.0062522069226217235,0.006192779695822186,0.012444986618443909,-0.15618947288162227,-1.2484504999999948,0 days 00:15:00
5m,DEVELOPMENT,251,CLOSED,BTCUSDT,LONG,2024-04-17 21:15:00+00:00,2024-04-17 21:20:00+00:00,61646.62,61677.44331,2024-04-17 21:40:00+00:00,61060.6688769,61030.13854246156,0.00020031038820188607,12.354632612725922,0.12354632612725923,61060.6688769,62910.9921762,SL,-0.11737209693549207,0.012354632612725923,0.012224970743455365,0.00617422919176703,0.006115543143298268,0.0122897723350653,-0.15424147262673865,-1.2484504999999904,0 days 00:20:00
5m,DEVELOPMENT,252,CLOSED,BTCUSDT,LONG,2024-04-17 21:45:00+00:00,2024-04-17 21:50:00+00:00,61261.67,61292.300834999995,2024-04-18 11:15:00+00:00,62518.146851699996,62486.88777827415,0.00019905510253773176,12.200545227484426,0.12200545227484426,60679.377826649994,62518.146851699996,TP,0.2501081285514294,0.012200545227484426,0.012438333853968099,0.006097224001740605,0.0062222780660167246,0.01231950206775733,0.21314974740221954,1.747051000000005,0 days 13:25:00
5m,DEVELOPMENT,253,CLOSED,BTCUSDT,LONG,2024-04-18 11:15:00+00:00,2024-04-18 11:20:00+00:00,62684.16,62715.50208,2024-04-18 12:30:00+00:00,62088.3470592,62057.302885670404,0.00019793323223724491,12.413482038076056,0.12413482038076057,62088.3470592,63969.8121216,SL,-0.1179311811813227,0.012413482038076056,0.01228320254408645,0.006203639199437299,0.006144673608847089,0.012348312808284388,-0.1549761785717696,-1.248450499999991,0 days 01:10:00
5m,DEVELOPMENT,254,CLOSED,BTCUSDT,LONG,2024-04-18 13:20:00+00:00,2024-04-18 13:25:00+00:00,62364.7,62395.88234999999,2024-04-18 14:15:00+00:00,63643.799996999995,63611.9780970015,0.00019646585991201236,12.258660680861503,0.12258660680861504,61771.923526499995,63643.799996999995,TP,0.25129948082405695,0.012258660680861504,0.012497581977531494,0.006126267206826454,0.006251916947238684,0.012378184154065138,0.2141650540115988,1.7470510000000088,0 days 00:50:00
5m,DEVELOPMENT,255,CLOSED,BTCUSDT,LONG,2024-04-18 14:15:00+00:00,2024-04-18 14:20:00+00:00,63685.88,63717.72293999999,2024-04-18 17:50:00+00:00,63080.54571059999,63049.005437744694,0.00019574792080242841,12.472611783770194,0.12472611783770195,63080.54571059999,64992.07739879999,SL,-0.11849292854046721,0.012472611783770194,0.012341711723099526,0.0062331892972355,0.006173942832965163,0.012407132130200664,-0.15571438417753758,-1.2484504999999972,0 days 03:30:00
5m,DEVELOPMENT,256,CLOSED,BTCUSDT,LONG,2024-04-18 19:50:00+00:00,2024-04-18 19:55:00+00:00,63356.09,63387.76804499999,2024-04-19 00:55:00+00:00,62753.89036454999,62722.513419367715,0.00019431277261054431,12.31705295841801,0.12317052958418011,62753.89036454999,64655.52340589999,SL,-0.11701508082935007,0.01231705295841801,0.012187785487619413,0.006155448754830286,0.00609694121441665,0.012252389969246935,-0.15377230924463445,-1.2484505,0 days 05:00:00
5m,DEVELOPMENT,257,CLOSED,BTCUSDT,LONG,2024-04-19 04:35:00+00:00,2024-04-19 04:40:00+00:00,62626.63,62657.943315,2024-04-19 05:15:00+00:00,62031.36388185,62000.34819990907,0.0001941243779214832,12.16343426786393,0.1216343426786393,62031.36388185,63911.1021813,SL,-0.115555664883605,0.012163434267863931,0.0120357790252227,0.006078677795034336,0.006020899962592446,0.012099577757626783,-0.15185445593431843,-1.2484504999999988,0 days 00:35:00
5m,DEVELOPMENT,258,CLOSED,BTCUSDT,LONG,2024-04-19 06:25:00+00:00,2024-04-19 06:30:00+00:00,62007.34,62038.343669999995,2024-04-19 06:40:00+00:00,63279.1105434,63247.470988128305,0.00019361786282652376,12.011731514682797,0.12011731514682797,61417.96023329999,63279.1105434,TP,0.24623749461883512,0.012011731514682798,0.012245840161903967,0.0060028643251784685,0.00612598307248689,0.012128847397665359,0.209851075544583,1.747051000000017,0 days 00:10:00
5m,DEVELOPMENT,259,CLOSED,BTCUSDT,LONG,2024-04-19 06:40:00+00:00,2024-04-19 06:45:00+00:00,63630.76,63662.57538,2024-04-19 06:50:00+00:00,64935.8268876,64903.3589741562,0.00019197107367781245,12.221372948793269,0.12221372948793269,63025.9496262,64935.8268876,TP,0.2505350916339326,0.012221372948793269,0.01245956750756525,0.006107632658067601,0.006232900203884076,0.012340532861951678,0.21351361831562243,1.7470510000000012,0 days 00:05:00
5m,DEVELOPMENT,260,CLOSED,BTCUSDT,LONG,2024-04-19 06:50:00+00:00,2024-04-19 06:55:00+00:00,64694.02,64726.367009999994,2024-04-19 14:25:00+00:00,64079.10333989999,64047.06378823004,0.0001921114043813054,12.434673266790893,0.12434673266790894,64079.10333989999,66020.89435019999,SL,-0.11813250314927347,0.012434673266790893,0.012304171370855925,0.006214229518635684,0.006155163267061496,0.01236939278569718,-0.15524074057261747,-1.2484505000000017,0 days 07:30:00
5m,DEVELOPMENT,261,CLOSED,BTCUSDT,LONG,2024-04-19 21:55:00+00:00,2024-04-19 22:00:00+00:00,64398.31,64430.50915499999,2024-04-19 23:00:00+00:00,63786.20406344999,63754.31096141827,0.0001905865369204562,12.279587611873197,0.12279587611873197,63786.20406344999,65719.11933809999,SL,-0.11665915067551778,0.012279587611873198,0.012150713339886588,0.0061367254432139985,0.006078395867877232,0.012215121311091232,-0.1533045729383688,-1.2484504999999986,0 days 01:00:00
5m,DEVELOPMENT,262,CLOSED,BTCUSDT,LONG,2024-04-20 03:20:00+00:00,2024-04-20 03:25:00+00:00,64014.6,64046.607299999996,2024-04-20 09:45:00+00:00,63406.14122699999,63374.438156386495,0.00018933768237800705,12.126436190356348,0.12126436190356348,63406.14122699999,65327.539445999995,SL,-0.11520417390238698,0.012126436190356348,0.011999169242538557,0.006060188001177109,0.0060025859142259,0.01206277391540301,-0.1513925532506849,-1.248450500000001,0 days 06:20:00
5m,DEVELOPMENT,263,CLOSED,BTCUSDT,LONG,2024-04-20 12:45:00+00:00,2024-04-20 12:50:00+00:00,63913.07,63945.026535,2024-04-20 17:15:00+00:00,65223.9270657,65191.31510216716,0.00018727328030527967,11.975194878417602,0.11975194878417603,63305.576269649995,65223.9270657,TP,0.24548850270499287,0.011975194878417602,0.012208591426597963,0.005984605136640018,0.006107349387991707,0.012091954524631725,0.20921276187534554,1.747051000000017,0 days 04:25:00
5m,DEVELOPMENT,264,CLOSED,BTCUSDT,LONG,2024-04-20 17:15:00+00:00,2024-04-20 17:20:00+00:00,65316.31,65348.968154999995,2024-04-20 20:20:00+00:00,64695.47847344999,64663.13073421327,0.0001864482176311546,12.18419863653483,0.1218419863653483,64695.47847344999,66655.9475181,SL,-0.11575293157447746,0.01218419863653483,0.012056325471844398,0.006089054790871486,0.006031178325083879,0.012120233115955364,-0.15211368879881204,-1.2484504999999981,0 days 03:00:00
5m,DEVELOPMENT,265,CLOSED,BTCUSDT,LONG,2024-04-20 23:55:00+00:00,2024-04-21 00:00:00+00:00,64940.58,64973.05029,2024-04-21 16:35:00+00:00,64323.3197871,64291.15812720646,0.00018518811808524514,12.03223690946309,0.12032236909463091,64323.3197871,66272.5112958,SL,-0.11430925719584888,0.012032236909463092,0.011905958583098277,0.006013111898781687,0.005955957270183008,0.011969069168964695,-0.15021652185737494,-1.248450499999987,0 days 16:35:00
5m,DEVELOPMENT,266,CLOSED,BTCUSDT,LONG,2024-04-21 22:10:00+00:00,2024-04-21 22:15:00+00:00,65020.01,65052.520005,2024-04-22 05:55:00+00:00,66353.5704051,66320.39361989746,0.00018265503708615508,11.88217045406112,0.1188217045406112,64401.994804949994,66353.5704051,TP,0.24358152525016932,0.01188217045406112,0.012113753956210772,0.0059381161689454395,0.006059906931571427,0.011998023100516866,0.20758757773938055,1.7470510000000103,0 days 07:40:00
5m,DEVELOPMENT,267,CLOSED,BTCUSDT,LONG,2024-04-22 05:55:00+00:00,2024-04-22 06:00:00+00:00,66377.99,66411.178995,2024-04-22 11:40:00+00:00,65747.06720505,65714.19367144747,0.00018204089785114587,12.08955065160296,0.1208955065160296,65747.06720505,67739.4025749,SL,-0.11485375206745341,0.01208955065160296,0.011962670817514386,0.006041754448575283,0.005984327572543913,0.012026082021119195,-0.15093205555768996,-1.2484504999999964,0 days 05:40:00
5m,DEVELOPMENT,268,CLOSED,BTCUSDT,LONG,2024-04-22 13:05:00+00:00,2024-04-22 13:10:00+00:00,66213.2,66246.3066,2024-04-24 14:25:00+00:00,65583.843534,65551.051612233,0.00018021788670282722,11.938769377319554,0.11938769377319554,65583.843534,67571.232732,SL,-0.11342129228527928,0.011938769377319554,0.011813471992704588,0.0059664014879156685,0.005909690841772948,0.011876092329688616,-0.14904962598499202,-1.248450499999993,2 days 01:15:00
5m,DEVELOPMENT,269,CLOSED,BTCUSDT,LONG,2024-04-25 00:25:00+00:00,2024-04-25 00:30:00+00:00,64484.4,64516.642199999995,2024-04-25 02:00:00+00:00,63871.47577799999,63839.540040110995,0.00018274151056267812,11.789868652059823,0.11789868652059823,63871.47577799999,65806.97504399999,SL,-0.11200669818873586,0.011789868652059823,0.011666133980556456,0.005891988331862759,0.005835984982769269,0.011727973314632028,-0.1471906741359842,-1.2484505000000006,0 days 01:30:00
5m,DEVELOPMENT,270,CLOSED,BTCUSDT,LONG,2024-04-25 06:30:00+00:00,2024-04-25 06:35:00+00:00,64391.99,64424.18599499999,2024-04-25 08:35:00+00:00,63779.94413504999,63748.05416298247,0.00018072133689757376,11.642825021554346,0.11642825021554347,63779.94413504999,65712.6697149,SL,-0.11060974695639714,0.011642825021554346,0.011520633572953133,0.005818503259146621,0.005763198385668155,0.011581701644814776,-0.1453549071957194,-1.2484504999999917,0 days 02:00:00
5m,DEVELOPMENT,271,CLOSED,BTCUSDT,LONG,2024-04-25 15:50:00+00:00,2024-04-25 15:55:00+00:00,64142.09,64174.16104499999,2024-04-26 15:05:00+00:00,63532.41943454999,63500.65322483272,0.00017916269004270748,11.497615324056127,0.11497615324056128,63532.41943454999,65457.644265899995,SL,-0.10923021854588123,0.011497615324056128,0.011376947851230158,0.005745934694680178,0.005691319585407323,0.011437254280087501,-0.14354203600125504,-1.2484504999999972,0 days 23:10:00
5m,DEVELOPMENT,272,CLOSED,BTCUSDT,LONG,2024-04-26 18:35:00+00:00,2024-04-26 18:40:00+00:00,64060.0,64092.03,2024-04-27 00:30:00+00:00,63451.1097,63419.384145150005,0.00017715489253019816,11.354216686692236,0.11354216686692237,63451.1097,65373.8706,SL,-0.10786789565917997,0.011354216686692236,0.011235054182565403,0.005674271207742041,0.005620337259911969,0.01129460846765401,-0.14175177499609162,-1.2484504999999908,0 days 05:50:00
5m,DEVELOPMENT,273,CLOSED,BTCUSDT,LONG,2024-04-27 12:40:00+00:00,2024-04-27 12:45:00+00:00,63053.99,63085.51699499999,2024-04-28 03:10:00+00:00,64347.227334899995,64315.05372123255,0.00017773661936938177,11.212606521860979,0.1121260652186098,62454.66182504999,64347.227334899995,TP,0.2298556319473945,0.011212606521860978,0.011431140222972052,0.005603501510174139,0.005718429326148112,0.011321930836322252,0.1958899543662392,1.7470510000000157,0 days 14:25:00
5m,DEVELOPMENT,274,CLOSED,BTCUSDT,LONG,2024-04-28 03:10:00+00:00,2024-04-28 03:15:00+00:00,64306.56,64338.713279999996,2024-04-28 08:40:00+00:00,63695.326147199994,63663.4784841264,0.00017731627196705904,11.408300781967112,0.11408300781967112,63695.326147199994,65625.4875456,SL,-0.10838170807855878,0.011408300781967112,0.011288570665260367,0.005701299741112757,0.00564710888707315,0.011348408628185907,-0.14242698815397217,-1.2484504999999986,0 days 05:25:00
5m,DEVELOPMENT,275,CLOSED,BTCUSDT,LONG,2024-04-28 13:55:00+00:00,2024-04-28 14:00:00+00:00,63775.42,63807.307709999994,2024-04-28 22:30:00+00:00,63169.23463289999,63137.650015583546,0.0001765631004166465,11.266016078516593,0.11266016078516593,63169.23463289999,65083.4538642,SL,-0.10702996784238013,0.011266016078516593,0.011147779239772561,0.005630192942786095,0.005576677958865075,0.011206870901651171,-0.14065063406232045,-1.248450499999997,0 days 08:30:00
5m,DEVELOPMENT,276,CLOSED,BTCUSDT,LONG,2024-04-29 10:10:00+00:00,2024-04-29 10:15:00+00:00,62636.34,62667.658169999995,2024-04-29 13:40:00+00:00,62040.9815883,62009.96109750585,0.000177531860603404,11.12550595457821,0.1112550595457821,62040.9815883,63921.0113334,SL,-0.10569508655498826,0.01112550595457821,0.011008743769584915,0.005559972990793469,0.005507125447515199,0.011067098438308668,-0.13889643471746005,-1.2484504999999875,0 days 03:25:00
5m,DEVELOPMENT,277,CLOSED,BTCUSDT,LONG,2024-04-29 14:30:00+00:00,2024-04-29 14:35:00+00:00,62990.0,63021.494999999995,2024-04-30 00:45:00+00:00,64281.9249,64249.783937550004,0.00017433334892385198,10.986748277537792,0.10986748277537793,62391.280049999994,64281.9249,TP,0.22522559437511225,0.010986748277537792,0.011200880001467005,0.0054906288243559065,0.005603241621543197,0.011093870445899105,0.19194409565020834,1.7470510000000141,0 days 10:10:00
5m,DEVELOPMENT,278,CLOSED,BTCUSDT,LONG,2024-04-30 00:45:00+00:00,2024-04-30 00:50:00+00:00,64400.39,64432.590195,2024-04-30 01:55:00+00:00,63788.26429304999,63756.37016090347,0.00017349140531234072,11.178500620844694,0.11178500620844695,63788.26429304999,65721.2419989,SL,-0.10619854912656661,0.011178500620844694,0.01106118225682893,0.005586457081880995,0.005533357807318037,0.011119814889199033,-0.13955804689343926,-1.248450500000005,0 days 01:05:00
5m,DEVELOPMENT,279,CLOSED,BTCUSDT,LONG,2024-04-30 22:20:00+00:00,2024-04-30 22:25:00+00:00,60500.66,60530.91033,2024-05-01 01:05:00+00:00,59925.6012267,59895.63842608665,0.00018237098917556498,11.039081992579524,0.11039081992579525,59925.6012267,61741.5285366,SL,-0.10487403732080917,0.011039081992579525,0.010923226827067402,0.005516782604986411,0.005464345586326833,0.010981128191313244,-0.13781747433176936,-1.2484505000000028,0 days 02:40:00
5m,DEVELOPMENT,280,CLOSED,BTCUSDT,LONG,2024-05-01 04:35:00+00:00,2024-05-01 04:40:00+00:00,60303.29,60333.441645,2024-05-01 06:25:00+00:00,59730.10722855,59700.24217493572,0.00018068589990582315,10.901402198042293,0.10901402198042293,59730.10722855,61540.1104779,SL,-0.10356604486995759,0.010901402198042294,0.010786991981973838,0.0054479771104655695,0.0053961940880307676,0.010844171198496337,-0.13609861024847003,-1.2484505000000004,0 days 01:45:00
5m,DEVELOPMENT,281,CLOSED,BTCUSDT,LONG,2024-05-01 12:30:00+00:00,2024-05-01 12:35:00+00:00,58188.0,58217.094,2024-05-01 13:30:00+00:00,57634.923059999994,57606.10559847,0.00018491887538119687,10.765439550441423,0.10765439550441423,57634.923059999994,59381.43588,SL,-0.10227436574407486,0.010765439550441423,0.010652456262359541,0.005380029760340047,0.005328892577467402,0.010708922337807448,-0.13440118389468325,-1.248450499999996,0 days 00:55:00
5m,DEVELOPMENT,282,CLOSED,BTCUSDT,LONG,2024-05-01 18:00:00+00:00,2024-05-01 18:05:00+00:00,58063.97,58093.001984999995,2024-05-01 18:50:00+00:00,59254.8620247,59225.23459368765,0.00018300263835924264,10.63117263346372,0.1063117263346372,57512.07196515,59254.8620247,TP,0.21793638252108014,0.01063117263346372,0.010838374188089929,0.005312929851804889,0.005421898043066149,0.010734827894871037,0.18573200780465546,1.7470510000000112,0 days 00:45:00
5m,DEVELOPMENT,283,CLOSED,BTCUSDT,LONG,2024-05-01 18:50:00+00:00,2024-05-01 18:55:00+00:00,59446.77,59476.493384999994,2024-05-01 18:55:00+00:00,58881.72845115,58852.28758692442,0.00018186544766163055,10.816719094807032,0.10816719094807033,58881.72845115,60666.0232527,SL,-0.10276153422902638,0.010816719094807033,0.010703197627907033,0.005405656719043541,0.005354275951929122,0.010759932670972663,-0.13504138362271312,-1.248450499999993,0 days 00:00:00
5m,DEVELOPMENT,284,CLOSED,BTCUSDT,LONG,2024-05-01 22:00:00+00:00,2024-05-01 22:05:00+00:00,58143.8,58172.8719,2024-05-02 01:30:00+00:00,57591.143181,57562.3476094095,0.00018362188884233968,10.681812617661466,0.10681812617661467,57591.143181,59336.329337999996,SL,-0.10147988898637968,0.010681812617661466,0.01056970699423911,0.005338237190234764,0.005287497245741925,0.010625734435976688,-0.13335714303425694,-1.2484504999999932,0 days 03:25:00
5m,DEVELOPMENT,285,CLOSED,BTCUSDT,LONG,2024-05-02 06:45:00+00:00,2024-05-02 06:50:00+00:00,57637.35,57666.16867499999,2024-05-02 12:10:00+00:00,58819.4920485,58790.08230247575,0.00018292508312797712,10.548588698546324,0.10548588698546324,57089.506988249996,58819.4920485,TP,0.2162434324909393,0.010548588698546324,0.010754180692280993,0.005271658520012238,0.005379780236258316,0.010651438756270554,0.18428922434384143,1.7470510000000083,0 days 05:20:00
5m,DEVELOPMENT,286,CLOSED,BTCUSDT,LONG,2024-05-02 12:10:00+00:00,2024-05-02 12:15:00+00:00,58866.82,58896.25341,2024-05-02 13:45:00+00:00,58307.2908759,58278.13723046205,0.00018223050188025436,10.732693817770942,0.10732693817770943,58307.2908759,60074.178478199996,SL,-0.10196327310136237,0.010732693817770943,0.010620054196153436,0.0053636650763469,0.005312683439795828,0.010676348516142728,-0.1339923696314295,-1.2484504999999912,0 days 01:30:00
5m,DEVELOPMENT,287,CLOSED,BTCUSDT,LONG,2024-05-02 14:30:00+00:00,2024-05-02 14:35:00+00:00,58863.6,58893.0318,2024-05-03 12:30:00+00:00,60070.892435999995,60040.856989782,0.00017996756123278128,10.598835306650635,0.10598835306650635,58304.101482,60070.892435999995,TP,0.21727347540170297,0.010598835306650635,0.010805406606777255,0.005296769268690698,0.0054054060063912215,0.01070217527508192,0.18516705821319318,1.747051000000002,0 days 21:55:00
5m,DEVELOPMENT,288,CLOSED,BTCUSDT,LONG,2024-05-03 12:35:00+00:00,2024-05-03 12:40:00+00:00,60161.99,60192.070994999995,2024-05-03 13:30:00+00:00,61395.9124149,61365.21445869255,0.00017915677604253685,10.783817382787692,0.10783817382787693,59590.15028505,61395.9124149,TP,0.22106556174010555,0.010783817382787693,0.010993993983578225,0.005389214084351065,0.005499746865221445,0.01088896094957251,0.18839878942416713,1.7470510000000083,0 days 00:50:00
5m,DEVELOPMENT,289,CLOSED,BTCUSDT,LONG,2024-05-03 13:30:00+00:00,2024-05-03 13:35:00+00:00,61480.01,61510.750005,2024-05-03 20:20:00+00:00,62740.965005100006,62709.59452259746,0.00017837577920511676,10.972027961633014,0.10972027961633014,60895.64250495,62740.965005100006,TP,0.22492383157730522,0.010972027961633013,0.011185872786605244,0.005483272344644124,0.00559573426043263,0.011079006605076755,0.19168692422399022,1.7470510000000095,0 days 06:45:00
5m,DEVELOPMENT,290,CLOSED,BTCUSDT,LONG,2024-05-03 20:20:00+00:00,2024-05-03 20:25:00+00:00,62754.01,62785.387005,2024-05-04 10:50:00+00:00,64041.094745099996,64009.07419772745,0.00017780448481649383,11.16352339042821,0.11163523390428211,62157.53313495,64041.094745099996,TP,0.22884944001767263,0.01116352339042821,0.011381100461307657,0.00557897220910863,0.00569339692911726,0.01127236913822589,0.1950324470277109,1.7470510000000083,0 days 14:25:00
5m,DEVELOPMENT,291,CLOSED,BTCUSDT,LONG,2024-05-04 10:50:00+00:00,2024-05-04 10:55:00+00:00,64055.22,64087.24761,2024-05-04 13:35:00+00:00,63446.3751339,63414.651946333055,0.00017723277911648334,11.358360999846504,0.11358360999846503,63446.3751339,65368.9925622,SL,-0.10790726766970621,0.011358360999846504,0.011239155001153116,0.005676342328758406,0.005622388694923285,0.011298731023681691,-0.1418035146943875,-1.2484504999999897,0 days 02:40:00
5m,DEVELOPMENT,292,CLOSED,BTCUSDT,LONG,2024-05-04 14:30:00+00:00,2024-05-04 14:35:00+00:00,63748.79,63780.664395,2024-05-05 01:15:00+00:00,63142.857751049996,63111.28632217448,0.00017586362972857772,11.216699147004961,0.11216699147004962,63142.857751049996,65056.2776829,SL,-0.10656144466994798,0.011216699147004962,0.011098979889457145,0.005605546800102238,0.005552266077766384,0.011157812877868621,-0.14003493658427874,-1.2484504999999961,0 days 10:40:00
5m,DEVELOPMENT,293,CLOSED,BTCUSDT,LONG,2024-05-05 07:05:00+00:00,2024-05-05 07:10:00+00:00,63465.99,63497.722995,2024-05-06 08:15:00+00:00,64767.6774549,64735.29361617255,0.0001744441152060594,11.076804105462227,0.11076804105462226,62862.74576504999,64767.6774549,TP,0.2270717163448576,0.011076804105462227,0.011292691017477686,0.005535634235613042,0.005649170093784781,0.011184804329397825,0.1935174168925199,1.747051000000009,1 days 01:05:00
5m,DEVELOPMENT,294,CLOSED,BTCUSDT,LONG,2024-05-06 08:15:00+00:00,2024-05-06 08:20:00+00:00,64968.01,65000.494005,2024-05-06 10:40:00+00:00,64350.48906495,64318.31382041753,0.00017338526992417968,11.270128198261949,0.11270128198261949,64350.48906495,66300.5038851,SL,-0.10706903400747622,0.01127012819826195,0.01115184820282119,0.005632247975143131,0.0055787134581395965,0.011210961433282728,-0.1407019718418421,-1.2484504999999984,0 days 02:20:00
5m,DEVELOPMENT,295,CLOSED,BTCUSDT,LONG,2024-05-06 21:25:00+00:00,2024-05-06 21:30:00+00:00,63545.58,63577.35279,2024-05-07 03:25:00+00:00,62941.5792621,62910.10847246895,0.0001750555236955555,11.129566787830536,0.11129566787830536,62941.5792621,64848.8998458,SL,-0.10573366548558676,0.011129566787830536,0.011012761984392256,0.0055620023927181106,0.00550913555997614,0.011071137952694252,-0.13894713221050378,-1.2484504999999957,0 days 05:55:00
5m,DEVELOPMENT,296,CLOSED,BTCUSDT,LONG,2024-05-07 06:00:00+00:00,2024-05-07 06:05:00+00:00,63580.88,63612.670439999994,2024-05-07 18:35:00+00:00,62976.5437356,62945.0554637322,0.00017277624705773823,10.990758463943921,0.10990758463943921,62976.5437356,64884.9238488,SL,-0.10441495172392515,0.010990758463943921,0.010875410453864831,0.005492632915513691,0.005440425439651926,0.010933058355165616,-0.13721417899689953,-1.248450499999994,0 days 12:30:00
5m,DEVELOPMENT,297,CLOSED,BTCUSDT,LONG,2024-05-08 03:40:00+00:00,2024-05-08 03:45:00+00:00,62922.01,62953.471005,2024-05-08 06:20:00+00:00,62323.93629495,62292.77432680253,0.0001724079894051732,10.853681362048919,0.10853681362048918,62323.93629495,64212.5404251,SL,-0.10311268500377359,0.010853681362048919,0.010739771976154217,0.00542412861671565,0.005372572274213258,0.010796700890928908,-0.13550283923290563,-1.2484504999999917,0 days 02:35:00
5m,DEVELOPMENT,298,CLOSED,BTCUSDT,LONG,2024-05-08 10:55:00+00:00,2024-05-08 11:00:00+00:00,62450.06,62481.28502999999,2024-05-08 13:35:00+00:00,61856.472179699995,61825.54394361015,0.0001715443894142293,10.718313890287774,0.10718313890287774,61856.472179699995,63730.91073059999,SL,-0.10182666019708728,0.010718313890287774,0.010605825186009206,0.0053564787057899885,0.005305565375691294,0.010662044081481283,-0.1338128433548655,-1.2484504999999846,0 days 02:35:00
5m,DEVELOPMENT,299,CLOSED,BTCUSDT,LONG,2024-05-08 14:35:00+00:00,2024-05-08 14:40:00+00:00,62625.0,62656.3125,2024-05-08 15:15:00+00:00,62029.749375,61998.7345003125,0.00016893165754204096,10.5846347260971,0.105846347260971,62029.749375,63909.43875,SL,-0.10055667473418595,0.0105846347260971,0.010473548984646712,0.005289672526785158,0.00523939418941779,0.010529066716202948,-0.1321439251611327,-1.2484504999999984,0 days 00:35:00
5m,DEVELOPMENT,300,CLOSED,BTCUSDT,LONG,2024-05-08 16:55:00+00:00,2024-05-08 17:00:00+00:00,62444.45,62475.672224999995,2024-05-08 20:15:00+00:00,61850.915502749995,61819.99004499862,0.00016730708835280912,10.452622812849217,0.10452622812849217,61850.915502749995,63725.185669499995,SL,-0.09930252857184631,0.010452622812849217,0.010342922536428364,0.005223699556645902,0.005174048292359717,0.010397747849005618,-0.1304958217701295,-1.2484504999999941,0 days 03:15:00
5m,DEVELOPMENT,301,CLOSED,BTCUSDT,LONG,2024-05-09 02:15:00+00:00,2024-05-09 02:20:00+00:00,61554.71,61585.487355,2024-05-09 09:35:00+00:00,60969.63248145,60939.147665209275,0.00016760860065999556,10.3222573565354,0.10322257356535401,60969.63248145,62817.1971021,SL,-0.0980640241617885,0.010322257356535402,0.010213925265578563,0.005158549403565641,0.0051095173914844465,0.010268066795050088,-0.12886827357895256,-1.2484504999999957,0 days 07:15:00
5m,DEVELOPMENT,302,CLOSED,BTCUSDT,LONG,2024-05-09 12:40:00+00:00,2024-05-09 12:45:00+00:00,61480.0,61510.74,2024-05-09 13:45:00+00:00,60895.6326,60865.1847837,0.00016571931702480733,10.193517822490497,0.10193517822490497,60895.6326,62740.9548,SL,-0.09684096641956286,0.010193517822490497,0.01008653685294346,0.0050942118053422395,0.005045791322131948,0.010140003127474187,-0.12726102422247101,-1.248450499999993,0 days 01:00:00
5m,DEVELOPMENT,303,CLOSED,BTCUSDT,LONG,2024-05-09 14:30:00+00:00,2024-05-09 14:35:00+00:00,61369.99,61400.674994999994,2024-05-09 16:20:00+00:00,62628.688494899994,62597.37415065255,0.00016394581872232006,10.06638393215836,0.1006638393215836,60786.668245049994,62628.688494899994,TP,0.20635835527093188,0.010066383932158359,0.010262577754996127,0.0050306766277646384,0.005133855805400201,0.01016453243316484,0.17586486115061256,1.7470510000000061,0 days 01:45:00
5m,DEVELOPMENT,304,CLOSED,BTCUSDT,LONG,2024-05-09 16:20:00+00:00,2024-05-09 16:25:00+00:00,62649.99,62681.31499499999,2024-05-09 16:50:00+00:00,62054.50184504999,62023.47459412747,0.00016339914223168403,10.242073104136994,0.10242073104136994,62054.50184504999,63934.941294899996,SL,-0.09730225372795913,0.010242073104136993,0.010134582546909075,0.005118477313411039,0.005069826186547833,0.010188303499958872,-0.12786721287896408,-1.2484505000000026,0 days 00:25:00
5m,DEVELOPMENT,305,CLOSED,BTCUSDT,LONG,2024-05-09 18:05:00+00:00,2024-05-09 18:10:00+00:00,62017.99,62048.998994999994,2024-05-09 22:45:00+00:00,63289.9789749,63258.33398541255,0.0001630055890433698,10.114333630731435,0.10114333630731435,61428.50900504999,63289.9789749,TP,0.20734131211024653,0.010114333630731435,0.010311461993194392,0.0050546394956173385,0.005158310151672356,0.010212949647289695,0.17670256683903102,1.7470510000000115,0 days 04:35:00
5m,DEVELOPMENT,306,CLOSED,BTCUSDT,LONG,2024-05-09 22:45:00+00:00,2024-05-09 22:50:00+00:00,63190.99,63222.58549499999,2024-05-10 14:10:00+00:00,62590.35964004999,62559.064460229965,0.0001627718890481556,10.29085967152967,0.1029085967152967,62590.35964004999,64487.03720489999,SL,-0.09776573830873675,0.01029085967152967,0.010182857099276965,0.005142858406560597,0.0050939755374068444,0.010236833943967441,-0.12847628902351083,-1.248450500000003,0 days 15:20:00
5m,DEVELOPMENT,307,CLOSED,BTCUSDT,LONG,2024-05-10 23:00:00+00:00,2024-05-10 23:05:00+00:00,60927.98,60958.44399,2024-05-13 07:50:00+00:00,62177.6128698,62146.524063365105,0.00016671212493734854,10.162511730447243,0.10162511730447243,60348.8595501,62177.6128698,TP,0.20832895111591496,0.010162511730447243,0.010360579084073661,0.005078716506969562,0.005182880982527808,0.01026159748949737,0.17754426281189667,1.747051000000008,2 days 08:45:00
5m,DEVELOPMENT,308,CLOSED,BTCUSDT,LONG,2024-05-13 07:50:00+00:00,2024-05-13 07:55:00+00:00,62312.13,62343.28606499999,2024-05-14 06:15:00+00:00,61719.853204349994,61688.993277747824,0.00016585392395875191,10.339878626363227,0.10339878626363228,61719.853204349994,63590.1517863,SL,-0.09823143062826882,0.010339878626363227,0.010231361600179545,0.005167355635363199,0.0051182399200489954,0.010285595555412193,-0.12908826641022378,-1.2484504999999897,0 days 22:20:00
5m,DEVELOPMENT,309,CLOSED,BTCUSDT,LONG,2024-05-14 15:50:00+00:00,2024-05-14 15:55:00+00:00,61871.97,61902.905985,2024-05-14 16:45:00+00:00,61283.87692515,61253.23498668743,0.00016495056503057167,10.210919319260107,0.10210919319260107,61283.87692515,63140.9641047,SL,-0.09700628498707431,0.010210919319260107,0.010103755721004472,0.005102908205526702,0.005054405063032874,0.010157313268559575,-0.12747827329589845,-1.2484504999999906,0 days 00:50:00
5m,DEVELOPMENT,310,CLOSED,BTCUSDT,LONG,2024-05-14 20:10:00+00:00,2024-05-14 20:15:00+00:00,61646.88,61677.70344,2024-05-15 09:50:00+00:00,62911.2575088,62879.801880045605,0.00016348806512706598,10.08356839688658,0.1008356839688658,61060.926405599996,62911.2575088,TP,0.20671063250389246,0.01008356839688658,0.010280097144941902,0.00503926456616023,0.005142619882411577,0.010181884448571807,0.1761650825134922,1.7470510000000121,0 days 13:35:00
5m,DEVELOPMENT,311,CLOSED,BTCUSDT,LONG,2024-05-15 09:50:00+00:00,2024-05-15 09:55:00+00:00,62855.61,62887.037805,2024-05-15 11:35:00+00:00,62258.16742695,62227.03834323653,0.0001631426419243894,10.259557490306653,0.10259557490306653,62258.16742695,64144.7785611,SL,-0.09746835976548211,0.010259557490306654,0.010151883434445886,0.005127215137584429,0.005078480957701457,0.010205696095285887,-0.12808549678552053,-1.2484504999999968,0 days 01:40:00
5m,DEVELOPMENT,312,CLOSED,BTCUSDT,LONG,2024-05-15 12:30:00+00:00,2024-05-15 12:35:00+00:00,63763.65,63795.531825,2024-05-15 16:15:00+00:00,65071.4424615,65038.90674026925,0.00015881362943807357,10.131599951060378,0.10131599951060379,63157.576506749996,65071.4424615,TP,0.20769526736256727,0.010131599951060378,0.010329064834106547,0.005063268341358994,0.00516711597504078,0.010230384316399773,0.17700421826100055,1.7470510000000068,0 days 03:40:00
5m,DEVELOPMENT,313,CLOSED,BTCUSDT,LONG,2024-05-15 16:40:00+00:00,2024-05-15 16:45:00+00:00,64900.2,64932.65009999999,2024-05-15 19:40:00+00:00,66231.30310199999,66198.187450449,0.00015875568494516922,10.308427341930509,0.1030842734193051,64283.32359899999,66231.30310199999,TP,0.21132018469064845,0.010308427341930508,0.010509338590824736,0.005151637852038373,0.005257297944383574,0.010408935796421947,0.18009348296147124,1.7470510000000083,0 days 02:55:00
5m,DEVELOPMENT,314,CLOSED,BTCUSDT,LONG,2024-05-15 19:40:00+00:00,2024-05-15 19:45:00+00:00,66401.97,66435.170985,2024-05-15 20:00:00+00:00,65770.81927515,65737.93386551243,0.00015787331854223255,10.488340911322592,0.10488340911322591,65770.81927515,67763.87440470001,SL,-0.09964185943240476,0.010488340911322593,0.01037826577345826,0.005241549680821378,0.0051917287511043025,0.01043327843192568,-0.1309417445491113,-1.2484504999999988,0 days 00:15:00
5m,DEVELOPMENT,315,CLOSED,BTCUSDT,LONG,2024-05-15 20:25:00+00:00,2024-05-15 20:30:00+00:00,66025.01,66058.02250499999,2024-05-16 15:00:00+00:00,65397.44227994999,65364.74355881002,0.0001567944298805361,10.357529977707095,0.10357529977707096,65397.44227994999,67379.18295509998,SL,-0.09839912287666869,0.010357529977707095,0.010248827700591061,0.005176176900402015,0.005126977338963956,0.010303154239365972,-0.12930863479433283,-1.2484504999999875,0 days 18:30:00
5m,DEVELOPMENT,316,CLOSED,BTCUSDT,LONG,2024-05-16 21:35:00+00:00,2024-05-16 21:40:00+00:00,65499.9,65532.64995,2024-05-17 14:55:00+00:00,66843.302949,66809.88129752551,0.00015608022154105038,10.228350522368103,0.10228350522368103,64877.3234505,66843.302949,TP,0.20967862989882088,0.010228350522368104,0.010427701074049061,0.005111619451457952,0.005216458766406364,0.010328078217864316,0.1786945000845394,1.747051000000022,0 days 17:15:00
5m,DEVELOPMENT,317,CLOSED,BTCUSDT,LONG,2024-05-17 14:55:00+00:00,2024-05-17 15:00:00+00:00,66806.67,66840.073335,2024-05-19 19:10:00+00:00,66171.67260164999,66138.58676534917,0.00015569801149543496,10.406866506468544,0.10406866506468544,66171.67260164999,68176.87480169999,SL,-0.09886783222787107,0.010406866506468545,0.010297646442483158,0.005200832836815153,0.005151398920700463,0.010352231757515616,-0.1299245769343384,-1.2484504999999935,2 days 04:10:00
5m,DEVELOPMENT,318,CLOSED,BTCUSDT,LONG,2024-05-20 01:40:00+00:00,2024-05-20 01:45:00+00:00,66394.51,66427.70725499999,2024-05-20 16:00:00+00:00,67756.26140009999,67722.38326939994,0.00015471061924303897,10.277071724316361,0.10277071724316361,65763.43018244999,67756.26140009999,TP,0.21067740236454546,0.01027707172431636,0.010477371852223288,0.005135967878217812,0.005241306579400774,0.010377274457618586,0.17954568433038726,1.74705100000001,0 days 14:15:00
5m,DEVELOPMENT,319,CLOSED,BTCUSDT,LONG,2024-05-20 16:00:00+00:00,2024-05-20 16:05:00+00:00,67844.89,67878.81244499999,2024-05-20 19:20:00+00:00,69236.3886939,69201.77049955305,0.00015404568326532304,10.456438042328736,0.10456438042328736,67200.02432054999,69236.3886939,TP,0.21435436706462913,0.010456438042328736,0.010660234019773725,0.0052256062180536834,0.005332783401586407,0.01055838961964009,0.18267930538288657,1.7470510000000188,0 days 03:15:00
5m,DEVELOPMENT,320,CLOSED,BTCUSDT,LONG,2024-05-20 19:20:00+00:00,2024-05-20 19:25:00+00:00,69202.01,69236.61100499998,2024-05-20 23:20:00+00:00,70621.34322509999,70586.03255348744,0.00015366053734396025,10.63893485090305,0.1063893485090305,68544.24489494998,70621.34322509999,TP,0.2180955060390014,0.01063893485090305,0.010846287691147151,0.005316809020939446,0.0054258567739601865,0.010742665794899632,0.18586761770205157,1.7470510000000123,0 days 03:55:00
5m,DEVELOPMENT,321,CLOSED,BTCUSDT,LONG,2024-05-20 23:20:00+00:00,2024-05-20 23:25:00+00:00,70819.48,70854.88974,2024-05-21 15:35:00+00:00,70146.3408426,70111.2676721787,0.00015277162700259587,10.824616786669337,0.10824616786669337,70146.3408426,72271.9875348,SL,-0.1028365642751546,0.010824616786669336,0.010711012433493242,0.005409603591539324,0.00535818530940068,0.010767788900940004,-0.13513998239625719,-1.2484504999999992,0 days 16:10:00
5m,DEVELOPMENT,322,CLOSED,BTCUSDT,LONG,2024-05-21 22:35:00+00:00,2024-05-21 22:40:00+00:00,70100.0,70135.05,2024-05-22 04:40:00+00:00,69433.6995,69398.98265025001,0.0001524146886506889,10.689611809250499,0.10689611809250499,69433.6995,71537.751,SL,-0.10155398325529796,0.0106896118092505,0.010577424333312416,0.005342134837207089,0.005291357845578259,0.010633492682785349,-0.13345451208064624,-1.248450499999994,0 days 06:00:00
5m,DEVELOPMENT,323,CLOSED,BTCUSDT,LONG,2024-05-22 08:30:00+00:00,2024-05-22 08:35:00+00:00,70070.16,70105.19508,2024-05-22 18:20:00+00:00,69404.1431292,69369.44105763541,0.00015057786525398746,10.556290618360745,0.10556290618360745,69404.1431292,71507.2989816,SL,-0.10028739862820452,0.010556290618360744,0.01044550234832105,0.0052755075554028925,0.005225363856087392,0.010500871411490285,-0.1317900630063766,-1.2484504999999886,0 days 09:45:00
5m,DEVELOPMENT,324,CLOSED,BTCUSDT,LONG,2024-05-23 01:25:00+00:00,2024-05-23 01:30:00+00:00,69520.58,69555.34029,2024-05-23 13:35:00+00:00,68859.7868871,68825.35699365645,0.00014987536787678865,10.424632213758969,0.10424632213758969,68859.7868871,70946.44709579999,SL,-0.09903661088633678,0.010424632213758969,0.01031522569867557,0.00520971125125252,0.005160192945810705,0.010369904197063226,-0.13014637299583454,-1.2484504999999964,0 days 12:05:00
5m,DEVELOPMENT,325,CLOSED,BTCUSDT,LONG,2024-05-23 21:50:00+00:00,2024-05-23 21:55:00+00:00,68078.64,68112.67932,2024-05-24 05:25:00+00:00,67431.55252679999,67397.83675053659,0.0001511409617107362,10.294615857119773,0.10294615857119772,67431.55252679999,69474.93290639999,SL,-0.09780142301041951,0.010294615857119773,0.010186573863699302,0.005144735560778927,0.005095834849274514,0.01024057041005344,-0.12852318314129202,-1.248450500000009,0 days 07:30:00
5m,DEVELOPMENT,326,CLOSED,BTCUSDT,LONG,2024-05-24 10:25:00+00:00,2024-05-24 10:30:00+00:00,67404.6,67438.3023,2024-05-24 17:50:00+00:00,68787.068346,68752.674811827,0.00015074847263417596,10.166221068766836,0.10166221068766836,66763.919277,68787.068346,TP,0.20840499162459464,0.010166221068766836,0.010364360717397103,0.005080570249257269,0.00518477274507044,0.010265342994327709,0.177609066844103,1.7470510000000128,0 days 07:20:00
5m,DEVELOPMENT,327,CLOSED,BTCUSDT,LONG,2024-05-24 17:50:00+00:00,2024-05-24 17:55:00+00:00,68773.71,68808.096855,2024-05-27 15:35:00+00:00,70184.2587921,70149.16666270395,0.0001503260978976503,10.343652703975733,0.10343652703975734,68120.01588645,70184.2587921,TP,0.2120422958106351,0.010343652703975734,0.010545250495176222,0.005169241731120763,0.0052752628790264,0.010444504610147162,0.18070888800133603,1.747051000000009,2 days 21:40:00
5m,DEVELOPMENT,328,CLOSED,BTCUSDT,LONG,2024-05-27 15:35:00+00:00,2024-05-27 15:40:00+00:00,70324.39,70359.552195,2024-05-27 19:45:00+00:00,69655.95667305,69621.12869471348,0.0001495771467454751,10.524181063617428,0.10524181063617428,69655.95667305,71766.7432389,SL,-0.09998234983476713,0.010524181063617428,0.010413729783354765,0.005259460801407585,0.005209469626489013,0.010468930427896598,-0.13138919110963593,-1.2484504999999888,0 days 04:05:00
5m,DEVELOPMENT,329,CLOSED,BTCUSDT,LONG,2024-05-28 09:25:00+00:00,2024-05-28 09:30:00+00:00,68148.01,68182.084005,2024-05-28 18:35:00+00:00,67500.26316495,67466.51303336752,0.00015242894496564265,10.392923130440968,0.10392923130440967,67500.26316495,69545.7256851,SL,-0.09873536667150543,0.010392923130440969,0.01028384940218699,0.005193864632904371,0.005144496949568657,0.010338361582473029,-0.1297505007866064,-1.2484505000000048,0 days 09:05:00
5m,DEVELOPMENT,330,CLOSED,BTCUSDT,LONG,2024-05-28 19:40:00+00:00,2024-05-28 19:45:00+00:00,68370.38,68404.56519,2024-05-29 08:05:00+00:00,67720.5195381,67686.65927833095,0.00015003826458112845,10.263302250534268,0.10263302250534269,67720.5195381,69772.6564938,SL,-0.09750393592336815,0.010263302250534269,0.010155588893414912,0.005129086581974532,0.00508033461401414,0.010209421195988671,-0.12813224826330602,-1.248450499999997,0 days 12:20:00
5m,DEVELOPMENT,331,CLOSED,BTCUSDT,LONG,2024-05-29 21:45:00+00:00,2024-05-29 21:50:00+00:00,67691.46,67725.30573000001,2024-05-30 17:20:00+00:00,69079.81184460002,69045.27193867772,0.0001496530417584426,10.135298006514983,0.10135298006514983,67048.05267270001,69079.81184460002,TP,0.20777107657533594,0.010135298006514984,0.01033283496466196,0.00506511644503511,0.005169001983322372,0.010234118428357482,0.17706882517580153,1.7470510000000143,0 days 19:30:00
5m,DEVELOPMENT,332,CLOSED,BTCUSDT,LONG,2024-05-30 17:20:00+00:00,2024-05-30 17:25:00+00:00,69104.76,69139.31237999999,2024-05-30 19:50:00+00:00,68447.91925619998,68413.69529657188,0.0001491508894835431,10.312189939757541,0.10312189939757542,68447.91925619998,70522.09862759999,SL,-0.09796838118680413,0.010312189939757542,0.010203963506339786,0.005153518210772448,0.005104534020179938,0.010258052230952386,-0.12874258686385384,-1.2484505000000108,0 days 02:25:00
5m,DEVELOPMENT,333,CLOSED,BTCUSDT,LONG,2024-05-31 02:15:00+00:00,2024-05-31 02:20:00+00:00,68673.97,68708.306985,2024-05-31 09:15:00+00:00,68021.22391515,67987.21330319243,0.00014821462518483828,10.18357596686658,0.10183575966866582,68021.22391515,70082.4731247,SL,-0.09674651630691414,0.010183575966866582,0.010076699337094317,0.005089243361752671,0.00504087010359745,0.010130113465350121,-0.12713690507622516,-1.248450499999995,0 days 06:55:00
5m,DEVELOPMENT,334,CLOSED,BTCUSDT,LONG,2024-05-31 11:10:00+00:00,2024-05-31 11:15:00+00:00,68411.62,68445.82581,2024-05-31 14:20:00+00:00,67761.3675519,67727.48686812405,0.00014692738311904865,10.056566071685538,0.10056566071685538,67761.3675519,69814.7423262,SL,-0.095539890566088,0.010056566071685537,0.009951022410763198,0.005025770150767308,0.004978000205483981,0.01000377035625129,-0.12555124940478804,-1.248450499999996,0 days 03:05:00
5m,DEVELOPMENT,335,CLOSED,BTCUSDT,LONG,2024-05-31 19:40:00+00:00,2024-05-31 19:45:00+00:00,67854.26,67888.18712999999,2024-06-03 08:25:00+00:00,69245.95087259999,69211.32789716369,0.00014628672038460914,9.93114024810433,0.0993114024810433,67209.30525869998,69245.95087259999,TP,0.2035858935418484,0.009931140248104329,0.010124698171539883,0.004963088579761757,0.005064881526533385,0.010027970106295142,0.17350208501590905,1.7470509999999988,2 days 12:40:00
5m,DEVELOPMENT,336,CLOSED,BTCUSDT,LONG,2024-06-03 08:25:00+00:00,2024-06-03 08:30:00+00:00,69264.56,69299.19227999999,2024-06-03 14:55:00+00:00,68606.20035719998,68571.89725702138,0.0001458093330083469,10.104469004363981,0.1010446900436398,68606.20035719998,70685.17612559999,SL,-0.0959949803962839,0.010104469004363981,0.00999842260216318,0.005049709647356958,0.005001712157160213,0.010051421804517171,-0.12614929380732826,-1.248450500000011,0 days 06:25:00
5m,DEVELOPMENT,337,CLOSED,BTCUSDT,LONG,2024-06-04 01:45:00+00:00,2024-06-04 01:50:00+00:00,69100.0,69134.55,2024-06-04 16:00:00+00:00,70517.24100000001,70481.98237950001,0.00014433370483827828,9.978445733827192,0.09978445733827192,68443.2045,70517.24100000001,TP,0.20455564417870767,0.009978445733827192,0.010172925641179486,0.004986729502162935,0.005089007324251442,0.010075736826414376,0.1743285359772866,1.747051000000013,0 days 14:10:00
5m,DEVELOPMENT,338,CLOSED,BTCUSDT,LONG,2024-06-04 16:00:00+00:00,2024-06-04 16:05:00+00:00,70592.04,70627.33601999999,2024-06-07 17:55:00+00:00,69921.0626598,69886.1021284701,0.00014374887525911933,10.152600115422883,0.10152600115422883,69921.0626598,72039.88274039999,SL,-0.09645223797810536,0.010152600115422884,0.010046048577211522,0.005073763176122564,0.0050255370571337795,0.010099300233256343,-0.12675018690399611,-1.2484504999999857,3 days 01:50:00
5m,DEVELOPMENT,339,CLOSED,BTCUSDT,LONG,2024-06-08 02:35:00+00:00,2024-06-08 02:40:00+00:00,69428.02,69462.73401,2024-06-11 01:55:00+00:00,68768.1066699,68733.72261656505,0.00014433604860181388,10.02597655208223,0.1002597655208223,68768.1066699,70851.9886902,SL,-0.09524928248630005,0.010025976552082231,0.009920753928168127,0.005010483034523283,0.004962858393279696,0.009973341427802979,-0.1251693543943534,-1.2484505000000004,2 days 23:15:00
5m,DEVELOPMENT,340,CLOSED,BTCUSDT,LONG,2024-06-11 18:35:00+00:00,2024-06-11 18:40:00+00:00,67179.73,67213.319865,2024-06-12 12:30:00+00:00,68557.5862623,68523.30746916885,0.0001473061033420799,9.90093224199796,0.0990093224199796,66541.18666635,68557.5862623,TP,0.20296663696489625,0.009900932241997961,0.010093901411394502,0.004947992124936768,0.005049475443418491,0.009997467568355258,0.17297433574314855,1.7470510000000077,0 days 17:50:00
5m,DEVELOPMENT,341,CLOSED,BTCUSDT,LONG,2024-06-12 12:30:00+00:00,2024-06-12 12:35:00+00:00,69299.89,69334.539945,2024-06-12 18:50:00+00:00,68641.19454555,68606.87394827722,0.0001452917086375412,10.073733776206902,0.10073733776206903,68641.19454555,70721.2307439,SL,-0.09570298804882278,0.010073733776206902,0.009968009940225609,0.005034349713246448,0.004986498219222233,0.010020847932468682,-0.12576557969772398,-1.2484505000000001,0 days 06:15:00
5m,DEVELOPMENT,342,CLOSED,BTCUSDT,LONG,2024-06-13 08:05:00+00:00,2024-06-13 08:10:00+00:00,67735.99,67769.857995,2024-06-13 15:15:00+00:00,67092.15941505,67058.61333534248,0.00014679230753564363,9.948093836448937,0.09948093836448937,67092.15941505,69125.2551549,SL,-0.09450937722683417,0.009948093836448938,0.009843688591635405,0.004971561137654649,0.004924306449041656,0.009895867586696305,-0.12419702724161483,-1.2484504999999888,0 days 07:05:00
5m,DEVELOPMENT,343,CLOSED,BTCUSDT,LONG,2024-06-13 22:20:00+00:00,2024-06-13 22:25:00+00:00,66916.47,66949.928235,2024-06-14 16:05:00+00:00,66280.42895264999,66247.28873817367,0.0001467368396225677,9.824020882161612,0.09824020882161612,66280.42895264999,68288.9267997,SL,-0.09333065315836822,0.009824020882161612,0.009720917783003324,0.004909555663248923,0.004862890336670284,0.009772445999919208,-0.12264803782345236,-1.2484505000000132,0 days 17:40:00
5m,DEVELOPMENT,344,CLOSED,BTCUSDT,LONG,2024-06-14 21:20:00+00:00,2024-06-14 21:25:00+00:00,65934.0,65966.96699999999,2024-06-17 13:45:00+00:00,65307.29732999999,65274.643681334994,0.00014706596060192482,9.701495369850473,0.09701495369850474,65307.29732999999,67286.30634,SL,-0.09216663017534305,0.009701495369850474,0.009599678175943894,0.0048483235231621315,0.004802240208074947,0.009650563731237079,-0.1211183674523745,-1.248450499999994,2 days 16:20:00
5m,DEVELOPMENT,345,CLOSED,BTCUSDT,LONG,2024-06-17 16:45:00+00:00,2024-06-17 16:50:00+00:00,65987.54,66020.53377,2024-06-18 01:25:00+00:00,65360.3284323,65327.64826808385,0.0001451139130917115,9.580497999768184,0.09580497999768184,65360.3284323,67340.94444539999,SL,-0.09101712492533341,0.009580497999768183,0.009479950673260618,0.004787855072348056,0.0047423465098844495,0.009530201582232506,-0.11960777518059472,-1.2484504999999877,0 days 08:35:00
5m,DEVELOPMENT,346,CLOSED,BTCUSDT,LONG,2024-06-18 05:20:00+00:00,2024-06-18 05:25:00+00:00,65780.01,65812.90000499999,2024-06-18 11:35:00+00:00,65154.77100494999,65122.19361944751,0.0001437561589316943,9.461009712874484,0.09461009712874484,65154.77100494999,67129.15800509999,SL,-0.08988195634270169,0.009461009712874485,0.009361716415937867,0.004728140786043334,0.004683199807872798,0.009411340593916132,-0.11811602306543018,-1.2484505000000012,0 days 06:10:00
5m,DEVELOPMENT,347,CLOSED,BTCUSDT,LONG,2024-06-18 21:10:00+00:00,2024-06-18 21:15:00+00:00,65023.75,65056.261875,2024-06-20 11:05:00+00:00,66357.3871125,66324.20841894376,0.00014361433347931808,9.343011687834096,0.09343011687834096,64405.699256249995,66357.3871125,TP,0.1915294050149699,0.009343011687834097,0.009525106985629984,0.0046691712582874025,0.004764935960794146,0.009434107219081549,0.1632271791224243,1.7470510000000197,1 days 13:50:00
5m,DEVELOPMENT,348,CLOSED,BTCUSDT,LONG,2024-06-20 11:05:00+00:00,2024-06-20 11:10:00+00:00,66430.22,66463.43510999999,2024-06-20 13:10:00+00:00,65798.80075889999,65765.90135852054,0.00014302715150230392,9.506075802841515,0.09506075802841515,65798.80075889999,67792.7038122,SL,-0.09031009545828107,0.009506075802841515,0.009406309537290693,0.004750662570134272,0.004705507522406625,0.009456170092540898,-0.1186786508909542,-1.248450500000003,0 days 02:00:00
5m,DEVELOPMENT,349,CLOSED,BTCUSDT,LONG,2024-06-20 20:00:00+00:00,2024-06-20 20:05:00+00:00,65127.99,65160.553994999995,2024-06-21 03:55:00+00:00,64508.94845504999,64476.69398082247,0.00014406746315818154,9.387515712041361,0.09387515712041361,64508.94845504999,66463.7650749,SL,-0.08918374497046891,0.009387515712041362,0.009288993734643487,0.004691412149945246,0.0046468202774598115,0.009338232427405058,-0.1171984868445588,-1.2484504999999986,0 days 07:50:00
5m,DEVELOPMENT,350,CLOSED,BTCUSDT,LONG,2024-06-21 14:45:00+00:00,2024-06-21 14:50:00+00:00,64266.0,64298.132999999994,2024-06-21 15:35:00+00:00,63655.15166999999,63623.32409416499,0.00014417890339992056,9.270434306602244,0.09270434306602245,63655.15166999999,65584.09565999999,SL,-0.08807144236307395,0.009270434306602245,0.009173141098554454,0.004632900702948833,0.004588864981767989,0.009221765684716821,-0.11573678345294745,-1.2484505000000021,0 days 00:45:00
5m,DEVELOPMENT,351,CLOSED,BTCUSDT,LONG,2024-06-21 18:30:00+00:00,2024-06-21 18:35:00+00:00,64003.98,64035.98199,2024-06-23 23:35:00+00:00,63395.6221701,63363.924359014956,0.00014296357859775187,9.154813144311587,0.09154813144311588,63395.6221701,65316.7016298,SL,-0.08697301243046643,0.009154813144311588,0.00905873338036204,0.004575119012649044,0.004531632506433786,0.00910675151908283,-0.11429331047422289,-1.2484504999999906,2 days 05:00:00
5m,DEVELOPMENT,352,CLOSED,BTCUSDT,LONG,2024-06-24 08:45:00+00:00,2024-06-24 08:50:00+00:00,62934.0,62965.467,2024-06-24 09:20:00+00:00,62335.81232999999,62304.644423834994,0.00014358082999636466,9.04063401296871,0.0904063401296871,62335.81232999999,64224.77634,SL,-0.08588828215219244,0.00904063401296871,0.0089457525590026,0.004518057977495164,0.00447511383641941,0.008993171813914572,-0.11286784053807833,-1.2484505000000046,0 days 00:30:00
5m,DEVELOPMENT,353,CLOSED,BTCUSDT,LONG,2024-06-24 22:35:00+00:00,2024-06-24 22:40:00+00:00,60216.94,60247.04847,2024-06-25 03:30:00+00:00,61451.9894394,61421.263444680306,0.0001481878225447296,8.927878927516083,0.08927878927516084,59644.5779853,61451.9894394,TP,0.18301928715977467,0.008927878927516083,0.009101883287813372,0.004461708609453199,0.004553218253032377,0.009014926862485576,0.15597459808195965,1.7470510000000072,0 days 04:50:00
5m,DEVELOPMENT,354,CLOSED,BTCUSDT,LONG,2024-06-25 03:30:00+00:00,2024-06-25 03:35:00+00:00,61461.66,61492.39083,2024-06-25 07:25:00+00:00,60877.4669217,60847.02818823915,0.00014772067867602117,9.083697706818741,0.09083697706818741,60877.4669217,62722.238646599995,SL,-0.08629739800431088,0.00908369770681874,0.008988364299385678,0.004539579063876419,0.004496430364874876,0.009036009428751296,-0.1134054694392666,-1.2484504999999944,0 days 03:50:00
5m,DEVELOPMENT,355,CLOSED,BTCUSDT,LONG,2024-06-25 09:50:00+00:00,2024-06-25 09:55:00+00:00,61516.0,61546.757999999994,2024-06-26 17:05:00+00:00,60931.29041999999,60900.824774789995,0.000145749440280132,8.970405529556736,0.08970405529556735,60931.29041999999,62777.693159999995,SL,-0.08522109401143248,0.008970405529556736,0.008876261123524036,0.004482961284135477,0.004440350737129895,0.008923312021265372,-0.11199107268577861,-1.2484504999999988,1 days 07:10:00
5m,DEVELOPMENT,356,CLOSED,BTCUSDT,LONG,2024-06-27 01:20:00+00:00,2024-06-27 01:25:00+00:00,61065.34,61095.87266999999,2024-06-27 14:10:00+00:00,62317.79012339999,62286.631228338294,0.0001449938588145295,8.85852633606445,0.08858526336064451,60484.91394329999,62317.79012339999,TP,0.18159757636449833,0.00885852633606445,0.009031179014354348,0.004427049643209639,0.004517848431391903,0.008944898074601542,0.15476297293947797,1.7470510000000068,0 days 12:45:00
5m,DEVELOPMENT,357,CLOSED,BTCUSDT,LONG,2024-06-27 14:10:00+00:00,2024-06-27 14:15:00+00:00,62360.0,62391.17999999999,2024-06-27 14:50:00+00:00,61767.26819999999,61736.38456589999,0.00014446168033108777,9.013134700639355,0.09013134700639355,61767.26819999999,63639.0036,SL,-0.0856270318136715,0.009013134700639356,0.008918541851956147,0.004504315192722308,0.0044615016768163,0.008965816869538608,-0.11252452523580561,-1.2484505000000008,0 days 00:35:00
5m,DEVELOPMENT,358,CLOSED,BTCUSDT,LONG,2024-06-27 16:35:00+00:00,2024-06-27 16:40:00+00:00,61750.0,61780.875,2024-06-28 14:15:00+00:00,61163.066249999996,61132.484716875,0.00014406922186706926,8.900722587516674,0.08900722587516674,61163.066249999996,63016.4925,SL,-0.08455908865002151,0.008900722587516674,0.008807309503960685,0.004448137225145764,0.0044058576808204365,0.0088539949059662,-0.11112111564746507,-1.2484505000000026,0 days 21:35:00
5m,DEVELOPMENT,359,CLOSED,BTCUSDT,LONG,2024-06-29 00:20:00+00:00,2024-06-29 00:25:00+00:00,60694.05,60724.397025,2024-06-30 18:45:00+00:00,61938.8849655,61907.915523017255,0.0001447476288378139,8.789712481974751,0.08789712481974751,60117.15305475,61938.8849655,TP,0.18018690955052663,0.008789712481974752,0.008961023978248439,0.0043926599110312055,0.004482753365806641,0.008875413276837846,0.15356075981346562,1.7470510000000103,1 days 18:20:00
5m,DEVELOPMENT,360,CLOSED,BTCUSDT,LONG,2024-06-30 18:45:00+00:00,2024-06-30 18:50:00+00:00,61957.39,61988.368695,2024-07-01 01:05:00+00:00,63228.1360689,63196.52200086555,0.00014427093376885578,8.943119834435757,0.08943119834435757,61368.48500805,63228.1360689,TP,0.18333172194330574,0.008943119834435758,0.009117421240008911,0.00446932525459029,0.0045609911155618,0.00903031637015209,0.15624086449870894,1.747051000000008,0 days 06:15:00
5m,DEVELOPMENT,361,CLOSED,BTCUSDT,LONG,2024-07-01 01:05:00+00:00,2024-07-01 01:10:00+00:00,63306.34,63337.993169999994,2024-07-01 11:20:00+00:00,62704.61323829999,62673.260931680845,0.0001436610817417654,9.099204614154749,0.09099204614154749,62704.61323829999,64604.7530334,SL,-0.08644471749879198,0.00909920461415475,0.009003708461729196,0.004547328642755677,0.004504106284006356,0.009051434926762032,-0.11359906550143796,-1.2484504999999992,0 days 10:10:00
5m,DEVELOPMENT,362,CLOSED,BTCUSDT,LONG,2024-07-01 15:10:00+00:00,2024-07-01 15:15:00+00:00,63030.76,63062.27538,2024-07-02 08:10:00+00:00,62431.6526262,62400.4367998869,0.0001424896101526179,8.985719034233233,0.08985719034233233,62431.6526262,64323.5208876,SL,-0.08536657613232143,0.008985719034233232,0.008891413912968956,0.004490614210011197,0.00444793092194526,0.008938545131956457,-0.11218225421148008,-1.2484505000000012,0 days 16:55:00
5m,DEVELOPMENT,363,CLOSED,BTCUSDT,LONG,2024-07-02 11:55:00+00:00,2024-07-02 12:00:00+00:00,62832.01,62863.426005,2024-07-02 14:20:00+00:00,62234.79174495,62203.67434907753,0.00014115757625904758,8.873648850205782,0.08873648850205783,62234.79174495,64120.6945251,SL,-0.08430188138051573,0.008873648850205782,0.008780519905522874,0.004434607121541997,0.004392456180850941,0.008827063302392938,-0.11078311343863732,-1.2484504999999884,0 days 02:20:00
5m,DEVELOPMENT,364,CLOSED,BTCUSDT,LONG,2024-07-02 18:35:00+00:00,2024-07-02 18:40:00+00:00,62349.08,62380.25454,2024-07-03 01:55:00+00:00,61756.4519946,61725.573768602706,0.00014047676582642146,8.762976409208145,0.08762976409208145,61756.4519946,63627.859630800005,SL,-0.08325046553675527,0.008762976409208145,0.008671008971793504,0.004379298555326406,0.004337673322557198,0.008716971877883603,-0.10940142279564052,-1.248450499999993,0 days 07:15:00
5m,DEVELOPMENT,365,CLOSED,BTCUSDT,LONG,2024-07-03 14:15:00+00:00,2024-07-03 14:20:00+00:00,60516.93,60547.188465,2024-07-03 19:20:00+00:00,59941.716580349996,59911.74572205982,0.00014292462619541006,8.65368427854317,0.0865368427854317,59941.716580349996,61758.1322343,SL,-0.08221216298606046,0.00865368427854317,0.008562863862039858,0.0043246797993717525,0.0042835737178785905,0.008608253517250343,-0.10803696464389383,-1.2484505000000028,0 days 05:00:00
5m,DEVELOPMENT,366,CLOSED,BTCUSDT,LONG,2024-07-03 22:25:00+00:00,2024-07-03 22:30:00+00:00,60273.21,60303.346605,2024-07-04 01:40:00+00:00,59700.31313895,59670.46298238052,0.0001417127858410817,8.545755242934886,0.08545755242934887,59700.31313895,61509.4135371,SL,-0.0811868101790068,0.008545755242934886,0.008456067541660284,0.004270742250342228,0.004230148845252779,0.008500891095595008,-0.10668952405919696,-1.2484505000000017,0 days 03:10:00
5m,DEVELOPMENT,367,CLOSED,BTCUSDT,LONG,2024-07-04 15:45:00+00:00,2024-07-04 15:50:00+00:00,57991.09,58020.085544999994,2024-07-04 23:40:00+00:00,57439.884689549996,57411.16474720522,0.00014545260012192572,8.439172301816807,0.08439172301816808,57439.884689549996,59180.48725589999,SL,-0.08017424560596592,0.008439172301816808,0.00835060318850924,0.004217477412202004,0.004177390289399263,0.008394867701601267,-0.10535888879789322,-1.2484504999999972,0 days 07:50:00
5m,DEVELOPMENT,368,CLOSED,BTCUSDT,LONG,2024-07-05 10:40:00+00:00,2024-07-05 10:45:00+00:00,55134.01,55161.577005,2024-07-05 15:05:00+00:00,56264.8085451,56236.676140827454,0.00015108195086407098,8.333918666654078,0.08333918666654079,54609.96123495,56264.8085451,TP,0.17084325022796093,0.008333918666654078,0.008496346741467166,0.004164876894879169,0.004250298519993037,0.008415175414872206,0.1455978094049675,1.747051000000009,0 days 04:20:00
5m,DEVELOPMENT,369,CLOSED,BTCUSDT,LONG,2024-07-05 15:05:00+00:00,2024-07-05 15:10:00+00:00,56269.24,56297.374619999995,2024-07-06 15:50:00+00:00,57423.3221124,57394.610451343804,0.00015061752134867134,8.479371023701997,0.08479371023701997,55734.4008738,57423.3221124,TP,0.17382498720252665,0.008479371023701998,0.00864463396495395,0.004237566728486316,0.004324479222087026,0.008562045950573343,0.14813893626329733,1.747051000000016,1 days 00:40:00
5m,DEVELOPMENT,370,CLOSED,BTCUSDT,LONG,2024-07-06 16:10:00+00:00,2024-07-06 16:15:00+00:00,57274.02,57302.657009999995,2024-07-06 23:20:00+00:00,58448.71015019999,58419.4857951249,0.00015055779992041905,8.627361969019978,0.08627361969019978,56729.63043989999,58448.71015019999,TP,0.17685876460229807,0.008627361969019977,0.008795509253796178,0.0043115252218988214,0.004399954604199229,0.00871147982609805,0.15072441355338384,1.7470510000000072,0 days 07:05:00
5m,DEVELOPMENT,371,CLOSED,BTCUSDT,LONG,2024-07-06 23:20:00+00:00,2024-07-06 23:25:00+00:00,58403.99,58433.191994999994,2024-07-07 01:25:00+00:00,57848.86007504999,57819.93564501247,0.0001502217405731448,8.77793580873365,0.0877793580873365,57848.86007504999,59601.855834899994,SL,-0.08339258357022944,0.00877793580873365,0.008685811372420991,0.004386774517107641,0.004345078225322592,0.008731852742430234,-0.10958818349381433,-1.2484505000000004,0 days 02:00:00
5m,DEVELOPMENT,372,CLOSED,BTCUSDT,LONG,2024-07-07 02:05:00+00:00,2024-07-07 02:10:00+00:00,58216.01,58245.118005,2024-07-07 04:50:00+00:00,57662.66682494999,57633.835491537524,0.0001488271875970874,8.668457103944627,0.08668457103944627,57662.66682494999,59410.0203651,SL,-0.08235250851873573,0.008668457103944628,0.008577481646638728,0.004332062520711152,0.004290886266451648,0.0086229487871628,-0.10822139605648189,-1.2484504999999961,0 days 02:40:00
5m,DEVELOPMENT,373,CLOSED,BTCUSDT,LONG,2024-07-07 09:55:00+00:00,2024-07-07 10:00:00+00:00,57733.41,57762.276705000004,2024-07-07 13:05:00+00:00,57184.65393795,57156.06161098103,0.00014819955703771495,8.560343821170921,0.08560343821170921,57184.65393795,58917.522239100006,SL,-0.08132540531757093,0.008560343821170921,0.008470503012767732,0.004278032894138446,0.004237370191479428,0.008515403085617873,-0.10687165523712747,-1.2484505,0 days 03:05:00
5m,DEVELOPMENT,374,CLOSED,BTCUSDT,LONG,2024-07-07 17:55:00+00:00,2024-07-07 18:00:00+00:00,57231.1,57259.71554999999,2024-07-07 21:15:00+00:00,56687.118394499994,56658.77483530275,0.00014763571298991794,8.45357893082414,0.0845357893082414,56687.118394499994,58404.90986099999,SL,-0.08031111218139346,0.00845357893082414,0.008364858619945143,0.004224677126847906,0.004184521570757176,0.008409198697605081,-0.10553874842976782,-1.2484504999999904,0 days 03:15:00
5m,DEVELOPMENT,375,CLOSED,BTCUSDT,LONG,2024-07-08 05:05:00+00:00,2024-07-08 05:10:00+00:00,55708.68,55736.53434,2024-07-08 08:30:00+00:00,56851.2650268,56822.8393942866,0.0001497786992780127,8.348145615709488,0.08348145615709487,55179.1689966,56851.2650268,TP,0.17113489912863722,0.008348145615709488,0.008510850973759667,0.0041719868144472275,0.004257554264011454,0.008429541078458683,0.14584636146070937,1.7470510000000072,0 days 03:20:00
5m,DEVELOPMENT,376,CLOSED,BTCUSDT,LONG,2024-07-08 08:35:00+00:00,2024-07-08 08:40:00+00:00,57000.0,57028.5,2024-07-08 09:00:00+00:00,58169.07,58139.985465000005,0.00014894037676792127,8.493846276509398,0.08493846276509398,56458.215,58169.07,TP,0.17412172626807368,0.008493846276509398,0.008659391340438567,0.004244800737885756,0.004331861601018974,0.00857666233890473,0.148391826312221,1.7470510000000095,0 days 00:20:00
5m,DEVELOPMENT,377,CLOSED,BTCUSDT,LONG,2024-07-08 09:20:00+00:00,2024-07-08 09:25:00+00:00,57808.0,57836.903999999995,2024-07-08 10:45:00+00:00,57258.53496,57229.90569252,0.00014942172318281233,8.64208985923889,0.0864208985923889,57258.53496,58993.64208,SL,-0.08210201310551332,0.00864208985923889,0.008551391126166178,0.0043188854868752595,0.004277834480323074,0.008596719967198335,-0.10789221405811673,-1.2484504999999944,0 days 01:20:00
5m,DEVELOPMENT,378,CLOSED,BTCUSDT,LONG,2024-07-08 12:15:00+00:00,2024-07-08 12:20:00+00:00,57165.22,57193.80261,2024-07-08 14:25:00+00:00,56621.8645839,56593.553651608054,0.00014921731096995166,8.534305429610402,0.08534305429610402,56621.8645839,58337.6786622,SL,-0.08107803409140107,0.008534305429610402,0.008444737894126643,0.0042650202047025,0.004224481187656869,0.008489501392359369,-0.10654657880749749,-1.2484504999999915,0 days 02:05:00
5m,DEVELOPMENT,379,CLOSED,BTCUSDT,LONG,2024-07-08 19:20:00+00:00,2024-07-08 19:25:00+00:00,56350.0,56378.174999999996,2024-07-09 06:20:00+00:00,57505.7385,57476.98563075,0.00014948808277212905,8.427865290941575,0.08427865290941576,55814.393249999994,57505.7385,TP,0.1727691325509362,0.008427865290941576,0.008592124385462028,0.004211826732104083,0.0042982112983799324,0.008510038030484016,0.14723910484404856,1.7470510000000101,0 days 10:55:00
5m,DEVELOPMENT,380,CLOSED,BTCUSDT,LONG,2024-07-09 06:20:00+00:00,2024-07-09 06:25:00+00:00,57498.0,57526.748999999996,2024-07-09 13:50:00+00:00,56951.48151,56923.005769245,0.00014906034936500227,8.574957303772795,0.08574957303772796,56951.48151,58677.28398,SL,-0.08146423705383384,0.008574957303772794,0.008484963126869699,0.004285335983893877,0.004244603865367339,0.008529939849261217,-0.10705409733373754,-1.2484504999999948,0 days 07:25:00
5m,DEVELOPMENT,381,CLOSED,BTCUSDT,LONG,2024-07-09 14:30:00+00:00,2024-07-09 14:35:00+00:00,57657.12,57685.94856,2024-07-09 14:55:00+00:00,57109.0890744,57080.5345298628,0.00014679502313776709,8.468010153589242,0.08468010153589242,57109.0890744,58839.6675312,SL,-0.08044821240366445,0.008468010153589242,0.008379138387027323,0.004231889132227695,0.004191665026026266,0.008423554158253962,-0.10571891510253498,-1.248450499999992,0 days 00:20:00
5m,DEVELOPMENT,382,CLOSED,BTCUSDT,LONG,2024-07-09 16:15:00+00:00,2024-07-09 16:20:00+00:00,57642.53,57671.351265,2024-07-10 04:05:00+00:00,58824.7782903,58795.36590115485,0.0001450008829056783,8.362396851788507,0.08362396851788508,57094.63775235,58824.7782903,TP,0.1714270459072284,0.008362396851788507,0.008525379966429865,0.0041791088714583325,0.004264822394411475,0.008443931265869807,0.14609533782314027,1.7470510000000075,0 days 11:45:00
5m,DEVELOPMENT,383,CLOSED,BTCUSDT,LONG,2024-07-10 04:05:00+00:00,2024-07-10 04:10:00+00:00,58707.4,58736.7537,2024-07-10 12:30:00+00:00,58149.386163,58120.3114699185,0.00014485557515963319,8.508346240223213,0.08508346240223214,58149.386163,59911.488774000005,SL,-0.0808314153056686,0.008508346240223213,0.00841905114643207,0.004252047096563276,0.0042116313889105335,0.00846367848547381,-0.1062224911777977,-1.2484504999999975,0 days 08:20:00
5m,DEVELOPMENT,384,CLOSED,BTCUSDT,LONG,2024-07-10 23:15:00+00:00,2024-07-10 23:20:00+00:00,57699.82,57728.66991,2024-07-11 03:20:00+00:00,57151.3832109,57122.807519294554,0.00014554691591750583,8.402229865420217,0.08402229865420217,57151.3832109,58883.2433082,SL,-0.0798232832292046,0.008402229865420217,0.008314048462982634,0.0041990154249972,0.004159103783382305,0.008358119208379505,-0.10489768076598695,-1.248450499999987,0 days 04:00:00
5m,DEVELOPMENT,385,CLOSED,BTCUSDT,LONG,2024-07-11 05:00:00+00:00,2024-07-11 05:05:00+00:00,57838.0,57866.918999999994,2024-07-11 12:30:00+00:00,59024.257379999995,58994.74525131,0.000143388262602025,8.297436977542109,0.0829743697754211,57288.249809999994,59024.257379999995,TP,0.1700953847170295,0.00829743697754211,0.008459154024234404,0.0041466451661871595,0.004231692858545864,0.008378338024733024,0.14496045569051993,1.7470510000000088,0 days 07:25:00
5m,DEVELOPMENT,386,CLOSED,BTCUSDT,LONG,2024-07-11 12:30:00+00:00,2024-07-11 12:35:00+00:00,59257.99,59287.618995,2024-07-11 12:55:00+00:00,58694.742805049995,58665.39543364747,0.00014239486693342422,8.44225261759258,0.0844225261759258,58694.742805049995,60473.3713749,SL,-0.08020350937553015,0.00844225261759258,0.008353651176370946,0.004219016800395966,0.004178915045708185,0.008397931846104151,-0.10539734501559785,-1.2484505000000024,0 days 00:20:00
5m,DEVELOPMENT,387,CLOSED,BTCUSDT,LONG,2024-07-11 13:00:00+00:00,2024-07-11 13:05:00+00:00,58908.0,58937.454,2024-07-11 13:40:00+00:00,58348.07946,58318.905420270006,0.00014145437236956225,8.336960564629946,0.08336960564629946,58348.07946,60116.20308,SL,-0.07920320856252626,0.008336960564629946,0.008249464163504156,0.0041663970837727896,0.004126795479491052,0.008293192563263841,-0.1040828258539242,-1.248450499999986,0 days 00:35:00
5m,DEVELOPMENT,388,CLOSED,BTCUSDT,LONG,2024-07-12 06:20:00+00:00,2024-07-12 06:25:00+00:00,57320.0,57348.659999999996,2024-07-12 10:20:00+00:00,56775.17339999999,56746.7858133,0.00014356014103246754,8.23298171762303,0.08232981717623031,56775.17339999999,58495.6332,SL,-0.07821538353424087,0.00823298171762303,0.008146576574496576,0.004114433641989977,0.004075325950222704,0.00818975959221268,-0.10278470141857315,-1.2484504999999981,0 days 03:55:00
5m,DEVELOPMENT,389,CLOSED,BTCUSDT,LONG,2024-07-12 11:25:00+00:00,2024-07-12 11:30:00+00:00,57248.53,57277.154265,2024-07-12 16:35:00+00:00,58422.6973503,58393.48600162485,0.00014194664177287855,8.130299698223856,0.08130299698223857,56704.38272235,58422.6973503,TP,0.16666911225444386,0.008130299698223856,0.008288759239342242,0.004063118289966741,0.004146452846093848,0.008209571136060589,0.1420404821808172,1.747051000000004,0 days 05:05:00
5m,DEVELOPMENT,390,CLOSED,BTCUSDT,LONG,2024-07-12 17:10:00+00:00,2024-07-12 17:15:00+00:00,58110.0,58139.055,2024-07-12 19:55:00+00:00,57557.66445,57528.885617775,0.00014228298485107952,8.27219828182108,0.0827219828182108,57557.66445,59301.8361,SL,-0.07858795069336316,0.00827219828182108,0.008185381560853367,0.004134032124848157,0.004094738149501155,0.008228770274349312,-0.10327430081038691,-1.2484505000000028,0 days 02:40:00
5m,DEVELOPMENT,391,CLOSED,BTCUSDT,LONG,2024-07-12 23:35:00+00:00,2024-07-12 23:40:00+00:00,57842.05,57870.971025,2024-07-13 22:50:00+00:00,59028.3904455,58998.87625027725,0.00014115932405231961,8.169027152140373,0.08169027152140373,57292.26131475,59028.3904455,TP,0.16746301538270747,0.008169027152140374,0.008328241491335589,0.004082472339899673,0.004166203847591527,0.0082486761874912,0.1427170705517403,1.7470510000000046,0 days 23:10:00
5m,DEVELOPMENT,392,CLOSED,BTCUSDT,LONG,2024-07-13 22:50:00+00:00,2024-07-13 22:55:00+00:00,59226.42,59256.033209999994,2024-07-14 21:20:00+00:00,60441.1538742,60410.9332972629,0.0001402659138309211,8.311601648196058,0.08311601648196058,58663.47287789999,60441.1538742,TP,0.17038575692603805,0.008311601648196058,0.0084735947643194,0.004153723962116394,0.004238916840579906,0.0083926408026963,0.1452079197108263,1.747051000000007,0 days 22:25:00
5m,DEVELOPMENT,393,CLOSED,BTCUSDT,LONG,2024-07-14 21:20:00+00:00,2024-07-14 21:25:00+00:00,60870.74,60901.17537,2024-07-15 02:25:00+00:00,62119.1988774,62088.1392779613,0.00013885880615065757,8.45666450505003,0.08456664505050031,60292.1636163,62119.1988774,TP,0.1733595092439542,0.00845666450505003,0.008621484896253456,0.004226219142953434,0.0043128988975750645,0.008539118040528499,0.14774224180212225,1.7470510000000075,0 days 05:00:00
5m,DEVELOPMENT,394,CLOSED,BTCUSDT,LONG,2024-07-15 02:25:00+00:00,2024-07-15 02:30:00+00:00,62206.94,62238.04347,2024-07-15 16:40:00+00:00,63482.8043394,63451.0629372303,0.00013824758415409422,8.604259152204998,0.08604259152204997,61615.66303529999,63482.8043394,TP,0.1763851626304087,0.008604259152204998,0.008771956163081475,0.004299979586308593,0.004388172167624109,0.008688151753932703,0.15032079556118955,1.7470510000000072,0 days 14:10:00
5m,DEVELOPMENT,395,CLOSED,BTCUSDT,LONG,2024-07-15 16:40:00+00:00,2024-07-15 16:45:00+00:00,63454.0,63485.727,2024-07-15 22:40:00+00:00,64755.44154,64723.06381923,0.00013789603097939245,8.754429777141253,0.08754429777141252,62850.86973,64755.44154,TP,0.1794636229177082,0.008754429777141253,0.008925053613497736,0.00437502737488304,0.004464759186341599,0.008839786561224638,0.15294435296584458,1.7470510000000063,0 days 05:55:00
5m,DEVELOPMENT,396,CLOSED,BTCUSDT,LONG,2024-07-15 22:40:00+00:00,2024-07-15 22:45:00+00:00,64418.0,64450.208999999995,2024-07-16 05:35:00+00:00,63805.70690999999,63773.804056545,0.0001382031412581718,8.907221338545694,0.08907221338545694,63805.70690999999,65739.21317999999,SL,-0.0846208284086734,0.008907221338545695,0.008813740050597657,0.004451384976783803,0.004409074562579335,0.008860459539363139,-0.11120224933717988,-1.2484504999999941,0 days 06:50:00
5m,DEVELOPMENT,397,CLOSED,BTCUSDT,LONG,2024-07-16 11:15:00+00:00,2024-07-16 11:20:00+00:00,63593.99,63625.786994999995,2024-07-16 15:50:00+00:00,64898.3027349,64865.85358353255,0.00013824788023538212,8.796130180366692,0.08796130180366692,62989.529125049994,64898.3027349,TP,0.18031847076393873,0.008796130180366693,0.008967566757582042,0.0043958671566046255,0.004486026391986163,0.00888189354859079,0.15367288027739923,1.747051000000013,0 days 04:30:00
5m,DEVELOPMENT,398,CLOSED,BTCUSDT,LONG,2024-07-16 15:50:00+00:00,2024-07-16 15:55:00+00:00,64874.0,64906.437,2024-07-16 16:45:00+00:00,64257.37263,64225.243943685,0.0001378853924963279,8.94964954128318,0.08949649541283179,64257.37263,66204.56574,SL,-0.08502390693642868,0.008949649541283178,0.008855722969347413,0.004472588476403123,0.004430076522934403,0.008902664999337527,-0.1117319444463968,-1.2484504999999915,0 days 00:50:00
5m,DEVELOPMENT,399,CLOSED,BTCUSDT,LONG,2024-07-16 17:40:00+00:00,2024-07-16 17:45:00+00:00,64532.01,64564.276005,2024-07-17 01:10:00+00:00,65855.5615251,65822.63374433745,0.00013688729687724632,8.838029217160905,0.08838029217160905,63918.63324495,65855.5615251,TP,0.1811773905486953,0.008838029217160905,0.009010282406603372,0.004416806205477396,0.004507394900751737,0.008924201106229133,0.15440487781870188,1.7470510000000015,0 days 07:25:00
5m,DEVELOPMENT,400,CLOSED,BTCUSDT,LONG,2024-07-17 01:15:00+00:00,2024-07-17 01:20:00+00:00,66090.01,66123.05500499999,2024-07-17 03:10:00+00:00,65461.82445494999,65429.09354272251,0.00013599310926684275,8.992279844352417,0.08992279844352417,65461.82445494999,67445.51610509999,SL,-0.0854289054678369,0.008992279844352417,0.008897905867385938,0.004493892975687368,0.004451178522954395,0.008945071498641762,-0.11226416267821701,-1.2484505000000004,0 days 01:50:00
5m,DEVELOPMENT,401,CLOSED,BTCUSDT,LONG,2024-07-17 03:15:00+00:00,2024-07-17 03:20:00+00:00,65604.0,65636.802,2024-07-17 08:15:00+00:00,64980.433979999994,64947.94376301,0.00013529190276035798,8.88012783368487,0.0888012783368487,64980.433979999994,66949.53804,SL,-0.08436343334250421,0.008880127833684871,0.008786930892070348,0.004437844994344727,0.004395663277673229,0.008833508272017957,-0.11086400034027738,-1.248450499999994,0 days 04:55:00
5m,DEVELOPMENT,402,CLOSED,BTCUSDT,LONG,2024-07-17 15:05:00+00:00,2024-07-17 15:10:00+00:00,65069.99,65102.52499499999,2024-07-17 16:10:00+00:00,64451.499745049994,64419.27399517747,0.00013470099028056428,8.769374586591686,0.08769374586591687,64451.499745049994,66404.5754949,SL,-0.0833112498206442,0.008769374586591687,0.008677340000305409,0.004382496045272469,0.0043408404203626174,0.008723336465635088,-0.10948130087317638,-1.2484504999999946,0 days 01:00:00
5m,DEVELOPMENT,403,CLOSED,BTCUSDT,LONG,2024-07-17 19:45:00+00:00,2024-07-17 19:50:00+00:00,64720.0,64752.35999999999,2024-07-17 21:00:00+00:00,64104.83639999999,64072.7839818,0.000133740340238525,8.660002657647455,0.08660002657647456,64104.83639999999,66047.4072,SL,-0.08227218916635685,0.008660002657647456,0.008569115929755447,0.004327837410117773,0.004286701315534628,0.0086145387256524,-0.10811584647941214,-1.2484504999999906,0 days 01:10:00
5m,DEVELOPMENT,404,CLOSED,BTCUSDT,LONG,2024-07-18 01:15:00+00:00,2024-07-18 01:20:00+00:00,64554.01,64586.287005,2024-07-18 14:40:00+00:00,63940.42413495,63908.45392288253,0.00013241192853127824,8.551994819006683,0.08551994819006684,63940.42413495,65878.0127451,SL,-0.0812460877108033,0.008551994819006684,0.00846224163338121,0.004273860479263218,0.004233237435407664,0.008507097914670882,-0.10676742207786208,-1.2484504999999888,0 days 13:20:00
5m,DEVELOPMENT,405,CLOSED,BTCUSDT,LONG,2024-07-18 21:15:00+00:00,2024-07-18 21:20:00+00:00,63865.17,63897.10258499999,2024-07-19 13:55:00+00:00,65175.0446367,65142.45711438165,0.00013217084525007404,8.44533405769014,0.0844533405769014,63258.131559149995,65175.0446367,TP,0.17312723790427245,0.00844533405769014,0.008609933618474522,0.004220556750469177,0.004307120369421522,0.008527677119890699,0.1475442931082171,1.747051000000011,0 days 16:35:00
5m,DEVELOPMENT,406,CLOSED,BTCUSDT,LONG,2024-07-19 13:55:00+00:00,2024-07-19 14:00:00+00:00,65135.89,65168.457944999995,2024-07-19 16:20:00+00:00,66471.8271039,66438.59119034804,0.00013185413963844478,8.592730953902146,0.08592730953902146,64516.77336554999,66471.8271039,TP,0.17614883744580961,0.008592730953902146,0.0087602032801937,0.004294218367766561,0.004382292786490219,0.008676511154256779,0.150119392057457,1.7470510000000004,0 days 02:20:00
5m,DEVELOPMENT,407,CLOSED,BTCUSDT,LONG,2024-07-19 16:55:00+00:00,2024-07-19 17:00:00+00:00,66419.43,66452.63971499998,2024-07-21 18:10:00+00:00,65788.11331784999,65755.21926119107,0.00013156287566652567,8.742700376536968,0.08742700376536969,65788.11331784999,67781.69250929999,SL,-0.08305783815990467,0.008742700376536967,0.008650945736085214,0.004369165605464431,0.004327636686384533,0.008696802291848963,-0.10914828656437581,-1.2484504999999788,2 days 01:10:00
5m,DEVELOPMENT,408,CLOSED,BTCUSDT,LONG,2024-07-21 19:45:00+00:00,2024-07-21 19:50:00+00:00,67379.99,67413.679995,2024-07-22 14:50:00+00:00,66739.54319504999,66706.17342345248,0.0001280698684578599,8.633661129219911,0.08633661129219912,66739.54319504999,68761.9535949,SL,-0.08202193806420492,0.008633661129219912,0.00854305085566875,0.004314673227995108,0.004273662258962453,0.00858833548695756,-0.10778698553605115,-1.2484504999999944,0 days 19:00:00
5m,DEVELOPMENT,409,CLOSED,BTCUSDT,LONG,2024-07-22 17:50:00+00:00,2024-07-22 17:55:00+00:00,67393.99,67427.686995,2024-07-23 05:05:00+00:00,66753.41012505,66720.03341998748,0.0001264463042254782,8.52598182299009,0.0852598182299009,66753.41012505,68776.2407349,SL,-0.08099895774864774,0.00852598182299009,0.00843650164375781,0.0042608604812532985,0.004220361002379137,0.008481221483632437,-0.10644266269902808,-1.2484504999999904,0 days 11:10:00
5m,DEVELOPMENT,410,CLOSED,BTCUSDT,LONG,2024-07-23 09:20:00+00:00,2024-07-23 09:25:00+00:00,66935.99,66969.457995,2024-07-23 13:30:00+00:00,66299.76341505001,66266.61353334249,0.00012572366193027953,8.419645496617436,0.08419645496617437,66299.76341505001,68308.84715490001,SL,-0.07998873607730961,0.008419645496617436,0.008331281317130438,0.004207718888864168,0.004167724520824869,0.008375443409689036,-0.10511510630074651,-1.248450499999984,0 days 04:05:00
5m,DEVELOPMENT,411,CLOSED,BTCUSDT,LONG,2024-07-24 00:05:00+00:00,2024-07-24 00:10:00+00:00,66016.01,66049.01800499999,2024-07-24 21:30:00+00:00,65388.52782494999,65355.83356103752,0.0001258858292152575,8.314635400412897,0.08314635400412897,65388.52782494999,67369.9983651,SL,-0.07899111392396324,0.008314635400412896,0.008227373301885563,0.004155240080165868,0.004115744523203523,0.008270984603369391,-0.1038041072296311,-1.2484504999999915,0 days 21:20:00
5m,DEVELOPMENT,412,CLOSED,BTCUSDT,LONG,2024-07-25 09:25:00+00:00,2024-07-25 09:30:00+00:00,64462.0,64494.231,2024-07-25 13:55:00+00:00,63849.28869,63817.364045655006,0.00012731270481525843,8.21093499359009,0.0821093499359009,63849.28869,65784.11562,SL,-0.07800593414700015,0.00821093499359009,0.008124761230832363,0.004103415788900565,0.0040644128218265355,0.0081678286107271,-0.10250945898214969,-1.2484504999999908,0 days 04:25:00
5m,DEVELOPMENT,413,CLOSED,BTCUSDT,LONG,2024-07-25 14:40:00+00:00,2024-07-25 14:45:00+00:00,64740.0,64772.369999999995,2024-07-25 22:00:00+00:00,66067.8174,66034.7834913,0.0001251849815231382,8.10852794165987,0.08108527941659871,64124.64629999999,66067.8174,TP,0.1662227966851014,0.00810852794165987,0.008266563151242823,0.004052237851903401,0.004135349250246902,0.008187587102150303,0.14166011849004842,1.7470510000000028,0 days 07:15:00
5m,DEVELOPMENT,414,CLOSED,BTCUSDT,LONG,2024-07-25 22:00:00+00:00,2024-07-25 22:05:00+00:00,66069.5,66102.53474999999,2024-07-26 03:05:00+00:00,67424.58544499999,67390.87315227749,0.00012480681070327687,8.25004654155003,0.08250046541550031,65441.50940249999,67424.58544499999,TP,0.16912389262087943,0.008250046541550031,0.00841083994864484,0.00412296178987903,0.004207523736190406,0.008330485526069437,0.14413252060461512,1.7470509999999986,0 days 05:00:00
5m,DEVELOPMENT,415,CLOSED,BTCUSDT,LONG,2024-07-26 03:05:00+00:00,2024-07-26 03:10:00+00:00,67356.01,67389.68800499999,2024-07-27 13:10:00+00:00,68737.48176509999,68703.11302421744,0.00012455963697294127,8.394035073622574,0.08394035073622573,66715.79112494999,68737.48176509999,TP,0.17207562154922385,0.008394035073622574,0.008557634817207477,0.004194920076772191,0.004280957887547501,0.008475877964319692,0.1466480736940741,1.7470510000000024,1 days 10:00:00
5m,DEVELOPMENT,416,CLOSED,BTCUSDT,LONG,2024-07-27 13:10:00+00:00,2024-07-27 13:15:00+00:00,68858.97,68893.399485,2024-07-27 19:00:00+00:00,68204.46549015,68170.36325740493,0.00012396741501490336,8.540536645744524,0.08540536645744524,68204.46549015,70271.2674747,SL,-0.08113723220170056,0.008540536645744523,0.008450903713647435,0.00426813425574446,0.00422756563964383,0.00849569989538829,-0.10662437245648082,-1.2484505000000008,0 days 05:45:00
5m,DEVELOPMENT,417,CLOSED,BTCUSDT,LONG,2024-07-27 21:55:00+00:00,2024-07-27 22:00:00+00:00,68860.01,68894.440005,2024-07-27 23:15:00+00:00,68205.49560495,68171.39285714753,0.00012241944038634392,8.434018791142645,0.08434018791142645,68205.49560495,70272.3288051,SL,-0.08012528596682639,0.008434018791142644,0.008345503763929603,0.004214901944599266,0.0041748393016158665,0.008389741246215133,-0.10529454976811375,-1.2484504999999935,0 days 01:15:00
5m,DEVELOPMENT,418,CLOSED,BTCUSDT,LONG,2024-07-28 10:35:00+00:00,2024-07-28 10:40:00+00:00,67646.0,67679.82299999999,2024-07-29 02:15:00+00:00,69033.41945999999,68998.90275026999,0.00012306222241058372,8.328829430734938,0.08328829430734938,67003.02476999999,69033.41945999999,TP,0.17073892216329073,0.008328829430734938,0.008491158316339963,0.00416233354859187,0.004247703009674819,0.008410036558266689,0.14550889785794918,1.7470510000000017,0 days 15:35:00
5m,DEVELOPMENT,419,CLOSED,BTCUSDT,LONG,2024-07-29 02:15:00+00:00,2024-07-29 02:20:00+00:00,69130.0,69164.565,2024-07-29 14:45:00+00:00,68472.91935,68438.682890325,0.0001225221754095983,8.474192965058563,0.08474192965058563,68472.91935,70547.8563,SL,-0.0805069506575533,0.008474192965058563,0.008385256309890274,0.00423497899303305,0.004194725517703695,0.008429704510736744,-0.10579610444323888,-1.248450500000005,0 days 12:25:00
5m,DEVELOPMENT,420,CLOSED,BTCUSDT,LONG,2024-07-30 04:55:00+00:00,2024-07-30 05:00:00+00:00,66808.04,66841.44402,2024-07-30 14:00:00+00:00,66173.0295798,66139.9430650101,0.00012519930820951996,8.368502551029355,0.08368502551029355,66173.0295798,68178.2729004,SL,-0.0795028653148757,0.008368502551029356,0.008280675116756302,0.00418216019541719,0.004142408762759798,0.008324568958176988,-0.10447661194083835,-1.2484504999999952,0 days 09:00:00
5m,DEVELOPMENT,421,CLOSED,BTCUSDT,LONG,2024-07-30 20:55:00+00:00,2024-07-30 21:00:00+00:00,66186.0,66219.093,2024-07-31 04:50:00+00:00,65556.90207,65524.123618965,0.00012479981130711376,8.264130311328216,0.08264130311328216,65556.90207,67543.47485999999,SL,-0.0785113029576963,0.008264130311328216,0.008177398263710828,0.004130000155585502,0.0040907445041069275,0.00822074465969243,-0.10317357619242778,-1.2484504999999892,0 days 07:50:00
5m,DEVELOPMENT,422,CLOSED,BTCUSDT,LONG,2024-07-31 06:40:00+00:00,2024-07-31 06:45:00+00:00,66453.86,66487.08692999999,2024-07-31 19:25:00+00:00,65822.2160607,65789.30495266966,0.00012274653895174764,8.161059805641475,0.08161059805641475,65822.2160607,67816.82866859999,SL,-0.07753210739892323,0.008161059805641475,0.00807540948298127,0.004078490657490741,0.004039724603791425,0.008118215261282166,-0.10188679194882813,-1.2484504999999768,0 days 12:40:00
5m,DEVELOPMENT,423,CLOSED,BTCUSDT,LONG,2024-08-01 06:35:00+00:00,2024-08-01 06:40:00+00:00,64410.0,64442.204999999994,2024-08-01 15:00:00+00:00,63797.78294999999,63765.884058525,0.00012506205830014027,8.05927479869959,0.08059274798699591,63797.78294999999,65731.04909999999,SL,-0.07656512439944071,0.00805927479869959,0.00797469270968724,0.004027623587555326,0.003989341025355476,0.008016964612910802,-0.10061605652073836,-1.2484504999999917,0 days 08:20:00
5m,DEVELOPMENT,424,CLOSED,BTCUSDT,LONG,2024-08-01 20:10:00+00:00,2024-08-01 20:15:00+00:00,63534.0,63565.767,2024-08-01 21:05:00+00:00,64837.08234,64804.663798830006,0.00012520511642248938,7.958759257719834,0.07958759257719834,62930.10933,64837.08234,TP,0.16315257608779,0.007958759257719834,0.008113875475652794,0.003977390933393199,0.004058967221436435,0.008036358154829634,0.13904358319958776,1.7470510000000103,0 days 00:50:00
5m,DEVELOPMENT,425,CLOSED,BTCUSDT,LONG,2024-08-01 21:20:00+00:00,2024-08-01 21:25:00+00:00,64845.92,64878.342959999994,2024-08-02 02:20:00+00:00,64229.559530399994,64197.4447506348,0.00012481305111681758,8.0976639362409,0.08097663936240901,64229.559530399994,66175.9098192,SL,-0.07692983079857096,0.0080976639362409,0.008012678953230054,0.004046808563838062,0.004008343648438475,0.008055152212276536,-0.10109532590031846,-1.2484504999999908,0 days 04:55:00
5m,DEVELOPMENT,426,CLOSED,BTCUSDT,LONG,2024-08-02 08:55:00+00:00,2024-08-02 09:00:00+00:00,64598.01,64630.309004999996,2024-08-02 14:40:00+00:00,63984.005914949994,63952.01391199252,0.00012372940386303128,7.996669604672152,0.07996669604672152,63984.005914949994,65922.91518509999,SL,-0.07597035941270347,0.007996669604672152,0.007912744557171118,0.00399633663401826,0.0039583514543122715,0.007954688088330532,-0.09983446166287727,-1.248450499999997,0 days 05:40:00
5m,DEVELOPMENT,427,CLOSED,BTCUSDT,LONG,2024-08-03 03:40:00+00:00,2024-08-03 03:45:00+00:00,61850.0,61880.924999999996,2024-08-03 15:45:00+00:00,61262.11575,61231.484692125,0.00012761501024324075,7.896934877736212,0.07896934877736211,61262.11575,63118.5435,SL,-0.07502285458559026,0.007896934877736211,0.00781405654619437,0.003946494191771663,0.00390898276447918,0.007855476956250843,-0.09858932296577168,-1.2484504999999944,0 days 12:00:00
5m,DEVELOPMENT,428,CLOSED,BTCUSDT,LONG,2024-08-03 22:30:00+00:00,2024-08-03 22:35:00+00:00,60679.99,60710.32999499999,2024-08-04 08:10:00+00:00,60103.22669504999,60073.175081702466,0.00012845332987392494,7.798444045602574,0.07798444045602575,60103.22669504999,61924.5365949,SL,-0.07408716706991846,0.0077984440456025745,0.007716599375343975,0.003897273386107567,0.0038602298025732533,0.00775750318868082,-0.09735971367954582,-1.2484505000000032,0 days 09:35:00
5m,DEVELOPMENT,429,CLOSED,BTCUSDT,LONG,2024-08-04 09:50:00+00:00,2024-08-04 09:55:00+00:00,60730.0,60760.365,2024-08-04 14:30:00+00:00,60152.76135,60122.684969325004,0.00012674679611246998,7.701181594374257,0.07701181594374258,60152.76135,61975.5723,SL,-0.07316314947978733,0.007701181594374258,0.0076203576935413,0.003848666463954893,0.00381208488921481,0.007660751353169703,-0.0961454401208726,-1.2484504999999897,0 days 04:35:00
5m,DEVELOPMENT,430,CLOSED,BTCUSDT,LONG,2024-08-04 19:50:00+00:00,2024-08-04 19:55:00+00:00,59376.11,59405.798055,2024-08-04 21:20:00+00:00,58811.74007445,58782.33420441278,0.00012802003260023565,7.605132203644115,0.07605132203644115,58811.74007445,60593.9140161,SL,-0.07225065626750397,0.007605132203644115,0.0075253163411668714,0.003800665768937424,0.0037645404408030493,0.007565206209740473,-0.09494631102205545,-1.2484504999999932,0 days 01:25:00
5m,DEVELOPMENT,431,CLOSED,BTCUSDT,LONG,2024-08-05 14:15:00+00:00,2024-08-05 14:20:00+00:00,53638.0,53664.818999999996,2024-08-05 14:20:00+00:00,53128.170809999996,53101.606724594996,0.0001399479376625052,7.510280744081624,0.07510280744081624,53128.170809999996,54738.115379999996,SL,-0.07134954370064608,0.007510280744081624,0.007431460347672488,0.0037532637401701484,0.0037175889683203744,0.007470852708490523,-0.09376213750089071,-1.2484504999999995,0 days 00:00:00
5m,DEVELOPMENT,432,CLOSED,BTCUSDT,LONG,2024-08-05 14:30:00+00:00,2024-08-05 14:35:00+00:00,53424.65,53451.362325,2024-08-05 15:10:00+00:00,54520.3895715,54493.129376714256,0.0001387544105977053,7.416612275049766,0.07416612275049767,52916.84870175,54520.3895715,TP,0.15203869841206494,0.007416612275049766,0.007561162048290487,0.0037064529110694064,0.0037824722602750258,0.007488925171344432,0.12957199891738025,1.7470510000000075,0 days 00:35:00
5m,DEVELOPMENT,433,CLOSED,BTCUSDT,LONG,2024-08-05 15:10:00+00:00,2024-08-05 15:15:00+00:00,54459.9,54487.129949999995,2024-08-05 16:25:00+00:00,55576.87254899999,55549.0841127255,0.0001384924263461006,7.546054831410787,0.07546054831410787,53942.25865049999,55576.87254899999,TP,0.1546922384729975,0.007546054831410787,0.0076931274400749835,0.0037711418447821093,0.003848487964018854,0.007619629808800963,0.13183342639271078,1.7470510000000044,0 days 01:10:00
5m,DEVELOPMENT,434,CLOSED,BTCUSDT,LONG,2024-08-05 16:25:00+00:00,2024-08-05 16:30:00+00:00,55461.76,55489.49088,2024-08-05 16:30:00+00:00,54934.5959712,54907.1286732144,0.0001383641557044113,7.6777565560788315,0.07677756556078831,54934.5959712,56599.2806976,SL,-0.0729406057626487,0.007677756556078831,0.007597178501022784,0.003836959798139726,0.003800489495258581,0.007637449293398307,-0.09585299011314863,-1.248450499999996,0 days 00:00:00
5m,DEVELOPMENT,435,CLOSED,BTCUSDT,LONG,2024-08-05 17:40:00+00:00,2024-08-05 17:45:00+00:00,54703.44,54730.79172,2024-08-05 18:15:00+00:00,54183.4838028,54156.3920608986,0.00013853260815205621,7.581999323198563,0.07581999323198563,54183.4838028,55825.4075544,SL,-0.07203088812294102,0.007581999323198563,0.007502426240301594,0.003789105109044586,0.0037530896649833416,0.007542194774027927,-0.0946575084604691,-1.2484505000000004,0 days 00:30:00
5m,DEVELOPMENT,436,CLOSED,BTCUSDT,LONG,2024-08-05 20:55:00+00:00,2024-08-05 21:00:00+00:00,54393.85,54421.046924999995,2024-08-05 23:55:00+00:00,53876.836455749995,53849.89803752212,0.00013758346817550882,7.487436377683609,0.07487436377683608,53876.836455749995,55509.467863499995,SL,-0.07113251651162733,0.0074874363776836084,0.0074088557328998205,0.003741847265208726,0.0037062810069531976,0.007448128272161923,-0.09347693689437268,-1.2484504999999972,0 days 02:55:00
5m,DEVELOPMENT,437,CLOSED,BTCUSDT,LONG,2024-08-06 00:10:00+00:00,2024-08-06 00:15:00+00:00,54995.49,55022.987745,2024-08-06 01:00:00+00:00,56123.4474999,56095.385776150055,0.00013438115826442892,7.394052824342578,0.07394052824342577,54472.75786755,56123.4474999,TP,0.15157623530961192,0.007394052824342578,0.007538162913889016,0.003695178822759987,0.00377096694041423,0.007466145763174217,0.1291778738082061,1.747051000000012,0 days 00:45:00
5m,DEVELOPMENT,438,CLOSED,BTCUSDT,LONG,2024-08-06 01:00:00+00:00,2024-08-06 01:05:00+00:00,56219.62,56247.72981,2024-08-06 01:35:00+00:00,55685.2525119,55657.409885644054,0.0001337494273055676,7.523101649325802,0.07523101649325802,55685.2525119,57372.684406199995,SL,-0.07147134550409028,0.007523101649325801,0.007444146697516129,0.003759670989167577,0.003723935316415496,0.007483606305583073,-0.09392220015651528,-1.2484504999999877,0 days 00:30:00
5m,DEVELOPMENT,439,CLOSED,BTCUSDT,LONG,2024-08-06 01:50:00+00:00,2024-08-06 01:55:00+00:00,55825.12,55853.03256,2024-08-06 04:00:00+00:00,55294.5022344,55266.85498328281,0.00013301468043942273,7.429273277541073,0.07429273277541074,55294.5022344,56970.0932112,SL,-0.07057995252676451,0.007429273277541074,0.00735130305449328,0.003712780248645818,0.003677490272382298,0.007390270521028116,-0.09275079937982697,-1.2484504999999873,0 days 02:05:00
5m,DEVELOPMENT,440,CLOSED,BTCUSDT,LONG,2024-08-06 04:10:00+00:00,2024-08-06 04:15:00+00:00,55693.15,55720.996575,2024-08-06 08:30:00+00:00,55163.78660925,55136.20471594537,0.00013166697631524703,7.336615136302485,0.07336615136302485,55163.78660925,56835.4165065,SL,-0.06969967703203968,0.007336615136302485,0.007259617360446991,0.0036664743309852152,0.0036316244924697078,0.007298098823454923,-0.09159400835224407,-1.2484505000000001,0 days 04:15:00
5m,DEVELOPMENT,441,CLOSED,BTCUSDT,LONG,2024-08-06 12:25:00+00:00,2024-08-06 12:30:00+00:00,55461.02,55488.75050999999,2024-08-06 12:35:00+00:00,54933.86300489999,54906.39607339755,0.00013056903541467204,7.24511263045609,0.0724511263045609,54933.86300489999,56598.52552019999,SL,-0.06883038036230472,0.00724511263045609,0.007169075173399454,0.003620745942256128,0.0035863307520749704,0.0072070766943310985,-0.09045164486049137,-1.2484504999999886,0 days 00:05:00
5m,DEVELOPMENT,442,CLOSED,BTCUSDT,LONG,2024-08-06 14:10:00+00:00,2024-08-06 14:15:00+00:00,56149.99,56178.06499499999,2024-08-07 00:15:00+00:00,55616.28434504999,55588.47620287747,0.00012735845115911289,7.154751346879176,0.07154751346879176,55616.28434504999,57301.626294899994,SL,-0.06797192558929255,0.007154751346879176,0.00707966223149368,0.0035755878794992524,0.003541601916704799,0.007117189796204052,-0.08932352896386946,-1.248450499999995,0 days 10:00:00
5m,DEVELOPMENT,443,CLOSED,BTCUSDT,LONG,2024-08-07 01:45:00+00:00,2024-08-07 01:50:00+00:00,56768.01,56796.394005,2024-08-07 14:25:00+00:00,56228.43006495,56200.315849917526,0.000124400803536717,7.065517052209977,0.07065517052209977,56228.43006495,57932.321885100006,SL,-0.0671241774925098,0.007065517052209977,0.0069913644507470325,0.003530993029590179,0.003497430940843816,0.007028423970433995,-0.08820948296590082,-1.2484505000000015,0 days 12:35:00
5m,DEVELOPMENT,444,CLOSED,BTCUSDT,LONG,2024-08-08 01:10:00+00:00,2024-08-08 01:15:00+00:00,55890.15,55918.095075,2024-08-08 01:40:00+00:00,57036.4569765,57007.93874801175,0.00012477885166236916,6.97739569060568,0.0697739569060568,55358.91412425,57036.4569765,TP,0.14303486818023195,0.00697739569060568,0.007113385132615585,0.003486954368118281,0.0035584718022084825,0.007045426170326764,0.12189866118668391,1.7470510000000068,0 days 00:25:00
5m,DEVELOPMENT,445,CLOSED,BTCUSDT,LONG,2024-08-08 01:40:00+00:00,2024-08-08 01:45:00+00:00,57346.54,57375.21327,2024-08-08 01:45:00+00:00,56801.4611373,56773.060406731354,0.00012373239540740903,7.099172574908062,0.07099172574908062,56801.4611373,58522.7175354,SL,-0.06744391336781724,0.007099172574908062,0.007024666758734402,0.003547812381263315,0.0035140904245790443,0.00706190280584236,-0.08862965550730208,-1.248450499999993,0 days 00:00:00
5m,DEVELOPMENT,446,CLOSED,BTCUSDT,LONG,2024-08-08 02:00:00+00:00,2024-08-08 02:05:00+00:00,57156.01,57184.588005,2024-08-08 12:30:00+00:00,58328.2797651,58299.115625217455,0.000122596519536036,7.010631460515152,0.07010631460515153,56612.74212495,58328.2797651,TP,0.14371619315858625,0.007010631460515153,0.007147268667680594,0.0035035639482829143,0.0035754220448621136,0.0070789859931450275,0.1224793070372455,1.747051000000013,0 days 10:25:00
5m,DEVELOPMENT,447,CLOSED,BTCUSDT,LONG,2024-08-08 12:30:00+00:00,2024-08-08 12:35:00+00:00,58380.19,58409.380095,2024-08-08 12:40:00+00:00,57825.28629405,57796.37365090298,0.00012212059773620017,7.132988410602312,0.07132988410602313,57825.28629405,59577.567696900005,SL,-0.06776517225664717,0.007132988410602312,0.007058127697233041,0.003564711849376237,0.0035308292632476924,0.00709554111262393,-0.08905182947710645,-1.2484504999999975,0 days 00:05:00
5m,DEVELOPMENT,448,CLOSED,BTCUSDT,LONG,2024-08-08 13:10:00+00:00,2024-08-08 13:15:00+00:00,57983.15,58012.141575,2024-08-08 13:30:00+00:00,57432.02015925,57403.30414917038,0.0001214232978261123,7.0440255439918165,0.07044025543991816,57432.02015925,59172.3844065,SL,-0.06692000279424508,0.007044025543991817,0.006970098495907623,0.0035202526456730734,0.0034867926442758933,0.007007045289948967,-0.0879411721240935,-1.2484504999999992,0 days 00:15:00
5m,DEVELOPMENT,449,CLOSED,BTCUSDT,LONG,2024-08-08 14:25:00+00:00,2024-08-08 14:30:00+00:00,58178.64,58207.72932,2024-08-08 15:35:00+00:00,59371.8839064,59342.1979644468,0.000119505988404815,6.95617222518653,0.0695617222518653,57625.652026799995,59371.8839064,TP,0.14259979244235446,0.00695617222518653,0.007091748021855416,0.0034763479386238495,0.003547647834844828,0.007023995773468678,0.12152787642184384,1.7470510000000046,0 days 01:05:00
5m,DEVELOPMENT,450,CLOSED,BTCUSDT,LONG,2024-08-08 15:35:00+00:00,2024-08-08 15:40:00+00:00,59255.77,59285.39788499999,2024-08-08 21:40:00+00:00,60471.105842699995,60440.87028977865,0.00011938148258475543,7.077578695138423,0.07077578695138423,58692.54390614999,60471.105842699995,TP,0.14508859473991892,0.0070775786951384236,0.007215520703906671,0.0035370208371499705,0.003609565134520061,0.007146585971670031,0.1236489093692038,1.7470510000000146,0 days 06:00:00
5m,DEVELOPMENT,451,CLOSED,BTCUSDT,LONG,2024-08-08 21:40:00+00:00,2024-08-08 21:45:00+00:00,60511.93,60542.185965,2024-08-08 22:50:00+00:00,61753.029684299996,61722.15316945785,0.00011894357569590676,7.201104079123641,0.07201104079123641,59936.76410535,61753.029684299996,TP,0.14762083424570252,0.0072011040791236415,0.007341453597625762,0.003598752663229807,0.0036725630803523895,0.007271315743582196,0.12580696082537093,1.747051000000008,0 days 01:05:00
5m,DEVELOPMENT,452,CLOSED,BTCUSDT,LONG,2024-08-08 22:50:00+00:00,2024-08-08 22:55:00+00:00,61947.02,61977.99350999999,2024-08-09 00:10:00+00:00,61358.21357489999,61327.53446811255,0.00011821591735600975,7.326785358669468,0.07326785358669467,61358.21357489999,63217.55338019999,SL,-0.06960629168830954,0.007326785358669468,0.007249890746330233,0.0036615618983850884,0.0036267587525406473,0.007288320650925736,-0.09147128844423497,-1.2484504999999892,0 days 01:15:00
5m,DEVELOPMENT,453,CLOSED,BTCUSDT,LONG,2024-08-09 01:35:00+00:00,2024-08-09 01:40:00+00:00,61524.03,61554.792015,2024-08-09 04:40:00+00:00,60939.24409485,60908.77447280258,0.00011754414584603922,7.23540545013377,0.07235405450133771,60939.24409485,62785.8878553,SL,-0.06873815972365944,0.007235405450133771,0.007159469869934617,0.0036158947776780753,0.0035815256978158146,0.00719742047549389,-0.09033045551922171,-1.2484504999999917,0 days 03:00:00
5m,DEVELOPMENT,454,CLOSED,BTCUSDT,LONG,2024-08-09 09:05:00+00:00,2024-08-09 09:10:00+00:00,61176.0,61206.587999999996,2024-08-09 10:20:00+00:00,60594.522119999994,60564.22485894,0.00011673849937248346,7.145165234829853,0.07145165234829853,60594.522119999994,62430.71976,SL,-0.0678808551294937,0.007145165234829853,0.007070176725690314,0.003570797218805069,0.003536856791240457,0.007107654010045526,-0.08920385110005939,-1.2484504999999988,0 days 01:10:00
5m,DEVELOPMENT,455,CLOSED,BTCUSDT,LONG,2024-08-09 17:30:00+00:00,2024-08-09 17:35:00+00:00,60527.0,60557.263499999994,2024-08-09 18:15:00+00:00,59951.69086499999,59921.71501956749,0.00011651864847667958,7.056050498466158,0.07056050498466158,59951.69086499999,61768.408769999995,SL,-0.0670342428664888,0.0070560504984661584,0.0069819972484847555,0.0035262621181732534,0.003492744996740553,0.007019007114913807,-0.08809129772835353,-1.248450500000004,0 days 00:40:00
5m,DEVELOPMENT,456,CLOSED,BTCUSDT,LONG,2024-08-09 19:15:00+00:00,2024-08-09 19:20:00+00:00,60520.01,60550.270005,2024-08-09 21:15:00+00:00,59944.76730495,59914.79492129753,0.00011507871399180955,6.968047204032239,0.06968047204032239,59944.76730495,61761.2754051,SL,-0.06619818957953681,0.00696804720403224,0.006894917548625922,0.003482282460785319,0.003449183365995586,0.006931465826780905,-0.08699262015897588,-1.248450499999991,0 days 01:55:00
5m,DEVELOPMENT,457,CLOSED,BTCUSDT,LONG,2024-08-09 22:20:00+00:00,2024-08-09 22:25:00+00:00,60770.01,60800.395005,2024-08-11 13:10:00+00:00,60192.39105495,60162.29485942253,0.00011317593395605128,6.881141489587709,0.0688114148958771,60192.39105495,62016.402905099996,SL,-0.06537256357674308,0.006881141489587709,0.006808923909654488,0.0034388513191338866,0.0034061650373452155,0.006845016356479102,-0.08590764533246438,-1.248450499999988,1 days 14:45:00
5m,DEVELOPMENT,458,CLOSED,BTCUSDT,LONG,2024-08-12 08:00:00+00:00,2024-08-12 08:05:00+00:00,58818.22,58847.629109999994,2024-08-12 08:55:00+00:00,58259.152818899995,58230.02324249055,0.00011547312557616742,6.795319666078755,0.06795319666078756,58259.152818899995,60024.581692199994,SL,-0.064557234808675,0.006795319666078755,0.006724002786183259,0.0033959618521125397,0.0033636832347085912,0.006759645086821131,-0.08483620234775814,-1.248450499999994,0 days 00:50:00
5m,DEVELOPMENT,459,CLOSED,BTCUSDT,LONG,2024-08-12 10:50:00+00:00,2024-08-12 10:55:00+00:00,58834.11,58863.527055,2024-08-12 13:55:00+00:00,58274.891784449996,58245.754338557774,0.00011400214276850547,6.710568215181894,0.06710568215181895,58274.891784449996,60040.7975961,SL,-0.06375207484788054,0.006710568215181894,0.00664014080176356,0.003353607303938758,0.0033217312665146815,0.006675338570453439,-0.08377812243527943,-1.2484505,0 days 03:00:00
5m,DEVELOPMENT,460,CLOSED,BTCUSDT,LONG,2024-08-12 14:30:00+00:00,2024-08-12 14:35:00+00:00,59902.86,59932.811429999994,2024-08-12 15:25:00+00:00,59333.483315699996,59303.81657404215,0.00011057171571059442,6.626873787174623,0.06626873787174622,59333.483315699996,61131.4676586,SL,-0.06295695686866101,0.006626873787174623,0.006557324746778227,0.003311781003085073,0.0032803025246513663,0.00659208352773644,-0.0827332389303503,-1.2484504999999968,0 days 00:50:00
5m,DEVELOPMENT,461,CLOSED,BTCUSDT,LONG,2024-08-12 16:35:00+00:00,2024-08-12 16:40:00+00:00,59935.15,59965.117575,2024-08-12 17:50:00+00:00,59365.46639925,59335.783666050374,0.00010913383419364732,6.544223198832617,0.06544223198832617,59365.46639925,61164.4199265,SL,-0.062171755627090736,0.006544223198832617,0.006475541576360868,0.003270476361235158,0.0032393904834221057,0.006509866844657264,-0.08170138724694148,-1.248450499999995,0 days 01:10:00
5m,DEVELOPMENT,462,CLOSED,BTCUSDT,LONG,2024-08-12 23:15:00+00:00,2024-08-12 23:20:00+00:00,59726.0,59755.863,2024-08-13 03:10:00+00:00,59158.30437,59128.725217815,0.00010815011459801284,6.4626034313531555,0.06462603431353156,59158.30437,60950.98026,SL,-0.06139634744129131,0.006462603431353155,0.006394778408341105,0.003229686872240193,0.00319898869851948,0.006428675570759673,-0.08068240485174524,-1.248450499999994,0 days 03:50:00
5m,DEVELOPMENT,463,CLOSED,BTCUSDT,LONG,2024-08-13 03:15:00+00:00,2024-08-13 03:20:00+00:00,59456.0,59485.727999999996,2024-08-13 03:45:00+00:00,58890.87071999999,58861.42528464,0.00010728626584690131,6.382001628304461,0.06382001628304461,58890.87071999999,60675.442559999996,SL,-0.06063061017194882,0.0063820016283044605,0.006315022521215406,0.0031894061110962013,0.0031590908060100654,0.006348496917106266,-0.07967613123857495,-1.2484504999999964,0 days 00:25:00
5m,DEVELOPMENT,464,CLOSED,BTCUSDT,LONG,2024-08-13 07:10:00+00:00,2024-08-13 07:15:00+00:00,59403.64,59433.341819999994,2024-08-13 09:15:00+00:00,58839.00840179999,58809.5888975991,0.00010604157364544761,6.302405093600591,0.06302405093600591,58839.00840179999,60622.008656399994,SL,-0.05987442320307301,0.0063024050936005905,0.006236261352143253,0.003149627732933274,0.0031196905213316728,0.006269318254264947,-0.07868240790308181,-1.2484504999999964,0 days 02:00:00
5m,DEVELOPMENT,465,CLOSED,BTCUSDT,LONG,2024-08-13 13:30:00+00:00,2024-08-13 13:35:00+00:00,59068.56,59098.09428,2024-08-13 16:35:00+00:00,60280.0561656,60249.916137517204,0.00010531306238089425,6.223801289501609,0.06223801289501609,58507.1133372,60280.0561656,TP,0.12758637126204714,0.0062238012895016095,0.006345103176633996,0.003110345472014782,0.003174138657645267,0.006284484129660049,0.10873298266625149,1.7470510000000117,0 days 03:00:00
5m,DEVELOPMENT,466,CLOSED,BTCUSDT,LONG,2024-08-13 16:35:00+00:00,2024-08-13 16:40:00+00:00,60474.35,60504.58717499999,2024-08-14 12:25:00+00:00,61714.678918499994,61683.82157904075,0.00010466025707264161,6.332425647809553,0.06332425647809553,59899.54130324999,61714.678918499994,TP,0.1298131434648411,0.006332425647809553,0.0064558446236853625,0.0031646305086499025,0.0032295370803824383,0.006394167589032341,0.11063070560431384,1.747051000000009,0 days 19:45:00
5m,DEVELOPMENT,467,CLOSED,BTCUSDT,LONG,2024-08-14 12:25:00+00:00,2024-08-14 12:30:00+00:00,61699.99,61730.839994999995,2024-08-14 12:30:00+00:00,61113.53159504999,61082.974829252475,0.00010437158855687543,6.44294583322845,0.0644294583322845,61113.53159504999,62965.4567949,SL,-0.061209595347163304,0.00644294583322845,0.006375327116708718,0.0032198629851213356,0.0031892581874474455,0.006409121172568781,-0.08043698946966925,-1.2484504999999921,0 days 00:00:00
5m,DEVELOPMENT,468,CLOSED,BTCUSDT,LONG,2024-08-15 09:15:00+00:00,2024-08-15 09:20:00+00:00,58453.2,58482.42659999999,2024-08-15 14:00:00+00:00,59652.07513199999,59622.249094433995,0.00010879489053882075,6.362589200391618,0.06362589200391618,57897.60233399999,59652.07513199999,TP,0.1304314887556536,0.006362589200391618,0.006486596063907251,0.0031797047478213008,0.003244920492199252,0.006424625240020553,0.11115767825133417,1.7470510000000066,0 days 04:40:00
5m,DEVELOPMENT,469,CLOSED,BTCUSDT,LONG,2024-08-15 14:25:00+00:00,2024-08-15 14:30:00+00:00,59444.45,59474.172224999995,2024-08-15 17:55:00+00:00,58879.430502749994,58849.990787498624,0.0001088478509212464,6.4736358320113325,0.06473635832011333,58879.430502749994,60663.655669499996,SL,-0.06150115800426592,0.006473635832011332,0.006405695023954374,0.0032352003158474933,0.003204449736845089,0.006439650052692583,-0.0808201389129242,-1.248450499999993,0 days 03:25:00
5m,DEVELOPMENT,470,CLOSED,BTCUSDT,LONG,2024-08-15 23:25:00+00:00,2024-08-15 23:30:00+00:00,57723.6,57752.4618,2024-08-16 01:15:00+00:00,57174.937181999994,57146.349713409,0.00011069478656402354,6.392896432497922,0.06392896432497923,57174.937181999994,58907.511035999996,SL,-0.06073411353412617,0.006392896432497922,0.006325802984438857,0.003194850790853398,0.0031644837340858998,0.006359334524939298,-0.07981214747600225,-1.2484504999999964,0 days 01:45:00
5m,DEVELOPMENT,471,CLOSED,BTCUSDT,LONG,2024-08-16 02:30:00+00:00,2024-08-16 02:35:00+00:00,58209.6,58238.70479999999,2024-08-16 12:35:00+00:00,57656.317751999995,57627.489593123995,0.00010840151818481001,6.313164017436981,0.06313164017436981,57656.317751999995,59403.47889599999,SL,-0.059976635667904905,0.006313164017436981,0.006246907361073981,0.0031550045064645755,0.003125016188631316,0.006280020695095891,-0.07881672774151176,-1.2484504999999948,0 days 10:00:00
5m,DEVELOPMENT,472,CLOSED,BTCUSDT,LONG,2024-08-16 16:55:00+00:00,2024-08-16 17:00:00+00:00,58563.18,58592.46159,2024-08-16 19:20:00+00:00,59764.3108218,59734.4286663891,0.00010640321055822059,6.234426027685222,0.06234426027685222,58006.536974099996,59764.3108218,TP,0.12780417573995367,0.0062344260276852225,0.006355934990964807,0.003115655186249347,0.0031795572741188764,0.006295212460368223,0.10891860226093544,1.747051000000008,0 days 02:20:00
5m,DEVELOPMENT,473,CLOSED,BTCUSDT,LONG,2024-08-16 19:20:00+00:00,2024-08-16 19:25:00+00:00,59716.09,59745.94804499999,2024-08-16 21:10:00+00:00,59148.48856454999,59118.914320267715,0.0001061701425404788,6.34323582015369,0.06343235820153689,59148.48856454999,60940.86700589999,SL,-0.060262325307907684,0.00634323582015369,0.006276663560221178,0.003170032893629349,0.003139901730975957,0.006309934624605306,-0.07919215931288785,-1.2484505000000004,0 days 01:45:00
5m,DEVELOPMENT,474,CLOSED,BTCUSDT,LONG,2024-08-17 01:25:00+00:00,2024-08-17 01:30:00+00:00,59248.29,59277.914144999995,2024-08-18 23:45:00+00:00,58685.13500354999,58655.79243604822,0.00010567380556887288,6.2641227738870695,0.0626412277388707,58685.13500354999,60463.47242789999,SL,-0.059510731599997466,0.0062641227738870695,0.006198380805375124,0.003130496138873497,0.0031007407730737355,0.006231236911947232,-0.0782044720912069,-1.2484504999999986,1 days 22:15:00
5m,DEVELOPMENT,475,CLOSED,BTCUSDT,LONG,2024-08-19 09:05:00+00:00,2024-08-19 09:10:00+00:00,58647.3,58676.62365,2024-08-19 09:45:00+00:00,58089.8574135,58060.812484793256,0.00010542522802675964,6.185996428141608,0.06185996428141608,58089.8574135,59850.156123,SL,-0.05876851179358931,0.006185996428141608,0.006121074395628262,0.003091452487826727,0.003062068231929658,0.0061535207197563856,-0.07722910333711555,-1.248450499999992,0 days 00:35:00
5m,DEVELOPMENT,476,CLOSED,BTCUSDT,LONG,2024-08-19 12:50:00+00:00,2024-08-19 12:55:00+00:00,58457.19,58486.418594999996,2024-08-20 00:20:00+00:00,59656.1469669,59626.31889341655,0.00010444894085681155,6.108844476755878,0.06108844476755878,57901.55440905,59656.1469669,TP,0.1252297853256,0.006108844476755878,0.006227905855607851,0.0030528957904819897,0.003115510683145284,0.006168406473627274,0.10672462851960901,1.747051000000011,0 days 11:25:00
5m,DEVELOPMENT,477,CLOSED,BTCUSDT,LONG,2024-08-20 00:20:00+00:00,2024-08-20 00:25:00+00:00,59831.98,59861.89599,2024-08-20 05:15:00+00:00,61059.133909799995,61028.6043428451,0.00010383003051395631,6.215462487264979,0.06215462487264979,59263.2770301,61059.133909799995,TP,0.12741542789985397,0.006215462487264979,0.006336601851141774,0.0031061781545545946,0.0031698858685045273,0.006276064023059122,0.10858729953838808,1.7470510000000063,0 days 04:50:00
5m,DEVELOPMENT,478,CLOSED,BTCUSDT,LONG,2024-08-20 05:15:00+00:00,2024-08-20 05:20:00+00:00,61275.98,61306.61799,2024-08-20 08:30:00+00:00,60693.5518101,60663.20503419495,0.00010315266957009727,6.323941307982651,0.06323941307982651,60693.5518101,62532.7503498,SL,-0.060079022621065105,0.006323941307982651,0.006257571543955374,0.003160390458761493,0.003130350947451129,0.006290741406212622,-0.07895127687921576,-1.2484504999999968,0 days 03:10:00
5m,DEVELOPMENT,479,CLOSED,BTCUSDT,LONG,2024-08-20 09:10:00+00:00,2024-08-20 09:15:00+00:00,60927.94,60958.40397,2024-08-20 13:35:00+00:00,60348.8199303,60318.64552033485,0.00010244803828166749,6.245068903507911,0.06245068903507911,60348.8199303,62177.5720494,SL,-0.05932971507030777,0.006245068903507911,0.006179526905365596,0.003120973964771269,0.0030913091072361895,0.006212283072007458,-0.07796659395118874,-1.2484504999999952,0 days 04:20:00
5m,DEVELOPMENT,480,CLOSED,BTCUSDT,LONG,2024-08-20 19:40:00+00:00,2024-08-20 19:45:00+00:00,59483.97,59513.711984999994,2024-08-20 21:05:00+00:00,58918.574865149996,58889.11557771742,0.0001036262063407566,6.167180198261969,0.061671801982619685,58918.574865149996,60703.9862247,SL,-0.05858975290802652,0.006167180198261969,0.00610245564208121,0.0030820490745929927,0.0030527541981397125,0.006134803272732706,-0.07699419202110241,-1.248450499999998,0 days 01:20:00
5m,DEVELOPMENT,481,CLOSED,BTCUSDT,LONG,2024-08-20 22:45:00+00:00,2024-08-20 22:50:00+00:00,59356.49,59386.16824499999,2024-08-21 01:20:00+00:00,58792.306562549995,58762.91040926873,0.00010255355924615295,6.090262923515613,0.06090262923515614,58792.306562549995,60573.8916099,SL,-0.05785901957822712,0.006090262923515614,0.006026345614133318,0.0030436096569288825,0.0030146801471395315,0.006058289804068414,-0.07603391791994446,-1.2484504999999864,0 days 02:30:00
5m,DEVELOPMENT,482,CLOSED,BTCUSDT,LONG,2024-08-21 02:30:00+00:00,2024-08-21 02:35:00+00:00,59379.88,59409.569939999994,2024-08-21 18:35:00+00:00,60597.761338799995,60567.4624581306,0.00010123461539327262,6.01430496355563,0.0601430496355563,58815.47424059999,60597.761338799995,TP,0.12329174892806176,0.00601430496355563,0.0061315237672953295,0.003005649656948993,0.003067295531413116,0.006072945188362109,0.10507297500884868,1.747051000000007,0 days 16:00:00
5m,DEVELOPMENT,483,CLOSED,BTCUSDT,LONG,2024-08-21 18:45:00+00:00,2024-08-21 18:50:00+00:00,60624.0,60654.312,2024-08-22 02:50:00+00:00,60047.768879999996,60017.74499556,0.00010088768248756127,6.1192729705574775,0.061192729705574773,60047.768879999996,61867.39824,SL,-0.05813462227401222,0.0061192729705574775,0.006055051200731476,0.0030581074315627634,0.0030290401204253166,0.00608714755198808,-0.07639609399728925,-1.248450499999993,0 days 08:00:00
5m,DEVELOPMENT,484,CLOSED,BTCUSDT,LONG,2024-08-22 06:00:00+00:00,2024-08-22 06:05:00+00:00,60871.82,60902.25591,2024-08-22 15:35:00+00:00,60293.2333509,60263.086734224555,9.922379895523991e-05,6.042953196334412,0.060429531963344114,60293.2333509,62120.3010282,SL,-0.057409565348484126,0.006042953196334412,0.0059795324025388825,0.0030199666148597905,0.0029912618321852507,0.006011228447045041,-0.07544327939440247,-1.2484504999999921,0 days 09:30:00
5m,DEVELOPMENT,485,CLOSED,BTCUSDT,LONG,2024-08-22 21:20:00+00:00,2024-08-22 21:25:00+00:00,60600.02,60630.320009999996,2024-08-23 14:10:00+00:00,61842.926410199994,61812.0049469949,9.842575932086842e-05,5.967585284851492,0.059675852848514926,60024.01680989999,61842.926410199994,TP,0.12233400718870951,0.005967585284851492,0.006083893522053249,0.00298230149167981,0.0030434684952736174,0.006025769986953427,0.10425675839485135,1.7470510000000083,0 days 16:45:00
5m,DEVELOPMENT,486,CLOSED,BTCUSDT,LONG,2024-08-23 14:10:00+00:00,2024-08-23 14:15:00+00:00,62088.0,62119.043999999994,2024-08-23 14:15:00+00:00,61497.853559999996,61467.10463322,9.774358231656875e-05,6.071737890640556,0.06071737890640556,61497.853559999996,63361.42488,SL,-0.0576830271369704,0.006071737890640556,0.006008015001478283,0.0030343517694350138,0.003005510255866823,0.006039862025301837,-0.07580264205439106,-1.2484504999999932,0 days 00:00:00
5m,DEVELOPMENT,487,CLOSED,BTCUSDT,LONG,2024-08-23 15:35:00+00:00,2024-08-23 15:40:00+00:00,61690.01,61720.855005,2024-08-23 17:55:00+00:00,62955.2721051,62923.794469047454,9.714724423398815e-05,5.996010975501305,0.05996010975501305,61103.646454949994,62955.2721051,TP,0.1229167267441592,0.005996010975501305,0.006112873229413825,0.0029965072341331563,0.00305796559750498,0.006054472831638137,0.10475336970760595,1.7470510000000108,0 days 02:15:00
5m,DEVELOPMENT,488,CLOSED,BTCUSDT,LONG,2024-08-23 17:55:00+00:00,2024-08-23 18:00:00+00:00,62999.88,63031.37993999999,2024-08-23 21:20:00+00:00,64292.00753879999,64259.86153503059,9.67876588184359e-05,6.100659696487924,0.061006596964879235,62401.06614059999,64292.00753879999,TP,0.12506199937527895,0.006100659696487923,0.006219561553972474,0.003048805445520644,0.003111336445208628,0.0061601418907292725,0.10658163623408927,1.7470510000000006,0 days 03:20:00
5m,DEVELOPMENT,489,CLOSED,BTCUSDT,LONG,2024-08-23 21:20:00+00:00,2024-08-23 21:25:00+00:00,64375.76,64407.94788,2024-08-24 01:15:00+00:00,63763.8684012,63731.986466999406,9.63721879344084e-05,6.207134857560941,0.06207134857560941,63763.8684012,65696.1068376,SL,-0.0589693321550393,0.006207134857560941,0.00614199097723084,0.003102016420569961,0.0030725317544922246,0.006174548175062185,-0.07749300616489327,-1.2484504999999906,0 days 03:50:00
5m,DEVELOPMENT,490,CLOSED,BTCUSDT,LONG,2024-08-24 03:05:00+00:00,2024-08-24 03:10:00+00:00,63986.0,64017.992999999995,2024-08-26 09:30:00+00:00,63377.81307,63346.124163465,9.574994434746842e-05,6.129719266986623,0.061297192669866225,63377.81307,65298.35286,SL,-0.058233864700358004,0.0061297192669866225,0.006065387863279598,0.003063327969508072,0.0030342110371580845,0.006097539006666156,-0.07652651083729038,-1.2484504999999928,2 days 06:20:00
5m,DEVELOPMENT,491,CLOSED,BTCUSDT,LONG,2024-08-26 11:25:00+00:00,2024-08-26 11:30:00+00:00,63958.0,63989.979,2024-08-26 14:15:00+00:00,63350.079209999996,63318.404170395,9.459714319034407e-05,6.05326920621011,0.0605326920621011,63350.079209999996,65269.77858,SL,-0.05750757002001744,0.00605326920621011,0.005989740145890934,0.003025122042083952,0.0029963682570737617,0.006021490299157713,-0.07557206967127619,-1.2484505000000008,0 days 02:45:00
5m,DEVELOPMENT,492,CLOSED,BTCUSDT,LONG,2024-08-26 17:00:00+00:00,2024-08-26 17:05:00+00:00,63718.0,63749.859,2024-08-26 21:15:00+00:00,63112.360409999994,63080.804229794994,9.376918987557184e-05,5.977772633111932,0.059777726331119316,63112.360409999994,65024.856179999995,SL,-0.05679033371087405,0.005977772633111932,0.005915035909327422,0.0029873926202455374,0.0029589974533903774,0.005946390073635914,-0.07462953232694931,-1.248450500000004,0 days 04:10:00
5m,DEVELOPMENT,493,CLOSED,BTCUSDT,LONG,2024-08-27 05:05:00+00:00,2024-08-27 05:10:00+00:00,63099.19,63130.739595,2024-08-27 10:05:00+00:00,62499.432199049996,62468.18248295048,9.350781716851407e-05,5.903217655762332,0.05903217655762332,62499.432199049996,64393.3543869,SL,-0.05608204279662328,0.005903217655762332,0.005841263386465107,0.0029501337610003636,0.0029220927396017924,0.0058722265006021564,-0.07369875033945288,-1.248450499999996,0 days 04:55:00
5m,DEVELOPMENT,494,CLOSED,BTCUSDT,LONG,2024-08-27 18:40:00+00:00,2024-08-27 18:45:00+00:00,62113.38,62144.436689999995,2024-08-27 21:15:00+00:00,61522.99232309999,61492.230826938445,9.380715058418361e-05,5.829592530548094,0.058295925305480945,61522.99232309999,63387.32542379999,SL,-0.055382585710005136,0.005829592530548094,0.005768410956939992,0.0029133395954760856,0.0028856483026210495,0.005798987898097135,-0.07277957709559035,-1.2484505000000004,0 days 02:30:00
5m,DEVELOPMENT,495,CLOSED,BTCUSDT,LONG,2024-08-28 09:30:00+00:00,2024-08-28 09:35:00+00:00,59473.02,59502.75650999999,2024-08-28 15:10:00+00:00,58907.728944899995,58878.27508042755,9.674989862621292e-05,5.75688566032273,0.0575688566032273,58907.728944899995,60692.811640199994,SL,-0.05469185227523016,0.00575688566032273,0.0056964671453176435,0.0028770043279969003,0.0028496584018592947,0.005726662729856195,-0.07187186781072673,-1.248450499999988,0 days 05:35:00
5m,DEVELOPMENT,496,CLOSED,BTCUSDT,LONG,2024-08-28 19:00:00+00:00,2024-08-28 19:05:00+00:00,59798.24,59828.13911999999,2024-08-28 19:10:00+00:00,59229.857728799994,59200.2427999356,9.502360722229576e-05,5.685085592579747,0.05685085592579747,59229.857728799994,61024.7019024,SL,-0.05400973369062555,0.005685085592579747,0.005625420619285623,0.002841122235171773,0.0028141173683263795,0.005655239603498152,-0.07097547950598906,-1.2484504999999868,0 days 00:05:00
5m,DEVELOPMENT,497,CLOSED,BTCUSDT,LONG,2024-08-28 20:15:00+00:00,2024-08-28 20:20:00+00:00,59314.01,59343.667004999996,2024-08-28 20:20:00+00:00,58750.23033494999,58720.85521978252,9.460455177425532e-05,5.614181017648689,0.056141810176486895,58750.23033494999,60530.540345099995,SL,-0.05333612251149594,0.005614181017648689,0.005555260187868467,0.002805687664991249,0.0027790196037359373,0.005584707268727186,-0.07009027098574028,-1.2484505000000021,0 days 00:00:00
5m,DEVELOPMENT,498,CLOSED,BTCUSDT,LONG,2024-08-28 20:35:00+00:00,2024-08-28 20:40:00+00:00,59357.17,59386.84858499999,2024-08-29 13:55:00+00:00,60574.585556699996,60544.29826392165,9.33567094232718e-05,5.544160766913684,0.05544160766913685,58792.980099149994,60574.585556699996,TP,0.11365391037421238,0.005544160766913685,0.005652216460260834,0.002770695035938332,0.0028275219911256485,0.00559821702706398,0.09685931611997388,1.7470510000000123,0 days 17:15:00
5m,DEVELOPMENT,499,CLOSED,BTCUSDT,LONG,2024-08-29 13:55:00+00:00,2024-08-29 14:00:00+00:00,60626.99,60657.30349499999,2024-08-29 18:10:00+00:00,60050.73046004999,60020.70509481997,9.299660544496635e-05,5.640923320480093,0.05640923320480093,60050.73046004999,61870.449564899995,SL,-0.05359018107062853,0.005640923320480093,0.005581721830231654,0.0028190521341724837,0.0027922570436375027,0.0056113091778099864,-0.07042413539915028,-1.2484504999999992,0 days 04:10:00
5m,DEVELOPMENT,500,CLOSED,BTCUSDT,LONG,2024-08-30 06:55:00+00:00,2024-08-30 07:00:00+00:00,59361.01,59390.690505,2024-08-30 14:45:00+00:00,58796.783599949995,58767.38520815002,9.379533208817607e-05,5.57056953886256,0.055705695388625596,58796.783599949995,60578.5043151,SL,-0.05292180256560651,0.00557056953886256,0.005512106411552198,0.002783892823019454,0.002757431921736701,0.0055413247447561546,-0.06954580326077742,-1.2484505000000017,0 days 07:45:00
5m,DEVELOPMENT,501,CLOSED,BTCUSDT,LONG,2024-08-30 18:35:00+00:00,2024-08-30 18:40:00+00:00,59277.99,59307.62899499999,2024-08-30 19:55:00+00:00,58714.552705049995,58685.19542869747,9.275523748205301e-05,5.501093211928717,0.055010932119287176,58714.552705049995,60493.78157489999,SL,-0.052261760099333074,0.005501093211928717,0.005443359238669526,0.0027491720199538145,0.002723041139904493,0.005472213159858307,-0.06867842570978963,-1.2484504999999908,0 days 01:15:00
5m,DEVELOPMENT,502,OPEN,BTCUSDT,LONG,2024-08-30 20:30:00+00:00,2024-08-30 20:35:00+00:00,58933.33,58962.796665,,,,9.213408629342569e-05,5.432483396034822,0.05432483396034822,58373.168698350004,60142.052598300004,END_OF_DATA,,0.005432483396034822,,0.0027148842558894592,,,,,
5m,VALIDATION,1,CLOSED,BTCUSDT,LONG,2024-09-01 00:05:00+00:00,2024-09-01 00:10:00+00:00,59035.75,59065.267875,2024-09-01 02:20:00+00:00,58474.61519625,58445.37788865188,0.00033827020004893163,19.980019980019986,0.19980019980019986,58474.61519625,60246.5732325,SL,-0.18981518231893024,0.019980019980019987,0.019770329670329677,0.00998501748126859,0.009890109890109267,0.01987512737137786,-0.2494406593406578,-1.248450499999992,0 days 02:10:00
5m,VALIDATION,2,CLOSED,BTCUSDT,LONG,2024-09-01 16:00:00+00:00,2024-09-01 16:05:00+00:00,58321.09,58350.250544999995,2024-09-01 22:20:00+00:00,57766.748039549995,57737.86466553022,0.0003381447093689973,19.730828512147202,0.19730828512147203,57766.748039549995,59517.255555899996,SL,-0.18744780110740591,0.019730828512147202,0.019523753466912215,0.00986048401406617,0.0097667601135123,0.01962724412757847,-0.24632962721404378,-1.2484504999999972,0 days 06:15:00
5m,VALIDATION,3,CLOSED,BTCUSDT,LONG,2024-09-02 03:35:00+00:00,2024-09-02 03:40:00+00:00,57710.0,57738.854999999996,2024-09-02 20:50:00+00:00,58893.632099999995,58864.18528395,0.0003374633073079961,19.484744968476825,0.19484744968476825,57161.46644999999,58893.632099999995,TP,0.39943240310190714,0.019484744968476825,0.019864502647912438,0.009737503732370851,0.009937219933921972,0.019674723666292825,0.34040843181922503,1.747051000000005,0 days 17:10:00
5m,VALIDATION,4,CLOSED,BTCUSDT,LONG,2024-09-02 20:50:00+00:00,2024-09-02 20:55:00+00:00,59096.99,59126.53849499999,2024-09-03 13:40:00+00:00,58535.273110049995,58506.00547349497,0.00033529467201278947,19.824813331932592,0.19824813331932592,58535.273110049995,60309.0692649,SL,-0.1883406803798304,0.019824813331932593,0.019616751916013964,0.009907452939495026,0.009813282599305445,0.019720735538800473,-0.24750298116657743,-1.2484504999999915,0 days 16:45:00
5m,VALIDATION,5,CLOSED,BTCUSDT,LONG,2024-09-03 20:00:00+00:00,2024-09-03 20:05:00+00:00,58123.01,58152.071505,2024-09-03 23:50:00+00:00,57570.55078995,57541.76551455503,0.00033666139657308945,19.57755760649146,0.1957755760649146,57570.55078995,59315.1129351,SL,-0.1859916892050992,0.01957755760649146,0.019372091139411334,0.009783886859815098,0.009690891015211619,0.019474777875026716,-0.2444161158260287,-1.24845049999999,0 days 03:45:00
5m,VALIDATION,6,CLOSED,BTCUSDT,LONG,2024-09-04 08:00:00+00:00,2024-09-04 08:05:00+00:00,56802.88,56831.28143999999,2024-09-04 14:00:00+00:00,56262.96862559999,56234.83714128719,0.0003401891559144354,19.333385662609317,0.19333385662609318,56262.96862559999,57967.90706879999,SL,-0.18367199472574075,0.019333385662609316,0.01913048178008023,0.009661861900352503,0.009570025902991075,0.01923188780334358,-0.24136774997177388,-1.2484504999999977,0 days 05:55:00
5m,VALIDATION,7,CLOSED,BTCUSDT,LONG,2024-09-04 14:40:00+00:00,2024-09-04 14:45:00+00:00,57089.88,57118.42494,2024-09-04 16:00:00+00:00,58260.7934388,58231.6630420806,0.00033425744948878297,19.09225903926089,0.19092259039260892,56547.240690599996,58260.7934388,TP,0.39138653962542885,0.019092259039260893,0.019464367167936085,0.009541358840210264,0.009737052110021795,0.01927841095023206,0.3335515024679998,1.7470510000000106,0 days 01:15:00
5m,VALIDATION,8,CLOSED,BTCUSDT,LONG,2024-09-04 16:00:00+00:00,2024-09-04 16:05:00+00:00,58241.1,58270.22055,2024-09-04 18:40:00+00:00,57687.5183445,57658.67458532775,0.0003333688656073691,19.425477323444706,0.19425477323444706,57687.5183445,59435.624961,SL,-0.18454688851508383,0.01942547732344471,0.019221606938935158,0.009707884719362552,0.00961561127510406,0.019323495994466613,-0.2425174687719303,-1.248450499999991,0 days 02:35:00
5m,VALIDATION,9,CLOSED,BTCUSDT,LONG,2024-09-04 19:25:00+00:00,2024-09-04 19:30:00+00:00,57934.0,57962.967,2024-09-05 03:05:00+00:00,57383.337329999995,57354.645661334995,0.0003309561798288614,19.18320212986636,0.19183202129866359,57383.337329999995,59122.22634,SL,-0.1822452136375627,0.01918320212986636,0.01898187442351341,0.009586807661101608,0.009495685054283907,0.019082492715385514,-0.23949278290632794,-1.248450500000004,0 days 07:35:00
5m,VALIDATION,10,CLOSED,BTCUSDT,LONG,2024-09-05 14:00:00+00:00,2024-09-05 14:05:00+00:00,57088.0,57116.543999999994,2024-09-05 14:50:00+00:00,56545.37856,56517.10587072,0.00033167182875226854,18.94394860048941,0.1894394860048941,56545.37856,58258.874879999996,SL,-0.17997224532499023,0.01894394860048941,0.018745131859927273,0.0094672406799029,0.009377254557241695,0.018844495237144595,-0.23650582102255152,-1.248450499999992,0 days 00:45:00
5m,VALIDATION,11,CLOSED,BTCUSDT,LONG,2024-09-05 18:20:00+00:00,2024-09-05 18:25:00+00:00,56643.19,56671.511594999996,2024-09-05 19:20:00+00:00,56104.79647905,56076.74408081047,0.0003301072888740252,18.70767904901833,0.18707679049018333,56104.79647905,57804.941826899994,SL,-0.17772762554814683,0.018707679049018332,0.018511341957398883,0.00934916494203616,0.009260301129263855,0.018609466071300013,-0.23355611262586407,-1.248450499999997,0 days 00:55:00
5m,VALIDATION,12,CLOSED,BTCUSDT,LONG,2024-09-06 00:15:00+00:00,2024-09-06 00:20:00+00:00,56333.81,56361.976904999996,2024-09-06 07:20:00+00:00,55798.35713595,55770.45795738202,0.00032778048737221285,18.474356259182304,0.18474356259182304,55798.35713595,57489.2164431,SL,-0.175511000743156,0.018474356259182305,0.018280467890242187,0.009232561848666236,0.009144806348295394,0.018377368196961633,-0.23064319308954215,-1.2484504999999966,0 days 07:00:00
5m,VALIDATION,13,CLOSED,BTCUSDT,LONG,2024-09-06 12:30:00+00:00,2024-09-06 12:35:00+00:00,56414.0,56442.206999999995,2024-09-06 13:40:00+00:00,55877.784929999994,55849.846037535,0.00032323228393377803,18.24394347887307,0.1824394347887307,55877.784929999994,57571.051139999996,SL,-0.1733220217558125,0.01824394347887307,0.0180524732920623,0.009117413032918421,0.009030752022041356,0.018148165054959777,-0.22776660358170764,-1.2484504999999968,0 days 01:05:00
5m,VALIDATION,14,CLOSED,BTCUSDT,LONG,2024-09-06 23:20:00+00:00,2024-09-06 23:25:00+00:00,53791.09,53817.985544999996,2024-09-08 22:15:00+00:00,54894.3452559,54866.898083272055,0.0003347654920916993,18.016404414355883,0.18016404414355883,53279.80568955,54894.3452559,TP,0.36933178864411825,0.018016404414355883,0.018367544136391682,0.009003700356999243,0.009188366251319621,0.018192066608318864,0.3147557734850518,1.7470510000000177,1 days 22:50:00
5m,VALIDATION,15,CLOSED,BTCUSDT,LONG,2024-09-08 22:15:00+00:00,2024-09-08 22:20:00+00:00,54936.01,54963.478005,2024-09-09 16:20:00+00:00,56062.7475651,56034.71619131745,0.0003335095669317221,18.330845746508782,0.1833084574650878,54413.84322495,56062.7475651,TP,0.3757777573822029,0.018330845746508784,0.01868811393010824,0.009160842452026767,0.009348731330719165,0.018509573782745932,0.32024922392284,1.7470510000000048,0 days 18:00:00
5m,VALIDATION,16,CLOSED,BTCUSDT,LONG,2024-09-09 16:20:00+00:00,2024-09-09 16:25:00+00:00,56145.0,56173.072499999995,2024-09-09 21:10:00+00:00,57296.53395,57267.885683025,0.000332023409279188,18.650775041137,0.18650775041137,55611.34177499999,57296.53395,TP,0.3823362279797291,0.018650775041136998,0.01901427864668876,0.009320727156988265,0.009511895270978761,0.018832622427967027,0.32583855186393634,1.7470510000000106,0 days 04:45:00
5m,VALIDATION,17,CLOSED,BTCUSDT,LONG,2024-09-09 21:10:00+00:00,2024-09-09 21:15:00+00:00,57504.13,57532.88206499999,2024-09-10 00:00:00+00:00,56957.55324434999,56929.07446772782,0.00032983378198441225,18.97628807996211,0.18976288079962111,56957.55324434999,58683.53970629999,SL,-0.18027947846081172,0.01897628807996211,0.018777131936562906,0.009483402338809442,0.009393262599579826,0.01887666493838927,-0.236909563415726,-1.2484504999999928,0 days 02:45:00
5m,VALIDATION,18,CLOSED,BTCUSDT,LONG,2024-09-10 05:55:00+00:00,2024-09-10 06:00:00+00:00,56945.45,56973.922725,2024-09-11 04:15:00+00:00,56404.18349775,56375.98140600113,0.000328915656376492,18.739615189436908,0.1873961518943691,56404.18349775,58113.4011795,SL,-0.1780310268621669,0.01873961518943691,0.01854294292802377,0.00936512503220223,0.009276109518769579,0.01864123455097181,-0.23395481953059938,-1.2484504999999912,0 days 22:15:00
5m,VALIDATION,19,CLOSED,BTCUSDT,LONG,2024-09-11 11:10:00+00:00,2024-09-11 11:15:00+00:00,56682.01,56710.351005,2024-09-11 13:45:00+00:00,56143.247494949996,56115.175871202526,0.000326323039146295,18.505894091004745,0.18505894091004746,56143.247494949996,57844.5580251,SL,-0.1758106180259892,0.018505894091004744,0.01831167473251965,0.009248322884058633,0.00916041757504567,0.018408740459104303,-0.2310369273086179,-1.248450499999993,0 days 02:30:00
5m,VALIDATION,20,CLOSED,BTCUSDT,LONG,2024-09-11 16:00:00+00:00,2024-09-11 16:05:00+00:00,56977.77,57006.258884999996,2024-09-12 01:55:00+00:00,58146.384062699995,58117.31087066865,0.00032058037708954134,18.275087969817314,0.18275087969817314,56436.196296149996,58146.384062699995,TP,0.3746347368925065,0.018275087969817316,0.018631269434349056,0.009132977496160207,0.009320294864606286,0.018453272360766493,0.3192751071275736,1.747051000000003,0 days 09:50:00
5m,VALIDATION,21,CLOSED,BTCUSDT,LONG,2024-09-12 01:55:00+00:00,2024-09-12 02:00:00+00:00,58137.74,58166.80886999999,2024-09-12 12:50:00+00:00,57585.14078129999,57556.348210909346,0.0003196675987907589,18.594044120793914,0.18594044120793915,57585.14078129999,59330.145047399994,SL,-0.17664806533548108,0.018594044120793914,0.01839889962774618,0.009292375872459293,0.009204051839791057,0.018496427712250352,-0.23213743679627152,-1.2484504999999961,0 days 10:50:00
5m,VALIDATION,22,CLOSED,BTCUSDT,LONG,2024-09-12 14:30:00+00:00,2024-09-12 14:35:00+00:00,58500.0,58529.25,2024-09-12 14:45:00+00:00,57943.9575,57914.98552125,0.00031372584800811403,18.362138589528907,0.18362138589528906,57943.9575,59699.835,SL,-0.17444490484105274,0.01836213858952891,0.018169427945031805,0.009176481054237335,0.009089258601816757,0.018265739656054093,-0.22924221103166753,-1.2484505000000052,0 days 00:10:00
5m,VALIDATION,23,CLOSED,BTCUSDT,LONG,2024-09-12 17:05:00+00:00,2024-09-12 17:10:00+00:00,58136.0,58165.068,2024-09-13 15:30:00+00:00,59328.36936,59298.70517532,0.0003117528443651966,18.133125391695078,0.1813312539169508,57583.41732,59328.36936,TP,0.37172453951390816,0.01813312539169508,0.018486540005579217,0.009062031680007318,0.00924789394976373,0.018309925629771046,0.3167949484868628,1.747051,0 days 22:20:00
5m,VALIDATION,24,CLOSED,BTCUSDT,LONG,2024-09-13 15:30:00+00:00,2024-09-13 15:35:00+00:00,59463.99,59493.72199499999,2024-09-15 23:05:00+00:00,58898.78477504999,58869.33538266247,0.0003101100963772695,18.449603861711925,0.18449603861711925,58898.78477504999,60683.59643489999,SL,-0.17527584678218228,0.018449603861711926,0.01825597526918326,0.009220191834936832,0.009132553911545781,0.018352745746482615,-0.23033417165956008,-1.2484504999999906,2 days 07:30:00
5m,VALIDATION,25,CLOSED,BTCUSDT,LONG,2024-09-16 06:55:00+00:00,2024-09-16 07:00:00+00:00,58707.43,58736.783715,2024-09-16 13:35:00+00:00,58149.41587785,58120.34116991108,0.00031018892492520194,18.219499794119958,0.1821949979411996,58149.41587785,59911.519389299996,SL,-0.17308980064278934,0.018219499794119957,0.018028286143780672,0.009105197298409988,0.009018652398087345,0.018123849696497333,-0.2274614362771873,-1.2484504999999873,0 days 06:35:00
5m,VALIDATION,26,CLOSED,BTCUSDT,LONG,2024-09-16 20:10:00+00:00,2024-09-16 20:15:00+00:00,58164.16,58193.24208,2024-09-16 21:00:00+00:00,57611.3096592,57582.50400437041,0.0003091813576447646,17.99226559204485,0.17992265592044848,57611.3096592,59357.1069216,SL,-0.17093101894291582,0.017992265592044848,0.017803436764656337,0.008991636977533697,0.008906171468060204,0.017897808445593903,-0.2246245297452109,-1.2484504999999946,0 days 00:45:00
5m,VALIDATION,27,CLOSED,BTCUSDT,LONG,2024-09-16 22:30:00+00:00,2024-09-16 22:35:00+00:00,57963.98,57992.96199,2024-09-17 10:30:00+00:00,59152.82122980001,59123.24481918511,0.0003063796856158692,17.767865462429253,0.17767865462429253,57413.0323701,59152.82122980001,TP,0.3642368022333085,0.017767865462429252,0.018114161160292002,0.008879492984722334,0.009061611385838901,0.017941104370561234,0.310413671240026,1.7470510000000063,0 days 11:55:00
5m,VALIDATION,28,CLOSED,BTCUSDT,LONG,2024-09-17 10:30:00+00:00,2024-09-17 10:35:00+00:00,59173.99,59203.576994999996,2024-09-17 14:25:00+00:00,60387.6485349,60357.454710632555,0.000305352648398734,18.07796903010161,0.1807796903010161,58611.541225049994,60387.6485349,TP,0.3705938478834428,0.01807796903010161,0.018430308646498295,0.009034467281409442,0.009219764205350034,0.018254231486759476,0.3158313387200834,1.7470510000000161,0 days 03:50:00
5m,VALIDATION,29,CLOSED,BTCUSDT,LONG,2024-09-17 14:45:00+00:00,2024-09-17 14:50:00+00:00,60318.0,60348.159,2024-09-17 19:45:00+00:00,59744.67741,59714.805071295,0.0003047894941252276,18.3934848529988,0.183934848529988,59744.67741,61555.12218,SL,-0.1747427021766663,0.018393484852998798,0.018200445229466577,0.009192146353322632,0.009104775002233697,0.018296921355556328,-0.22963355361468799,-1.248450500000001,0 days 04:55:00
5m,VALIDATION,30,CLOSED,BTCUSDT,LONG,2024-09-18 02:55:00+00:00,2024-09-18 03:00:00+00:00,60352.0,60382.176,2024-09-18 09:50:00+00:00,59778.35424,59748.46506288,0.0003008185843374306,18.16408070353358,0.18164080703533578,59778.35424,61589.81952,SL,-0.17256330543436932,0.018164080703533578,0.017973448676549993,0.009077501600966148,0.00899121994824902,0.01806872154921517,-0.22676955636366802,-1.2484504999999975,0 days 06:50:00
5m,VALIDATION,31,CLOSED,BTCUSDT,LONG,2024-09-18 17:25:00+00:00,2024-09-18 17:30:00+00:00,59790.52,59820.415259999994,2024-09-18 18:30:00+00:00,61016.82356519999,60986.315153417396,0.00029985645556321506,17.937537690183262,0.17937537690183264,59222.21110739999,61016.82356519999,TP,0.3677150405054049,0.01793753769018326,0.018287140299764932,0.008964286701740013,0.00914814422199264,0.01811243092373265,0.31337793159172406,1.7470510000000026,0 days 01:00:00
5m,VALIDATION,32,CLOSED,BTCUSDT,LONG,2024-09-18 18:30:00+00:00,2024-09-18 18:35:00+00:00,61131.99,61162.555994999995,2024-09-18 18:35:00+00:00,60550.930435049995,60520.654969832474,0.00029839502715354533,18.25060255690826,0.1825060255690826,60550.930435049995,62385.807114899995,SL,-0.17338528466108333,0.01825060255690826,0.01805906248307351,0.009120740907999296,0.009034048265668346,0.01815478917366764,-0.22784973887473273,-1.2484504999999932,0 days 00:00:00
5m,VALIDATION,33,CLOSED,BTCUSDT,LONG,2024-09-18 19:10:00+00:00,2024-09-18 19:15:00+00:00,60692.54,60722.886269999995,2024-09-18 19:20:00+00:00,60115.657407299994,60085.599578596346,0.0002968070450408498,18.022980440150288,0.18022980440150288,60115.657407299994,61937.3439954,SL,-0.17122281767479322,0.01802298044015029,0.017833829260430912,0.009006986726710171,0.008921375317873749,0.01792836204458392,-0.22500798941995837,-1.2484504999999995,0 days 00:05:00
5m,VALIDATION,34,CLOSED,BTCUSDT,LONG,2024-09-18 20:50:00+00:00,2024-09-18 20:55:00+00:00,60275.54,60305.677769999995,2024-09-18 23:55:00+00:00,61511.791325399994,61481.0354297373,0.0002951330271391218,17.79819723393654,0.1779819723393654,59702.62099229999,61511.791325399994,TP,0.3648585959700515,0.017798197233936542,0.018145084098025965,0.008894651291320811,0.009077080589306537,0.017971731880627347,0.3109435827574616,1.747051000000005,0 days 03:00:00
5m,VALIDATION,35,CLOSED,BTCUSDT,LONG,2024-09-18 23:55:00+00:00,2024-09-19 00:00:00+00:00,61759.98,61790.85999,2024-09-19 12:05:00+00:00,63026.6771898,62995.16385120511,0.00029306648566915656,18.108830183744193,0.18108830183744193,61172.951390099995,63026.6771898,TP,0.3712264938216818,0.018108830183744193,0.01846177128402537,0.009049890146796939,0.00923550339370774,0.01828539354050468,0.31637049881340756,1.7470510000000155,0 days 12:05:00
5m,VALIDATION,36,CLOSED,BTCUSDT,LONG,2024-09-19 12:05:00+00:00,2024-09-19 12:10:00+00:00,63046.0,63077.522999999994,2024-09-20 18:05:00+00:00,62446.747769999994,62415.524396115,0.0002920990513231352,18.424884628113237,0.18424884628113236,62446.747769999994,64339.07345999999,SL,-0.1750410078862748,0.018424884628113238,0.01823151546394119,0.00920783839485737,0.009120317890915258,0.018328156285772626,-0.23002556426410187,-1.2484504999999948,1 days 05:55:00
5m,VALIDATION,37,CLOSED,BTCUSDT,LONG,2024-09-20 21:05:00+00:00,2024-09-20 21:10:00+00:00,63200.0,63231.6,2024-09-22 10:40:00+00:00,62599.284,62567.984358,0.0002877530990773226,18.19508885961763,0.1819508885961763,62599.284,64496.231999999996,SL,-0.17285789066533302,0.018195088859617632,0.018004131402035946,0.009092997930842976,0.009006568985510189,0.018099566916353164,-0.22715667784333976,-1.2484504999999952,1 days 13:30:00
5m,VALIDATION,38,CLOSED,BTCUSDT,LONG,2024-09-22 17:00:00+00:00,2024-09-22 17:05:00+00:00,62819.44,62850.84972,2024-09-23 03:05:00+00:00,64107.8667144,64075.812781042805,0.00028588569910463236,17.968159111522386,0.17968159111522386,62222.341222799994,64107.8667144,TP,0.3683427719913276,0.017968159111522386,0.01831835853260596,0.008979589760879614,0.009163761146874755,0.018143350907754367,0.3139129034394449,1.7470510000000108,0 days 10:00:00
5m,VALIDATION,39,CLOSED,BTCUSDT,LONG,2024-09-23 03:05:00+00:00,2024-09-23 03:10:00+00:00,64180.0,64212.09,2024-09-23 06:25:00+00:00,63569.969099999995,63538.18411545,0.000284708976388367,18.2817584156577,0.18281758415657698,63569.969099999995,65496.3318,SL,-0.17368127310427575,0.018281758415657698,0.01808989136108537,0.009136311052301704,0.009049470415749133,0.01818578146805084,-0.2282387043490697,-1.248450499999995,0 days 03:15:00
5m,VALIDATION,40,CLOSED,BTCUSDT,LONG,2024-09-23 15:45:00+00:00,2024-09-23 15:50:00+00:00,63634.05,63665.867025,2024-09-24 00:40:00+00:00,63029.20835475,62997.69375057263,0.0002835702797373831,18.05374772200228,0.1805374772200228,63029.20835475,64939.1843655,SL,-0.17151511454036217,0.018053747722002283,0.01786427363965987,0.00902236267966036,0.008936605122389604,0.017958967802049964,-0.22539210370407428,-1.24845049999999,0 days 08:50:00
5m,VALIDATION,41,CLOSED,BTCUSDT,LONG,2024-09-24 05:25:00+00:00,2024-09-24 05:30:00+00:00,63168.5,63200.08425,2024-09-24 20:05:00+00:00,64464.085935,64431.85389203251,0.00028209742117922857,17.82858078523498,0.1782858078523498,62568.0834075,64464.085935,TP,0.3654814511795804,0.01782858078523498,0.018176059824739212,0.008909835474880017,0.009092576200468326,0.018002411675348343,0.31147439889425793,1.7470510000000132,0 days 14:35:00
5m,VALIDATION,42,CLOSED,BTCUSDT,LONG,2024-09-24 22:05:00+00:00,2024-09-24 22:10:00+00:00,64291.99,64324.135995,2024-09-25 07:15:00+00:00,63680.89463505,63649.05418773247,0.0002820052495116858,18.13974402089358,0.1813974402089358,63680.89463505,65610.6187149,SL,-0.17233210086815962,0.01813974402089358,0.017949367407394307,0.009065339340776107,0.008979173290342353,0.01804451263111846,-0.22646572492756595,-1.2484504999999997,0 days 09:05:00
5m,VALIDATION,43,CLOSED,BTCUSDT,LONG,2024-09-25 14:35:00+00:00,2024-09-25 14:40:00+00:00,63869.99,63901.924994999994,2024-09-25 17:25:00+00:00,63262.90574505,63231.27429217748,0.0002803280892845263,17.913504535451462,0.17913504535451463,63262.90574505,65179.963494899996,SL,-0.17018276922485406,0.01791350453545146,0.017725502305351904,0.008952276129659775,0.008867184745046998,0.017819460874706775,-0.22364123694036422,-1.2484504999999875,0 days 02:45:00
5m,VALIDATION,44,CLOSED,BTCUSDT,LONG,2024-09-25 21:25:00+00:00,2024-09-25 21:30:00+00:00,63464.77,63496.50238499999,2024-09-26 00:45:00+00:00,62861.53736114999,62830.10659246942,0.00027859938818471385,17.69008671633022,0.17690086716330222,62861.53736114999,64766.43243269999,SL,-0.16806024411666262,0.01769008671633022,0.017504429256242335,0.008840623046640593,0.008756592924581957,0.01759721597122255,-0.2208519760604577,-1.248450499999997,0 days 03:15:00
5m,VALIDATION,45,CLOSED,BTCUSDT,LONG,2024-09-26 02:45:00+00:00,2024-09-26 02:50:00+00:00,63314.29,63345.947145,2024-09-26 12:30:00+00:00,64612.8660879,64580.55965485606,0.00027577858030327637,17.469455371614483,0.17469455371614484,62712.48767355,64612.8660879,TP,0.35811946993684485,0.017469455371614484,0.017809935056807252,0.008730362504554248,0.008909422239521927,0.017639784744076174,0.30520029476434696,1.7470510000000137,0 days 09:40:00
5m,VALIDATION,46,CLOSED,BTCUSDT,LONG,2024-09-26 12:40:00+00:00,2024-09-26 12:45:00+00:00,64609.49,64641.79474499999,2024-09-27 09:15:00+00:00,65934.63063989999,65901.66332458005,0.000274966851417044,17.774350770979467,0.17774350770979466,63995.376797549994,65934.63063989999,TP,0.3643697494380671,0.01777435077097947,0.01812077286750586,0.008882734018478845,0.009064918893196806,0.017947652911675653,0.31052697288790615,1.7470510000000095,0 days 20:30:00
5m,VALIDATION,47,CLOSED,BTCUSDT,LONG,2024-09-27 09:15:00+00:00,2024-09-27 09:20:00+00:00,65906.57,65939.523285,2024-09-30 00:25:00+00:00,65280.12805215,65247.48798812393,0.0002742599070506951,18.084567527111243,0.18084567527111245,65280.12805215,67258.3137507,SL,-0.17180791038999899,0.018084567527111243,0.017894769990914213,0.009037764881113956,0.008951860925918424,0.01798962580703238,-0.2257768737150568,-1.2484504999999935,2 days 15:05:00
5m,VALIDATION,48,CLOSED,BTCUSDT,LONG,2024-09-30 13:15:00+00:00,2024-09-30 13:20:00+00:00,64146.0,64178.073,2024-09-30 15:55:00+00:00,63536.29227,63504.524123865005,0.0002782728643896582,17.859016204718582,0.17859016204718584,63536.29227,65461.63446,SL,-0.16966511646761687,0.01785901620471858,0.017671585829650064,0.008925045579568584,0.008840213021333752,0.017765258600902334,-0.22296097710288784,-1.2484504999999868,0 days 02:35:00
5m,VALIDATION,49,CLOSED,BTCUSDT,LONG,2024-09-30 20:30:00+00:00,2024-09-30 20:35:00+00:00,63705.74,63737.59286999999,2024-09-30 23:35:00+00:00,63100.216941299994,63068.666832829345,0.00027670134957599886,17.63627796585456,0.1763627796585456,63100.216941299994,65012.34472739999,SL,-0.16754904754167793,0.017636277965854562,0.01745118522860292,0.008813732116867508,0.00872995759309757,0.017543689709965078,-0.2201802004461005,-1.2484504999999968,0 days 03:00:00
5m,VALIDATION,50,CLOSED,BTCUSDT,LONG,2024-10-01 03:30:00+00:00,2024-10-01 03:35:00+00:00,63623.01,63654.821505,2024-10-01 13:35:00+00:00,63018.27328995,62986.76415330503,0.000273605632910001,17.416317725648668,0.17416317725648667,63018.27328995,64927.9179351,SL,-0.1654593702971434,0.017416317725648667,0.017233533471117984,0.008703806959344073,0.008621077274194878,0.01732488423353895,-0.21743410572744898,-1.2484504999999975,0 days 10:00:00
5m,VALIDATION,51,CLOSED,BTCUSDT,LONG,2024-10-02 01:25:00+00:00,2024-10-02 01:30:00+00:00,61400.0,61430.7,2024-10-02 12:55:00+00:00,60816.393,60785.9848035,0.0002799756609774927,17.19910083681006,0.1719910083681006,60816.393,62659.314,SL,-0.1633957555760926,0.01719910083681006,0.017018596273527743,0.00859525279200821,0.008513554914219078,0.01710880770622729,-0.21472226039265768,-1.2484504999999901,0 days 11:25:00
5m,VALIDATION,52,CLOSED,BTCUSDT,LONG,2024-10-02 14:35:00+00:00,2024-10-02 14:40:00+00:00,61402.0,61432.700999999994,2024-10-02 18:55:00+00:00,60818.37398999999,60787.964803004994,0.00027647478961034203,16.984593084170047,0.16984593084170047,60818.37398999999,62661.355019999995,SL,-0.16135787832587536,0.01698459308417005,0.016806339779751683,0.008488052515825356,0.008407373576663867,0.016895426092489223,-0.21204423728228633,-1.2484504999999997,0 days 04:15:00
5m,VALIDATION,53,CLOSED,BTCUSDT,LONG,2024-10-03 00:35:00+00:00,2024-10-03 00:40:00+00:00,61089.56,61120.104779999994,2024-10-03 08:15:00+00:00,60508.90373219999,60478.6492803339,0.00027442296998124747,16.772760679292638,0.1677276067929264,60508.90373219999,62342.5068756,SL,-0.15934541754790385,0.016772760679292637,0.016596730555963463,0.008382189245022858,0.008302516536248297,0.016684705781271153,-0.20939961456443112,-1.2484504999999926,0 days 07:35:00
5m,VALIDATION,54,CLOSED,BTCUSDT,LONG,2024-10-03 17:50:00+00:00,2024-10-03 17:55:00+00:00,60680.0,60710.34,2024-10-04 12:55:00+00:00,61924.5468,61893.5845266,0.0002728294760851669,16.56357025515235,0.1656357025515235,60103.2366,61924.5468,TP,0.33954905140747,0.01656357025515235,0.016886394239425274,0.00827764630442301,0.008447420830125826,0.016725067134548837,0.2893740197783435,1.747051000000011,0 days 19:00:00
5m,VALIDATION,55,CLOSED,BTCUSDT,LONG,2024-10-04 12:55:00+00:00,2024-10-04 13:00:00+00:00,61932.24,61963.206119999995,2024-10-04 14:05:00+00:00,61343.5740588,61312.9022717706,0.0002719784247018859,16.852655189995854,0.16852655189995855,61343.5740588,63202.4702424,SL,-0.1601044353632292,0.016852655189995853,0.01667578657377685,0.008422116536728834,0.008342064319046365,0.016764180855775197,-0.2103970579827771,-1.2484504999999877,0 days 01:05:00
5m,VALIDATION,56,CLOSED,BTCUSDT,LONG,2024-10-04 15:40:00+00:00,2024-10-04 15:45:00+00:00,61689.99,61720.834995,2024-10-06 19:30:00+00:00,62955.2516949,62923.77406905255,0.00026964101053124763,16.64246831888419,0.1664246831888419,61103.62664505,62955.2516949,TP,0.34116644199931523,0.01664246831888419,0.016966830026419244,0.008317075621631137,0.008487658842629555,0.016804734464260694,0.29075240918975104,1.7470510000000097,2 days 03:45:00
5m,VALIDATION,57,CLOSED,BTCUSDT,LONG,2024-10-06 23:15:00+00:00,2024-10-06 23:20:00+00:00,62727.28,62758.643639999995,2024-10-07 14:15:00+00:00,64013.8165128,63981.8096045436,0.00026981032864984176,16.9329302661267,0.169329302661267,62131.057203599994,64013.8165128,TP,0.3471208393385887,0.0169329302661267,0.017262953077013515,0.008462234016054228,0.008635794435722788,0.017098028451777016,0.29582692754367146,1.7470510000000135,0 days 14:55:00
5m,VALIDATION,58,CLOSED,BTCUSDT,LONG,2024-10-07 14:15:00+00:00,2024-10-07 14:20:00+00:00,64137.52,64169.58875999999,2024-10-07 15:15:00+00:00,63527.89287239999,63496.12892596379,0.00026848327993358686,17.228461662274228,0.17228461662274228,63527.89287239999,65452.98053519999,SL,-0.16367469075454044,0.01722846166227423,0.01704764895712866,0.008609925868201578,0.00852808852282576,0.017138014391027336,-0.21508881576497066,-1.2484504999999986,0 days 00:55:00
5m,VALIDATION,59,CLOSED,BTCUSDT,LONG,2024-10-07 16:35:00+00:00,2024-10-07 16:40:00+00:00,63758.1,63789.979049999994,2024-10-07 18:45:00+00:00,63152.079259499995,63120.50321987025,0.00026671254598023076,17.01358772045108,0.17013587720451082,63152.079259499995,65065.778630999994,SL,-0.16163333461558074,0.01701358772045108,0.01683503011732495,0.008502542588929985,0.008421725921622823,0.016924268510552808,-0.2124062209639096,-1.2484504999999968,0 days 02:05:00
5m,VALIDATION,60,CLOSED,BTCUSDT,LONG,2024-10-08 04:30:00+00:00,2024-10-08 04:35:00+00:00,62769.68,62801.06484,2024-10-08 07:15:00+00:00,62173.0541916,62141.967664504205,0.00026753357982574794,16.80139369351411,0.1680139369351411,62173.0541916,64057.0861368,SL,-0.15961743833768283,0.016801393693514112,0.016625063066700682,0.008396498597458007,0.008316689878288076,0.016713188475746085,-0.2097570835736437,-1.24845049999999,0 days 02:40:00
5m,VALIDATION,61,CLOSED,BTCUSDT,LONG,2024-10-08 09:55:00+00:00,2024-10-08 10:00:00+00:00,62537.37,62568.638685,2024-10-08 15:30:00+00:00,61942.95229815,61911.98082200093,0.0002651783146666763,16.591846157476507,0.16591846157476506,61942.95229815,63820.0114587,SL,-0.1576266843846232,0.016591846157476508,0.016417714732053793,0.008291777190141977,0.00821296384794918,0.01650474103809116,-0.20714098631224465,-1.2484504999999906,0 days 05:30:00
5m,VALIDATION,62,CLOSED,BTCUSDT,LONG,2024-10-08 20:55:00+00:00,2024-10-08 21:00:00+00:00,62400.02,62431.22000999999,2024-10-09 12:40:00+00:00,61806.90780989999,61776.00435599504,0.00026244741176917655,16.38491210521652,0.16384912105216523,61806.90780989999,63679.84441019999,SL,-0.15566075918049488,0.01638491210521652,0.016212952452672277,0.008188361871670642,0.008110531492081187,0.01629889336375183,-0.20455751710213554,-1.248450499999996,0 days 15:40:00
5m,VALIDATION,63,CLOSED,BTCUSDT,LONG,2024-10-09 15:45:00+00:00,2024-10-09 15:50:00+00:00,62327.99,62359.15399499999,2024-10-09 16:25:00+00:00,61735.56245504999,61704.69467382247,0.0002594736763519226,16.180558941278328,0.16180558941278328,61735.56245504999,63606.337074899995,SL,-0.1537193530603218,0.016180558941278327,0.016010743975189614,0.008086236352461723,0.008009376675931483,0.016095613028393206,-0.20200626900518295,-1.2484504999999937,0 days 00:35:00
5m,VALIDATION,64,CLOSED,BTCUSDT,LONG,2024-10-10 02:20:00+00:00,2024-10-10 02:25:00+00:00,60875.81,60906.247905,2024-10-10 16:55:00+00:00,60297.185425949996,60267.03683323703,0.00026235000556364824,15.978754476737688,0.1597875447673769,60297.185425949996,62124.3728631,SL,-0.15180216022128154,0.01597875447673769,0.015811057448504327,0.007985384546095499,0.007909483465983535,0.01589486801207903,-0.1994868401586026,-1.2484504999999908,0 days 14:30:00
5m,VALIDATION,65,CLOSED,BTCUSDT,LONG,2024-10-10 21:55:00+00:00,2024-10-10 22:00:00+00:00,60198.78,60228.879389999995,2024-10-11 12:30:00+00:00,61433.45697779999,61402.74024931109,0.0002619917070340115,15.779466924131693,0.15779466924131694,59626.590596099995,61433.45697779999,TP,0.32347512904941483,0.015779466924131694,0.01608700873448302,0.007885790566781346,0.008047528131307194,0.01593331869808854,0.2756753346927116,1.7470509999999975,0 days 14:30:00
5m,VALIDATION,66,CLOSED,BTCUSDT,LONG,2024-10-11 12:30:00+00:00,2024-10-11 12:35:00+00:00,61414.45,61445.157224999995,2024-10-11 17:30:00+00:00,62674.060369499995,62642.72333931525,0.0002612877496610498,16.054866858889643,0.16054866858889644,60830.705652749995,62674.060369499995,TP,0.329120758896378,0.016054866858889644,0.016367776213969405,0.008023421718585083,0.00818798209803274,0.01621140381661782,0.2804867120069011,1.7470510000000063,0 days 04:55:00
5m,VALIDATION,67,CLOSED,BTCUSDT,LONG,2024-10-11 17:30:00+00:00,2024-10-11 17:35:00+00:00,62684.02,62715.36200999999,2024-10-13 15:25:00+00:00,62088.20838989999,62057.16428570505,0.00026046367015766266,16.335073364391043,0.16335073364391042,62088.20838989999,63969.66925019999,SL,-0.15518727868919363,0.016335073364391044,0.01616363676943176,0.008163454954716348,0.00808586131537233,0.01624931627008868,-0.2039353050931051,-1.2484504999999897,1 days 21:50:00
5m,VALIDATION,68,CLOSED,BTCUSDT,LONG,2024-10-13 17:00:00+00:00,2024-10-13 17:05:00+00:00,62742.11,62773.481055,2024-10-14 03:40:00+00:00,64028.9506761,63996.93620076196,0.0002569770151306047,16.13134179087146,0.1613134179087146,62145.74624445,64028.9506761,TP,0.3306884758928274,0.01613134179087146,0.01644574164237555,0.008061640075396998,0.008226984313343053,0.01628862438874005,0.2818227680708404,1.7470510000000166,0 days 10:35:00
5m,VALIDATION,69,CLOSED,BTCUSDT,LONG,2024-10-14 03:40:00+00:00,2024-10-14 03:45:00+00:00,64017.88,64049.88894,2024-10-14 14:00:00+00:00,65330.8867188,65298.22127544061,0.0002562515453085415,16.412883017715462,0.16412883017715463,63409.3900506,65330.8867188,TP,0.3364600006929984,0.01641288301771546,0.016732770107730742,0.008202340338688312,0.008370570339033342,0.016572910677721653,0.28674143688983056,1.7470510000000146,0 days 10:15:00
5m,VALIDATION,70,CLOSED,BTCUSDT,LONG,2024-10-14 14:00:00+00:00,2024-10-14 14:05:00+00:00,65314.0,65346.657,2024-10-15 13:45:00+00:00,66653.59014,66620.26334493,0.00025554999698949236,16.69933799962339,0.1669933799962339,64693.190429999995,66653.59014,TP,0.3423322562441537,0.01669933799962339,0.01702480809723605,0.00834549625168566,0.008516662379806797,0.016862158631492458,0.29174595151580185,1.7470510000000086,0 days 23:40:00
5m,VALIDATION,71,CLOSED,BTCUSDT,LONG,2024-10-15 13:45:00+00:00,2024-10-15 13:50:00+00:00,66812.26,66845.66613,2024-10-15 14:35:00+00:00,66177.20946869999,66144.12086396564,0.0002541794177590938,16.990792496642175,0.16990792496642176,66177.20946869999,68182.5794526,SL,-0.16141677429343795,0.016990792496642176,0.016812474129389916,0.008491150672985366,0.00841044228583838,0.016901592958823746,-0.21212163387829377,-1.2484505000000121,0 days 00:45:00
5m,VALIDATION,72,CLOSED,BTCUSDT,LONG,2024-10-15 16:05:00+00:00,2024-10-15 16:10:00+00:00,66404.81,66438.01240499999,2024-10-16 10:15:00+00:00,67766.7726531,67732.88926677345,0.00025254943917053866,16.778882772488036,0.16778882772488035,65773.63228094998,67766.7726531,TP,0.34396290421162284,0.016778882772488037,0.017105903197723833,0.008385248761860331,0.00855723021396797,0.016942478975828304,0.2931356392655827,1.7470510000000166,0 days 18:05:00
5m,VALIDATION,73,CLOSED,BTCUSDT,LONG,2024-10-16 10:15:00+00:00,2024-10-16 10:20:00+00:00,67636.36,67670.17818,2024-10-17 10:30:00+00:00,66993.4763982,66959.9796600009,0.0002522784190629296,17.071725568957152,0.17071725568957152,66993.4763982,69023.5817436,SL,-0.162185658703586,0.01707172556895715,0.016892557809110947,0.008531596985986096,0.00845050415663403,0.016982101142620123,-0.2131320432242742,-1.2484505000000046,1 days 00:10:00
5m,VALIDATION,74,CLOSED,BTCUSDT,LONG,2024-10-17 15:25:00+00:00,2024-10-17 15:30:00+00:00,67280.0,67313.64,2024-10-18 15:25:00+00:00,68659.9128,68625.58284360002,0.00025045156442077683,16.85880644485698,0.1685880644485698,66640.5036,68659.9128,TP,0.34560131952425593,0.01685880644485698,0.017187384582467245,0.008425190627114786,0.008597991286874529,0.017023181913989313,0.29453194658294235,1.747051000000024,0 days 23:55:00
5m,VALIDATION,75,CLOSED,BTCUSDT,LONG,2024-10-18 15:25:00+00:00,2024-10-18 15:30:00+00:00,68659.22,68693.54961,2024-10-21 13:15:00+00:00,68006.6141139,67972.61080684305,0.0002497038550361068,17.153044153731052,0.17153044153731054,68006.6141139,70067.4206022,SL,-0.16295820557842583,0.01715304415373105,0.016973022955337643,0.008572235958886253,0.00849075685609636,0.017062992814982615,-0.21414726550247715,-1.2484505000000061,2 days 21:45:00
5m,VALIDATION,76,CLOSED,BTCUSDT,LONG,2024-10-21 19:25:00+00:00,2024-10-21 19:30:00+00:00,67611.84,67645.64592,2024-10-22 00:25:00+00:00,66969.1894608,66935.7048660696,0.00025040947707992184,16.939110821560746,0.16939110821560746,66969.1894608,68998.5588384,SL,-0.16092578546620087,0.016939110821560747,0.016761334853488467,0.008465322749405391,0.008384859856672165,0.016850182606077554,-0.21147641374732765,-1.2484504999999906,0 days 04:55:00
5m,VALIDATION,77,CLOSED,BTCUSDT,LONG,2024-10-22 02:30:00+00:00,2024-10-22 02:35:00+00:00,67640.0,67673.81999999999,2024-10-22 08:30:00+00:00,66997.08179999999,66963.58325909999,0.0002471834111472061,16.72784567296202,0.1672784567296202,66997.08179999999,69027.29639999999,SL,-0.1589187137646253,0.016727845672962018,0.01655228693262428,0.00835974296499664,0.008280283608114421,0.01664002657311106,-0.20883887294332265,-1.2484504999999997,0 days 05:55:00
5m,VALIDATION,78,CLOSED,BTCUSDT,LONG,2024-10-22 12:00:00+00:00,2024-10-22 12:05:00+00:00,67375.44,67409.12772,2024-10-22 13:50:00+00:00,66735.0364428,66701.66892457861,0.00024505902967440735,16.519215430261397,0.16519215430261397,66735.0364428,68757.3102744,SL,-0.15693667432747066,0.016519215430261396,0.016345846264320806,0.008255479975143547,0.008177011637977417,0.016432491613120964,-0.20623422763517382,-1.2484504999999895,0 days 01:45:00
5m,VALIDATION,79,CLOSED,BTCUSDT,LONG,2024-10-22 14:30:00+00:00,2024-10-22 14:35:00+00:00,67488.16,67521.90408,2024-10-23 07:10:00+00:00,66846.68503919999,66813.26169668039,0.00024159844798656428,16.313187230825662,0.16313187230825663,66846.68503919999,68872.3421616,SL,-0.1549793549515253,0.01631318723082566,0.016141980330838145,0.008152517356731923,0.008075027679258662,0.016227545035990585,-0.20366206754917968,-1.2484505000000032,0 days 16:35:00
5m,VALIDATION,80,CLOSED,BTCUSDT,LONG,2024-10-23 14:20:00+00:00,2024-10-23 14:25:00+00:00,66674.01,66707.34700499999,2024-10-23 15:35:00+00:00,66040.27353494999,66007.25339818251,0.00024149856567789947,16.10972862188542,0.1610972862188542,66040.27353494999,68041.4939451,SL,-0.15304644732735956,0.016109728621885422,0.015940657019998732,0.008050838891495502,0.007974315667833156,0.01602515455932866,-0.20112198752857235,-1.2484505000000046,0 days 01:10:00
5m,VALIDATION,81,CLOSED,BTCUSDT,LONG,2024-10-23 19:40:00+00:00,2024-10-23 19:45:00+00:00,66475.61,66508.847805,2024-10-24 13:40:00+00:00,67839.0247611,67805.10524871945,0.0002391983635330294,15.908807555423314,0.15908807555423315,65843.75932694999,67839.0247611,TP,0.3261265796718947,0.015908807555423315,0.016218870214678514,0.007950428563429231,0.00811349185326356,0.01606392041669279,0.2779349814851001,1.7470510000000095,0 days 17:55:00
5m,VALIDATION,82,CLOSED,BTCUSDT,LONG,2024-10-24 13:40:00+00:00,2024-10-24 13:45:00+00:00,67843.19,67877.111595,2024-10-25 17:55:00+00:00,67198.34047904999,67164.74130881047,0.0002384672019658625,16.186464879584253,0.16186464879584253,67198.34047904999,69234.6538269,SL,-0.15377546094997588,0.016186464879584254,0.016016587930673017,0.008089187845867409,0.008012300115394408,0.016101487961261818,-0.20208000172149496,-1.248450500000006,1 days 04:10:00
5m,VALIDATION,83,CLOSED,BTCUSDT,LONG,2024-10-26 03:10:00+00:00,2024-10-26 03:15:00+00:00,66795.99,66829.387995,2024-10-27 21:45:00+00:00,68165.97575489999,68131.89276702254,0.00023918499384106712,15.98458675598636,0.1598458675598636,66161.09411505,68165.97575489999,TP,0.3276800343481029,0.01598458675598636,0.016296126351860535,0.007988299228377096,0.008152139245553755,0.016140438473930853,0.27925888276632516,1.7470509999999868,1 days 18:30:00
5m,VALIDATION,84,CLOSED,BTCUSDT,LONG,2024-10-27 22:00:00+00:00,2024-10-27 22:05:00+00:00,68117.03,68151.088515,2024-10-28 19:10:00+00:00,69514.11028529999,69479.35323015734,0.00023863986640903362,16.263566658849825,0.16263566658849826,67469.57762985,69514.11028529999,TP,0.3333990526466845,0.016263566658849826,0.016580543573030807,0.008127719469689348,0.008294418996012696,0.016422138465702042,0.28413280394910184,1.7470509999999961,0 days 21:05:00
5m,VALIDATION,85,CLOSED,BTCUSDT,LONG,2024-10-28 19:10:00+00:00,2024-10-28 19:15:00+00:00,69593.92,69628.71695999999,2024-10-29 02:15:00+00:00,71021.29129919999,70985.78065355039,0.00023765216905188732,16.54741561384393,0.16547415613843933,68932.42979039998,71021.29129919999,TP,0.33921788529728875,0.01654741561384393,0.01686992474415775,0.008269573020409954,0.008439181963060314,0.01670875498347027,0.28909178995581675,1.747051000000001,0 days 07:00:00
5m,VALIDATION,86,CLOSED,BTCUSDT,LONG,2024-10-29 02:15:00+00:00,2024-10-29 02:20:00+00:00,71026.17,71061.683085,2024-10-29 16:00:00+00:00,72482.9167467,72446.67528832665,0.0002369240055948892,16.83621860081278,0.16836218600812783,70351.06625414999,72482.9167467,TP,0.3451382743654863,0.01683621860081278,0.017164356501342626,0.008413902349231464,0.008586471486414044,0.01700037383564551,0.29413732542768534,1.7470509999999977,0 days 13:40:00
5m,VALIDATION,87,CLOSED,BTCUSDT,LONG,2024-10-29 16:40:00+00:00,2024-10-29 16:45:00+00:00,72699.94,72736.28997,2024-10-29 20:20:00+00:00,72008.9270703,71972.92260676484,0.0002355091535439022,17.130062082758524,0.17130062082758524,72008.9270703,74191.0157694,SL,-0.16273987016154123,0.017130062082758524,0.016950282081199974,0.008560750666045218,0.00847938073096581,0.017040131397011028,-0.21386034572251075,-1.248450500000009,0 days 03:35:00
5m,VALIDATION,88,CLOSED,BTCUSDT,LONG,2024-10-29 22:50:00+00:00,2024-10-29 22:55:00+00:00,72939.32,72975.78966000001,2024-10-30 00:45:00+00:00,72246.03176340001,72209.90874751832,0.00023180859655715902,16.91641538373504,0.1691641538373504,72246.03176340001,74435.30545320001,SL,-0.16071017313583305,0.01691641538373504,0.01673887760428274,0.008453980701517334,0.008373625614946678,0.01682760631646401,-0.21119307244031485,-1.2484504999999873,0 days 01:50:00
5m,VALIDATION,89,CLOSED,BTCUSDT,LONG,2024-10-30 05:55:00+00:00,2024-10-30 06:00:00+00:00,72498.0,72534.249,2024-10-30 12:00:00+00:00,71808.90651,71773.002056745,0.00023031097066139166,16.705433293385077,0.16705433293385077,71808.90651,73984.93398,SL,-0.15870579055834583,0.01670543329338508,0.016530109770971,0.008348542375503901,0.008269189480226377,0.01661773185573028,-0.2085590654784322,-1.2484504999999984,0 days 06:00:00
5m,VALIDATION,90,CLOSED,BTCUSDT,LONG,2024-10-30 14:55:00+00:00,2024-10-30 15:00:00+00:00,72411.79,72447.99589499999,2024-10-30 15:20:00+00:00,71723.51593604998,71687.65417808197,0.00022770930202860112,16.497082578621406,0.16497082578621405,71723.51593604998,73896.95581289999,SL,-0.15672640670644591,0.016497082578621407,0.01632394569695878,0.008244419079768967,0.00816605587641509,0.016410474956184057,-0.20595790993821014,-1.2484504999999897,0 days 00:20:00
5m,VALIDATION,91,CLOSED,BTCUSDT,LONG,2024-10-30 20:20:00+00:00,2024-10-30 20:25:00+00:00,72215.99,72252.097995,2024-10-31 13:45:00+00:00,71529.57701505,71493.81222654248,0.00022547899469948092,16.291330420840982,0.16291330420840983,71529.57701505,73697.1399549,SL,-0.15477170979519644,0.016291330420840983,0.016120352908074256,0.008141594413213542,0.008064208558316861,0.016205802971530403,-0.2033891960956421,-1.2484505000000046,0 days 17:20:00
5m,VALIDATION,92,CLOSED,BTCUSDT,LONG,2024-10-31 23:15:00+00:00,2024-10-31 23:20:00+00:00,70580.0,70615.29,2024-11-01 01:30:00+00:00,69909.13709999999,69874.18253145,0.00022782805835330324,16.08814441075543,0.1608814441075543,69909.13709999999,72027.5958,SL,-0.15284139192826793,0.01608814441075543,0.015919299335164554,0.008040052179286612,0.007963631483321808,0.01600368366260842,-0.20085251933679632,-1.2484504999999881,0 days 02:10:00
5m,VALIDATION,93,CLOSED,BTCUSDT,LONG,2024-11-01 09:45:00+00:00,2024-11-01 09:50:00+00:00,69561.57,69596.350785,2024-11-01 13:55:00+00:00,70988.2778007,70952.78366179965,0.00022828054005829155,15.887492543286104,0.15887492543286105,68900.38727715,70988.2778007,TP,0.32568962724917216,0.015887492543286103,0.016197139772954748,0.00793977638345027,0.008102621197076065,0.016042397580526335,0.277562597352405,1.747050999999998,0 days 04:05:00
5m,VALIDATION,94,CLOSED,BTCUSDT,LONG,2024-11-01 13:55:00+00:00,2024-11-01 14:00:00+00:00,71200.43,71236.03021499999,2024-11-01 15:30:00+00:00,70523.66991284999,70488.40807789357,0.0002269185664408724,16.16477785532647,0.1616477785532647,70523.66991284999,72660.7508193,SL,-0.15356942880047866,0.01616477785532647,0.01599512851173482,0.008078349752786517,0.008001565038384229,0.016079914791170748,-0.2018092499587107,-1.2484504999999881,0 days 01:30:00
5m,VALIDATION,95,CLOSED,BTCUSDT,LONG,2024-11-01 23:25:00+00:00,2024-11-01 23:30:00+00:00,69560.0,69594.78,2024-11-03 02:10:00+00:00,68898.8322,68864.38278390002,0.00022937309684735083,15.963170213010075,0.15963170213010075,68898.8322,70986.6756,SL,-0.15165410582174887,0.015963170213010077,0.015795636741624538,0.007977596308350595,0.007901769255437537,0.015879365563788134,-0.19929227834017163,-1.2484504999999768,1 days 02:40:00
5m,VALIDATION,96,CLOSED,BTCUSDT,LONG,2024-11-03 11:10:00+00:00,2024-11-03 11:15:00+00:00,68556.02,68590.29801,2024-11-03 14:25:00+00:00,67904.3950299,67870.44283238506,0.00022982954565318794,15.76407702785506,0.1576407702785506,67904.3950299,69962.1039702,SL,-0.14976267081435637,0.01576407702785506,0.015598633039447725,0.007878099464194177,0.0078032181287859695,0.015681317592980148,-0.1968066984746393,-1.248450499999985,0 days 03:10:00
5m,VALIDATION,97,CLOSED,BTCUSDT,LONG,2024-11-03 17:00:00+00:00,2024-11-03 17:05:00+00:00,68307.96,68342.11398000001,2024-11-04 16:55:00+00:00,67658.6928402,67624.8634937799,0.0002277873193097971,15.56746693946881,0.1556746693946881,67658.6928402,69708.95625960002,SL,-0.147894825846728,0.01556746693946881,0.015404086373939085,0.0077798435479610566,0.007705896135036573,0.015485739682997629,-0.19435211884313353,-1.248450500000003,0 days 23:50:00
5m,VALIDATION,98,CLOSED,BTCUSDT,LONG,2024-11-04 23:20:00+00:00,2024-11-04 23:25:00+00:00,67915.65,67949.60782499998,2024-11-05 14:20:00+00:00,69308.59998149998,69273.94568150924,0.0002262457351951106,15.37330897858656,0.1537330897858656,67270.11174674999,69308.59998149998,TP,0.3151489926544803,0.015373308978586561,0.015672934770579218,0.007682813082749736,0.007840387579076812,0.015523200661826548,0.26857954824348795,1.7470510000000108,0 days 14:55:00
5m,VALIDATION,99,CLOSED,BTCUSDT,LONG,2024-11-05 14:20:00+00:00,2024-11-05 14:25:00+00:00,69280.0,69314.64,2024-11-06 00:30:00+00:00,70700.9328,70665.5823336,0.0002256611332842967,15.641620215593043,0.15641620215593044,68621.4936,70700.9328,TP,0.3206493059688278,0.015641620215593045,0.015946475393594953,0.007816901656967907,0.007977226309950647,0.015794127966918554,0.27326708239272124,1.7470510000000052,0 days 10:05:00
5m,VALIDATION,100,CLOSED,BTCUSDT,LONG,2024-11-06 00:30:00+00:00,2024-11-06 00:35:00+00:00,70742.01,70777.38100499999,2024-11-06 02:25:00+00:00,72192.92862509999,72156.83216078744,0.0002248545238311826,15.914614303897462,0.15914614303897462,70069.60719494999,72192.92862509999,TP,0.32624561656465284,0.015914614303897463,0.016224790136680423,0.00795333048670394,0.008116453294987268,0.01606978378169121,0.27803642834238373,1.7470510000000006,0 days 01:50:00
5m,VALIDATION,101,CLOSED,BTCUSDT,LONG,2024-11-06 02:25:00+00:00,2024-11-06 02:30:00+00:00,72396.7,72432.89834999999,2024-11-06 03:00:00+00:00,73881.556317,73844.6155388415,0.00022354997994595888,16.192372973570176,0.16192372973570177,71708.56936649999,73881.556317,TP,0.3319395998879799,0.016192372973570176,0.016507962322825063,0.008092140416574896,0.00825811021651826,0.016350250633093158,0.2828890139584915,1.7470510000000246,0 days 00:30:00
5m,VALIDATION,102,CLOSED,BTCUSDT,LONG,2024-11-06 03:00:00+00:00,2024-11-06 03:05:00+00:00,73888.88,73925.82444,2024-11-06 06:20:00+00:00,75404.3409288,75366.6387583356,0.00022285824346122255,16.474979381121116,0.16474979381121116,73186.5661956,75404.3409288,TP,0.33773296062647906,0.016474979381121118,0.016796076729259167,0.008233373004056752,0.008402239484371632,0.016635612488428382,0.2878262920276704,1.7470510000000008,0 days 03:15:00
5m,VALIDATION,103,CLOSED,BTCUSDT,LONG,2024-11-06 06:20:00+00:00,2024-11-06 06:25:00+00:00,75341.98,75379.65099,2024-11-06 06:30:00+00:00,74625.8544801,74588.54155285996,0.0002223745787390188,16.76251813439551,0.1676251813439551,74625.8544801,76887.2440098,SL,-0.15924811081202347,0.01676251813439551,0.01658659550657503,0.008377070531931503,0.008297446476523588,0.01667451700845509,-0.20927174146144908,-1.2484504999999861,0 days 00:05:00
5m,VALIDATION,104,CLOSED,BTCUSDT,LONG,2024-11-06 11:15:00+00:00,2024-11-06 11:20:00+00:00,74114.46,74151.51723,2024-11-06 19:50:00+00:00,75634.5475746,75596.7303008127,0.00022323825693637588,16.55345545561284,0.16553455455612842,73410.0020577,75634.5475746,TP,0.33934170054434604,0.01655345545561284,0.01687608230244274,0.008272591432088423,0.00844226228236156,0.016714853714449984,0.2891973090718405,1.7470510000000108,0 days 08:30:00
5m,VALIDATION,105,CLOSED,BTCUSDT,LONG,2024-11-06 19:50:00+00:00,2024-11-06 19:55:00+00:00,75750.0,75787.875,2024-11-07 03:05:00+00:00,75029.99625,74992.481251875,0.0002222303218857108,16.842363856284017,0.16842363856284018,75029.99625,77303.6325,SL,-0.16000666512141964,0.01684236385628402,0.016665603247612314,0.008416973441421297,0.008336970108860519,0.016753943550281813,-0.2102685757755978,-1.2484505000000041,0 days 07:10:00
5m,VALIDATION,106,CLOSED,BTCUSDT,LONG,2024-11-07 08:30:00+00:00,2024-11-07 08:35:00+00:00,75099.99,75137.539995,2024-11-07 18:30:00+00:00,76640.29079490001,76601.97064950256,0.00022135812990593608,16.632305339025677,0.16632305339025677,74386.16459505,76640.29079490001,TP,0.34095810345169125,0.01663230533902568,0.01695646897008329,0.008311996671175909,0.008482475722902443,0.01679447239407835,0.290574856748504,1.747051000000015,0 days 09:55:00
5m,VALIDATION,107,CLOSED,BTCUSDT,LONG,2024-11-07 18:30:00+00:00,2024-11-07 18:35:00+00:00,76416.93,76455.13846499998,2024-11-07 22:10:00+00:00,75690.58708034999,75652.74178680981,0.00022134012508458033,16.922589911202003,0.16922589911202005,75690.58708034999,77984.24123429999,SL,-0.1607688326896319,0.016922589911202005,0.016744987330083942,0.00845706642238733,0.00837668200604452,0.016833748428431848,-0.2112701583593497,-1.2484504999999924,0 days 03:35:00
5m,VALIDATION,108,CLOSED,BTCUSDT,LONG,2024-11-08 01:20:00+00:00,2024-11-08 01:25:00+00:00,76256.0,76294.128,2024-11-10 04:30:00+00:00,77820.01056,77781.10055472,0.0002190408521602333,16.711530811941916,0.16711530811941916,75531.18672,77820.01056,TP,0.3425822058500026,0.016711530811941915,0.017037238547466665,0.008351589611164712,0.008522880714088474,0.016874470325253188,0.2919589661653408,1.7470510000000086,2 days 03:05:00
5m,VALIDATION,109,CLOSED,BTCUSDT,LONG,2024-11-10 04:30:00+00:00,2024-11-10 04:35:00+00:00,77885.8,77924.7429,2024-11-10 05:25:00+00:00,79483.237758,79443.49613912101,0.00021820024652026657,17.00319811080839,0.1700319811080839,77145.495471,79483.237758,TP,0.34856131259638196,0.01700319811080839,0.017334590441988047,0.0084973503802129,0.00867163103651095,0.01716898141672385,0.29705454262686165,1.747051000000015,0 days 00:50:00
5m,VALIDATION,110,CLOSED,BTCUSDT,LONG,2024-11-10 05:25:00+00:00,2024-11-10 05:30:00+00:00,79653.0,79692.8265,2024-11-10 06:30:00+00:00,78895.898235,78856.4502858825,0.0002170829754124785,17.299955895650413,0.17299955895650412,78895.898235,81286.68303,SL,-0.16435390383623896,0.017299955895650414,0.017118392858525563,0.008645655120264115,0.008563478168347103,0.01720913328861122,-0.21598138587902616,-1.2484504999999948,0 days 01:00:00
5m,VALIDATION,111,CLOSED,BTCUSDT,LONG,2024-11-10 07:00:00+00:00,2024-11-10 07:05:00+00:00,78968.88,79008.36444,2024-11-10 17:50:00+00:00,80588.53172880001,80548.2374629356,0.00021623267860918207,17.084190275391652,0.17084190275391653,78218.2807956,80588.53172880001,TP,0.3502216317324172,0.017084190275391653,0.017417161143859033,0.00853782622458357,0.008712937040450262,0.01725076326503383,0.2984695170481327,1.7470510000000004,0 days 10:45:00
5m,VALIDATION,112,CLOSED,BTCUSDT,LONG,2024-11-10 17:50:00+00:00,2024-11-10 17:55:00+00:00,80594.02,80634.31701,2024-11-10 19:40:00+00:00,79827.9738399,79788.05985298006,0.00021557027163680671,17.382361621094084,0.17382361621094083,79827.9738399,82247.0033502,SL,-0.16513677881908947,0.017382361621094085,0.017199933735880704,0.00868683739184999,0.008604269002439964,0.017291106394289955,-0.2170101805703542,-1.2484504999999828,0 days 01:45:00
5m,VALIDATION,113,CLOSED,BTCUSDT,LONG,2024-11-10 22:15:00+00:00,2024-11-10 22:20:00+00:00,80762.0,80802.381,2024-11-10 23:40:00+00:00,79994.35719,79954.360011405,0.0002124388912984002,17.165568233910918,0.1716556823391092,79994.35719,82418.42861999999,SL,-0.1630771874695895,0.017165568233910918,0.01698541559529602,0.008578494869519412,0.008496956275783618,0.017075451145303032,-0.21430362244409945,-1.248450499999985,0 days 01:20:00
5m,VALIDATION,114,CLOSED,BTCUSDT,LONG,2024-11-11 00:00:00+00:00,2024-11-11 00:05:00+00:00,80491.61,80531.855805,2024-11-11 10:10:00+00:00,82142.4929211,82101.42167463945,0.00021049407754921323,16.95147870099973,0.1695147870099973,79726.53724695,82142.4929211,TP,0.34750107761869453,0.01695147870099973,0.017281863020882214,0.00847150359870023,0.00864525413750898,0.017116757736209208,0.29615097816060343,1.7470510000000037,0 days 10:05:00
5m,VALIDATION,115,CLOSED,BTCUSDT,LONG,2024-11-11 10:10:00+00:00,2024-11-11 10:15:00+00:00,82129.99,82171.054995,2024-11-11 15:30:00+00:00,83814.4760949,83772.56885685257,0.00020989548965979286,17.247333824037295,0.17247333824037295,81349.34444505,83814.4760949,TP,0.3535660337141477,0.017247333824037293,0.01758348436026778,0.008619357233400552,0.008796140250256716,0.01741549748365727,0.3013197180461853,1.7470510000000203,0 days 05:15:00
5m,VALIDATION,116,CLOSED,BTCUSDT,LONG,2024-11-11 15:30:00+00:00,2024-11-11 15:35:00+00:00,83846.02,83887.94301,2024-11-11 18:50:00+00:00,85565.7018702,85522.91901926491,0.00020918801789301532,17.54835252338413,0.17548352523384128,83049.0635799,85565.7018702,TP,0.35973684183369203,0.017548352523384127,0.01789036991406489,0.00876979136600877,0.008949659786924809,0.01771945115293358,0.3065786682433095,1.7470510000000106,0 days 03:15:00
5m,VALIDATION,117,CLOSED,BTCUSDT,LONG,2024-11-11 18:50:00+00:00,2024-11-11 18:55:00+00:00,85727.99,85770.853995,2024-11-11 21:15:00+00:00,87486.2710749,87442.52793936255,0.0002081665750963891,17.854624919231593,0.17854624919231593,84913.14545504999,87486.2710749,TP,0.3660153494187287,0.017854624919231593,0.018202611558907417,0.00892285103409717,0.009105858708806628,0.018028709742903798,0.311929403197686,1.747051000000007,0 days 02:20:00
5m,VALIDATION,118,CLOSED,BTCUSDT,LONG,2024-11-11 21:15:00+00:00,2024-11-11 21:20:00+00:00,87776.74,87820.62837,2024-11-11 22:15:00+00:00,86942.42208630001,86898.95087525687,0.0002068562141016239,18.166242704643867,0.18166242704643867,86942.42208630001,89577.0409374,SL,-0.17258384498514676,0.018166242704643867,0.01797558798745863,0.009078582061291408,0.00899229013879723,0.01807087220008864,-0.22679654787733788,-1.248450499999989,0 days 00:55:00
5m,VALIDATION,119,CLOSED,BTCUSDT,LONG,2024-11-11 22:55:00+00:00,2024-11-11 23:00:00+00:00,87979.27,88023.259635,2024-11-12 00:15:00+00:00,87143.02703864999,87099.45552513067,0.000203806048550504,17.93967272674443,0.1793967272674443,87143.02703864999,89783.7248277,SL,-0.1704313735809181,0.01793967272674443,0.017751395861477247,0.008965353686527079,0.00888013799973682,0.017845491686263898,-0.22396793385540367,-1.2484504999999957,0 days 01:15:00
5m,VALIDATION,120,CLOSED,BTCUSDT,LONG,2024-11-12 00:50:00+00:00,2024-11-12 00:55:00+00:00,88600.01,88644.31000499999,2024-11-12 02:35:00+00:00,87757.86690494999,87713.98797149751,0.00019985409707717756,17.71592853707869,0.1771592853707869,87757.86690494999,90417.19620509999,SL,-0.1683057478709989,0.01771592853707869,0.017529999867082046,0.008853537499788917,0.008769384625854394,0.01762292212564331,-0.22117459840080292,-1.2484505000000075,0 days 01:40:00
5m,VALIDATION,121,CLOSED,BTCUSDT,LONG,2024-11-12 04:25:00+00:00,2024-11-12 04:30:00+00:00,88652.3,88696.62615,2024-11-12 09:45:00+00:00,87809.6598885,87765.75505855575,0.00019724509997410587,17.49497489232264,0.17494974892322643,87809.6598885,90470.55867299999,SL,-0.1662066330350101,0.017494974892322643,0.01731136513082772,0.008743115888215932,0.008660012571699927,0.01740312845991586,-0.21841610151807628,-1.2484504999999988,0 days 05:15:00
5m,VALIDATION,122,CLOSED,BTCUSDT,LONG,2024-11-12 17:05:00+00:00,2024-11-12 17:10:00+00:00,87316.0,87359.658,2024-11-12 19:05:00+00:00,89106.85115999999,89062.29773441999,0.00019776607857952222,17.276776988708185,0.17276776988708187,86486.06142,89106.85115999999,TP,0.35416961123278673,0.017276776988708185,0.017613501372218107,0.008634071458623951,0.008811156264241414,0.017445227722865365,0.3018341051489951,1.7470509999999932,0 days 01:55:00
5m,VALIDATION,123,CLOSED,BTCUSDT,LONG,2024-11-12 19:05:00+00:00,2024-11-12 19:10:00+00:00,89156.0,89200.578,2024-11-12 21:50:00+00:00,88308.57221999999,88264.41793389,0.0001970649737413653,17.57830956128461,0.17578309561284608,88308.57221999999,90984.58956,SL,-0.16699833321340601,0.01757830956128461,0.017393825202438925,0.008784762399441414,0.008701263232833493,0.01748602563227491,-0.21945649360940445,-1.2484504999999941,0 days 02:40:00
5m,VALIDATION,124,CLOSED,BTCUSDT,LONG,2024-11-13 08:20:00+00:00,2024-11-13 08:25:00+00:00,87500.01,87543.76000499999,2024-11-13 13:45:00+00:00,89294.63520509998,89249.98788749744,0.00019829022998258365,17.359072304931555,0.17359072304931555,86668.32240494998,89294.63520509998,TP,0.3558566446518184,0.017359072304931555,0.01769740062415467,0.008675198553188077,0.008853126875514409,0.017528325428702488,0.3032718462940297,1.7470509999999995,0 days 05:20:00
5m,VALIDATION,125,CLOSED,BTCUSDT,LONG,2024-11-13 13:45:00+00:00,2024-11-13 13:50:00+00:00,89678.9,89723.73945,2024-11-13 14:00:00+00:00,88826.5020555,88782.08880447225,0.0001968491426083576,17.66204118234817,0.1766204118234817,88826.5020555,91518.214239,SL,-0.16779380453595147,0.017662041182348168,0.017476678060139427,0.00882660728753022,0.008742710385260642,0.017569317672790862,-0.22050184145122992,-1.2484504999999901,0 days 00:10:00
5m,VALIDATION,126,CLOSED,BTCUSDT,LONG,2024-11-13 14:05:00+00:00,2024-11-13 14:10:00+00:00,89477.83,89522.568915,2024-11-13 14:50:00+00:00,91313.0202933,91267.36378315336,0.00019483086593524208,17.441759622456836,0.17441759622456837,88627.34322585,91313.0202933,TP,0.35755171399958885,0.017441759622456837,0.01778169951749852,0.008716521550452109,0.008895297407451108,0.017611818957903216,0.30471643590173025,1.7470510000000106,0 days 00:40:00
5m,VALIDATION,127,CLOSED,BTCUSDT,LONG,2024-11-13 14:50:00+00:00,2024-11-13 14:55:00+00:00,91594.77,91640.567385,2024-11-13 15:00:00+00:00,90724.16171115,90678.79963029442,0.0001936497356217748,17.746171646334687,0.17746171646334688,90724.16171115,93473.3787327,SL,-0.1685930649659301,0.01774617164633469,0.017559925574906404,0.008868651497418252,0.008784354964935001,0.017653006462353252,-0.22155216864952443,-1.2484505000000043,0 days 00:05:00
5m,VALIDATION,128,CLOSED,BTCUSDT,LONG,2024-11-13 15:10:00+00:00,2024-11-13 15:15:00+00:00,91168.9,91214.48444999999,2024-11-13 16:10:00+00:00,93038.77413899999,92992.2547519305,0.00019212782831798354,17.524840808522978,0.1752484080852298,90302.33960549999,93038.77413899999,TP,0.3592548575540278,0.017524840808522978,0.01786639995588109,0.008758041383568711,0.008937668812345366,0.017695710195914077,0.3061679065937097,1.747051000000005,0 days 00:55:00
5m,VALIDATION,129,CLOSED,BTCUSDT,LONG,2024-11-13 16:10:00+00:00,2024-11-13 16:15:00+00:00,93192.02,93238.61601,2024-11-13 16:30:00+00:00,92306.2298499,92260.07673497505,0.00019123731792801134,17.830702853072136,0.17830702853072136,92306.2298499,95103.3883302,SL,-0.16939613255217487,0.017830702853072138,0.01764356962662915,0.008910895978545618,0.008826197912270609,0.01773709389081623,-0.22260749892269238,-1.2484504999999946,0 days 00:15:00
5m,VALIDATION,130,CLOSED,BTCUSDT,LONG,2024-11-13 17:00:00+00:00,2024-11-13 17:05:00+00:00,92537.56,92583.82878,2024-11-13 19:05:00+00:00,91657.9904922,91612.16149695391,0.00019018783270569403,17.60831773926326,0.1760831773926326,91657.9904922,94435.50535559999,SL,-0.16728341840249586,0.01760831773926326,0.017423518444589694,0.00879975899013628,0.008716117280933588,0.017515876271069868,-0.21983113085741865,-1.2484504999999875,0 days 02:00:00
5m,VALIDATION,131,CLOSED,BTCUSDT,LONG,2024-11-14 06:05:00+00:00,2024-11-14 06:10:00+00:00,90262.75,90307.881375,2024-11-14 06:55:00+00:00,89404.80256124999,89360.10015996937,0.00019254915468251598,17.38870621992518,0.1738870621992518,89404.80256124999,92114.0390025,SL,-0.16519705409334381,0.01738870621992518,0.017206211748147064,0.008690008105909097,0.008607409578862274,0.01729741768477137,-0.2170893897461874,-1.2484505000000024,0 days 00:45:00
5m,VALIDATION,132,CLOSED,BTCUSDT,LONG,2024-11-14 07:50:00+00:00,2024-11-14 07:55:00+00:00,90800.02,90845.42001,2024-11-14 14:40:00+00:00,89936.96580990001,89891.99732699506,0.0001890225583282679,17.171833702696222,0.17171833702696224,89936.96580990001,92662.3284102,SL,-0.16313671098863253,0.01717183370269622,0.016991615307986426,0.008581626038328486,0.008500057682834836,0.017081683721163324,-0.2143818437204785,-1.2484504999999941,0 days 06:45:00
5m,VALIDATION,133,CLOSED,BTCUSDT,LONG,2024-11-14 19:40:00+00:00,2024-11-14 19:45:00+00:00,89463.99,89508.721995,2024-11-14 20:05:00+00:00,88613.63477505,88569.32795766248,0.00018945266616139433,16.95766602665179,0.1695766602665179,88613.63477505,91298.8964349,SL,-0.16110206455105092,0.01695766602665179,0.01677969532170208,0.008474595715467145,0.008394044683192017,0.016868640398659162,-0.21170806629806393,-1.2484504999999972,0 days 00:20:00
5m,VALIDATION,134,CLOSED,BTCUSDT,LONG,2024-11-15 02:30:00+00:00,2024-11-15 02:35:00+00:00,88125.02,88169.08251,2024-11-15 04:35:00+00:00,87287.3916849,87243.74798905755,0.00018993244548080822,16.746169456923454,0.16746169456923454,87287.3916849,89932.46416019999,SL,-0.15909279429091386,0.016746169456923456,0.016570418408473047,0.008368900278320447,0.008289353881176274,0.01665825415949672,-0.20906763631580705,-1.2484504999999935,0 days 02:00:00
5m,VALIDATION,135,CLOSED,BTCUSDT,LONG,2024-11-15 06:55:00+00:00,2024-11-15 07:00:00+00:00,88182.68,88226.77133999999,2024-11-15 12:10:00+00:00,89991.3067668,89946.31111341661,0.00018744095956606258,16.537310679385186,0.16537310679385187,87344.5036266,89991.3067668,TP,0.3390107366658587,0.016537310679385187,0.016859622864526407,0.008264523078153337,0.008434028446484602,0.01669855152463794,0.28891525159730913,1.7470510000000208,0 days 05:10:00
5m,VALIDATION,136,CLOSED,BTCUSDT,LONG,2024-11-15 12:10:00+00:00,2024-11-15 12:15:00+00:00,90660.54,90705.87026999998,2024-11-15 12:35:00+00:00,89798.81156729998,89753.91216151635,0.0001854999820218089,16.825937304357527,0.16825937304357527,89798.81156729998,92519.98767539999,SL,-0.1598506087735332,0.016825937304357528,0.016649349092348296,0.008408764270042127,0.008328838965654926,0.016737603235697052,-0.21006349840593608,-1.2484504999999881,0 days 00:20:00
5m,VALIDATION,137,CLOSED,BTCUSDT,LONG,2024-11-15 12:45:00+00:00,2024-11-15 12:50:00+00:00,89918.15,89963.10907499999,2024-11-15 14:30:00+00:00,89063.47798424998,89018.94624525786,0.00018469885968196078,16.616083659596356,0.16616083659596356,89063.47798424998,91762.37125649999,SL,-0.15785694671110956,0.016616083659596357,0.016441697861588892,0.008303889884854193,0.008224961411500309,0.0165288512963545,-0.2074435795286493,-1.248450500000002,0 days 01:40:00
5m,VALIDATION,138,CLOSED,BTCUSDT,LONG,2024-11-15 17:05:00+00:00,2024-11-15 17:10:00+00:00,89623.95,89668.76197499999,2024-11-15 21:50:00+00:00,91462.13721449999,91416.40614589275,0.000182994021050338,16.408847316410895,0.16408847316410896,88772.07435524999,91462.13721449999,TP,0.33637726982467414,0.016408847316410895,0.016728655750607748,0.00820032349645532,0.008368512131368662,0.016568835627823984,0.28667093112983155,1.7470510000000112,0 days 04:40:00
5m,VALIDATION,139,CLOSED,BTCUSDT,LONG,2024-11-15 21:50:00+00:00,2024-11-15 21:55:00+00:00,91695.2,91741.04759999999,2024-11-16 12:05:00+00:00,90823.63712399999,90778.225305438,0.00018198213667438158,16.695231862994145,0.16695231862994145,90823.63712399999,93575.86855199999,SL,-0.15860887442055105,0.016695231862994146,0.016520015404592022,0.008343444209391229,0.008264139772179952,0.01660758398157118,-0.20843170566970842,-1.2484504999999924,0 days 14:10:00
5m,VALIDATION,140,CLOSED,BTCUSDT,LONG,2024-11-16 17:50:00+00:00,2024-11-16 17:55:00+00:00,90962.89,91008.371445,2024-11-17 01:45:00+00:00,90098.28773055,90053.23858668473,0.00018115925072640583,16.48700838080663,0.16487008380806628,90098.28773055,92828.5388739,SL,-0.15663069930991183,0.01648700838080663,0.016313977227850066,0.008239384498153805,0.008161069148498009,0.016400453646651814,-0.20583213856522037,-1.2484504999999886,0 days 07:50:00
5m,VALIDATION,141,CLOSED,BTCUSDT,LONG,2024-11-17 04:55:00+00:00,2024-11-17 05:00:00+00:00,90576.01,90621.29800499999,2024-11-17 19:25:00+00:00,89715.08502494999,89670.22748243752,0.00017966396671845446,16.281381868753463,0.16281381868753464,89715.08502494999,92433.7239651,SL,-0.1546771960644698,0.016281381868753463,0.016110508766040893,0.00813662262306428,0.008059284025032554,0.016195906648096836,-0.203264993347361,-1.2484504999999941,0 days 14:25:00
5m,VALIDATION,142,CLOSED,BTCUSDT,LONG,2024-11-18 00:25:00+00:00,2024-11-18 00:30:00+00:00,89923.56,89968.52178,2024-11-18 06:55:00+00:00,91767.89221559999,91722.0082694922,0.00017871050473246443,16.07831993733752,0.16078319937337518,89068.8365622,91767.89221559999,TP,0.329601541144219,0.016078319937337517,0.016391686392916226,0.008035142397469634,0.008199943168039951,0.016235085565509587,0.2808964492484557,1.7470510000000075,0 days 06:25:00
5m,VALIDATION,143,CLOSED,BTCUSDT,LONG,2024-11-18 06:55:00+00:00,2024-11-18 07:00:00+00:00,92061.84,92107.87091999999,2024-11-18 11:10:00+00:00,91186.79221079999,91141.1988146946,0.00017760627411484808,16.358935770752563,0.16358935770752564,91186.79221079999,93950.02833839999,SL,-0.15541397751224795,0.016358935770752564,0.016187248739838518,0.008175380195276893,0.008097673206521825,0.01627305340179872,-0.20423321542463774,-1.2484504999999908,0 days 04:10:00
5m,VALIDATION,144,CLOSED,BTCUSDT,LONG,2024-11-18 15:35:00+00:00,2024-11-18 15:40:00+00:00,91764.0,91809.882,2024-11-18 18:30:00+00:00,90891.78318,90846.33728841001,0.00017596043293590296,16.154906584514166,0.16154906584514167,90891.78318,93646.07964,SL,-0.1534756492611768,0.016154906584514166,0.01598536083990969,0.00807341658396471,0.007996678759332507,0.016070095343297217,-0.20168601202889788,-1.2484504999999866,0 days 02:50:00
5m,VALIDATION,145,CLOSED,BTCUSDT,LONG,2024-11-18 20:55:00+00:00,2024-11-18 21:00:00+00:00,91473.43,91519.16671499998,2024-11-18 23:20:00+00:00,90603.97504784998,90558.67306032605,0.0001743178246660981,15.95342205701277,0.1595342205701277,90603.97504784998,93349.55004929999,SL,-0.15156149590395718,0.01595342205701277,0.01578599089252442,0.007972724666171873,0.00789694391822151,0.015869668584393384,-0.19917057743788774,-1.2484505000000097,0 days 02:20:00
5m,VALIDATION,146,CLOSED,BTCUSDT,LONG,2024-11-19 02:20:00+00:00,2024-11-19 02:25:00+00:00,91177.21,91222.798605,2024-11-19 17:30:00+00:00,93047.2545771,93000.73094981146,0.00017270299412100256,15.754450451180716,0.15754450451180715,90310.57061895,93047.2545771,TP,0.322962297604913,0.015754450451180717,0.01606150469047423,0.007873288581299221,0.008034769730100038,0.01590805831139926,0.27523828415185875,1.74705100000001,0 days 15:05:00
5m,VALIDATION,147,CLOSED,BTCUSDT,LONG,2024-11-19 17:30:00+00:00,2024-11-19 17:35:00+00:00,93067.99,93114.523995,2024-11-19 20:55:00+00:00,92183.37875505,92137.28706567248,0.0001721472986628003,16.029413772011747,0.16029413772011747,92183.37875505,94976.81447489999,SL,-0.15228343618488044,0.016029413772011745,0.01586118507447449,0.008010701535236652,0.007934559817143893,0.015945261352380544,-0.2001192963837472,-1.2484504999999855,0 days 03:20:00
5m,VALIDATION,148,CLOSED,BTCUSDT,LONG,2024-11-20 04:35:00+00:00,2024-11-20 04:40:00+00:00,92195.72,92241.81786,2024-11-20 13:15:00+00:00,94086.65421719999,94039.6108900914,0.0001716086560547866,15.82949439500501,0.15829494395005012,91319.3996814,94086.65421719999,TP,0.3245006797017,0.01582949439500501,0.01613801124076366,0.007910791801600744,0.008073042141451367,0.01598383394305211,0.27654934012287924,1.7470510000000015,0 days 08:35:00
5m,VALIDATION,149,CLOSED,BTCUSDT,LONG,2024-11-20 13:15:00+00:00,2024-11-20 13:20:00+00:00,94188.89,94235.984445,2024-11-20 18:45:00+00:00,93293.62460055,93246.97778824973,0.00017090888960215434,16.105767462060836,0.16105767462060835,93293.62460055,96120.7041339,SL,-0.1530088153192286,0.016105767462060838,0.01593673743254651,0.008048859301378905,0.007972354893719353,0.016021214195098256,-0.2010725344089342,-1.24845049999999,0 days 05:25:00
5m,VALIDATION,150,CLOSED,BTCUSDT,LONG,2024-11-20 20:25:00+00:00,2024-11-20 20:30:00+00:00,94191.99,94239.085995,2024-11-21 04:00:00+00:00,96123.8677149,96075.80578104255,0.00016877175358171988,15.90489579931465,0.1590489579931465,93296.69513505,96123.8677149,TP,0.3260463896491179,0.01590489579931465,0.016214882218443295,0.007948473662825244,0.008111496857649964,0.016059970520475208,0.27786664111088477,1.7470510000000012,0 days 07:30:00
5m,VALIDATION,151,CLOSED,BTCUSDT,LONG,2024-11-21 04:00:00+00:00,2024-11-21 04:05:00+00:00,96368.72,96416.90436,2024-11-21 11:05:00+00:00,98345.2424472,98296.0698259764,0.00016783866852799546,16.18248485137348,0.1618248485137348,95452.7353164,98345.2424472,TP,0.3317368958537427,0.016182484851373483,0.016497881481126752,0.008087198826273484,0.008253067274199694,0.016340266100473178,0.28271626342076933,1.7470510000000028,0 days 07:00:00
5m,VALIDATION,152,CLOSED,BTCUSDT,LONG,2024-11-21 11:05:00+00:00,2024-11-21 11:10:00+00:00,98367.5,98416.68375,2024-11-21 12:55:00+00:00,97432.5169125,97383.80065404375,0.00016729804392504396,16.46491868096466,0.16464918680964663,97432.5169125,100385.017425,SL,-0.15642084164174894,0.01646491868096466,0.016292119359407938,0.008228345167897796,0.008150134747076935,0.01637847991497473,-0.20555635959709628,-1.2484504999999972,0 days 01:45:00
5m,VALIDATION,153,CLOSED,BTCUSDT,LONG,2024-11-21 17:25:00+00:00,2024-11-21 17:30:00+00:00,97614.44,97663.24721999999,2024-11-24 12:40:00+00:00,96686.61474779999,96638.27144042609,0.00016648604398489052,16.259567672376157,0.16259567672376157,96686.61474779999,99616.51216439999,SL,-0.15446995574806321,0.016259567672376157,0.016088923509654567,0.008125720975698207,0.008048485997826153,0.016174206973524362,-0.2029926539036183,-1.2484504999999988,2 days 19:10:00
5m,VALIDATION,154,CLOSED,BTCUSDT,LONG,2024-11-24 20:30:00+00:00,2024-11-24 20:35:00+00:00,96720.74,96769.10037,2024-11-25 09:15:00+00:00,98704.4823774,98655.1301362113,0.0001659287701026767,16.056777808336577,0.16056777808336578,95801.4093663,98704.4823774,TP,0.32915993288254036,0.016056777808336576,0.016369724407821057,0.008024376715809533,0.008188956682250855,0.016213333398060387,0.2805200972683224,1.7470510000000008,0 days 12:40:00
5m,VALIDATION,155,CLOSED,BTCUSDT,LONG,2024-11-25 09:15:00+00:00,2024-11-25 09:20:00+00:00,98749.98,98799.35498999999,2024-11-25 13:00:00+00:00,97811.3614401,97762.45575937995,0.00016535550932899356,16.337017665747492,0.1633701766574749,97811.3614401,100775.34208979999,SL,-0.15520575003791126,0.016337017665747494,0.016165560665345476,0.008164426619563405,0.008086823744543276,0.01625125036410668,-0.2039595787331109,-1.248450499999988,0 days 03:40:00
5m,VALIDATION,156,CLOSED,BTCUSDT,LONG,2024-11-26 01:45:00+00:00,2024-11-26 01:50:00+00:00,94648.01,94695.33400499998,2024-11-26 07:15:00+00:00,93748.38066494997,93701.5064746175,0.00017037018784880618,16.133261842837292,0.16133261842837293,93748.38066494997,96589.24068509998,SL,-0.1532700188067685,0.016133261842837292,0.015963943259796713,0.008062599621605741,0.007985964612203588,0.016048564233809327,-0.20141578814321184,-1.2484505000000028,0 days 05:25:00
5m,VALIDATION,157,CLOSED,BTCUSDT,LONG,2024-11-26 15:25:00+00:00,2024-11-26 15:30:00+00:00,93107.99,93154.543995,2024-11-26 18:30:00+00:00,92222.99855505,92176.88705577247,0.00017102812794749756,15.93204726926765,0.15932047269267652,92222.99855505,95017.6348749,SL,-0.15135843007935046,0.01593204726926765,0.015764840433176684,0.007962042613326266,0.007886363398287586,0.01584840601161385,-0.19890372379340865,-1.248450500000002,0 days 03:00:00
5m,VALIDATION,158,CLOSED,BTCUSDT,LONG,2024-11-27 00:10:00+00:00,2024-11-27 00:15:00+00:00,92427.99,92474.203995,2024-11-27 14:05:00+00:00,94323.68807490001,94276.52623086257,0.00017013763374858253,15.733342250493019,0.15733342250493018,91549.46195505,94323.68807490001,TP,0.3225295847652303,0.01573334225049302,0.016039985090955132,0.007862739755368527,0.008024004547750435,0.015886744303118962,0.27486951312066327,1.747051000000016,0 days 13:50:00
5m,VALIDATION,159,CLOSED,BTCUSDT,LONG,2024-11-27 14:30:00+00:00,2024-11-27 14:35:00+00:00,94584.0,94631.292,2024-11-27 18:10:00+00:00,96523.91784000001,96475.65588108002,0.00016916113930575397,16.00793716869548,0.16007937168695482,93684.97908,96523.91784000001,TP,0.3281587119739589,0.01600793716869548,0.01631993186411336,0.007999968600047933,0.008164047956032905,0.016164016556080837,0.27966682638506923,1.7470510000000194,0 days 03:35:00
5m,VALIDATION,160,CLOSED,BTCUSDT,LONG,2024-11-27 18:35:00+00:00,2024-11-27 18:40:00+00:00,96308.0,96356.154,2024-11-28 03:05:00+00:00,95392.59246,95344.89616377001,0.00016903253120336879,16.287324607641608,0.1628732460764161,95392.59246,98283.27708,SL,-0.15473365356884908,0.01628732460764161,0.016116389135884413,0.008139592507566174,0.008062225680780506,0.01620181818834668,-0.20333918550072178,-1.248450499999982,0 days 08:25:00
5m,VALIDATION,161,CLOSED,BTCUSDT,LONG,2024-11-28 12:05:00+00:00,2024-11-28 12:10:00+00:00,95600.99,95648.790495,2024-11-29 14:35:00+00:00,97561.7663049,97512.98542174755,0.00016815882851159663,16.084188558190338,0.16084188558190338,94692.30259004999,97561.7663049,TP,0.32972184640527974,0.016084188558190337,0.01639766939318947,0.008038075241472513,0.008202936164676284,0.016241011406148795,0.2809989770477512,1.7470510000000081,1 days 02:25:00
5m,VALIDATION,162,CLOSED,BTCUSDT,LONG,2024-11-29 14:35:00+00:00,2024-11-29 14:40:00+00:00,97583.99,97632.781995,2024-11-30 01:20:00+00:00,96656.45417504999,96608.12594796247,0.0001676169262268629,16.364906816979303,0.16364906816979305,96656.45417504999,99585.4376349,SL,-0.1554707039434188,0.016364906816979302,0.016193157119935107,0.008178364226375176,0.008100628874404025,0.016278993100779203,-0.2043077609811124,-1.248450500000001,0 days 10:40:00
5m,VALIDATION,163,CLOSED,BTCUSDT,LONG,2024-11-30 05:45:00+00:00,2024-11-30 05:50:00+00:00,96915.0,96963.45749999999,2024-12-01 02:30:00+00:00,95993.82292499999,95945.82601353749,0.00016666900682306543,16.16080315965551,0.16160803159655512,95993.82292499999,98902.72665,SL,-0.1535316681984288,0.016160803159655512,0.01599119553049493,0.008076363398126946,0.007999597564029187,0.016075960962156133,-0.2017596278507354,-1.2484505000000021,0 days 20:40:00
5m,VALIDATION,164,CLOSED,BTCUSDT,LONG,2024-12-01 04:50:00+00:00,2024-12-01 04:55:00+00:00,96430.81,96479.025405,2024-12-02 08:15:00+00:00,95514.23515094999,95466.47803337451,0.0001654167320086494,15.959245089874562,0.15959245089874563,95514.23515094999,98408.6059131,SL,-0.1516168161711741,0.015959245089874563,0.015791752812656327,0.007975634727572728,0.007899826319487257,0.015875461047059985,-0.19924327512076495,-1.2484505000000032,1 days 03:20:00
5m,VALIDATION,165,CLOSED,BTCUSDT,LONG,2024-12-02 14:00:00+00:00,2024-12-02 14:05:00+00:00,95719.96,95767.81998,2024-12-02 17:55:00+00:00,94810.14178019999,94762.7367093099,0.000164566770573623,15.760200858984689,0.15760200858984688,94810.14178019999,97683.1763796,SL,-0.149725846241531,0.01576020085898469,0.015594797550969645,0.007876162348317168,0.007801299425195846,0.015677461773513014,-0.19675830642499836,-1.2484504999999984,0 days 03:50:00
5m,VALIDATION,166,CLOSED,BTCUSDT,LONG,2024-12-02 23:55:00+00:00,2024-12-03 00:00:00+00:00,95840.61,95888.530305,2024-12-03 10:55:00+00:00,94929.64500194999,94882.18017944902,0.00016230970549657934,15.563639114304372,0.15563639114304373,94929.64500194999,97806.3009111,SL,-0.1478584605511892,0.015563639114304372,0.015400298721799746,0.00777793059185502,0.007704001361580379,0.015481931953435397,-0.19430433034072872,-1.2484505000000012,0 days 10:55:00
5m,VALIDATION,167,CLOSED,BTCUSDT,LONG,2024-12-03 15:10:00+00:00,2024-12-03 15:15:00+00:00,95839.8,95887.7199,2024-12-03 16:50:00+00:00,94928.842701,94881.3782796495,0.00016028672816719846,15.369528894183766,0.15369528894183768,94928.842701,97805.474298,SL,-0.14601436495673856,0.015369528894183766,0.015208225688439308,0.007680923985098292,0.007607916802620063,0.015288840787718354,-0.19188096032708,-1.2484504999999888,0 days 01:35:00
5m,VALIDATION,168,CLOSED,BTCUSDT,LONG,2024-12-03 17:35:00+00:00,2024-12-03 17:40:00+00:00,95482.19,95529.93109499999,2024-12-04 20:05:00+00:00,97440.5297169,97391.80945204155,0.00015888046237607037,15.177839623127742,0.15177839623127742,94574.63178405,97440.5297169,TP,0.3111419197104939,0.015177839623127742,0.015473655717382502,0.007585127247938361,0.007740698207795119,0.01532582545573348,0.26516459891425015,1.7470510000000046,1 days 02:25:00
5m,VALIDATION,169,CLOSED,BTCUSDT,LONG,2024-12-04 20:05:00+00:00,2024-12-04 20:10:00+00:00,97704.69,97753.542345,2024-12-05 02:30:00+00:00,99708.61319189999,99658.75888530405,0.00015797626307843625,15.442739322342778,0.15442739322342777,96776.00692155,99708.61319189999,TP,0.316572297352572,0.015442739322342778,0.01574371831173524,0.007717510905717275,0.007875797054392984,0.01559330796011026,0.2697925317583837,1.7470510000000063,0 days 06:20:00
5m,VALIDATION,170,CLOSED,BTCUSDT,LONG,2024-12-05 02:30:00+00:00,2024-12-05 02:35:00+00:00,99727.98,99777.84399,2024-12-05 03:00:00+00:00,101773.4008698,101722.5141693651,0.00015747245784011066,15.712262331092413,0.15712262331092414,98780.0655501,101773.4008698,TP,0.322097451684863,0.015712262331092415,0.0160184943239254,0.007852205063014386,0.008013253788857333,0.015865458851871718,0.2745012361779735,1.7470510000000012,0 days 00:25:00
5m,VALIDATION,171,CLOSED,BTCUSDT,LONG,2024-12-05 03:00:00+00:00,2024-12-05 03:05:00+00:00,102312.01,102363.16600499999,2024-12-05 07:15:00+00:00,101339.53434494999,101288.86457777752,0.0001561742369269855,15.986489340261215,0.15986489340261215,101339.53434494999,104410.42932509999,SL,-0.15187564335750448,0.015986489340261215,0.015818711134635174,0.0079892500451076,0.00791331222342832,0.015902562268535918,-0.19958340610093678,-1.2484504999999935,0 days 04:10:00
5m,VALIDATION,172,CLOSED,BTCUSDT,LONG,2024-12-05 07:20:00+00:00,2024-12-05 07:25:00+00:00,101927.85,101978.813925,2024-12-05 15:50:00+00:00,100959.02578575,100908.54627285713,0.00015480769691823379,15.787105318182359,0.1578710531818236,100959.02578575,104018.39020349999,SL,-0.14998144532666144,0.015787105318182358,0.015621419647868036,0.007889607855161912,0.007814617132499061,0.015704224987660973,-0.1970941952803728,-1.2484504999999908,0 days 08:25:00
5m,VALIDATION,173,CLOSED,BTCUSDT,LONG,2024-12-06 02:15:00+00:00,2024-12-06 02:20:00+00:00,98096.0,98145.048,2024-12-06 17:40:00+00:00,100107.94896,100057.89498552,0.00015884864634433692,15.59020802019997,0.1559020802019997,97163.59752,100107.94896,TP,0.31959536880989553,0.01559020802019997,0.015894061174513672,0.007791208405896279,0.007951006090300373,0.01574221449619665,0.27236888511898527,1.7470510000000097,0 days 15:20:00
5m,VALIDATION,174,CLOSED,BTCUSDT,LONG,2024-12-06 17:40:00+00:00,2024-12-06 17:45:00+00:00,100636.01,100686.32800499999,2024-12-06 23:20:00+00:00,99679.46472494998,99629.62499258752,0.0001575417946291866,15.862304808530627,0.15862304808530628,99679.46472494998,102700.05456509998,SL,-0.15069585927544774,0.01586230480853063,0.0156958299195651,0.007927188809859395,0.007851840880221362,0.015779029690080756,-0.19803302369362424,-1.2484504999999972,0 days 05:35:00
5m,VALIDATION,175,CLOSED,BTCUSDT,LONG,2024-12-07 09:05:00+00:00,2024-12-07 09:10:00+00:00,99555.6,99605.3778,2024-12-09 03:50:00+00:00,98609.324022,98560.019359989,0.00015726529998689998,15.664469620025507,0.15664469620025506,98609.324022,101597.485356,SL,-0.14881637555056798,0.015664469620025507,0.015500071011363342,0.007828320649687312,0.007753912461912037,0.015582233111599349,-0.19556314929355617,-1.2484504999999977,1 days 18:40:00
5m,VALIDATION,176,CLOSED,BTCUSDT,LONG,2024-12-09 08:10:00+00:00,2024-12-09 08:15:00+00:00,99607.25,99657.053625,2024-12-09 09:20:00+00:00,98660.48308875,98611.15284720562,0.00015522335124137045,15.469101838513465,0.15469101838513466,98660.48308875,101650.1946975,SL,-0.14696033280866627,0.015469101838513466,0.015306753614718267,0.007730685576468571,0.007657205410064304,0.015387890986532874,-0.19312407924843086,-1.248450500000002,0 days 01:05:00
5m,VALIDATION,177,CLOSED,BTCUSDT,LONG,2024-12-09 13:45:00+00:00,2024-12-09 13:50:00+00:00,99127.99,99177.553995,2024-12-09 15:25:00+00:00,98185.77845505,98136.68556582247,0.00015402850821651923,15.276170690413135,0.15276170690413135,98185.77845505,101161.1050749,SL,-0.14512743869303227,0.015276170690413135,0.015115847279017249,0.007634268211099403,0.007561704491754661,0.015195972702854065,-0.19071542936531669,-1.248450500000003,0 days 01:35:00
5m,VALIDATION,178,CLOSED,BTCUSDT,LONG,2024-12-10 00:10:00+00:00,2024-12-10 00:15:00+00:00,97297.18,97345.82858999999,2024-12-10 03:05:00+00:00,96372.37030409998,96324.18411894793,0.00015496961713161667,15.085645785952282,0.1508564578595228,96372.37030409998,99292.74516179999,SL,-0.14331740449323147,0.015085645785952282,0.014927321933428711,0.007539053366292539,0.0074673946640466315,0.01500644803033917,-0.18833682024295162,-1.2484505000000095,0 days 02:50:00
5m,VALIDATION,179,CLOSED,BTCUSDT,LONG,2024-12-10 06:30:00+00:00,2024-12-10 06:35:00+00:00,97297.58,97346.22879,2024-12-10 15:35:00+00:00,96372.7665021,96324.58011884896,0.00015303620180827452,14.897497114380903,0.14897497114380903,96372.7665021,99293.1533658,SL,-0.14152994509964104,0.014897497114380903,0.014741147882165477,0.0074450260441671435,0.00737426107161741,0.014819287115784553,-0.185987877211972,-1.2484504999999868,0 days 09:00:00
5m,VALIDATION,180,CLOSED,BTCUSDT,LONG,2024-12-10 20:15:00+00:00,2024-12-10 20:20:00+00:00,96184.0,96232.09199999999,2024-12-11 08:35:00+00:00,98156.73383999999,98107.65547308,0.00015287722352792736,14.711695039244068,0.1471169503924407,95269.77107999999,98156.73383999999,TP,0.30158607221878436,0.014711695039244068,0.014998425975558938,0.007352171433903498,0.007502964470012669,0.014855135903916168,0.2570208153000652,1.747051000000009,0 days 12:15:00
5m,VALIDATION,181,CLOSED,BTCUSDT,LONG,2024-12-11 08:35:00+00:00,2024-12-11 08:40:00+00:00,98189.99,98239.084995,2024-12-11 15:20:00+00:00,100203.8666949,100153.76476155256,0.00015236765581901263,14.968459090492889,0.1496845909049289,97256.69414505,100203.8666949,TP,0.30684967111045364,0.01496845909049289,0.015260194358166597,0.007480489300594957,0.007633914136149792,0.01511440343674475,0.2615066142250494,1.7470510000000166,0 days 06:40:00
5m,VALIDATION,182,CLOSED,BTCUSDT,LONG,2024-12-11 15:20:00+00:00,2024-12-11 15:25:00+00:00,100495.0,100545.2475,2024-12-12 19:40:00+00:00,99539.795025,99490.0251274875,0.00015147115192440182,15.229704459349083,0.15229704459349083,99539.795025,102556.15245,SL,-0.14468599788716954,0.015229704459349083,0.015069868711048215,0.007611046706321028,0.007538703707377029,0.015149750413698058,-0.19013532147126488,-1.2484504999999932,1 days 04:15:00
5m,VALIDATION,183,CLOSED,BTCUSDT,LONG,2024-12-13 04:45:00+00:00,2024-12-13 04:50:00+00:00,100040.55,100090.57027499999,2024-12-14 01:00:00+00:00,102092.3816805,102041.33548965974,0.0001502614985800561,15.039759083253916,0.15039759083253917,99089.66457225,102092.3816805,TP,0.3083113031459637,0.015039759083253916,0.015332883987786537,0.007516121480884717,0.00767027713245955,0.015186398613344268,0.262752261461579,1.747051000000004,0 days 20:10:00
5m,VALIDATION,184,CLOSED,BTCUSDT,LONG,2024-12-14 01:00:00+00:00,2024-12-14 01:05:00+00:00,102016.36,102067.36817999999,2024-12-14 13:15:00+00:00,101046.69449819998,100996.17115095089,0.0001499230275827007,15.302248854943807,0.15302248854943806,101046.69449819998,104108.71554359999,SL,-0.1453751877723572,0.015302248854943808,0.015141651753211173,0.007647300777081835,0.007574613183196363,0.015221913960278197,-0.19104100234079036,-1.2484505000000008,0 days 12:10:00
5m,VALIDATION,185,CLOSED,BTCUSDT,LONG,2024-12-14 15:20:00+00:00,2024-12-14 15:25:00+00:00,101652.1,101702.92605,2024-12-14 20:50:00+00:00,100685.8967895,100635.55384110525,0.0001485837162180174,15.11139870275521,0.1511139870275521,100685.8967895,103736.984571,SL,-0.14356206363787094,0.01511139870275521,0.014952804573369794,0.007551923389681093,0.007480142357862378,0.015032065747543472,-0.18865833266153942,-1.24845049999999,0 days 05:25:00
5m,VALIDATION,186,CLOSED,BTCUSDT,LONG,2024-12-14 23:25:00+00:00,2024-12-14 23:30:00+00:00,101388.0,101438.69399999999,2024-12-15 16:35:00+00:00,103467.46788,103415.73414606,0.00014711278558018966,14.92292883995647,0.1492292883995647,100424.30705999999,103467.46788,TP,0.30591631235133104,0.01492292883995647,0.015213776723047223,0.007457735552200456,0.007610693708377279,0.015068429260577734,0.2607111775277496,1.7470510000000112,0 days 17:05:00
5m,VALIDATION,187,CLOSED,BTCUSDT,LONG,2024-12-15 16:35:00+00:00,2024-12-15 16:40:00+00:00,103400.0,103451.7,2024-12-16 00:30:00+00:00,105520.734,105467.973633,0.0001467678111307733,15.183379566757418,0.15183379566757418,102417.18299999999,105520.734,TP,0.3112554871706089,0.015183379566757419,0.015479303634513523,0.007587895835460552,0.007743523579045596,0.015331419414506147,0.26526138455483184,1.7470510000000046,0 days 07:50:00
5m,VALIDATION,188,CLOSED,BTCUSDT,LONG,2024-12-16 00:30:00+00:00,2024-12-16 00:35:00+00:00,106223.75,106276.86187499999,2024-12-16 00:55:00+00:00,105214.09325624998,105161.48620962186,0.00014535973007082252,15.448375954924087,0.15448375954924087,105214.09325624998,108402.39911249999,SL,-0.1467634317356885,0.015448375954924088,0.015286245249277158,0.00772032781355349,0.007646946097687206,0.015367273911240696,-0.19286532685113045,-1.248450500000006,0 days 00:20:00
5m,VALIDATION,189,CLOSED,BTCUSDT,LONG,2024-12-16 01:15:00+00:00,2024-12-16 01:20:00+00:00,105484.33,105537.07216499999,2024-12-16 02:50:00+00:00,104481.70144334999,104429.46059262831,0.0001445530275548663,15.255703300727157,0.15255703300727158,104481.70144334999,107647.8136083,SL,-0.14493299337672552,0.015255703300727157,0.015095594694586024,0.007624039630546678,0.007551573133859956,0.015175612764406633,-0.1904599041364453,-1.248450500000004,0 days 01:30:00
5m,VALIDATION,190,CLOSED,BTCUSDT,LONG,2024-12-16 03:25:00+00:00,2024-12-16 03:30:00+00:00,104925.36,104977.82268,2024-12-16 11:50:00+00:00,103928.0444532,103876.08043097341,0.0001435106318803031,15.065433666225214,0.15065433666225214,103928.0444532,107077.3791336,SL,-0.1431253843053186,0.015065433666225215,0.014907321939898183,0.007528952356933697,0.007457389664779757,0.014986342021713454,-0.18808448193315544,-1.2484504999999895,0 days 08:20:00
5m,VALIDATION,191,CLOSED,BTCUSDT,LONG,2024-12-16 14:40:00+00:00,2024-12-16 14:45:00+00:00,105388.32,105441.01416,2024-12-16 18:20:00+00:00,107549.8344432,107496.0595259784,0.00014109819788248333,14.877537080877408,0.1487753708087741,104386.6040184,107549.8344432,TP,0.30498579263247855,0.014877537080877409,0.015167500278583709,0.007435051014931111,0.00758754391124734,0.01502259492617845,0.259918160346839,1.7470509999999961,0 days 03:35:00
5m,VALIDATION,192,CLOSED,BTCUSDT,LONG,2024-12-16 18:20:00+00:00,2024-12-16 18:25:00+00:00,107572.0,107625.786,2024-12-16 19:00:00+00:00,106549.52814,106496.25337593,0.0001406465508435163,15.137195582722404,0.15137195582722404,106549.52814,109778.30171999999,SL,-0.14380714044355541,0.015137195582722404,0.014978330715081735,0.007564815383668353,0.0074929118134470715,0.015057727197115425,-0.18898039393847496,-1.2484504999999946,0 days 00:35:00
5m,VALIDATION,193,CLOSED,BTCUSDT,LONG,2024-12-17 01:35:00+00:00,2024-12-17 01:40:00+00:00,106396.37,106449.568185,2024-12-17 22:45:00+00:00,105385.07250314999,105332.37996689841,0.00014042709834583128,14.948403980386267,0.14948403980386268,105385.07250314999,108578.5595487,SL,-0.14201357304704876,0.014948403980386268,0.014791520480612112,0.007470466756814881,0.007399459970291315,0.014869926727106197,-0.18662342423515332,-1.248450500000007,0 days 21:05:00
5m,VALIDATION,194,CLOSED,BTCUSDT,LONG,2024-12-18 10:35:00+00:00,2024-12-18 10:40:00+00:00,104324.92,104377.08245999999,2024-12-18 19:15:00+00:00,103333.3116354,103281.6449795823,0.00014142919734124137,14.761966993138362,0.14761966993138362,103333.3116354,106464.6241092,SL,-0.14024237508223963,0.014761966993138363,0.014607040149545376,0.007377294849143518,0.007307173661602761,0.01468446851074628,-0.18429585073566965,-1.248450499999992,0 days 08:35:00
5m,VALIDATION,195,CLOSED,BTCUSDT,LONG,2024-12-19 03:45:00+00:00,2024-12-19 03:50:00+00:00,101205.86,101256.46293,2024-12-19 15:15:00+00:00,100243.89830069999,100193.77635154965,0.00014396962754090637,14.577855254141692,0.14577855254141692,100243.89830069999,103281.5921886,SL,-0.13849326755683966,0.014577855254141693,0.014424860663249476,0.007285284984577643,0.007216038350799191,0.014501323335376834,-0.18199730680960766,-1.2484504999999961,0 days 11:25:00
5m,VALIDATION,196,CLOSED,BTCUSDT,LONG,2024-12-20 14:30:00+00:00,2024-12-20 14:35:00+00:00,95743.14,95791.01156999999,2024-12-20 19:25:00+00:00,97706.8318014,97657.9783854993,0.00015028591437625015,14.396039762823404,0.14396039762823404,94833.10145429999,97706.8318014,TP,0.2951152179265443,0.014396039762823405,0.014676618577800836,0.007194422670074926,0.007341980279039312,0.014536402949114239,0.2515061566368058,1.7470510000000132,0 days 04:50:00
5m,VALIDATION,197,CLOSED,BTCUSDT,LONG,2024-12-20 20:10:00+00:00,2024-12-20 20:15:00+00:00,97185.44,97234.03272,2024-12-20 21:05:00+00:00,96261.6923928,96213.56154660361,0.00015063958837064346,14.647294664558478,0.14647294664558477,96261.6923928,99178.7133744,SL,-0.1391529593069747,0.014647294664558478,0.014493571307053938,0.007319987338610018,0.007250410858955341,0.014570398197565358,-0.18286422347615247,-1.2484504999999921,0 days 00:50:00
5m,VALIDATION,198,CLOSED,BTCUSDT,LONG,2024-12-20 22:40:00+00:00,2024-12-20 22:45:00+00:00,97127.86,97176.42392999999,2024-12-21 07:35:00+00:00,99119.95240859999,99070.39243239569,0.00014884899585360017,14.464613122624261,0.14464613122624262,96204.65969069999,99119.95240859999,TP,0.2965209546676878,0.014464613122624261,0.014746528432384208,0.007228692215202942,0.0073769526925381405,0.014605644907741083,0.25270416820493824,1.747050999999999,0 days 08:50:00
5m,VALIDATION,199,CLOSED,BTCUSDT,LONG,2024-12-21 07:35:00+00:00,2024-12-21 07:40:00+00:00,99209.12,99258.72455999999,2024-12-21 10:35:00+00:00,98266.13731439998,98217.00424574279,0.00014826973552553086,14.717064839112712,0.14717064839112712,98266.13731439998,101243.89905119999,SL,-0.13981579339906897,0.014717064839112712,0.014562609243626226,0.0073548549920592135,0.007284947095359184,0.014639802087418398,-0.1837352695692263,-1.2484504999999964,0 days 02:55:00
5m,VALIDATION,200,CLOSED,BTCUSDT,LONG,2024-12-21 21:00:00+00:00,2024-12-21 21:05:00+00:00,97540.0,97588.76999999999,2024-12-21 21:50:00+00:00,96612.88229999998,96564.57585884999,0.0001489260815692353,14.533513121261342,0.1453351312126134,96612.88229999998,99540.54539999999,SL,-0.13807200621448437,0.014533513121261343,0.014380983901053704,0.007263124998130045,0.007194088995023545,0.01445721399315359,-0.181443717229953,-1.2484505000000012,0 days 00:45:00
5m,VALIDATION,201,CLOSED,BTCUSDT,LONG,2024-12-22 01:00:00+00:00,2024-12-22 01:05:00+00:00,97299.81,97348.459905,2024-12-22 04:40:00+00:00,96374.97530594999,96326.78781829702,0.00014743171777439703,14.352250666486164,0.14352250666486163,96374.97530594999,99295.4291031,SL,-0.13634996760115117,0.014352250666486164,0.014201623795741391,0.007172539063710991,0.00710436407991086,0.014276903143621851,-0.17918074520700056,-1.248450500000005,0 days 03:35:00
5m,VALIDATION,202,CLOSED,BTCUSDT,LONG,2024-12-22 09:35:00+00:00,2024-12-22 09:40:00+00:00,97002.5,97051.00125,2024-12-22 14:20:00+00:00,96080.4912375,96032.45099188125,0.00014603918290871448,14.173248923022628,0.14173248923022627,96080.4912375,98992.021275,SL,-0.1346494063101752,0.014173248923022628,0.014024500675575506,0.007083082920051458,0.0070157582168953155,0.014098841136946774,-0.17694599704572012,-1.2484504999999966,0 days 04:40:00
5m,VALIDATION,203,CLOSED,BTCUSDT,LONG,2024-12-22 19:05:00+00:00,2024-12-22 19:10:00+00:00,96104.47,96152.522235,2024-12-22 19:45:00+00:00,95190.99701265,95143.40151414368,0.00014556539308450858,13.996479695204727,0.13996479695204728,95190.99701265,98075.5726797,SL,-0.1329700544756836,0.013996479695204726,0.013849586640803555,0.006994742476363535,0.006928257449124807,0.013922999925488342,-0.17473912073718023,-1.2484504999999881,0 days 00:35:00
5m,VALIDATION,204,CLOSED,BTCUSDT,LONG,2024-12-23 03:40:00+00:00,2024-12-23 03:45:00+00:00,95630.43,95678.24521499999,2024-12-23 06:40:00+00:00,94721.46276284999,94674.10203146857,0.00014446246487865972,13.821915139023728,0.1382191513902373,94721.46276284999,97591.81011929999,SL,-0.13131164757263503,0.013821915139023729,0.013676854139639677,0.006907503817602353,0.006841847993815106,0.013749351811417457,-0.1725597686627159,-1.2484504999999888,0 days 02:55:00
5m,VALIDATION,205,CLOSED,BTCUSDT,LONG,2024-12-23 08:55:00+00:00,2024-12-23 09:00:00+00:00,95503.87,95551.62193499999,2024-12-23 14:40:00+00:00,94596.10571564999,94548.80766279217,0.0001428497756639603,13.649527757742296,0.13649527757742297,94596.10571564999,97462.65437369999,SL,-0.129673924375154,0.013649527757742298,0.01350627596392479,0.006821353202269008,0.0067565162400815984,0.013577869442350607,-0.17040759753917167,-1.248450499999994,0 days 05:40:00
5m,VALIDATION,206,CLOSED,BTCUSDT,LONG,2024-12-23 22:15:00+00:00,2024-12-23 22:20:00+00:00,94303.04,94350.19152,2024-12-24 14:00:00+00:00,96237.1953504,96189.07675272481,0.0001428644730912498,13.479290397563304,0.13479290397563304,93406.68960479999,96237.1953504,TP,0.27632208501151817,0.013479290397563305,0.013742001767411817,0.006736277060251447,0.006874438102755519,0.013610715163006964,0.23549007768353614,1.7470510000000183,0 days 15:40:00
5m,VALIDATION,207,CLOSED,BTCUSDT,LONG,2024-12-24 14:05:00+00:00,2024-12-24 14:10:00+00:00,96383.21,96431.401605,2024-12-24 16:00:00+00:00,98360.02963710001,98310.84962228147,0.00014222073922145375,13.714545220423982,0.13714545220423982,95467.08758895,98360.02963710001,TP,0.28114475009584916,0.013714545220423983,0.013981841706770049,0.006853845687368304,0.006994418062415233,0.013848263749783537,0.2396000994188716,1.7470510000000161,0 days 01:50:00
5m,VALIDATION,208,CLOSED,BTCUSDT,LONG,2024-12-24 16:10:00+00:00,2024-12-24 16:15:00+00:00,98445.2,98494.42259999999,2024-12-24 20:05:00+00:00,97509.47837399998,97460.723634813,0.0001416720418350285,13.953905959104175,0.13953905959104174,97509.47837399998,100464.31105199999,SL,-0.13256559334461476,0.013953905959104175,0.013807459716063378,0.00697346624642798,0.00690718344975493,0.01388064969618291,-0.17420760871596522,-1.2484504999999955,0 days 03:50:00
5m,VALIDATION,209,CLOSED,BTCUSDT,LONG,2024-12-24 21:45:00+00:00,2024-12-24 21:50:00+00:00,98295.19,98344.33759499999,2024-12-26 08:00:00+00:00,97360.89421905,97312.21377194047,0.0001401186150717837,13.779872383963351,0.1377987238396335,97360.89421905,100311.2243469,SL,-0.13091223089412568,0.013779872383963351,0.013635252623293657,0.006886492945507188,0.006821036830061693,0.013707529775568881,-0.17203488567695155,-1.248450499999994,1 days 10:10:00
5m,VALIDATION,210,CLOSED,BTCUSDT,LONG,2024-12-26 15:45:00+00:00,2024-12-26 15:50:00+00:00,96065.88,96113.91294,2024-12-27 07:35:00+00:00,95152.77381059999,95105.1974236947,0.00014158209717051037,13.608009361309053,0.13608009361309054,95152.77381059999,98036.19119879999,SL,-0.12927948923462748,0.013608009361309053,0.013465193303062116,0.006800604378463885,0.006735964633846543,0.013536569012310429,-0.16988926091130907,-1.2484504999999955,0 days 15:45:00
5m,VALIDATION,211,CLOSED,BTCUSDT,LONG,2024-12-27 09:05:00+00:00,2024-12-27 09:10:00+00:00,97146.07,97194.643035,2024-12-27 10:35:00+00:00,96222.69660465,96174.58525634768,0.00013826163047998393,13.438289819939113,0.13438289819939114,96222.69660465,99138.5358957,SL,-0.1276671111829305,0.013438289819939114,0.013297254968278854,0.0067157870164604935,0.006651953460869427,0.013367740477329922,-0.16777039644847838,-1.2484504999999957,0 days 01:25:00
5m,VALIDATION,212,CLOSED,BTCUSDT,LONG,2024-12-27 11:40:00+00:00,2024-12-27 11:45:00+00:00,96626.5,96674.81324999999,2024-12-27 14:35:00+00:00,95708.0651175,95660.21108494126,0.00013727140069013055,13.27068702628429,0.13270687026284292,95708.0651175,98608.30951499999,SL,-0.12607484276345118,0.01327068702628429,0.01313141116594344,0.006632027499391347,0.0065689900780091124,0.01320101757740046,-0.16567795853307937,-1.248450499999985,0 days 02:50:00
5m,VALIDATION,213,CLOSED,BTCUSDT,LONG,2024-12-28 03:25:00+00:00,2024-12-28 03:30:00+00:00,94608.36,94655.66417999999,2024-12-29 16:35:00+00:00,93709.1075382,93662.2529844309,0.00013845103400548874,13.105174580197302,0.131051745801973,93709.1075382,96548.7774636,SL,-0.12450243316819161,0.013105174580197302,0.012967635772978133,0.006549312633780639,0.006487061417197002,0.013036374050977642,-0.1636116175723447,-1.2484504999999892,1 days 13:05:00
5m,VALIDATION,214,CLOSED,BTCUSDT,LONG,2024-12-30 00:15:00+00:00,2024-12-30 00:20:00+00:00,93788.01,93834.90400499999,2024-12-30 13:45:00+00:00,92896.55496494999,92850.10668746752,0.00013792017531242705,12.941726410794361,0.1294172641079436,92896.55496494999,95711.60208509999,SL,-0.12294963471724273,0.012941726410794361,0.012805902992113075,0.006467629390701092,0.006406154573342781,0.012873783964043872,-0.161571048084194,-1.2484504999999981,0 days 13:25:00
5m,VALIDATION,215,CLOSED,BTCUSDT,LONG,2024-12-30 18:05:00+00:00,2024-12-30 18:10:00+00:00,94109.01,94156.06450499999,2024-12-30 21:40:00+00:00,93214.50385994998,93167.89660802002,0.0001357354604776407,12.780316772348613,0.12780316772348613,93214.50385994998,96039.18579509998,SL,-0.12141620281976542,0.012780316772348612,0.012646187347822815,0.006386964903721468,0.006326256802310968,0.012713221706032436,-0.1595559286459693,-1.2484504999999935,0 days 03:30:00
5m,VALIDATION,216,CLOSED,BTCUSDT,LONG,2024-12-31 06:00:00+00:00,2024-12-31 06:05:00+00:00,92667.54,92713.87376999999,2024-12-31 08:30:00+00:00,94568.15124539999,94520.8671697773,0.0001361276336219552,12.62092024023476,0.1262092024023476,91786.73503229998,94568.15124539999,TP,0.2587257112715786,0.01262092024023476,0.012866901975716938,0.006307306466883593,0.006436669322518941,0.012743975789402534,0.22049391326622436,1.7470510000000048,0 days 02:25:00
5m,VALIDATION,217,CLOSED,BTCUSDT,LONG,2024-12-31 08:30:00+00:00,2024-12-31 08:35:00+00:00,94333.35,94380.516675,2024-12-31 17:35:00+00:00,93436.71150825001,93389.9931524959,0.0001360576772860876,12.84119387986136,0.1284119387986136,93436.71150825001,96268.12700850001,SL,-0.12199455055280531,0.01284119387986136,0.012706425550092217,0.006417388245807829,0.006356390970529859,0.012773779216337688,-0.16031594919909656,-1.2484504999999846,0 days 09:00:00
15m,DEVELOPMENT,1,CLOSED,BTCUSDT,LONG,2024-01-01 12:30:00+00:00,2024-01-01 12:45:00+00:00,42755.77,42777.14788499999,2024-01-01 20:00:00+00:00,43632.690842699994,43610.874497278644,0.0004670722796604696,19.980019980019982,0.19980019980019983,42349.37640614999,43632.690842699994,TP,0.40958541708166796,0.019980019980019983,0.020369430569430573,0.009985017481266753,0.010189810189810184,0.020174827671076936,0.3490611388611405,1.747051000000008,0 days 07:15:00
15m,DEVELOPMENT,2,CLOSED,BTCUSDT,LONG,2024-01-01 20:00:00+00:00,2024-01-01 20:15:00+00:00,43643.99,43665.811995,2024-01-02 00:00:00+00:00,44539.128234899996,44516.858670782545,0.0004655526023146542,20.32873240645469,0.20328732406454691,43229.15387505,44539.128234899996,TP,0.4167339346890402,0.02032873240645469,0.02072493940105649,0.010159286559946638,0.010367653527292126,0.020526940087238765,0.35515332279429024,1.7470509999999975,0 days 03:45:00
15m,DEVELOPMENT,3,CLOSED,BTCUSDT,LONG,2024-01-02 00:00:00+00:00,2024-01-02 00:15:00+00:00,44630.1,44652.415049999996,2024-01-02 07:15:00+00:00,45545.463351,45522.6906193245,0.0004632119205101027,20.68353093072471,0.2068353093072471,44205.890899499995,45545.463351,TP,0.4240072157812732,0.02068353093072471,0.021086652948564537,0.010336597166777775,0.010548600774668307,0.020885197941446082,0.3613518339605379,1.7470510000000121,0 days 07:00:00
15m,DEVELOPMENT,4,CLOSED,BTCUSDT,LONG,2024-01-02 07:15:00+00:00,2024-01-02 07:30:00+00:00,45461.1,45483.83055,2024-01-02 14:45:00+00:00,45028.9922445,45006.47774837775,0.00046268138631613414,21.044521773842135,0.21044521773842134,45028.9922445,46393.507161,SL,-0.19992821535269364,0.021044521773842136,0.020823659517825662,0.010517002385728304,0.010417038278050367,0.020934040663778672,-0.2627304373081401,-1.2484504999999957,0 days 07:15:00
15m,DEVELOPMENT,5,CLOSED,BTCUSDT,LONG,2024-01-02 18:15:00+00:00,2024-01-02 18:30:00+00:00,45125.89,45148.452945,2024-01-02 21:00:00+00:00,44696.96841555,44674.619931342226,0.0004603048930562494,20.782053804503335,0.20782053804503334,44696.96841555,46051.4220039,SL,-0.19743470405977406,0.020782053804503334,0.020563946149825072,0.01038583398525805,0.010287116633228765,0.020672950618486813,-0.25945365463258935,-1.2484504999999926,0 days 02:30:00
15m,DEVELOPMENT,6,CLOSED,BTCUSDT,LONG,2024-01-03 03:00:00+00:00,2024-01-03 03:15:00+00:00,45288.02,45310.66400999999,2024-01-03 11:00:00+00:00,44857.557369899994,44835.12859121505,0.0004529366274526799,20.522859344330918,0.20522859344330918,44857.557369899994,46216.87729019999,SL,-0.19497229192190563,0.02052285934433092,0.02030747193551217,0.010256301521403102,0.010158815375441735,0.02041511689684484,-0.25621774009859355,-1.2484504999999877,0 days 07:45:00
15m,DEVELOPMENT,7,CLOSED,BTCUSDT,LONG,2024-01-04 06:30:00+00:00,2024-01-04 06:45:00+00:00,43201.54,43223.14077,2024-01-04 07:45:00+00:00,42790.9093623,42769.51390761885,0.00046888997895491545,20.26689756601065,0.2026689756601065,42790.9093623,44087.6035854,SL,-0.19254059106939655,0.020266897566010647,0.02005419647605537,0.010128384590708694,0.01003211429517575,0.020160498885884445,-0.25302218399734705,-1.2484504999999964,0 days 01:00:00
15m,DEVELOPMENT,8,CLOSED,BTCUSDT,LONG,2024-01-04 12:00:00+00:00,2024-01-04 12:15:00+00:00,43244.0,43265.621999999996,2024-01-04 15:15:00+00:00,44130.93444,44108.86897278,0.0004625873205157639,20.014128151427887,0.20014128151427887,42832.96578,44130.93444,TP,0.4102846260727483,0.020014128151427887,0.020404203509099217,0.010002063044189881,0.010207205357226468,0.020209268401416347,0.34965702601080484,1.7470510000000121,0 days 03:00:00
15m,DEVELOPMENT,9,CLOSED,BTCUSDT,LONG,2024-01-04 15:15:00+00:00,2024-01-04 15:30:00+00:00,44154.01,44176.087005,2024-01-05 01:45:00+00:00,43734.32613495,43712.45897188253,0.0004609606067512406,20.363435869720398,0.20363435869720398,43734.32613495,45059.6087451,SL,-0.19345772907715353,0.0203634358697204,0.020149721610267683,0.0101766296200498,0.010079900755510478,0.02025653037556028,-0.2542274169327019,-1.2484504999999915,0 days 10:15:00
15m,DEVELOPMENT,10,CLOSED,BTCUSDT,LONG,2024-01-05 09:00:00+00:00,2024-01-05 09:15:00+00:00,44049.71,44071.734854999995,2024-01-05 10:45:00+00:00,43631.01750644999,43609.20199769677,0.00045628933130027993,20.109462426231186,0.20109462426231187,43631.01750644999,44953.16955209999,SL,-0.19104491790237924,0.020109462426231187,0.019898413618067892,0.010049706359933812,0.00995418390098278,0.02000389026091659,-0.2510566842075949,-1.2484504999999977,0 days 01:30:00
15m,DEVELOPMENT,11,CLOSED,BTCUSDT,LONG,2024-01-05 13:45:00+00:00,2024-01-05 14:00:00+00:00,43986.01,44008.003005,2024-01-05 14:30:00+00:00,43567.92297495,43546.139013462525,0.0004512510269017585,19.858656547901923,0.19858656547901923,43567.92297495,44888.1630651,SL,-0.18866219938811424,0.019858656547901924,0.019650239947431692,0.009924366090903988,0.009830034991211727,0.019754401082115715,-0.24792549696556357,-1.2484504999999964,0 days 00:30:00
15m,DEVELOPMENT,12,CLOSED,BTCUSDT,LONG,2024-01-05 21:45:00+00:00,2024-01-05 22:00:00+00:00,43946.26,43968.23313,2024-01-06 06:00:00+00:00,43528.5507987,43506.78652330065,0.0004460260813931758,19.61097872875551,0.1961097872875551,43528.5507987,44847.5977926,SL,-0.18630919821771233,0.01961097872875551,0.019405161506997223,0.00980058906984216,0.009707434470733786,0.019508023540575944,-0.244833361994041,-1.248450499999996,0 days 08:00:00
15m,DEVELOPMENT,13,CLOSED,BTCUSDT,LONG,2024-01-06 15:00:00+00:00,2024-01-06 15:15:00+00:00,43884.01,43905.952005,2024-01-08 02:30:00+00:00,43466.892484949996,43445.15903870753,0.0004410880318306104,19.36638995553469,0.1936638995553469,43466.892484949996,44784.0710451,SL,-0.18398554375548204,0.01936638995553469,0.019163139692951355,0.009678355799866156,0.009586363027987314,0.01926471882785347,-0.24177979223182156,-1.2484504999999946,1 days 11:15:00
15m,DEVELOPMENT,14,CLOSED,BTCUSDT,LONG,2024-01-08 10:15:00+00:00,2024-01-08 10:30:00+00:00,43991.1,44013.09555,2024-01-08 12:00:00+00:00,44893.357461,44870.9107822695,0.0004345263940781109,19.124851701556846,0.19124851701556847,43572.9645945,44893.357461,TP,0.3920546810584022,0.019124851701556846,0.01949759506122019,0.009557647027264636,0.009753674367793608,0.019311321395058242,0.33412091290056695,1.7470510000000055,0 days 01:30:00
15m,DEVELOPMENT,15,CLOSED,BTCUSDT,LONG,2024-01-08 12:00:00+00:00,2024-01-08 12:15:00+00:00,45141.09,45163.66054499999,2024-01-08 12:15:00+00:00,44712.02393954999,44689.667927580216,0.0004308472473780888,19.45863882733164,0.1945863882733164,44712.02393954999,46066.93375589999,SL,-0.18486193108824664,0.01945863882733164,0.019254420412838796,0.009724457185071146,0.009632026219527969,0.019356483404599115,-0.24293147373301618,-1.248450500000001,0 days 00:00:00
15m,DEVELOPMENT,16,CLOSED,BTCUSDT,LONG,2024-01-08 12:45:00+00:00,2024-01-08 13:00:00+00:00,45111.1,45133.655549999996,2024-01-08 15:00:00+00:00,44682.3189945,44659.97783500275,0.00042575656255221223,19.215950042383575,0.19215950042383576,44682.3189945,46036.328661,SL,-0.18255632698936158,0.019215950042383575,0.01901427864668876,0.009603173434473406,0.009511895270979643,0.01911506870545305,-0.23990162438388696,-1.2484504999999948,0 days 02:00:00
15m,DEVELOPMENT,17,CLOSED,BTCUSDT,LONG,2024-01-08 15:30:00+00:00,2024-01-08 15:45:00+00:00,44982.64,45005.13132,2024-01-08 18:00:00+00:00,45905.2339464,45882.281329426805,0.0004216472105155077,18.976288079962107,0.18976288079962106,44555.0800068,45905.2339464,TP,0.38900916393805546,0.018976288079962107,0.01934613593464057,0.009483402338812069,0.00967790692077984,0.01916130925959191,0.33152543066386087,1.747051000000011,0 days 02:15:00
15m,DEVELOPMENT,18,CLOSED,BTCUSDT,LONG,2024-01-08 18:00:00+00:00,2024-01-08 18:15:00+00:00,45891.1,45914.045549999995,2024-01-08 18:30:00+00:00,46832.326461,46808.9102977695,0.00042051363771384215,19.307482316389542,0.19307482316389543,45454.9050945,46832.326461,TP,0.3957985630276351,0.019307482316389544,0.01968378514673598,0.009648916699843475,0.009846815981357301,0.019495732681200778,0.33731156288330877,1.7470510000000108,0 days 00:15:00
15m,DEVELOPMENT,19,CLOSED,BTCUSDT,LONG,2024-01-08 18:30:00+00:00,2024-01-08 18:45:00+00:00,46917.78,46941.23888999999,2024-01-09 00:30:00+00:00,46471.82650109999,46448.590587849445,0.0004184903800838854,19.64445690468456,0.1964445690468456,46471.82650109999,47880.063667799994,SL,-0.18662724925440352,0.01964445690468456,0.019438288329469897,0.009817319792443727,0.009724006167816514,0.01954132596026024,-0.2452513204488182,-1.2484504999999964,0 days 05:45:00
15m,DEVELOPMENT,20,CLOSED,BTCUSDT,LONG,2024-01-09 07:15:00+00:00,2024-01-09 07:30:00+00:00,46908.34,46931.794169999994,2024-01-09 09:15:00+00:00,46462.476228299995,46439.24499018585,0.0004133541223734103,19.399450590549883,0.19399450590549883,46462.476228299995,47870.43005339999,SL,-0.18429962804915287,0.019399450590549882,0.019195853356602063,0.009694877856345631,0.009602728042320343,0.019297605898665974,-0.24219253789497078,-1.2484504999999888,0 days 01:45:00
15m,DEVELOPMENT,21,CLOSED,BTCUSDT,LONG,2024-01-09 12:00:00+00:00,2024-01-09 12:15:00+00:00,46723.98,46747.34199,2024-01-09 12:45:00+00:00,46279.8685701,46256.72863581495,0.00040980939637894943,19.157500003242216,0.19157500003242217,46279.8685701,47682.2888298,SL,-0.18200103701231263,0.019157500003242216,0.01895644204070819,0.009573963020110071,0.009482962501604526,0.019056925521714597,-0.23917190457797766,-1.248450500000001,0 days 00:30:00
15m,DEVELOPMENT,22,CLOSED,BTCUSDT,LONG,2024-01-09 13:45:00+00:00,2024-01-09 14:00:00+00:00,46834.01,46857.427005,2024-01-09 21:00:00+00:00,47794.5755451,47770.678257327454,0.00040374745778544587,18.91856703163585,0.1891856703163585,46388.85273495,47794.5755451,TP,0.3878258968704154,0.01891856703163585,0.019287289903082434,0.009454556237697337,0.009648469186132831,0.019103025423830168,0.33051701451186694,1.7470510000000132,0 days 07:00:00
15m,DEVELOPMENT,23,CLOSED,BTCUSDT,LONG,2024-01-09 21:00:00+00:00,2024-01-09 21:15:00+00:00,47914.25,47938.207125,2024-01-09 21:15:00+00:00,47458.82505375,47435.095641223124,0.0004015326190470256,19.248753859320036,0.19248753859320036,47458.82505375,48896.971267500005,SL,-0.1828679714471138,0.019248753859320036,0.019046738187566473,0.009619567146087301,0.00952813316036322,0.01914770030645052,-0.24031116380045084,-1.2484505000000028,0 days 00:00:00
15m,DEVELOPMENT,24,CLOSED,BTCUSDT,LONG,2024-01-10 19:45:00+00:00,2024-01-10 20:00:00+00:00,46489.19,46512.434595,2024-01-10 20:00:00+00:00,46047.310249049995,46024.28659392547,0.0004086795914281317,19.008682766612296,0.19008682766612295,46047.310249049995,47442.6832869,SL,-0.18058723607861357,0.019008682766612297,0.018809186640976697,0.009499591587510953,0.00940929796947319,0.018908889556984144,-0.2373139950431867,-1.2484505000000088,0 days 00:00:00
15m,DEVELOPMENT,25,CLOSED,BTCUSDT,LONG,2024-01-10 22:15:00+00:00,2024-01-10 22:30:00+00:00,46404.53,46427.732265,2024-01-10 23:00:00+00:00,47356.2869103,47332.60876684485,0.0004043188183593106,18.771605848487237,0.18771605848487238,45963.45494235,47356.2869103,TP,0.3848132293378038,0.01877160584848724,0.019137464446474253,0.009381112368059549,0.009573518982726426,0.018954631350785976,0.3279495276920564,1.7470510000000086,0 days 00:30:00
15m,DEVELOPMENT,26,CLOSED,BTCUSDT,LONG,2024-01-10 23:00:00+00:00,2024-01-10 23:15:00+00:00,47481.99,47505.730995,2024-01-10 23:15:00+00:00,47030.673685049995,47007.15834820747,0.00040204049815134336,19.09922775427351,0.1909922775427351,47030.673685049995,48455.8456149,SL,-0.1814474360863279,0.01909922775427351,0.01889878135899241,0.009544841456408597,0.009454117738364801,0.018998959194773398,-0.2384444043943672,-1.2484505000000041,0 days 00:00:00
15m,DEVELOPMENT,27,CLOSED,BTCUSDT,LONG,2024-01-11 00:30:00+00:00,2024-01-11 00:45:00+00:00,46600.01,46623.310005,2024-01-11 05:30:00+00:00,46157.07690495,46133.99836649753,0.00040454059469511363,18.86102155607734,0.1886102155607734,46157.07690495,47555.7762051,SL,-0.17918441768167456,0.01886102155607734,0.018663075134846312,0.00942579787909804,0.009336205670256887,0.01876200354935493,-0.23547051792195314,-1.2484504999999884,0 days 04:45:00
15m,DEVELOPMENT,28,CLOSED,BTCUSDT,LONG,2024-01-11 10:15:00+00:00,2024-01-11 10:30:00+00:00,46549.99,46573.264995,2024-01-11 14:00:00+00:00,47504.7302949,47480.97792975255,0.00039992442607228966,18.62578627343803,0.1862578627343803,46107.53234505,47504.7302949,TP,0.38182396448597206,0.01862578627343803,0.01898880284790734,0.009308239017210316,0.009499150999452421,0.018807390016662737,0.325401985347964,1.7470510000000115,0 days 03:30:00
15m,DEVELOPMENT,29,CLOSED,BTCUSDT,LONG,2024-01-11 14:00:00+00:00,2024-01-11 14:15:00+00:00,47794.6,47818.497299999995,2024-01-11 14:45:00+00:00,48774.867245999994,48750.479812376994,0.00039630821234270695,18.95086318187756,0.18950863181877559,47340.31232699999,48774.867245999994,TP,0.3884879598803669,0.01895086318187756,0.01932021550529235,0.009470696242816143,0.009664940222757597,0.01913563646557374,0.33108124472762324,1.7470509999999975,0 days 00:30:00
15m,DEVELOPMENT,30,CLOSED,BTCUSDT,LONG,2024-01-11 14:45:00+00:00,2024-01-11 15:00:00+00:00,48571.21,48595.495605,2024-01-11 15:00:00+00:00,48109.540648949995,48085.48587862552,0.0003967777967085299,19.281613676110947,0.19281613676110948,48109.540648949995,49567.4055171,SL,-0.1831801479174776,0.019281613676110948,0.01907925314058016,0.009635988843632587,0.00954439876967444,0.019180387613307027,-0.24072140234747572,-1.248450500000001,0 days 00:00:00
15m,DEVELOPMENT,31,CLOSED,BTCUSDT,LONG,2024-01-14 07:45:00+00:00,2024-01-14 08:00:00+00:00,43011.44,43032.94572,2024-01-14 20:00:00+00:00,42602.6162628,42581.3149546686,0.0004424780232006133,19.041132754684895,0.19041132754684895,42602.6162628,43893.604634400006,SL,-0.18089551907374318,0.019041132754684897,0.018841296066424477,0.009515808473106345,0.009425360713568314,0.01894116918667466,-0.2377191170815272,-1.2484504999999992,0 days 12:00:00
15m,DEVELOPMENT,32,CLOSED,BTCUSDT,LONG,2024-01-15 05:45:00+00:00,2024-01-15 06:00:00+00:00,42739.85,42761.219925,2024-01-15 14:15:00+00:00,42333.60772575,42312.44092188713,0.00043973607750712033,18.80365111923882,0.18803651119238818,42333.60772575,43616.4443235,SL,-0.17863938419626615,0.018803651119238818,0.01860630680074241,0.009397126996120934,0.009307807304021209,0.018704934300142143,-0.23475427641638952,-1.2484504999999835,0 days 08:15:00
15m,DEVELOPMENT,33,CLOSED,BTCUSDT,LONG,2024-01-15 18:15:00+00:00,2024-01-15 18:30:00+00:00,43154.7,43176.27735,2024-01-15 21:45:00+00:00,42744.5145765,42723.14231921175,0.0004300771743717524,18.569131362579093,0.18569131362579092,42744.5145765,44039.802896999994,SL,-0.17641138790736025,0.018569131362579094,0.018374248328928824,0.009279925718430147,0.009191720024475386,0.01847164574290553,-0.23182641334177367,-1.2484504999999904,0 days 03:15:00
15m,DEVELOPMENT,34,CLOSED,BTCUSDT,LONG,2024-01-16 03:45:00+00:00,2024-01-16 04:00:00+00:00,42924.57,42946.032284999994,2024-01-16 14:30:00+00:00,42516.571962149996,42495.313676168924,0.0004269902379424397,18.337536544055844,0.18337536544055844,42516.571962149996,43804.9529307,SL,-0.17421117926162175,0.018337536544055844,0.018145084098025982,0.009164186178935958,0.009077080589306287,0.018241266768242247,-0.22893506667194582,-1.2484504999999886,0 days 10:30:00
15m,DEVELOPMENT,35,CLOSED,BTCUSDT,LONG,2024-01-16 15:30:00+00:00,2024-01-16 15:45:00+00:00,43118.01,43139.569005,2024-01-17 07:45:00+00:00,42708.17331495,42686.81922829253,0.00041977309002890937,18.108830183744214,0.18108830183744215,42708.17331495,44002.3603851,SL,-0.17203841169064443,0.018108830183744214,0.017918778010965822,0.009049890146796828,0.008963870940951057,0.018013761087747885,-0.22607978097310233,-1.2484504999999821,0 days 16:00:00
15m,DEVELOPMENT,36,CLOSED,BTCUSDT,LONG,2024-01-17 23:45:00+00:00,2024-01-18 00:00:00+00:00,42776.09,42797.478044999996,2024-01-18 12:15:00+00:00,42369.503264549996,42348.31851291772,0.0004178511695921628,17.882976256698157,0.17882976256698158,42369.503264549996,43653.4276059,SL,-0.169892742948442,0.017882976256698158,0.01769529442088411,0.00893701961853968,0.008852073247065224,0.017789092865604907,-0.2232601064916292,-1.2484504999999986,0 days 12:15:00
15m,DEVELOPMENT,37,CLOSED,BTCUSDT,LONG,2024-01-19 19:30:00+00:00,2024-01-19 19:45:00+00:00,41884.79,41905.732395,2024-01-20 00:30:00+00:00,41486.67507105,41465.93173351447,0.0004214206071096625,17.65993918727595,0.1765993918727595,41486.67507105,42743.8470429,SL,-0.16777383505753027,0.017659939187275948,0.017474598125505492,0.008825556815229608,0.00874166989770156,0.017567226712931167,-0.2204755990832429,-1.2484505000000021,0 days 04:45:00
15m,DEVELOPMENT,38,CLOSED,BTCUSDT,LONG,2024-01-20 01:30:00+00:00,2024-01-20 01:45:00+00:00,41627.7,41648.513849999996,2024-01-22 03:00:00+00:00,41232.028711499996,41211.412697144246,0.00041873484144828505,17.439683843536454,0.17439683843536455,41232.028711499996,42481.484126999996,SL,-0.1656813542556868,0.017439683843536453,0.01725665436159854,0.008715484179677817,0.00863264350255052,0.017348127682228334,-0.21772582014305011,-1.2484505000000001,2 days 01:15:00
15m,DEVELOPMENT,39,CLOSED,BTCUSDT,LONG,2024-01-23 23:00:00+00:00,2024-01-23 23:15:00+00:00,39586.67,39606.46333499999,2024-01-24 10:45:00+00:00,40398.592601699995,40378.39330539915,0.0004348324511087084,17.222175531705236,0.17222175531705236,39210.398701649996,40398.592601699995,TP,0.353050295007769,0.017222175531705238,0.017557835732818175,0.008606784373663544,0.008783309521167569,0.017390093894831114,0.3008801898484145,1.7470510000000168,0 days 11:30:00
15m,DEVELOPMENT,40,CLOSED,BTCUSDT,LONG,2024-01-24 10:45:00+00:00,2024-01-24 11:00:00+00:00,40352.42,40372.596209999996,2024-01-24 13:15:00+00:00,39968.8702479,39948.885812776054,0.00043402596778265045,17.522755141943414,0.17522755141943414,39968.8702479,41180.0481342,SL,-0.16647055234799807,0.017522755141943413,0.017338853826728725,0.008756999071435038,0.00867376379525957,0.017430762866694607,-0.2187629241833648,-1.2484504999999801,0 days 02:15:00
15m,DEVELOPMENT,41,CLOSED,BTCUSDT,LONG,2024-01-24 16:45:00+00:00,2024-01-24 17:00:00+00:00,40190.01,40210.105005,2024-01-24 18:15:00+00:00,39808.00395495,39788.09995297253,0.00043034482899231754,17.304210762139856,0.17304210762139857,39808.00395495,41014.3071051,SL,-0.1643943261310748,0.017304210762139855,0.0171226030701912,0.008647781490322864,0.008565584327256778,0.017213365817579644,-0.2160345057809855,-1.2484504999999806,0 days 01:15:00
15m,DEVELOPMENT,42,CLOSED,BTCUSDT,LONG,2024-01-25 00:30:00+00:00,2024-01-25 00:45:00+00:00,40150.3,40170.37515,2024-01-25 13:45:00+00:00,39768.6713985,39748.78706280075,0.0004253978712231659,17.088392075045963,0.17088392075045963,39768.6713985,40973.782653,SL,-0.16234399467597413,0.017088392075045963,0.016909049400218357,0.008539926074484437,0.008458754077148219,0.016998680151632656,-0.21334011630287109,-1.2484504999999964,0 days 13:00:00
15m,DEVELOPMENT,43,CLOSED,BTCUSDT,LONG,2024-01-26 02:00:00+00:00,2024-01-26 02:15:00+00:00,40062.23,40082.261115,2024-01-26 11:00:00+00:00,40883.9063373,40863.46438413135,0.00042101579642215273,16.87526508573241,0.16875265085732408,39681.438503850004,40883.9063373,TP,0.34593871754959665,0.016875265085732408,0.017204164002253337,0.00843341583494787,0.008606385193723864,0.017039801028671732,0.29481948743293923,1.7470510000000021,0 days 08:45:00
15m,DEVELOPMENT,44,CLOSED,BTCUSDT,LONG,2024-01-26 11:00:00+00:00,2024-01-26 11:15:00+00:00,40814.87,40835.277435,2024-01-26 16:00:00+00:00,41651.98298370001,41631.15699220816,0.00042046463564581084,17.169790048202877,0.17169790048202876,40426.92466065,41651.98298370001,TP,0.35197640568579996,0.017169790048202876,0.017504429256242356,0.008580604721740983,0.008756592924581509,0.017337197646322494,0.29996498873503225,1.74705100000002,0 days 04:45:00
15m,DEVELOPMENT,45,CLOSED,BTCUSDT,LONG,2024-01-26 16:00:00+00:00,2024-01-26 16:15:00+00:00,41639.63,41660.44981499999,2024-01-28 04:30:00+00:00,42493.658811299996,42472.41198189435,0.00041932949474118636,17.469455371614497,0.17469455371614498,41243.84531684999,42493.658811299996,TP,0.35811946993684446,0.017469455371614498,0.017809935056807266,0.008730362504552997,0.008909422239521406,0.017639784744074405,0.3052002947643483,1.74705100000002,1 days 12:15:00
15m,DEVELOPMENT,46,CLOSED,BTCUSDT,LONG,2024-01-28 04:30:00+00:00,2024-01-28 04:45:00+00:00,42528.0,42549.263999999996,2024-01-28 17:30:00+00:00,42123.77136,42102.70947432,0.00041773579846127266,17.77435077097948,0.17774350770979483,42123.77136,43400.249279999996,SL,-0.16886077369131483,0.017774350770979483,0.017587808959638053,0.008882734018478654,0.008798303631634532,0.017681037650113186,-0.22190397107204554,-1.2484504999999906,0 days 12:45:00
15m,DEVELOPMENT,47,CLOSED,BTCUSDT,LONG,2024-01-29 03:00:00+00:00,2024-01-29 03:15:00+00:00,42345.24,42366.412619999996,2024-01-29 13:45:00+00:00,41942.7484938,41921.7771195531,0.00041430622506636537,17.55266848219622,0.1755266848219622,41942.7484938,43213.7408724,SL,-0.1667547365549976,0.01755266848219622,0.017368453226475573,0.008771948266963614,0.008688570898685357,0.01746051916564897,-0.21913637742931835,-1.2484504999999841,0 days 10:30:00
15m,DEVELOPMENT,48,CLOSED,BTCUSDT,LONG,2024-01-29 16:15:00+00:00,2024-01-29 16:30:00+00:00,42950.87,42972.345435,2024-01-30 12:15:00+00:00,43831.792343700006,43809.87644752816,0.00040336990794337526,17.333751022226874,0.17333751022226873,42542.62198065,43831.792343700006,TP,0.3553375646835329,0.017333751022226875,0.017671585829650078,0.008662544238994055,0.008840213021335485,0.01750275726032954,0.30282947057132636,1.747051000000009,0 days 19:45:00
15m,DEVELOPMENT,49,CLOSED,BTCUSDT,LONG,2024-01-30 15:15:00+00:00,2024-01-30 15:30:00+00:00,43514.01,43535.767005,2024-01-30 23:15:00+00:00,43100.40933495,43078.85913028253,0.0004050985931597135,17.636277965854575,0.17636277965854574,43100.40933495,44406.482345100005,SL,-0.1675490475416763,0.017636277965854576,0.017451185228602933,0.008813732116868643,0.008729957593097502,0.017543689709966143,-0.22018020044609993,-1.2484504999999924,0 days 07:45:00
15m,DEVELOPMENT,50,CLOSED,BTCUSDT,LONG,2024-01-31 16:00:00+00:00,2024-01-31 16:15:00+00:00,43508.88,43530.634439999994,2024-01-31 19:30:00+00:00,43095.328095599994,43073.78043155219,0.00040009335838314707,17.416317725648682,0.17416317725648683,43095.328095599994,44401.247128799994,SL,-0.16545937029714336,0.01741631772564868,0.017233533471117998,0.00870380695934346,0.008621077274196474,0.017324884233539936,-0.21743410572744998,-1.2484505000000021,0 days 03:15:00
15m,DEVELOPMENT,51,CLOSED,BTCUSDT,LONG,2024-02-01 15:00:00+00:00,2024-02-01 15:15:00+00:00,42787.24,42808.63361999999,2024-02-01 16:30:00+00:00,42380.54728379999,42359.35701015809,0.0004017671058946094,17.199100836810075,0.17199100836810075,42380.54728379999,43664.8062924,SL,-0.16339575557609437,0.017199100836810075,0.017018596273527753,0.008595252792007138,0.008513554914220865,0.017108807706228003,-0.21472226039266018,-1.2484505000000037,0 days 01:15:00
15m,DEVELOPMENT,52,CLOSED,BTCUSDT,LONG,2024-02-01 16:45:00+00:00,2024-02-01 17:00:00+00:00,42658.15,42679.479074999996,2024-02-04 22:30:00+00:00,42252.68428425,42231.55794210787,0.0003979568976070044,16.984593084170058,0.16984593084170058,42252.68428425,43533.0686565,SL,-0.16135787832587514,0.01698459308417006,0.016806339779751697,0.008488052515824806,0.008407373576663976,0.016895426092488782,-0.21204423728228566,-1.248450499999995,3 days 05:30:00
15m,DEVELOPMENT,53,CLOSED,BTCUSDT,LONG,2024-02-05 07:15:00+00:00,2024-02-05 07:30:00+00:00,42909.5,42930.95475,2024-02-05 16:15:00+00:00,42501.645202499996,42480.394379898746,0.0003906915366072229,16.772760679292652,0.16772760679292653,42501.645202499996,43789.573845,SL,-0.1593454175479042,0.01677276067929265,0.016596730555963477,0.0083821892450227,0.008302516536250078,0.016684705781272777,-0.2093996145644331,-1.2484505000000035,0 days 08:45:00
15m,DEVELOPMENT,54,CLOSED,BTCUSDT,LONG,2024-02-06 04:15:00+00:00,2024-02-06 04:30:00+00:00,42918.95,42940.40947499999,2024-02-07 20:00:00+00:00,43799.21766449999,43777.31805566775,0.0003857338683459856,16.56357025515236,0.1656357025515236,42511.00538024999,43799.21766449999,TP,0.3395490514074695,0.01656357025515236,0.01688639423942528,0.008277646304422433,0.008447420830125998,0.01672506713454843,0.2893740197783434,1.7470510000000095,1 days 15:30:00
15m,DEVELOPMENT,55,CLOSED,BTCUSDT,LONG,2024-02-07 20:00:00+00:00,2024-02-07 20:15:00+00:00,43837.74,43859.65886999999,2024-02-08 02:00:00+00:00,44736.852047399996,44714.4836213763,0.00038424045293984437,16.85265518999586,0.1685265518999586,43421.06228129999,44736.852047399996,TP,0.34547522033664607,0.01685265518999586,0.01718111343964888,0.008422116536727283,0.00859485414689739,0.017016970683624674,0.2944244810233767,1.7470510000000126,0 days 05:45:00
15m,DEVELOPMENT,56,CLOSED,BTCUSDT,LONG,2024-02-08 04:15:00+00:00,2024-02-08 04:30:00+00:00,44587.44,44609.73372,2024-02-08 20:15:00+00:00,45501.9283944,45479.1774302028,0.0003843731874369182,17.146785540668567,0.1714678554066857,44163.636382799996,45501.9283944,TP,0.3515048190295959,0.017146785540668567,0.0174809763908562,0.008569108216223946,0.008744860625740666,0.01731396884196461,0.2995630882561065,1.747051000000005,0 days 15:45:00
15m,DEVELOPMENT,57,CLOSED,BTCUSDT,LONG,2024-02-09 01:00:00+00:00,2024-02-09 01:15:00+00:00,45336.41,45359.078205,2024-02-09 02:45:00+00:00,46266.2597691,46243.12663921545,0.0003846208974144704,17.446049365100244,0.17446049365100244,44905.48742295,46266.2597691,TP,0.3576396526518777,0.017446049365100243,0.01778607286722605,0.008718665349873063,0.008897485176200004,0.017616150526073068,0.3047913798934783,1.7470510000000048,0 days 01:30:00
15m,DEVELOPMENT,58,CLOSED,BTCUSDT,LONG,2024-02-09 02:45:00+00:00,2024-02-09 03:00:00+00:00,46285.22,46308.36261,2024-02-09 11:45:00+00:00,47234.5298622,47210.9125972689,0.0003833116797411362,17.750536258100727,0.17750536258100727,45845.278983899996,47234.5298622,TP,0.36388155787470705,0.017750536258100726,0.018096494209771108,0.008870832712692227,0.009052773491630394,0.017923606204322623,0.3101109212025126,1.7470510000000072,0 days 08:45:00
15m,DEVELOPMENT,59,CLOSED,BTCUSDT,LONG,2024-02-09 11:45:00+00:00,2024-02-09 12:00:00+00:00,47180.01,47203.600005,2024-02-09 14:15:00+00:00,46731.56400495,46708.198222947525,0.0003826050847026526,18.060337378183156,0.18060337378183156,46731.56400495,48147.6720051,SL,-0.17157771792067145,0.018060337378183158,0.017870794137399126,0.00902565586116031,0.008939867002200506,0.017965522863360818,-0.22547437229961453,-1.2484505000000001,0 days 02:15:00
15m,DEVELOPMENT,60,CLOSED,BTCUSDT,LONG,2024-02-09 17:15:00+00:00,2024-02-09 17:30:00+00:00,47589.43,47613.224715,2024-02-09 22:30:00+00:00,47137.092467849994,47113.52392161607,0.0003745826576914877,17.835088255006724,0.17835088255006723,47137.092467849994,48565.489209299994,SL,-0.16943779496635805,0.017835088255006723,0.017647909003770428,0.008913087583710143,0.00882836868622806,0.017741456269938203,-0.2226622484950734,-1.248450500000004,0 days 05:00:00
15m,DEVELOPMENT,61,CLOSED,BTCUSDT,LONG,2024-02-10 01:30:00+00:00,2024-02-10 01:45:00+00:00,47324.17,47347.832084999995,2024-02-10 10:45:00+00:00,46874.35376414999,46850.91658726792,0.00037198426349704206,17.61264844632034,0.1761264844632034,46874.35376414999,48294.7887267,SL,-0.16732456120167583,0.01761264844632034,0.01742780370087621,0.008801923261528028,0.008718260980927109,0.017520184242455137,-0.21988519759132755,-1.2484504999999946,0 days 09:00:00
15m,DEVELOPMENT,62,CLOSED,BTCUSDT,LONG,2024-02-10 15:45:00+00:00,2024-02-10 16:00:00+00:00,47353.48,47377.15674,2024-02-11 03:30:00+00:00,48324.6998748,48300.5375248626,0.0003671174910244535,17.392982914261076,0.17392982914261076,46903.3851726,48324.6998748,TP,0.35655180366965755,0.017392982914261074,0.017731972151260024,0.008692145384436606,0.008870421286271812,0.017562566670708418,0.303864281933428,1.7470510000000041,0 days 11:30:00
15m,DEVELOPMENT,63,CLOSED,BTCUSDT,LONG,2024-02-11 03:30:00+00:00,2024-02-11 03:45:00+00:00,48272.69,48296.826345,2024-02-12 06:45:00+00:00,47813.85808155,47789.95115250923,0.00036641214288204164,17.696543635473294,0.17696543635473294,47813.85808155,49262.7628719,SL,-0.16812158646194256,0.017696543635473294,0.017510818410019002,0.008843849892789878,0.008759789099557998,0.017603638992347875,-0.22093258749978273,-1.24845049999999,1 days 03:00:00
15m,DEVELOPMENT,64,CLOSED,BTCUSDT,LONG,2024-02-12 14:45:00+00:00,2024-02-12 15:00:00+00:00,48797.99,48822.388994999994,2024-02-12 15:45:00+00:00,49798.836774899995,49773.93735651255,0.0003579470836963524,17.475831759849136,0.17475831759849136,48334.16510504999,49798.836774899995,TP,0.3582501843023537,0.017475831759849136,0.017816435720848598,0.008733549105370423,0.008912674197521493,0.017646223302891915,0.305311693518764,1.747051000000012,0 days 00:45:00
15m,DEVELOPMENT,65,CLOSED,BTCUSDT,LONG,2024-02-12 15:45:00+00:00,2024-02-12 16:00:00+00:00,49917.8,49942.7589,2024-02-12 16:15:00+00:00,49443.331311,49418.609645344506,0.0003560243534459821,17.780838446681067,0.17780838446681066,49443.331311,50941.614078,SL,-0.1689224082315882,0.017780838446681067,0.017594228547183153,0.008885976235222144,0.008801515031105562,0.017687491266327706,-0.2219849664917801,-1.2484504999999892,0 days 00:15:00
15m,DEVELOPMENT,66,CLOSED,BTCUSDT,LONG,2024-02-12 17:00:00+00:00,2024-02-12 17:15:00+00:00,49866.58,49891.51329,2024-02-13 13:30:00+00:00,49392.5981571,49367.901858021454,0.00035194513225783505,17.559075243392584,0.17559075243392586,49392.5981571,50889.343555800006,SL,-0.16681560238725313,0.017559075243392584,0.017374792748713182,0.008775150046673256,0.008691742245478229,0.017466892292151485,-0.21921636267151037,-1.2484504999999968,0 days 20:15:00
15m,DEVELOPMENT,67,CLOSED,BTCUSDT,LONG,2024-02-13 23:30:00+00:00,2024-02-13 23:45:00+00:00,49608.11,49632.914055,2024-02-14 08:45:00+00:00,50625.572336100005,50600.25954993196,0.00034936650825843554,17.34007787808638,0.1734007787808638,49136.58491445,50625.572336100005,TP,0.35546726364772946,0.01734007787808638,0.017678035995930288,0.00866570608600037,0.008843439717823268,0.017509145803823636,0.3029400039698892,1.7470510000000132,0 days 09:00:00
15m,DEVELOPMENT,68,CLOSED,BTCUSDT,LONG,2024-02-14 08:45:00+00:00,2024-02-14 09:00:00+00:00,50758.0,50783.379,2024-02-14 12:00:00+00:00,51799.04658,51773.147056710004,0.00034741121193786,17.64271524468967,0.1764271524468967,50275.545210000004,51799.04658,TP,0.361671254041565,0.017642715244689668,0.017986571764808675,0.008816949147771232,0.008997784774790997,0.017814733922562227,0.30822723310950445,1.7470510000000066,0 days 03:00:00
15m,DEVELOPMENT,69,CLOSED,BTCUSDT,LONG,2024-02-14 13:15:00+00:00,2024-02-14 13:30:00+00:00,51685.99,51711.832995,2024-02-15 14:30:00+00:00,52746.0696549,52719.69662007255,0.00034712818167209473,17.95063455848538,0.1795063455848538,51194.71466505,52746.0696549,TP,0.3679835230330189,0.01795063455848538,0.018300492426030265,0.008970831863310711,0.009154823624826697,0.01812565548813741,0.3136067405603658,1.747051000000008,1 days 01:00:00
15m,DEVELOPMENT,70,CLOSED,BTCUSDT,LONG,2024-02-15 14:30:00+00:00,2024-02-15 14:45:00+00:00,52595.01,52621.307505,2024-02-15 15:30:00+00:00,52095.09442995,52069.04688273503,0.00034708236780059534,18.263928005598636,0.18263928005598637,52095.09442995,53673.7336551,SL,-0.17351187975334015,0.018263928005598635,0.01807224808117988,0.00912740030264626,0.009040644362769629,0.01816804466541589,-0.22801610050553456,-1.248450499999991,0 days 00:45:00
15m,DEVELOPMENT,71,CLOSED,BTCUSDT,LONG,2024-02-15 16:15:00+00:00,2024-02-15 16:30:00+00:00,52271.02,52297.15551,2024-02-15 19:15:00+00:00,51774.1839549,51748.29686292255,0.0003448780247705159,18.0361396934053,0.180361396934053,51774.1839549,53343.0986202,SL,-0.17134783386888197,0.0180361396934053,0.017846850407323013,0.009013563065170089,0.008927889148235285,0.017941452213405373,-0.22517227618301566,-1.2484504999999928,0 days 02:45:00
15m,DEVELOPMENT,72,CLOSED,BTCUSDT,LONG,2024-02-16 02:45:00+00:00,2024-02-16 03:00:00+00:00,52168.14,52194.22407,2024-02-16 09:00:00+00:00,51672.281829299995,51646.44568838535,0.00034124834082529436,17.811192364551143,0.17811192364551143,51672.281829299995,53238.1085514,SL,-0.16921077803604223,0.017811192364551143,0.01762426390068518,0.008901145609469864,0.008816540220451283,0.01771768582992115,-0.2223639201311997,-1.2484504999999952,0 days 06:00:00
15m,DEVELOPMENT,73,CLOSED,BTCUSDT,LONG,2024-02-16 11:30:00+00:00,2024-02-16 11:45:00+00:00,52332.79,52358.956395,2024-02-16 14:45:00+00:00,51835.36683105,51809.44914763448,0.00033593203144663815,17.589050586198297,0.175890505861983,51835.36683105,53406.135522900004,SL,-0.16710037563399818,0.017589050586198297,0.017404453500296145,0.00879013022798522,0.00870658004016726,0.017496710268152478,-0.2195905899886451,-1.2484504999999972,0 days 03:00:00
15m,DEVELOPMENT,74,CLOSED,BTCUSDT,LONG,2024-02-17 23:30:00+00:00,2024-02-17 23:45:00+00:00,51707.38,51733.233689999994,2024-02-18 02:45:00+00:00,51215.901353099995,51190.29340242345,0.00033575475817947895,17.36967936742842,0.17369679367428423,51215.901353099995,52767.89836379999,SL,-0.16501629424028796,0.017369679367428423,0.017187384582467265,0.008680499433995964,0.00859799128687554,0.017278490720871502,-0.21685184891105516,-1.2484504999999895,0 days 03:00:00
15m,DEVELOPMENT,75,CLOSED,BTCUSDT,LONG,2024-02-18 05:00:00+00:00,2024-02-18 05:15:00+00:00,51602.33,51628.131165,2024-02-20 13:30:00+00:00,52660.6937883,52634.363441405854,0.0003322422052991053,17.153044153731067,0.17153044153731067,51111.849853349995,52660.6937883,TP,0.3516331190335066,0.017153044153731065,0.01748735698428729,0.008572235958885135,0.008748052518401148,0.017320288477286283,0.29967242941820194,1.7470510000000103,2 days 08:15:00
15m,DEVELOPMENT,76,CLOSED,BTCUSDT,LONG,2024-02-20 13:30:00+00:00,2024-02-20 13:45:00+00:00,52874.68,52901.11734,2024-02-20 14:00:00+00:00,52372.106166599995,52345.920113516695,0.00032990640061389886,17.45241721009291,0.1745241721009291,52372.106166599995,53959.1396868,SL,-0.165802324419725,0.01745241721009291,0.017269254091472983,0.008721847681204787,0.008638946518996013,0.0173607942002008,-0.21788478992149168,-1.248450500000004,0 days 00:15:00
15m,DEVELOPMENT,77,CLOSED,BTCUSDT,LONG,2024-02-20 21:15:00+00:00,2024-02-20 21:30:00+00:00,52141.1,52167.170549999995,2024-02-21 07:00:00+00:00,51645.4988445,51619.67609507775,0.00033037540479170606,17.234750087294216,0.17234750087294218,51645.4988445,53210.513961,SL,-0.16373443236354993,0.017234750087294217,0.017053871385128067,0.008613068509391331,0.008531201293208876,0.017144269802600205,-0.2151673236385724,-1.2484504999999844,0 days 09:30:00
15m,DEVELOPMENT,78,CLOSED,BTCUSDT,LONG,2024-02-21 23:00:00+00:00,2024-02-21 23:15:00+00:00,51624.85,51650.662424999995,2024-02-22 13:15:00+00:00,51134.15580074999,51108.58872284962,0.0003295175108497539,17.019797716026915,0.17019797716026916,51134.15580074999,52683.675673499994,SL,-0.16169233112527548,0.017019797716026915,0.01684117493899721,0.008505646034994785,0.00842479986943179,0.016930445904426578,-0.21248374968472616,-1.2484504999999975,0 days 14:00:00
15m,DEVELOPMENT,79,CLOSED,BTCUSDT,LONG,2024-02-22 18:45:00+00:00,2024-02-22 19:00:00+00:00,51718.82,51744.67941,2024-02-22 22:15:00+00:00,51227.23261589999,51201.61899959204,0.0003248165111749099,16.807526237820394,0.16807526237820394,51227.23261589999,52779.5729982,SL,-0.15967569904096454,0.016807526237820395,0.016631131249954467,0.0083995633372407,0.008319725487721094,0.016719288824961792,-0.2098336453537012,-1.2484505000000077,0 days 03:15:00
15m,DEVELOPMENT,80,CLOSED,BTCUSDT,LONG,2024-02-24 07:15:00+00:00,2024-02-24 07:30:00+00:00,51007.0,51032.5035,2024-02-26 15:15:00+00:00,52053.15357,52027.126993215,0.00032524177882999663,16.597902216488027,0.16597902216488028,50522.178465,52053.15357,TP,0.34025284803615213,0.016597902216488027,0.016921395330687383,0.00829480370639046,0.008464930130408775,0.016759733836799233,0.2899738166521775,1.7470510000000072,2 days 07:45:00
15m,DEVELOPMENT,81,CLOSED,BTCUSDT,LONG,2024-02-26 15:15:00+00:00,2024-02-26 15:30:00+00:00,52350.77,52376.94538499999,2024-02-26 16:00:00+00:00,53424.48429269999,53397.77205055364,0.0003224240402886124,16.887586349007687,0.16887586349007688,51853.17593114999,53424.48429269999,TP,0.34619130036796214,0.016887586349007687,0.017216725406949848,0.00843957338780833,0.008612669037993934,0.017052242425802264,0.29503474618620235,1.7470510000000001,0 days 00:30:00
15m,DEVELOPMENT,82,CLOSED,BTCUSDT,LONG,2024-02-26 16:00:00+00:00,2024-02-26 16:15:00+00:00,53509.44,53536.19472,2024-02-26 20:00:00+00:00,54606.9186144,54579.615155092804,0.00032094784556603454,17.182326355187712,0.17182326355187713,53000.8327728,54606.9186144,TP,0.3522333968464753,0.017182326355187714,0.017517209895850327,0.00858686974272159,0.008762986441143619,0.017349856183865208,0.30018400441157206,1.747051000000009,0 days 03:45:00
15m,DEVELOPMENT,83,CLOSED,BTCUSDT,LONG,2024-02-26 20:00:00+00:00,2024-02-26 20:15:00+00:00,54547.59,54574.86379499999,2024-02-27 01:45:00+00:00,55666.36107089999,55638.527890364545,0.00032033447744638573,17.482210475478997,0.17482210475478996,54029.11515704999,55666.36107089999,TP,0.3583809463788832,0.017482210475478998,0.017822938757646085,0.00873673686930283,0.00891592734249315,0.017652664211795982,0.30542313293396217,1.7470510000000092,0 days 05:30:00
15m,DEVELOPMENT,84,CLOSED,BTCUSDT,LONG,2024-02-27 01:45:00+00:00,2024-02-27 02:00:00+00:00,55768.41,55796.294205,2024-02-27 02:00:00+00:00,56912.220089099996,56883.763979055446,0.0003187904993304034,17.787328490398043,0.17787328490398044,55238.33126295,56912.220089099996,TP,0.36463578944333974,0.017787328490398043,0.018134003522675902,0.008889219635379685,0.009071537530102957,0.017960757165482642,0.3107537002647831,1.7470509999999955,0 days 00:00:00
15m,DEVELOPMENT,85,CLOSED,BTCUSDT,LONG,2024-02-27 02:00:00+00:00,2024-02-27 02:15:00+00:00,56355.13,56383.307564999996,2024-02-27 03:45:00+00:00,55819.474489349996,55791.564752105325,0.00032097747594077,18.097771747405822,0.18097771747405822,55819.474489349996,57510.973716299995,SL,-0.17193335378220181,0.018097771747405823,0.017907835632916796,0.009044363691856386,0.008958397014964405,0.01800276070682079,-0.22594172186934522,-1.2484504999999917,0 days 01:30:00
15m,DEVELOPMENT,86,CLOSED,BTCUSDT,LONG,2024-02-27 04:15:00+00:00,2024-02-27 04:30:00+00:00,55981.21,56009.200605,2024-02-27 12:30:00+00:00,57129.3846171,57100.81992479145,0.00031909142691722116,17.872055741542336,0.17872055741542336,55449.10859895,57129.3846171,TP,0.3663726769205723,0.017872055741542336,0.018220382107945,0.008931562089726001,0.009114748428184735,0.018046310517910738,0.3122339285531742,1.747051000000008,0 days 08:00:00
15m,DEVELOPMENT,87,CLOSED,BTCUSDT,LONG,2024-02-27 12:30:00+00:00,2024-02-27 12:45:00+00:00,57383.87,57412.561935,2024-02-27 12:45:00+00:00,56838.43631565,56810.01709749218,0.00031672472252111086,18.183977748088967,0.18183977748088967,56838.43631565,58560.8131737,SL,-0.1727523323294228,0.018183977748088966,0.017993136901622773,0.009087445151467255,0.0090010689853019,0.018088514136769155,-0.2270179611159037,-1.2484504999999904,0 days 00:00:00
15m,DEVELOPMENT,88,CLOSED,BTCUSDT,LONG,2024-02-27 13:45:00+00:00,2024-02-27 14:00:00+00:00,57112.28,57140.83613999999,2024-02-27 16:00:00+00:00,56569.427778599995,56541.1430647107,0.00031426187979024926,17.95718657814301,0.17957186578143008,56569.427778599995,58283.652862799994,SL,-0.17059775954547785,0.01795718657814301,0.0177687259050054,0.00897410623595143,0.008888807356180025,0.017862913592131456,-0.22418658562075772,-1.2484504999999912,0 days 02:00:00
15m,DEVELOPMENT,89,CLOSED,BTCUSDT,LONG,2024-02-27 18:45:00+00:00,2024-02-27 19:00:00+00:00,57111.11,57139.665555,2024-02-28 07:45:00+00:00,58282.4588661,58253.31763666696,0.00031034875305799737,17.733223955145252,0.17733223955145253,56568.26889945,58282.4588661,TP,0.3635266599900344,0.017733223955145254,0.01807884449003104,0.008862180887128753,0.009043944217122192,0.017906125104250943,0.30980846644060717,1.747051000000014,0 days 12:45:00
15m,DEVELOPMENT,90,CLOSED,BTCUSDT,LONG,2024-02-28 07:45:00+00:00,2024-02-28 08:00:00+00:00,58241.09,58270.210544999994,2024-02-28 08:45:00+00:00,59435.614755899995,59405.89694852205,0.0003096388832967172,18.042722922618392,0.18042722922618393,57687.508439549994,59435.614755899995,TP,0.36987131148715907,0.018042722922618392,0.018394375592380226,0.009016853034791165,0.00920178869053329,0.018218641725324454,0.315215571246836,1.7470510000000121,0 days 00:45:00
15m,DEVELOPMENT,91,CLOSED,BTCUSDT,LONG,2024-02-28 08:45:00+00:00,2024-02-28 09:00:00+00:00,59448.42,59478.14421,2024-02-28 09:15:00+00:00,58883.3627679,58853.92108651605,0.00030864486168867734,18.357623593194656,0.18357623593194658,58883.3627679,60667.7070942,SL,-0.17440201124769134,0.018357623593194657,0.018164960333584078,0.009174224684255296,0.009087023678631012,0.01826124836288631,-0.22918584353735638,-1.2484504999999984,0 days 00:15:00
15m,DEVELOPMENT,92,CLOSED,BTCUSDT,LONG,2024-02-28 09:45:00+00:00,2024-02-28 10:00:00+00:00,59300.01,59329.660005,2024-02-28 11:45:00+00:00,58736.363404949996,58706.995223247526,0.00030555824363423214,18.128666706543946,0.18128666706543947,58736.363404949996,60516.2532051,SL,-0.1722268636138951,0.018128666706543946,0.01793840634945877,0.00905980345154494,0.00897369001973769,0.01803349347128263,-0.22632743014118045,-1.2484504999999946,0 days 01:45:00
15m,DEVELOPMENT,93,CLOSED,BTCUSDT,LONG,2024-02-28 12:15:00+00:00,2024-02-28 12:30:00+00:00,59273.4,59303.0367,2024-02-28 13:15:00+00:00,60489.097433999996,60458.852885283,0.00030188277656499136,17.90256537773158,0.1790256537773158,58710.006333,60489.097433999996,TP,0.3669981168388536,0.01790256537773158,0.01825148637694357,0.008946809284222312,0.009130308342642227,0.01807711762686454,0.31276694745731387,1.747051000000003,0 days 00:45:00
15m,DEVELOPMENT,94,CLOSED,BTCUSDT,LONG,2024-02-28 13:15:00+00:00,2024-02-28 13:30:00+00:00,60264.01,60294.142005,2024-02-28 16:15:00+00:00,61500.0248451,61469.27483267745,0.0003021026465421039,18.215019870695933,0.18215019870695934,59691.20058495,61500.0248451,TP,0.37340335587003814,0.018215019870695934,0.0185700306079758,0.00910295845611975,0.00928966013405433,0.01839261859017408,0.31822568680119234,1.7470510000000017,0 days 02:45:00
15m,DEVELOPMENT,95,CLOSED,BTCUSDT,LONG,2024-02-28 16:15:00+00:00,2024-02-28 16:30:00+00:00,61408.88,61439.58443999999,2024-02-28 17:00:00+00:00,62668.376128799995,62637.0419407356,0.00030164474285819423,18.532927649718108,0.1853292764971811,60825.18859559999,62668.376128799995,TP,0.3799203859027664,0.018532927649718107,0.01889413440961112,0.009261832908403062,0.00945179310135411,0.01871362600975717,0.32377969783368,1.7470510000000177,0 days 00:30:00
15m,DEVELOPMENT,96,CLOSED,BTCUSDT,LONG,2024-02-28 17:00:00+00:00,2024-02-28 17:15:00+00:00,63690.12,63721.96506,2024-02-28 17:15:00+00:00,63084.7454094,63053.203036695304,0.00029591654735624064,18.8563838913102,0.18856383891310202,63084.7454094,64996.4043612,SL,-0.17914035870755088,0.018856383891310204,0.0186584861423709,0.00942348020555222,0.009333910026196943,0.018757390231749164,-0.23541261897298113,-1.248450499999997,0 days 00:00:00
15m,DEVELOPMENT,97,CLOSED,BTCUSDT,LONG,2024-02-28 18:45:00+00:00,2024-02-28 19:00:00+00:00,61102.0,61132.551,2024-02-28 20:00:00+00:00,60521.22549,60490.964877255,0.00030460378546576196,18.62120644977875,0.18621206449778752,60521.22549,62355.20202,SL,-0.1769061142480239,0.01862120644977875,0.018425776888088323,0.009305950249764335,0.009217497192639893,0.01852344744240423,-0.2324765450282952,-1.2484505000000008,0 days 01:00:00
15m,DEVELOPMENT,98,CLOSED,BTCUSDT,LONG,2024-02-28 23:00:00+00:00,2024-02-28 23:15:00+00:00,62092.97,62124.016485,2024-02-29 00:30:00+00:00,61502.77632015,61472.02493198993,0.00029600407683703526,18.388962149051185,0.18388962149051186,61502.77632015,63366.4968147,SL,-0.1746997353590528,0.018388962149051186,0.018195969991296895,0.009189886131459548,0.00910253626377827,0.018292422395237817,-0.2295770898946387,-1.2484504999999915,0 days 01:15:00
15m,DEVELOPMENT,99,CLOSED,BTCUSDT,LONG,2024-02-29 01:30:00+00:00,2024-02-29 01:45:00+00:00,61431.85,61462.565924999995,2024-02-29 06:00:00+00:00,62691.817243499994,62660.471334878246,0.0002954581237148163,18.1596144068987,0.18159614406898703,60847.940265749996,62691.817243499994,TP,0.3722675577066378,0.0181596144068987,0.018513545291689155,0.00907526956866407,0.009261403347517775,0.018336672916181844,0.3172577250918681,1.7470510000000015,0 days 04:15:00
15m,DEVELOPMENT,100,CLOSED,BTCUSDT,LONG,2024-02-29 06:00:00+00:00,2024-02-29 06:15:00+00:00,63199.99,63231.589994999995,2024-02-29 07:30:00+00:00,62599.274095049994,62567.97445800247,0.0002922045008304755,18.476555191206263,0.18476555191206262,62599.274095049994,64496.2217949,SL,-0.17553189114684334,0.018476555191206265,0.018282643744474556,0.009233660765219602,0.009145894819646514,0.018379555584866116,-0.2306706456673903,-1.2484504999999986,0 days 01:15:00
15m,DEVELOPMENT,101,CLOSED,BTCUSDT,LONG,2024-02-29 08:00:00+00:00,2024-02-29 08:15:00+00:00,63061.91,63093.440955,2024-02-29 08:15:00+00:00,62462.50654545,62431.27529217728,0.00028919194625568097,18.246114985744338,0.18246114985744338,62462.50654545,64355.3097741,SL,-0.17334265161369414,0.018246114985744338,0.018054622008968957,0.009118498243748769,0.009031826917942819,0.018150325161691586,-0.227793713770099,-1.248450499999994,0 days 00:00:00
15m,DEVELOPMENT,102,CLOSED,BTCUSDT,LONG,2024-02-29 11:15:00+00:00,2024-02-29 11:30:00+00:00,62991.11,63022.605554999995,2024-02-29 12:00:00+00:00,62392.37949944999,62361.18330970027,0.0002859061233575472,18.01854883812187,0.1801854883812187,62392.37949944999,64283.057666099994,SL,-0.17118071634817694,0.01801854883812187,0.01782944416806578,0.009004772033042714,0.00891918167487004,0.017923953707912756,-0.22495266306227735,-1.2484505000000037,0 days 00:30:00
15m,DEVELOPMENT,103,CLOSED,BTCUSDT,LONG,2024-02-29 13:00:00+00:00,2024-02-29 13:15:00+00:00,62770.08,62801.465039999995,2024-02-29 13:15:00+00:00,62173.450389599995,62142.3636644052,0.0002833344873668368,17.793820902994725,0.17793820902994725,62173.450389599995,64057.494340799996,SL,-0.16904574481056145,0.017793820902994726,0.017607074752617795,0.008892464219385898,0.008807941346980394,0.01770040556636629,-0.22214704603254026,-1.2484504999999892,0 days 00:00:00
15m,DEVELOPMENT,104,CLOSED,BTCUSDT,LONG,2024-02-29 14:00:00+00:00,2024-02-29 14:15:00+00:00,63109.47,63141.024735,2024-02-29 16:15:00+00:00,62509.61448765,62478.359680406174,0.0002782960184100835,17.571895782083097,0.17571895782083097,62509.61448765,64403.8452297,SL,-0.16693740070834695,0.017571895782083097,0.017387478735850136,0.008781557112484718,0.008698088412130338,0.017479645524615055,-0.21937642075089522,-1.2484504999999995,0 days 02:00:00
15m,DEVELOPMENT,105,CLOSED,BTCUSDT,LONG,2024-03-01 08:30:00+00:00,2024-03-01 08:45:00+00:00,62153.46,62184.53672999999,2024-03-01 14:30:00+00:00,61562.69136269999,61531.91001701864,0.00027905230835665495,17.352738518595693,0.17352738518595692,61562.69136269999,63428.22746459999,SL,-0.1648553519432834,0.017352738518595694,0.017170621527843034,0.00867203324267467,0.008589605566703629,0.017261638809378296,-0.21664035079910043,-1.2484504999999995,0 days 05:45:00
15m,DEVELOPMENT,106,CLOSED,BTCUSDT,LONG,2024-03-01 18:15:00+00:00,2024-03-01 18:30:00+00:00,62240.3,62271.42015,2024-03-02 09:30:00+00:00,61648.7059485,61617.88159552575,0.00027518747043901276,17.13631459172347,0.1713631459172347,61648.7059485,63516.848552999996,SL,-0.1627992705590531,0.01713631459172347,0.016956468970083332,0.00856387535818132,0.008482475722902215,0.017046351081083537,-0.2139384052019434,-1.2484504999999928,0 days 15:00:00
15m,DEVELOPMENT,107,CLOSED,BTCUSDT,LONG,2024-03-03 04:15:00+00:00,2024-03-03 04:30:00+00:00,62090.79,62121.835394999995,2024-03-03 07:15:00+00:00,61500.61704104999,61469.86673252947,0.00027240968982323563,16.92258991120205,0.1692258991120205,61500.61704104999,63364.272102899995,SL,-0.1607688326896334,0.01692258991120205,0.016744987330083984,0.008457066422388124,0.008376682006044855,0.01683374842843298,-0.21127015835935242,-1.2484505000000052,0 days 02:45:00
15m,DEVELOPMENT,108,CLOSED,BTCUSDT,LONG,2024-03-03 12:15:00+00:00,2024-03-03 12:30:00+00:00,62568.01,62599.294004999996,2024-03-03 13:15:00+00:00,61973.30106494999,61942.314414417524,0.00026696037195894184,16.71153081194196,0.1671153081194196,61973.30106494999,63851.2798851,SL,-0.15876371850825688,0.01671153081194196,0.016536143296070626,0.008351589611163812,0.008272207751909413,0.016623797363073227,-0.20863518997934266,-1.2484504999999952,0 days 00:45:00
15m,DEVELOPMENT,109,CLOSED,BTCUSDT,LONG,2024-03-03 13:45:00+00:00,2024-03-03 14:00:00+00:00,62393.85,62425.046924999995,2024-03-04 00:15:00+00:00,63673.547863499996,63641.71108956825,0.000264366706340699,16.50310404872583,0.1650310404872583,61800.796455749994,63673.547863499996,TP,0.33830950928472386,0.01650310404872583,0.016824749546635497,0.008247428310206901,0.008416583064849461,0.01666401137505636,0.2883176443143062,1.7470510000000063,0 days 10:15:00
15m,DEVELOPMENT,110,CLOSED,BTCUSDT,LONG,2024-03-04 00:15:00+00:00,2024-03-04 00:30:00+00:00,63740.38,63772.25018999999,2024-03-04 00:45:00+00:00,63134.52768809999,63102.96042425594,0.000263298434874083,16.79113366342544,0.16791133663425442,63134.52768809999,65047.69519379999,SL,-0.1595199654881172,0.016791133663425443,0.01661491071562779,0.008391371146138119,0.008311611163394184,0.0167029823095323,-0.20962899217670275,-1.248450499999997,0 days 00:15:00
15m,DEVELOPMENT,111,CLOSED,BTCUSDT,LONG,2024-03-04 01:15:00+00:00,2024-03-04 01:30:00+00:00,63816.78,63848.688389999996,2024-03-04 02:00:00+00:00,63210.2015061,63178.59640534695,0.00025970328457707796,16.581714090821343,0.16581714090821342,63210.2015061,65125.6621578,SL,-0.15753042721964716,0.016581714090821344,0.016407689001438176,0.008286713688565575,0.008207948474955977,0.01649466216352155,-0.20701449247542825,-1.2484504999999924,0 days 00:30:00
15m,DEVELOPMENT,112,CLOSED,BTCUSDT,LONG,2024-03-04 02:15:00+00:00,2024-03-04 02:30:00+00:00,63540.56,63572.330279999995,2024-03-04 08:00:00+00:00,64843.7768856,64811.3549971572,0.0002575791438493532,16.37490640603071,0.16374906406030712,62936.6069772,64843.7768856,TP,0.3356814896428682,0.01637490640603071,0.01669405333188425,0.008183361522253456,0.00835120226707498,0.016534563789328438,0.2860779661156248,1.7470510000000072,0 days 05:30:00
15m,DEVELOPMENT,113,CLOSED,BTCUSDT,LONG,2024-03-04 08:00:00+00:00,2024-03-04 08:15:00+00:00,64793.99,64826.38699499999,2024-03-04 14:30:00+00:00,66122.9147349,66089.85327753256,0.0002570048918699945,16.66069857997239,0.1666069857997239,64178.12312504999,66122.9147349,TP,0.3415401577963355,0.01666069857997239,0.01698541559529606,0.008326186196886598,0.008496956275783167,0.016823142472669764,0.29107090114839734,1.7470510000000232,0 days 06:15:00
15m,DEVELOPMENT,114,CLOSED,BTCUSDT,LONG,2024-03-04 14:30:00+00:00,2024-03-04 14:45:00+00:00,66124.99,66158.052495,2024-03-04 17:30:00+00:00,67481.21354489999,67447.47293812754,0.000256226990694457,16.95147870099976,0.16951478700999761,65496.47197005,67481.21354489999,TP,0.34750107761869203,0.01695147870099976,0.017281863020882245,0.008471503598698233,0.008645254137510244,0.01711675773620848,0.29615097816060154,1.7470509999999895,0 days 02:45:00
15m,DEVELOPMENT,115,CLOSED,BTCUSDT,LONG,2024-03-04 18:45:00+00:00,2024-03-04 19:00:00+00:00,66617.57,66650.87878500001,2024-03-04 23:00:00+00:00,67983.8963607,67949.90441251965,0.0002587712891179297,17.247333824037327,0.17247333824037328,65984.36999715,67983.8963607,TP,0.3535660337141477,0.017247333824037328,0.017583484360267812,0.00861935723340224,0.00879614025025949,0.01741549748366173,0.30131971804618085,1.747050999999991,0 days 04:00:00
15m,DEVELOPMENT,116,CLOSED,BTCUSDT,LONG,2024-03-04 23:00:00+00:00,2024-03-04 23:15:00+00:00,68368.02,68402.20401,2024-03-04 23:30:00+00:00,67718.1819699,67684.32287891506,0.0002565465949140863,17.548352523384157,0.17548352523384156,67718.1819699,69770.24809020001,SL,-0.16671373386783245,0.01754835252338416,0.017364182563651246,0.00876979136600836,0.008686434499073744,0.017456225865082102,-0.21908249481994993,-1.2484504999999875,0 days 00:15:00
15m,DEVELOPMENT,117,CLOSED,BTCUSDT,LONG,2024-03-04 23:45:00+00:00,2024-03-05 00:00:00+00:00,68245.71,68279.832855,2024-03-05 03:00:00+00:00,67597.03452645,67563.23600918679,0.0002538009858488749,17.3294888921954,0.173294888921954,67597.03452645,69645.4295121,SL,-0.16463447468297576,0.0173294888921954,0.017147615906271813,0.008660414238976729,0.008578097001634932,0.01723851124061166,-0.21635009072205463,-1.248450499999981,0 days 03:00:00
15m,DEVELOPMENT,118,CLOSED,BTCUSDT,LONG,2024-03-05 03:30:00+00:00,2024-03-05 03:45:00+00:00,68179.25,68213.339625,2024-03-05 04:45:00+00:00,67531.20622874999,67497.44062563562,0.0002508798869768006,17.113354935430113,0.17113354935430114,67531.20622874999,69577.60641749999,SL,-0.162581148087223,0.017113354935430113,0.016933750275382773,0.008552401267079823,0.008471110693036805,0.01702351196011663,-0.21365176525815252,-1.2484505000000035,0 days 01:00:00
15m,DEVELOPMENT,119,CLOSED,BTCUSDT,LONG,2024-03-05 14:30:00+00:00,2024-03-05 14:45:00+00:00,68360.96,68395.14048,2024-03-05 15:00:00+00:00,67711.1890752,67677.3334806624,0.00024709235904619195,16.8999166084989,0.168999166084989,67711.1890752,69763.0432896,SL,-0.16055343064845848,0.016899916608498898,0.016722551983692702,0.008445735436530056,0.008365458721206767,0.016811194157736825,-0.21098709339838692,-1.2484504999999964,0 days 00:15:00
15m,DEVELOPMENT,120,CLOSED,BTCUSDT,LONG,2024-03-06 05:45:00+00:00,2024-03-06 06:00:00+00:00,66406.8,66440.0034,2024-03-06 06:15:00+00:00,65775.603366,65742.715564317,0.00025119114144141647,16.68914029141759,0.1668914029141759,65775.603366,67768.803468,SL,-0.1585510029684418,0.01668914029141759,0.016513987764059164,0.008340399945735552,0.008261124444251342,0.016601524389986896,-0.20835565541390544,-1.2484505000000066,0 days 00:15:00
15m,DEVELOPMENT,121,CLOSED,BTCUSDT,LONG,2024-03-06 07:00:00+00:00,2024-03-06 07:15:00+00:00,66174.4,66207.48719999999,2024-03-06 08:15:00+00:00,67531.63694399998,67497.87112552799,0.00024892944107251353,16.480992783511592,0.16480992783511592,65545.41232799999,67531.63694399998,TP,0.33785623387288366,0.016480992783511592,0.01680220733286223,0.008236378202653096,0.008405306319588728,0.016641684522241823,0.287931349234268,1.7470510000000055,0 days 01:00:00
15m,DEVELOPMENT,122,CLOSED,BTCUSDT,LONG,2024-03-06 09:00:00+00:00,2024-03-06 09:15:00+00:00,67072.75,67106.286375,2024-03-06 09:45:00+00:00,66435.22351124999,66402.00589949437,0.0002498817531838176,16.76863648904033,0.16768636489040328,66435.22351124999,68448.41210249999,SL,-0.15930623670997557,0.01676863648904033,0.01659264964908785,0.008380128180428962,0.00830047506207441,0.016680603242503374,-0.20934812609060713,-1.2484505000000041,0 days 00:30:00
15m,DEVELOPMENT,123,CLOSED,BTCUSDT,LONG,2024-03-06 11:45:00+00:00,2024-03-06 12:00:00+00:00,67301.31,67334.96065499999,2024-03-06 12:30:00+00:00,66661.61104844998,66628.28024292576,0.000245927187613307,16.55949750193683,0.1655949750193683,66661.61104844998,68681.65986809999,SL,-0.15731936407387687,0.01655949750193683,0.016385705575654,0.008275610945493297,0.008196951263458301,0.0164725622089516,-0.2067371293604193,-1.2484505000000088,0 days 00:30:00
15m,DEVELOPMENT,124,CLOSED,BTCUSDT,LONG,2024-03-06 14:00:00+00:00,2024-03-06 14:15:00+00:00,66853.69,66887.116845,2024-03-06 14:45:00+00:00,66218.24567655,66185.13655371172,0.0002444860486522466,16.352966903175172,0.16352966903175173,66218.24567655,68224.8591819,SL,-0.15535727177879227,0.016352966903175174,0.01618134251552635,0.008172397252959762,0.00809471861707098,0.01626711587003074,-0.20415869706752454,-1.2484504999999975,0 days 00:30:00
15m,DEVELOPMENT,125,CLOSED,BTCUSDT,LONG,2024-03-06 15:30:00+00:00,2024-03-06 15:45:00+00:00,66499.01,66532.259505,2024-03-06 23:00:00+00:00,65866.93690994999,65834.00344149502,0.0002427245411624169,16.149012160849974,0.16149012160849974,65866.93690994999,67862.90469509999,SL,-0.15341965076349864,0.016149012160849973,0.01597952827822185,0.00807047084500243,0.007993761019619168,0.0160642318646216,-0.20161242306719207,-1.2484504999999986,0 days 07:15:00
15m,DEVELOPMENT,126,CLOSED,BTCUSDT,LONG,2024-03-07 10:15:00+00:00,2024-03-07 10:30:00+00:00,66881.11,66914.550555,2024-03-08 14:30:00+00:00,68252.84156609999,68218.71514531695,0.00023832785270950607,15.947601148794837,0.15947601148794838,66245.40504945,68252.84156609999,TP,0.3269218386424581,0.015947601148794836,0.01625841989518485,0.00796981566656265,0.00813327658588276,0.01610309225244541,0.27861272534603304,1.7470510000000083,1 days 04:00:00
15m,DEVELOPMENT,127,CLOSED,BTCUSDT,LONG,2024-03-08 14:30:00+00:00,2024-03-08 14:45:00+00:00,68347.59,68381.76379499999,2024-03-08 15:30:00+00:00,67697.94615704998,67664.09718397146,0.00023728454253378503,16.225935539749916,0.16225935539749917,67697.94615704998,69749.39907089999,SL,-0.15415044208428372,0.016225935539749915,0.01605564434626024,0.0081089133132172,0.008031838092175557,0.016140751405392756,-0.20257277337568663,-1.2484505000000068,0 days 00:45:00
15m,DEVELOPMENT,128,CLOSED,BTCUSDT,LONG,2024-03-08 16:45:00+00:00,2024-03-08 17:00:00+00:00,67810.59,67844.49529499999,2024-03-08 20:00:00+00:00,69201.38520089998,69166.78450829953,0.00023618076996672878,16.023565136777204,0.16023565136777204,67166.05034204999,69201.38520089998,TP,0.3284790814145898,0.016023565136777204,0.016335864421292992,0.008007778679046614,0.008172018219755994,0.01617979689880261,0.279939854957717,1.7470509999999968,0 days 03:00:00
15m,DEVELOPMENT,129,CLOSED,BTCUSDT,LONG,2024-03-08 20:00:00+00:00,2024-03-08 20:15:00+00:00,69068.48,69103.01423999999,2024-03-08 21:45:00+00:00,68411.98409759998,68377.77810555119,0.00023592639931621255,16.30322533154016,0.16303225331540158,68411.98409759998,70485.07452479999,SL,-0.1548847144190827,0.016303225331540157,0.016132122981685645,0.008147538896320408,0.008070096539111307,0.016217635435431713,-0.20353769816774023,-1.2484505000000028,0 days 01:30:00
15m,DEVELOPMENT,130,CLOSED,BTCUSDT,LONG,2024-03-09 02:30:00+00:00,2024-03-09 02:45:00+00:00,68168.23,68202.31411499999,2024-03-10 04:15:00+00:00,69566.36039729998,69531.57721710134,0.000236060772668054,16.099890967736222,0.16099890967736222,67520.29097384999,69566.36039729998,TP,0.33004374187732866,0.016099890967736223,0.016413677842697403,0.008045922522604582,0.008210944393544703,0.016256866916149283,0.2812733061507457,1.7470510000000021,1 days 01:30:00
15m,DEVELOPMENT,131,CLOSED,BTCUSDT,LONG,2024-03-10 06:00:00+00:00,2024-03-10 06:15:00+00:00,69370.01,69404.69500499999,2024-03-10 14:30:00+00:00,68710.64805494998,68676.2927309225,0.0002360198150916597,16.380883281573137,0.1638088328157314,68710.64805494998,70792.7889051,SL,-0.15562248434918088,0.01638088328157314,0.016208965911533025,0.008186348466551426,0.008108537224379356,0.01629488569093078,-0.20450721923321785,-1.2484505000000097,0 days 08:15:00
15m,DEVELOPMENT,132,CLOSED,BTCUSDT,LONG,2024-03-10 16:15:00+00:00,2024-03-10 16:30:00+00:00,69620.0,69654.81,2024-03-10 22:00:00+00:00,68958.2619,68923.78276905,0.00023223924328063253,16.176580365256235,0.16176580365256235,68958.2619,71047.9062,SL,-0.15368155559396407,0.016176580365256234,0.016006807154322872,0.008084248058598278,0.00800740728080176,0.01609165533940004,-0.20195659845294323,-1.2484504999999997,0 days 05:30:00
15m,DEVELOPMENT,133,CLOSED,BTCUSDT,LONG,2024-03-11 07:00:00+00:00,2024-03-11 07:15:00+00:00,70447.12,70482.34356,2024-03-11 11:30:00+00:00,71891.9904312,71856.0444359844,0.00022665003339521339,15.974825521646903,0.15974825521646904,69777.52012439999,71891.9904312,TP,0.3274799314832374,0.015974825521646904,0.0162861748710638,0.007983421050297972,0.008147161016040608,0.016130582066338578,0.27908834902418805,1.7470510000000037,0 days 04:15:00
15m,DEVELOPMENT,134,CLOSED,BTCUSDT,LONG,2024-03-11 11:30:00+00:00,2024-03-11 11:45:00+00:00,72042.0,72078.021,2024-03-11 11:45:00+00:00,71357.24079,71321.562169605,0.0002255005733458138,16.253635061131607,0.16253635061131608,71357.24079,73519.58141999999,SL,-0.15441359445882738,0.01625363506113161,0.01608305316116503,0.008122756152488062,0.008045549355260875,0.016168305507748938,-0.20291858818887298,-1.2484505000000008,0 days 00:00:00
15m,DEVELOPMENT,135,CLOSED,BTCUSDT,LONG,2024-03-11 12:15:00+00:00,2024-03-11 12:30:00+00:00,71938.02,71973.98901,2024-03-12 15:00:00+00:00,71254.2491199,71218.62199534006,0.00022300999860637086,16.05091918881505,0.16050919188815052,71254.2491199,73413.4687902,SL,-0.15248774301817733,0.01605091918881505,0.015882464791928442,0.008021448869972697,0.00794520499846326,0.01596665386843596,-0.20038778086735679,-1.2484504999999957,1 days 02:30:00
15m,DEVELOPMENT,136,CLOSED,BTCUSDT,LONG,2024-03-12 15:15:00+00:00,2024-03-12 15:30:00+00:00,72040.0,72076.01999999999,2024-03-12 16:00:00+00:00,71355.25979999999,71319.5821701,0.00021991685439263952,15.850731595540973,0.15850731595540973,71355.25979999999,73517.54039999998,SL,-0.1505859108601901,0.015850731595540974,0.01568437816744577,0.007921405095220572,0.007846112139790645,0.015767517235011217,-0.19788853785818808,-1.2484504999999926,0 days 00:30:00
15m,DEVELOPMENT,137,CLOSED,BTCUSDT,LONG,2024-03-13 01:30:00+00:00,2024-03-13 01:45:00+00:00,71854.52,71890.44726,2024-03-13 08:15:00+00:00,73328.2562052,73291.5920770974,0.0002177346413205469,15.653040748529794,0.15653040748529795,71171.5427874,73328.2562052,TP,0.3208834240403249,0.015653040748529794,0.015958118512718642,0.007822609069729324,0.007983050781749103,0.01580565985147843,0.273466604927598,1.7470510000000046,0 days 06:30:00
15m,DEVELOPMENT,138,CLOSED,BTCUSDT,LONG,2024-03-13 08:15:00+00:00,2024-03-13 08:30:00+00:00,73487.72,73524.46386,2024-03-13 12:30:00+00:00,72789.21922140001,72752.82461178931,0.00021661136068086762,15.926234160045878,0.1592623416004588,72789.21922140001,74994.9531372,SL,-0.15130320408918962,0.015926234160045877,0.015759088332536197,0.007959137511267806,0.007883485909221761,0.015842623420489567,-0.19883115000226126,-1.2484504999999855,0 days 04:00:00
15m,DEVELOPMENT,139,CLOSED,BTCUSDT,LONG,2024-03-13 16:15:00+00:00,2024-03-13 16:30:00+00:00,72721.11,72757.47055499999,2024-03-14 13:30:00+00:00,72029.89584945,71993.88090152528,0.00021616476662244657,15.727601642561101,0.157276016425611,72029.89584945,74212.6199661,SL,-0.14941614553977425,0.015727601642561102,0.015562540463322425,0.007859870885835908,0.007785162813066516,0.015645033698902425,-0.1963513213445602,-1.2484504999999868,0 days 21:00:00
15m,DEVELOPMENT,140,CLOSED,BTCUSDT,LONG,2024-03-15 18:45:00+00:00,2024-03-15 19:00:00+00:00,70234.0,70269.117,2024-03-15 19:30:00+00:00,69566.42583,69531.642617085,0.00022102805812093413,15.53144647638272,0.1553144647638272,69566.42583,71674.49934,SL,-0.14755262244679593,0.01553144647638272,0.015368443945613085,0.007761842317032483,0.007688066005807268,0.015449908322839752,-0.1939024211916315,-1.248450499999994,0 days 00:30:00
15m,DEVELOPMENT,141,CLOSED,BTCUSDT,LONG,2024-03-15 22:45:00+00:00,2024-03-15 23:00:00+00:00,69104.3,69138.85215,2024-03-16 10:15:00+00:00,68447.4636285,68413.23989668576,0.0002218396355587105,15.337737763903569,0.1533773776390357,68447.4636285,70521.629193,SL,-0.14571234127526608,0.01533773776390357,0.015176768206071401,0.007665036363770601,0.007592180193130794,0.015257216556901395,-0.19148406380214245,-1.2484504999999968,0 days 11:15:00
15m,DEVELOPMENT,142,CLOSED,BTCUSDT,LONG,2024-03-17 11:00:00+00:00,2024-03-17 11:15:00+00:00,67419.81,67453.519905,2024-03-17 12:30:00+00:00,66778.98470594999,66745.59521359701,0.00022454639897524057,15.14644499287246,0.1514644499287246,66778.98470594999,68802.59030309999,SL,-0.14389501215117934,0.015146444992872462,0.014987483052672262,0.007569437777546574,0.007497490271471491,0.015066928049018064,-0.18909586824574212,-1.2484505000000061,0 days 01:15:00
15m,DEVELOPMENT,143,CLOSED,BTCUSDT,LONG,2024-03-17 13:00:00+00:00,2024-03-17 13:15:00+00:00,67059.99,67093.519995,2024-03-17 17:45:00+00:00,68435.3903949,68401.17269970255,0.00022293565805911933,14.957538031588005,0.14957538031588005,66422.58479504999,68435.3903949,TP,0.30662579213180163,0.014957538031588004,0.015249060447823658,0.007475031500041722,0.0076283443961075986,0.01510337589614932,0.26131581775624063,1.747051000000014,0 days 04:30:00
15m,DEVELOPMENT,144,CLOSED,BTCUSDT,LONG,2024-03-17 17:45:00+00:00,2024-03-17 18:00:00+00:00,68550.22,68584.49511,2024-03-18 00:00:00+00:00,67898.6501589,67864.70083382055,0.0002218955285764333,15.218592794581255,0.15218592794581257,67898.6501589,69956.1850122,SL,-0.14458043429534823,0.015218592794581256,0.015058873663202126,0.007605493650465908,0.007533203433317186,0.015138697083783095,-0.18999659783691472,-1.248450500000007,0 days 06:00:00
15m,DEVELOPMENT,145,CLOSED,BTCUSDT,LONG,2024-03-18 04:15:00+00:00,2024-03-18 04:30:00+00:00,68000.0,68034.0,2024-03-18 08:15:00+00:00,67353.66,67319.98317,0.0002209011083213597,15.028786003535387,0.15028786003535388,67353.66,69394.68000000001,SL,-0.14277722235242687,0.015028786003535388,0.014871058894428284,0.00751063768292623,0.007439249071749287,0.014949886754675517,-0.18762695400506604,-1.24845049999999,0 days 03:45:00
15m,DEVELOPMENT,146,CLOSED,BTCUSDT,LONG,2024-03-18 11:15:00+00:00,2024-03-18 11:30:00+00:00,68400.01,68434.21000499999,2024-03-18 13:30:00+00:00,67749.86790494999,67715.99297099753,0.0002168702829763135,14.841346489044811,0.14841346489044813,67749.86790494999,69802.89420509999,SL,-0.14099650012830753,0.014841346489044812,0.014685586557642289,0.007416964762139495,0.007346466512075156,0.014763431274214651,-0.18528686444920928,-1.2484504999999788,0 days 02:00:00
15m,DEVELOPMENT,147,CLOSED,BTCUSDT,LONG,2024-03-19 00:00:00+00:00,2024-03-19 00:15:00+00:00,67888.41,67922.354205,2024-03-19 00:45:00+00:00,67243.13066294999,67209.50909761852,0.00021577939837190443,14.656244726358292,0.14656244726358292,67243.13066294999,69280.8012891,SL,-0.13923798713047356,0.014656244726358292,0.014502427437955162,0.007324460133110973,0.0072548411395467255,0.014579301272657698,-0.1829759605674447,-1.2484505000000066,0 days 00:30:00
15m,DEVELOPMENT,148,CLOSED,BTCUSDT,LONG,2024-03-19 18:30:00+00:00,2024-03-19 18:45:00+00:00,64884.66,64917.10233,2024-03-19 20:00:00+00:00,64267.931306700004,64235.79734104666,0.00022295282813739614,14.47345155895825,0.1447345155895825,64267.931306700004,66215.4443766,SL,-0.1375014063647157,0.01447345155895825,0.014321552684846984,0.007233109224866254,0.007164358521683333,0.014397467746549587,-0.1806938783550705,-1.2484504999999892,0 days 01:15:00
15m,DEVELOPMENT,149,CLOSED,BTCUSDT,LONG,2024-03-20 11:00:00+00:00,2024-03-20 11:15:00+00:00,63143.93,63175.501964999996,2024-03-20 16:15:00+00:00,62543.746945349994,62512.47507187732,0.00022624178280192586,14.292938193968169,0.1429293819396817,62543.746945349994,64439.0120043,SL,-0.13578648429152304,0.01429293819396817,0.014142933807622474,0.0071428976481589974,0.007075004406013832,0.01421790205417283,-0.17844025834728652,-1.2484504999999997,0 days 05:00:00
15m,DEVELOPMENT,150,CLOSED,BTCUSDT,LONG,2024-03-20 18:00:00+00:00,2024-03-20 18:15:00+00:00,64779.87,64812.259935,2024-03-20 18:15:00+00:00,64164.137335650004,64132.055266982185,0.00021777787430607722,14.114676197617234,0.14114676197617235,64164.137335650004,66108.5051337,SL,-0.13409295078295994,0.014114676197617235,0.013966542670923243,0.007053811193211846,0.0069867647178194076,0.014040575911031253,-0.17621474556253164,-1.248450499999988,0 days 00:00:00
15m,DEVELOPMENT,151,CLOSED,BTCUSDT,LONG,2024-03-20 18:45:00+00:00,2024-03-20 19:00:00+00:00,65414.93,65447.637465,2024-03-20 20:15:00+00:00,66756.5902143,66723.21191919285,0.00021297388310182543,13.93863749076156,0.1393863749076156,64793.16109035,66756.5902143,TP,0.2857385856426979,0.01393863749076156,0.014210301535456504,0.0069658358274669405,0.007108705120287971,0.014074540947754913,0.24351510566872486,1.7470510000000008,0 days 01:15:00
15m,DEVELOPMENT,152,CLOSED,BTCUSDT,LONG,2024-03-20 20:15:00+00:00,2024-03-20 20:30:00+00:00,66887.99,66921.433995,2024-03-21 05:15:00+00:00,66252.21965505,66219.09354522247,0.00021191879010925028,14.181909324596452,0.14181909324596453,66252.21965505,68259.8626749,SL,-0.13473168228914711,0.014181909324596452,0.014033070186234809,0.0070874109568185815,0.007020045115675906,0.014107456072494487,-0.17705411787247285,-1.2484505000000128,0 days 08:45:00
15m,DEVELOPMENT,153,CLOSED,BTCUSDT,LONG,2024-03-21 07:15:00+00:00,2024-03-21 07:30:00+00:00,67284.0,67317.64199999999,2024-03-21 13:45:00+00:00,66644.46557999999,66611.14334720999,0.00020804400849281995,14.005032083964611,0.1400503208396461,66644.46557999999,68663.99484,SL,-0.13305130430593293,0.014005032083964612,0.013858049272243402,0.006999016533713899,0.0069324908815625395,0.013931507415276437,-0.1748458930774174,-1.2484505000000057,0 days 06:15:00
15m,DEVELOPMENT,154,CLOSED,BTCUSDT,LONG,2024-03-22 05:30:00+00:00,2024-03-22 05:45:00+00:00,66278.0,66311.139,2024-03-22 09:30:00+00:00,65648.02760999999,65615.20359619499,0.0002085676866764278,13.83036086210905,0.1383036086210905,65648.02760999999,67637.36177999999,SL,-0.13139188405232244,0.01383036086210905,0.013685211224861216,0.006911724568769218,0.006846028626744465,0.013757753195513683,-0.1726652093348064,-1.248450500000012,0 days 03:45:00
15m,DEVELOPMENT,155,CLOSED,BTCUSDT,LONG,2024-03-23 05:30:00+00:00,2024-03-23 05:45:00+00:00,64070.68,64102.715339999995,2024-03-23 14:30:00+00:00,65384.7696468,65352.07726197661,0.00021306224039106152,13.657868145490866,0.13657868145490867,63461.6881866,65384.7696468,TP,0.27998288422190654,0.013657868145490866,0.013924059995646486,0.006825521312088303,0.006965512754198805,0.013791034066287108,0.2386099220144821,1.747051000000018,0 days 08:45:00
15m,DEVELOPMENT,156,CLOSED,BTCUSDT,LONG,2024-03-23 14:30:00+00:00,2024-03-23 14:45:00+00:00,65078.17,65110.709084999995,2024-03-23 23:15:00+00:00,64459.60199415,64427.37219315293,0.00021342479434241423,13.896239695954886,0.13896239695954887,64459.60199415,66412.92326669999,SL,-0.13201774943533356,0.013896239695954887,0.013750398660345841,0.006944647524214632,0.006878638649496411,0.013823286173711043,-0.17348767396534534,-1.2484504999999861,0 days 08:30:00
15m,DEVELOPMENT,157,CLOSED,BTCUSDT,LONG,2024-03-24 08:45:00+00:00,2024-03-24 09:00:00+00:00,65244.0,65276.621999999996,2024-03-24 17:00:00+00:00,64623.85578,64591.54385211,0.00021022725925292442,13.72292533634915,0.1372292533634915,64623.85578,66582.15444,SL,-0.130371219712143,0.01372292533634915,0.013578903234944166,0.006858033651348007,0.006792848041492326,0.013650881692840334,-0.17132392997627666,-1.2484504999999928,0 days 08:00:00
15m,DEVELOPMENT,158,CLOSED,BTCUSDT,LONG,2024-03-24 18:00:00+00:00,2024-03-24 18:15:00+00:00,65580.0,65612.79,2024-03-24 22:00:00+00:00,66925.04579999999,66891.5832771,0.00020654162944679037,13.551772559150072,0.13551772559150072,64956.662099999994,66925.04579999999,TP,0.2778079512125602,0.013551772559150072,0.013815896606327907,0.006772500029558934,0.0069114040051652835,0.013683904034724217,0.23675637801235797,1.7470510000000077,0 days 03:45:00
15m,DEVELOPMENT,159,CLOSED,BTCUSDT,LONG,2024-03-24 22:00:00+00:00,2024-03-24 22:15:00+00:00,66841.26,66874.68062999999,2024-03-25 14:00:00+00:00,68212.17424259998,68178.06815547869,0.00020618105817344043,13.788292417304277,0.13788292417304276,66205.93382369999,68212.17424259998,TP,0.28265654920430633,0.013788292417304277,0.014057026236517537,0.0068907008582216375,0.007032029132824689,0.013922729991046327,0.2408885005594382,1.7470509999999975,0 days 15:45:00
15m,DEVELOPMENT,160,CLOSED,BTCUSDT,LONG,2024-03-25 14:00:00+00:00,2024-03-25 14:15:00+00:00,68582.57,68616.861285,2024-03-25 15:45:00+00:00,69989.19851070001,69954.20391144467,0.00020445324964285137,14.02894027001101,0.1402894027001101,67930.69267215,69989.19851070001,TP,0.2875897700528994,0.01402894027001101,0.014302364315873525,0.007010964652679029,0.007154759537703629,0.014165724190382659,0.2450927412766322,1.7470510000000155,0 days 01:30:00
15m,DEVELOPMENT,161,CLOSED,BTCUSDT,LONG,2024-03-25 16:30:00+00:00,2024-03-25 16:45:00+00:00,70062.85,70097.881425,2024-03-26 07:15:00+00:00,71499.8390535,71464.08913397326,0.0002036265272676785,14.273788163394258,0.14273788163394258,69396.90261075,71499.8390535,TP,0.29260909068587354,0.014273788163394257,0.014551984294698814,0.007133327417986864,0.007279631963329978,0.014412959381316842,0.24937035884646366,1.7470510000000186,0 days 14:30:00
15m,DEVELOPMENT,162,CLOSED,BTCUSDT,LONG,2024-03-26 07:15:00+00:00,2024-03-26 07:30:00+00:00,71485.24,71520.98262,2024-03-26 07:45:00+00:00,70805.77279379999,70770.36990740309,0.00020305802393914477,14.522909401003115,0.14522909401003115,70805.77279379999,72951.4022724,SL,-0.13797126822242692,0.014522909401003115,0.014370491466839587,0.007257825787605721,0.007188840153496482,0.014446665941102204,-0.1813113350313718,-1.24845050000001,0 days 00:15:00
15m,DEVELOPMENT,163,CLOSED,BTCUSDT,LONG,2024-03-26 09:15:00+00:00,2024-03-26 09:30:00+00:00,71029.99,71065.504995,2024-03-26 13:30:00+00:00,70354.84994505,70319.67252007747,0.0002018106984138877,14.341779196176574,0.14341779196176574,70354.84994505,72486.8150949,SL,-0.1362504860166521,0.014341779196176574,0.014191262223512701,0.007167305945113802,0.007099180702107941,0.014266486647221743,-0.1790500140835631,-1.2484505000000048,0 days 04:00:00
15m,DEVELOPMENT,164,CLOSED,BTCUSDT,LONG,2024-03-27 02:15:00+00:00,2024-03-27 02:30:00+00:00,70396.71,70431.908355,2024-03-27 07:30:00+00:00,69727.58927145001,69692.72547681429,0.0002010865300120825,14.162908053235952,0.14162908053235954,69727.58927145001,71840.5465221,SL,-0.13455116546327578,0.014162908053235952,0.014014268333217242,0.007077915069083523,0.007010639486350667,0.014088554555434191,-0.17681689640516318,-1.2484504999999906,0 days 05:00:00
15m,DEVELOPMENT,165,CLOSED,BTCUSDT,LONG,2024-03-27 13:00:00+00:00,2024-03-27 13:15:00+00:00,71238.79,71274.409395,2024-03-27 13:30:00+00:00,70561.66530105,70526.38446839948,0.0001962312689197548,13.986267797086942,0.13986267797086943,70561.66530105,72699.8975829,SL,-0.13287303889186394,0.013986267797086942,0.013839481916556517,0.00698963907900427,0.006923202559556718,0.013912841638560988,-0.1746116302440684,-1.248450499999982,0 days 00:15:00
15m,DEVELOPMENT,166,CLOSED,BTCUSDT,LONG,2024-03-28 02:00:00+00:00,2024-03-28 02:15:00+00:00,69568.94,69603.72447,2024-03-28 02:45:00+00:00,68907.6872253,68873.23338168736,0.00019843522324712639,13.811830604035924,0.13811830604035924,68907.6872253,70995.7989594,SL,-0.13121584197037597,0.013811830604035924,0.013666875441846568,0.006902464069982711,0.006836856148996963,0.013739320218979674,-0.17243386823523815,-1.2484504999999901,0 days 00:30:00
15m,DEVELOPMENT,167,CLOSED,BTCUSDT,LONG,2024-03-28 04:30:00+00:00,2024-03-28 04:45:00+00:00,69690.69,69725.535345,2024-03-28 13:15:00+00:00,71120.0460519,71084.48602887406,0.00019561798887479475,13.639568997407316,0.13639568997407317,69028.27999154999,71120.0460519,TP,0.27960775625869516,0.013639568997407316,0.01390540419716679,0.006816376310547263,0.006956180188676607,0.013772556499223869,0.23829022656489718,1.7470510000000197,0 days 08:30:00
15m,DEVELOPMENT,168,CLOSED,BTCUSDT,LONG,2024-03-28 13:15:00+00:00,2024-03-28 13:30:00+00:00,71020.0,71055.51,2024-03-29 03:15:00+00:00,70344.9549,70309.78242255001,0.00019530675625011805,13.877621171797824,0.13877621171797824,70344.9549,72476.62019999999,SL,-0.13184086880353715,0.013877621171797824,0.013731975537599809,0.006935342914440669,0.006869422480037765,0.013804765394478433,-0.1732552309074132,-1.2484504999999813,0 days 13:45:00
15m,DEVELOPMENT,169,CLOSED,BTCUSDT,LONG,2024-03-30 01:15:00+00:00,2024-03-30 01:30:00+00:00,70089.1,70124.14455,2024-04-01 05:45:00+00:00,69422.9031045,69388.19165294776,0.00019543253056395643,13.704539023039173,0.13704539023039172,69422.9031045,71526.627441,SL,-0.13019654514141757,0.013704539023039173,0.013560709885992379,0.006848845088973424,0.006783746816402585,0.01363259190537601,-0.1710943859558251,-1.2484504999999813,2 days 04:15:00
15m,DEVELOPMENT,170,CLOSED,BTCUSDT,LONG,2024-04-01 22:00:00+00:00,2024-04-01 22:15:00+00:00,69721.61,69756.47080499999,2024-04-02 00:30:00+00:00,69058.90609694998,69024.37664390152,0.00019401233182192158,13.533615560545844,0.13533615560545845,69058.90609694998,71151.60022109999,SL,-0.12857272953822232,0.013533615560545845,0.013391580265237915,0.006763426067237235,0.006699139702468833,0.013462565769706069,-0.16896049113371214,-1.2484504999999981,0 days 02:15:00
15m,DEVELOPMENT,171,CLOSED,BTCUSDT,LONG,2024-04-03 06:00:00+00:00,2024-04-03 06:15:00+00:00,66150.19,66183.265095,2024-04-03 18:30:00+00:00,65521.43244404999,65488.67172782797,0.00020193660500018534,13.364823861111567,0.1336482386111157,65521.43244404999,67506.9303969,SL,-0.1269691662167593,0.013364823861111567,0.013224560034689201,0.006679072394357165,0.006615587811249801,0.013294660205606965,-0.16685321031816702,-1.2484505000000026,0 days 12:15:00
15m,DEVELOPMENT,172,CLOSED,BTCUSDT,LONG,2024-04-04 00:00:00+00:00,2024-04-04 00:15:00+00:00,66219.99,66253.099995,2024-04-04 02:30:00+00:00,65590.56899505,65557.77371055247,0.00019920784594703092,13.198137337317194,0.13198137337317195,65590.56899505,67578.1619949,SL,-0.1253856025899071,0.013198137337317194,0.013059622885962052,0.006595770783265294,0.006533077981971517,0.01312884876523681,-0.16477221157842317,-1.2484504999999997,0 days 02:15:00
15m,DEVELOPMENT,173,CLOSED,BTCUSDT,LONG,2024-04-04 09:00:00+00:00,2024-04-04 09:15:00+00:00,66261.16,66294.29058,2024-04-04 14:00:00+00:00,67620.1763916,67586.36630340421,0.00019660108916339728,13.033529733342748,0.13033529733342747,65631.3476742,67620.1763916,TP,0.2671841027794704,0.013033529733342748,0.0132875532278456,0.006513508112614532,0.0066471001640036964,0.013160608276618229,0.22770241154166387,1.747051000000016,0 days 04:45:00
15m,DEVELOPMENT,174,CLOSED,BTCUSDT,LONG,2024-04-04 14:00:00+00:00,2024-04-04 14:15:00+00:00,67588.46,67622.25423,2024-04-04 18:00:00+00:00,68974.6993146,68940.2119649427,0.00019610414974993075,13.261004669947809,0.1326100466994781,66946.0316877,68974.6993146,TP,0.27184728213955894,0.013261004669947809,0.01351946165096509,0.006627188740603507,0.006763112381673026,0.013390301122276533,0.23167651469636952,1.747050999999997,0 days 03:45:00
15m,DEVELOPMENT,175,CLOSED,BTCUSDT,LONG,2024-04-04 18:00:00+00:00,2024-04-04 18:15:00+00:00,68899.67,68934.11983499999,2024-04-04 20:00:00+00:00,68244.77863665,68210.65624733167,0.00019572962956326917,13.492449739574553,0.13492449739574552,68244.77863665,70312.80223169998,SL,-0.1281816439526808,0.013492449739574553,0.013350846479557721,0.006742853443064211,0.006678762621088352,0.013421616064152563,-0.16844655623596566,-1.2484504999999886,0 days 01:45:00
15m,DEVELOPMENT,176,CLOSED,BTCUSDT,LONG,2024-04-04 23:00:00+00:00,2024-04-04 23:15:00+00:00,68283.74,68317.88187,2024-04-05 02:30:00+00:00,67634.70305129999,67600.88569977434,0.0001950319754785534,13.324171461616547,0.13324171461616546,67634.70305129999,69684.2395074,SL,-0.12658295826353613,0.013324171461616548,0.01318433428212688,0.006658756352630436,0.00659546487350008,0.013254221226130517,-0.16634568523341006,-1.2484505000000075,0 days 03:15:00
15m,DEVELOPMENT,177,CLOSED,BTCUSDT,LONG,2024-04-05 15:30:00+00:00,2024-04-05 15:45:00+00:00,68029.91,68063.924955,2024-04-05 17:45:00+00:00,67383.28570544999,67349.59406259727,0.00019331814855796497,13.157991955888868,0.13157991955888867,67383.28570544999,69425.2034541,SL,-0.12500421143500862,0.013157991955888867,0.013019898830311816,0.006575708123880843,0.006513206018163706,0.01308891414204455,-0.16427101636325386,-1.2484504999999964,0 days 02:00:00
15m,DEVELOPMENT,178,CLOSED,BTCUSDT,LONG,2024-04-05 20:30:00+00:00,2024-04-05 20:45:00+00:00,67642.4,67676.22119999999,2024-04-06 22:45:00+00:00,69029.74562399999,68995.23075118799,0.00019200074732356767,12.993885046435071,0.12993885046435072,66999.45898799998,69029.74562399999,TP,0.2663713966040802,0.012993885046435071,0.013247135865990092,0.006493695675378161,0.006626881373681237,0.013120577049059398,0.22700979864259568,1.74705100000001,1 days 02:00:00
15m,DEVELOPMENT,179,CLOSED,BTCUSDT,LONG,2024-04-06 22:45:00+00:00,2024-04-06 23:00:00+00:00,69056.0,69090.52799999999,2024-04-08 07:30:00+00:00,70472.33855999999,70437.10239072,0.00019135283004440267,13.220668062062042,0.13220668062062044,68399.62271999998,70472.33855999999,TP,0.271020391757012,0.013220668062062043,0.013478338882591633,0.006607030515771443,0.006742540711649644,0.013349571227421086,0.2309718135849372,1.7470510000000126,1 days 08:30:00
15m,DEVELOPMENT,180,CLOSED,BTCUSDT,LONG,2024-04-08 07:30:00+00:00,2024-04-08 07:45:00+00:00,70650.79,70686.11539499999,2024-04-08 08:45:00+00:00,72099.83770289998,72063.78778404853,0.00019029775592288326,13.451409134574469,0.13451409134574469,69979.25424104999,72099.83770289998,TP,0.2757505260870767,0.013451409134574469,0.013713577098607325,0.006722343395588026,0.00686021865863324,0.013582562054221266,0.23500297779967363,1.7470509999999928,0 days 01:00:00
15m,DEVELOPMENT,181,CLOSED,BTCUSDT,LONG,2024-04-08 08:45:00+00:00,2024-04-08 09:00:00+00:00,71968.0,72003.984,2024-04-08 14:45:00+00:00,71283.94416,71248.30218792001,0.00019007527894796144,13.686177344164552,0.13686177344164552,71283.94416,73444.06367999999,SL,-0.13002210460398225,0.013686177344164552,0.013542540912937547,0.006839668837662825,0.006774657785359458,0.013614326623022283,-0.17086514948410664,-1.2484504999999821,0 days 05:45:00
15m,DEVELOPMENT,182,CLOSED,BTCUSDT,LONG,2024-04-08 18:15:00+00:00,2024-04-08 18:30:00+00:00,71904.0,71939.95199999999,2024-04-09 01:00:00+00:00,71220.55247999998,71184.94220375999,0.00018787172514565312,13.515482889135477,0.13515482889135477,71220.55247999998,73378.75103999999,SL,-0.1284004646289213,0.013515482889135478,0.013373637896214,0.006754364262434684,0.006690164030121478,0.013444528292556162,-0.16873411370682695,-1.2484505000000048,0 days 06:30:00
15m,DEVELOPMENT,183,CLOSED,BTCUSDT,LONG,2024-04-10 19:15:00+00:00,2024-04-10 19:30:00+00:00,69519.85,69554.609925,2024-04-10 22:15:00+00:00,70945.7021235,70910.22927243826,0.00019189119679297536,13.34691734097681,0.1334691734097681,68859.06382575,70945.7021235,TP,0.27360847042821906,0.01334691734097681,0.013607048759952452,0.006670123608682375,0.006806927843896716,0.013477051452579093,0.2331774528747107,1.7470510000000143,0 days 02:45:00
15m,DEVELOPMENT,184,CLOSED,BTCUSDT,LONG,2024-04-10 22:15:00+00:00,2024-04-10 22:30:00+00:00,70917.3,70952.75865,2024-04-11 11:30:00+00:00,70243.2310635,70208.10944796825,0.00019139300723077887,13.579861849343159,0.13579861849343158,70243.2310635,72371.813823,SL,-0.1290120808375879,0.013579861849343159,0.013437341199234303,0.0067865376558437504,0.0067220316154253355,0.013508569271269085,-0.16953785315743444,-1.248450500000004,0 days 13:00:00
15m,DEVELOPMENT,185,CLOSED,BTCUSDT,LONG,2024-04-11 12:30:00+00:00,2024-04-11 12:45:00+00:00,70824.01,70859.42200499999,2024-04-11 13:30:00+00:00,70150.82778494999,70115.75237105752,0.0001892549076074051,13.410493364670401,0.134104933646704,70150.82778494999,72276.61044509998,SL,-0.12740303791223764,0.013410493364670402,0.013269750236808188,0.006701895734466272,0.006638194215510453,0.013340089949976725,-0.16742337146369296,-1.248450499999989,0 days 00:45:00
15m,DEVELOPMENT,186,CLOSED,BTCUSDT,LONG,2024-04-11 20:15:00+00:00,2024-04-11 20:30:00+00:00,70678.52,70713.85926,2024-04-11 21:45:00+00:00,70006.72066739999,69971.7173070663,0.00018727923193428685,13.243237249322057,0.13243237249322057,70006.72066739999,72128.1364452,SL,-0.12581406302329717,0.013243237249322058,0.013104249474390421,0.006618309469924825,0.006555402438412995,0.01317371190833782,-0.16533526165534745,-1.2484505,0 days 01:15:00
15m,DEVELOPMENT,187,CLOSED,BTCUSDT,LONG,2024-04-12 02:15:00+00:00,2024-04-12 02:30:00+00:00,70714.14,70749.49707,2024-04-12 13:00:00+00:00,70042.00209929999,70006.98109825034,0.00018485031978133715,13.078067157758275,0.13078067157758275,70042.00209929999,72164.4870114,SL,-0.1242449058815529,0.013078067157758276,0.0129408128429376,0.00653576569603079,0.006473643243090737,0.013009408939121527,-0.16327319482137032,-1.2484505000000103,0 days 10:30:00
15m,DEVELOPMENT,188,CLOSED,BTCUSDT,LONG,2024-04-13 14:00:00+00:00,2024-04-13 14:15:00+00:00,67658.49,67692.319245,2024-04-13 17:15:00+00:00,67015.39605255,66981.88835452373,0.00019078910601774937,12.914957073021641,0.1291495707302164,67015.39605255,69046.1656299,SL,-0.12269531931941187,0.012914957073021642,0.01277941459854028,0.006454251410805572,0.0063929037511442745,0.012847155161949847,-0.16123684615292366,-1.248450499999997,0 days 03:00:00
15m,DEVELOPMENT,189,CLOSED,BTCUSDT,LONG,2024-04-14 23:15:00+00:00,2024-04-14 23:30:00+00:00,65532.01,65564.77600499999,2024-04-15 04:00:00+00:00,64909.12824494999,64876.673680827524,0.00019452337184323615,12.753881302639101,0.127538813026391,64909.12824494999,66876.0715251,SL,-0.1211650592519606,0.012753881302639101,0.012620029318367905,0.006373753774430468,0.006313171244805107,0.012686925019235575,-0.15922589489220318,-1.2484504999999908,0 days 04:30:00
15m,DEVELOPMENT,190,CLOSED,BTCUSDT,LONG,2024-04-15 05:30:00+00:00,2024-04-15 05:45:00+00:00,65252.8,65285.4264,2024-04-15 09:15:00+00:00,66591.134928,66557.839360536,0.0001929192343388748,12.594814474574964,0.12594814474574964,64632.572135999995,66591.134928,TP,0.2581905495987325,0.012594814474574964,0.01284028740868443,0.006294260107232656,0.006423355382032483,0.01271761548926514,0.22003783222620793,1.7470510000000101,0 days 03:30:00
15m,DEVELOPMENT,191,CLOSED,BTCUSDT,LONG,2024-04-15 09:15:00+00:00,2024-04-15 09:30:00+00:00,66644.5,66677.82225,2024-04-15 11:30:00+00:00,66011.0440275,65978.03850548626,0.00019218732790552348,12.814632488786959,0.1281463248878696,66011.0440275,68011.37869499999,SL,-0.12174221070056974,0.01281463248878696,0.012680142920817141,0.006404114187299337,0.006343243081948345,0.012747357269247682,-0.15998434337942152,-1.2484504999999866,0 days 02:00:00
15m,DEVELOPMENT,192,CLOSED,BTCUSDT,LONG,2024-04-16 21:00:00+00:00,2024-04-16 21:15:00+00:00,63263.62,63295.25181,2024-04-17 11:45:00+00:00,62662.2992919,62630.96814225405,0.0001999329745604562,12.6548079699264,0.12654807969926402,62662.2992919,64561.1568462,SL,-0.12022383783523281,0.0126548079699264,0.012521995760282022,0.006324241864030974,0.0062641299451135805,0.012588371809144554,-0.1579890133745858,-1.2484504999999984,0 days 14:30:00
15m,DEVELOPMENT,193,CLOSED,BTCUSDT,LONG,2024-04-18 11:00:00+00:00,2024-04-18 11:15:00+00:00,62405.48,62436.68274,2024-04-18 12:30:00+00:00,61812.315912599995,61781.4097546437,0.00020015440025496152,12.496976787734006,0.12496976787734006,61812.315912599995,63685.4163948,SL,-0.11872440216633012,0.012496976787734006,0.012365821016346737,0.006245365711010168,0.006186003509928045,0.012431369220938213,-0.15601856919134907,-1.2484504999999995,0 days 01:15:00
15m,DEVELOPMENT,194,CLOSED,BTCUSDT,LONG,2024-04-18 13:15:00+00:00,2024-04-18 13:30:00+00:00,62420.73,62451.940365,2024-04-18 14:15:00+00:00,63700.9791723,63669.128682713854,0.00019760977816095983,12.341114081249144,0.12341114081249144,61827.42096135,63700.9791723,TP,0.25298975492895515,0.012341114081249143,0.01258164239469269,0.006167473303972388,0.006293968181436646,0.012461441485409033,0.21560555696760428,1.7470510000000024,0 days 00:45:00
15m,DEVELOPMENT,195,CLOSED,BTCUSDT,LONG,2024-04-18 14:15:00+00:00,2024-04-18 14:30:00+00:00,63681.31,63713.150655,2024-04-18 17:45:00+00:00,63076.019148449996,63044.48113887577,0.00019707868970476907,12.556504248049949,0.1255650424804995,63076.019148449996,64987.4136681,SL,-0.11928992791375831,0.01255650424804995,0.012424723735966666,0.006275114566741598,0.006215469602784151,0.01249058416952575,-0.15676174006730068,-1.2484504999999988,0 days 03:15:00
15m,DEVELOPMENT,196,CLOSED,BTCUSDT,LONG,2024-04-18 22:30:00+00:00,2024-04-18 22:45:00+00:00,63536.0,63567.768,2024-04-19 00:00:00+00:00,62932.090319999996,62900.624274839996,0.00019506582507533666,12.399899113117582,0.12399899113117582,62932.090319999996,64839.12336,SL,-0.11780214000018338,0.012399899113117582,0.012269762171925413,0.006196851130992591,0.006137950060993075,0.012334801191985666,-0.15480660247721204,-1.2484505000000001,0 days 01:15:00
15m,DEVELOPMENT,197,CLOSED,BTCUSDT,LONG,2024-04-19 10:45:00+00:00,2024-04-19 11:00:00+00:00,64777.7,64810.08884999999,2024-04-19 14:15:00+00:00,64161.987961499995,64129.90696751925,0.00018894044707965093,12.245247162590898,0.12245247162590898,64161.987961499995,66106.290627,SL,-0.11633290782651357,0.012245247162590898,0.01211673329361951,0.006119563799394945,0.00606139734548138,0.012180961144876325,-0.1528758494276003,-1.248450499999987,0 days 03:15:00
15m,DEVELOPMENT,198,CLOSED,BTCUSDT,LONG,2024-04-19 17:30:00+00:00,2024-04-19 17:45:00+00:00,64521.16,64553.42058,2024-04-19 20:30:00+00:00,63907.886374199996,63875.9324310129,0.00018732584466695353,12.092524036289602,0.12092524036289602,63907.886374199996,65844.4889916,SL,-0.11488199996495163,0.012092524036289602,0.011965612996528742,0.006043240397944827,0.0059857993979623055,0.012029039795907134,-0.1509691767936771,-1.248450499999995,0 days 02:45:00
15m,DEVELOPMENT,199,CLOSED,BTCUSDT,LONG,2024-04-19 21:15:00+00:00,2024-04-19 21:30:00+00:00,64320.96,64353.12048,2024-04-19 23:00:00+00:00,63709.5892752,63677.7344805624,0.00018556529331884795,11.94170567785436,0.1194170567785436,63709.5892752,65640.1828896,SL,-0.1134491878740685,0.01194170567785436,0.01181637747676528,0.005967868904474691,0.00591114431053761,0.0118790132150123,-0.14908628424370043,-1.2484504999999941,0 days 01:30:00
15m,DEVELOPMENT,200,CLOSED,BTCUSDT,LONG,2024-04-20 15:30:00+00:00,2024-04-20 15:45:00+00:00,64568.96,64601.244479999994,2024-04-22 03:45:00+00:00,65893.26936959999,65860.3227349152,0.00018254707669924995,11.792768330957557,0.11792768330957558,63955.232035199995,65893.26936959999,TP,0.24174880406590515,0.011792768330957557,0.01202260938572792,0.005893437446754452,0.006014311848786749,0.011907749295541201,0.2060256770536785,1.74705100000001,1 days 12:00:00
15m,DEVELOPMENT,201,CLOSED,BTCUSDT,LONG,2024-04-22 03:45:00+00:00,2024-04-22 04:00:00+00:00,65703.49,65736.341745,2024-04-22 22:45:00+00:00,67051.0685799,67017.54304561006,0.00018252594941620202,11.99858818815404,0.1199858818815404,65078.978327549994,67051.0685799,TP,0.24596805970918484,0.01199858818815404,0.012232440671941163,0.005996295946102628,0.0061192799759580575,0.012115575922060685,0.20962145492702894,1.747051000000016,0 days 18:45:00
15m,DEVELOPMENT,202,CLOSED,BTCUSDT,LONG,2024-04-22 22:45:00+00:00,2024-04-22 23:00:00+00:00,67027.98,67061.49398999999,2024-04-23 04:15:00+00:00,66390.87905009999,66357.68361057494,0.00018204187686093908,12.208000231038184,0.12208000231038185,66390.87905009999,68402.72386979999,SL,-0.11597905266968431,0.012208000231038185,0.01207987726861344,0.006100949640697322,0.006042960114363986,0.012143909755061308,-0.15241083992439725,-1.248450499999999,0 days 05:15:00
15m,DEVELOPMENT,203,CLOSED,BTCUSDT,LONG,2024-04-23 16:00:00+00:00,2024-04-23 16:15:00+00:00,66675.92,66709.25795999999,2024-04-23 20:15:00+00:00,66042.1653804,66009.1442977098,0.00018072066784079595,12.05574164969513,0.12055741649695131,66042.1653804,68043.44311919999,SL,-0.1145325581013023,0.012055741649695131,0.011929216641081583,0.006024858395647904,0.0059675921165971675,0.011992450512245071,-0.1505099669043241,-1.248450499999975,0 days 04:00:00
15m,DEVELOPMENT,204,CLOSED,BTCUSDT,LONG,2024-04-24 00:30:00+00:00,2024-04-24 00:45:00+00:00,66719.99,66753.349995,2024-04-24 13:00:00+00:00,66085.81649504999,66052.77358680248,0.00017834883257978587,11.905382042398104,0.11905382042398105,66085.81649504999,68088.41699489999,SL,-0.11310410426086588,0.011905382042398105,0.011780435057863137,0.005949716163115998,0.005893164110985565,0.011842880274101563,-0.14863280163522868,-1.2484504999999944,0 days 12:15:00
15m,DEVELOPMENT,205,CLOSED,BTCUSDT,LONG,2024-04-25 17:45:00+00:00,2024-04-25 18:00:00+00:00,64703.99,64736.341994999995,2024-04-26 01:00:00+00:00,64088.978575049994,64056.93408576247,0.00018161201826924752,11.756897725080195,0.11756897725080195,64088.978575049994,66031.0688349,SL,-0.11169346614381605,0.011756897725080196,0.011633509083455477,0.0058755111069861065,0.005819664373914497,0.011695175480900603,-0.14677904843325235,-1.2484505000000001,0 days 07:00:00
15m,DEVELOPMENT,206,CLOSED,BTCUSDT,LONG,2024-04-26 02:45:00+00:00,2024-04-26 03:00:00+00:00,64499.92,64532.16995999999,2024-04-26 13:00:00+00:00,63886.848260399995,63854.9048362698,0.0001799143793903031,11.610265309062958,0.11610265309062959,63886.848260399995,65822.8133592,SL,-0.11030042155186816,0.011610265309062959,0.011488415574644344,0.005802231538760972,0.0057470813279849615,0.011549312866745935,-0.1449484153023214,-1.2484504999999857,0 days 10:00:00
15m,DEVELOPMENT,207,CLOSED,BTCUSDT,LONG,2024-04-27 19:45:00+00:00,2024-04-27 20:00:00+00:00,63352.11,63383.786055,2024-04-29 02:30:00+00:00,62749.94819444999,62718.57322035277,0.0001808895052028512,11.46546169737233,0.1146546169737233,62749.94819444999,64651.4617761,SL,-0.10892475105799637,0.01146546169737233,0.011345131676858407,0.0057298659157276255,0.005675403540198366,0.01140526945592599,-0.1431406138881531,-1.248450499999998,1 days 06:30:00
15m,DEVELOPMENT,208,CLOSED,BTCUSDT,LONG,2024-04-29 17:15:00+00:00,2024-04-29 17:30:00+00:00,63184.22,63215.81211,2024-04-29 19:00:00+00:00,62583.6539889,62552.36216190555,0.00017910810133070124,11.32246408110045,0.11322464081100451,62583.6539889,64480.1283522,SL,-0.10756623797187445,0.011322464081100452,0.0112036348205693,0.005658402839130262,0.00560461972014461,0.01126302255927487,-0.14135535943281907,-1.2484505000000008,0 days 01:30:00
15m,DEVELOPMENT,209,CLOSED,BTCUSDT,LONG,2024-04-29 19:45:00+00:00,2024-04-29 20:00:00+00:00,62987.37,63018.863685,2024-04-30 00:45:00+00:00,64279.2409587,64247.10133822065,0.00017742703187576399,11.18124993581292,0.1118124993581292,62388.67504815,64279.2409587,TP,0.22921282976863824,0.01118124993581292,0.011399172497061915,0.005587831052379206,0.005702437467264431,0.011290268519643636,0.19534213881611978,1.7470510000000072,0 days 04:45:00
15m,DEVELOPMENT,210,CLOSED,BTCUSDT,LONG,2024-04-30 00:45:00+00:00,2024-04-30 01:00:00+00:00,64579.99,64612.279995,2024-04-30 01:45:00+00:00,63966.15719505,63934.17411645248,0.0001760717456266452,11.376396927637217,0.11376396927637217,63966.15719505,65904.5255949,SL,-0.10807861349044613,0.011376396927637217,0.011257001641881665,0.005685355785925501,0.005631316479179708,0.011316672265105208,-0.14202868432507024,-1.2484504999999892,0 days 00:45:00
15m,DEVELOPMENT,211,CLOSED,BTCUSDT,LONG,2024-05-02 09:45:00+00:00,2024-05-02 10:00:00+00:00,57804.37,57833.272185,2024-05-02 12:15:00+00:00,58989.937628700005,58960.44265988566,0.00019425686470189954,11.234510130109674,0.11234510130109675,57254.93946315,58989.937628700005,TP,0.23030465044332823,0.011234510130109674,0.011453470732545514,0.005614447841134078,0.00572960016635517,0.011344048007489248,0.1962726215731838,1.7470510000000126,0 days 02:15:00
15m,DEVELOPMENT,212,CLOSED,BTCUSDT,LONG,2024-05-02 13:15:00+00:00,2024-05-02 13:30:00+00:00,58732.27,58761.63613499999,2024-05-03 03:15:00+00:00,59936.86885769999,59906.900423271145,0.00019452464953285175,11.430586675137832,0.11430586675137833,58174.01977364999,59936.86885769999,TP,0.23432417062176514,0.011430586675137832,0.011653368809436269,0.0057124371190087455,0.005829599204319731,0.011542036323328477,0.19969817881386256,1.7470510000000028,0 days 13:45:00
15m,DEVELOPMENT,213,CLOSED,BTCUSDT,LONG,2024-05-03 09:30:00+00:00,2024-05-03 09:45:00+00:00,59472.63,59502.36631499999,2024-05-03 10:30:00+00:00,58907.34265184999,58877.88898052407,0.0001954558461373279,11.63008535527156,0.1163008535527156,58907.34265184999,60692.413641299994,SL,-0.11048871694338577,0.01163008535527156,0.011508027609467987,0.00581213660933007,0.005756892250858874,0.011569028860188943,-0.14519585876831426,-1.2484504999999972,0 days 00:45:00
15m,DEVELOPMENT,214,CLOSED,BTCUSDT,LONG,2024-05-03 12:30:00+00:00,2024-05-03 12:45:00+00:00,60461.94,60492.17097,2024-05-03 13:30:00+00:00,61702.0143894,61671.163382205305,0.00018985985067401543,11.48503454731121,0.11485034547311211,59887.2492603,61702.0143894,TP,0.2354403383961543,0.01148503454731121,0.011708877870638307,0.0057396474499300494,0.005857367619127736,0.011597015069057786,0.20064941090914698,1.7470510000000086,0 days 00:45:00
15m,DEVELOPMENT,215,CLOSED,BTCUSDT,LONG,2024-05-03 13:30:00+00:00,2024-05-03 13:45:00+00:00,61541.95,61572.720975,2024-05-03 20:15:00+00:00,62804.175394499995,62772.773306802745,0.000189783451571078,11.685483509258411,0.11685483509258411,60956.993765249994,62804.175394499995,TP,0.2395494920288751,0.011685483509258411,0.011913233582853858,0.005839821843707248,0.005959596589721781,0.01179941843342903,0.20415135650333383,1.747050999999997,0 days 06:30:00
15m,DEVELOPMENT,216,CLOSED,BTCUSDT,LONG,2024-05-03 20:15:00+00:00,2024-05-03 20:30:00+00:00,62764.38,62795.762189999994,2024-05-04 10:45:00+00:00,64051.677433799996,64019.6515950831,0.00018933492490112657,11.889430918352652,0.11889430918352652,62167.80456809999,64051.677433799996,TP,0.24373036295393566,0.011889430918352652,0.012121155926951345,0.0059417445868822465,0.006063609768358758,0.012005354355241004,0.20771442175339067,1.7470510000000123,0 days 14:15:00
15m,DEVELOPMENT,217,CLOSED,BTCUSDT,LONG,2024-05-04 10:45:00+00:00,2024-05-04 11:00:00+00:00,64420.9,64453.11045,2024-05-04 11:45:00+00:00,63808.5793455,63776.675055827254,0.00018768586572056128,12.096937833191205,0.12096937833191206,63808.5793455,65742.172659,SL,-0.11492393213841308,0.012096937833191206,0.011969980470631863,0.006045446193498604,0.00598798422742924,0.012033430420927844,-0.151024280863164,-1.2484504999999937,0 days 00:45:00
15m,DEVELOPMENT,218,CLOSED,BTCUSDT,LONG,2024-05-04 12:45:00+00:00,2024-05-04 13:00:00+00:00,64066.34,64098.37316999999,2024-05-04 13:30:00+00:00,63457.38943829999,63425.66074358085,0.00018637078969309354,11.946064425735498,0.11946064425735499,63457.38943829999,65380.340633399996,SL,-0.11349059706808247,0.011946064425735498,0.011820690479587406,0.00597004718927221,0.005913301890738328,0.011883349080010538,-0.14914070105341592,-1.2484504999999912,0 days 00:30:00
15m,DEVELOPMENT,219,CLOSED,BTCUSDT,LONG,2024-05-04 16:30:00+00:00,2024-05-04 16:45:00+00:00,63640.0,63671.82,2024-05-05 01:30:00+00:00,63035.1018,63003.5842491,0.00018527933890363787,11.797072716391428,0.11797072716391428,63035.1018,64945.2564,SL,-0.11207513860000112,0.011797072716391428,0.0116732624382329,0.005895588563913703,0.005839550994613094,0.011735139558526796,-0.14728061331315226,-1.248450499999999,0 days 08:45:00
15m,DEVELOPMENT,220,CLOSED,BTCUSDT,LONG,2024-05-05 08:15:00+00:00,2024-05-05 08:30:00+00:00,63810.14,63842.04506999999,2024-05-06 08:15:00+00:00,65118.88597139999,65086.3265284143,0.00018248067122198959,11.64993923655811,0.1164993923655811,63203.62461929999,65118.88597139999,TP,0.2388208433201454,0.01164993923655811,0.011876996552278628,0.005822058588983364,0.005941469010643496,0.011763527599626861,0.2035303799316818,1.7470510000000083,0 days 23:45:00
15m,DEVELOPMENT,221,CLOSED,BTCUSDT,LONG,2024-05-06 08:15:00+00:00,2024-05-06 08:30:00+00:00,65390.94,65423.63547,2024-05-06 10:15:00+00:00,64769.3991153,64737.01441574236,0.0001811771266497752,11.853266289436915,0.11853266289436915,64769.3991153,66732.1081794,SL,-0.1126089915853052,0.011853266289436915,0.011728866259729277,0.005923671309063699,0.005867366813270538,0.011791038122334237,-0.14798216225680563,-1.2484504999999917,0 days 01:45:00
15m,DEVELOPMENT,222,CLOSED,BTCUSDT,LONG,2024-05-07 07:15:00+00:00,2024-05-07 07:30:00+00:00,63821.98,63853.89099,2024-05-07 13:45:00+00:00,63215.3520801,63183.74440405995,0.00018331587597913493,11.705431961508042,0.11705431961508042,63215.3520801,65130.968809800004,SL,-0.11120452852987,0.011705431961508042,0.011582583453072016,0.0058497910852108054,0.005794188820945839,0.011643979906156645,-0.14613652385060671,-1.248450499999998,0 days 06:15:00
15m,DEVELOPMENT,223,CLOSED,BTCUSDT,LONG,2024-05-08 18:15:00+00:00,2024-05-08 18:30:00+00:00,62703.41,62734.761705,2024-05-08 19:15:00+00:00,62107.41408795,62076.36038090602,0.00018425895172037387,11.559441428190754,0.11559441428190753,62107.41408795,63989.4569391,SL,-0.10981758198396227,0.011559441428190754,0.011438125090401891,0.005776832297945238,0.005721923506954425,0.011498755804899664,-0.14431390430745458,-1.2484505,0 days 00:45:00
15m,DEVELOPMENT,224,CLOSED,BTCUSDT,LONG,2024-05-09 15:15:00+00:00,2024-05-09 15:30:00+00:00,62196.61,62227.708305,2024-05-10 14:45:00+00:00,61605.43122195,61574.628506339024,0.00018344354957871163,11.415271693617873,0.11415271693617873,61605.43122195,63472.2624711,SL,-0.10844793348109764,0.011415271693617873,0.011295468417193354,0.005704783455081309,0.005650559488340792,0.011355342943422102,-0.142514016535331,-1.2484505000000017,0 days 23:15:00
15m,DEVELOPMENT,225,CLOSED,BTCUSDT,LONG,2024-05-11 16:15:00+00:00,2024-05-11 16:30:00+00:00,61302.01,61332.661005,2024-05-12 07:30:00+00:00,60719.33439495,60688.974727752524,0.0001837992981880965,11.272900048727434,0.11272900048727434,60719.33439495,62559.3142251,SL,-0.10709536727951531,0.011272900048727434,0.01115459096271604,0.005633633207759784,0.005580085524119851,0.011213718731879634,-0.14073657702283843,-1.2484505000000048,0 days 15:00:00
15m,DEVELOPMENT,226,CLOSED,BTCUSDT,LONG,2024-05-12 10:00:00+00:00,2024-05-12 10:15:00+00:00,61064.0,61094.532,2024-05-13 07:45:00+00:00,62316.42264,62285.26442868,0.00018221440942841886,11.132304067685638,0.11132304067685639,60483.58668,62316.42264,TP,0.22820945170238072,0.011132304067685637,0.011349272673964832,0.005563370348668347,0.005677475074519379,0.011240845423187725,0.19448702953754252,1.747050999999999,0 days 21:30:00
15m,DEVELOPMENT,227,CLOSED,BTCUSDT,LONG,2024-05-13 07:45:00+00:00,2024-05-13 08:00:00+00:00,62334.36,62365.52718,2024-05-14 06:00:00+00:00,61741.871908199995,61711.0009722459,0.00018161630818569764,11.326596804486382,0.11326596804486382,61741.871908199995,63612.8377236,SL,-0.10760549987670569,0.011326596804486382,0.011207724171023298,0.0056604681681585185,0.005606665418219911,0.01126713358637843,-0.1414069544385938,-1.248450499999996,0 days 22:00:00
15m,DEVELOPMENT,228,CLOSED,BTCUSDT,LONG,2024-05-15 03:00:00+00:00,2024-05-15 03:15:00+00:00,61925.09,61956.05254499999,2024-05-15 12:30:00+00:00,63195.17359589999,63163.57600910205,0.00018053653608115846,11.18533111573654,0.11185331115736541,61336.492019549994,63195.17359589999,TP,0.2292964929372871,0.01118533111573654,0.011403333219182247,0.005589870622556065,0.005704518869024413,0.011294389491580478,0.19541343911078785,1.747051000000013,0 days 09:15:00
15m,DEVELOPMENT,229,CLOSED,BTCUSDT,LONG,2024-05-15 12:30:00+00:00,2024-05-15 12:45:00+00:00,63666.04,63697.87302,2024-05-15 15:15:00+00:00,64971.8304804,64939.3445651598,0.00017866451102775677,11.38054933662644,0.11380549336626442,63060.894289799995,64971.8304804,TP,0.23329841768536544,0.01138054933662644,0.01160235624319729,0.005687430952836483,0.005804080161679246,0.01149151111451573,0.19882400099102598,1.7470510000000032,0 days 02:30:00
15m,DEVELOPMENT,230,CLOSED,BTCUSDT,LONG,2024-05-15 16:00:00+00:00,2024-05-15 16:15:00+00:00,65042.54,65075.06127,2024-05-15 19:30:00+00:00,66376.5624954,66343.3742141523,0.00017793567130423775,11.579174712241853,0.11579174712241853,64424.3106573,66376.5624954,TP,0.2373701882539522,0.011579174712241853,0.011804852827383446,0.005786694009115916,0.0059053791032429685,0.011692073112358883,0.20229408760196804,1.7470509999999968,0 days 03:15:00
15m,DEVELOPMENT,231,CLOSED,BTCUSDT,LONG,2024-05-15 19:30:00+00:00,2024-05-15 19:45:00+00:00,66401.97,66435.170985,2024-05-15 20:00:00+00:00,65770.81927515,65737.93386551243,0.00017733478416888905,11.781266707848216,0.11781266707848216,65770.81927515,67763.87440470001,SL,-0.11192497756931234,0.011781266707848216,0.011657622313749349,0.005887689509170077,0.00583172702038444,0.011719416529554518,-0.14708328312046443,-1.2484504999999986,0 days 00:15:00
15m,DEVELOPMENT,232,CLOSED,BTCUSDT,LONG,2024-05-15 21:30:00+00:00,2024-05-15 21:45:00+00:00,65981.98,66014.97098999999,2024-05-16 16:30:00+00:00,65354.82128009999,65322.14386945994,0.00017623775617256433,11.634330361074525,0.11634330361074526,65354.82128009999,67335.27040979998,SL,-0.11052904555923482,0.011634330361074526,0.01151222806393505,0.0058142580515099474,0.005758993528731545,0.011573251580241493,-0.14524885556448588,-1.2484504999999928,0 days 18:45:00
15m,DEVELOPMENT,233,CLOSED,BTCUSDT,LONG,2024-05-17 05:00:00+00:00,2024-05-17 05:15:00+00:00,65538.16,65570.92908,2024-05-17 15:00:00+00:00,66882.3476616,66848.9064877692,0.00017521829826819125,11.489226609261856,0.11489226609261856,64915.219789200004,66882.3476616,TP,0.2355262746186502,0.011489226609261856,0.011713151635876369,0.005741742433413907,0.005859505570723055,0.011601248004136963,0.20072264836937503,1.7470509999999972,0 days 09:45:00
15m,DEVELOPMENT,234,CLOSED,BTCUSDT,LONG,2024-05-17 15:00:00+00:00,2024-05-17 15:15:00+00:00,66897.99,66931.438995,2024-05-17 18:00:00+00:00,66262.12460505,66228.99354274748,0.00017465258346497305,11.68974873550499,0.1168974873550499,66262.12460505,68270.0677749,SL,-0.111055533963993,0.01168974873550499,0.011567064822525867,0.005841953391056762,0.005786425624074123,0.011628379015130884,-0.14594072653715473,-1.2484504999999915,0 days 02:45:00
15m,DEVELOPMENT,235,CLOSED,BTCUSDT,LONG,2024-05-17 23:15:00+00:00,2024-05-17 23:30:00+00:00,66921.12,66954.58055999999,2024-05-19 19:00:00+00:00,66285.03475439998,66251.89223702278,0.00017241469825286356,11.543953803899443,0.11543953803899443,66285.03475439998,68293.67217119999,SL,-0.109670445683225,0.011543953803899443,0.011422800008727517,0.005769092355770502,0.005714257132930297,0.011483349488700799,-0.1441205489845528,-1.2484505000000101,1 days 19:30:00
15m,DEVELOPMENT,236,CLOSED,BTCUSDT,LONG,2024-05-20 04:30:00+00:00,2024-05-20 04:45:00+00:00,67055.0,67088.5275,2024-05-20 06:45:00+00:00,66417.64222499999,66384.4334038875,0.0001699243917894502,11.399977231487304,0.11399977231487304,66417.64222499999,68430.29805,SL,-0.10830263226915417,0.011399977231487304,0.011280334470442844,0.005697140045720198,0.005642988729585153,0.011340128775305353,-0.14232307274638967,-1.2484505000000024,0 days 02:00:00
15m,DEVELOPMENT,237,CLOSED,BTCUSDT,LONG,2024-05-20 07:15:00+00:00,2024-05-20 07:30:00+00:00,66724.34,66757.70216999999,2024-05-20 16:30:00+00:00,68092.8562134,68058.8097852933,0.00016863666623762058,11.257796339632767,0.11257796339632767,66090.1251483,68092.8562134,TP,0.23078201191990785,0.011257796339632767,0.011477210790292212,0.005626085127251587,0.0057414761332120565,0.011367561260463644,0.19667944352951924,1.7470510000000141,0 days 09:00:00
15m,DEVELOPMENT,238,CLOSED,BTCUSDT,LONG,2024-05-20 16:30:00+00:00,2024-05-20 16:45:00+00:00,68250.0,68284.125,2024-05-20 19:30:00+00:00,69649.8075,69614.98259625,0.0001677443959368553,11.45427930020172,0.1145427930020172,67601.28375,69649.8075,TP,0.23480986351537877,0.011454279300201719,0.011677523203762653,0.0057242775113451865,0.0058416824431015,0.011565959954446686,0.20011210105696775,1.7470510000000052,0 days 02:45:00
15m,DEVELOPMENT,239,CLOSED,BTCUSDT,LONG,2024-05-20 19:30:00+00:00,2024-05-20 19:45:00+00:00,69741.11,69775.980555,2024-05-20 21:00:00+00:00,69078.22074945,69043.68163907528,0.00016702296974362916,11.654191489069822,0.11654191489069822,69078.22074945,71171.5001661,SL,-0.11071773123798917,0.011654191489069822,0.011531880749392034,0.005824183652708779,0.005768824787089438,0.011593008439798217,-0.14549681191624927,-1.2484504999999968,0 days 01:15:00
15m,DEVELOPMENT,240,CLOSED,BTCUSDT,LONG,2024-05-20 21:45:00+00:00,2024-05-20 22:00:00+00:00,69717.8,69752.6589,2024-05-20 23:15:00+00:00,71147.712078,71112.138221961,0.00016499500105241193,11.50884002861403,0.1150884002861403,69055.132311,71147.712078,TP,0.23592834481446553,0.01150884002861403,0.011733147320771718,0.0057515442421846,0.005869508414593459,0.011621052656778059,0.20106530480830173,1.7470510000000004,0 days 01:15:00
15m,DEVELOPMENT,241,CLOSED,BTCUSDT,LONG,2024-05-20 23:15:00+00:00,2024-05-20 23:30:00+00:00,71432.01,71467.72600499999,2024-05-21 01:15:00+00:00,70753.04874494999,70717.67222057751,0.00016384604804919547,11.709704468981965,0.11709704468981964,70753.04874494999,72897.08052509998,SL,-0.11124511841846475,0.011709704468981966,0.01158681112058,0.005851926271354448,0.005796303712146472,0.011648229983500919,-0.14618986399152764,-1.2484504999999997,0 days 01:45:00
15m,DEVELOPMENT,242,CLOSED,BTCUSDT,LONG,2024-05-21 08:00:00+00:00,2024-05-21 08:15:00+00:00,71000.01,71035.51000499999,2024-05-21 14:45:00+00:00,70325.15490494999,70289.99232749752,0.00016278704338149578,11.563660648810611,0.11563660648810611,70325.15490494999,72456.22020509999,SL,-0.1098576656341289,0.011563660648810611,0.011442300030301344,0.0057789408539774085,0.005724012021160889,0.011502952875138297,-0.14436657918837914,-1.2484504999999984,0 days 06:30:00
15m,DEVELOPMENT,243,CLOSED,BTCUSDT,LONG,2024-05-22 12:15:00+00:00,2024-05-22 12:30:00+00:00,70039.56,70074.57978,2024-05-22 18:15:00+00:00,69373.8339822,69339.1470652089,0.00016296120972584537,11.419438291979064,0.11419438291979064,69373.8339822,71476.0713756,SL,-0.10848751720665761,0.011419438291979065,0.011299591287104746,0.0057068657131333494,0.0056526219545285465,0.011359487667661896,-0.14256603445340332,-1.2484504999999932,0 days 05:45:00
15m,DEVELOPMENT,244,CLOSED,BTCUSDT,LONG,2024-05-23 09:00:00+00:00,2024-05-23 09:15:00+00:00,69770.01,69804.89500499998,2024-05-23 12:45:00+00:00,69106.84605494999,69072.29263192252,0.0001615504855401438,11.277014681136507,0.11277014681136507,69106.84605494999,71200.99290509998,SL,-0.10713445731554602,0.011277014681136507,0.011158662412057983,0.005635689495818596,0.005582122267160845,0.011217811762979441,-0.14078794617171997,-1.2484504999999808,0 days 03:30:00
15m,DEVELOPMENT,245,CLOSED,BTCUSDT,LONG,2024-05-24 15:00:00+00:00,2024-05-24 15:15:00+00:00,68194.46,68228.55723,2024-05-25 11:15:00+00:00,69593.12837460001,69558.33181041271,0.00016322149894981242,11.136367382263662,0.11136367382263662,67546.27165770001,69593.12837460001,TP,0.22829274863591062,0.011136367382263663,0.011353415182543982,0.005565400990636415,0.005679547364954721,0.011244948355591136,0.19455801771551182,1.7470510000000061,0 days 20:00:00
15m,DEVELOPMENT,246,CLOSED,BTCUSDT,LONG,2024-05-25 12:15:00+00:00,2024-05-25 12:30:00+00:00,69219.4,69254.0097,2024-05-26 21:00:00+00:00,68561.46960299999,68527.1888681985,0.000163611191401169,11.330731036325114,0.11330731036325115,68561.46960299999,70639.08989399999,SL,-0.10764477611221472,0.011330731036325113,0.011211815014098883,0.0056625342510371835,0.005608711862979349,0.011271246114016533,-0.14145856827665523,-1.2484504999999926,1 days 08:30:00
15m,DEVELOPMENT,247,CLOSED,BTCUSDT,LONG,2024-05-27 14:15:00+00:00,2024-05-27 14:30:00+00:00,69058.32,69092.84916,2024-05-27 15:30:00+00:00,70474.7061432,70439.4687901284,0.00016194749415222244,11.189413785299486,0.11189413785299486,68401.9206684,70474.7061432,TP,0.2293801866431705,0.011189413785299486,0.011407495459974975,0.0055919109371796874,0.005706601030502657,0.011298511967682345,0.19548476543021373,1.7470510000000108,0 days 01:00:00
15m,DEVELOPMENT,248,CLOSED,BTCUSDT,LONG,2024-05-27 15:30:00+00:00,2024-05-27 15:45:00+00:00,70318.56,70353.71927999999,2024-05-27 19:45:00+00:00,69650.1820872,69615.3569961564,0.00016182091547916453,11.384703261253746,0.11384703261253747,69650.1820872,71760.7936656,SL,-0.10815752573534958,0.011384703261253746,0.01126522080052689,0.005689506877187079,0.005635428114318834,0.011324934991505914,-0.14213238478863613,-1.2484504999999773,0 days 04:00:00
15m,DEVELOPMENT,249,CLOSED,BTCUSDT,LONG,2024-05-28 22:00:00+00:00,2024-05-28 22:15:00+00:00,68572.52,68606.80626,2024-05-29 08:00:00+00:00,67920.7381974,67886.7778283013,0.00016387168387131836,11.242712866859504,0.11242712866859504,67920.7381974,69978.9423852,SL,-0.1068085815087456,0.011242712866859505,0.011124720595321816,0.005618547159848761,0.005565142869095246,0.011183690028944007,-0.14035970499987094,-1.2484504999999921,0 days 09:45:00
15m,DEVELOPMENT,250,CLOSED,BTCUSDT,LONG,2024-05-30 02:15:00+00:00,2024-05-30 02:30:00+00:00,68098.52,68132.56926,2024-05-30 08:00:00+00:00,67451.2435674,67417.5179456163,0.00016295427432036266,11.102493381345148,0.11102493381345148,67451.2435674,69495.22064520001,SL,-0.10547646135900668,0.011102493381345148,0.010985972713307932,0.005548472454445315,0.005495734223765595,0.01104420667821091,-0.13860913413187065,-1.2484505000000021,0 days 05:30:00
15m,DEVELOPMENT,251,CLOSED,BTCUSDT,LONG,2024-05-30 11:15:00+00:00,2024-05-30 11:30:00+00:00,68092.46,68126.50623,2024-05-30 17:45:00+00:00,69489.0363546,69454.29183642271,0.00016093622474725795,10.964022717876748,0.10964022717876748,67445.2411677,69489.0363546,TP,0.2247597260806109,0.010964022717876748,0.011177711520648169,0.005479271723075652,0.005591651586115979,0.01107092330919163,0.19154706853289435,1.7470510000000132,0 days 06:15:00
15m,DEVELOPMENT,252,CLOSED,BTCUSDT,LONG,2024-05-30 18:45:00+00:00,2024-05-30 19:00:00+00:00,69360.13,69394.810065,2024-05-30 19:30:00+00:00,68700.86196435,68666.51153336783,0.00016075234473943978,11.155378430696825,0.11155378430696825,68700.86196435,70782.7062663,SL,-0.10597888254250303,0.011155378430696824,0.011038302734066661,0.005574901764465085,0.005521912323194581,0.011096814087659666,-0.13926937779492618,-1.2484504999999957,0 days 00:30:00
15m,DEVELOPMENT,253,CLOSED,BTCUSDT,LONG,2024-05-30 23:00:00+00:00,2024-05-30 23:15:00+00:00,68385.39,68419.58269499999,2024-05-31 14:15:00+00:00,67735.38686804999,67701.51917461597,0.00016101016330744881,11.016248183149447,0.11016248183149446,67735.38686804999,69787.9743489,SL,-0.10465711042562466,0.011016248183149446,0.010900632658467295,0.00550537140587028,0.005453042850657897,0.010958414256528177,-0.13753240552376958,-1.2484504999999946,0 days 15:00:00
15m,DEVELOPMENT,254,CLOSED,BTCUSDT,LONG,2024-06-01 09:45:00+00:00,2024-06-01 10:00:00+00:00,67706.69,67740.543345,2024-06-03 06:15:00+00:00,69095.3542119,69060.80653479406,0.00016059589479863794,10.878853172636193,0.10878853172636194,67063.13791155,69095.3542119,TP,0.22301377168492628,0.010878853172636193,0.011090882020970874,0.0054367082322013364,0.005548215118044059,0.010984923350245396,0.19005911314107382,1.7470510000000135,1 days 20:15:00
15m,DEVELOPMENT,255,CLOSED,BTCUSDT,LONG,2024-06-03 06:15:00+00:00,2024-06-03 06:30:00+00:00,69099.28,69133.82964,2024-06-04 16:00:00+00:00,70516.50623279999,70481.2479796836,0.0001601057322322723,11.06872241653337,0.1106872241653337,68442.49134359999,70516.50623279999,TP,0.2269060437412276,0.011068722416533372,0.011284451816431606,0.005531595410560997,0.005645048432430972,0.011176643842991968,0.19337622566527066,1.7470510000000021,1 days 09:30:00
15m,DEVELOPMENT,256,CLOSED,BTCUSDT,LONG,2024-06-04 16:00:00+00:00,2024-06-04 16:15:00+00:00,70517.77,70553.028885,2024-06-07 12:15:00+00:00,71964.08946270001,71928.10741796867,0.00015962327397045837,11.261905459156019,0.11261905459156019,69847.49859615,71964.08946270001,TP,0.230866247843369,0.01126190545915602,0.011481399996554972,0.005628138660248351,0.005743571784167902,0.011371710444416254,0.19675123194324176,1.7470510000000172,2 days 20:00:00
15m,DEVELOPMENT,257,CLOSED,BTCUSDT,LONG,2024-06-07 13:15:00+00:00,2024-06-07 13:30:00+00:00,71377.95,71413.638975,2024-06-07 17:00:00+00:00,70699.50258525,70664.15283395737,0.00016045198509535827,11.458460136421996,0.11458460136421997,70699.50258525,72841.91175449999,SL,-0.10885823447945142,0.011458460136421995,0.011338203597290248,0.005726366884768181,0.005671937767529053,0.011398304652297233,-0.1430532028654609,-1.2484504999999981,0 days 03:30:00
15m,DEVELOPMENT,258,CLOSED,BTCUSDT,LONG,2024-06-09 11:30:00+00:00,2024-06-09 11:45:00+00:00,69389.0,69423.6945,2024-06-11 01:45:00+00:00,68729.457555,68695.0928262225,0.00016299261981583406,11.31554984384911,0.11315549843849111,68729.457555,70812.16839,SL,-0.1075005509902905,0.011315549843849112,0.011196793148237915,0.005654947448200095,0.005601197172704454,0.01125614462090455,-0.14126903860328208,-1.248450499999988,1 days 14:00:00
15m,DEVELOPMENT,259,CLOSED,BTCUSDT,LONG,2024-06-11 23:00:00+00:00,2024-06-11 23:15:00+00:00,67482.4,67516.14119999998,2024-06-12 12:30:00+00:00,68866.46402399999,68832.03079198799,0.00016550741399830657,11.17442193315652,0.1117442193315652,66840.97978799998,68866.46402399999,TP,0.22907285742032882,0.01117442193315652,0.01139221141663374,0.00558441875719792,0.005698955185910008,0.011283373943107928,0.19522285012743062,1.7470510000000028,0 days 13:15:00
15m,DEVELOPMENT,260,CLOSED,BTCUSDT,LONG,2024-06-12 12:30:00+00:00,2024-06-12 12:45:00+00:00,69417.98,69452.68899,2024-06-12 18:45:00+00:00,68758.16210009999,68723.78301904994,0.00016370064170011695,11.369449755461646,0.11369449755461647,68758.16210009999,70841.7427698,SL,-0.10801261361885489,0.011369449755461647,0.011250127380278075,0.005681883935762807,0.005627877628953588,0.011309761564716395,-0.14194195231931103,-1.2484505000000117,0 days 06:00:00
15m,DEVELOPMENT,261,CLOSED,BTCUSDT,LONG,2024-06-14 08:00:00+00:00,2024-06-14 08:15:00+00:00,67188.9,67222.49444999998,2024-06-14 15:45:00+00:00,66550.26950549998,66516.99437074723,0.00016702221027584178,11.227649603294505,0.11227649603294505,66550.26950549998,68566.94433899998,SL,-0.10666547674094642,0.011227649603294506,0.011109815420707929,0.005611019291999515,0.0055576865536311,0.011168705845630615,-0.1401716476105795,-1.2484505000000108,0 days 07:30:00
15m,DEVELOPMENT,262,CLOSED,BTCUSDT,LONG,2024-06-15 04:00:00+00:00,2024-06-15 04:15:00+00:00,66322.36,66355.52118,2024-06-17 09:45:00+00:00,65691.96596819999,65659.11998521589,0.000167094128568789,11.087617987299922,0.11087617987299922,65691.96596819999,67682.63160359999,SL,-0.10533514139858806,0.011087617987299922,0.010971253436523208,0.005541038474412004,0.005488370903713676,0.01102940937812568,-0.13842342220053688,-1.2484505000000097,2 days 05:30:00
15m,DEVELOPMENT,263,CLOSED,BTCUSDT,LONG,2024-06-17 18:00:00+00:00,2024-06-17 18:15:00+00:00,66874.94,66908.37746999999,2024-06-17 20:00:00+00:00,66239.29369529999,66206.17404845235,0.0001636466652497417,10.949332850236448,0.10949332850236448,66239.29369529999,68246.5450194,SL,-0.10402139804247855,0.010949332850236448,0.010834419601973217,0.005471930459886618,0.005419919760865566,0.010891850220752185,-0.1366970007154404,-1.2484504999999926,0 days 01:45:00
15m,DEVELOPMENT,264,CLOSED,BTCUSDT,LONG,2024-06-17 20:30:00+00:00,2024-06-17 20:45:00+00:00,66620.0,66653.31,2024-06-18 00:45:00+00:00,65986.7769,65953.78351155,0.00016222408774539904,10.812772409961283,0.10812772409961284,65986.7769,67986.3762,SL,-0.10272403973681406,0.010812772409961284,0.01069929236351874,0.0054036843627988645,0.005352322342929452,0.010756006705728316,-0.1349921112160224,-1.248450499999988,0 days 04:00:00
15m,DEVELOPMENT,265,CLOSED,BTCUSDT,LONG,2024-06-18 23:45:00+00:00,2024-06-19 00:00:00+00:00,65175.32,65207.90766,2024-06-21 03:45:00+00:00,64555.8285834,64523.5506691083,0.00016375184451055923,10.677915155999225,0.10677915155999225,64555.8285834,66512.0658132,SL,-0.10144286212670955,0.010677915155999225,0.010565850436437011,0.005336289433282547,0.005285568002219425,0.010621857435501973,-0.13330848515464774,-1.2484504999999966,2 days 03:45:00
15m,DEVELOPMENT,266,CLOSED,BTCUSDT,LONG,2024-06-22 02:00:00+00:00,2024-06-22 02:15:00+00:00,64302.81,64334.961404999995,2024-06-23 20:30:00+00:00,63691.611790949995,63659.765985054524,0.000163903725375281,10.544739846154421,0.10544739846154422,63691.611790949995,65621.6606331,SL,-0.10017766340599517,0.010544739846154422,0.01043407280146903,0.005269735055548926,0.005219646223845804,0.01048938127939473,-0.13164585733301334,-1.2484504999999928,1 days 18:15:00
15m,DEVELOPMENT,267,CLOSED,BTCUSDT,LONG,2024-06-25 03:30:00+00:00,2024-06-25 03:45:00+00:00,61580.88,61611.670439999994,2024-06-25 05:30:00+00:00,60995.55373559999,60965.05595873219,0.00016901384800636478,10.413225503164398,0.10413225503164399,60995.55373559999,62843.90384879999,SL,-0.09892824428543591,0.010413225503164399,0.010303938701508687,0.005204010746208593,0.005154546624066374,0.010358557370274968,-0.13000396586038396,-1.2484505000000048,0 days 01:45:00
15m,DEVELOPMENT,268,CLOSED,BTCUSDT,LONG,2024-06-25 09:45:00+00:00,2024-06-25 10:00:00+00:00,61468.01,61498.744005,2024-06-26 17:00:00+00:00,60883.75656495,60853.31468666753,0.0001672123809643937,10.283351411395785,0.10283351411395784,60883.75656495,62728.7188851,SL,-0.0976944079613361,0.010283351411395785,0.010175427638333186,0.005139106152621319,0.005090258948640464,0.010229365101261784,-0.12838255211232685,-1.2484504999999915,1 days 07:00:00
15m,DEVELOPMENT,269,CLOSED,BTCUSDT,LONG,2024-06-27 11:30:00+00:00,2024-06-27 11:45:00+00:00,61257.88,61288.50893999999,2024-06-28 16:45:00+00:00,60675.62385059999,60645.2860386747,0.00016569332961783868,10.155097113581272,0.10155097113581273,60675.62385059999,62514.27911879999,SL,-0.09647596008454835,0.010155097113581273,0.010048519369374237,0.005075011051264185,0.005026773071222014,0.010101784122486199,-0.12678136068999005,-1.248450499999991,1 days 05:00:00
15m,DEVELOPMENT,270,CLOSED,BTCUSDT,LONG,2024-06-29 07:00:00+00:00,2024-06-29 07:15:00+00:00,60952.01,60982.486005,2024-06-30 20:15:00+00:00,62202.1357251,62171.034657237455,0.0001644479106144513,10.028442407597266,0.10028442407597267,60372.66114495,62202.1357251,TP,0.20558056349807072,0.010028442407597267,0.01022389675012134,0.005011715346125045,0.0051145056278739795,0.010126220973999026,0.1752020033663531,1.7470510000000097,1 days 13:00:00
15m,DEVELOPMENT,271,CLOSED,BTCUSDT,LONG,2024-06-30 20:15:00+00:00,2024-06-30 20:30:00+00:00,62270.01,62301.145005,2024-07-01 01:00:00+00:00,63547.1679051,63515.394321147454,0.00016377659484698634,10.203469383987231,0.10203469383987232,61678.13355495,63547.1679051,TP,0.20916857277918866,0.010203469383987232,0.010402335002281143,0.005099185099443313,0.005203769385833243,0.010302954485276556,0.17825981390764375,1.7470510000000097,0 days 04:30:00
15m,DEVELOPMENT,272,CLOSED,BTCUSDT,LONG,2024-07-01 01:00:00+00:00,2024-07-01 01:15:00+00:00,63644.0,63675.822,2024-07-01 08:30:00+00:00,63039.06378,63007.54424811,0.00016303756732284825,10.381551116162703,0.10381551116162703,63039.06378,64949.33844,SL,-0.09862732969427987,0.010381551116162702,0.010272596737198575,0.005188181467347696,0.005138867802499434,0.01032704926984713,-0.12960852681748827,-1.2484504999999946,0 days 07:15:00
15m,DEVELOPMENT,273,CLOSED,BTCUSDT,LONG,2024-07-01 16:00:00+00:00,2024-07-01 16:15:00+00:00,63282.0,63313.640999999996,2024-07-02 07:00:00+00:00,62680.50459,62649.164337705,0.0001619251697812322,10.252072068392984,0.10252072068392984,62680.50459,64579.913819999994,SL,-0.09739724638688238,0.010252072068392983,0.010144476572035198,0.0051234742970473176,0.005074775673854237,0.010198249970901555,-0.12799204499821212,-1.248450499999996,0 days 14:45:00
15m,DEVELOPMENT,274,CLOSED,BTCUSDT,LONG,2024-07-04 20:45:00+00:00,2024-07-04 21:00:00+00:00,58358.99,58388.169494999995,2024-07-04 23:30:00+00:00,57804.28780004999,57775.38565614997,0.0001733948499351836,10.124207887575588,0.10124207887575588,57804.28780004999,59555.932884899994,SL,-0.0961825047190476,0.010124207887575589,0.010017954325795483,0.005059574156708864,0.005011482904349179,0.010071057061058042,-0.1263957239934767,-1.2484504999999984,0 days 02:30:00
15m,DEVELOPMENT,275,CLOSED,BTCUSDT,LONG,2024-07-05 15:15:00+00:00,2024-07-05 15:30:00+00:00,56522.01,56550.271005,2024-07-05 18:15:00+00:00,55984.76829495,55956.77591080253,0.00017679735667672867,9.997938433036653,0.09997938433036653,55984.76829495,57681.276425100004,SL,-0.09498291334933885,0.009997938433036653,0.009893010069181933,0.004996470981027865,0.004948979524352928,0.009945450505380794,-0.12481931235693823,-1.2484504999999997,0 days 02:45:00
15m,DEVELOPMENT,276,CLOSED,BTCUSDT,LONG,2024-07-05 18:30:00+00:00,2024-07-05 18:45:00+00:00,56521.11,56549.370554999994,2024-07-06 16:15:00+00:00,57680.3579661,57651.51778711695,0.00017459511429388454,9.873243815297453,0.09873243815297453,55983.87684945,57680.3579661,TP,0.20239903113618202,0.009873243815297453,0.010065673337257603,0.004934154830232471,0.005035354345800988,0.00996950917603346,0.1724906048075935,1.7470510000000123,0 days 21:30:00
15m,DEVELOPMENT,277,CLOSED,BTCUSDT,LONG,2024-07-06 16:15:00+00:00,2024-07-06 16:30:00+00:00,57760.0,57788.88,2024-07-07 07:15:00+00:00,57210.9912,57182.3857044,0.0001738320954103718,10.045562101818527,0.10045562101818528,57210.9912,58944.6576,SL,-0.0954353501027343,0.010045562101818527,0.009940133927559942,0.005020270915451082,0.004972553240399032,0.009992824155850115,-0.1254138702879629,-1.2484504999999897,0 days 14:45:00
15m,DEVELOPMENT,278,CLOSED,BTCUSDT,LONG,2024-07-08 08:45:00+00:00,2024-07-08 09:00:00+00:00,57791.99,57820.885995,2024-07-08 10:45:00+00:00,57242.67713505,57214.05579648248,0.0001715690333934025,9.920273520112273,0.09920273520112273,57242.67713505,58977.3037149,SL,-0.09424507727003205,0.009920273520112273,0.009816160249518696,0.00495765793109041,0.004910535392455041,0.009868193323545452,-0.12384970436320847,-1.248450499999992,0 days 01:45:00
15m,DEVELOPMENT,279,CLOSED,BTCUSDT,LONG,2024-07-08 22:00:00+00:00,2024-07-08 22:15:00+00:00,56740.01,56768.380005,2024-07-09 14:00:00+00:00,57903.7476051,57874.795731297454,0.00017257049683053484,9.796547541727449,0.09796547541727449,56200.69620495,57903.7476051,TP,0.200826776692483,0.009796547541727449,0.009987482253315718,0.004895825857934246,0.004996239246279888,0.009892065104214134,0.17115068179322568,1.7470510000000088,0 days 15:45:00
15m,DEVELOPMENT,280,CLOSED,BTCUSDT,LONG,2024-07-09 14:00:00+00:00,2024-07-09 14:15:00+00:00,57851.15,57880.075574999995,2024-07-09 14:15:00+00:00,57301.27481924999,57272.62418184037,0.00017220999013560094,9.967527243818585,0.09967527243818586,57301.27481924999,59037.6770865,SL,-0.09469399945277074,0.009967527243818585,0.00986291804539471,0.0049812729854155245,0.004933925985689458,0.009915198971104981,-0.12443964371308902,-1.2484504999999966,0 days 00:00:00
15m,DEVELOPMENT,281,CLOSED,BTCUSDT,LONG,2024-07-09 15:45:00+00:00,2024-07-09 16:00:00+00:00,57477.0,57505.7385,2024-07-10 04:00:00+00:00,58655.85327,58626.525343365,0.00017116921149415171,9.843211915433884,0.09843211915433883,56930.681115,58655.85327,TP,0.20178338469320226,0.009843211915433884,0.01003505611566569,0.004919146384524589,0.005020038076871287,0.009939184461395877,0.17196593220070683,1.7470510000000001,0 days 12:00:00
15m,DEVELOPMENT,282,CLOSED,BTCUSDT,LONG,2024-07-10 04:00:00+00:00,2024-07-10 04:15:00+00:00,58727.06,58756.42352999999,2024-07-10 12:30:00+00:00,58168.85929469999,58139.77486505265,0.0001704495517563802,10.01500605349653,0.1001500605349653,58168.85929469999,59931.55200059999,SL,-0.09514506000848118,0.01001500605349653,0.009909898564965085,0.005005000526484184,0.0049574279964797975,0.009962428522963982,-0.12503239314990677,-1.2484504999999908,0 days 08:15:00
15m,DEVELOPMENT,283,CLOSED,BTCUSDT,LONG,2024-07-11 05:45:00+00:00,2024-07-11 06:00:00+00:00,57994.01,58023.007005,2024-07-11 12:30:00+00:00,59183.4671451,59153.87541152746,0.0001704513274704986,9.890098567832288,0.09890098567832288,57442.77693495,59183.4671451,TP,0.20274454935156463,0.009890098567832288,0.010082856588919342,0.004942577994918249,0.005043950269593822,0.009986528264512072,0.17278506593030094,1.7470510000000128,0 days 06:30:00
15m,DEVELOPMENT,284,CLOSED,BTCUSDT,LONG,2024-07-11 12:30:00+00:00,2024-07-11 12:45:00+00:00,58922.01,58951.471005,2024-07-11 13:30:00+00:00,58361.956294949996,58332.77531680252,0.00017069482490870568,10.062711021309115,0.10062711021309115,58361.956294949996,60130.5004251,SL,-0.09559826912298268,0.010062711021309114,0.009957102869140474,0.0050288410901090565,0.004981041955547682,0.01000988304565674,-0.125627966059089,-1.2484505000000024,0 days 00:45:00
15m,DEVELOPMENT,285,CLOSED,BTCUSDT,LONG,2024-07-12 13:00:00+00:00,2024-07-12 13:15:00+00:00,57501.56,57530.31077999999,2024-07-13 09:45:00+00:00,58680.9169956,58651.5765371022,0.00017272996483043895,9.937208557713621,0.09937208557713621,56955.007672199994,58680.9169956,TP,0.20371029237252,0.009937208557713621,0.01013088475250346,0.004966121218246798,0.0050679763644335945,0.010034097582680392,0.17360810147962252,1.7470510000000112,0 days 20:30:00
15m,DEVELOPMENT,286,CLOSED,BTCUSDT,LONG,2024-07-13 09:45:00+00:00,2024-07-13 10:00:00+00:00,58678.02,58707.35900999999,2024-07-14 04:15:00+00:00,59881.506190199994,59851.565437104895,0.00017222105362982212,10.110643224526429,0.10110643224526429,58120.28541989999,59881.506190199994,TP,0.20726565970518407,0.01011064322452643,0.01030769966097245,0.005052795214655207,0.005156428044508369,0.010209223259163576,0.17663809356052163,1.747051000000004,0 days 18:15:00
15m,DEVELOPMENT,287,CLOSED,BTCUSDT,LONG,2024-07-14 04:15:00+00:00,2024-07-14 04:30:00+00:00,59740.0,59769.869999999995,2024-07-14 21:15:00+00:00,60965.2674,60934.7847663,0.00017211188273380927,10.287104856455024,0.10287104856455023,59172.171299999995,60965.2674,TP,0.21088307906635886,0.010287104856455023,0.010487600530107333,0.005140981937258081,0.005246423476791663,0.010387405414049745,0.17972096826574674,1.7470510000000068,0 days 16:45:00
15m,DEVELOPMENT,288,CLOSED,BTCUSDT,LONG,2024-07-14 21:15:00+00:00,2024-07-14 21:30:00+00:00,60749.99,60780.364994999996,2024-07-15 02:15:00+00:00,61995.9722949,61964.97430875255,0.00017220439995967374,10.466646283293933,0.10466646283293933,60172.561345049995,61995.9722949,TP,0.2145636334536319,0.010466646283293933,0.010670641219355332,0.005230707787752799,0.005337989604479804,0.010568697392232602,0.18285764855875003,1.7470510000000052,0 days 04:45:00
15m,DEVELOPMENT,289,CLOSED,BTCUSDT,LONG,2024-07-15 02:15:00+00:00,2024-07-15 02:30:00+00:00,62206.94,62238.04347,2024-07-15 16:30:00+00:00,63482.8043394,63451.0629372303,0.0001711062987063899,10.649321256879098,0.10649321256879098,61615.66303529999,63482.8043394,TP,0.21830842476620643,0.010649321256879098,0.010856876528175671,0.005321999628624305,0.005431153841007795,0.0107531534696321,0.18604907351151956,1.7470510000000068,0 days 14:00:00
15m,DEVELOPMENT,290,CLOSED,BTCUSDT,LONG,2024-07-15 16:30:00+00:00,2024-07-15 16:45:00+00:00,63454.0,63485.727,2024-07-15 22:30:00+00:00,64755.44154,64723.06381923,0.00017067118830001456,10.835184467180317,0.10835184467180317,62850.86973,64755.44154,TP,0.2221185741348009,0.010835184467180318,0.011046362212445664,0.0054148847911943835,0.005525944078261419,0.010940828869455802,0.18929619858571908,1.7470510000000063,0 days 05:45:00
15m,DEVELOPMENT,291,CLOSED,BTCUSDT,LONG,2024-07-15 22:30:00+00:00,2024-07-15 22:45:00+00:00,64418.0,64450.208999999995,2024-07-16 05:30:00+00:00,63805.70690999999,63773.804056545,0.0001710512926137221,11.024291558674545,0.11024291558674545,63805.70690999999,65739.21317999999,SL,-0.10473352450295119,0.011024291558674544,0.010908591618766256,0.005509391083794568,0.00545702432154293,0.010966415405337498,-0.1376328230857295,-1.248450499999994,0 days 06:45:00
15m,DEVELOPMENT,292,CLOSED,BTCUSDT,LONG,2024-07-16 15:00:00+00:00,2024-07-16 15:15:00+00:00,64202.0,64234.100999999995,2024-07-17 00:30:00+00:00,65518.783019999995,65486.02362849,0.00016948623957415662,10.886796230916573,0.10886796230916573,63591.75998999999,65518.783019999995,TP,0.22317660239490067,0.010886796230916573,0.011098979889457138,0.005440677776569173,0.005552266077766316,0.01099294385433549,0.1901978824201915,1.747051000000011,0 days 09:15:00
15m,DEVELOPMENT,293,CLOSED,BTCUSDT,LONG,2024-07-17 00:30:00+00:00,2024-07-17 00:45:00+00:00,65529.99,65562.754995,2024-07-17 08:15:00+00:00,64907.12744505,64874.67388132748,0.0001689496438382885,11.07680410546222,0.1107680410546222,64907.12744505,66874.01009489999,SL,-0.10523240681900879,0.01107680410546222,0.010960553046375394,0.005535634235612919,0.005483018032202938,0.011018652267815857,-0.13828841623866225,-1.248450499999988,0 days 07:30:00
15m,DEVELOPMENT,294,CLOSED,BTCUSDT,LONG,2024-07-18 03:30:00+00:00,2024-07-18 03:45:00+00:00,64891.66,64924.10583,2024-07-18 14:15:00+00:00,64274.8647717,64242.72733931415,0.00016848370415961924,10.93865383948953,0.10938653839489532,64274.8647717,66222.5879466,SL,-0.10391994477196284,0.010938653839489531,0.010823852667444088,0.005466593622932781,0.005414633650546847,0.010881227273479628,-0.1365636785523761,-1.2484504999999986,0 days 10:30:00
15m,DEVELOPMENT,295,CLOSED,BTCUSDT,LONG,2024-07-19 04:30:00+00:00,2024-07-19 04:45:00+00:00,64227.99,64260.103995,2024-07-19 07:45:00+00:00,63617.50295505,63585.69420357248,0.0001681016045201073,10.802226588188457,0.10802226588188457,63617.50295505,65545.3060749,SL,-0.10262385179483408,0.010802226588188458,0.010688857220145419,0.005398414087050653,0.0053471021611521,0.010745516248202754,-0.13486045185137072,-1.2484504999999906,0 days 03:00:00
15m,DEVELOPMENT,296,CLOSED,BTCUSDT,LONG,2024-07-19 12:00:00+00:00,2024-07-19 12:15:00+00:00,64213.1,64245.206549999995,2024-07-19 14:00:00+00:00,65530.110681,65497.3456256595,0.0001660435297030454,10.66750086206321,0.1066750086206321,63602.754484499994,65530.110681,TP,0.2186811021298515,0.01066750086206321,0.010875410453864824,0.005331084888586779,0.005440425439651652,0.010771510328238431,0.186366680485685,1.74705100000001,0 days 01:45:00
15m,DEVELOPMENT,297,CLOSED,BTCUSDT,LONG,2024-07-19 14:00:00+00:00,2024-07-19 14:15:00+00:00,65546.7,65579.47335,2024-07-19 19:00:00+00:00,66891.062817,66857.6172855915,0.0001655042471006503,10.85368136204891,0.1085368136204891,64923.6786165,66891.062817,TP,0.2224977558576945,0.01085368136204891,0.011065219611795244,0.005424128616716614,0.005535377494643564,0.010959506111360179,0.18961934877249015,1.7470510000000097,0 days 04:45:00
15m,DEVELOPMENT,298,CLOSED,BTCUSDT,LONG,2024-07-19 19:00:00+00:00,2024-07-19 19:15:00+00:00,66940.78,66974.25039,2024-07-20 00:30:00+00:00,66304.50788610001,66271.35563215696,0.0001648859258087554,11.043111280902547,0.11043111280902547,66304.50788610001,68313.7353978,SL,-0.10491231656669395,0.011043111280902547,0.010927213828009479,0.005518796242330475,0.0054663400840458285,0.010985136326376304,-0.1378677780019823,-1.2484504999999824,0 days 05:15:00
15m,DEVELOPMENT,299,CLOSED,BTCUSDT,LONG,2024-07-20 04:15:00+00:00,2024-07-20 04:30:00+00:00,66662.0,66695.33099999999,2024-07-21 18:00:00+00:00,66028.37769,65995.36350115499,0.00016351041473875466,10.90538123294852,0.10905381232948519,66028.37769,68029.23761999999,SL,-0.10360384669582877,0.01090538123294852,0.010790929256908726,0.0054499656336559656,0.005398163710309784,0.01084812934396575,-0.13614828652965177,-1.2484504999999984,1 days 13:30:00
15m,DEVELOPMENT,300,CLOSED,BTCUSDT,LONG,2024-07-21 19:15:00+00:00,2024-07-21 19:30:00+00:00,67317.8,67351.4589,2024-07-22 14:45:00+00:00,66677.944311,66644.6053388445,0.00015989807993146716,10.769368958693125,0.10769368958693125,66677.944311,68698.488078,SL,-0.10231169610432657,0.010769368958693125,0.010656344431471641,0.005381993482604445,0.0053308376345530175,0.010712831117157463,-0.1344502406116488,-1.2484504999999972,0 days 19:15:00
15m,DEVELOPMENT,301,CLOSED,BTCUSDT,LONG,2024-07-22 19:30:00+00:00,2024-07-22 19:45:00+00:00,67924.0,67957.962,2024-07-22 23:00:00+00:00,67278.38238,67244.74318881,0.00015649458460814593,10.635053034006166,0.10635053034006166,67278.38238,69317.12124000001,SL,-0.10103566125760052,0.010635053034006166,0.01052343815241427,0.0053148690824617794,0.005264351251832913,0.010579220334294693,-0.13277337277831563,-1.2484505000000046,0 days 03:15:00
15m,DEVELOPMENT,302,CLOSED,BTCUSDT,LONG,2024-07-24 08:30:00+00:00,2024-07-24 08:45:00+00:00,66357.99,66391.168995,2024-07-24 18:45:00+00:00,65727.25730504999,65694.39367639748,0.0001581898987612471,10.502412301959898,0.10502412301959899,65727.25730504999,67718.9923749,SL,-0.0997755411595511,0.010502412301959899,0.01039218948485083,0.005248581860049095,0.005198694089468458,0.010447275949517554,-0.13111741889587938,-1.2484504999999955,0 days 10:00:00
15m,DEVELOPMENT,303,CLOSED,BTCUSDT,LONG,2024-07-25 17:30:00+00:00,2024-07-25 17:45:00+00:00,64968.0,65000.484,2024-07-26 00:45:00+00:00,66300.49368,66267.34343316,0.0001595592098898292,10.371425869496486,0.10371425869496487,64350.479159999995,66300.49368,TP,0.21261163876399086,0.010371425869496485,0.010573564959692971,0.005183121374060692,0.00528942719344312,0.010472548567503813,0.18119409936729758,1.747051000000005,0 days 07:00:00
15m,DEVELOPMENT,304,CLOSED,BTCUSDT,LONG,2024-07-26 00:45:00+00:00,2024-07-26 01:00:00+00:00,66384.0,66417.192,2024-07-26 13:30:00+00:00,67745.53584,67711.66307208,0.00015888113661561459,10.552438955777504,0.10552438955777504,65753.02008,67745.53584,TP,0.21632236180209505,0.010552438955777505,0.01075810599102561,0.005273582686544758,0.005381743867445678,0.010655326553990437,0.1843564903013015,1.74705100000001,0 days 12:30:00
15m,DEVELOPMENT,305,CLOSED,BTCUSDT,LONG,2024-07-26 13:30:00+00:00,2024-07-26 13:45:00+00:00,67593.91,67627.706955,2024-07-26 14:30:00+00:00,66951.42988545,66917.95417050728,0.00015876053997964247,10.736611273760822,0.10736611273760822,66951.42988545,68980.2610941,SL,-0.10200048991214207,0.010736611273760821,0.010623930538442704,0.005365622825467356,0.0053146225805103175,0.010680245405977673,-0.13404127713032327,-1.2484504999999992,0 days 00:45:00
15m,DEVELOPMENT,306,CLOSED,BTCUSDT,LONG,2024-07-26 14:45:00+00:00,2024-07-26 15:00:00+00:00,67328.0,67361.66399999999,2024-07-27 13:00:00+00:00,68708.89727999999,68674.54283136,0.0001573996732622321,10.602703904000261,0.10602703904000262,66688.04735999998,68708.89727999999,TP,0.2173527806807035,0.010602703904000262,0.010809350603089228,0.00529870260069817,0.00540737899103879,0.01070608159173696,0.18523464458187705,1.7470510000000137,0 days 22:00:00
15m,DEVELOPMENT,307,CLOSED,BTCUSDT,LONG,2024-07-27 13:00:00+00:00,2024-07-27 13:15:00+00:00,68858.97,68893.399485,2024-07-27 19:00:00+00:00,68204.46549015,68170.36325740493,0.00015658616906160866,10.787753498987152,0.10787753498987153,68204.46549015,70271.2674747,SL,-0.10248635383095706,0.010787753498987153,0.010674536026015282,0.005391181158914208,0.005339937981999008,0.010731119140913216,-0.1346797624968727,-1.2484505000000008,0 days 05:45:00
15m,DEVELOPMENT,308,CLOSED,BTCUSDT,LONG,2024-07-28 13:45:00+00:00,2024-07-28 14:00:00+00:00,67988.01,68022.004005,2024-07-29 02:30:00+00:00,69382.4440851,69347.75286305745,0.00015661414916450406,10.653208281707562,0.10653208281707562,67341.78396495,69382.4440851,TP,0.2183881078039204,0.010653208281707561,0.010860839311118043,0.0053239421697689705,0.005433136223669888,0.010757078393438858,0.18611698181765593,1.7470510000000108,0 days 12:30:00
15m,DEVELOPMENT,309,CLOSED,BTCUSDT,LONG,2024-07-29 02:30:00+00:00,2024-07-29 02:45:00+00:00,69462.0,69496.731,2024-07-29 14:00:00+00:00,68801.76368999999,68767.362808155,0.0001559661753367141,10.839139332474454,0.10839139332474455,68801.76368999999,70886.66562,SL,-0.10297453208912628,0.010839139332474455,0.010725382565180134,0.005416861235619381,0.005365373969574033,0.010782235205193414,-0.13532128919197428,-1.2484505000000026,0 days 11:15:00
15m,DEVELOPMENT,310,CLOSED,BTCUSDT,LONG,2024-07-31 13:15:00+00:00,2024-07-31 13:30:00+00:00,66462.07,66495.301035,2024-07-31 19:15:00+00:00,65830.34802465,65797.43285063768,0.00016097307723671352,10.70395322938557,0.10703953229385571,65830.34802465,67825.2070557,SL,-0.10169023033014644,0.01070395322938557,0.010591615240243171,0.005349301963709287,0.0052984568485450155,0.010647758812254302,-0.1336335576120295,-1.2484504999999924,0 days 05:45:00
15m,DEVELOPMENT,311,CLOSED,BTCUSDT,LONG,2024-08-01 13:45:00+00:00,2024-08-01 14:00:00+00:00,64754.02,64786.39700999999,2024-08-01 14:15:00+00:00,64138.533039899994,64106.46377338005,0.0001631585280193852,10.570453171831097,0.10570453171831097,64138.533039899994,66082.1249502,SL,-0.10042194642504253,0.010570453171831098,0.010459516265792734,0.005282585293268347,0.005232374320055711,0.010514959613324059,-0.13196687547599043,-1.2484504999999928,0 days 00:15:00
15m,DEVELOPMENT,312,CLOSED,BTCUSDT,LONG,2024-08-01 22:15:00+00:00,2024-08-01 22:30:00+00:00,65538.01,65570.77900499999,2024-08-02 00:45:00+00:00,64915.07121494999,64882.61367934252,0.00015919618906158744,10.438618131395547,0.10438618131395547,64915.07121494999,66882.19458509999,SL,-0.09916948059861636,0.010438618131395547,0.010329064834106552,0.005216700715339253,0.005167115975040171,0.010383816690379424,-0.13032098025449787,-1.2484504999999952,0 days 02:15:00
15m,DEVELOPMENT,313,CLOSED,BTCUSDT,LONG,2024-08-02 09:30:00+00:00,2024-08-02 09:45:00+00:00,64566.0,64598.282999999996,2024-08-02 14:30:00+00:00,63952.300169999995,63920.324019914995,0.0001595774200675042,10.308427341930516,0.10308427341930516,63952.300169999995,65890.24866,SL,-0.09793263556726672,0.010308427341930515,0.010200240396976956,0.00515163785203857,0.005102671534255601,0.01025430938629417,-0.12869561269246838,-1.2484505000000012,0 days 04:45:00
15m,DEVELOPMENT,314,CLOSED,BTCUSDT,LONG,2024-08-03 14:30:00+00:00,2024-08-03 14:45:00+00:00,62135.98,62167.04799,2024-08-03 15:15:00+00:00,61545.3775101,61514.604821344954,0.00016375009953699583,10.179860296283696,0.10179860296283696,61545.3775101,63410.3889498,SL,-0.09671121650792323,0.010179860296283696,0.0100730226624742,0.005087386454913722,0.00503903084665965,0.010126417301573373,-0.12709051676825447,-1.248450499999992,0 days 00:30:00
15m,DEVELOPMENT,315,CLOSED,BTCUSDT,LONG,2024-08-04 12:45:00+00:00,2024-08-04 13:00:00+00:00,61062.0,61092.530999999995,2024-08-04 14:00:00+00:00,60481.60569,60451.364887155,0.00016455197678859725,10.052896743068658,0.10052896743068658,60481.60569,62314.38161999999,SL,-0.09550503102735446,0.010052896743068657,0.009947391591750152,0.005023936403331906,0.0049761838878179315,0.010000120291149838,-0.12550543965332311,-1.2484504999999875,0 days 01:00:00
15m,DEVELOPMENT,316,CLOSED,BTCUSDT,LONG,2024-08-05 16:15:00+00:00,2024-08-05 16:30:00+00:00,55461.76,55489.49088,2024-08-05 16:30:00+00:00,54934.5959712,54907.1286732144,0.00017890805134514382,9.927516683474929,0.0992751668347493,54934.5959712,56599.2806976,SL,-0.09431388913186423,0.009927516683474929,0.00982332739588186,0.0049612777028852206,0.00491412075831952,0.009875398461204742,-0.12394013167242576,-1.248450499999996,0 days 00:00:00
15m,DEVELOPMENT,317,CLOSED,BTCUSDT,LONG,2024-08-05 21:00:00+00:00,2024-08-05 21:15:00+00:00,54773.99,54801.37699499999,2024-08-05 22:00:00+00:00,54253.363225049994,54226.23654343747,0.00017889514654006482,9.80370036811786,0.09803700368117861,54253.363225049994,55897.40453489999,SL,-0.09313760319736229,0.009803700368117861,0.009700810532754464,0.004899400483815855,0.004852831682217585,0.00975223216603344,-0.12239434626426805,-1.2484504999999875,0 days 00:45:00
15m,DEVELOPMENT,318,CLOSED,BTCUSDT,LONG,2024-08-05 22:15:00+00:00,2024-08-05 22:30:00+00:00,54922.0,54949.460999999996,2024-08-05 23:30:00+00:00,54399.966389999994,54372.766406805,0.00017618786640924075,9.681428293927784,0.09681428293927784,54399.966389999994,56048.45022,SL,-0.09197598793981472,0.009681428293927784,0.009579821703983013,0.004838294999463402,0.004792307005493245,0.009630602004956646,-0.12086783994268217,-1.2484504999999926,0 days 01:00:00
15m,DEVELOPMENT,319,CLOSED,BTCUSDT,LONG,2024-08-06 00:00:00+00:00,2024-08-06 00:15:00+00:00,54995.49,55022.987745,2024-08-06 01:00:00+00:00,56123.4474999,56095.385776150055,0.00017375794359597896,9.560681201077951,0.09560681201077952,54472.75786755,56123.4474999,TP,0.19599157564628622,0.00956068120107795,0.009747018877686963,0.004777951624726713,0.004875947412549129,0.009653899037275843,0.16702997653024546,1.7470510000000115,0 days 00:45:00
15m,DEVELOPMENT,320,CLOSED,BTCUSDT,LONG,2024-08-06 01:00:00+00:00,2024-08-06 01:15:00+00:00,56072.0,56100.036,2024-08-06 01:30:00+00:00,55539.03564,55511.26612218001,0.00017339640057440926,9.72754431449478,0.0972754431449478,55539.03564,57222.036720000004,SL,-0.09241410165844334,0.00972754431449478,0.009625453736914159,0.0048613414865041485,0.004815134435673838,0.009676475922177987,-0.12144357563203027,-1.2484504999999857,0 days 00:15:00
15m,DEVELOPMENT,321,CLOSED,BTCUSDT,LONG,2024-08-06 05:30:00+00:00,2024-08-06 05:45:00+00:00,55771.88,55799.76594,2024-08-06 08:30:00+00:00,55241.768280599994,55214.147396459695,0.00017215523935074287,9.60622206111613,0.0960622206111613,55241.768280599994,56915.7612588,SL,-0.09126150993594144,0.00960622206111613,0.009505404760584715,0.004800710675220476,0.0047550799202522405,0.009555790595472716,-0.11992892735311501,-1.248450500000004,0 days 02:45:00
15m,DEVELOPMENT,322,CLOSED,BTCUSDT,LONG,2024-08-06 11:30:00+00:00,2024-08-06 11:45:00+00:00,55294.0,55321.647,2024-08-06 12:45:00+00:00,54768.43053,54741.046314735,0.00017147741358606425,9.48641294288125,0.0948641294288125,54768.43053,56428.079939999996,SL,-0.09012329337539897,0.00948641294288125,0.009386853039045713,0.0047408360534134395,0.0046957744067255116,0.009436610460138951,-0.11843316981746486,-1.2484504999999912,0 days 01:00:00
15m,DEVELOPMENT,323,CLOSED,BTCUSDT,LONG,2024-08-06 14:00:00+00:00,2024-08-06 14:15:00+00:00,56149.99,56178.06499499999,2024-08-07 00:15:00+00:00,55616.28434504999,55588.47620287747,0.00016675722256992187,9.368098087918751,0.09368098087918751,55616.28434504999,57301.626294899994,SL,-0.08899927268932388,0.009368098087918752,0.009269779898486045,0.004681708189863677,0.004637208553519267,0.009318916743382944,-0.11695606741911162,-1.248450499999995,0 days 10:00:00
15m,DEVELOPMENT,324,CLOSED,BTCUSDT,LONG,2024-08-07 01:30:00+00:00,2024-08-07 01:45:00+00:00,56591.99,56620.285995,2024-08-07 14:30:00+00:00,56054.08313505,56026.05609348248,0.00016339124215205815,9.251258859727832,0.09251258859727832,56054.08313505,57752.6917149,SL,-0.08788927082629937,0.009251258859727832,0.00915416689799499,0.004623317770978493,0.004579373135564233,0.009202690906542726,-0.11549738749056492,-1.2484504999999837,0 days 12:45:00
15m,DEVELOPMENT,325,CLOSED,BTCUSDT,LONG,2024-08-08 02:15:00+00:00,2024-08-08 02:30:00+00:00,57620.75,57649.560374999994,2024-08-08 03:45:00+00:00,57073.06477124999,57044.52823886437,0.00015847261964905754,9.135876854242753,0.09135876854242753,57073.06477124999,58802.5515825,SL,-0.08679311294310706,0.009135876854242752,0.009039995826657474,0.00456565559932071,0.004522259042850007,0.009087914642170718,-0.114056900266178,-1.2484505000000008,0 days 01:15:00
15m,DEVELOPMENT,326,CLOSED,BTCUSDT,LONG,2024-08-08 06:45:00+00:00,2024-08-08 07:00:00+00:00,57216.0,57244.608,2024-08-08 12:30:00+00:00,58389.50016,58360.30540992001,0.00015760320861894772,9.021933896933884,0.09021933896933884,56672.16192,58389.50016,TP,0.18494739053084905,0.009021933896933884,0.009197771388585126,0.004508712592170884,0.004601186287435377,0.009109898879606261,0.15761778636572377,1.7470510000000152,0 days 05:30:00
15m,DEVELOPMENT,327,CLOSED,BTCUSDT,LONG,2024-08-08 12:30:00+00:00,2024-08-08 12:45:00+00:00,58049.33,58078.354665,2024-08-08 13:30:00+00:00,57497.571118349995,57468.82233279082,0.0001580518986104368,9.179394222973569,0.09179394222973569,57497.571118349995,59239.9217583,SL,-0.08720653881995483,0.009179394222973569,0.00908305648060346,0.004587403409781449,0.004543800140371965,0.009131203550153413,-0.11460019307368527,-1.2484505000000068,0 days 00:45:00
15m,DEVELOPMENT,328,CLOSED,BTCUSDT,LONG,2024-08-08 14:00:00+00:00,2024-08-08 14:15:00+00:00,57515.37,57544.127685,2024-08-08 14:45:00+00:00,58695.0102387,58665.662733580655,0.00015752968861095786,9.06490851560725,0.0906490851560725,56968.68640815,58695.0102387,TP,0.1858283594753667,0.00906490851560725,0.009241583582576436,0.004530189163221518,0.004623103342958979,0.009153292506180497,0.1583685748710025,1.7470510000000097,0 days 00:30:00
15m,DEVELOPMENT,329,CLOSED,BTCUSDT,LONG,2024-08-08 14:45:00+00:00,2024-08-08 15:00:00+00:00,58922.25,58951.711124999994,2024-08-08 21:30:00+00:00,60130.74534749999,60100.67997482625,0.00015645209789682328,9.223118880113745,0.09223118880113745,58362.19401374999,60130.74534749999,TP,0.18907163241492436,0.009223118880113745,0.009402877467087165,0.004609254812649665,0.004703790628857024,0.009313045441506688,0.16113259062621677,1.7470510000000083,0 days 06:30:00
15m,DEVELOPMENT,330,CLOSED,BTCUSDT,LONG,2024-08-08 21:30:00+00:00,2024-08-08 21:45:00+00:00,60511.93,60542.185965,2024-08-08 22:45:00+00:00,61753.029684299996,61722.15316945785,0.00015500085352957005,9.384090499120957,0.09384090499120956,59936.76410535,61753.029684299996,TP,0.19237151038177927,0.009384090499120958,0.009566986422948825,0.004689700399360278,0.004785886154550818,0.009475586553911095,0.1639448469057984,1.7470510000000081,0 days 01:00:00
15m,DEVELOPMENT,331,CLOSED,BTCUSDT,LONG,2024-08-08 22:45:00+00:00,2024-08-08 23:00:00+00:00,62332.0,62363.166,2024-08-08 23:30:00+00:00,61739.53434,61708.66457283,0.00015310113609307322,9.547871564960916,0.09547871564960916,61739.53434,63610.429319999996,SL,-0.0907071656421327,0.009547871564960916,0.009447666652886651,0.004771550007476328,0.004726196424655539,0.009497746432131866,-0.11920045029211214,-1.2484504999999975,0 days 00:30:00
15m,DEVELOPMENT,332,CLOSED,BTCUSDT,LONG,2024-08-09 01:15:00+00:00,2024-08-09 01:30:00+00:00,61241.85,61272.470924999994,2024-08-09 05:00:00+00:00,60659.74621574999,60629.41634264212,0.00015388297637904878,9.428790196037728,0.09428790196037728,60659.74621574999,62497.920343499994,SL,-0.08957586288189892,0.009428790196037727,0.009329835042930312,0.004712039078478951,0.004667251147037672,0.009379290225516623,-0.11771377834638358,-1.2484504999999955,0 days 03:30:00
15m,DEVELOPMENT,333,CLOSED,BTCUSDT,LONG,2024-08-09 08:15:00+00:00,2024-08-09 08:30:00+00:00,60942.0,60972.471,2024-08-09 10:15:00+00:00,60362.746289999995,60332.564916855,0.0001527114427406675,9.311194013873509,0.0931119401387351,60362.746289999995,62191.92042,SL,-0.0884586697669849,0.009311194013873508,0.009213473032697907,0.004653270371750532,0.004609041036866581,0.009262311408617115,-0.11624564822217343,-1.2484504999999948,0 days 01:45:00
15m,DEVELOPMENT,334,CLOSED,BTCUSDT,LONG,2024-08-09 22:15:00+00:00,2024-08-09 22:30:00+00:00,60863.98,60894.41199,2024-08-10 03:30:00+00:00,60285.4678701,60255.32513616495,0.00015100013604992264,9.19506449517004,0.09195064495170041,60285.4678701,62112.3002298,SL,-0.08735541032143082,0.009195064495170041,0.009098562293293231,0.00459523463026948,0.0045515569251089365,0.009146791555378416,-0.11479582866527252,-1.2484504999999964,0 days 05:00:00
15m,DEVELOPMENT,335,CLOSED,BTCUSDT,LONG,2024-08-10 07:45:00+00:00,2024-08-10 08:00:00+00:00,60842.01,60872.431005,2024-08-11 12:15:00+00:00,60263.70669495,60233.57484160253,0.0001491707033501986,9.080383347652287,0.09080383347652286,60263.70669495,62089.8796251,SL,-0.0862659107640532,0.009080383347652286,0.008985084724418677,0.004537922712469388,0.004494789757087074,0.009032712469556461,-0.11336409130568063,-1.2484504999999881,1 days 04:15:00
15m,DEVELOPMENT,336,CLOSED,BTCUSDT,LONG,2024-08-12 14:00:00+00:00,2024-08-12 14:15:00+00:00,59340.94,59370.61047,2024-08-12 14:30:00+00:00,60558.0226794,60527.7436680603,0.000151036555565117,8.967132507187072,0.08967132507187073,58776.9043653,60558.0226794,TP,0.18382397573453882,0.008967132507187073,0.009141901919752149,0.004481325590797729,0.0045732375786652,0.009054563169462928,0.15666037813813669,1.7470509999999984,0 days 00:15:00
15m,DEVELOPMENT,337,CLOSED,BTCUSDT,LONG,2024-08-12 14:30:00+00:00,2024-08-12 14:45:00+00:00,60229.22,60259.33461,2024-08-12 15:15:00+00:00,59656.741263899996,59626.91289326805,0.00015140619192859265,9.123636381450945,0.09123636381450945,59656.741263899996,61464.5213022,SL,-0.08667682539299555,0.009123636381450945,0.009027883817627619,0.004559538421514246,0.004516200008818056,0.009075738430332303,-0.11390408402240641,-1.2484505000000021,0 days 00:30:00
15m,DEVELOPMENT,338,CLOSED,BTCUSDT,LONG,2024-08-12 15:45:00+00:00,2024-08-12 16:00:00+00:00,60207.38,60237.483689999994,2024-08-12 16:45:00+00:00,59635.10885309999,59605.291298673445,0.00014957208594717564,9.00984608772227,0.0900984608772227,59635.10885309999,61442.2333638,SL,-0.08559578916921648,0.00900984608772227,0.008915287753031626,0.004502671708006575,0.004459873813422052,0.008962545521428628,-0.11248346853139901,-1.2484504999999988,0 days 00:45:00
15m,DEVELOPMENT,339,CLOSED,BTCUSDT,LONG,2024-08-13 00:15:00+00:00,2024-08-13 00:30:00+00:00,59654.51,59684.337255,2024-08-13 03:00:00+00:00,59087.49388245,59057.95013550878,0.0001490755430905439,8.897474990288307,0.08897474990288308,59087.49388245,60878.0240001,SL,-0.08452823566485844,0.008897474990288307,0.008804095990265232,0.004446514238024621,0.004404250120192099,0.00885076435821672,-0.1110805710036287,-1.2484504999999928,0 days 02:30:00
15m,DEVELOPMENT,340,CLOSED,BTCUSDT,LONG,2024-08-13 14:45:00+00:00,2024-08-13 15:00:00+00:00,59643.63,59673.45181499999,2024-08-13 16:45:00+00:00,60866.9208513,60836.487390874354,0.0001472431227227488,8.78650538888608,0.0878650538888608,59076.717296849994,60866.9208513,TP,0.18012116494358177,0.008786505388886081,0.008957754378915474,0.004391057165859477,0.004481117748330977,0.008872174914190453,0.15350473026158976,1.7470510000000181,0 days 01:45:00
15m,DEVELOPMENT,341,CLOSED,BTCUSDT,LONG,2024-08-13 16:45:00+00:00,2024-08-13 17:00:00+00:00,61157.6,61188.178799999994,2024-08-13 19:15:00+00:00,60576.297011999995,60546.008863494,0.00014610431202715892,8.93985676776879,0.0893985676776879,60576.297011999995,62411.94237599999,SL,-0.08493087314107227,0.008939856767768789,0.008846032970991057,0.004467694536615456,0.004425229100045381,0.008892923636660837,-0.11160968651649295,-1.248450499999996,0 days 02:15:00
15m,DEVELOPMENT,342,CLOSED,BTCUSDT,LONG,2024-08-13 21:30:00+00:00,2024-08-13 21:45:00+00:00,60983.06,61013.55153,2024-08-13 23:45:00+00:00,60403.41601469999,60373.214306692644,0.00014469504492128728,8.828358579440627,0.08828358579440627,60403.41601469999,62233.8225606,SL,-0.08387161249133816,0.008828358579440627,0.008735704956149396,0.004411973303068682,0.004370037496822998,0.00878201079989168,-0.11021768682681987,-1.2484505000000052,0 days 02:00:00
15m,DEVELOPMENT,343,CLOSED,BTCUSDT,LONG,2024-08-13 23:45:00+00:00,2024-08-14 00:00:00+00:00,60587.16,60617.45358,2024-08-14 13:45:00+00:00,60011.279044200004,59981.27340467791,0.0001438241048625892,8.718251000193053,0.08718251000193053,60011.279044200004,61829.8026516,SL,-0.08282556297534721,0.008718251000193054,0.008626752955946029,0.004356947026582911,0.004315534245095031,0.008672481271677943,-0.10884304820316423,-1.2484504999999892,0 days 13:45:00
15m,DEVELOPMENT,344,CLOSED,BTCUSDT,LONG,2024-08-15 13:15:00+00:00,2024-08-15 13:30:00+00:00,59167.09,59196.67354499999,2024-08-15 18:00:00+00:00,58604.70680954999,58575.40445614522,0.0001454391973521792,8.60951668630378,0.0860951668630378,58604.70680954999,60380.607015899994,SL,-0.08179255982340629,0.008609516686303779,0.008519159808681022,0.004302607039631208,0.0042617107597204005,0.008564317799351608,-0.1074855541177427,-1.248450499999997,0 days 04:30:00
15m,DEVELOPMENT,345,CLOSED,BTCUSDT,LONG,2024-08-16 06:15:00+00:00,2024-08-16 06:30:00+00:00,58319.95,58349.10997499999,2024-08-16 12:30:00+00:00,57765.618875249995,57736.73606581237,0.00014571153722832736,8.502138510361979,0.08502138510361978,57765.618875249995,59516.092174499994,SL,-0.08077244032083054,0.00850213851036198,0.00841290856669573,0.004248944782788871,0.004208558562628772,0.008457503345417644,-0.1061449907433059,-1.2484504999999908,0 days 06:00:00
15m,DEVELOPMENT,346,CLOSED,BTCUSDT,LONG,2024-08-16 13:15:00+00:00,2024-08-16 13:30:00+00:00,58547.6,58576.873799999994,2024-08-16 13:45:00+00:00,57991.105061999995,57962.109509468995,0.00014333471579991463,8.396099558570464,0.08396099558570465,57991.105061999995,59748.41127599999,SL,-0.0797650437823216,0.008396099558570465,0.008307982493703268,0.00419595180338288,0.004156069281492337,0.008352021084875217,-0.10482114691947056,-1.2484504999999977,0 days 00:15:00
15m,DEVELOPMENT,347,CLOSED,BTCUSDT,LONG,2024-08-16 16:15:00+00:00,2024-08-16 16:30:00+00:00,58555.0,58584.2775,2024-08-16 19:15:00+00:00,59755.96305,59726.085068475004,0.0001415291522214554,8.291383128081485,0.08291383128081485,57998.434725,59755.96305,TP,0.16997128231579314,0.008291383128081484,0.008452982185247794,0.004143619754163166,0.004228605395320785,0.00837222514948395,0.14485469185297992,1.7470510000000126,0 days 02:45:00
15m,DEVELOPMENT,348,CLOSED,BTCUSDT,LONG,2024-08-16 19:15:00+00:00,2024-08-16 19:30:00+00:00,59781.21,59811.10060499999,2024-08-16 20:30:00+00:00,59212.98959894999,59183.38310415052,0.0001410456090026768,8.436093109952596,0.08436093109952596,59212.98959894999,61007.32261709999,SL,-0.0801449925138434,0.008436093109952596,0.008347556312763644,0.004215938585682501,0.0041758660894264795,0.008391804675108982,-0.10532044661166862,-1.2484504999999986,0 days 01:00:00
15m,DEVELOPMENT,349,CLOSED,BTCUSDT,LONG,2024-08-17 00:45:00+00:00,2024-08-17 01:00:00+00:00,59187.26,59216.85363,2024-08-18 23:45:00+00:00,58624.6850937,58595.372751153154,0.00014068423713670228,8.33087787857231,0.0833087787857231,58624.6850937,60401.1907026,SL,-0.07914542152506782,0.008330877878572309,0.008243445315236693,0.0041633572606552295,0.00412378454989243,0.00828714181054766,-0.1040068865294245,-1.2484504999999892,1 days 22:45:00
15m,DEVELOPMENT,350,CLOSED,BTCUSDT,LONG,2024-08-19 17:30:00+00:00,2024-08-19 17:45:00+00:00,59017.63,59047.13881499999,2024-08-20 00:15:00+00:00,60228.08159129999,60197.96755050434,0.00013932893379986258,8.22697489502643,0.0822697489502643,58456.66742684999,60228.08159129999,TP,0.16865092963217493,0.00822697489502643,0.008387318635730496,0.004111431731646524,0.004195757196463226,0.00830718892810975,0.14372944717330824,1.7470510000000006,0 days 06:30:00
15m,DEVELOPMENT,351,CLOSED,BTCUSDT,LONG,2024-08-20 00:15:00+00:00,2024-08-20 00:30:00+00:00,60293.97,60324.116985,2024-08-20 14:30:00+00:00,59720.87581515,59691.01537724243,0.00013875977261995932,8.370560756338426,0.08370560756338426,59720.87581515,61530.5993247,SL,-0.07952241877960702,0.008370560756338427,0.008282711721200656,0.004183188783777242,0.004143427574386768,0.00832661635816401,-0.1045023076153101,-1.248450499999991,0 days 14:00:00
15m,DEVELOPMENT,352,CLOSED,BTCUSDT,LONG,2024-08-21 08:30:00+00:00,2024-08-21 08:45:00+00:00,59584.69,59614.482345,2024-08-21 13:30:00+00:00,59018.33752155,58988.82835278923,0.00013866031409607844,8.266162846632822,0.08266162846632823,59018.33752155,60806.7719919,SL,-0.07853061255097007,0.008266162846632822,0.008179409467557412,0.0041310159153579535,0.004091750609082691,0.008222766524440645,-0.10319895138960095,-1.2484504999999908,0 days 04:45:00
15m,DEVELOPMENT,353,CLOSED,BTCUSDT,LONG,2024-08-21 13:45:00+00:00,2024-08-21 14:00:00+00:00,59928.01,59957.974005,2024-08-21 14:15:00+00:00,59358.394264949995,59328.715067817524,0.0001361464780384011,8.163066991098756,0.08163066991098755,59358.394264949995,61157.1334851,SL,-0.07755117616231348,0.008163066991098755,0.008077395603027174,0.004079493748674273,0.004040718160593342,0.008120211909267615,-0.10191185066570703,-1.248450499999996,0 days 00:15:00
15m,DEVELOPMENT,354,CLOSED,BTCUSDT,LONG,2024-08-21 14:30:00+00:00,2024-08-21 14:45:00+00:00,59848.0,59877.924,2024-08-21 14:45:00+00:00,59279.144759999996,59249.50518762,0.00013462819703758723,8.061256950473673,0.08061256950473673,59279.144759999996,61075.48248,SL,-0.07658395533658456,0.008061256950473673,0.007976654058778452,0.004028614168152635,0.003990322190483688,0.008018936358636323,-0.10064080270447302,-1.2484504999999961,0 days 00:00:00
15m,DEVELOPMENT,355,CLOSED,BTCUSDT,LONG,2024-08-21 15:30:00+00:00,2024-08-21 15:45:00+00:00,59731.99,59761.855995,2024-08-21 19:00:00+00:00,60957.0931149,60926.61456834256,0.00013320732021270692,7.960716688031644,0.07960716688031644,59164.237435049996,60957.0931149,TP,0.1631927029200696,0.007960716688031643,0.008115871056281383,0.003978369159436119,0.004059965510895599,0.008038334670331718,0.13907778050542485,1.7470510000000143,0 days 03:15:00
15m,DEVELOPMENT,356,CLOSED,BTCUSDT,LONG,2024-08-21 19:00:00+00:00,2024-08-21 19:15:00+00:00,61041.72,61072.24086,2024-08-22 02:45:00+00:00,60461.5184514,60431.2876921743,0.00013262417451265283,8.099655529695406,0.08099655529695406,60461.5184514,62293.685677199996,SL,-0.07694875143403807,0.008099655529695406,0.008014649644911253,0.004047803862915834,0.004009329487199017,0.008057133350114851,-0.10112018995875957,-1.2484504999999955,0 days 07:30:00
15m,DEVELOPMENT,357,CLOSED,BTCUSDT,LONG,2024-08-22 05:45:00+00:00,2024-08-22 06:00:00+00:00,60724.01,60754.372005,2024-08-22 15:30:00+00:00,60146.828284949996,60116.75487080753,0.0001316553211717695,7.998636358907436,0.07998636358907436,60146.828284949996,61969.4594451,SL,-0.07598904406938134,0.007998636358907435,0.007914690670320704,0.003997319519693266,0.003959324997658407,0.007956644517351672,-0.09985901561596115,-1.2484504999999935,0 days 09:30:00
15m,DEVELOPMENT,358,CLOSED,BTCUSDT,LONG,2024-08-23 01:45:00+00:00,2024-08-23 02:00:00+00:00,60768.45,60798.83422499999,2024-08-23 14:00:00+00:00,62014.81090949999,61983.803504045245,0.00012991823286144326,7.898877102547835,0.07898877102547835,60190.84588274999,62014.81090949999,TP,0.16192500686982017,0.007898877102547835,0.008052826217276493,0.00394746481886375,0.004028427322298618,0.007975892141162368,0.13799741140883348,1.7470510000000063,0 days 12:00:00
15m,DEVELOPMENT,359,CLOSED,BTCUSDT,LONG,2024-08-23 14:00:00+00:00,2024-08-23 14:15:00+00:00,62088.0,62119.043999999994,2024-08-23 14:15:00+00:00,61497.853559999996,61467.10463322,0.00012937637376397507,8.036736654404812,0.08036736654404812,61497.853559999996,63361.42488,SL,-0.07635100639691982,0.008036736654404813,0.007952391103216834,0.004016360147128119,0.003978184643930048,0.007994544791058166,-0.10033467894559964,-1.2484504999999937,0 days 00:00:00
15m,DEVELOPMENT,360,CLOSED,BTCUSDT,LONG,2024-08-23 15:30:00+00:00,2024-08-23 15:45:00+00:00,61649.99,61680.81499499999,2024-08-23 17:45:00+00:00,62914.431294899994,62882.97407925255,0.000128670514657549,7.936502209903715,0.07936502209903715,61064.00684504999,62914.431294899994,TP,0.16269631216904018,0.007936502209903716,0.008091184637974739,0.0039662679709657825,0.004047616127050379,0.008013884098016162,0.13865474122314558,1.7470510000000081,0 days 02:00:00
15m,DEVELOPMENT,361,CLOSED,BTCUSDT,LONG,2024-08-23 17:45:00+00:00,2024-08-23 18:00:00+00:00,62999.88,63031.37993999999,2024-08-23 21:15:00+00:00,64292.00753879999,64259.86153503059,0.00012811108439302025,8.075018434901862,0.08075018434901862,62401.06614059999,64292.00753879999,TP,0.16553586016975133,0.008075018434901863,0.0082324005441981,0.004035491471714336,0.004118259401799668,0.008153750873514005,0.14107469031713737,1.7470510000000006,0 days 03:15:00
15m,DEVELOPMENT,362,CLOSED,BTCUSDT,LONG,2024-08-23 21:15:00+00:00,2024-08-23 21:30:00+00:00,64264.01,64296.142005,2024-08-24 01:30:00+00:00,63653.18058495,63621.35399465753,0.0001277829732120401,8.21595219146244,0.0821595219146244,63653.18058495,65582.0648451,SL,-0.07805359878046034,0.00821595219146244,0.008129725773213045,0.004105923134164072,0.004066896334773092,0.008172819468937165,-0.10257209621407298,-1.2484504999999901,0 days 04:00:00
15m,DEVELOPMENT,363,CLOSED,BTCUSDT,LONG,2024-08-24 04:00:00+00:00,2024-08-24 04:15:00+00:00,63972.05,64004.036025,2024-08-26 09:30:00+00:00,63363.99566475,63332.31366691763,0.0001267651708980638,8.113482564874957,0.08113482564874958,63363.99566475,65284.1167455,SL,-0.07708011172327517,0.008113482564874958,0.008028331565356595,0.00405471392547453,0.004016173869612373,0.008070887795086903,-0.10129281364859362,-1.2484504999999924,2 days 05:15:00
15m,DEVELOPMENT,364,CLOSED,BTCUSDT,LONG,2024-08-29 05:45:00+00:00,2024-08-29 06:00:00+00:00,59436.17,59465.88808499999,2024-08-29 13:45:00+00:00,60655.205846699995,60624.87824377665,0.00013473759832520615,8.012290942848391,0.08012290942848392,58871.22920414999,60655.205846699995,TP,0.16424996225669175,0.008012290942848391,0.008168450493324507,0.004004143399723411,0.0040862683808520995,0.008090411780575511,0.13997880903994334,1.7470510000000135,0 days 07:45:00
15m,DEVELOPMENT,365,CLOSED,BTCUSDT,LONG,2024-08-29 13:45:00+00:00,2024-08-29 14:00:00+00:00,60626.99,60657.30349499999,2024-08-29 18:00:00+00:00,60050.73046004999,60020.70509481997,0.0001343965102832217,8.152129912918266,0.08152129912918266,60050.73046004999,61870.449564899995,SL,-0.07744727118669559,0.008152129912918266,0.008066573309482187,0.0040740279424872,0.004035304306894334,0.008109332249381533,-0.10177530665847756,-1.2484504999999988,0 days 04:00:00
15m,DEVELOPMENT,366,CLOSED,BTCUSDT,LONG,2024-08-30 12:15:00+00:00,2024-08-30 12:30:00+00:00,59558.0,59587.778999999995,2024-08-30 13:45:00+00:00,58991.901209999996,58962.405259395,0.00013510247260420318,8.050456279892813,0.08050456279892813,58991.901209999996,60779.53458,SL,-0.07648134626724806,0.008050456279892813,0.007965966741235338,0.00402321653167989,0.0039849758585469375,0.008008192390226827,-0.10050596167860304,-1.2484504999999977,0 days 01:15:00
15m,DEVELOPMENT,367,CLOSED,BTCUSDT,LONG,2024-08-30 13:45:00+00:00,2024-08-30 14:00:00+00:00,59653.0,59682.826499999996,2024-08-30 14:15:00+00:00,59085.99823499999,59056.455235882495,0.00013320499698133993,7.950050723770334,0.07950050723770334,59085.99823499999,60876.483029999996,SL,-0.0755274683952405,0.007950050723770334,0.007866614941424365,0.003973038842463346,0.003935275108265909,0.007908313950729256,-0.09925244801116445,-1.2484505000000012,0 days 00:15:00
15m,DEVELOPMENT,368,CLOSED,BTCUSDT,LONG,2024-08-31 00:15:00+00:00,2024-08-31 00:30:00+00:00,59374.5,59404.187249999995,2024-08-31 17:45:00+00:00,58810.1453775,58780.740304811254,0.00013216067406180847,7.850897429053887,0.07850897429053888,58810.1453775,60592.270995,SL,-0.07458548731949782,0.007850897429053887,0.007768502260535969,0.003923486971040816,0.00388619422738082,0.007809681198421636,-0.09801456820750931,-1.248450499999986,0 days 17:15:00
15m,VALIDATION,1,CLOSED,BTCUSDT,LONG,2024-09-01 19:45:00+00:00,2024-09-01 20:00:00+00:00,58514.01,58543.267005,2024-09-01 22:15:00+00:00,57957.83433495,57928.85541778253,0.00034128638530394196,19.980019980019982,0.19980019980019983,57957.83433495,59714.132345100006,SL,-0.18981518231893144,0.019980019980019983,0.019770329670329673,0.00998501748126918,0.009890109890108554,0.019875127371377733,-0.24944065934065887,-1.2484504999999975,0 days 02:15:00
15m,VALIDATION,2,CLOSED,BTCUSDT,LONG,2024-09-02 09:30:00+00:00,2024-09-02 09:45:00+00:00,58051.0,58080.025499999996,2024-09-02 20:45:00+00:00,59241.62601,59212.005196995,0.00033971797261258434,19.7308285121472,0.197308285121472,57499.225244999994,59241.62601,TP,0.4044770542570106,0.0197308285121472,0.02011538235984895,0.009860484014065241,0.010062722541195054,0.019923206555260295,0.34470763682975414,1.7470510000000068,0 days 11:00:00
15m,VALIDATION,3,CLOSED,BTCUSDT,LONG,2024-09-02 20:45:00+00:00,2024-09-02 21:00:00+00:00,58992.01,59021.506004999996,2024-09-03 13:45:00+00:00,58431.29094494999,58402.075299477525,0.0003401335063189126,20.075191785703403,0.20075191785703403,58431.29094494999,60201.936125099994,SL,-0.19071933825398693,0.020075191785703404,0.019864502647912445,0.010032579603048,0.009937219933920861,0.01996979953696886,-0.25062883222457166,-1.248450499999993,0 days 16:45:00
15m,VALIDATION,4,CLOSED,BTCUSDT,LONG,2024-09-04 15:30:00+00:00,2024-09-04 15:45:00+00:00,57787.39,57816.283695,2024-09-05 03:00:00+00:00,57238.120858049995,57209.50179762097,0.00034289324849232864,19.824813331932603,0.19824813331932603,57238.120858049995,58972.6093689,SL,-0.18834068037983095,0.019824813331932603,0.01961675191601397,0.009907452939496157,0.009813282599306332,0.01972073553880249,-0.24750298116658004,-1.248450500000004,0 days 11:15:00
15m,VALIDATION,5,CLOSED,BTCUSDT,LONG,2024-09-06 03:15:00+00:00,2024-09-06 03:30:00+00:00,56799.08,56827.47954,2024-09-06 07:00:00+00:00,56259.2047446,56231.0751422277,0.0003445086385137163,19.577557606491467,0.1957755760649147,56259.2047446,57964.0291308,SL,-0.18599168920509956,0.019577557606491467,0.01937209113941134,0.009783886859815318,0.009690891015212273,0.01947477787502759,-0.24441611582602996,-1.2484504999999957,0 days 03:30:00
15m,VALIDATION,6,CLOSED,BTCUSDT,LONG,2024-09-07 08:00:00+00:00,2024-09-07 08:15:00+00:00,54293.6,54320.74679999999,2024-09-08 15:45:00+00:00,53777.53933199999,53750.650562334,0.0003559116323233119,19.33338566260932,0.1933338566260932,53777.53933199999,55407.161735999995,SL,-0.18367199472574072,0.01933338566260932,0.019130481780080238,0.009661861900352698,0.009570025902989804,0.0192318878033425,-0.24136774997177274,-1.2484504999999915,1 days 07:30:00
15m,VALIDATION,7,CLOSED,BTCUSDT,LONG,2024-09-08 21:00:00+00:00,2024-09-08 21:15:00+00:00,54545.61,54572.882805,2024-09-09 13:45:00+00:00,55664.3404611,55636.50829086945,0.00034984882707188883,19.092259039260902,0.19092259039260903,54027.15397695,55664.3404611,TP,0.39138653962542835,0.019092259039260904,0.019464367167936095,0.009541358840210526,0.009737052110022182,0.019278410950232708,0.3335515024679986,1.747051000000003,0 days 16:30:00
15m,VALIDATION,8,CLOSED,BTCUSDT,LONG,2024-09-09 13:45:00+00:00,2024-09-09 14:00:00+00:00,55686.93,55714.773465,2024-09-09 14:15:00+00:00,55157.625730349995,55130.046917484826,0.0003486593611593485,19.42547732344472,0.1942547732344472,55157.625730349995,56829.0689343,SL,-0.18454688851508633,0.019425477323444722,0.019221606938935168,0.009707884719362018,0.009615611275103153,0.019323495994465173,-0.24251746877193137,-1.2484504999999955,0 days 00:15:00
15m,VALIDATION,9,CLOSED,BTCUSDT,LONG,2024-09-09 15:30:00+00:00,2024-09-09 15:45:00+00:00,55300.01,55327.660005,2024-09-09 16:45:00+00:00,56434.2132051,56405.99609849745,0.00034671992504531677,19.18320212986637,0.1918320212986637,54774.38340495,56434.2132051,TP,0.3932508502584296,0.01918320212986637,0.01955708273937747,0.009586807661101203,0.009783433086231008,0.01937024074733221,0.3351403246418536,1.74705100000001,0 days 01:00:00
15m,VALIDATION,10,CLOSED,BTCUSDT,LONG,2024-09-09 16:45:00+00:00,2024-09-09 17:00:00+00:00,56430.11,56458.325054999994,2024-09-09 21:15:00+00:00,57587.491556099994,57558.697810321944,0.00034570645923298734,19.518007648989105,0.19518007648989105,55893.741804449994,57587.491556099994,TP,0.400114279740894,0.019518007648989106,0.019898413618067903,0.009754126761111679,0.009954183900984417,0.019708310662096096,0.3409895478117409,1.7470510000000012,0 days 04:15:00
15m,VALIDATION,11,CLOSED,BTCUSDT,LONG,2024-09-09 21:15:00+00:00,2024-09-09 21:30:00+00:00,57671.99,57700.82599499999,2024-09-09 23:00:00+00:00,57123.81773504999,57095.25582618247,0.0003441658972026287,19.858656547901933,0.19858656547901934,57123.81773504999,58854.842514899996,SL,-0.1886621993881166,0.019858656547901934,0.019650239947431706,0.00992436609090345,0.009830034991210776,0.019754401082114226,-0.24792549696556443,-1.2484505,0 days 01:30:00
15m,VALIDATION,12,CLOSED,BTCUSDT,LONG,2024-09-10 05:15:00+00:00,2024-09-10 05:30:00+00:00,56898.01,56926.459005,2024-09-11 04:15:00+00:00,56357.19441495,56329.015817742526,0.0003444967256268836,19.61097872875552,0.1961097872875552,56357.19441495,58064.988185099995,SL,-0.18630919821771386,0.01961097872875552,0.019405161506997233,0.009800589069841097,0.009707434470733016,0.019508023540574113,-0.2448333619940407,-1.2484504999999937,0 days 22:45:00
15m,VALIDATION,13,CLOSED,BTCUSDT,LONG,2024-09-11 17:00:00+00:00,2024-09-11 17:15:00+00:00,57643.82,57672.64191,2024-09-13 15:15:00+00:00,58826.0947482,58796.6817008259,0.00033579855741230945,19.3663899555347,0.19366389955534702,57095.9154909,58826.0947482,TP,0.3970061549105606,0.0193663899555347,0.01974384089576807,0.009678355799866997,0.00987685887732108,0.019555214677188078,0.3383407093820698,1.7470510000000063,1 days 22:00:00
15m,VALIDATION,14,CLOSED,BTCUSDT,LONG,2024-09-13 15:15:00+00:00,2024-09-13 15:30:00+00:00,59034.36,59063.877179999996,2024-09-13 21:00:00+00:00,60245.1547236,60215.0321462382,0.0003336115677296296,19.704392662210093,0.19704392662210093,58473.2384082,60245.1547236,TP,0.40393512593895836,0.019704392662210093,0.02008843127519657,0.009847272694756094,0.010049240257726784,0.019896512952482875,0.3442457890490689,1.7470510000000041,0 days 05:30:00
15m,VALIDATION,15,CLOSED,BTCUSDT,LONG,2024-09-13 21:00:00+00:00,2024-09-13 21:15:00+00:00,60084.01,60114.052005,2024-09-14 18:00:00+00:00,59512.91148495,59483.155029207526,0.0003335042952636844,20.048294549372,0.20048294549372,59512.91148495,61316.3330451,SL,-0.19046380778788877,0.020048294549372,0.019837887698076342,0.01001913770583165,0.009923905801937565,0.019943043507769216,-0.2502930335431063,-1.248450499999994,0 days 20:45:00
15m,VALIDATION,16,CLOSED,BTCUSDT,LONG,2024-09-14 22:30:00+00:00,2024-09-14 22:45:00+00:00,60044.78,60074.80239,2024-09-15 22:00:00+00:00,59474.0543661,59444.31733891695,0.00032955999472609245,19.798251558819445,0.19798251558819446,59474.0543661,61276.2984378,SL,-0.18808833689813023,0.019798251558819445,0.01959046890870964,0.00989417869006412,0.009800134521613688,0.01969431321167781,-0.24717137057733712,-1.2484504999999897,0 days 23:15:00
15m,VALIDATION,17,CLOSED,BTCUSDT,LONG,2024-09-17 05:15:00+00:00,2024-09-17 05:30:00+00:00,58365.99,58395.17299499999,2024-09-17 14:00:00+00:00,59563.076454899994,59533.294916672545,0.00033481067201157703,19.55132711268824,0.1955132711268824,57811.22126504999,59563.076454899994,TP,0.4007973204210241,0.01955132711268824,0.019932382478114536,0.00977077816725901,0.009971176827470786,0.019741954994729798,0.34157165583549154,1.7470510000000026,0 days 08:30:00
15m,VALIDATION,18,CLOSED,BTCUSDT,LONG,2024-09-17 14:00:00+00:00,2024-09-17 14:15:00+00:00,59739.31,59769.17965499999,2024-09-17 15:00:00+00:00,60964.56324809999,60934.08096647594,0.00033282299762055066,19.892557538098327,0.19892557538098327,59171.48785844999,60964.56324809999,TP,0.40779245887695637,0.019892557538098328,0.020280263484515865,0.009941308114989993,0.010145204344429642,0.020086512459419635,0.34753312539492254,1.7470510000000017,0 days 00:45:00
15m,VALIDATION,19,CLOSED,BTCUSDT,LONG,2024-09-17 15:00:00+00:00,2024-09-17 15:15:00+00:00,61046.0,61076.522999999994,2024-09-17 18:45:00+00:00,60465.75777,60435.524891115,0.0003313833611247614,20.239743477553795,0.20239743477553795,60465.75777,62298.053459999996,SL,-0.19228262044392802,0.020239743477553796,0.02002732736975687,0.010114814331609028,0.010018673021388825,0.02013348735299785,-0.25268317864423656,-1.2484504999999941,0 days 03:30:00
15m,VALIDATION,20,CLOSED,BTCUSDT,LONG,2024-09-17 23:45:00+00:00,2024-09-18 00:00:00+00:00,60313.99,60344.146994999996,2024-09-18 09:45:00+00:00,59740.70552505,59710.83517228748,0.0003312220608788052,19.987312729657457,0.19987312729657458,59740.70552505,61551.0299349,SL,-0.18988446526276276,0.019987312729657456,0.019777545882559706,0.009988662033811012,0.009893719801178274,0.019882381834989284,-0.24953170570996921,-1.248450499999985,0 days 09:45:00
15m,VALIDATION,21,CLOSED,BTCUSDT,LONG,2024-09-18 20:30:00+00:00,2024-09-18 20:45:00+00:00,60181.82,60211.91091,2024-09-18 23:45:00+00:00,61416.1491282,61385.4410536359,0.0003278093986399738,19.738030306370778,0.1973803030637078,59609.7918009,61416.1491282,TP,0.4046246892390449,0.01973803030637078,0.020122724517041946,0.009864083111629241,0.010066395456248985,0.019930478567878225,0.3448334558477539,1.7470510000000006,0 days 03:00:00
15m,VALIDATION,22,CLOSED,BTCUSDT,LONG,2024-09-18 23:45:00+00:00,2024-09-19 00:00:00+00:00,61759.98,61790.85999,2024-09-19 12:00:00+00:00,63026.6771898,62995.16385120511,0.0003250079263583924,20.082519273251652,0.20082519273251653,61172.951390099995,63026.6771898,TP,0.41168662698090014,0.020082519273251654,0.02047392757388733,0.010036241515865942,0.01024208482935635,0.02027832634522229,0.35085185378853884,1.7470510000000155,0 days 12:00:00
15m,VALIDATION,23,CLOSED,BTCUSDT,LONG,2024-09-19 12:00:00+00:00,2024-09-19 12:15:00+00:00,62970.0,63001.48499999999,2024-09-20 18:00:00+00:00,62371.470149999994,62340.284414924994,0.0003243260158976849,20.433020625687757,0.20433020625687756,62371.470149999994,64261.51469999999,SL,-0.194118801646341,0.020433020625687758,0.020218576074221162,0.010211404610536438,0.010114345209715337,0.020325749820251773,-0.25509614816650167,-1.2484504999999988,1 days 05:45:00
15m,VALIDATION,24,CLOSED,BTCUSDT,LONG,2024-09-21 09:00:00+00:00,2024-09-21 09:15:00+00:00,63061.87,63093.400935,2024-09-22 14:00:00+00:00,62462.46692565,62431.235692187176,0.00031981441830368365,20.178179318828114,0.20178179318828116,62462.46692565,64355.2689537,SL,-0.1916977455526863,0.020178179318828114,0.019966409326877013,0.010084047635594732,0.009988198762819046,0.020072246398413776,-0.25191458059680516,-1.2484504999999948,1 days 04:45:00
15m,VALIDATION,25,CLOSED,BTCUSDT,LONG,2024-09-22 18:30:00+00:00,2024-09-22 18:45:00+00:00,62996.2,63027.698099999994,2024-09-22 22:00:00+00:00,62397.42111899999,62366.222408440495,0.0003161549128691564,19.92651640114899,0.19926516401148991,62397.42111899999,64288.25206199999,SL,-0.18930688495044773,0.01992651640114899,0.019717387611518936,0.009958279061043046,0.009863625618567566,0.019821904679610612,-0.24877269364272625,-1.2484504999999984,0 days 03:15:00
15m,VALIDATION,26,CLOSED,BTCUSDT,LONG,2024-09-22 22:30:00+00:00,2024-09-22 22:45:00+00:00,63500.76,63532.51038,2024-09-23 00:15:00+00:00,62897.1852762,62865.7366835619,0.00030973106703918886,19.67799223167574,0.19677992231675742,62897.1852762,64803.1605876,SL,-0.18694584324045893,0.019677992231675743,0.019471471703204304,0.009834079076299001,0.009740606154677898,0.0195746852309769,-0.24566999240631587,-1.2484504999999946,0 days 01:30:00
15m,VALIDATION,27,CLOSED,BTCUSDT,LONG,2024-09-23 00:30:00+00:00,2024-09-23 00:45:00+00:00,63332.0,63363.666,2024-09-23 03:15:00+00:00,64630.93932,64598.62385034,0.0003066831338931252,19.432567663837265,0.19432567663837266,62730.029339999994,64630.93932,TP,0.3983627813946043,0.019432567663837264,0.019811308407605453,0.009711428117858916,0.009910609508555738,0.019622037626414655,0.33949686769674686,1.7470510000000066,0 days 02:30:00
15m,VALIDATION,28,CLOSED,BTCUSDT,LONG,2024-09-23 03:15:00+00:00,2024-09-23 03:30:00+00:00,64661.99,64694.320994999995,2024-09-23 04:15:00+00:00,64047.37778505,64015.354096157476,0.0003056176348980016,19.771725373824026,0.19771725373824026,64047.37778505,65988.2074149,SL,-0.18783633151244136,0.019771725373824028,0.019564221116025744,0.009880922225798082,0.009787004060041678,0.01966792628583976,-0.24684020428813086,-1.2484504999999897,0 days 00:45:00
15m,VALIDATION,29,CLOSED,BTCUSDT,LONG,2024-09-23 05:30:00+00:00,2024-09-23 05:45:00+00:00,63854.02,63885.947009999996,2024-09-23 12:45:00+00:00,63247.08753989999,63215.46399613005,0.00030562483107733114,19.52513176314658,0.1952513176314658,63247.08753989999,65163.6659502,SL,-0.18549363059341287,0.01952513176314658,0.019320215505292358,0.009757687038054087,0.009664940222755524,0.01942262726080961,-0.24376160512266143,-1.2484504999999955,0 days 07:00:00
15m,VALIDATION,30,CLOSED,BTCUSDT,LONG,2024-09-24 07:45:00+00:00,2024-09-24 08:00:00+00:00,63559.93,63591.709964999995,2024-09-24 14:15:00+00:00,62955.79286534999,62924.31496891732,0.00030320954864593655,19.281613676110954,0.19281613676110954,62955.79286534999,64863.544164299994,SL,-0.18318014791747866,0.019281613676110955,0.01907925314058017,0.009635988843631921,0.009544398769673038,0.01918038761330496,-0.24072140234747474,-1.2484504999999957,0 days 06:15:00
15m,VALIDATION,31,CLOSED,BTCUSDT,LONG,2024-09-24 18:30:00+00:00,2024-09-24 18:45:00+00:00,63805.29,63837.192644999996,2024-09-25 17:15:00+00:00,63198.82071854999,63167.22130819072,0.0002982764743520765,19.041132754684906,0.19041132754684906,63198.82071854999,65113.936497899995,SL,-0.18089551907374574,0.019041132754684907,0.018841296066424488,0.00951580847310431,0.009425360713568962,0.01894116918667327,-0.2377191170815284,-1.2484505000000048,0 days 22:30:00
15m,VALIDATION,32,CLOSED,BTCUSDT,LONG,2024-09-26 05:30:00+00:00,2024-09-26 05:45:00+00:00,63654.01,63685.837005,2024-09-26 14:15:00+00:00,64959.553745100005,64927.07396822746,0.00029525640242056555,18.803651119238825,0.18803651119238826,63048.97863495,64959.553745100005,TP,0.38547014938089885,0.018803651119238825,0.019170134279552793,0.009397126996121113,0.009589862070811068,0.01898698906693218,0.32850937491517507,1.7470510000000103,0 days 08:30:00
15m,VALIDATION,33,CLOSED,BTCUSDT,LONG,2024-09-26 15:15:00+00:00,2024-09-26 15:30:00+00:00,64999.01,65031.509505,2024-09-27 14:15:00+00:00,66332.1396951,66298.97362525246,0.00029419326813395454,19.131832312960277,0.19131832312960279,64381.19440995,66332.1396951,TP,0.39219778184789256,0.019131832312960277,0.019504711724739877,0.009561135588685729,0.009757234479608615,0.019318370068294344,0.33424286774189804,1.7470510000000123,0 days 22:45:00
15m,VALIDATION,34,CLOSED,BTCUSDT,LONG,2024-09-27 14:15:00+00:00,2024-09-27 14:30:00+00:00,66280.1,66313.24005000001,2024-09-27 18:15:00+00:00,65650.1076495,65617.28259567525,0.00029354230402656064,19.4657412717434,0.194657412717434,65650.1076495,67639.504851,SL,-0.1849294060848798,0.0194657412717434,0.019261448317096454,0.009728006632555948,0.009635541929513599,0.019363548562069545,-0.2430201442357892,-1.2484505000000121,0 days 03:45:00
15m,VALIDATION,35,CLOSED,BTCUSDT,LONG,2024-09-27 20:30:00+00:00,2024-09-27 20:45:00+00:00,65871.77,65904.705885,2024-09-30 00:15:00+00:00,65245.65882615,65213.03599673693,0.0002916781684515438,19.222963904874483,0.19222963904874482,65245.65882615,67222.80000270001,SL,-0.1826229604356153,0.019222963904874484,0.019021218898692824,0.009606678613130372,0.009515367132911578,0.019122045746041948,-0.23998918898522456,-1.2484504999999977,2 days 03:30:00
15m,VALIDATION,36,CLOSED,BTCUSDT,LONG,2024-10-01 06:00:00+00:00,2024-10-01 06:15:00+00:00,63871.98,63903.91599,2024-10-01 13:30:00+00:00,63264.8768301,63233.24439168496,0.0002970587040127461,18.983214465328803,0.18983214465328804,63264.8768301,65181.9943098,SL,-0.1803452808525244,0.018983214465328805,0.01878398562951518,0.009486863800763464,0.009396691160335677,0.01888355496109914,-0.23699603590846752,-1.2484504999999881,0 days 07:15:00
15m,VALIDATION,37,CLOSED,BTCUSDT,LONG,2024-10-03 03:45:00+00:00,2024-10-03 04:00:00+00:00,61464.0,61494.731999999996,2024-10-03 07:45:00+00:00,60879.78468,60849.344787660004,0.0003048465222792901,18.74645518869697,0.1874645518869697,60879.78468,62724.626639999995,SL,-0.17809600856428348,0.01874645518869697,0.0185497111414916,0.009368543322686025,0.009279495318402897,0.018648038641088924,-0.23404021353556098,-1.248450499999988,0 days 03:45:00
15m,VALIDATION,38,CLOSED,BTCUSDT,LONG,2024-10-03 21:00:00+00:00,2024-10-03 21:15:00+00:00,60852.59,60883.016294999994,2024-10-04 16:30:00+00:00,62100.6766209,62069.626282589554,0.00030406917902799254,18.51264878156854,0.18512648781568541,60274.186132049996,62100.6766209,TP,0.3795046741728848,0.018512648781568542,0.018873460306321314,0.009251698541512749,0.009441450878598193,0.018693149420110942,0.323425415664884,1.747051000000016,0 days 19:15:00
15m,VALIDATION,39,CLOSED,BTCUSDT,LONG,2024-10-04 16:30:00+00:00,2024-10-04 16:45:00+00:00,62202.0,62233.100999999995,2024-10-07 00:45:00+00:00,63477.76302,63446.02413849,0.00030266451120473774,18.835751094920074,0.18835751094920075,61610.76998999999,63477.76302,TP,0.3861281908613796,0.018835751094920073,0.019202859883760068,0.00941316896297707,0.009606233058408773,0.019019402021385842,0.3290701778613136,1.747051000000008,2 days 08:00:00
15m,VALIDATION,40,CLOSED,BTCUSDT,LONG,2024-10-07 00:45:00+00:00,2024-10-07 01:00:00+00:00,63677.98,63709.81899,2024-10-07 10:00:00+00:00,63072.720800099996,63041.18443969995,0.00030080908775385244,19.164492531344965,0.19164492531344965,63072.720800099996,64984.0153698,SL,-0.1820674677765477,0.019164492531344966,0.0189633611822285,0.009577457536902995,0.009486423803014236,0.01906388133991723,-0.2392592028300384,-1.2484504999999975,0 days 09:00:00
15m,VALIDATION,41,CLOSED,BTCUSDT,LONG,2024-10-07 14:00:00+00:00,2024-10-07 14:15:00+00:00,63909.82,63941.77490999999,2024-10-07 18:15:00+00:00,63302.35716089999,63270.705982319545,0.0002959797780924248,18.92547234869757,0.18925472348697572,63302.35716089999,65220.610408199995,SL,-0.17979671631621466,0.018925472348697573,0.01872684951639799,0.009458007170761364,0.009368108812604373,0.018826115983365737,-0.23627515416467595,-1.2484504999999966,0 days 04:00:00
15m,VALIDATION,42,CLOSED,BTCUSDT,LONG,2024-10-09 05:30:00+00:00,2024-10-09 05:45:00+00:00,62504.49,62535.742244999994,2024-10-09 12:30:00+00:00,61910.38482255,61879.42963013872,0.00029886002088897005,18.689433233647947,0.18689433233647948,61910.38482255,63786.457089899995,SL,-0.17755428574295257,0.018689433233647947,0.01849328763186081,0.009340046593526025,0.009251269450655663,0.01859131604418169,-0.233328322652643,-1.2484504999999948,0 days 06:45:00
15m,VALIDATION,43,CLOSED,BTCUSDT,LONG,2024-10-10 11:30:00+00:00,2024-10-10 11:45:00+00:00,61279.01,61309.649505,2024-10-10 13:45:00+00:00,60696.55300995,60666.20473344503,0.0003010347988487123,18.45633800622273,0.1845633800622273,60696.55300995,62535.842495100005,SL,-0.17533982283772792,0.01845633800622273,0.018262638738847425,0.009223557224498871,0.009135887313078827,0.0183594445375777,-0.2304182441203758,-1.2484504999999895,0 days 02:00:00
15m,VALIDATION,44,CLOSED,BTCUSDT,LONG,2024-10-11 02:45:00+00:00,2024-10-11 03:00:00+00:00,60553.32,60583.596659999996,2024-10-11 13:45:00+00:00,61795.268593199995,61764.3709589034,0.00030084298316663237,18.226149950158423,0.18226149950158424,59977.76069339999,61795.268593199995,TP,0.37363151971788894,0.01822614995015842,0.018581377612687012,0.009108520714720618,0.009295336474580185,0.018403857189300803,0.3184201349657427,1.7470510000000024,0 days 10:45:00
15m,VALIDATION,45,CLOSED,BTCUSDT,LONG,2024-10-11 14:00:00+00:00,2024-10-11 14:15:00+00:00,61922.0,61952.960999999996,2024-10-11 19:00:00+00:00,63192.02022,63160.42420989,0.00029932793661131444,18.544251983091236,0.18544251983091237,61333.43139,63192.02022,TP,0.3801525319072472,0.018544251983091238,0.018905679454241684,0.009267492245421617,0.009457568511376243,0.018725060756797862,0.3239775397131164,1.747051000000006,0 days 04:45:00
15m,VALIDATION,46,CLOSED,BTCUSDT,LONG,2024-10-11 19:00:00+00:00,2024-10-11 19:15:00+00:00,63247.99,63279.61399499999,2024-10-11 22:15:00+00:00,62646.817855049994,62615.49444612247,0.0002981672086433613,18.867905868918527,0.18867905868918528,62646.817855049994,64545.206274899996,SL,-0.1792498203738848,0.018867905868918528,0.018669887196824227,0.009429238315299963,0.009339613405113505,0.018768851720413468,-0.235556465160041,-1.248450499999991,0 days 03:00:00
15m,VALIDATION,47,CLOSED,BTCUSDT,LONG,2024-10-12 05:30:00+00:00,2024-10-12 05:45:00+00:00,62688.0,62719.344,2024-10-13 15:15:00+00:00,62092.150559999995,62061.104484719996,0.00029707875651413865,18.632584724902504,0.18632584724902504,62092.150559999995,63973.730879999996,SL,-0.17701421070484746,0.018632584724902503,0.01843703574821465,0.009311636544178367,0.00922312943882646,0.018534765983004825,-0.23261859716096944,-1.2484505000000028,1 days 09:30:00
15m,VALIDATION,48,CLOSED,BTCUSDT,LONG,2024-10-13 22:00:00+00:00,2024-10-13 22:15:00+00:00,63000.0,63031.5,2024-10-14 03:45:00+00:00,64292.130000000005,64259.98393500001,0.00029192068273724227,18.400198513952486,0.18400198513952487,62401.185,64292.130000000005,TP,0.3771994717852742,0.018400198513952484,0.018758818382989425,0.009195501506223131,0.009384101242113882,0.01857960274833701,0.3214608521399953,1.7470510000000177,0 days 05:30:00
15m,VALIDATION,49,CLOSED,BTCUSDT,LONG,2024-10-14 03:45:00+00:00,2024-10-14 04:00:00+00:00,64300.0,64332.149999999994,2024-10-14 14:15:00+00:00,65618.79299999999,65585.98360349999,0.0002910106101907065,18.72133822638006,0.1872133822638006,63688.828499999996,65618.79299999999,TP,0.3837827556452297,0.018721338226380058,0.01908621710841221,0.00935599111762952,0.009547882495454043,0.018903873613083565,0.3270713266973539,1.7470509999999935,0 days 10:15:00
15m,VALIDATION,50,CLOSED,BTCUSDT,LONG,2024-10-14 14:15:00+00:00,2024-10-14 14:30:00+00:00,66051.5,66084.52575,2024-10-15 03:30:00+00:00,65423.6804925,65390.96865225376,0.00028823817062037857,19.048082808495302,0.19048082808495304,65423.6804925,67406.216265,SL,-0.1809615463215861,0.019048082808495303,0.018848173179420148,0.009519281763366168,0.009428800990203389,0.01894808275356956,-0.23780588506307107,-1.2484504999999864,0 days 13:00:00
15m,VALIDATION,51,CLOSED,BTCUSDT,LONG,2024-10-15 08:15:00+00:00,2024-10-15 08:30:00+00:00,65788.0,65820.894,2024-10-15 13:45:00+00:00,67137.31188000001,67103.74322406002,0.0002857833333553473,18.81051449174898,0.18810514491748978,65162.685059999996,67137.31188000001,TP,0.3856108468023728,0.01881051449174898,0.01917713141919317,0.009400556967390861,0.009593362390789409,0.018993919358180268,0.32862928153325033,1.7470510000000259,0 days 05:15:00
15m,VALIDATION,52,CLOSED,BTCUSDT,LONG,2024-10-15 13:45:00+00:00,2024-10-15 14:00:00+00:00,67658.0,67691.829,2024-10-15 14:15:00+00:00,67014.91071,66981.403254645,0.0002827345006780904,19.138815472301676,0.19138815472301676,67014.91071,69045.66558,SL,-0.18182352929957865,0.019138815472301677,0.018937953603919873,0.009564625423438528,0.009473713658787351,0.01903833908222588,-0.23893863745802607,-1.248450499999992,0 days 00:15:00
15m,VALIDATION,53,CLOSED,BTCUSDT,LONG,2024-10-15 15:15:00+00:00,2024-10-15 15:30:00+00:00,65850.0,65882.925,2024-10-15 16:30:00+00:00,67200.58350000001,67166.98320825,0.0002868742627134598,18.900115534781172,0.18900115534781173,65224.09575,67200.58350000001,TP,0.3874476457954663,0.018900115534781173,0.019268478786554057,0.009445335099841499,0.009639058922738657,0.019084394022580158,0.33019465745155097,1.7470510000000061,0 days 01:00:00
15m,VALIDATION,54,CLOSED,BTCUSDT,LONG,2024-10-15 16:30:00+00:00,2024-10-15 16:45:00+00:00,66945.6,66979.07280000001,2024-10-15 21:15:00+00:00,66309.282072,66276.127430964,0.0002871043077120659,19.229980327440064,0.19229980327440063,66309.282072,68318.65425600001,SL,-0.18268961820321736,0.019229980327440065,0.01902816168390358,0.009610185071185355,0.009518840262083529,0.019129025333268886,-0.24007678554782988,-1.2484505000000143,0 days 04:30:00
15m,VALIDATION,55,CLOSED,BTCUSDT,LONG,2024-10-15 22:15:00+00:00,2024-10-15 22:30:00+00:00,66828.0,66861.41399999999,2024-10-16 11:30:00+00:00,68198.64227999999,68164.54295886,0.0002840224614280643,18.990143378840838,0.18990143378840837,66192.79985999998,68198.64227999999,TP,0.38929319410297,0.018990143378840838,0.019360261273294446,0.009490326526154431,0.009684973123206254,0.019175299649360683,0.331767489801474,1.7470510000000072,0 days 13:00:00
15m,VALIDATION,56,CLOSED,BTCUSDT,LONG,2024-10-16 11:30:00+00:00,2024-10-16 11:45:00+00:00,68254.01,68288.137005,2024-10-16 13:30:00+00:00,67605.25563495,67571.45300713253,0.00028294196151776486,19.321579432588564,0.19321579432588565,67605.25563495,69653.8997451,SL,-0.18355983259045938,0.019321579432588564,0.01911879945644355,0.009655961735427163,0.009564181819128706,0.01922014355455587,-0.24122035503404735,-1.248450499999991,0 days 01:45:00
15m,VALIDATION,57,CLOSED,BTCUSDT,LONG,2024-10-16 14:00:00+00:00,2024-10-16 14:15:00+00:00,67892.01,67925.95600499999,2024-10-17 06:00:00+00:00,67246.69644494998,67213.0730967275,0.0002809029298833227,19.080600056930173,0.19080600056930175,67246.69644494998,69284.47512509998,SL,-0.18127046830697224,0.019080600056930172,0.018880349159332687,0.009535532262331307,0.009444897028181265,0.018980429290512572,-0.23821184681374763,-1.2484505000000135,0 days 15:45:00
15m,VALIDATION,58,CLOSED,BTCUSDT,LONG,2024-10-17 23:45:00+00:00,2024-10-18 00:00:00+00:00,67421.78,67455.49089,2024-10-18 15:30:00+00:00,68804.6007078,68770.1984074461,0.0002793342089040036,18.84262618398937,0.18842626183989372,66780.9359811,68804.6007078,TP,0.38626912846938666,0.01884262618398937,0.01920986896831533,0.009416604789600474,0.00960973935383167,0.019026344143432142,0.32919028917364984,1.7470510000000088,0 days 15:30:00
15m,VALIDATION,59,CLOSED,BTCUSDT,LONG,2024-10-18 15:30:00+00:00,2024-10-18 15:45:00+00:00,68814.62,68849.02730999999,2024-10-19 11:30:00+00:00,68160.53703689999,68126.45676838154,0.0002784569130572265,19.17148761173528,0.1917148761173528,68160.53703689999,70226.0078562,SL,-0.18213392278815224,0.01917148761173528,0.01897028284925012,0.009580953329201662,0.00948988636780792,0.01907083969700958,-0.23934653294614724,-1.2484505000000004,0 days 19:45:00
15m,VALIDATION,60,CLOSED,BTCUSDT,LONG,2024-10-19 22:30:00+00:00,2024-10-19 22:45:00+00:00,68386.8,68420.99339999999,2024-10-21 13:15:00+00:00,67736.783466,67702.915074267,0.00027670425764696156,18.932380186214655,0.18932380186214656,67736.783466,69789.41326799999,SL,-0.17986234249872354,0.018932380186214653,0.018733684856160334,0.009461459363422626,0.009371528192173725,0.01883298755559635,-0.2363613950966949,-1.2484504999999846,1 days 14:30:00
15m,VALIDATION,61,CLOSED,BTCUSDT,LONG,2024-10-22 19:15:00+00:00,2024-10-22 19:30:00+00:00,67580.0,67613.79,2024-10-23 03:15:00+00:00,66937.65209999999,66904.18327395,0.00027651541078214654,18.69625491638779,0.18696254916387792,66937.65209999999,68966.0658,SL,-0.1776190934335514,0.01869625491638779,0.0185000377210403,0.009343455730326961,0.00925464618361113,0.01859810191393809,-0.23341348798491757,-1.248450499999998,0 days 07:45:00
15m,VALIDATION,62,CLOSED,BTCUSDT,LONG,2024-10-23 23:15:00+00:00,2024-10-23 23:30:00+00:00,66699.99,66733.339995,2024-10-24 19:15:00+00:00,68068.00679490001,68033.97279150256,0.0002766694220624039,18.463074608710556,0.18463074608710556,66066.00659505,68068.00679490001,TP,0.3784884160166458,0.018463074608710557,0.018822919932834324,0.009226923842433189,0.009416168050442342,0.01864309189287553,0.32255932958222544,1.7470510000000086,0 days 19:45:00
15m,VALIDATION,63,CLOSED,BTCUSDT,LONG,2024-10-24 19:15:00+00:00,2024-10-24 19:30:00+00:00,68094.0,68128.04699999999,2024-10-25 07:00:00+00:00,67446.76653,67413.043146735,0.0002757353619897587,18.785311701200293,0.18785311701200294,67446.76653,69490.60793999999,SL,-0.1784651551423394,0.01878531170120029,0.0185881598548962,0.009387961869662939,0.009298729292092623,0.018686691161755562,-0.23452531786019146,-1.2484504999999888,0 days 11:30:00
15m,VALIDATION,64,CLOSED,BTCUSDT,LONG,2024-10-25 11:45:00+00:00,2024-10-25 12:00:00+00:00,68105.79,68139.842895,2024-10-25 15:45:00+00:00,67458.44446604999,67424.71524381697,0.0002722492434118627,18.551020674366935,0.18551020674366936,67458.44446604999,69502.6397529,SL,-0.17623933184393764,0.018551020674366935,0.018356327712389455,0.009270874899733796,0.00918275523380872,0.018453630133542516,-0.23160031036423656,-1.2484504999999955,0 days 03:45:00
15m,VALIDATION,65,CLOSED,BTCUSDT,LONG,2024-10-26 09:15:00+00:00,2024-10-26 09:30:00+00:00,67218.68,67252.28933999999,2024-10-28 07:15:00+00:00,68597.33512679998,68563.03645923658,0.0002724019050166081,18.319651732944124,0.18319651732944123,66579.76644659998,68597.33512679998,TP,0.37554828290123055,0.018319651732944125,0.018676701745219203,0.009155248242349642,0.009343022383802043,0.018498270626151683,0.3200536587969155,1.7470509999999884,1 days 21:45:00
15m,VALIDATION,66,CLOSED,BTCUSDT,LONG,2024-10-28 07:15:00+00:00,2024-10-28 07:30:00+00:00,68608.35,68642.654175,2024-10-28 22:00:00+00:00,70015.5072585,69980.49950487075,0.00027154232134288193,18.639385657816167,0.18639385657816168,67956.22763325,70015.5072585,TP,0.38210274846757464,0.018639385657816167,0.019002667284287005,0.009315035311251774,0.009506086685486779,0.018821121996738552,0.3256395735287329,1.7470509999999944,0 days 14:30:00
15m,VALIDATION,67,CLOSED,BTCUSDT,LONG,2024-10-28 22:00:00+00:00,2024-10-28 22:15:00+00:00,70028.58,70063.59429,2024-10-29 02:15:00+00:00,71464.8661758,71429.1337427121,0.0002706783759706775,18.964699917085632,0.1896469991708563,69362.9583471,71464.8661758,TP,0.388771609494677,0.01896469991708563,0.019334321918469635,0.009477611152964138,0.009671996957711228,0.019149608110675367,0.33132297954844636,1.7470510000000141,0 days 04:00:00
15m,VALIDATION,68,CLOSED,BTCUSDT,LONG,2024-10-29 02:15:00+00:00,2024-10-29 02:30:00+00:00,71372.0,71407.686,2024-10-29 16:45:00+00:00,72835.83972,72799.42180014,0.00027021869753133463,19.295691904646517,0.19295691904646517,70693.60914,72835.83972,TP,0.39555686253303457,0.019295691904646518,0.01967176493986808,0.009643024440103617,0.00984080287137058,0.019483827311474196,0.3371055783770457,1.7470509999999984,0 days 14:15:00
15m,VALIDATION,69,CLOSED,BTCUSDT,LONG,2024-10-29 16:45:00+00:00,2024-10-29 17:00:00+00:00,72739.43,72775.79971499999,2024-10-29 20:15:00+00:00,72048.04171784999,72012.01769699107,0.00026976633429103366,19.632460714213998,0.19632460714213998,72048.04171784999,74231.31570929999,SL,-0.1865132824473807,0.019632460714213998,0.019426418039018324,0.009811324694757853,0.009718068053535636,0.01952939274829349,-0.2451015539489065,-1.2484504999999912,0 days 03:15:00
15m,VALIDATION,70,CLOSED,BTCUSDT,LONG,2024-10-29 22:30:00+00:00,2024-10-29 22:45:00+00:00,72742.0,72778.371,2024-10-30 01:00:00+00:00,72050.58729,72014.561996355,0.0002663923876087079,19.387604016962346,0.19387604016962345,72050.58729,74233.93842,SL,-0.18418708263990824,0.019387604016962347,0.01918413111280433,0.009688957529716097,0.009596863988395795,0.019285821518111892,-0.2420446392877868,-1.2484505000000017,0 days 02:15:00
15m,VALIDATION,71,CLOSED,BTCUSDT,LONG,2024-10-30 04:15:00+00:00,2024-10-30 04:30:00+00:00,72319.73,72355.88986499999,2024-10-30 13:30:00+00:00,71632.33096635,71596.51480086683,0.00026460598047004636,19.14580118051101,0.19145801180511013,71632.33096635,73803.00766229999,SL,-0.1818898952731204,0.019145801180511013,0.018944865997121554,0.00956811653198797,0.009477171584349985,0.019045288116337954,-0.23902585056709094,-1.2484504999999755,0 days 09:00:00
15m,VALIDATION,72,CLOSED,BTCUSDT,LONG,2024-10-30 21:45:00+00:00,2024-10-30 22:00:00+00:00,72388.1,72424.29405,2024-10-31 13:45:00+00:00,71700.0511095,71664.20108394526,0.00026105900464772877,18.907014117007424,0.18907014117007426,71700.0511095,73872.779931,SL,-0.17962135850290656,0.018907014117007424,0.01870858500384943,0.00944878266716777,0.009358971987916213,0.018807754655083983,-0.23604471227884738,-1.2484504999999873,0 days 15:45:00
15m,VALIDATION,73,CLOSED,BTCUSDT,LONG,2024-11-01 12:30:00+00:00,2024-11-01 12:45:00+00:00,70279.18,70314.31958999998,2024-11-01 15:45:00+00:00,69611.17639409998,69576.37080590293,0.00026553915791979515,18.671205213631954,0.18671205213631953,69611.17639409998,71720.60598179999,SL,-0.17738111499807593,0.018671205213631956,0.018475250914914886,0.00933093713824462,0.00924224658074792,0.01857318371899254,-0.23310075484561535,-1.2484505000000063,0 days 03:00:00
15m,VALIDATION,74,CLOSED,BTCUSDT,LONG,2024-11-01 16:15:00+00:00,2024-11-01 16:30:00+00:00,70224.01,70259.122005,2024-11-01 17:00:00+00:00,69556.53078495,69521.75251955753,0.0002624333581248159,18.4383373266733,0.18438337326673299,69556.53078495,71664.3044451,SL,-0.1751688118840876,0.0184383373266733,0.018244826976429863,0.00921456138264603,0.009126976976700917,0.018341538359346946,-0.23019351454653772,-1.2484504999999908,0 days 00:30:00
15m,VALIDATION,75,CLOSED,BTCUSDT,LONG,2024-11-02 09:30:00+00:00,2024-11-02 09:45:00+00:00,69666.66,69701.49333,2024-11-02 14:45:00+00:00,69004.4783967,68969.97615750165,0.0002612336250741524,18.208373775677753,0.18208373775677753,69004.4783967,71095.5231966,SL,-0.1729841006874751,0.018208373775677755,0.018017276892902015,0.009099637069302663,0.009013145018960793,0.018112782088263456,-0.22732253344431835,-1.2484505000000032,0 days 05:00:00
15m,VALIDATION,76,CLOSED,BTCUSDT,LONG,2024-11-03 20:30:00+00:00,2024-11-03 20:45:00+00:00,68789.01,68823.40450499998,2024-11-04 16:30:00+00:00,68135.17045994998,68101.10287472,0.00026126691155426806,17.981278337671444,0.17981278337671444,68135.17045994998,70199.87259509998,SL,-0.17082663728093078,0.017981278337671446,0.017792564821517583,0.008986146095785033,0.008900732777147504,0.017886878872932537,-0.22448735931305236,-1.2484505000000086,0 days 19:45:00
15m,VALIDATION,77,CLOSED,BTCUSDT,LONG,2024-11-05 04:15:00+00:00,2024-11-05 04:30:00+00:00,68390.0,68424.19499999999,2024-11-05 14:30:00+00:00,69792.6789,69757.78256055,0.00025951368870988714,17.757015241454614,0.17757015241454613,67739.95305,69792.6789,TP,0.36401437541452664,0.017757015241454614,0.018103099468510568,0.008874070585432627,0.009056077773142482,0.017930148358575107,0.31022411234598635,1.7470510000000063,0 days 10:00:00
15m,VALIDATION,78,CLOSED,BTCUSDT,LONG,2024-11-05 14:30:00+00:00,2024-11-05 14:45:00+00:00,69980.27,70015.260135,2024-11-05 15:30:00+00:00,69315.10753365,69280.44997988318,0.0002580427381797437,18.066929439602454,0.18066929439602455,69315.10753365,71415.56533770001,SL,-0.17164034415134485,0.018066929439602454,0.017877317015133825,0.009028950244678889,0.008943130072603216,0.017972080317282105,-0.22555667092336323,-1.2484504999999955,0 days 00:45:00
15m,VALIDATION,79,CLOSED,BTCUSDT,LONG,2024-11-05 16:00:00+00:00,2024-11-05 16:15:00+00:00,69818.02,69852.92901,2024-11-05 19:45:00+00:00,69154.3997199,69119.82252004005,0.0002554166067605341,17.841598100018675,0.17841598100018677,69154.3997199,71249.9875902,SL,-0.1694996401206181,0.017841598100018674,0.017654350527958974,0.008916340879570328,0.008831591059509777,0.017747931939080107,-0.22274352068767583,-1.2484505000000121,0 days 03:30:00
15m,VALIDATION,80,CLOSED,BTCUSDT,LONG,2024-11-05 22:45:00+00:00,2024-11-05 23:00:00+00:00,69594.01,69628.807005,2024-11-06 00:30:00+00:00,71021.3831451,70985.87245352745,0.0002530429266017077,17.619077100330685,0.17619077100330685,68932.51893495,71021.3831451,TP,0.36118667798878945,0.017619077100330685,0.01796247291301613,0.008805135982174346,0.008985729321168204,0.01779086530334255,0.30781426267210016,1.747051000000011,0 days 01:30:00
15m,VALIDATION,81,CLOSED,BTCUSDT,LONG,2024-11-06 00:30:00+00:00,2024-11-06 00:45:00+00:00,71203.46,71239.06173,2024-11-06 02:30:00+00:00,72663.8429646,72627.5110431177,0.00025163980856723824,17.926583856246868,0.1792658385624687,70526.6711127,72663.8429646,TP,0.36749048964679837,0.017926583856246868,0.01827597297560512,0.008958812521861209,0.00914255776668556,0.01810137028854677,0.3131865625263996,1.7470510000000006,0 days 01:45:00
15m,VALIDATION,82,CLOSED,BTCUSDT,LONG,2024-11-06 02:30:00+00:00,2024-11-06 02:45:00+00:00,72843.97,72880.391985,2024-11-06 03:00:00+00:00,74337.99982469999,74300.83082478764,0.0002502656345322404,18.23945754508443,0.1823945754508443,72151.58806514999,74337.99982469999,TP,0.37390432208863444,0.01823945754508443,0.018594944572638127,0.009115171186947135,0.009302123347992616,0.018417294534939753,0.31865262543597217,1.7470509999999955,0 days 00:15:00
15m,VALIDATION,83,CLOSED,BTCUSDT,LONG,2024-11-06 03:00:00+00:00,2024-11-06 03:15:00+00:00,74057.39,74094.418695,2024-11-06 07:30:00+00:00,73353.47450805,73316.79777079598,0.00025046139996886933,18.557791836229264,0.18557791836229265,73353.47450805,75576.3070689,SL,-0.1763036595735723,0.018557791836229263,0.01836302781090804,0.009274258788720492,0.00918610695893219,0.018460365747652682,-0.23168484496836228,-1.2484504999999937,0 days 04:15:00
15m,VALIDATION,84,CLOSED,BTCUSDT,LONG,2024-11-06 10:30:00+00:00,2024-11-06 10:45:00+00:00,73867.39,73904.323695,2024-11-06 19:00:00+00:00,75382.4101689,75344.71896381555,0.00024797383330756804,18.32633844465248,0.18326338444652482,73165.28045805,75382.4101689,TP,0.37568535882041093,0.018326338444652483,0.018683518780938758,0.009158589927362489,0.00934643260677036,0.01850502253413285,0.32017047906068685,1.7470510000000066,0 days 08:15:00
15m,VALIDATION,85,CLOSED,BTCUSDT,LONG,2024-11-06 19:00:00+00:00,2024-11-06 19:15:00+00:00,75370.0,75407.685,2024-11-07 04:30:00+00:00,74653.60815,74616.281345925,0.00024727173461278827,18.646189073084734,0.18646189073084735,74653.60815,76915.8387,SL,-0.1771434554119644,0.018646189073084733,0.01845049731876271,0.009318435318882351,0.009229863591176252,0.018548298910058603,-0.23278844071387048,-1.2484504999999932,0 days 09:15:00
15m,VALIDATION,86,CLOSED,BTCUSDT,LONG,2024-11-07 15:15:00+00:00,2024-11-07 15:30:00+00:00,75399.99,75437.68999500001,2024-11-08 18:30:00+00:00,76946.44379490001,76907.97057300257,0.0002440906288285888,18.413633188255695,0.18413633188255696,74683.31309505,76946.44379490001,TP,0.3774748792515004,0.018413633188255694,0.018772514899094803,0.009202215486385307,0.00939095292600763,0.018593168412392936,0.321695562751757,1.7470510000000214,1 days 03:00:00
15m,VALIDATION,87,CLOSED,BTCUSDT,LONG,2024-11-08 18:30:00+00:00,2024-11-08 18:45:00+00:00,76819.21,76857.619605,2024-11-09 16:15:00+00:00,76089.04340895,76050.99888724553,0.00024376252443290706,18.73500737681889,0.18735007376818888,76089.04340895,78394.7719971,SL,-0.17798725149091843,0.01873500737681889,0.018538383474399175,0.009362822277269216,0.009273828651525646,0.01863665092879486,-0.23389729327093134,-1.248450499999995,0 days 21:30:00
15m,VALIDATION,88,CLOSED,BTCUSDT,LONG,2024-11-09 22:15:00+00:00,2024-11-09 22:30:00+00:00,76462.86,76501.09143,2024-11-10 04:45:00+00:00,78031.1132586,77992.0977019707,0.00024184418027691399,18.5013437471776,0.185013437471776,75736.0805157,78031.1132586,TP,0.3792729237927166,0.0185013437471776,0.018861934936810095,0.009246048849164175,0.009435685311059618,0.01868173416022379,0.3232279109485051,1.7470510000000075,0 days 06:15:00
15m,VALIDATION,89,CLOSED,BTCUSDT,LONG,2024-11-10 04:45:00+00:00,2024-11-10 05:00:00+00:00,79122.02,79161.58101,2024-11-10 18:00:00+00:00,80744.8126302,80704.4402238849,0.00023779526018741608,18.824248753120166,0.18824248753120165,78369.96519989999,80744.8126302,TP,0.38589239572862977,0.018824248753120165,0.019191133361318478,0.009407420666224674,0.00960036686409179,0.019007787530316463,0.32886922608387464,1.7470510000000068,0 days 13:00:00
15m,VALIDATION,90,CLOSED,BTCUSDT,LONG,2024-11-10 18:00:00+00:00,2024-11-10 18:15:00+00:00,80712.0,80752.356,2024-11-10 19:30:00+00:00,79944.83244,79904.86002378,0.00023717932686098523,19.152789438518642,0.19152789438518641,79944.83244,82367.40312,SL,-0.1819562854703849,0.01915278943851864,0.01895178091336139,0.009571608914801865,0.00948063077206673,0.019052239686868595,-0.23911309550913354,-1.248450500000002,0 days 01:15:00
15m,VALIDATION,91,CLOSED,BTCUSDT,LONG,2024-11-10 22:15:00+00:00,2024-11-10 22:30:00+00:00,80849.72,80890.14486,2024-11-10 23:30:00+00:00,80081.2434114,80041.2027896943,0.00023382224435332526,18.913915217230798,0.18913915217230798,80081.2434114,82507.9477572,SL,-0.17968692067943784,0.0189139152172308,0.01871541367702596,0.00945223149286877,0.00936238803252983,0.0188146195253986,-0.2361308690990932,-1.248450499999996,0 days 01:00:00
15m,VALIDATION,92,CLOSED,BTCUSDT,LONG,2024-11-11 00:15:00+00:00,2024-11-11 00:30:00+00:00,80722.0,80762.36099999999,2024-11-11 10:15:00+00:00,82377.60822,82336.41941589,0.00023127134981982305,18.67802024310583,0.1867802024310583,79954.73739,82377.60822,TP,0.38289474781219335,0.01867802024310583,0.01904205485764397,0.009334342950075536,0.009525790323981263,0.0188601332740568,0.3263145394373867,1.7470510000000206,0 days 09:45:00
15m,VALIDATION,93,CLOSED,BTCUSDT,LONG,2024-11-11 11:15:00+00:00,2024-11-11 11:30:00+00:00,82148.86,82189.93443,2024-11-11 15:30:00+00:00,83833.7331186,83791.81625204069,0.00023122063456782268,19.004008793992337,0.19004008793992339,81368.03508569999,83833.7331186,TP,0.3895774316489568,0.019004008793992336,0.019374396925387245,0.009497255769110063,0.009692044484936655,0.01918930025404672,0.3320097256755305,1.7470509999999968,0 days 04:00:00
15m,VALIDATION,94,CLOSED,BTCUSDT,LONG,2024-11-11 15:30:00+00:00,2024-11-11 15:45:00+00:00,83823.73,83865.641865,2024-11-11 18:45:00+00:00,85542.9547023,85500.18322494887,0.00023055552204256943,19.33568684162024,0.19335686841620242,83026.98544635,85542.9547023,TP,0.3963767487472596,0.01933568684162024,0.019712539378163425,0.009663011914853121,0.009861200289223963,0.019524212204077084,0.33780431032339886,1.7470510000000208,0 days 03:00:00
15m,VALIDATION,95,CLOSED,BTCUSDT,LONG,2024-11-11 18:45:00+00:00,2024-11-11 19:00:00+00:00,85831.99,85874.905995,2024-11-11 21:15:00+00:00,87592.4041149,87548.60791284255,0.00022909083226531414,19.673153685100164,0.19673153685100164,85016.15693504999,87592.4041149,TP,0.4032947347140454,0.019673153685100166,0.020056583450422768,0.009831661012041418,0.010033308379400781,0.0198649693914422,0.3437000281870803,1.7470510000000052,0 days 02:15:00
15m,VALIDATION,96,CLOSED,BTCUSDT,LONG,2024-11-11 21:15:00+00:00,2024-11-11 21:30:00+00:00,88242.63,88286.751315,2024-11-11 22:00:00+00:00,87403.88380185,87360.18185994908,0.0002267215642038797,20.016510356615733,0.20016510356615733,87403.88380185,90052.4863413,SL,-0.1901618500146273,0.020016510356615735,0.019806437080423053,0.010003253551531349,0.009908172626522679,0.019911426178054026,-0.24989622362972014,-1.2484504999999961,0 days 00:30:00
15m,VALIDATION,97,CLOSED,BTCUSDT,LONG,2024-11-11 22:45:00+00:00,2024-11-11 23:00:00+00:00,87979.27,88023.259635,2024-11-12 00:15:00+00:00,87143.02703864999,87099.45552513067,0.00022456409659820555,19.766863779563067,0.19766863779563068,87143.02703864999,89783.7248277,SL,-0.1877901451521739,0.019766863779563066,0.01955941054419655,0.009878492643457741,0.009784597570881876,0.019663090214339617,-0.24677950969027315,-1.2484504999999957,0 days 01:15:00
15m,VALIDATION,98,CLOSED,BTCUSDT,LONG,2024-11-12 00:45:00+00:00,2024-11-12 01:00:00+00:00,88978.56,89023.04927999999,2024-11-12 02:15:00+00:00,88132.8187872,88088.7523778064,0.00021927277217221726,19.520330802849507,0.1952033080284951,88132.8187872,90803.5102656,SL,-0.18544802027094903,0.019520330802849508,0.019315464931073608,0.009755287757544737,0.009662563747408762,0.0194178515049535,-0.24370166750982566,-1.2484504999999844,0 days 01:15:00
15m,VALIDATION,99,CLOSED,BTCUSDT,LONG,2024-11-12 03:00:00+00:00,2024-11-12 03:15:00+00:00,87770.0,87813.885,2024-11-12 06:45:00+00:00,89570.1627,89525.37761865,0.00021951964195125848,19.276872593548987,0.19276872593548988,86935.74614999999,89570.1627,TP,0.3951710713580109,0.019276872593548988,0.01965257884039726,0.00963361948702983,0.009831205022709368,0.019464824509739197,0.3367767954143254,1.74705100000001,0 days 03:30:00
15m,VALIDATION,100,CLOSED,BTCUSDT,LONG,2024-11-12 06:45:00+00:00,2024-11-12 07:00:00+00:00,89545.46,89590.23273,2024-11-12 09:00:00+00:00,88694.3304027,88649.98323749866,0.00021892244668810402,19.613312948608257,0.19613312948608258,88694.3304027,91382.0373846,SL,-0.1863313738895786,0.01961331294860826,0.019407471229212613,0.009801755596505209,0.009708589909558793,0.019510345506064,-0.24486250357346348,-1.2484504999999946,0 days 02:00:00
15m,VALIDATION,101,CLOSED,BTCUSDT,LONG,2024-11-12 18:30:00+00:00,2024-11-12 18:45:00+00:00,88585.01,88629.30250499999,2024-11-12 22:00:00+00:00,87743.00947994998,87699.13797521,0.00021853602042990023,19.368695062920484,0.19368695062920485,87743.00947994998,90401.88855509998,SL,-0.18400744285163698,0.019368695062920483,0.01916542060823513,0.009679507777569348,0.009587504056145559,0.019267011833714907,-0.24180857035650755,-1.2484505000000075,0 days 03:15:00
15m,VALIDATION,102,CLOSED,BTCUSDT,LONG,2024-11-13 01:00:00+00:00,2024-11-13 01:15:00+00:00,88512.17,88556.426085,2024-11-13 02:15:00+00:00,87670.86182415,87627.02639323792,0.00021598803051523722,19.12712805956733,0.1912712805956733,87670.86182415,90327.5546067,SL,-0.1817124959582094,0.01912712805956733,0.01892638885058217,0.009558784637465125,0.009467928389486227,0.01902671302695135,-0.23879272589531025,-1.2484505000000086,0 days 01:00:00
15m,VALIDATION,103,CLOSED,BTCUSDT,LONG,2024-11-13 03:00:00+00:00,2024-11-13 03:15:00+00:00,87979.79,88023.77989499999,2024-11-13 03:30:00+00:00,87143.54209604999,87099.97032500197,0.00021458489865324077,18.888573887843744,0.18888573887843746,87143.54209604999,89784.25549289999,SL,-0.17944617171809643,0.018888573887843745,0.018690338304890825,0.009439567160339883,0.00934984407448243,0.018789411234822313,-0.23581449514565334,-1.2484504999999928,0 days 00:15:00
15m,VALIDATION,104,CLOSED,BTCUSDT,LONG,2024-11-13 12:30:00+00:00,2024-11-13 12:45:00+00:00,87948.0,87991.974,2024-11-13 14:15:00+00:00,89751.81348,89706.93757326,0.0002119851859626916,18.652994971614326,0.18652994971614326,87112.05426,89751.81348,TP,0.3823817359998093,0.018652994971614326,0.01901654184361109,0.00932183656752382,0.00951302743552227,0.01883486400304609,0.3258773351815378,1.747051,0 days 01:30:00
15m,VALIDATION,105,CLOSED,BTCUSDT,LONG,2024-11-13 14:15:00+00:00,2024-11-13 14:30:00+00:00,89790.04,89834.93501999999,2024-11-13 14:45:00+00:00,91631.63372039999,91585.81790353979,0.0002112602046273787,18.978546755012466,0.18978546755012468,88936.58566979998,91631.63372039999,TP,0.3890554662121981,0.018978546755012468,0.01934843863126766,0.009484531111949475,0.009679058845055282,0.019163589957004755,0.3315648908689132,1.747051000000002,0 days 00:15:00
15m,VALIDATION,106,CLOSED,BTCUSDT,LONG,2024-11-13 14:45:00+00:00,2024-11-13 15:00:00+00:00,91508.0,91553.754,2024-11-13 15:00:00+00:00,90638.21646,90592.89735177,0.00021091194591785025,19.309780412224168,0.19309780412224167,90638.21646,93384.82908,SL,-0.1834477389487172,0.019309780412224167,0.019107124266797875,0.009650065173525492,0.009558341304048657,0.01920840647757415,-0.24107305010531335,-1.2484504999999932,0 days 00:00:00
15m,VALIDATION,107,CLOSED,BTCUSDT,LONG,2024-11-13 15:15:00+00:00,2024-11-13 15:30:00+00:00,91776.61,91822.498305,2024-11-13 19:00:00+00:00,90904.27332195,90858.82118528902,0.00020767185108595964,19.06894819433674,0.1906894819433674,90904.27332195,93658.9482711,SL,-0.18115977270082184,0.01906894819433674,0.018868819583037176,0.009529709242547181,0.009439129356195586,0.018968838598742765,-0.23806637907693853,-1.2484505000000028,0 days 03:30:00
15m,VALIDATION,108,CLOSED,BTCUSDT,LONG,2024-11-14 01:45:00+00:00,2024-11-14 02:00:00+00:00,90372.0,90417.186,2024-11-14 04:30:00+00:00,89513.01414,89468.25763293,0.0002082692514209669,18.83111964381033,0.1883111964381033,89513.01414,92225.52972,SL,-0.17890034204339564,0.01883111964381033,0.01863348704314854,0.009410854394708125,0.009321404223684644,0.01873225861839277,-0.23509720734874726,-1.2484504999999946,0 days 02:30:00
15m,VALIDATION,109,CLOSED,BTCUSDT,LONG,2024-11-14 07:45:00+00:00,2024-11-14 08:00:00+00:00,90769.42,90814.80471,2024-11-14 14:30:00+00:00,89906.6566629,89861.70333456855,0.00020477120837500269,18.596257298806584,0.18596257298806584,89906.6566629,92631.1008042,SL,-0.17666909107961626,0.018596257298806585,0.018401089578455612,0.009293481908448751,0.009205147362909713,0.018498629271358466,-0.23216506722823693,-1.2484504999999981,0 days 06:30:00
15m,VALIDATION,110,CLOSED,BTCUSDT,LONG,2024-11-15 10:15:00+00:00,2024-11-15 10:30:00+00:00,89358.93,89403.60946499999,2024-11-15 15:00:00+00:00,88509.57337034999,88465.31858366482,0.00020540920299086772,18.364324164712446,0.18364324164712448,88509.57337034999,91191.68165429999,SL,-0.17446566835141747,0.018364324164712446,0.018171590582603793,0.009177573295707096,0.00909034046153109,0.018267913757238186,-0.2292694968559719,-1.248450499999992,0 days 04:30:00
15m,VALIDATION,111,CLOSED,BTCUSDT,LONG,2024-11-15 16:15:00+00:00,2024-11-15 16:30:00+00:00,89632.99,89677.806495,2024-11-15 21:45:00+00:00,91471.3626249,91425.62694358754,0.0002022271107771131,18.135283708312876,0.18135283708312877,88781.02843004999,91471.3626249,TP,0.3717687844652621,0.018135283708312876,0.018488740387787892,0.009063110299005287,0.009248994691239515,0.018312104990244802,0.31683265537891653,1.7470509999999964,0 days 05:15:00
15m,VALIDATION,112,CLOSED,BTCUSDT,LONG,2024-11-15 21:45:00+00:00,2024-11-15 22:00:00+00:00,91678.78,91724.61938999999,2024-11-16 12:00:00+00:00,90807.37319609999,90761.96950950194,0.0002011651830257058,18.451799847552554,0.18451799847552555,90807.37319609999,93559.11177779999,SL,-0.1752967091963913,0.018451799847552554,0.018258148208152487,0.009221289279135446,0.009133640924537542,0.018354930203672987,-0.23036158745576932,-1.248450500000001,0 days 14:00:00
15m,VALIDATION,113,CLOSED,BTCUSDT,LONG,2024-11-17 08:45:00+00:00,2024-11-17 09:00:00+00:00,90985.11,91030.60255499999,2024-11-17 14:15:00+00:00,90120.29652944999,90075.23638118527,0.0002001707983921494,18.221668391552782,0.18221668391552784,90120.29652944999,92851.2146061,SL,-0.17311040286028156,0.018221668391552783,0.01803043198178344,0.009106281055246728,0.00901972585381723,0.018126006909063956,-0.22748851014268176,-1.2484504999999948,0 days 05:15:00
15m,VALIDATION,114,CLOSED,BTCUSDT,LONG,2024-11-18 02:30:00+00:00,2024-11-18 02:45:00+00:00,90606.06,90651.36303,2024-11-18 13:00:00+00:00,89744.84939969999,89699.97697500014,0.00019850123088280492,17.994407142658993,0.17994407142658994,89744.84939969999,92464.3902906,SL,-0.17095136420887092,0.017994407142658993,0.01780555583969679,0.008992707217719742,0.00890723153561547,0.01789993875333521,-0.22465126594456192,-1.2484505,0 days 10:15:00
15m,VALIDATION,115,CLOSED,BTCUSDT,LONG,2024-11-18 15:45:00+00:00,2024-11-18 16:00:00+00:00,92309.51,92355.66475499999,2024-11-18 16:45:00+00:00,91432.10810745,91386.39205339628,0.00019240812516149963,17.769980303553538,0.1776998030355354,91432.10810745,94202.7780501,SL,-0.16881925315869678,0.017769980303553538,0.017583484360267746,0.008880549876837568,0.008796140250257116,0.017676690127094684,-0.22184940794961275,-1.2484504999999835,0 days 00:45:00
15m,VALIDATION,116,CLOSED,BTCUSDT,LONG,2024-11-18 17:15:00+00:00,2024-11-18 17:30:00+00:00,91848.48,91894.40423999999,2024-11-18 17:45:00+00:00,90975.46019759998,90929.97246750118,0.00019096214474118774,17.548352523384093,0.17548352523384092,90975.46019759998,93732.29232479999,SL,-0.16671373386783436,0.017548352523384093,0.017364182563651177,0.008769791366007708,0.008686434499075312,0.017456225865083018,-0.21908249481995268,-1.2484505000000077,0 days 00:15:00
15m,VALIDATION,117,CLOSED,BTCUSDT,LONG,2024-11-18 21:00:00+00:00,2024-11-18 21:15:00+00:00,91964.16,92010.14208,2024-11-18 22:00:00+00:00,91090.0406592,91044.49563887042,0.00018834324673825493,17.329488892195332,0.17329488892195333,91090.0406592,93850.3449216,SL,-0.16463447468297446,0.017329488892195332,0.017147615906271747,0.008660414238978476,0.008578097001635062,0.017238511240613538,-0.21635009072205508,-1.2484504999999884,0 days 00:45:00
15m,VALIDATION,118,CLOSED,BTCUSDT,LONG,2024-11-18 22:30:00+00:00,2024-11-18 22:45:00+00:00,91406.97,91452.67348499999,2024-11-18 23:15:00+00:00,90538.14675014999,90492.87767677492,0.00018712798962883207,17.113354935430046,0.17113354935430045,90538.14675014999,93281.72695469999,SL,-0.16258114808722174,0.017113354935430047,0.016933750275382707,0.008552401267079781,0.008471110693035848,0.01702351196011563,-0.2136517652581501,-1.2484504999999944,0 days 00:30:00
15m,VALIDATION,119,CLOSED,BTCUSDT,LONG,2024-11-19 03:00:00+00:00,2024-11-19 03:15:00+00:00,91287.99,91333.633995,2024-11-19 17:30:00+00:00,93160.3066749,93113.72652156255,0.00018503497418512882,16.899916608498827,0.16899916608498827,90420.29765505,93160.3066749,TP,0.3464440676065066,0.01689991660849883,0.017229295983198473,0.008445735436529532,0.008618957470333843,0.017064692906863375,0.29525016210794597,1.7470510000000066,0 days 14:15:00
15m,VALIDATION,120,CLOSED,BTCUSDT,LONG,2024-11-19 18:00:00+00:00,2024-11-19 18:15:00+00:00,93286.99,93333.633495,2024-11-19 20:45:00+00:00,92400.29716005,92354.09701146999,0.000184230176963174,17.194871815399875,0.17194871815399876,92400.29716005,95200.3061649,SL,-0.16335557881596838,0.017194871815399877,0.017014411635697255,0.0085931393380303,0.00851146154862087,0.01710460088665117,-0.21466946315371668,-1.2484504999999875,0 days 02:30:00
15m,VALIDATION,121,CLOSED,BTCUSDT,LONG,2024-11-20 07:00:00+00:00,2024-11-20 07:15:00+00:00,92568.26,92614.54413,2024-11-20 13:45:00+00:00,94466.8350126,94419.6015950937,0.00018334503470015953,16.980416807254304,0.16980416807254303,91688.39868869999,94466.8350126,TP,0.34809430156600385,0.016980416807254303,0.01731136513082769,0.008485965420916695,0.008660012571699809,0.017145977992616503,0.29665654163530536,1.7470510000000057,0 days 06:30:00
15m,VALIDATION,122,CLOSED,BTCUSDT,LONG,2024-11-20 15:30:00+00:00,2024-11-20 15:45:00+00:00,94699.13,94746.479565,2024-11-20 16:15:00+00:00,93799.01476935,93752.11526196533,0.0001823474293507188,17.27677698870816,0.17276776988708162,93799.01476935,96641.4091563,SL,-0.16413369842845696,0.01727677698870816,0.017095457214211667,0.008634071458624184,0.00855200460941045,0.017186076068034635,-0.2156920086994114,-1.2484504999999966,0 days 00:30:00
15m,VALIDATION,123,CLOSED,BTCUSDT,LONG,2024-11-20 19:30:00+00:00,2024-11-20 19:45:00+00:00,93799.98,93846.87998999999,2024-11-21 03:30:00+00:00,95723.81758979999,95675.9556810051,0.00018179933587945507,17.06130045654092,0.1706130045654092,92908.41119009999,95723.81758979999,TP,0.3497523961655704,0.01706130045654092,0.017393825202438904,0.00852638703475141,0.008701263232834058,0.01722765026758547,0.2980696202390051,1.747051000000014,0 days 07:45:00
15m,VALIDATION,124,CLOSED,BTCUSDT,LONG,2024-11-21 04:00:00+00:00,2024-11-21 04:15:00+00:00,96940.8,96989.2704,2024-11-21 15:30:00+00:00,96019.377696,95971.368007152,0.00017897930599271251,17.359072304931534,0.17359072304931533,96019.377696,98929.05580799999,SL,-0.16491552449612742,0.017359072304931535,0.01717688884109128,0.008675198553187572,0.008592740790939196,0.017267939344126768,-0.216719424986277,-1.248450499999987,0 days 11:15:00
15m,VALIDATION,125,CLOSED,BTCUSDT,LONG,2024-11-21 16:15:00+00:00,2024-11-21 16:30:00+00:00,97147.99,97196.563995,2024-11-22 03:15:00+00:00,99140.49527490001,99090.92502726256,0.00017637011719621253,17.142569382867322,0.17142569382867323,96224.59835505001,99140.49527490001,TP,0.3514183888481851,0.01714256938286732,0.017476678060139406,0.008567001190838036,0.008742710385261039,0.017309711576099077,0.2994894298290792,1.7470510000000106,0 days 10:45:00
15m,VALIDATION,126,CLOSED,BTCUSDT,LONG,2024-11-22 03:45:00+00:00,2024-11-22 04:00:00+00:00,98836.49,98885.908245,2024-11-22 13:15:00+00:00,97897.04916255,97848.10063796873,0.00017638266090698243,17.441759622456814,0.17441759622456815,97897.04916255,100863.6264099,SL,-0.16570107467411588,0.017441759622456816,0.017258708355219133,0.008716521550452029,0.008633671013114963,0.017350192563566992,-0.21775173521535884,-1.2484504999999921,0 days 09:15:00
15m,VALIDATION,127,CLOSED,BTCUSDT,LONG,2024-11-22 17:00:00+00:00,2024-11-22 17:15:00+00:00,99143.99,99193.561995,2024-11-23 16:15:00+00:00,98201.62637505,98152.52556186248,0.00017364257392340327,17.224225421442473,0.17224225421442474,98201.62637505,101177.4332349,SL,-0.1636344454081088,0.017224225421442474,0.017043457175644434,0.00860780880631654,0.008525991583611987,0.017133800389928525,-0.21503592839512423,-1.2484504999999917,0 days 23:00:00
15m,VALIDATION,128,CLOSED,BTCUSDT,LONG,2024-11-24 02:15:00+00:00,2024-11-24 02:30:00+00:00,98525.79,98575.05289499999,2024-11-24 10:30:00+00:00,97589.30236604999,97540.50771486697,0.00017255282969285023,17.009404314154636,0.17009404314154636,97589.30236604999,100546.5539529,SL,-0.16159359121043534,0.017009404314154635,0.016830890615877583,0.008500451931110481,0.008419655135506241,0.016920107066616723,-0.21235399320708429,-1.248450499999995,0 days 08:00:00
15m,VALIDATION,129,CLOSED,BTCUSDT,LONG,2024-11-24 23:00:00+00:00,2024-11-24 23:15:00+00:00,98252.0,98301.12599999999,2024-11-25 01:15:00+00:00,97318.11473999999,97269.45568263,0.0001708755855227834,16.797262462798905,0.16797262462798906,97318.11473999999,100267.14851999999,SL,-0.15957819061359854,0.016797262462798904,0.016620975193251834,0.008394434014390427,0.008314644919084454,0.016709078933474883,-0.20970550720312414,-1.2484504999999932,0 days 02:00:00
15m,VALIDATION,130,CLOSED,BTCUSDT,LONG,2024-11-25 03:15:00+00:00,2024-11-25 03:30:00+00:00,97626.18,97674.99308999999,2024-11-25 14:30:00+00:00,96698.24315909999,96649.89403752044,0.0001698261338633792,16.587766451606978,0.16587766451606978,96698.24315909999,99628.49295179998,SL,-0.15758792615944492,0.016587766451606978,0.016413677842697365,0.008289738356624499,0.008210944393545649,0.016500682750170147,-0.2070900532039194,-1.248450499999999,0 days 11:00:00
15m,VALIDATION,131,CLOSED,BTCUSDT,LONG,2024-11-27 04:15:00+00:00,2024-11-27 04:30:00+00:00,93018.98,93065.48948999999,2024-11-27 15:30:00+00:00,94926.79927979999,94879.3358801601,0.00017601458254118185,16.380883281573094,0.16380883281573094,92134.8345951,94926.79927979999,TP,0.33580401409801425,0.016380883281573094,0.016700146696730957,0.008186348466552697,0.008354250473600796,0.016540598940153493,0.2861823851795567,1.7470510000000068,0 days 11:00:00
15m,VALIDATION,132,CLOSED,BTCUSDT,LONG,2024-11-27 15:30:00+00:00,2024-11-27 15:45:00+00:00,95571.13,95618.915565,2024-11-28 10:00:00+00:00,94662.72640935,94615.39504614534,0.00017430421242263711,16.666779770263965,0.16666779770263965,94662.72640935,97531.2938763,SL,-0.15833857243014504,0.016666779770263963,0.016491861916575045,0.00832922527249544,0.008250055986278556,0.016579281258773997,-0.20807649537575804,-1.2484504999999924,0 days 18:15:00
15m,VALIDATION,133,CLOSED,BTCUSDT,LONG,2024-11-28 23:00:00+00:00,2024-11-28 23:15:00+00:00,95700.0,95747.84999999999,2024-11-29 14:45:00+00:00,97662.80699999999,97613.9755965,0.00017189849321436418,16.458911143514957,0.16458911143514957,94790.3715,97662.80699999999,TP,0.33740356577060415,0.016458911143514957,0.016779695321702065,0.008225342900305825,0.00839404468319143,0.016619387583497257,0.2875455717218899,1.7470510000000024,0 days 15:30:00
15m,VALIDATION,134,CLOSED,BTCUSDT,LONG,2024-11-29 14:45:00+00:00,2024-11-29 15:00:00+00:00,98002.01,98051.011005,2024-11-29 17:15:00+00:00,97070.50089494999,97021.96564450252,0.0001707903802855178,16.74616945692344,0.1674616945692344,97070.50089494999,100012.0312251,SL,-0.1590927942909127,0.01674616945692344,0.01657041840847303,0.008368900278322261,0.008289353881176626,0.016658254159498887,-0.20906763631580808,-1.2484505000000006,0 days 02:15:00
15m,VALIDATION,135,CLOSED,BTCUSDT,LONG,2024-11-29 20:15:00+00:00,2024-11-29 20:30:00+00:00,97480.0,97528.73999999999,2024-11-30 01:45:00+00:00,96553.45259999999,96505.17587369999,0.00016956346077458983,16.53731067938517,0.1653731067938517,96553.45259999999,99479.3148,SL,-0.15710858371569997,0.01653731067938517,0.016363751603805023,0.008264523078151929,0.008185968786295439,0.016450491864447365,-0.2064601378633375,-1.2484504999999997,0 days 05:15:00
15m,VALIDATION,136,CLOSED,BTCUSDT,LONG,2024-11-30 18:00:00+00:00,2024-11-30 18:15:00+00:00,96852.06,96900.48602999999,2024-12-01 02:30:00+00:00,95931.48116969998,95883.51542911514,0.00016853431251469457,16.33105679540581,0.1633105679540581,95931.48116969998,98838.49575059999,SL,-0.15514912028019476,0.01633105679540581,0.01615966235433803,0.008161447673863918,0.00808387311372438,0.0162453207875883,-0.2038851602175269,-1.2484504999999944,0 days 08:15:00
15m,VALIDATION,137,CLOSED,BTCUSDT,LONG,2024-12-01 09:45:00+00:00,2024-12-01 10:00:00+00:00,97030.15,97078.66507499998,2024-12-02 04:00:00+00:00,96107.87842424998,96059.82448503787,0.00016612687560348623,16.127375316667024,0.16127375316667025,96107.87842424998,99020.23837649998,SL,-0.15321409533725344,0.016127375316667025,0.015958118512718607,0.008059657829416882,0.007983050781748288,0.01604270861116517,-0.20134229777780424,-1.2484504999999888,0 days 18:00:00
15m,VALIDATION,138,CLOSED,BTCUSDT,LONG,2024-12-02 16:00:00+00:00,2024-12-02 16:15:00+00:00,97266.43,97315.06321499999,2024-12-02 16:30:00+00:00,96341.91258284998,96293.74162655856,0.00016365641282952995,15.926234160045842,0.15926234160045843,96341.91258284998,99261.36447929998,SL,-0.15130320408919298,0.015926234160045842,0.01575908833253616,0.00795913751126637,0.007883485909221614,0.015842623420487985,-0.19883115000226298,-1.248450499999999,0 days 00:15:00
15m,VALIDATION,139,CLOSED,BTCUSDT,LONG,2024-12-03 03:30:00+00:00,2024-12-03 03:45:00+00:00,96195.98,96244.07798999999,2024-12-03 07:45:00+00:00,95281.63721009999,95233.99639149495,0.00016341370784595395,15.727601642561066,0.15727601642561065,95281.63721009999,98168.9595498,SL,-0.1494161455397745,0.015727601642561068,0.015562540463322387,0.007859870885836756,0.007785162813065993,0.01564503369890275,-0.1963513213445607,-1.2484504999999928,0 days 04:00:00
15m,VALIDATION,140,CLOSED,BTCUSDT,LONG,2024-12-03 19:30:00+00:00,2024-12-03 19:45:00+00:00,95432.23,95479.94611499998,2024-12-04 20:00:00+00:00,97389.54503729999,97340.85026478134,0.0001626671055896488,15.531446476382682,0.15531446476382682,94525.14665384998,97389.54503729999,TP,0.3183907718446857,0.015531446476382682,0.01583415436820738,0.00776184231703093,0.00792103770295474,0.01568288001998567,0.27134229098011,1.7470510000000101,1 days 00:15:00
15m,VALIDATION,141,CLOSED,BTCUSDT,LONG,2024-12-04 20:00:00+00:00,2024-12-04 20:15:00+00:00,98031.43,98080.445715,2024-12-05 02:30:00+00:00,100042.0546293,99992.03360198534,0.00016111792295542417,15.802517696143033,0.15802517696143034,97099.64125784999,100042.0546293,TP,0.32394766411583575,0.015802517696143034,0.01611050876604086,0.007897310192975248,0.008059284025033154,0.0159565942180084,0.27607804343564346,1.7470509999999977,0 days 06:15:00
15m,VALIDATION,142,CLOSED,BTCUSDT,LONG,2024-12-05 02:30:00+00:00,2024-12-05 02:45:00+00:00,101312.02,101362.67601,2024-12-05 03:00:00+00:00,103389.9295302,103338.2345654349,0.00015862169952726254,16.078319937337483,0.16078319937337482,100349.0492499,103389.9295302,TP,0.3296015411442183,0.016078319937337483,0.01639168639291619,0.00803514239746866,0.008199943168040664,0.016235085565509323,0.2808964492484553,1.747051000000009,0 days 00:15:00
15m,VALIDATION,143,CLOSED,BTCUSDT,LONG,2024-12-05 03:00:00+00:00,2024-12-05 03:15:00+00:00,102919.98,102971.43998999998,2024-12-05 05:45:00+00:00,101941.72559009999,101890.75472730494,0.00015886867050068657,16.358935770752527,0.16358935770752528,101941.72559009999,105030.86878979999,SL,-0.15541397751224795,0.01635893577075253,0.01618724873983848,0.008175380195276794,0.008097673206521841,0.016273053401798635,-0.2042332154246376,-1.2484504999999928,0 days 02:30:00
15m,VALIDATION,144,CLOSED,BTCUSDT,LONG,2024-12-05 09:00:00+00:00,2024-12-05 09:15:00+00:00,103056.01,103107.538005,2024-12-05 15:15:00+00:00,102076.46262495,102025.42439363753,0.00015668017001560768,16.15490658451413,0.1615490658451413,102076.46262495,105169.6887651,SL,-0.15347564926117543,0.01615490658451413,0.015985360839909656,0.008073416583965102,0.00799667875933401,0.01607009534329911,-0.20168601202889833,-1.2484504999999921,0 days 06:00:00
15m,VALIDATION,145,CLOSED,BTCUSDT,LONG,2024-12-06 14:15:00+00:00,2024-12-06 14:30:00+00:00,99254.59,99304.217295,2024-12-06 18:00:00+00:00,101290.3016409,101239.65649007955,0.00016065200946723532,15.953422057012734,0.15953422057012734,98311.17512205,101290.3016409,TP,0.3270411658064281,0.015953422057012733,0.01626435425290391,0.007972724666173025,0.008136245249076203,0.016108969915249228,0.27871441958126225,1.7470510000000046,0 days 03:30:00
15m,VALIDATION,146,CLOSED,BTCUSDT,LONG,2024-12-06 18:00:00+00:00,2024-12-06 18:15:00+00:00,101439.99,101490.709995,2024-12-06 21:45:00+00:00,100475.80289505,100425.56499360249,0.00015993442199202341,16.231858040610398,0.16231858040610397,100475.80289505,103520.5241949,SL,-0.15420670732234132,0.0162318580406104,0.016061504690474196,0.008111873083762069,0.008034769730100623,0.016146642813862692,-0.20264671286728864,-1.2484504999999873,0 days 03:30:00
15m,VALIDATION,147,CLOSED,BTCUSDT,LONG,2024-12-07 18:30:00+00:00,2024-12-07 18:45:00+00:00,99980.0,100029.98999999999,2024-12-08 08:45:00+00:00,99029.69009999999,98980.17525495,0.00016024607992074888,16.029413772011708,0.16029413772011708,99029.69009999999,102030.58979999999,SL,-0.15228343618488008,0.016029413772011707,0.015861185074474447,0.008010701535236744,0.007934559817145517,0.01594526135238226,-0.20011929638374848,-1.2484504999999966,0 days 14:00:00
15m,VALIDATION,148,CLOSED,BTCUSDT,LONG,2024-12-08 13:15:00+00:00,2024-12-08 13:30:00+00:00,100226.63,100276.743315,2024-12-09 02:15:00+00:00,99273.97588185,99224.33889390908,0.0001578580822602074,15.829494395004973,0.15829494395004973,99273.97588185,102282.2781813,SL,-0.15038415214844916,0.015829494395004973,0.015663363851329395,0.007910791801600906,0.007835599725526296,0.0157463915271272,-0.19762340192191075,-1.2484504999999948,0 days 12:45:00
15m,VALIDATION,149,CLOSED,BTCUSDT,LONG,2024-12-11 00:00:00+00:00,2024-12-11 00:15:00+00:00,96756.04,96804.41801999998,2024-12-11 00:30:00+00:00,95836.37383979998,95788.45565288009,0.00016148094001070687,15.632068419059008,0.1563206841905901,95836.37383979998,98740.50638039998,SL,-0.14850855604513485,0.01563206841905901,0.015468009861000985,0.0078121281454550315,0.007737873867433347,0.015550002012888378,-0.19515863633808325,-1.2484504999999935,0 days 00:15:00
15m,VALIDATION,150,CLOSED,BTCUSDT,LONG,2024-12-11 04:45:00+00:00,2024-12-11 05:00:00+00:00,97546.97,97595.743485,2024-12-11 15:00:00+00:00,99547.6583547,99497.88452552266,0.00015817395508407805,15.437104746393592,0.15437104746393593,96619.78605015,99547.6583547,TP,0.31645678995355636,0.015437104746393593,0.015737973917900806,0.007714695025683621,0.007872923420659487,0.015587618446343108,0.26969409284291884,1.7470510000000137,0 days 10:00:00
15m,VALIDATION,151,CLOSED,BTCUSDT,LONG,2024-12-11 15:00:00+00:00,2024-12-11 15:15:00+00:00,99863.37,99913.30168499998,2024-12-12 16:00:00+00:00,101911.56771869998,101860.61193484064,0.00015720158527126688,15.706529414568337,0.15706529414568338,98914.16866814999,101911.56771869998,TP,0.3219799283286302,0.01570652941456834,0.016012649672858273,0.007849340037263753,0.008010330001429289,0.01585967003869304,0.27440107920251056,1.7470510000000017,1 days 00:45:00
15m,VALIDATION,152,CLOSED,BTCUSDT,LONG,2024-12-12 16:00:00+00:00,2024-12-12 16:15:00+00:00,102346.98,102398.15349,2024-12-12 17:00:00+00:00,101374.1719551,101323.48486912246,0.00015606391152726438,15.980656366818598,0.159806563668186,101374.1719551,104446.1165598,SL,-0.1518202286522842,0.0159806563668186,0.01581293937824884,0.00798633501590151,0.00791042490157321,0.015896759917474718,-0.19951058431482638,-1.248450499999986,0 days 00:45:00
15m,VALIDATION,153,CLOSED,BTCUSDT,LONG,2024-12-13 10:45:00+00:00,2024-12-13 11:00:00+00:00,100457.62,100507.84881,2024-12-14 01:15:00+00:00,102518.0057862,102466.7467833069,0.00015701604681252174,15.781345093776817,0.1578134509377682,99502.7703219,102518.0057862,TP,0.3235136310578337,0.01578134509377682,0.01608892350965453,0.007886729182297342,0.008048485997826309,0.01593521518012365,0.27570814727427867,1.7470509999999988,0 days 14:15:00
15m,VALIDATION,154,CLOSED,BTCUSDT,LONG,2024-12-14 01:15:00+00:00,2024-12-14 01:30:00+00:00,102580.81,102632.10040499999,2024-12-14 04:30:00+00:00,101605.77940094999,101554.97651124952,0.0001564498606671241,16.056777808336538,0.1605677780833654,101605.77940094999,104684.74241309999,SL,-0.1525434013675559,0.016056777808336538,0.015888261925238047,0.008024376715809186,0.007948105015125755,0.01597248173093494,-0.20046092283206543,-1.248450499999993,0 days 03:00:00
15m,VALIDATION,155,CLOSED,BTCUSDT,LONG,2024-12-14 07:45:00+00:00,2024-12-14 08:00:00+00:00,101824.0,101874.912,2024-12-14 13:15:00+00:00,100856.16287999999,100805.73479855999,0.00015564692852119123,15.856517146166647,0.15856517146166646,100856.16287999999,103912.41024,SL,-0.1506408750367973,0.01585651714616665,0.015690102998717627,0.007924296424870362,0.007848975987352052,0.015773272412222414,-0.197960767593904,-1.2484505000000048,0 days 05:15:00
15m,VALIDATION,156,CLOSED,BTCUSDT,LONG,2024-12-15 01:00:00+00:00,2024-12-15 01:15:00+00:00,101509.43,101560.18471499998,2024-12-15 23:00:00+00:00,103591.38840929998,103539.59271509534,0.00015418201715090623,15.658754141577333,0.15658754141577333,100544.58286784998,103591.38840929998,TP,0.321000547170164,0.015658754141577334,0.015963943259796675,0.00782546433861754,0.007985964612203508,0.01581142895082105,0.27356642081796895,1.7470510000000048,0 days 21:45:00
15m,VALIDATION,157,CLOSED,BTCUSDT,LONG,2024-12-15 23:00:00+00:00,2024-12-15 23:15:00+00:00,103640.02,103691.84001,2024-12-16 00:30:00+00:00,105765.6768102,105712.7939717949,0.00015364803313096896,15.932047269267613,0.15932047269267613,102654.9216099,105765.6768102,TP,0.3266029879986797,0.015932047269267613,0.01624256287054564,0.0079620426133265,0.008125344107326668,0.016087386720653168,0.27834099113821326,1.7470510000000046,0 days 01:15:00
15m,VALIDATION,158,CLOSED,BTCUSDT,LONG,2024-12-16 00:30:00+00:00,2024-12-16 00:45:00+00:00,105897.99,105950.938995,2024-12-16 02:15:00+00:00,104891.42960505,104838.98389024747,0.0001529963806950555,16.210110197477622,0.16210110197477623,104891.42960505,108069.9577749,SL,-0.15400009737833675,0.01621011019747762,0.016039985090955094,0.008101004596440411,0.008024004547751406,0.016125009144191817,-0.20237520181096125,-1.2484505000000055,0 days 01:30:00
15m,VALIDATION,159,CLOSED,BTCUSDT,LONG,2024-12-16 03:00:00+00:00,2024-12-16 03:15:00+00:00,104930.17,104982.63508499999,2024-12-16 11:45:00+00:00,103932.80873414999,103880.84232978293,0.00015248176191933548,16.007937168695445,0.16007937168695446,103932.80873414999,107082.28778669999,SL,-0.15207940308690768,0.016007937168695446,0.015839933868109987,0.007999968600046007,0.007923928898502516,0.01592389749854852,-0.19985117162226163,-1.2484504999999844,0 days 08:30:00
15m,VALIDATION,160,CLOSED,BTCUSDT,LONG,2024-12-16 14:45:00+00:00,2024-12-16 15:00:00+00:00,105487.01,105539.75350499999,2024-12-16 18:15:00+00:00,107650.5485751,107596.72330081245,0.00014978512952320248,15.808285648593285,0.15808285648593287,104484.35596994999,107650.5485751,TP,0.3240659056997984,0.015808285648593285,0.01611638913588437,0.00790019272793137,0.008062225680782334,0.015962418408713704,0.27617881250660703,1.7470510000000097,0 days 03:15:00
15m,VALIDATION,161,CLOSED,BTCUSDT,LONG,2024-12-16 18:15:00+00:00,2024-12-16 18:30:00+00:00,107750.47,107804.345235,2024-12-16 19:00:00+00:00,106726.30178265,106672.93863175868,0.00014919796157686203,16.0841885581903,0.160841885581903,106726.30178265,109960.4321397,SL,-0.15280381034042875,0.0160841885581903,0.015915384999272093,0.008038075241474341,0.007961673336304055,0.015999748577778396,-0.20080313247566953,-1.2484504999999997,0 days 00:30:00
15m,VALIDATION,162,CLOSED,BTCUSDT,LONG,2024-12-16 22:00:00+00:00,2024-12-16 22:15:00+00:00,106285.13,106338.27256499999,2024-12-18 01:45:00+00:00,105274.88983934998,105222.25239443031,0.00014936847895978024,15.883586028244578,0.15883586028244578,105274.88983934998,108465.0380163,SL,-0.15089803618037761,0.01588358602824458,0.01571688779287815,0.007937824102069368,0.007862375083980876,0.015800199186050246,-0.1982987091875506,-1.2484505000000063,1 days 03:30:00
15m,VALIDATION,163,CLOSED,BTCUSDT,LONG,2024-12-19 10:30:00+00:00,2024-12-19 10:45:00+00:00,102483.39,102534.63169499999,2024-12-19 14:45:00+00:00,101509.28537804999,101458.53073536097,0.00015297743952817552,15.685485419665609,0.1568548541966561,101509.28537804999,104585.3243289,SL,-0.1490160308984744,0.01568548541966561,0.01552086625018622,0.007838823298182139,0.007764315282733485,0.015603138580915624,-0.19582552114924187,-1.2484504999999966,0 days 04:00:00
15m,VALIDATION,164,CLOSED,BTCUSDT,LONG,2024-12-20 17:15:00+00:00,2024-12-20 17:30:00+00:00,97275.73,97324.367865,2024-12-20 21:00:00+00:00,96351.12418634999,96302.94862425682,0.0001591570114269206,15.489855528407627,0.15489855528407628,96351.12418634999,99270.8552223,SL,-0.14715749804849138,0.015489855528407627,0.015327289494636992,0.007741057235585538,0.007667478486560241,0.015408535722145778,-0.19338317879368175,-1.248450499999994,0 days 03:30:00
15m,VALIDATION,165,CLOSED,BTCUSDT,LONG,2024-12-20 22:45:00+00:00,2024-12-20 23:00:00+00:00,97463.93,97512.66196499999,2024-12-21 07:30:00+00:00,99462.91520429999,99413.18374669785,0.00015686850539567006,15.296665539602753,0.15296665539602752,96537.53534534998,99462.91520429999,TP,0.31357782130659906,0.015296665539602752,0.01559479755096961,0.007644510514543954,0.00780129942519668,0.015445809939740634,0.26724054827628607,1.7470510000000052,0 days 08:30:00
15m,VALIDATION,166,CLOSED,BTCUSDT,LONG,2024-12-21 07:30:00+00:00,2024-12-21 07:45:00+00:00,99495.99,99545.737995,2024-12-21 08:30:00+00:00,98550.28061505,98501.00547474247,0.0001563466144084046,15.563639114304337,0.15563639114304337,98550.28061505,101536.6527549,SL,-0.1478584605511885,0.015563639114304337,0.015400298721799714,0.007777930591855912,0.007704001361580419,0.01548193195343633,-0.1943043303407289,-1.2484505000000052,0 days 00:45:00
15m,VALIDATION,167,CLOSED,BTCUSDT,LONG,2024-12-22 13:15:00+00:00,2024-12-22 13:30:00+00:00,97221.38,97269.99069,2024-12-22 14:15:00+00:00,96297.2907831,96249.14213770846,0.00015800894793098626,15.36952889418373,0.15369528894183732,96297.2907831,99215.39050380001,SL,-0.14601436495673795,0.015369528894183731,0.015208225688439273,0.007680923985099526,0.007607916802619718,0.015288840787719245,-0.19188096032708019,-1.248450499999993,0 days 00:45:00
15m,VALIDATION,168,CLOSED,BTCUSDT,LONG,2024-12-23 10:00:00+00:00,2024-12-23 10:15:00+00:00,96154.06,96202.13703,2024-12-23 13:30:00+00:00,95240.1156597,95192.49560187015,0.00015777029587601155,15.177839623127706,0.15177839623127706,95240.1156597,98126.17977059999,SL,-0.14419326898333784,0.015177839623127706,0.015018548196282983,0.0075851272479399426,0.007513030613447407,0.01509815786138735,-0.1894878146641359,-1.2484504999999995,0 days 03:15:00
15m,VALIDATION,169,CLOSED,BTCUSDT,LONG,2024-12-24 00:45:00+00:00,2024-12-24 01:00:00+00:00,94550.23,94597.50511499999,2024-12-24 02:15:00+00:00,93651.53006384999,93604.70429881808,0.0001584454165969652,14.98854110697972,0.14988541106979722,93651.53006384999,96489.4552173,SL,-0.14239488577895368,0.014988541106979721,0.014831236368061971,0.007490525290843921,0.0074193278479531815,0.014909853138797103,-0.18712451639279248,-1.2484504999999908,0 days 01:15:00
15m,VALIDATION,170,CLOSED,BTCUSDT,LONG,2024-12-24 13:15:00+00:00,2024-12-24 13:30:00+00:00,94767.41,94814.793705,2024-12-24 14:15:00+00:00,96711.08957910001,96662.73403431046,0.00015611069696801113,14.801603528165744,0.14801603528165744,93866.64576795,96711.08957910001,TP,0.30342917377579215,0.014801603528165744,0.015090086780929695,0.007397103212476663,0.007548817799364332,0.014945921011840994,0.2585915624548557,1.7470510000000055,0 days 00:45:00
15m,VALIDATION,171,CLOSED,BTCUSDT,LONG,2024-12-24 14:15:00+00:00,2024-12-24 14:30:00+00:00,96833.86,96882.27692999999,2024-12-24 17:00:00+00:00,98819.9224686,98770.5125073657,0.00015544573511905153,15.059936757391375,0.15059936757391376,95913.4541607,98819.9224686,TP,0.3087249404238842,0.015059936757391375,0.015353454924792936,0.007526205276056437,0.0076805677462692835,0.015206773022325721,0.2631047757193742,1.747051000000004,0 days 02:30:00
15m,VALIDATION,172,CLOSED,BTCUSDT,LONG,2024-12-24 17:00:00+00:00,2024-12-24 17:15:00+00:00,98893.73,98943.17686499999,2024-12-24 19:30:00+00:00,97953.74509634999,97904.76822380182,0.00015486443003627897,15.322778691176966,0.15322778691176966,97953.74509634999,100922.04040229999,SL,-0.14557022634646524,0.015322778691176967,0.015161966128813065,0.007657560565304406,0.007584775452131813,0.015242336017436218,-0.1912973071838915,-1.2484504999999948,0 days 02:15:00
15m,VALIDATION,173,CLOSED,BTCUSDT,LONG,2024-12-24 22:00:00+00:00,2024-12-24 22:15:00+00:00,98747.62,98796.99380999999,2024-12-25 02:00:00+00:00,97809.02387189999,97760.11935996404,0.00015315924004018094,15.131672490194058,0.1513167249019406,97809.02387189999,100772.93368619999,SL,-0.14375466968445316,0.015131672490194058,0.014972865587409474,0.007562055217486761,0.007490177882646171,0.015052233100132931,-0.18891144086218964,-1.2484504999999964,0 days 03:45:00
15m,VALIDATION,174,CLOSED,BTCUSDT,LONG,2024-12-25 04:30:00+00:00,2024-12-25 04:45:00+00:00,98300.0,98349.15,2024-12-26 08:00:00+00:00,97365.65849999999,97316.97567074999,0.00015193776226891655,14.942949772050012,0.14942949772050013,97365.65849999999,100316.133,SL,-0.14196175670498434,0.014942949772050013,0.014786123514192348,0.007467741015516364,0.0073967601371646785,0.014864501152681044,-0.18655533114390774,-1.2484505000000032,1 days 03:15:00
15m,VALIDATION,175,CLOSED,BTCUSDT,LONG,2024-12-27 04:00:00+00:00,2024-12-27 04:15:00+00:00,96481.35,96529.590675,2024-12-27 07:15:00+00:00,95564.29476825,95516.51262086588,0.00015287105960649293,14.75658080986829,0.1475658080986829,95564.29476825,98460.1824885,SL,-0.1401912049953022,0.014756580809868289,0.014601710494268722,0.007374603103381482,0.007304507500883688,0.01467911060426517,-0.18422860690370435,-1.2484504999999977,0 days 03:00:00
15m,VALIDATION,176,CLOSED,BTCUSDT,LONG,2024-12-27 09:00:00+00:00,2024-12-27 09:15:00+00:00,97298.55,97347.19927499999,2024-12-27 10:30:00+00:00,96373.72728225,96325.54041860887,0.00014969651264809774,14.572536247526928,0.1457253624752693,96373.72728225,99294.14326049999,SL,-0.13844273566491228,0.014572536247526928,0.014419597479609135,0.0072826268103566155,0.0072134054425256255,0.014496032252882242,-0.1819309016449306,-1.248450499999996,0 days 01:15:00
15m,VALIDATION,177,CLOSED,BTCUSDT,LONG,2024-12-27 11:45:00+00:00,2024-12-27 12:00:00+00:00,96952.38,97000.85619,2024-12-27 14:30:00+00:00,96030.8476281,95982.83220428597,0.000148357320340004,14.390787095034492,0.14390787095034493,96030.8476281,98940.87331380001,SL,-0.1367160733016521,0.014390787095034493,0.014239755784472105,0.007191797648693081,0.0071234396120403685,0.01431523726073345,-0.17966185344189217,-1.24845049999999,0 days 02:30:00
15m,VALIDATION,178,CLOSED,BTCUSDT,LONG,2024-12-28 13:00:00+00:00,2024-12-28 13:15:00+00:00,94729.42,94776.78470999999,2024-12-29 16:30:00+00:00,93829.0168629,93782.10235446854,0.0001499449972632826,14.211304723963671,0.14211304723963672,93829.0168629,96672.3204042,SL,-0.13501094592831084,0.014211304723963671,0.014062157080885674,0.00710210131132533,0.007034595838362227,0.014136697149687558,-0.17742110488284776,-1.2484504999999977,1 days 03:15:00
15m,VALIDATION,179,CLOSED,BTCUSDT,LONG,2024-12-30 10:00:00+00:00,2024-12-30 10:15:00+00:00,94024.65,94071.66232499998,2024-12-30 13:30:00+00:00,93130.94570174998,93084.38022889911,0.00014918478653493754,14.034060862941848,0.1403406086294185,93130.94570174998,95953.09557149999,SL,-0.1333270849597844,0.014034060862941847,0.013886773394185275,0.007013523669634433,0.006946860127155035,0.013960383796789468,-0.175208303013701,-1.248450499999994,0 days 03:15:00
15m,VALIDATION,180,CLOSED,BTCUSDT,LONG,2024-12-30 18:45:00+00:00,2024-12-30 19:00:00+00:00,94583.98,94631.27199,2024-12-30 21:30:00+00:00,93684.9592701,93638.11679046495,0.00014645293571307404,13.859027593197894,0.13859027593197895,93684.9592701,96523.8974298,SL,-0.13166422516076606,0.013859027593197895,0.013713577098607281,0.006926050771213032,0.006860218658632164,0.013786269429845196,-0.17302309928241644,-1.2484504999999952,0 days 02:30:00
15m,VALIDATION,181,CLOSED,BTCUSDT,LONG,2024-12-31 08:30:00+00:00,2024-12-31 08:45:00+00:00,94258.39,94305.519195,2024-12-31 14:30:00+00:00,96191.6295789,96143.53376411056,0.00014512594237316007,13.686177344164511,0.1368617734416451,93362.46400305,96191.6295789,TP,0.28056321572095366,0.013686177344164512,0.013952920940602279,0.006839668837663619,0.006979950445522689,0.013819619283186308,0.23910449815300058,1.747051000000008,0 days 05:45:00
15m,VALIDATION,182,CLOSED,BTCUSDT,LONG,2024-12-31 15:30:00+00:00,2024-12-31 15:45:00+00:00,95732.22,95780.08610999999,2024-12-31 16:30:00+00:00,94822.28524889999,94774.87410627554,0.00014538557587735496,13.925042976684995,0.13925042976684995,94822.28524889999,97695.6878322,SL,-0.13229138779949243,0.013925042976684995,0.013778899650644688,0.006959041967357091,0.0068928962734589256,0.013851938240816018,-0.17384726866763814,-1.248450499999996,0 days 00:45:00
1h,DEVELOPMENT,1,CLOSED,BTCUSDT,LONG,2024-01-03 06:00:00+00:00,2024-01-03 07:00:00+00:00,45326.92,45349.583459999994,2024-01-03 11:00:00+00:00,44896.087625399996,44873.6395815873,0.000440577805916191,19.980019980019982,0.19980019980019983,44896.087625399996,46256.5751292,SL,-0.18981518231893152,0.019980019980019983,0.019770329670329673,0.009985017481267648,0.009890109890109595,0.01987512737137724,-0.24944065934065843,-1.2484504999999952,0 days 04:00:00
1h,DEVELOPMENT,2,CLOSED,BTCUSDT,LONG,2024-01-05 20:00:00+00:00,2024-01-05 21:00:00+00:00,43955.07,43977.047535,2024-01-06 06:00:00+00:00,43537.27705965,43515.508421120176,0.0004486619638674932,19.7308285121472,0.197308285121472,43537.27705965,44856.5884857,SL,-0.18744780110740636,0.0197308285121472,0.019523753466912215,0.009860484014065746,0.009766760113511543,0.01962724412757729,-0.24632962721404303,-1.2484504999999937,0 days 09:00:00
1h,DEVELOPMENT,3,CLOSED,BTCUSDT,LONG,2024-01-06 23:00:00+00:00,2024-01-07 00:00:00+00:00,43968.32,43990.30416,2024-01-08 02:00:00+00:00,43550.4011184,43528.6259178408,0.0004429327175735724,19.484744968476825,0.19484744968476825,43550.4011184,44870.1102432,SL,-0.18510994595239708,0.019484744968476825,0.01928025257003266,0.009737503732372216,0.009644948759394877,0.019382452491767094,-0.24325739598267365,-1.2484504999999995,1 days 02:00:00
1h,DEVELOPMENT,4,CLOSED,BTCUSDT,LONG,2024-01-08 11:00:00+00:00,2024-01-08 12:00:00+00:00,44636.0,44658.318,2024-01-08 17:00:00+00:00,45551.48436,45528.708617820004,0.000430865546411214,19.241730586875754,0.19241730586875755,44211.73482,45551.48436,TP,0.3944506690023215,0.019241730586875755,0.019616751916013964,0.009616057264805173,0.009813282599305733,0.019429339864110905,0.3361628466353209,1.7470510000000112,0 days 05:00:00
1h,DEVELOPMENT,5,CLOSED,BTCUSDT,LONG,2024-01-08 17:00:00+00:00,2024-01-08 18:00:00+00:00,45648.01,45670.834005,2024-01-08 18:00:00+00:00,46584.2506851,46560.958559757455,0.00042866652280420647,19.57755760649146,0.1957755760649146,45214.12566495,46584.2506851,TP,0.40133503898964407,0.01957755760649146,0.019959124204241983,0.009783886859813653,0.009984554379308395,0.019768441239122046,0.3420299159397886,1.7470510000000177,0 days 00:00:00
1h,DEVELOPMENT,6,CLOSED,BTCUSDT,LONG,2024-01-08 18:00:00+00:00,2024-01-08 19:00:00+00:00,46970.02,46993.50500999999,2024-01-09 00:00:00+00:00,46523.56995989999,46500.30817492004,0.0004238723166098127,19.919245834203537,0.19919245834203536,46523.56995989999,47933.375110199995,SL,-0.18923781274773252,0.019919245834203538,0.01971019334917357,0.009954645594303214,0.009860026687930701,0.019814672282233915,-0.24868192421334354,-1.2484505000000017,0 days 05:00:00
1h,DEVELOPMENT,7,CLOSED,BTCUSDT,LONG,2024-01-09 03:00:00+00:00,2024-01-09 04:00:00+00:00,46926.96,46950.42348,2024-01-09 09:00:00+00:00,46480.9192452,46457.6787855774,0.0004189698598109624,19.670812343480915,0.19670812343480915,46480.9192452,47889.431949599995,SL,-0.18687763250853195,0.019670812343480917,0.019464367167936085,0.009830490926276702,0.009737052110021785,0.019567543036298485,-0.24558035505624748,-1.2484504999999912,0 days 05:00:00
1h,DEVELOPMENT,8,CLOSED,BTCUSDT,LONG,2024-01-09 19:00:00+00:00,2024-01-09 20:00:00+00:00,46876.0,46899.437999999995,2024-01-09 21:00:00+00:00,46430.44361999999,46407.22839819,0.0004141942452155762,19.42547732344471,0.1942547732344471,46430.44361999999,47837.426759999995,SL,-0.18454688851508821,0.019425477323444712,0.01922160693893516,0.009707884719360457,0.009615611275102874,0.01932349599446333,-0.24251746877193142,-1.2484504999999966,0 days 01:00:00
1h,DEVELOPMENT,9,CLOSED,BTCUSDT,LONG,2024-01-10 18:00:00+00:00,2024-01-10 19:00:00+00:00,46527.32,46550.58366,2024-01-10 19:00:00+00:00,46085.077823399995,46062.035284488295,0.00041209369725583297,19.183202129866363,0.19183202129866364,46085.077823399995,47481.5953332,SL,-0.1822452136375628,0.019183202129866364,0.018981874423513415,0.00958680766110135,0.009495685054284194,0.019082492715385542,-0.23949278290632808,-1.2484505000000041,0 days 00:00:00
1h,DEVELOPMENT,10,CLOSED,BTCUSDT,LONG,2024-01-10 22:00:00+00:00,2024-01-10 23:00:00+00:00,46902.69,46926.141345,2024-01-10 23:00:00+00:00,46456.87993154999,46433.65149158422,0.00040369713037374853,18.943948600489414,0.18943948600489413,46456.87993154999,47864.664171899996,SL,-0.17997224532499326,0.018943948600489414,0.018745131859927277,0.009467240679902348,0.009377254557241393,0.01884449523714374,-0.2365058210225537,-1.2484505000000032,0 days 00:00:00
1h,DEVELOPMENT,11,CLOSED,BTCUSDT,LONG,2024-01-11 08:00:00+00:00,2024-01-11 09:00:00+00:00,46277.0,46300.1385,2024-01-11 12:00:00+00:00,47226.14127,47202.528199365006,0.00040405233450907133,18.70767904901833,0.18707679049018333,45837.137115,47226.14127,TP,0.3835027459224048,0.018707679049018332,0.0190722917136837,0.009349164942038524,0.009540916314996956,0.01889008125703548,0.32683269390266734,1.747051000000011,0 days 03:00:00
1h,DEVELOPMENT,12,CLOSED,BTCUSDT,LONG,2024-01-11 12:00:00+00:00,2024-01-11 13:00:00+00:00,47449.64,47473.364819999995,2024-01-11 13:00:00+00:00,46998.63117179999,46975.131856214095,0.00040094451507499625,19.034185236733286,0.19034185236733286,46998.63117179999,48422.83211639999,SL,-0.1808295159171941,0.019034185236733288,0.01883442146267377,0.009512336450139896,0.009421921692181942,0.018934258142321837,-0.23763238075892298,-1.2484505000000004,0 days 00:00:00
1h,DEVELOPMENT,13,CLOSED,BTCUSDT,LONG,2024-01-11 14:00:00+00:00,2024-01-11 15:00:00+00:00,48571.21,48595.495605,2024-01-11 15:00:00+00:00,48109.540648949995,48085.48587862552,0.000386801081395415,18.796790250960136,0.18796790250960135,48109.540648949995,49567.4055171,SL,-0.1785742042332612,0.018796790250960135,0.01859951793727631,0.009393698276340855,0.009304411174224802,0.01869810945056566,-0.23466862187206333,-1.2484505000000015,0 days 00:00:00
1h,DEVELOPMENT,14,CLOSED,BTCUSDT,LONG,2024-01-11 18:00:00+00:00,2024-01-11 19:00:00+00:00,46610.0,46633.305,2024-01-11 20:00:00+00:00,46166.97195,46143.888464025,0.0003980493354111565,18.56235606327576,0.18562356063275762,46166.97195,47565.9711,SL,-0.17634702087100093,0.01856235606327576,0.018367544136391686,0.009276539761757118,0.009188366251319795,0.01846490601307691,-0.2317418270837453,-1.2484504999999932,0 days 01:00:00
1h,DEVELOPMENT,15,CLOSED,BTCUSDT,LONG,2024-01-16 15:00:00+00:00,2024-01-16 16:00:00+00:00,43252.45,43274.076225,2024-01-16 18:00:00+00:00,42841.335462749994,42819.91479501862,0.00042359877657928646,18.330845746508786,0.18330845746508787,42841.335462749994,44139.557749499996,SL,-0.17414761501306084,0.018330845746508787,0.01813846352039918,0.00916084245202837,0.009073768644519937,0.01823461109654831,-0.22885153537651712,-1.248450499999997,0 days 02:00:00
1h,DEVELOPMENT,16,CLOSED,BTCUSDT,LONG,2024-01-16 19:00:00+00:00,2024-01-16 20:00:00+00:00,43166.1,43187.68305,2024-01-17 07:00:00+00:00,42755.8062195,42734.42831639025,0.0004191524424472393,18.102222834044735,0.18102222834044734,42755.8062195,44051.436711,SL,-0.17197564021748502,0.018102222834044734,0.017912240005401436,0.009046588122961345,0.00896060030285259,0.018007188425813933,-0.22599729148274508,-1.2484504999999968,0 days 11:00:00
1h,DEVELOPMENT,17,CLOSED,BTCUSDT,LONG,2024-01-21 13:00:00+00:00,2024-01-21 14:00:00+00:00,41859.52,41880.449759999996,2024-01-22 01:00:00+00:00,41461.645262399994,41440.9144397688,0.0004268447788054977,17.876451314081958,0.1787645131408196,41461.645262399994,42718.0587552,SL,-0.16983075436316866,0.01787645131408196,0.01768883795754067,0.00893375877765176,0.008848843400468143,0.017782602178119902,-0.2231786458129112,-1.248450499999991,0 days 11:00:00
1h,DEVELOPMENT,18,CLOSED,BTCUSDT,LONG,2024-01-25 11:00:00+00:00,2024-01-25 12:00:00+00:00,40178.07,40198.159035,2024-01-25 13:00:00+00:00,39796.17744465,39776.279355927676,0.0004391617936679267,17.653495623959174,0.17653495623959173,39796.17744465,41002.1222157,SL,-0.1677126195959345,0.017653495623959174,0.017468222187385724,0.008822336643656545,0.008738480333858661,0.017560816977515208,-0.22039515438479462,-1.24845049999999,0 days 01:00:00
1h,DEVELOPMENT,19,CLOSED,BTCUSDT,LONG,2024-01-25 14:00:00+00:00,2024-01-25 15:00:00+00:00,40012.93,40032.936465,2024-01-25 15:00:00+00:00,39632.60710035,39612.790796799825,0.0004354744413964085,17.43332064455379,0.17433320644553787,39632.60710035,40833.5951943,SL,-0.16562090227534773,0.017433320644553787,0.017250357944389196,0.008712304170191176,0.008629493719052445,0.017341797889243622,-0.21764637875353435,-1.2484504999999964,0 days 00:00:00
1h,DEVELOPMENT,20,CLOSED,BTCUSDT,LONG,2024-01-26 08:00:00+00:00,2024-01-26 09:00:00+00:00,40133.79,40153.856895,2024-01-26 11:00:00+00:00,40956.9340329,40936.45556588355,0.00042874814590709474,17.21589169475006,0.1721589169475006,39752.31832604999,40956.9340329,TP,0.35292147792036194,0.01721589169475006,0.01755142942388074,0.008603644025360761,0.008780104764320167,0.01738374878968093,0.3007704080120502,1.7470510000000135,0 days 02:00:00
1h,DEVELOPMENT,21,CLOSED,BTCUSDT,LONG,2024-01-26 11:00:00+00:00,2024-01-26 12:00:00+00:00,41289.52,41310.16475999999,2024-01-26 18:00:00+00:00,42136.36805519999,42115.29987117239,0.00042402061900718595,17.516361632824037,0.17516361632824037,40897.06311239999,42136.36805519999,TP,0.35908103657093404,0.017516361632824037,0.017857755521047774,0.00875380391445292,0.008933344432740723,0.01768714834719364,0.3060197710698686,1.7470509999999997,0 days 06:00:00
1h,DEVELOPMENT,22,CLOSED,BTCUSDT,LONG,2024-01-26 18:00:00+00:00,2024-01-26 19:00:00+00:00,42105.0,42126.0525,2024-01-27 06:00:00+00:00,41704.791975,41683.939579012505,0.000423065410409316,17.82207568983689,0.1782207568983689,41704.791975,42968.57355,SL,-0.16931417234572677,0.01782207568983689,0.017635033005472058,0.008906584552641263,0.008821927466467008,0.017728512019108272,-0.22249979306014397,-1.2484504999999826,0 days 11:00:00
1h,DEVELOPMENT,23,CLOSED,BTCUSDT,LONG,2024-01-27 19:00:00+00:00,2024-01-27 20:00:00+00:00,41910.48,41931.43524,2024-01-28 05:00:00+00:00,42770.0639448,42748.6789128276,0.0004197280172633627,17.599798174292292,0.17599798174292292,41512.1208876,42770.0639448,TP,0.36079146482232255,0.017599798174292292,0.01794281824070925,0.008795501336476096,0.008975897068889327,0.017771398405365423,0.30747745000195553,1.7470510000000017,0 days 09:00:00
1h,DEVELOPMENT,24,CLOSED,BTCUSDT,LONG,2024-01-29 03:00:00+00:00,2024-01-29 04:00:00+00:00,42331.19,42352.355595,2024-01-29 14:00:00+00:00,41928.83203905,41907.86762303048,0.0004228092676887275,17.90696845401453,0.17906968454014532,41928.83203905,43199.4027069,SL,-0.17012067481799958,0.017906968454014533,0.017719034820089647,0.008949009722145589,0.008863949384736737,0.017812959106882326,-0.2235596371989861,-1.2484504999999968,0 days 10:00:00
1h,DEVELOPMENT,25,CLOSED,BTCUSDT,LONG,2024-01-29 15:00:00+00:00,2024-01-29 16:00:00+00:00,42641.75,42663.070875,2024-01-30 01:00:00+00:00,43516.332292499996,43494.57412635375,0.00041449506072660183,17.68363215311644,0.1768363215311644,42236.440166249995,43516.332292499996,TP,0.36251004044019636,0.01768363215311644,0.018028286143780683,0.008837397377868298,0.00901865239808788,0.01785604977595618,0.3089420723673431,1.7470510000000046,0 days 09:00:00
1h,DEVELOPMENT,26,CLOSED,BTCUSDT,LONG,2024-01-30 01:00:00+00:00,2024-01-30 02:00:00+00:00,43439.51,43461.229755,2024-01-30 23:00:00+00:00,43026.61745745,43005.10414872127,0.0004139842727293039,17.992265592044856,0.17992265592044857,43026.61745745,44330.4543501,SL,-0.17093101894291723,0.017992265592044854,0.017803436764656344,0.00899163697753294,0.008906171468062184,0.017897808445595124,-0.22462452974521355,-1.2484505000000088,0 days 21:00:00
1h,DEVELOPMENT,27,CLOSED,BTCUSDT,LONG,2024-01-31 13:00:00+00:00,2024-01-31 14:00:00+00:00,42803.91,42825.311955000005,2024-01-31 17:00:00+00:00,43681.81819410001,43659.97728500296,0.00041489167623809457,17.767865462429263,0.17767865462429264,42397.05883545001,43681.81819410001,TP,0.3642368022333092,0.017767865462429262,0.018114161160292012,0.00887949298472276,0.009061611385837002,0.017941104370559763,0.3104136712400281,1.747051000000017,0 days 03:00:00
1h,DEVELOPMENT,28,CLOSED,BTCUSDT,LONG,2024-01-31 17:00:00+00:00,2024-01-31 18:00:00+00:00,43715.04,43736.89752,2024-01-31 19:00:00+00:00,43299.5285448,43277.8787805276,0.0004133345082795352,18.077969030101624,0.18077969030101623,43299.5285448,44611.6354704,SL,-0.17174522301960668,0.018077969030101625,0.01788824074513071,0.009034467281409176,0.008948594669899848,0.017983061951309026,-0.22569449474614803,-1.2484504999999955,0 days 01:00:00
1h,DEVELOPMENT,29,CLOSED,BTCUSDT,LONG,2024-02-02 00:00:00+00:00,2024-02-02 01:00:00+00:00,43174.41,43195.997205,2024-02-02 13:00:00+00:00,42764.03723295,42742.65521433353,0.0004132906093047609,17.8525000043812,0.178525000043812,42764.03723295,44059.9171491,SL,-0.16960321093617567,0.0178525000043812,0.017665138016835218,0.0089217891076352,0.008836987502168256,0.017758776609803455,-0.22287962556719557,-1.2484504999999912,0 days 12:00:00
1h,DEVELOPMENT,30,CLOSED,BTCUSDT,LONG,2024-02-02 15:00:00+00:00,2024-02-02 16:00:00+00:00,43242.1,43263.72104999999,2024-02-02 18:00:00+00:00,42831.083839499996,42809.66829758025,0.0004074971502198747,17.629843035782603,0.17629843035782602,42831.083839499996,44128.995470999995,SL,-0.16748791409806588,0.017629843035782602,0.017444817833122066,0.008810516259759094,0.008726772302711839,0.017537288562470933,-0.22009986352944147,-1.2484504999999908,0 days 02:00:00
1h,DEVELOPMENT,31,CLOSED,BTCUSDT,LONG,2024-02-02 22:00:00+00:00,2024-02-02 23:00:00+00:00,43202.6,43224.20129999999,2024-02-04 06:00:00+00:00,42791.95928699999,42770.56330735649,0.00040278275893178186,17.40996305223671,0.1740996305223671,42791.95928699999,44088.68532599999,SL,-0.16539899931185723,0.01740996305223671,0.017227245490003484,0.008700631210511008,0.008617931710857596,0.017318562921368602,-0.21735477077546603,-1.248450500000009,1 days 07:00:00
1h,DEVELOPMENT,32,CLOSED,BTCUSDT,LONG,2024-02-05 12:00:00+00:00,2024-02-05 13:00:00+00:00,43255.35,43276.977674999995,2024-02-05 15:00:00+00:00,42844.207898249995,42822.78579430087,0.0003972741707660017,17.19282541909439,0.1719282541909439,42844.207898249995,44142.51722849999,SL,-0.16333613753972367,0.01719282541909439,0.017012386716320996,0.008592116651220031,0.008510448582451325,0.017102565233671357,-0.2146439149088104,-1.2484504999999966,0 days 02:00:00
1h,DEVELOPMENT,33,CLOSED,BTCUSDT,LONG,2024-02-06 15:00:00+00:00,2024-02-06 16:00:00+00:00,43244.89,43266.512445,2024-02-07 03:00:00+00:00,42833.84732055,42812.43039688972,0.00039241424774538486,16.978395933671006,0.16978395933671006,42833.84732055,44131.8426939,SL,-0.1612990038476198,0.016978395933671005,0.01680020766834713,0.008484955489091303,0.0084043059871674,0.016889261476258702,-0.21196686892589664,-1.2484505000000077,0 days 11:00:00
1h,DEVELOPMENT,34,CLOSED,BTCUSDT,LONG,2024-02-07 13:00:00+00:00,2024-02-07 14:00:00+00:00,43141.97,43163.540985,2024-02-07 20:00:00+00:00,44026.8118047,44004.798398797655,0.00038844451676672197,16.766640819858925,0.16766640819858925,42731.90557515,44026.8118047,TP,0.3437119472416862,0.016766640819858927,0.017093422649437976,0.008379130844506614,0.008550986818127113,0.016930117662633727,0.2929217661097556,1.7470510000000123,0 days 06:00:00
1h,DEVELOPMENT,35,CLOSED,BTCUSDT,LONG,2024-02-07 20:00:00+00:00,2024-02-07 21:00:00+00:00,44131.37,44153.435685,2024-02-08 14:00:00+00:00,45036.504398699995,45013.98614650065,0.00038636336430388266,17.059269956831706,0.17059269956831707,43711.901328149994,45036.504398699995,TP,0.34971077142890106,0.017059269956831706,0.017391755128290356,0.008525372292267446,0.008700227677983535,0.01722559997025098,0.29803414637352804,1.7470510000000008,0 days 17:00:00
1h,DEVELOPMENT,36,CLOSED,BTCUSDT,LONG,2024-02-08 14:00:00+00:00,2024-02-08 15:00:00+00:00,45077.99,45100.52899499999,2024-02-09 02:00:00+00:00,46002.539574899994,45979.53830511255,0.0003848515029329153,17.35700636679527,0.17357006366795272,44649.52370504999,46002.539574899994,TP,0.3558142934362516,0.017357006366795272,0.01769529442088411,0.008674166100345668,0.008852073247064862,0.01752623934741053,0.30323575330116165,1.7470510000000068,0 days 11:00:00
1h,DEVELOPMENT,37,CLOSED,BTCUSDT,LONG,2024-02-09 02:00:00+00:00,2024-02-09 03:00:00+00:00,46285.22,46308.36261,2024-02-09 11:00:00+00:00,47234.5298622,47210.9125972689,0.00038135529290906945,17.65993918727595,0.1765993918727595,45845.278983899996,47234.5298622,TP,0.3620243405607479,0.017659939187275948,0.01800413140203596,0.008825556815228579,0.009006568985509762,0.01783212580073834,0.3085281441706977,1.7470510000000075,0 days 08:00:00
1h,DEVELOPMENT,38,CLOSED,BTCUSDT,LONG,2024-02-09 11:00:00+00:00,2024-02-09 12:00:00+00:00,47180.01,47203.600005,2024-02-09 14:00:00+00:00,46731.56400495,46708.198222947525,0.00038065230426533443,17.968159111522404,0.17968159111522405,46731.56400495,48147.6720051,SL,-0.1707020013543441,0.017968159111522403,0.017779583281646975,0.008979589760880076,0.008894238760203432,0.017873828521083508,-0.224323572268597,-1.2484505,0 days 02:00:00
1h,DEVELOPMENT,39,CLOSED,BTCUSDT,LONG,2024-02-09 16:00:00+00:00,2024-02-09 17:00:00+00:00,47275.88,47299.51794,2024-02-10 10:00:00+00:00,46826.5227606,46803.1094992197,0.0003751425048609407,17.7440596387266,0.177440596387266,46826.5227606,48245.5082988,SL,-0.1685730003659135,0.017744059638726602,0.01755783573281817,0.008867596021352822,0.008783309521167413,0.017650905542520235,-0.2215258012799785,-1.248450499999989,0 days 17:00:00
1h,DEVELOPMENT,40,CLOSED,BTCUSDT,LONG,2024-02-10 11:00:00+00:00,2024-02-10 12:00:00+00:00,47182.01,47205.601005,2024-02-10 20:00:00+00:00,48149.7130251,48125.63816858745,0.000371200763656995,17.52275514194341,0.1752275514194341,46733.544994949996,48149.7130251,TP,0.3592121019103027,0.01752275514194341,0.017864273639659888,0.008756999071434044,0.008936605122389963,0.017693604193824007,0.3061314689348754,1.7470510000000095,0 days 08:00:00
1h,DEVELOPMENT,41,CLOSED,BTCUSDT,LONG,2024-02-10 20:00:00+00:00,2024-02-10 21:00:00+00:00,47878.0,47901.939,2024-02-12 15:00:00+00:00,48859.97778,48835.54779111,0.00037218912548059893,17.828580785234994,0.17828580785234993,47422.91961,48859.97778,TP,0.36548145117958036,0.017828580785234995,0.018176059824739226,0.008909835474879495,0.009092576200469342,0.018002411675348835,0.3114743988942573,1.7470510000000086,1 days 18:00:00
1h,DEVELOPMENT,42,CLOSED,BTCUSDT,LONG,2024-02-12 15:00:00+00:00,2024-02-12 16:00:00+00:00,49917.8,49942.7589,2024-02-12 16:00:00+00:00,49443.331311,49418.609645344506,0.0003632106920087187,18.139744020893595,0.18139744020893595,49443.331311,50941.614078,SL,-0.17233210086815998,0.018139744020893595,0.01794936740739432,0.009065339340775615,0.00897917329034073,0.018044512631116345,-0.22646572492756423,-1.2484504999999892,0 days 00:00:00
1h,DEVELOPMENT,43,CLOSED,BTCUSDT,LONG,2024-02-12 20:00:00+00:00,2024-02-12 21:00:00+00:00,50162.97,50188.051484999996,2024-02-13 11:00:00+00:00,49686.17097014999,49661.32788466492,0.00035692767512214324,17.913504535451477,0.17913504535451477,49686.17097014999,51191.812514699996,SL,-0.17018276922485676,0.01791350453545148,0.017725502305351915,0.00895227612965918,0.008867184745048115,0.017819460874707295,-0.22364123694036744,-1.2484505000000046,0 days 14:00:00
1h,DEVELOPMENT,44,CLOSED,BTCUSDT,LONG,2024-02-14 06:00:00+00:00,2024-02-14 07:00:00+00:00,49637.83,49662.648915,2024-02-14 08:00:00+00:00,50655.9018933,50630.57394235335,0.00035620505757974496,17.69008671633023,0.1769008671633023,49166.022425849995,50655.9018933,TP,0.3626423573732448,0.017690086716330232,0.018034866506431508,0.00884062304664044,0.009021944225326534,0.017862567271966973,0.3090548368785161,1.7470510000000092,0 days 01:00:00
1h,DEVELOPMENT,45,CLOSED,BTCUSDT,LONG,2024-02-14 08:00:00+00:00,2024-02-14 09:00:00+00:00,50758.0,50783.379,2024-02-14 12:00:00+00:00,51799.04658,51773.147056710004,0.00035442369455403823,17.99883280711796,0.1799883280711796,50275.545210000004,51799.04658,TP,0.36897157508644685,0.017998832807117962,0.018349630058528688,0.008994918944087224,0.00917940473162941,0.018174323675716635,0.31444878854508357,1.7470510000000066,0 days 03:00:00
1h,DEVELOPMENT,46,CLOSED,BTCUSDT,LONG,2024-02-14 14:00:00+00:00,2024-02-14 15:00:00+00:00,51908.45,51934.40422499999,2024-02-14 15:00:00+00:00,51415.06018274999,51389.35265265862,0.0003526172627622774,18.31296746100915,0.18312967461009153,51415.06018274999,52973.09230949999,SL,-0.173977766833477,0.01831296746100915,0.01812077286750586,0.009151907776614166,0.009064918893198175,0.018216826669812343,-0.22862833383180434,-1.2484504999999906,0 days 00:00:00
1h,DEVELOPMENT,47,CLOSED,BTCUSDT,LONG,2024-02-14 20:00:00+00:00,2024-02-14 21:00:00+00:00,51686.15,51711.993075,2024-02-15 14:00:00+00:00,52746.2329365,52719.85982003175,0.000349717085954944,18.084567527111243,0.18084567527111245,51194.87314425,52746.2329365,TP,0.3707291154233383,0.018084567527111243,0.01843703574821464,0.009037764881114031,0.009223129438825592,0.018260894319939623,0.3159466178280728,1.747051000000003,0 days 17:00:00
1h,DEVELOPMENT,48,CLOSED,BTCUSDT,LONG,2024-02-15 14:00:00+00:00,2024-02-15 15:00:00+00:00,52621.31,52647.62065499999,2024-02-15 15:00:00+00:00,52121.14444844999,52095.08387622576,0.0003494972476444668,18.400198513952475,0.18400198513952476,52121.14444844999,53700.57306809999,SL,-0.17480648363330506,0.018400198513952474,0.018207088430548544,0.009195501506220982,0.00910809826440659,0.018303599770627572,-0.22971737034843365,-1.2484505000000075,0 days 00:00:00
1h,DEVELOPMENT,49,CLOSED,BTCUSDT,LONG,2024-02-16 03:00:00+00:00,2024-02-16 04:00:00+00:00,52280.25,52306.390125,2024-02-16 07:00:00+00:00,51783.326223749995,51757.434560638125,0.0003473898808169093,18.17071063148651,0.1817071063148651,51783.326223749995,53352.5179275,SL,-0.1726262914065778,0.018170710631486512,0.01798000902340906,0.009080814908288444,0.008994501762584086,0.018075316670872532,-0.2268523277323459,-1.2484504999999966,0 days 03:00:00
1h,DEVELOPMENT,50,CLOSED,BTCUSDT,LONG,2024-02-16 10:00:00+00:00,2024-02-16 11:00:00+00:00,52299.99,52326.139995,2024-02-16 14:00:00+00:00,51802.878595049995,51776.97715575247,0.00034292773996268095,17.9440849294562,0.179440849294562,51802.878595049995,53372.662794899996,SL,-0.1704732906091776,0.0179440849294562,0.017755761758121553,0.008967558685385325,0.008882322040079894,0.01784988072546522,-0.22402301802222055,-1.2484505,0 days 03:00:00
1h,DEVELOPMENT,51,CLOSED,BTCUSDT,LONG,2024-02-16 21:00:00+00:00,2024-02-16 22:00:00+00:00,51982.01,52008.001005,2024-02-17 13:00:00+00:00,51487.92099495,51462.17703445253,0.000340722299804393,17.72028571065278,0.1772028571065278,51487.92099495,53048.1610251,SL,-0.16834714210870105,0.017720285710652782,0.017534311312119483,0.00885571499782619,0.008771541426771957,0.01762725642459815,-0.22122899555607148,-1.2484504999999904,0 days 15:00:00
1h,DEVELOPMENT,52,CLOSED,BTCUSDT,LONG,2024-02-18 14:00:00+00:00,2024-02-18 15:00:00+00:00,51882.0,51907.941,2024-02-20 01:00:00+00:00,51388.86159,51363.167159205004,0.00033712139965413543,17.499277723084283,0.17499277723084283,51388.86159,52946.09982,SL,-0.16624751100241475,0.017499277723084284,0.017315622803380514,0.008745266228427554,0.008662142472925422,0.017407408701352975,-0.21846982023023254,-1.2484504999999897,1 days 10:00:00
1h,DEVELOPMENT,53,CLOSED,BTCUSDT,LONG,2024-02-20 11:00:00+00:00,2024-02-20 12:00:00+00:00,52286.8,52312.9434,2024-02-20 14:00:00+00:00,51789.813965999994,51763.919059017,0.0003303393965483256,17.28102615442271,0.17281026154422713,51789.813965999994,53359.202268,SL,-0.1641740665645085,0.017281026154422712,0.017099661784932045,0.00863619497971937,0.008554107946438511,0.01719030292615788,-0.21574505743002112,-1.2484505,0 days 02:00:00
1h,DEVELOPMENT,54,CLOSED,BTCUSDT,LONG,2024-02-25 01:00:00+00:00,2024-02-25 02:00:00+00:00,51684.01,51709.852005,2024-02-26 09:00:00+00:00,51192.75348495,51167.15710820753,0.00033002408563982113,17.065496626520595,0.17065496626520596,51192.75348495,52744.0490451,SL,-0.1621264821939817,0.017065496626520595,0.016886394239425263,0.008528484071224226,0.008447420830125764,0.016975904901349988,-0.21305427796127757,-1.2484504999999886,1 days 07:00:00
1h,DEVELOPMENT,55,CLOSED,BTCUSDT,LONG,2024-02-26 15:00:00+00:00,2024-02-26 16:00:00+00:00,52842.33,52868.751165,2024-02-26 19:00:00+00:00,53926.126188300004,53899.16312520586,0.00031876401122848133,16.852655189995847,0.16852655189995847,52340.06365335,53926.126188300004,TP,0.3454752203366473,0.016852655189995847,0.017181113439648867,0.008422116536729477,0.008594854146896763,0.01701697068362624,0.29442448102337637,1.7470510000000121,0 days 03:00:00
1h,DEVELOPMENT,56,CLOSED,BTCUSDT,LONG,2024-02-26 19:00:00+00:00,2024-02-26 20:00:00+00:00,54487.1,54514.34355,2024-02-27 01:00:00+00:00,55604.630421,55576.82810578951,0.0003145371369085954,17.146785540668553,0.17146785540668552,53969.200114499996,55604.630421,TP,0.35150481902959824,0.017146785540668553,0.01748097639085619,0.008569108216225923,0.00874486062573916,0.017313968841965083,0.29956308825610845,1.7470510000000181,0 days 05:00:00
1h,DEVELOPMENT,57,CLOSED,BTCUSDT,LONG,2024-02-27 01:00:00+00:00,2024-02-27 02:00:00+00:00,55768.41,55796.294205,2024-02-27 02:00:00+00:00,56912.220089099996,56883.763979055446,0.0003126739797629224,17.446049365100233,0.17446049365100233,55238.33126295,56912.220089099996,TP,0.3576396526518774,0.017446049365100233,0.017786072867226038,0.008718665349873565,0.008897485176201076,0.01761615052607464,0.3047913798934765,1.7470509999999955,0 days 00:00:00
1h,DEVELOPMENT,58,CLOSED,BTCUSDT,LONG,2024-02-27 02:00:00+00:00,2024-02-27 03:00:00+00:00,56298.47,56326.619235,2024-02-27 03:00:00+00:00,55763.35304265,55735.47136612868,0.00031513583629160825,17.750536258100713,0.17750536258100713,55763.35304265,57453.1516197,SL,-0.16863452986831345,0.01775053625810071,0.01756424438007195,0.008870832712693106,0.008786515447758152,0.01765734816045126,-0.22160665866693738,-1.2484504999999873,0 days 00:00:00
1h,DEVELOPMENT,59,CLOSED,BTCUSDT,LONG,2024-02-27 06:00:00+00:00,2024-02-27 07:00:00+00:00,56363.01,56391.191505,2024-02-27 07:00:00+00:00,55827.279589950005,55799.365950155036,0.0003108490974721278,17.52915098470717,0.1752915098470717,55827.279589950005,57519.015335100004,SL,-0.16653131445241445,0.01752915098470717,0.017345182545122673,0.008760195394656403,0.008676929737428382,0.017437125132084785,-0.2188427731143291,-1.2484504999999857,0 days 00:00:00
1h,DEVELOPMENT,60,CLOSED,BTCUSDT,LONG,2024-02-27 09:00:00+00:00,2024-02-27 10:00:00+00:00,56615.94,56644.24797,2024-02-28 07:00:00+00:00,57777.132929399995,57748.2443629353,0.0003056007883608912,17.31052683574181,0.1731052683574181,56077.805490299994,57777.132929399995,TP,0.3548614746637305,0.017310526835741812,0.017647909003770418,0.008650937948894741,0.008828368686226806,0.017479306635121546,0.3024237321890968,1.7470510000000066,0 days 21:00:00
1h,DEVELOPMENT,61,CLOSED,BTCUSDT,LONG,2024-02-28 07:00:00+00:00,2024-02-28 08:00:00+00:00,58241.09,58270.210544999994,2024-02-28 08:00:00+00:00,59435.614755899995,59405.89694852205,0.000302258191305465,17.612648446320332,0.1761264844632033,57687.508439549994,59435.614755899995,TP,0.36105489218793546,0.017612648446320333,0.017955918964539117,0.008801923261528781,0.008982450707621327,0.017784373969150107,0.30770195080792595,1.7470510000000121,0 days 00:00:00
1h,DEVELOPMENT,62,CLOSED,BTCUSDT,LONG,2024-02-28 08:00:00+00:00,2024-02-28 09:00:00+00:00,59448.42,59478.14421,2024-02-28 09:00:00+00:00,58883.3627679,58853.92108651605,0.0003012878636445272,17.920043002572005,0.17920043002572006,58883.3627679,60667.7070942,SL,-0.17024488629629875,0.017920043002572005,0.017731972151260014,0.008955543729421386,0.00887042128627281,0.017825965015694195,-0.22372286646582495,-1.2484504999999986,0 days 00:00:00
1h,DEVELOPMENT,63,CLOSED,BTCUSDT,LONG,2024-02-28 13:00:00+00:00,2024-02-28 14:00:00+00:00,60454.76,60484.98738,2024-02-28 14:00:00+00:00,59880.1375062,59850.19743744691,0.0002925774543738242,17.69654363547328,0.1769654363547328,59880.1375062,61694.6871276,SL,-0.16812158646194297,0.01769654363547328,0.017510818410018992,0.00884384989278926,0.008759789099557588,0.01760363899234685,-0.22093258749978212,-1.2484504999999875,0 days 00:00:00
1h,DEVELOPMENT,64,CLOSED,BTCUSDT,LONG,2024-02-28 14:00:00+00:00,2024-02-28 15:00:00+00:00,60971.11,61001.595555,2024-02-28 16:00:00+00:00,62221.6274661,62190.516652366954,0.0002864815518487978,17.475831759849125,0.17475831759849125,60391.57959945,62221.6274661,TP,0.3582501843023539,0.017475831759849125,0.017816435720848584,0.008733549105371673,0.008912674197521557,0.01764622330289323,0.30531169351876297,1.747051000000007,0 days 01:00:00
1h,DEVELOPMENT,65,CLOSED,BTCUSDT,LONG,2024-02-28 16:00:00+00:00,2024-02-28 17:00:00+00:00,62412.0,62443.206,2024-02-28 17:00:00+00:00,61818.77394,61787.864553030005,0.0002847521705833146,17.780838446681052,0.17780838446681052,61818.77394,63692.07012,SL,-0.16892240823158788,0.017780838446681053,0.01759422854718314,0.008885976235222436,0.008801515031105312,0.017687491266327748,-0.22198496649177982,-1.2484504999999886,0 days 00:00:00
1h,DEVELOPMENT,66,CLOSED,BTCUSDT,LONG,2024-02-28 22:00:00+00:00,2024-02-28 23:00:00+00:00,61274.95,61305.58747499999,2024-02-28 23:00:00+00:00,62531.69922449999,62500.43337488775,0.0002864188398904593,17.55907524339257,0.17559075243392572,60692.53160024999,62531.69922449999,TP,0.35995665491452317,0.01755907524339257,0.017901301619886293,0.008775150046671776,0.008955128374129009,0.017730278420800785,0.30676599963044354,1.7470510000000068,0 days 00:00:00
1h,DEVELOPMENT,67,CLOSED,BTCUSDT,LONG,2024-02-28 23:00:00+00:00,2024-02-29 00:00:00+00:00,62432.11,62463.326055,2024-02-29 00:00:00+00:00,61838.69279445,61807.77344805278,0.0002860163861231473,17.865534783482925,0.17865534783482925,61838.69279445,63712.592576099996,SL,-0.16972704459470847,0.017865534783482927,0.017678035995930274,0.008928303240120585,0.008843439717822263,0.01777174295794285,-0.2230423583320645,-1.2484504999999888,0 days 00:00:00
1h,DEVELOPMENT,68,CLOSED,BTCUSDT,LONG,2024-02-29 02:00:00+00:00,2024-02-29 03:00:00+00:00,61740.3,61771.17015,2024-02-29 03:00:00+00:00,61153.458448499994,61122.88171927575,0.00028561406885845844,17.64271524468965,0.17642715244689652,61153.458448499994,63006.593553,SL,-0.1676102032991281,0.01764271524468965,0.017457554948196636,0.008816949147769567,0.00873314404612005,0.017550093193889615,-0.22026056668590402,-1.248450499999999,0 days 00:00:00
1h,DEVELOPMENT,69,CLOSED,BTCUSDT,LONG,2024-02-29 04:00:00+00:00,2024-02-29 05:00:00+00:00,62443.89,62475.111945,2024-02-29 05:00:00+00:00,61850.36082554999,61819.43564513722,0.0002788738455381716,17.42267471852991,0.1742267471852991,61850.36082554999,63724.6141839,SL,-0.16551976331796958,0.01742267471852991,0.017239823747358936,0.008706983867330592,0.008624223985671111,0.017331207853001705,-0.21751346963686014,-1.2484504999999992,0 days 00:00:00
1h,DEVELOPMENT,70,CLOSED,BTCUSDT,LONG,2024-02-29 06:00:00+00:00,2024-02-29 07:00:00+00:00,63000.01,63031.510005,2024-02-29 08:00:00+00:00,62401.194904949996,62369.99430749752,0.0002729647210371716,17.205378545066512,0.17205378545066513,62401.194904949996,64292.1402051,SL,-0.16345539537317222,0.017205378545066513,0.01702480809723604,0.008598390077492987,0.008516662379807303,0.01711505245730029,-0.21480063447277503,-1.2484504999999966,0 days 01:00:00
1h,DEVELOPMENT,71,CLOSED,BTCUSDT,LONG,2024-02-29 11:00:00+00:00,2024-02-29 12:00:00+00:00,62936.02,62967.488009999994,2024-02-29 12:00:00+00:00,62337.813129899994,62306.644223335046,0.00026983437061906966,16.990792496642165,0.16990792496642165,62337.813129899994,64226.83777019999,SL,-0.16141677429343776,0.016990792496642166,0.016812474129389906,0.008491150672983745,0.008410442285837325,0.01690159295882107,-0.21212163387829092,-1.248450499999996,0 days 00:00:00
1h,DEVELOPMENT,72,CLOSED,BTCUSDT,LONG,2024-03-01 06:00:00+00:00,2024-03-01 07:00:00+00:00,61568.18,61598.964089999994,2024-03-01 20:00:00+00:00,62830.94337179999,62799.527900114095,0.0002723890412827887,16.77888277248803,0.1677888277248803,60982.974449099995,62830.94337179999,TP,0.3439629042116216,0.01677888277248803,0.01710590319772382,0.008385248761861377,0.008557230213968214,0.01694247897582959,0.2931356392655802,1.747051000000002,0 days 13:00:00
1h,DEVELOPMENT,73,CLOSED,BTCUSDT,LONG,2024-03-01 20:00:00+00:00,2024-03-01 21:00:00+00:00,62861.1,62892.530549999996,2024-03-01 21:00:00+00:00,62263.605244499995,62232.47344187775,0.00027144281554047185,17.071725568957138,0.17071725568957138,62263.605244499995,64150.381161,SL,-0.16218565870358678,0.017071725568957138,0.016892557809110937,0.008531596985984848,0.008450504156631997,0.016982101142616845,-0.2131320432242717,-1.248450499999991,0 days 00:00:00
1h,DEVELOPMENT,74,CLOSED,BTCUSDT,LONG,2024-03-02 03:00:00+00:00,2024-03-02 04:00:00+00:00,62307.45,62338.60372499999,2024-03-02 09:00:00+00:00,61715.217687749995,61684.360078906124,0.00027043926936874896,16.85880644485697,0.16858806444856972,61715.217687749995,63585.3757995,SL,-0.16016287382145533,0.01685880644485697,0.016681873271218197,0.008425190627113978,0.008345109190203195,0.016770299817317175,-0.21047385335484767,-1.2484504999999915,0 days 05:00:00
1h,DEVELOPMENT,75,CLOSED,BTCUSDT,LONG,2024-03-02 18:00:00+00:00,2024-03-02 19:00:00+00:00,62024.29,62055.302144999994,2024-03-03 07:00:00+00:00,61434.74912354999,61404.03174898822,0.000268285582047292,16.64854285509189,0.1664854285509189,61434.74912354999,63296.40818789999,SL,-0.15816531717906154,0.01664854285509189,0.0164738163978277,0.008320111371858225,0.008241028713268943,0.016561140085127168,-0.2078488165171083,-1.2484504999999957,0 days 12:00:00
1h,DEVELOPMENT,76,CLOSED,BTCUSDT,LONG,2024-03-03 12:00:00+00:00,2024-03-03 13:00:00+00:00,62184.03,62215.12201499999,2024-03-04 00:00:00+00:00,63459.424455299995,63427.69474307235,0.00026425893170773247,16.440901679750127,0.16440901679750128,61592.97079484999,63459.424455299995,TP,0.33703437626354243,0.01644090167975013,0.016761334853488456,0.008216342668539397,0.008384859856670762,0.01660120252521016,0.28723093720509363,1.7470510000000135,0 days 11:00:00
1h,DEVELOPMENT,77,CLOSED,BTCUSDT,LONG,2024-03-04 00:00:00+00:00,2024-03-04 01:00:00+00:00,63459.29,63491.019645,2024-03-04 08:00:00+00:00,64760.8400379,64728.45961788105,0.0002634679009172181,16.727845672962008,0.16727845672962008,62856.10944855,64760.8400379,TP,0.34291665642423874,0.016727845672962007,0.01705387138512804,0.008359742964998355,0.008531201293210075,0.016890944258208432,0.2922439951079403,1.7470510000000048,0 days 07:00:00
1h,DEVELOPMENT,78,CLOSED,BTCUSDT,LONG,2024-03-04 08:00:00+00:00,2024-03-04 09:00:00+00:00,65241.08,65273.70054,2024-03-04 14:00:00+00:00,64620.9635346,64588.653052832706,0.0002607451021655664,17.019797716026886,0.17019797716026885,64620.9635346,66579.1745508,SL,-0.1616923311252735,0.017019797716026887,0.01684117493899719,0.008505646034994969,0.008424799869431699,0.016930445904426668,-0.21248374968472425,-1.2484504999999884,0 days 05:00:00
1h,DEVELOPMENT,79,CLOSED,BTCUSDT,LONG,2024-03-04 14:00:00+00:00,2024-03-04 15:00:00+00:00,66169.41,66202.494705,2024-03-04 20:00:00+00:00,67526.5445991,67492.78132680045,0.0002538805571106517,16.807526237820372,0.16807526237820372,65540.46975795,67526.5445991,TP,0.34455008809364845,0.016807526237820374,0.017135104924195493,0.00839956333724185,0.0085718383812878,0.01697140171852965,0.29363605521310293,1.7470509999999984,0 days 05:00:00
1h,DEVELOPMENT,80,CLOSED,BTCUSDT,LONG,2024-03-04 22:00:00+00:00,2024-03-04 23:00:00+00:00,67929.12,67963.08455999999,2024-03-05 04:00:00+00:00,67283.45371439999,67249.8119875428,0.0002516199648829032,17.100868950320976,0.17100868950320977,67283.45371439999,69322.34625119998,SL,-0.16246252810874753,0.017100868950320976,0.01692139533068736,0.008546161394461516,0.008464930130408074,0.01701109152486959,-0.21349588391462546,-1.248450499999991,0 days 05:00:00
1h,DEVELOPMENT,81,CLOSED,BTCUSDT,LONG,2024-03-05 14:00:00+00:00,2024-03-05 15:00:00+00:00,68710.41,68744.765205,2024-03-05 15:00:00+00:00,68057.31755295,68023.28889417353,0.00024565632450191836,16.887586349007666,0.16887586349007666,68057.31755295,70119.66050910001,SL,-0.16043629010226748,0.016887586349007666,0.01671035113027483,0.008439573387809889,0.00835935524275788,0.01679892863056777,-0.21083315621211776,-1.2484504999999988,0 days 00:00:00
1h,DEVELOPMENT,82,CLOSED,BTCUSDT,LONG,2024-03-06 08:00:00+00:00,2024-03-06 09:00:00+00:00,66941.22,66974.69060999999,2024-03-06 09:00:00+00:00,66304.94370389999,66271.79123204804,0.00024900396946125186,16.67696381532923,0.16676963815329232,66304.94370389999,68314.18442219999,SL,-0.15843532340300576,0.01667696381532923,0.01650193908008735,0.00833431475028683,0.008255097088588069,0.0165894118388749,-0.20820363813729723,-1.2484505000000021,0 days 00:00:00
1h,DEVELOPMENT,83,CLOSED,BTCUSDT,LONG,2024-03-06 11:00:00+00:00,2024-03-06 12:00:00+00:00,67301.31,67334.96065499999,2024-03-06 12:00:00+00:00,66661.61104844998,66628.28024292576,0.00024458272511980033,16.468968172834433,0.16468968172834433,66661.61104844998,68681.65986809999,SL,-0.15645931282638234,0.016468968172834435,0.016296126351860535,0.008230368901963879,0.008152139245552617,0.016382508147516496,-0.2056069154985938,-1.2484505000000088,0 days 00:00:00
1h,DEVELOPMENT,84,CLOSED,BTCUSDT,LONG,2024-03-06 16:00:00+00:00,2024-03-06 17:00:00+00:00,67086.01,67119.553005,2024-03-06 21:00:00+00:00,66448.35747495,66415.13329621253,0.0002423074339848224,16.263566658849825,0.16263566658849826,66448.35747495,68461.94406509999,SL,-0.15450794711880772,0.016263566658849826,0.0160928805267652,0.008127719469689956,0.00805046549612848,0.016178184965818437,-0.20304257927024116,-1.2484504999999828,0 days 04:00:00
1h,DEVELOPMENT,85,CLOSED,BTCUSDT,LONG,2024-03-07 01:00:00+00:00,2024-03-07 02:00:00+00:00,66409.99,66443.194995,2024-03-07 04:00:00+00:00,65778.76304505,65745.87366352748,0.00024172117130321204,16.060726919319116,0.16060726919319115,65778.76304505,67772.0588949,SL,-0.15258091890867512,0.016060726919319115,0.015892169590300865,0.008026350284515553,0.007950059825060904,0.015976410109576455,-0.20051022552787157,-1.2484504999999844,0 days 02:00:00
1h,DEVELOPMENT,86,CLOSED,BTCUSDT,LONG,2024-03-07 10:00:00+00:00,2024-03-07 11:00:00+00:00,66898.35,66931.79917500001,2024-03-08 14:00:00+00:00,68270.43515850001,68236.29994092077,0.000236963852745661,15.860417003706857,0.1586041700370686,66262.48118325001,68270.43515850001,TP,0.32513458545330226,0.015860417003706856,0.016169536531109106,0.007926245379164216,0.008088812671888535,0.01601505805105275,0.2770895738674336,1.7470510000000181,1 days 03:00:00
1h,DEVELOPMENT,87,CLOSED,BTCUSDT,LONG,2024-03-08 14:00:00+00:00,2024-03-08 15:00:00+00:00,68422.0,68456.211,2024-03-08 15:00:00+00:00,67771.64889,67737.763065555,0.0002357306886998637,16.137229764813185,0.16137229764813185,67771.64889,69825.33522,SL,-0.1533077150570216,0.016137229764813184,0.015967869538431472,0.008064582591110023,0.0079879287335813,0.01605251132469132,-0.20146532568495756,-1.2484504999999908,0 days 00:00:00
1h,DEVELOPMENT,88,CLOSED,BTCUSDT,LONG,2024-03-08 17:00:00+00:00,2024-03-08 18:00:00+00:00,68340.0,68374.17,2024-03-10 09:00:00+00:00,69741.6534,69706.7825733,0.0002330699693055119,15.93596570318985,0.1593596570318985,67690.4283,69741.6534,TP,0.32668331491496533,0.01593596570318985,0.016246557674745025,0.007964000851168935,0.008127342508624322,0.01609134335979326,0.27840944817723723,1.7470510000000121,1 days 15:00:00
1h,DEVELOPMENT,89,CLOSED,BTCUSDT,LONG,2024-03-10 09:00:00+00:00,2024-03-10 10:00:00+00:00,69776.32,69811.20816000001,2024-03-10 14:00:00+00:00,69113.0960784,69078.53953036081,0.00023225635893435922,16.21409702005023,0.1621409702005023,69113.0960784,71207.43232320002,SL,-0.1540379731889833,0.01621409702005023,0.016043930071824804,0.008102997011519876,0.008025978024923948,0.016128975036443824,-0.20242497531730216,-1.2484504999999997,0 days 04:00:00
1h,DEVELOPMENT,90,CLOSED,BTCUSDT,LONG,2024-03-10 16:00:00+00:00,2024-03-10 17:00:00+00:00,69426.41,69461.123205,2024-03-10 22:00:00+00:00,68766.51197295,68732.12871696353,0.00023051562555690026,16.011874267485496,0.16011874267485496,68766.51197295,70850.3456691,SL,-0.1521168065091958,0.016011874267485494,0.015843829647048238,0.008001936165658245,0.007925877762403638,0.015927813928061883,-0.1999003243517914,-1.2484504999999837,0 days 05:00:00
1h,DEVELOPMENT,91,CLOSED,BTCUSDT,LONG,2024-03-11 06:00:00+00:00,2024-03-11 07:00:00+00:00,69319.79,69354.44989499998,2024-03-11 07:00:00+00:00,70741.53889289999,70706.16812345355,0.00022799075859871235,15.812173643757433,0.15812173643757432,68660.90539604999,70741.53889289999,TP,0.32414560862914943,0.01581217364375743,0.016120352908074266,0.007902135753999385,0.008064208558313836,0.01596634431231322,0.27624673776500447,1.7470510000000241,0 days 00:00:00
1h,DEVELOPMENT,92,CLOSED,BTCUSDT,LONG,2024-03-11 07:00:00+00:00,2024-03-11 08:00:00+00:00,71019.99,71055.499995,2024-03-11 15:00:00+00:00,72476.6099949,72440.37168990256,0.00022641659564548162,16.088144410755437,0.16088144410755437,70344.94499505,72476.6099949,TP,0.32980294039439684,0.016088144410755435,0.016401702345321064,0.008040052179288153,0.00820495364948416,0.016245005828772315,0.281068087809548,1.7470510000000066,0 days 07:00:00
1h,DEVELOPMENT,93,CLOSED,BTCUSDT,LONG,2024-03-11 21:00:00+00:00,2024-03-11 22:00:00+00:00,72517.32,72553.57866,2024-03-12 03:00:00+00:00,71828.0428734,71792.12885196331,0.0002256116378210982,16.36893171126448,0.1636893171126448,71828.0428734,74004.6502332,SL,-0.15550894144484767,0.01636893171126448,0.01619713977295476,0.008180375667796589,0.00810262119707424,0.01628299686487083,-0.20435800979393773,-1.2484504999999864,0 days 05:00:00
1h,DEVELOPMENT,94,CLOSED,BTCUSDT,LONG,2024-03-13 06:00:00+00:00,2024-03-13 07:00:00+00:00,72707.99,72744.343995,2024-03-13 13:00:00+00:00,72016.90055505,71980.89210477247,0.00022221353534286525,16.16477785532648,0.16164777855326481,72016.90055505,74199.23087490001,SL,-0.153569428800479,0.01616477785532648,0.01599512851173483,0.008078349752786328,0.00800156503838728,0.016079914791173607,-0.20180924995871388,-1.248450500000007,0 days 06:00:00
1h,DEVELOPMENT,95,CLOSED,BTCUSDT,LONG,2024-03-13 19:00:00+00:00,2024-03-13 20:00:00+00:00,73349.24,73385.91462,2024-03-14 01:00:00+00:00,72652.05547379999,72615.7294460631,0.00021752362555769813,15.963170213010084,0.15963170213010083,72652.05547379999,74853.6329124,SL,-0.15165410582175287,0.015963170213010084,0.015795636741624545,0.00797759630834884,0.00790176925543939,0.01587936556378823,-0.19929227834017574,-1.248450500000002,0 days 05:00:00
1h,DEVELOPMENT,96,CLOSED,BTCUSDT,LONG,2024-03-14 02:00:00+00:00,2024-03-14 03:00:00+00:00,73012.74,73049.24637000001,2024-03-14 13:00:00+00:00,72318.7539063,72282.59452934685,0.0002158006798319152,15.764077027855064,0.15764077027855064,72318.7539063,74510.23129740001,SL,-0.14976267081435624,0.015764077027855063,0.015598633039447725,0.007878099464196035,0.007803218128787484,0.01568131759298352,-0.19680669847464255,-1.2484505000000055,0 days 10:00:00
1h,DEVELOPMENT,97,CLOSED,BTCUSDT,LONG,2024-03-18 12:00:00+00:00,2024-03-18 13:00:00+00:00,68550.53,68584.80526499999,2024-03-18 13:00:00+00:00,67898.95721234998,67865.00773374381,0.00022698128075626623,15.567466939468808,0.15567466939468808,67898.95721234998,69956.50137029999,SL,-0.1478948258467315,0.015567466939468809,0.015404086373939084,0.007779843547957997,0.007705896135035831,0.015485739682993828,-0.19435211884313325,-1.2484505000000015,0 days 00:00:00
1h,DEVELOPMENT,98,CLOSED,BTCUSDT,LONG,2024-03-21 05:00:00+00:00,2024-03-21 06:00:00+00:00,67009.51,67043.014755,2024-03-21 15:00:00+00:00,66372.58460745,66339.39831514627,0.000229305156320406,15.373308978586559,0.15373308978586558,66372.58460745,68383.8750501,SL,-0.14605027670311238,0.01537330897858656,0.015211966100856294,0.007682813082752306,0.007609787944400594,0.015292601027152901,-0.19192815280970812,-1.2484504999999957,0 days 09:00:00
1h,DEVELOPMENT,99,CLOSED,BTCUSDT,LONG,2024-03-22 05:00:00+00:00,2024-03-22 06:00:00+00:00,66430.01,66463.22500499999,2024-03-22 09:00:00+00:00,65798.59275494999,65765.69345857252,0.00022842064255911666,15.181572562193246,0.15181572562193246,65798.59275494999,67792.48950509999,SL,-0.14422873283722926,0.015181572562193246,0.015022241958153031,0.0075869927847022,0.0075148784182834565,0.015101871202985655,-0.1895344185605612,-1.2484504999999788,0 days 03:00:00
1h,DEVELOPMENT,100,CLOSED,BTCUSDT,LONG,2024-03-24 12:00:00+00:00,2024-03-24 13:00:00+00:00,65646.76,65679.58338,2024-03-24 17:00:00+00:00,65022.787546199994,64990.2761524269,0.0002282631331865518,14.992227488706174,0.14992227488706175,65022.787546199994,66993.1750476,SL,-0.14242990732648916,0.014992227488706175,0.014834884061212203,0.007492367560573174,0.007421152606907959,0.014913520167481133,-0.18717053904388867,-1.2484504999999932,0 days 04:00:00
1h,DEVELOPMENT,101,CLOSED,BTCUSDT,LONG,2024-03-24 18:00:00+00:00,2024-03-24 19:00:00+00:00,65846.01,65878.93300499998,2024-03-24 23:00:00+00:00,67196.51166509998,67162.91340926744,0.0002247341184486717,14.805243933217774,0.14805243933217774,65220.143674949984,67196.51166509998,TP,0.30350380116970943,0.014805243933217775,0.015093798137476189,0.007398922505353883,0.007550674405940753,0.014949596911294636,0.25865516218772083,1.7470510000000026,0 days 04:00:00
1h,DEVELOPMENT,102,CLOSED,BTCUSDT,LONG,2024-03-24 23:00:00+00:00,2024-03-25 00:00:00+00:00,67210.0,67243.605,2024-03-25 00:00:00+00:00,66571.16894999999,66537.88336552499,0.0002240159595643344,15.063640698640073,0.15063640698640074,66571.16894999999,68588.4771,SL,-0.14310835066524308,0.015063640698640074,0.014905547789507844,0.007528056321158544,0.00745650214582708,0.014984558466985624,-0.18806209762037662,-1.2484505000000075,0 days 00:00:00
1h,DEVELOPMENT,103,CLOSED,BTCUSDT,LONG,2024-03-25 03:00:00+00:00,2024-03-25 04:00:00+00:00,67350.0,67383.675,2024-03-25 14:00:00+00:00,68731.34850000001,68696.98282575,0.00022076217236954046,14.875766475243095,0.14875766475243096,66709.83825,68731.34850000001,TP,0.30494949565940777,0.014875766475243095,0.015165695163845585,0.0074341661545449175,0.007586640902374526,0.015020807056919444,0.25988722696339966,1.7470510000000026,0 days 10:00:00
1h,DEVELOPMENT,104,CLOSED,BTCUSDT,LONG,2024-03-25 14:00:00+00:00,2024-03-25 15:00:00+00:00,69377.2,69411.88859999999,2024-03-25 17:00:00+00:00,70800.126372,70764.726308814,0.000218051898311367,15.135394074607133,0.15135394074607134,68717.769714,70800.126372,TP,0.31027179657190673,0.015135394074607133,0.015430382905121227,0.007563915079762386,0.007719050978048823,0.01528296605781121,0.2644230535343672,1.7470510000000166,0 days 02:00:00
1h,DEVELOPMENT,105,CLOSED,BTCUSDT,LONG,2024-03-25 17:00:00+00:00,2024-03-25 18:00:00+00:00,70559.08,70594.35954,2024-03-25 21:00:00+00:00,69888.4159446,69853.4717366277,0.0002181414077497396,15.399552969246862,0.15399552969246863,69888.4159446,72006.2467308,SL,-0.14629960117210625,0.015399552969246862,0.015237934660834614,0.007695928520363942,0.007622778719775876,0.015318707240139819,-0.19225579604232756,-1.2484505000000017,0 days 03:00:00
1h,DEVELOPMENT,106,CLOSED,BTCUSDT,LONG,2024-03-26 01:00:00+00:00,2024-03-26 02:00:00+00:00,70284.19,70319.332095,2024-03-26 14:00:00+00:00,69616.13877405,69581.33070466299,0.0002162632775918837,15.207489236936844,0.15207489236936844,69616.13877405,71725.7187369,SL,-0.1444749477232221,0.015207489236936845,0.015047886637395196,0.007599944646145972,0.007527707172281414,0.015127651818427386,-0.18985797541598157,-1.2484504999999826,0 days 12:00:00
1h,DEVELOPMENT,107,CLOSED,BTCUSDT,LONG,2024-03-27 09:00:00+00:00,2024-03-27 10:00:00+00:00,70057.6,70092.6288,2024-03-27 13:00:00+00:00,71494.48137600001,71458.73413531201,0.00021425677973470404,15.017820929827973,0.15017820929827974,69391.702512,71494.48137600001,TP,0.3078615764825315,0.015017820929827973,0.015310518259750322,0.007505157885971011,0.007659088674211616,0.015164246560182627,0.2623689907327706,1.7470510000000112,0 days 03:00:00
1h,DEVELOPMENT,108,CLOSED,BTCUSDT,LONG,2024-03-28 04:00:00+00:00,2024-03-28 05:00:00+00:00,69717.22,69752.07861,2024-03-28 13:00:00+00:00,71147.1201822,71111.5466221089,0.00021906053723661065,15.279927813676897,0.15279927813676897,69054.5578239,71147.1201822,TP,0.31323470210745924,0.015279927813676897,0.015577733606765462,0.0076361458339205416,0.007792763184975076,0.015428909018895619,0.2669481316681213,1.7470510000000061,0 days 08:00:00
1h,DEVELOPMENT,109,CLOSED,BTCUSDT,LONG,2024-03-28 13:00:00+00:00,2024-03-28 14:00:00+00:00,70877.98,70913.41898999999,2024-03-29 05:00:00+00:00,70204.2848001,70169.18265769994,0.00021923367234750226,15.546609263894803,0.15546609263894803,70204.2848001,72331.6873698,SL,-0.1476966727169619,0.015546609263894803,0.015383447599670228,0.007769419921985335,0.007695571585627944,0.015464991507613279,-0.1940917210881402,-1.248450499999995,0 days 15:00:00
1h,DEVELOPMENT,110,CLOSED,BTCUSDT,LONG,2024-03-30 16:00:00+00:00,2024-03-30 17:00:00+00:00,70178.17,70213.259085,2024-04-01 05:00:00+00:00,69511.12649415,69476.37093090292,0.00021865829389921886,15.352711440629928,0.1535271144062993,69511.12649415,71617.5242667,SL,-0.14585459494571476,0.015352711440629928,0.015191584734060518,0.007672519460584588,0.007599592163111984,0.015272111623696571,-0.1916710027441018,-1.2484505000000015,1 days 12:00:00
1h,DEVELOPMENT,111,CLOSED,BTCUSDT,LONG,2024-04-04 17:00:00+00:00,2024-04-04 18:00:00+00:00,68849.18,68883.60458999999,2024-04-04 20:00:00+00:00,68194.76854409999,68160.67115982795,0.00022009928208097934,15.16123191740905,0.15161231917409052,68194.76854409999,70261.2766818,SL,-0.14403549162915866,0.01516123191740905,0.015002114788435845,0.0075768275449309775,0.007504809799115584,0.01508163734404656,-0.18928047567905015,-1.248450499999982,0 days 02:00:00
1h,DEVELOPMENT,112,CLOSED,BTCUSDT,LONG,2024-04-04 23:00:00+00:00,2024-04-05 00:00:00+00:00,68487.8,68522.0439,2024-04-05 01:00:00+00:00,67836.823461,67802.90504926951,0.0002185010790828774,14.972140533114297,0.14972140533114298,67836.823461,69892.48477800001,SL,-0.14223907622913587,0.014972140533114298,0.014815007918219264,0.00748232910200643,0.007411209563891054,0.014893538665897484,-0.18691976334636692,-1.2484504999999921,0 days 01:00:00
1h,DEVELOPMENT,113,CLOSED,BTCUSDT,LONG,2024-04-05 14:00:00+00:00,2024-04-05 15:00:00+00:00,68139.39,68173.459695,2024-04-05 17:00:00+00:00,67491.72509805,67457.97923550097,0.0002168792308465261,14.785407502798247,0.14785407502798248,67491.72509805,69536.9288889,SL,-0.14046506578120754,0.014785407502798248,0.014630234651056378,0.007389009246775371,0.007318776713885204,0.014707785960660576,-0.18458849389572274,-1.2484505000000035,0 days 02:00:00
1h,DEVELOPMENT,114,CLOSED,BTCUSDT,LONG,2024-04-06 05:00:00+00:00,2024-04-06 06:00:00+00:00,68038.75,68072.769375,2024-04-06 23:00:00+00:00,69434.2247625,69399.50765011876,0.0002144911033743635,14.60100341299233,0.1460100341299233,67392.04168125,69434.2247625,TP,0.29931692153970324,0.01460100341299233,0.014885576969511552,0.007296853279856986,0.007446511740624818,0.014743365020481805,0.2550869761367176,1.7470510000000066,0 days 17:00:00
1h,DEVELOPMENT,115,CLOSED,BTCUSDT,LONG,2024-04-07 01:00:00+00:00,2024-04-07 02:00:00+00:00,69541.65,69576.420825,2024-04-07 19:00:00+00:00,68880.65661675,68846.21628844163,0.00021351824915441905,14.855835556985058,0.1485583555698506,68880.65661675,70967.9492415,SL,-0.14113414989419495,0.014855835556985058,0.014699923562814503,0.007424205675654618,0.007353638600705809,0.014777844276360426,-0.18546775329035492,-1.248450499999981,0 days 17:00:00
1h,DEVELOPMENT,116,CLOSED,BTCUSDT,LONG,2024-04-07 23:00:00+00:00,2024-04-08 00:00:00+00:00,69360.38,69395.06019,2024-04-08 07:00:00+00:00,70782.96139380001,70747.56991310311,0.0002114063024947068,14.670553086165526,0.14670553086165528,68701.10958810001,70782.96139380001,TP,0.3007426724610258,0.014670553086165527,0.014956482165814895,0.007331610737713721,0.007481982073943764,0.014813592811657485,0.25630204439738785,1.7470510000000146,0 days 07:00:00
1h,DEVELOPMENT,117,CLOSED,BTCUSDT,LONG,2024-04-08 07:00:00+00:00,2024-04-08 08:00:00+00:00,70698.64,70733.98932,2024-04-08 09:00:00+00:00,72148.66910639999,72112.5947718468,0.00021102442019828267,14.926599084564517,0.14926599084564518,70026.6494268,72148.66910639999,TP,0.3059915514486919,0.014926599084564517,0.01521751850072268,0.0074595697574022695,0.0076125655331269575,0.015072135290529226,0.26077529857287546,1.7470510000000012,0 days 01:00:00
1h,DEVELOPMENT,118,CLOSED,BTCUSDT,LONG,2024-04-08 09:00:00+00:00,2024-04-08 10:00:00+00:00,72197.26,72233.35862999999,2024-04-08 14:00:00+00:00,71511.02504369999,71475.26953117814,0.00021025069519674925,15.187113868353604,0.15187113868353605,71511.02504369999,73678.0258026,SL,-0.14428137663038637,0.015187113868353605,0.015027725108305233,0.007589762053148786,0.007517621364834951,0.015107383417983736,-0.18960359902502896,-1.2484504999999937,0 days 04:00:00
1h,DEVELOPMENT,119,CLOSED,BTCUSDT,LONG,2024-04-08 18:00:00+00:00,2024-04-08 19:00:00+00:00,71908.6,71944.5543,2024-04-09 01:00:00+00:00,71225.10875700001,71189.4962026215,0.00020846191667231464,14.997699683513417,0.14997699683513419,71225.10875700001,73383.445386,SL,-0.1424818945445221,0.014997699683513417,0.014840298825334945,0.0074951022906109025,0.007423861343339548,0.014918963633950452,-0.1872388566873209,-1.2484504999999948,0 days 06:00:00
1h,DEVELOPMENT,120,CLOSED,BTCUSDT,LONG,2024-04-11 02:00:00+00:00,2024-04-11 03:00:00+00:00,70995.66,71031.15783,2024-04-11 11:00:00+00:00,70320.8462517,70285.68582857416,0.00020850917162405742,14.810647878630979,0.14810647878630978,70320.8462517,72451.7809866,SL,-0.14070485565855875,0.014810647878630978,0.01465521012914475,0.007401623127750149,0.0073312706999200125,0.014732893827670162,-0.18490360749400467,-1.2484504999999786,0 days 08:00:00
1h,DEVELOPMENT,121,CLOSED,BTCUSDT,LONG,2024-04-11 12:00:00+00:00,2024-04-11 13:00:00+00:00,70858.82,70894.24941,2024-04-11 13:00:00+00:00,70185.3069159,70150.21426244205,0.00020630628170474033,14.625928990025582,0.14625928990025583,70185.3069159,72312.13439820001,SL,-0.13894998006016437,0.014625928990025582,0.014472429865275263,0.007309309840092126,0.0072398348500623474,0.014549144690154473,-0.18259748360561967,-1.2484505000000024,0 days 00:00:00
1h,DEVELOPMENT,122,CLOSED,BTCUSDT,LONG,2024-04-12 02:00:00+00:00,2024-04-12 03:00:00+00:00,70635.92,70671.23796,2024-04-12 13:00:00+00:00,69964.5255804,69929.5433176098,0.0002043761272395362,14.443513921488499,0.144435139214885,69964.5255804,72084.6627192,SL,-0.1372169913280829,0.0144435139214885,0.014291929242882478,0.007218147886800913,0.00714953939113744,0.014367687277938353,-0.18032012177039222,-1.2484504999999961,0 days 10:00:00
1h,DEVELOPMENT,123,CLOSED,BTCUSDT,LONG,2024-04-19 06:00:00+00:00,2024-04-19 07:00:00+00:00,64624.37,64656.682185,2024-04-19 14:00:00+00:00,64010.11536315,63978.11030546843,0.0002206016989688488,14.263373939699898,0.14263373939699897,64010.11536315,65949.8158287,SL,-0.13550561648860418,0.014263373939699899,0.014113679830202749,0.007128122908394698,0.007060370100150386,0.014188493008545085,-0.17807116326705194,-1.2484504999999921,0 days 07:00:00
1h,DEVELOPMENT,124,CLOSED,BTCUSDT,LONG,2024-04-19 17:00:00+00:00,2024-04-19 18:00:00+00:00,64627.8,64660.1139,2024-04-19 20:00:00+00:00,64013.512761,63981.5060046195,0.00021783878530567892,14.085480669702845,0.14085480669702846,64013.512761,65953.316178,SL,-0.1338155859725403,0.014085480669702844,0.013937653550074314,0.007039220724487814,0.0069723129315026255,0.014011533655990439,-0.1758502538483079,-1.2484504999999955,0 days 02:00:00
1h,DEVELOPMENT,125,CLOSED,BTCUSDT,LONG,2024-04-20 04:00:00+00:00,2024-04-20 05:00:00+00:00,64133.08,64165.14654,2024-04-20 09:00:00+00:00,63523.4950746,63491.733327062706,0.00021678133442370545,13.909806090433808,0.13909806090433807,63523.4950746,65448.449470800006,SL,-0.13214663357278664,0.013909806090433808,0.013763822675514705,0.006951427331551086,0.006885354014764126,0.013836781346315212,-0.17365704368505036,-1.248450499999993,0 days 04:00:00
1h,DEVELOPMENT,126,CLOSED,BTCUSDT,LONG,2024-04-20 15:00:00+00:00,2024-04-20 16:00:00+00:00,64808.35,64840.754174999995,2024-04-22 05:00:00+00:00,66137.56925849999,66104.50047387075,0.00021184705059468695,13.736322530308883,0.13736322530308884,64192.346633249996,66137.56925849999,TP,0.28159117950688045,0.013736322530308882,0.014004043456424604,0.006864728900703249,0.007005524490455867,0.013870253391159115,0.23998056012898786,1.7470510000000088,1 days 13:00:00
1h,DEVELOPMENT,127,CLOSED,BTCUSDT,LONG,2024-04-22 05:00:00+00:00,2024-04-22 06:00:00+00:00,66377.99,66411.178995,2024-04-22 11:00:00+00:00,65747.06720505,65714.19367144747,0.00021044745118394603,13.976063349618563,0.13976063349618564,65747.06720505,67739.4025749,SL,-0.13277609409108007,0.013976063349618564,0.013829384564764317,0.0069845394051045225,0.006918151358061707,0.01390269076316623,-0.17448423276862918,-1.2484504999999961,0 days 05:00:00
1h,DEVELOPMENT,128,CLOSED,BTCUSDT,LONG,2024-04-22 13:00:00+00:00,2024-04-22 14:00:00+00:00,66113.48,66146.53674,2024-04-24 14:00:00+00:00,65485.071372599996,65452.3288369137,0.00020865421089274677,13.801753426772782,0.13801753426772784,65485.071372599996,67469.4674748,SL,-0.13112010626834114,0.013801753426772782,0.013656904024558802,0.006897427999386696,0.006831867946251487,0.013729295945638183,-0.1723080596653109,-1.2484504999999924,2 days 00:00:00
1h,DEVELOPMENT,129,CLOSED,BTCUSDT,LONG,2024-05-03 09:00:00+00:00,2024-05-03 10:00:00+00:00,59481.11,59510.850555,2024-05-03 10:00:00+00:00,58915.74204945,58886.284178425274,0.00022902743576878816,13.629617503031213,0.13629617503031213,58915.74204945,60701.0675661,SL,-0.12948477198032246,0.013629617503031212,0.013486574667336902,0.0068114030499898505,0.0067466606639998575,0.013558063713989708,-0.17015902786468026,-1.2484504999999968,0 days 00:00:00
1h,DEVELOPMENT,130,CLOSED,BTCUSDT,LONG,2024-05-03 12:00:00+00:00,2024-05-03 13:00:00+00:00,60641.0,60671.320499999994,2024-05-03 14:00:00+00:00,61884.746909999994,61853.804536544994,0.000221844989581286,13.459628464205363,0.13459628464205362,60064.607294999994,61884.746909999994,TP,0.2759190202907054,0.013459628464205363,0.013721956622972724,0.006726451006598129,0.006864410516744746,0.013590861523342875,0.23514657368018443,1.7470510000000001,0 days 01:00:00
1h,DEVELOPMENT,131,CLOSED,BTCUSDT,LONG,2024-05-03 19:00:00+00:00,2024-05-03 20:00:00+00:00,62067.32,62098.35365999999,2024-05-04 01:00:00+00:00,63340.320733199995,63308.6505728334,0.00022052984208250796,13.69454012622353,0.13694540126223528,61477.3701234,63340.320733199995,TP,0.2807346506635118,0.01369454012622353,0.013961446713283627,0.006843848139040852,0.006984215464372531,0.013828063603413383,0.23925060022059122,1.7470510000000132,0 days 05:00:00
1h,DEVELOPMENT,132,CLOSED,BTCUSDT,LONG,2024-05-04 04:00:00+00:00,2024-05-04 05:00:00+00:00,63057.99,63089.51899499999,2024-05-04 10:00:00+00:00,64351.30937489999,64319.13372021254,0.00022085366851441298,13.93355171485549,0.1393355171485549,62458.62380504999,64351.30937489999,TP,0.2856343285074304,0.01393355171485549,0.014205116637778023,0.006963294210321105,0.00710611137457537,0.014069405584896475,0.24342625456990047,1.7470510000000032,0 days 05:00:00
1h,DEVELOPMENT,133,CLOSED,BTCUSDT,LONG,2024-05-04 10:00:00+00:00,2024-05-04 11:00:00+00:00,64420.9,64453.11045,2024-05-04 11:00:00+00:00,63808.5793455,63776.675055827254,0.0002199542378540692,14.176734786353892,0.14176734786353892,63808.5793455,65742.172659,SL,-0.13468252288285218,0.014176734786353892,0.01402794995477111,0.007084824980686311,0.007017483719244701,0.014102308699931012,-0.1769895163239082,-1.2484504999999937,0 days 00:00:00
1h,DEVELOPMENT,134,CLOSED,BTCUSDT,LONG,2024-05-04 19:00:00+00:00,2024-05-04 20:00:00+00:00,63921.17,63953.13058499999,2024-05-05 01:00:00+00:00,63313.59927914999,63281.94247951042,0.0002189090972509365,13.999922082733605,0.13999922082733604,63313.59927914999,65232.19319669999,SL,-0.1330027580173764,0.013999922082733604,0.013852992900475317,0.006996462809960387,0.006929961430951583,0.01392642424091197,-0.1747820972414973,-1.2484504999999944,0 days 05:00:00
1h,DEVELOPMENT,135,CLOSED,BTCUSDT,LONG,2024-05-05 13:00:00+00:00,2024-05-05 14:00:00+00:00,64119.91,64151.969955,2024-05-06 08:00:00+00:00,65435.0093541,65402.29184942295,0.000215508808266991,13.825314592981863,0.13825314592981863,63510.45025545,65435.0093541,TP,0.2834154945547804,0.013825314592981863,0.01409476997439908,0.006909202695142711,0.007050910442420723,0.013960113137563434,0.241535296849836,1.747051000000003,0 days 18:00:00
1h,DEVELOPMENT,136,CLOSED,BTCUSDT,LONG,2024-05-06 08:00:00+00:00,2024-05-06 09:00:00+00:00,65143.04,65175.61152,2024-05-06 10:00:00+00:00,64523.8554048,64491.5934770976,0.00021582626181439554,14.066608595828853,0.14066608595828853,64523.8554048,66479.1237504,SL,-0.13363629655507578,0.014066608595828853,0.013918979538615631,0.007029789403212322,0.006962971254934998,0.01399276065814732,-0.1756146453476676,-1.248450499999995,0 days 01:00:00
1h,DEVELOPMENT,137,CLOSED,BTCUSDT,LONG,2024-05-07 01:00:00+00:00,2024-05-07 02:00:00+00:00,63895.72,63927.667859999994,2024-05-07 03:00:00+00:00,63288.391181399995,63256.746985809295,0.0002172951064022646,13.89116938968733,0.1389116938968733,63288.391181399995,65206.22121719999,SL,-0.13196958025885003,0.01389116938968733,0.013745381566942563,0.006942113638023119,0.006876128847895095,0.013818242485918213,-0.17342437370139813,-1.248450499999998,0 days 01:00:00
1h,DEVELOPMENT,138,CLOSED,BTCUSDT,LONG,2024-05-07 05:00:00+00:00,2024-05-07 06:00:00+00:00,63563.47,63595.251735,2024-05-07 18:00:00+00:00,62959.29921765,62927.81956804117,0.00021570664307251703,13.717918267108514,0.13717918267108514,62959.29921765,64867.1567697,SL,-0.13032365130321563,0.013717918267108515,0.01357394871489521,0.006855531367869641,0.00679036954221846,0.013645900910088101,-0.17126141919530746,-1.2484504999999992,0 days 12:00:00
1h,DEVELOPMENT,139,CLOSED,BTCUSDT,LONG,2024-05-10 06:00:00+00:00,2024-05-10 07:00:00+00:00,63166.0,63197.583,2024-05-10 14:00:00+00:00,62565.607169999996,62534.324366415,0.0002143567411152745,13.546827938242073,0.13546827938242073,62565.607169999996,64461.53466,SL,-0.12869825042777794,0.013546827938242073,0.013404653979030222,0.00677002895464344,0.006705679829428999,0.013475708784072438,-0.1691254411291227,-1.2484504999999988,0 days 07:00:00
1h,DEVELOPMENT,140,CLOSED,BTCUSDT,LONG,2024-05-13 07:00:00+00:00,2024-05-13 08:00:00+00:00,62334.36,62365.52718,2024-05-14 06:00:00+00:00,61741.871908199995,61711.0009722459,0.00021450747004809646,13.377871453597596,0.13377871453597595,61741.871908199995,63612.8377236,SL,-0.12709312160564348,0.013377871453597596,0.013237470692692089,0.00668559293033293,0.006622046369529808,0.013307639299862738,-0.1670161030517959,-1.248450499999996,0 days 22:00:00
1h,DEVELOPMENT,141,CLOSED,BTCUSDT,LONG,2024-05-15 09:00:00+00:00,2024-05-15 10:00:00+00:00,62649.98,62681.30499,2024-05-15 12:00:00+00:00,63934.9310898,63902.9636242551,0.00021076495139830368,13.211022199799599,0.132110221997996,62054.49194009999,63934.9310898,TP,0.27082265399089295,0.0132110221997996,0.013468505022473695,0.006602209994901021,0.006737621321897375,0.013339831316798396,0.23080329545182127,1.7470510000000028,0 days 02:00:00
1h,DEVELOPMENT,142,CLOSED,BTCUSDT,LONG,2024-05-15 12:00:00+00:00,2024-05-15 13:00:00+00:00,63757.57,63789.44878499999,2024-05-15 16:00:00+00:00,65065.237760699994,65032.70514181965,0.0002107181544683526,13.441594922528695,0.13441594922528696,63151.554297149996,65065.237760699994,TP,0.2755493371924662,0.013441594922528695,0.013703571607568781,0.006717438741892035,0.006855213410488512,0.013572652152380547,0.23483151850998818,1.7470510000000101,0 days 03:00:00
1h,DEVELOPMENT,143,CLOSED,BTCUSDT,LONG,2024-05-15 18:00:00+00:00,2024-05-15 19:00:00+00:00,65717.28,65750.13863999999,2024-05-16 17:00:00+00:00,65092.63725359999,65060.090934973196,0.00020800247918864462,13.676191844117097,0.13676191844117097,65092.63725359999,67065.14141279999,SL,-0.12992723985840549,0.013676191844117098,0.013532660210713088,0.006834678582765353,0.006769714962836976,0.01360439354560233,-0.170740485458838,-1.2484504999999917,0 days 22:00:00
1h,DEVELOPMENT,144,CLOSED,BTCUSDT,LONG,2024-05-17 05:00:00+00:00,2024-05-17 06:00:00+00:00,65699.99,65732.839995,2024-05-17 15:00:00+00:00,67047.4967949,67013.97304650255,0.00020546232187139814,13.505621928573802,0.13505621928573802,65075.511595050004,67047.4967949,TP,0.27686187481763846,0.013505621928573802,0.013768846499961705,0.0067494362461631725,0.006887867183572392,0.013637303429735565,0.23595010295936739,1.7470509999999961,0 days 09:00:00
1h,DEVELOPMENT,145,CLOSED,BTCUSDT,LONG,2024-05-17 15:00:00+00:00,2024-05-17 16:00:00+00:00,67195.09,67228.687545,2024-05-17 18:00:00+00:00,66556.40066955,66523.12246921523,0.00020439691475379078,13.741336317144599,0.137413363171446,66556.40066955,68573.2612959,SL,-0.13054612863014378,0.013741336317144599,0.01359712099249617,0.006867234541301016,0.006801961476985037,0.013669196018286053,-0.1715537819580706,-1.2484504999999801,0 days 02:00:00
1h,DEVELOPMENT,146,CLOSED,BTCUSDT,LONG,2024-05-17 19:00:00+00:00,2024-05-17 20:00:00+00:00,67047.99,67081.513995,2024-05-19 19:00:00+00:00,66410.69885505,66377.49350562248,0.00020229051357722097,13.569953917586087,0.13569953917586086,66410.69885505,68423.1442749,SL,-0.12891795301015266,0.013569953917586088,0.01342753725122102,0.006781586165709363,0.006717127189203478,0.013498713354912841,-0.16941415753387257,-1.2484504999999961,1 days 23:00:00
1h,DEVELOPMENT,147,CLOSED,BTCUSDT,LONG,2024-05-20 04:00:00+00:00,2024-05-20 05:00:00+00:00,67132.44,67166.00622,2024-05-20 06:00:00+00:00,66494.3461578,66461.0989847211,0.0001995162398233306,13.400709004964835,0.13400709004964836,66494.3461578,68509.3263444,SL,-0.1273100840501664,0.013400709004964834,0.01326006856395773,0.0066970059994813464,0.006633350957456914,0.01333035695693826,-0.16730121857602723,-1.2484504999999904,0 days 01:00:00
1h,DEVELOPMENT,148,CLOSED,BTCUSDT,LONG,2024-05-20 10:00:00+00:00,2024-05-20 11:00:00+00:00,67110.0,67143.555,2024-05-20 17:00:00+00:00,68486.4261,68452.18288695,0.00019709374817096446,13.2335749204733,0.132335749204733,66472.11945,68486.4261,TP,0.27128497912934213,0.0132335749204733,0.013491497295673328,0.006613480719875336,0.006749123209440332,0.013362603929315668,0.23119730298387983,1.7470510000000137,0 days 06:00:00
1h,DEVELOPMENT,149,CLOSED,BTCUSDT,LONG,2024-05-20 17:00:00+00:00,2024-05-20 18:00:00+00:00,68331.51,68365.67575499999,2024-05-20 19:00:00+00:00,69732.98927009999,69698.12277546494,0.00019694885055145225,13.464541257120535,0.13464541257120535,67682.01899745,69732.98927009999,TP,0.27601973131788266,0.013464541257120535,0.013726965166221817,0.006728906175471456,0.006866916041130937,0.013595822216602393,0.2352324026779379,1.7470510000000077,0 days 01:00:00
1h,DEVELOPMENT,150,CLOSED,BTCUSDT,LONG,2024-05-20 19:00:00+00:00,2024-05-20 20:00:00+00:00,70000.0,70035.0,2024-05-20 20:00:00+00:00,69334.65,69299.98267499999,0.0001956098902319298,13.699538662393204,0.13699538662393204,69334.65,71435.7,SL,-0.13014904046581563,0.013699538662393203,0.013555762004131385,0.006846346158117543,0.006781271637885059,0.013627617796002602,-0.17103195892834283,-1.2484505000000115,0 days 00:00:00
1h,DEVELOPMENT,151,CLOSED,BTCUSDT,LONG,2024-05-20 23:00:00+00:00,2024-05-21 00:00:00+00:00,71446.62,71482.34331,2024-05-21 01:00:00+00:00,70767.5198769,70732.13611696156,0.00018925901052085548,13.528677564562694,0.13528677564562694,70767.5198769,72911.9901762,SL,-0.12852581734249663,0.013528677564562695,0.013386694093522609,0.0067609583031300125,0.006696695394457091,0.013457653697587103,-0.16889884269816904,-1.2484504999999873,0 days 01:00:00
1h,DEVELOPMENT,152,CLOSED,BTCUSDT,LONG,2024-05-22 08:00:00+00:00,2024-05-22 09:00:00+00:00,70010.26,70045.26512999999,2024-05-22 18:00:00+00:00,69344.81247869998,69310.14007246064,0.00019073305564882675,13.359947451977112,0.1335994745197711,69344.81247869998,71446.17043259999,SL,-0.1269228391114889,0.013359947451977112,0.013219734803468611,0.006676635408282595,0.006613173988728245,0.01328980939701084,-0.16679233076394545,-1.2484504999999997,0 days 09:00:00
1h,DEVELOPMENT,153,CLOSED,BTCUSDT,LONG,2024-05-23 07:00:00+00:00,2024-05-23 08:00:00+00:00,69734.05,69768.917025,2024-05-23 12:00:00+00:00,69071.22785475,69036.69224082264,0.00018910028003144607,13.193321746918226,0.13193321746918227,69071.22785475,71164.2953655,SL,-0.12533985327781885,0.013193321746918226,0.013054857835184322,0.006593364191363347,0.00653069426472253,0.013124058456085877,-0.16471209131600728,-1.2484504999999844,0 days 04:00:00
1h,DEVELOPMENT,154,CLOSED,BTCUSDT,LONG,2024-05-25 08:00:00+00:00,2024-05-25 09:00:00+00:00,68876.69,68911.128345,2024-05-26 21:00:00+00:00,68222.01706155001,68187.90605301924,0.00018906633102737933,13.028774203145995,0.13028774203145996,68222.01706155001,70289.35091190001,SL,-0.12377661049565336,0.013028774203145995,0.012892037217883979,0.006511131535805529,0.006449243230557018,0.012960374766362547,-0.1626577966830459,-1.24845049999999,1 days 12:00:00
1h,DEVELOPMENT,155,CLOSED,BTCUSDT,LONG,2024-05-27 15:00:00+00:00,2024-05-27 16:00:00+00:00,70373.86,70409.04693,2024-05-27 19:00:00+00:00,69704.95646069999,69670.10398246965,0.00018273616051863137,12.866278901764328,0.12866278901764328,69704.95646069999,71817.22786859999,SL,-0.12223286452900702,0.012866278901764328,0.012731247304690312,0.0064299244886371525,0.006368808056372058,0.012798732545009212,-0.16062912328047085,-1.2484504999999968,0 days 03:00:00
1h,DEVELOPMENT,156,CLOSED,BTCUSDT,LONG,2024-05-27 21:00:00+00:00,2024-05-27 22:00:00+00:00,69805.01,69839.91250499999,2024-05-28 00:00:00+00:00,69141.51337994999,69106.94262326002,0.00018192763695442556,12.705810247138484,0.12705810247138483,69141.51337994999,71236.7107551,SL,-0.12070837221294588,0.012705810247138483,0.012572462768594767,0.006349730258438372,0.00628937607233182,0.012639106330770193,-0.15862575155944933,-1.248450499999982,0 days 02:00:00
1h,DEVELOPMENT,157,CLOSED,BTCUSDT,LONG,2024-05-30 17:00:00+00:00,2024-05-30 18:00:00+00:00,69315.1,69349.75755,2024-05-30 19:00:00+00:00,68656.25997449999,68621.93184451274,0.00018092843300593933,12.54734296286331,0.1254734296286331,68656.25997449999,70736.75270099999,SL,-0.11920289341531101,0.01254734296286331,0.012415658598468058,0.006270536213323,0.006210934766616785,0.012481470979939785,-0.15664736595658216,-1.248450500000003,0 days 01:00:00
1h,DEVELOPMENT,158,CLOSED,BTCUSDT,LONG,2024-05-31 10:00:00+00:00,2024-05-31 11:00:00+00:00,68333.33,68367.496665,2024-05-31 14:00:00+00:00,67683.82169835,67649.97978750084,0.00018123893212730678,12.390852087781807,0.12390852087781808,67683.82169835,69734.8465983,SL,-0.11771619099886653,0.012390852087781807,0.01226081009512054,0.006192329878950886,0.006133471783450235,0.012325801662401121,-0.15469365484417,-1.2484504999999806,0 days 03:00:00
1h,DEVELOPMENT,159,CLOSED,BTCUSDT,LONG,2024-06-02 14:00:00+00:00,2024-06-02 15:00:00+00:00,68252.51,68286.63625499999,2024-06-02 18:00:00+00:00,67603.76989244999,67569.96800750376,0.00017919044842624557,12.236312972053367,0.12236312972053368,67603.76989244999,69652.36898009999,SL,-0.11624803078397694,0.012236312972053368,0.012107892867411665,0.006115098936557613,0.006056974921166267,0.01217207385772388,-0.15276431048116584,-1.248450500000006,0 days 03:00:00
1h,DEVELOPMENT,160,CLOSED,BTCUSDT,LONG,2024-06-02 20:00:00+00:00,2024-06-02 21:00:00+00:00,67831.21,67865.12560500001,2024-06-03 08:00:00+00:00,69222.4281171,69187.81690304146,0.00017805465127409577,12.083701273270984,0.12083701273270984,67186.47434895001,69222.4281171,TP,0.2477128566864442,0.012083701273270984,0.012319212611087036,0.006038831221025328,0.006162687649367572,0.0122015188703929,0.21110842393169324,1.7470509999999981,0 days 11:00:00
1h,DEVELOPMENT,161,CLOSED,BTCUSDT,LONG,2024-06-03 12:00:00+00:00,2024-06-03 13:00:00+00:00,69746.23,69781.10311499999,2024-06-03 14:00:00+00:00,69083.29208384998,69048.75043780806,0.0001761880831751061,12.294598799676274,0.12294598799676275,69083.29208384998,71176.72517729999,SL,-0.11680176071056965,0.012294598799676275,0.01216556698527367,0.006144227286194136,0.006085826405839214,0.012230053692033348,-0.15349198018755295,-1.2484505000000041,0 days 01:00:00
1h,DEVELOPMENT,162,CLOSED,BTCUSDT,LONG,2024-06-04 13:00:00+00:00,2024-06-04 14:00:00+00:00,69527.99,69562.753995,2024-06-04 16:00:00+00:00,70954.00907490001,70918.53207036256,0.0001745367953517618,12.141260158130267,0.12141260158130267,68867.12645505,70954.00907490001,TP,0.24889279944353052,0.012141260158130267,0.012377893318612226,0.006067596280924873,0.0061920426806457715,0.012259638961570646,0.21211400700521738,1.747051000000008,0 days 02:00:00
1h,DEVELOPMENT,163,CLOSED,BTCUSDT,LONG,2024-06-04 16:00:00+00:00,2024-06-04 17:00:00+00:00,70800.0,70835.4,2024-06-04 19:00:00+00:00,70127.04599999999,70091.982477,0.00017439249673229182,12.353162263030583,0.12353162263030583,70127.04599999999,72252.108,SL,-0.11735812824598488,0.012353162263030584,0.012223515825080078,0.006173494384322116,0.00611481532019836,0.012288309704520476,-0.15422311603861605,-1.2484504999999952,0 days 02:00:00
1h,DEVELOPMENT,164,CLOSED,BTCUSDT,LONG,2024-06-04 21:00:00+00:00,2024-06-04 22:00:00+00:00,70620.01,70655.32000499999,2024-06-07 17:00:00+00:00,69948.76680494999,69913.79242154752,0.00017265640032733103,12.199093216038959,0.12199093216038959,69948.76680494999,72068.42640509999,SL,-0.11589443380155008,0.012199093216038959,0.012071063732736632,0.0060964983588386945,0.006038551141938468,0.012135049500777163,-0.15229964025110285,-1.2484504999999868,2 days 19:00:00
1h,DEVELOPMENT,165,CLOSED,BTCUSDT,LONG,2024-06-12 17:00:00+00:00,2024-06-12 18:00:00+00:00,69800.0,69834.9,2024-06-12 18:00:00+00:00,69136.55099999999,69101.98272449999,0.00017250609255945978,12.046945723280617,0.12046945723280617,69136.55099999999,71231.598,SL,-0.11444899460248237,0.012046945723280618,0.011920513027914787,0.006020462630324142,0.005963238133024185,0.011983700763348325,-0.1504001541170261,-1.2484505000000052,0 days 00:00:00
1h,DEVELOPMENT,166,CLOSED,BTCUSDT,LONG,2024-06-12 21:00:00+00:00,2024-06-12 22:00:00+00:00,68536.0,68570.268,2024-06-13 02:00:00+00:00,67884.56532,67850.62303734,0.0001734964171215986,11.896695819067805,0.11896695819067805,67884.56532,69941.67336,SL,-0.11302158296875611,0.011896695819067805,0.011771839996446688,0.005945375221922315,0.005888864430437033,0.011834239652359347,-0.14852435843662995,-1.2484504999999901,0 days 04:00:00
1h,DEVELOPMENT,167,CLOSED,BTCUSDT,LONG,2024-06-16 22:00:00+00:00,2024-06-16 23:00:00+00:00,66755.99,66789.36799500001,2024-06-17 06:00:00+00:00,66121.47431505,66088.41357789248,0.00017590104816522795,11.74831983661363,0.1174831983661363,66121.47431505,68125.15535490001,SL,-0.1116119740599835,0.011748319836613631,0.011625021219928372,0.0058712243061541875,0.005815418319122338,0.011686642625276526,-0.14667195774180203,-1.2484505,0 days 07:00:00
1h,DEVELOPMENT,168,CLOSED,BTCUSDT,LONG,2024-06-20 10:00:00+00:00,2024-06-20 11:00:00+00:00,66209.49,66242.594745,2024-06-20 13:00:00+00:00,65580.16879755,65547.37871315122,0.00017514100178238936,11.60179440430414,0.1160179440430414,65580.16879755,67567.4466399,SL,-0.1102199458399926,0.01160179440430414,0.01148003357203097,0.00579799820304873,0.005742888230130307,0.011540886433179038,-0.14484266024950676,-1.2484504999999975,0 days 02:00:00
1h,DEVELOPMENT,169,CLOSED,BTCUSDT,LONG,2024-06-27 22:00:00+00:00,2024-06-27 23:00:00+00:00,61640.01,61670.830004999996,2024-06-28 14:00:00+00:00,61054.12170495,61023.594644097524,0.00018577821055899574,11.457096442016923,0.11457096442016923,61054.12170495,62904.246605099994,SL,-0.10884527904185079,0.011457096442016923,0.011336854214857955,0.00572568537831821,0.005671262738798074,0.011396948117116284,-0.14303617781584196,-1.2484504999999955,0 days 15:00:00
1h,DEVELOPMENT,170,CLOSED,BTCUSDT,LONG,2024-06-30 13:00:00+00:00,2024-06-30 14:00:00+00:00,61719.61,61750.469805,2024-06-30 23:00:00+00:00,62985.4792011,62953.98646149946,0.00018322456805939133,11.314203157485613,0.11314203157485614,61132.96510695,62985.4792011,TP,0.23193833759123467,0.011314203157485613,0.011534716977025008,0.005654274441522054,0.005770243610316591,0.011424518051838646,0.1976648994048854,1.7470510000000126,0 days 09:00:00
1h,DEVELOPMENT,171,CLOSED,BTCUSDT,LONG,2024-07-01 01:00:00+00:00,2024-07-01 02:00:00+00:00,63640.81,63672.630404999996,2024-07-01 08:00:00+00:00,63035.90410094999,63004.386148899524,0.0001807946446728633,11.511670589458525,0.11511670589458525,63035.90410094999,64946.0830131,SL,-0.1093637470792646,0.011511670589458525,0.011390855606622159,0.005752958815321344,0.005698276941780707,0.011451235757102052,-0.14371750903244732,-1.2484504999999948,0 days 06:00:00
1h,DEVELOPMENT,172,CLOSED,BTCUSDT,LONG,2024-07-01 17:00:00+00:00,2024-07-01 18:00:00+00:00,63697.66,63729.50883,2024-07-01 19:00:00+00:00,63092.2137417,63060.66763482915,0.00017838042161419834,11.368096654361176,0.11368096654361176,63092.2137417,65004.0990066,SL,-0.10799975882029388,0.011368096654361176,0.011248788479973657,0.0056812077233181005,0.0056272078439081425,0.011308415567226244,-0.14192505952185497,-1.2484504999999964,0 days 01:00:00
1h,DEVELOPMENT,173,CLOSED,BTCUSDT,LONG,2024-07-02 02:00:00+00:00,2024-07-02 03:00:00+00:00,62999.56,63031.059779999996,2024-07-02 14:00:00+00:00,62400.749182199994,62369.548807608895,0.00017810764117403788,11.22631337811557,0.11226313378115571,62400.749182199994,64291.6809756,SL,-0.10665278226785525,0.01122631337811557,0.011108493219212248,0.0056103515133008285,0.005557025122166995,0.011167376635467824,-0.1401549655006509,-1.2484505000000015,0 days 11:00:00
1h,DEVELOPMENT,174,CLOSED,BTCUSDT,LONG,2024-07-06 20:00:00+00:00,2024-07-06 21:00:00+00:00,57971.99,58000.97599499999,2024-07-07 05:00:00+00:00,57420.96623504999,57392.25575193247,0.00019113985993134274,11.086298427565472,0.11086298427565472,57420.96623504999,59160.995514899994,SL,-0.10532260525138508,0.011086298427565472,0.010969947725568172,0.005540379024269733,0.005487717721644686,0.011028096745914418,-0.13840694815043314,-1.2484504999999988,0 days 08:00:00
1h,DEVELOPMENT,175,CLOSED,BTCUSDT,LONG,2024-07-09 06:00:00+00:00,2024-07-09 07:00:00+00:00,57476.0,57504.738,2024-07-09 13:00:00+00:00,56929.690619999994,56901.22577469,0.0001903848296482024,10.94802974809451,0.10948029748094511,56929.690619999994,58654.83276,SL,-0.10400901824651622,0.010948029748094511,0.010833130175888259,0.005471279234429575,0.00541927472530572,0.010890553959735295,-0.1366807321302343,-1.2484504999999966,0 days 06:00:00
1h,DEVELOPMENT,176,CLOSED,BTCUSDT,LONG,2024-07-09 16:00:00+00:00,2024-07-09 17:00:00+00:00,57690.01,57718.855005,2024-07-10 04:00:00+00:00,58873.232105099996,58843.79548904745,0.00018731289037552212,10.81148556015222,0.10811485560152222,57141.66645495,58873.232105099996,TP,0.22163275246248973,0.01081148556015222,0.011022201413719587,0.00540304125944556,0.005513857635676887,0.010916898895122446,0.18888216659349547,1.7470510000000044,0 days 11:00:00
1h,DEVELOPMENT,177,CLOSED,BTCUSDT,LONG,2024-07-10 04:00:00+00:00,2024-07-10 05:00:00+00:00,59347.43,59377.103715,2024-07-10 08:00:00+00:00,58783.33267785,58753.94101151107,0.0001852596092606939,11.000179033272596,0.11000179033272596,58783.33267785,60564.6457893,SL,-0.10450444948651326,0.011000179033272597,0.010884732154318401,0.005497340846212668,0.005445088621469852,0.010942429467682521,-0.13733179014178676,-1.2484504999999988,0 days 03:00:00
1h,DEVELOPMENT,178,CLOSED,BTCUSDT,LONG,2024-07-11 01:00:00+00:00,2024-07-11 02:00:00+00:00,58280.35,58309.49017499999,2024-07-11 03:00:00+00:00,57726.39527324999,57697.532075613366,0.00018629873808061228,10.86298443772636,0.1086298443772636,57726.39527324999,59475.67997849999,SL,-0.10320106654731713,0.01086298443772636,0.010748977416052422,0.005428777829946935,0.005377177296674218,0.010805955126621154,-0.13561898352771706,-1.2484505000000012,0 days 01:00:00
1h,DEVELOPMENT,179,CLOSED,BTCUSDT,LONG,2024-07-11 05:00:00+00:00,2024-07-11 06:00:00+00:00,57994.01,58023.007005,2024-07-11 12:00:00+00:00,59183.4671451,59153.87541152746,0.00018488357448924103,10.727500937698672,0.10727500937698672,57442.77693495,59183.4671451,TP,0.21991108868785603,0.010727500937698671,0.01093657993097442,0.005361069933881922,0.005471025478225623,0.010832095412107546,0.18741491240707542,1.747051000000013,0 days 06:00:00
1h,DEVELOPMENT,180,CLOSED,BTCUSDT,LONG,2024-07-12 22:00:00+00:00,2024-07-12 23:00:00+00:00,57792.01,57820.906005,2024-07-13 22:00:00+00:00,58977.3241251,58947.83546303745,0.0001887678588342629,10.914728622421023,0.10914728622421023,57242.696944949996,58977.3241251,TP,0.22374920944113424,0.010914728622421023,0.011127456683272011,0.005454636992713222,0.005566511597434254,0.011021148590147476,0.19068587554529376,1.7470510000000097,0 days 23:00:00
1h,DEVELOPMENT,181,CLOSED,BTCUSDT,LONG,2024-07-13 22:00:00+00:00,2024-07-13 23:00:00+00:00,59464.53,59494.262265,2024-07-14 21:00:00+00:00,60684.1475103,60653.80543654485,0.0001866604203464385,11.105224002586153,0.11105224002586153,58899.31964235,60684.1475103,TP,0.22765431713447454,0.011105224002586154,0.011321664818396558,0.005549837082751465,0.0056636642413188665,0.01121350132407033,0.1940139269894215,1.7470510000000008,0 days 22:00:00
1h,DEVELOPMENT,182,CLOSED,BTCUSDT,LONG,2024-07-14 21:00:00+00:00,2024-07-14 22:00:00+00:00,61276.36,61306.998179999995,2024-07-15 00:00:00+00:00,60693.928198199996,60663.5812341009,0.0001843026806873534,11.299044109468694,0.11299044109468694,60693.928198199996,62533.138143599994,SL,-0.1073437423893062,0.011299044109468694,0.011180460641539823,0.005646698705380636,0.00559302683418612,0.011239725539566757,-0.1410629726798815,-1.2484504999999915,0 days 02:00:00
1h,DEVELOPMENT,183,CLOSED,BTCUSDT,LONG,2024-07-15 00:00:00+00:00,2024-07-15 01:00:00+00:00,61212.0,61242.606,2024-07-15 02:00:00+00:00,62467.45812,62436.224390940006,0.00018219541570192887,11.158122058839442,0.11158122058839443,60630.17994,62467.45812,TP,0.22873871406976262,0.011158122058839443,0.011375593857766224,0.005576272892973192,0.005690642250007593,0.011266915142980786,0.19493808301017615,1.7470510000000097,0 days 01:00:00
1h,DEVELOPMENT,184,CLOSED,BTCUSDT,LONG,2024-07-15 02:00:00+00:00,2024-07-15 03:00:00+00:00,62482.0,62513.240999999995,2024-07-15 19:00:00+00:00,63763.50582,63731.62406709,0.0001816073717648066,11.35286539850995,0.1135286539850995,61888.108589999996,63763.50582,TP,0.23273090387150305,0.011352865398509951,0.01157413274512691,0.00567359590130333,0.005789961353239691,0.011463557254543021,0.19834034847332316,1.7470510000000097,0 days 16:00:00
1h,DEVELOPMENT,185,CLOSED,BTCUSDT,LONG,2024-07-15 22:00:00+00:00,2024-07-15 23:00:00+00:00,64343.6,64375.771799999995,2024-07-16 05:00:00+00:00,63732.014081999994,63700.148074959,0.00017943097662057093,11.55100760477701,0.1155100760477701,63732.014081999994,65663.28723599999,SL,-0.10973745855412918,0.01155100760477701,0.011429779779964875,0.0057726174936410446,0.005717748764364067,0.011490366258005112,-0.1442086121968762,-1.2484504999999966,0 days 06:00:00
1h,DEVELOPMENT,186,CLOSED,BTCUSDT,LONG,2024-07-16 15:00:00+00:00,2024-07-16 16:00:00+00:00,64878.24,64910.67911999999,2024-07-16 16:00:00+00:00,64261.57232879999,64229.4415426356,0.00017573291809256584,11.406943057127783,0.11406943057127783,64261.57232879999,66208.8927024,SL,-0.1083688093533237,0.011406943057127784,0.011287227189743227,0.005700621217954116,0.0056464368132772905,0.011347058031231406,-0.14241003763142612,-1.2484504999999915,0 days 00:00:00
1h,DEVELOPMENT,187,CLOSED,BTCUSDT,LONG,2024-07-16 18:00:00+00:00,2024-07-16 19:00:00+00:00,64795.43,64827.827715,2024-07-16 22:00:00+00:00,64179.54943785,64147.45966313108,0.0001737629608196755,11.264675287266218,0.11264675287266218,64179.54943785,66124.3842693,SL,-0.1070172299904701,0.011264675287266218,0.01114645252012636,0.005629522882191866,0.005576014267196405,0.01120553714938827,-0.14063389494725095,-1.2484504999999948,0 days 03:00:00
1h,DEVELOPMENT,188,CLOSED,BTCUSDT,LONG,2024-07-16 23:00:00+00:00,2024-07-17 00:00:00+00:00,65044.0,65076.522,2024-07-17 16:00:00+00:00,64425.756779999996,64393.54390161,0.0001709400186709504,11.124181885720514,0.11124181885720515,64425.756779999996,66378.05244,SL,-0.10568250756998918,0.011124181885720515,0.01100743359682988,0.005559311287216172,0.005506470033431152,0.011065781320647325,-0.1388799043731869,-1.2484504999999972,0 days 16:00:00
1h,DEVELOPMENT,189,CLOSED,BTCUSDT,LONG,2024-07-18 06:00:00+00:00,2024-07-18 07:00:00+00:00,65000.01,65032.510005,2024-07-18 14:00:00+00:00,64382.184904949994,64349.99381249752,0.0001689222931986775,10.985440722510537,0.10985440722510538,64382.184904949994,66333.1602051,SL,-0.10436443185153821,0.010985440722510538,0.01087014852212779,0.005489975373567542,0.005437793157642026,0.010927768531209567,-0.1371477896273861,-1.248450499999997,0 days 07:00:00
1h,DEVELOPMENT,190,CLOSED,BTCUSDT,LONG,2024-07-19 14:00:00+00:00,2024-07-19 15:00:00+00:00,65747.04,65779.91351999999,2024-07-19 19:00:00+00:00,67095.51179039999,67061.9640345048,0.00016492010042493599,10.848429943662003,0.10848429943662004,65122.114384799985,67095.51179039999,TP,0.22239010309296106,0.010848429943662004,0.011059865843263976,0.005421504219720108,0.005532699271267134,0.010954203490987243,0.18952760381504782,1.7470510000000123,0 days 04:00:00
1h,DEVELOPMENT,191,CLOSED,BTCUSDT,LONG,2024-07-19 19:00:00+00:00,2024-07-19 20:00:00+00:00,67157.25,67190.828625,2024-07-20 00:00:00+00:00,66518.92033874999,66485.66087858062,0.0001642749231567689,11.037768209211501,0.11037768209211501,66518.92033874999,68534.6451975,SL,-0.10486155605053213,0.011037768209211502,0.010921926831855826,0.005516126041584079,0.005463695263559015,0.010979821305143094,-0.13780107239674255,-1.2484505000000046,0 days 04:00:00
1h,DEVELOPMENT,192,CLOSED,BTCUSDT,LONG,2024-07-20 15:00:00+00:00,2024-07-20 16:00:00+00:00,66824.99,66858.402495,2024-07-21 18:00:00+00:00,66189.81847005,66156.72356081498,0.00016303268390295312,10.900104800223748,0.10900104800223748,66189.81847005,68195.57054490001,SL,-0.10355371926649452,0.010900104800223747,0.010785708200345398,0.005447328735743488,0.005395551876109967,0.010842880611853456,-0.13608241287891715,-1.248450499999998,1 days 02:00:00
1h,DEVELOPMENT,193,CLOSED,BTCUSDT,LONG,2024-07-21 19:00:00+00:00,2024-07-21 20:00:00+00:00,67422.03,67455.74101499999,2024-07-22 14:00:00+00:00,66781.18360485,66747.79301304757,0.00015957364298196117,10.764158333811244,0.10764158333811244,66781.18360485,68804.8558353,SL,-0.10226219386594317,0.010764158333811244,0.010651188492097896,0.0053793894721685,0.0053282583752365265,0.010707647847405025,-0.13438518853925735,-1.2484504999999926,0 days 18:00:00
1h,DEVELOPMENT,194,CLOSED,BTCUSDT,LONG,2024-07-22 19:00:00+00:00,2024-07-22 20:00:00+00:00,68232.08,68266.19604,2024-07-22 22:00:00+00:00,67583.5340796,67549.74231256019,0.0001557126075983652,10.62990739620959,0.10629907396209591,67583.5340796,69631.5199608,SL,-0.1009867764127669,0.01062990739620959,0.010518346518086372,0.005312297549329122,0.005261804161124047,0.01057410171045317,-0.13270913203751603,-1.248450500000004,0 days 02:00:00
1h,DEVELOPMENT,195,CLOSED,BTCUSDT,LONG,2024-07-23 02:00:00+00:00,2024-07-23 03:00:00+00:00,67647.65,67681.473825,2024-07-23 04:00:00+00:00,67004.65908674999,66971.15675720661,0.00015509902854464857,10.497330840727559,0.10497330840727559,67004.65908674999,69035.1033015,SL,-0.09972726600811192,0.010497330840727558,0.010387161353554122,0.005246042399164119,0.005196178766160675,0.010442221165324794,-0.1310539793677184,-1.2484505000000095,0 days 01:00:00
1h,DEVELOPMENT,196,CLOSED,BTCUSDT,LONG,2024-07-26 09:00:00+00:00,2024-07-26 10:00:00+00:00,67296.01,67329.65800499999,2024-07-27 13:00:00+00:00,68676.2511651,68641.91303951744,0.00015396495528978223,10.366407784416152,0.10366407784416153,66656.36142495,68676.2511651,TP,0.21250876927373846,0.010366407784416153,0.010568449072134424,0.0051806135854146704,0.005286867970052482,0.010467481555467152,0.18110643086172074,1.7470510000000048,1 days 03:00:00
1h,DEVELOPMENT,197,CLOSED,BTCUSDT,LONG,2024-07-27 13:00:00+00:00,2024-07-27 14:00:00+00:00,69226.01,69260.62300499999,2024-07-27 17:00:00+00:00,68568.01677494998,68533.7327665625,0.00015228470135203803,10.547333289772517,0.10547333289772517,68568.01677494998,70645.83546509998,SL,-0.10020230176840562,0.010547333289772517,0.010436639026896356,0.005271031129320376,0.005220929978437581,0.010491961107757956,-0.13167823519283245,-1.2484505000000095,0 days 03:00:00
1h,DEVELOPMENT,198,CLOSED,BTCUSDT,LONG,2024-07-27 21:00:00+00:00,2024-07-27 22:00:00+00:00,68860.01,68894.440005,2024-07-27 23:00:00+00:00,68205.49560495,68171.39285714753,0.00015118471970324845,10.415786601268191,0.10415786601268191,68205.49560495,70272.3288051,SL,-0.09895257535737417,0.010415786601268191,0.010306472920887882,0.0052052906553067425,0.005155814367628072,0.010361105022934814,-0.13003593990246506,-1.2484504999999935,0 days 01:00:00
1h,DEVELOPMENT,199,CLOSED,BTCUSDT,LONG,2024-07-28 12:00:00+00:00,2024-07-28 13:00:00+00:00,68000.01,68034.01000499999,2024-07-29 02:00:00+00:00,69394.69020509999,69359.99285999745,0.00015118733360922957,10.285880567399596,0.10285880567399597,67353.66990494999,69394.69020509999,TP,0.21085798144664208,0.010285880567399597,0.010486352379658215,0.005140370098649629,0.005245799089372369,0.010386169188021998,0.17969957931156225,1.7470510000000186,0 days 13:00:00
1h,DEVELOPMENT,200,CLOSED,BTCUSDT,LONG,2024-07-29 02:00:00+00:00,2024-07-29 03:00:00+00:00,69558.99,69593.769495,2024-07-29 14:00:00+00:00,68897.83180005,68863.38288414998,0.0001503784132199334,10.465400626651906,0.10465400626651906,68897.83180005,70985.6448849,SL,-0.0994239209958292,0.010465400626651907,0.010355566247075194,0.005230085270689889,0.005180373310192281,0.01041045858088217,-0.13065534645043847,-1.2484504999999964,0 days 11:00:00
1h,DEVELOPMENT,201,CLOSED,BTCUSDT,LONG,2024-08-07 04:00:00+00:00,2024-08-07 05:00:00+00:00,57048.02,57076.54400999999,2024-08-07 14:00:00+00:00,56505.77856989999,56477.52568061504,0.00018107045519806514,10.334875805023097,0.10334875805023097,56505.77856989999,58218.07489019999,SL,-0.09818390257545861,0.010334875805023097,0.01022641128344938,0.005164855474773025,0.005115763523485366,0.010280618998258391,-0.1290258086621895,-1.2484504999999961,0 days 09:00:00
1h,DEVELOPMENT,202,CLOSED,BTCUSDT,LONG,2024-08-08 06:00:00+00:00,2024-08-08 07:00:00+00:00,57216.0,57244.608,2024-08-08 12:00:00+00:00,58389.50016,58360.30540992001,0.00017828716537411976,10.20597889327266,0.1020597889327266,56672.16192,58389.50016,TP,0.2092200170924766,0.01020597889327266,0.010404893421902544,0.005100439227022849,0.005205049235568034,0.010305488462590884,0.1783036563147105,1.7470510000000155,0 days 05:00:00
1h,DEVELOPMENT,203,CLOSED,BTCUSDT,LONG,2024-08-08 12:00:00+00:00,2024-08-08 13:00:00+00:00,57924.63,57953.592314999994,2024-08-08 13:00:00+00:00,57374.05639185,57345.36936365408,0.0001791796506352013,10.384104424056586,0.10384104424056587,57374.05639185,59112.664161299996,SL,-0.09865158675727921,0.010384104424056587,0.010275123248126114,0.005189457483286118,0.005140131689907113,0.01032958917319323,-0.12964040360265514,-1.2484504999999861,0 days 00:00:00
1h,DEVELOPMENT,204,CLOSED,BTCUSDT,LONG,2024-08-08 14:00:00+00:00,2024-08-08 15:00:00+00:00,58922.25,58951.711124999994,2024-08-08 21:00:00+00:00,60130.74534749999,60100.67997482625,0.0001739490395724564,10.254593531346643,0.10254593531346644,58362.19401374999,60130.74534749999,TP,0.21021660502540573,0.010254593531346643,0.01045445555927259,0.005124734398473102,0.0052298427009856915,0.010354577099458794,0.1791529788353277,1.7470510000000081,0 days 06:00:00
1h,DEVELOPMENT,205,CLOSED,BTCUSDT,LONG,2024-08-08 21:00:00+00:00,2024-08-08 22:00:00+00:00,61170.44,61201.025219999996,2024-08-08 22:00:00+00:00,62425.0457244,62393.833201537804,0.00017048027379723595,10.433567536177142,0.10433567536177142,60589.014967799994,62425.0457244,TP,0.21388552740329098,0.010433567536177142,0.010636917767457236,0.0052141766797476,0.005321119443449546,0.010535296123197146,0.18227974597645946,1.7470510000000128,0 days 00:00:00
1h,DEVELOPMENT,206,CLOSED,BTCUSDT,LONG,2024-08-08 22:00:00+00:00,2024-08-08 23:00:00+00:00,62332.0,62363.166,2024-08-08 23:00:00+00:00,61739.53434,61708.66457283,0.00017022332035716845,10.615665184505275,0.10615665184505275,61739.53434,63610.429319999996,SL,-0.10085147184280152,0.010615665184505275,0.010504253778393893,0.005305180002251076,0.005254754266329984,0.01055993426858106,-0.13253132507428175,-1.2484504999999972,0 days 00:00:00
1h,DEVELOPMENT,207,CLOSED,BTCUSDT,LONG,2024-08-10 07:00:00+00:00,2024-08-10 08:00:00+00:00,60842.01,60872.431005,2024-08-11 12:00:00+00:00,60263.70669495,60233.57484160253,0.00017221698041755649,10.483266258357142,0.10483266258357142,60263.70669495,62089.8796251,SL,-0.09959364896120433,0.010483266258357143,0.010373244378975686,0.005239013622366787,0.005189216797885854,0.010428230420252642,-0.1308783900187898,-1.2484504999999881,1 days 04:00:00
1h,DEVELOPMENT,208,CLOSED,BTCUSDT,LONG,2024-08-13 21:00:00+00:00,2024-08-13 22:00:00+00:00,61030.04,61060.55502,2024-08-13 23:00:00+00:00,60449.9494698,60419.7244950651,0.00016954511161239576,10.352518615980733,0.10352518615980733,60449.9494698,62281.7661204,SL,-0.09835151368805331,0.010352518615980733,0.010243868933106014,0.005173672471754305,0.0051244967149100965,0.010298169186664402,-0.12924607042380445,-1.2484504999999992,0 days 01:00:00
1h,DEVELOPMENT,209,CLOSED,BTCUSDT,LONG,2024-08-14 00:00:00+00:00,2024-08-14 01:00:00+00:00,60786.85,60817.24342499999,2024-08-14 13:00:00+00:00,60209.07099074999,60178.96645525462,0.0001681003788854378,10.2234016625104,0.102234016625104,60209.07099074999,62033.5882935,SL,-0.09712487036697909,0.010223401662510399,0.010116107062062353,0.005109146258125255,0.005060583822942628,0.010169730081067883,-0.12763410917261972,-1.2484505000000032,0 days 12:00:00
1h,DEVELOPMENT,210,CLOSED,BTCUSDT,LONG,2024-08-17 00:00:00+00:00,2024-08-17 01:00:00+00:00,59187.26,59216.85363,2024-08-18 23:00:00+00:00,58624.6850937,58595.372751153154,0.0001704902310923464,10.095895059940352,0.10095895059940352,58624.6850937,60401.1907026,SL,-0.0959135257818428,0.010095895059940352,0.00998993864128628,0.005045424817560672,0.004997468054669428,0.0100428928722301,-0.12604225235529953,-1.2484504999999892,1 days 22:00:00
1h,DEVELOPMENT,211,CLOSED,BTCUSDT,LONG,2024-08-20 00:00:00+00:00,2024-08-20 01:00:00+00:00,60482.77,60513.01138499999,2024-08-20 14:00:00+00:00,59907.88127114999,59877.92733051442,0.00016475760329442865,9.969978723921074,0.09969978723921073,59907.88127114999,61723.271612699995,SL,-0.0947172891263074,0.009969978723921073,0.009865343797213523,0.004982498112903079,0.004935139468339922,0.009917637581243002,-0.12447024922868499,-1.2484504999999873,0 days 13:00:00
1h,DEVELOPMENT,212,CLOSED,BTCUSDT,LONG,2024-08-21 16:00:00+00:00,2024-08-21 17:00:00+00:00,59885.58,59915.522789999995,2024-08-21 19:00:00+00:00,61113.83324579999,61083.2763291771,0.00016432524264378058,9.845632820595714,0.09845632820595715,59316.36756209999,61113.83324579999,TP,0.20183301264409467,0.009845632820595715,0.010037524204269125,0.00492035623218073,0.005021272738503173,0.009941628970683902,0.17200822664854593,1.7470510000000028,0 days 02:00:00
1h,DEVELOPMENT,213,CLOSED,BTCUSDT,LONG,2024-08-21 19:00:00+00:00,2024-08-21 20:00:00+00:00,61570.0,61600.784999999996,2024-08-21 20:00:00+00:00,60984.777149999994,60954.284761425,0.00016261918108436449,10.017469210854003,0.10017469210854003,60984.777149999994,62832.8007,SL,-0.09516846061885878,0.010017469210854004,0.009912335871486091,0.005006231489681545,0.004958647259372058,0.009964878749053604,-0.1250631444502525,-1.2484504999999964,0 days 00:00:00
1h,DEVELOPMENT,214,CLOSED,BTCUSDT,LONG,2024-08-22 04:00:00+00:00,2024-08-22 05:00:00+00:00,60834.53,60864.947264999995,2024-08-22 15:00:00+00:00,60256.29779234999,60226.169643453824,0.00016253248296657335,9.892531004609996,0.09892531004609996,60256.29779234999,62082.2462103,SL,-0.09398151644059868,0.009892531004609996,0.009788708891716616,0.004943793605501664,0.004896802847280903,0.009840596452782567,-0.12350335278970785,-1.2484504999999932,0 days 10:00:00
1h,DEVELOPMENT,215,CLOSED,BTCUSDT,LONG,2024-08-23 04:00:00+00:00,2024-08-23 05:00:00+00:00,60707.52,60737.873759999995,2024-08-23 14:00:00+00:00,61952.631235199995,61921.6549195824,0.00016084117581058218,9.769151031793106,0.09769151031793107,60130.49502239999,61952.631235199995,TP,0.20026515508453405,0.009769151031793107,0.009959551785402754,0.004882134448671919,0.004982267026214118,0.009864401474886037,0.17067205079245215,1.7470510000000037,0 days 09:00:00
1h,DEVELOPMENT,216,CLOSED,BTCUSDT,LONG,2024-08-23 17:00:00+00:00,2024-08-23 18:00:00+00:00,62999.88,63031.37993999999,2024-08-23 21:00:00+00:00,64292.00753879999,64259.86153503059,0.0001576937168517957,9.939652581036315,0.09939652581036315,62401.06614059999,64292.00753879999,TP,0.20376039423993364,0.009939652581036315,0.010133376409840713,0.004967342619207646,0.005069222816328173,0.01003656543553582,0.17365079981352077,1.7470510000000001,0 days 03:00:00
1h,DEVELOPMENT,217,CLOSED,BTCUSDT,LONG,2024-08-23 21:00:00+00:00,2024-08-23 22:00:00+00:00,64392.58,64424.77629,2024-08-24 01:00:00+00:00,63780.5285271,63748.63826283646,0.00015697578611688722,10.113129903527348,0.10113129903527349,63780.5285271,65713.2718158,SL,-0.096077261102476,0.010113129903527349,0.01000699260518983,0.0050540379327972534,0.005005999302245085,0.010060037235042339,-0.1262574208462355,-1.2484504999999881,0 days 03:00:00
1h,DEVELOPMENT,218,CLOSED,BTCUSDT,LONG,2024-08-24 05:00:00+00:00,2024-08-24 06:00:00+00:00,63987.98,64019.97399,2024-08-26 09:00:00+00:00,63379.774250099996,63348.08436297495,0.0001559981673146361,9.986998613970671,0.09986998613970671,63379.774250099996,65300.3734698,SL,-0.09487898233462509,0.009986998613970672,0.00988218506351705,0.004991003805082076,0.004943564313914712,0.009934568118996788,-0.1246827341311096,-1.2484504999999968,2 days 03:00:00
1h,VALIDATION,1,CLOSED,BTCUSDT,LONG,2024-09-02 22:00:00+00:00,2024-09-02 23:00:00+00:00,59349.99,59379.66499499999,2024-09-03 08:00:00+00:00,58785.86834504999,58756.475410877465,0.0003364791630552712,19.980019980019982,0.19980019980019983,58785.86834504999,60567.25829489999,SL,-0.1898151823189337,0.019980019980019983,0.019770329670329673,0.00998501748126732,0.009890109890109348,0.01987512737137667,-0.24944065934066004,-1.2484505000000032,0 days 09:00:00
1h,VALIDATION,2,CLOSED,BTCUSDT,LONG,2024-09-09 07:00:00+00:00,2024-09-09 08:00:00+00:00,54974.01,55001.497005,2024-09-09 16:00:00+00:00,56101.5269451,56073.476181627455,0.00035873257250349996,19.7308285121472,0.197308285121472,54451.48203495,56101.5269451,TP,0.4044770542570093,0.0197308285121472,0.02011538235984895,0.009860484014064919,0.010062722541192783,0.0199232065552577,0.34470763682975547,1.7470510000000137,0 days 08:00:00
1h,VALIDATION,3,CLOSED,BTCUSDT,LONG,2024-09-09 16:00:00+00:00,2024-09-09 17:00:00+00:00,56430.11,56458.325054999994,2024-09-09 21:00:00+00:00,57587.491556099994,57558.697810321944,0.0003555754047989691,20.075191785703403,0.20075191785703403,55893.741804449994,57587.491556099994,TP,0.41153641531711604,0.020075191785703404,0.02046645727360676,0.010032579603047794,0.010238347810708709,0.020270927413756502,0.3507238388440494,1.7470510000000012,0 days 04:00:00
1h,VALIDATION,4,CLOSED,BTCUSDT,LONG,2024-09-09 21:00:00+00:00,2024-09-09 22:00:00+00:00,57454.27,57482.99713499999,2024-09-10 00:00:00+00:00,56908.16716364999,56879.71308006817,0.000355332294228017,20.425565251082073,0.20425565251082073,56908.16716364999,58632.657077699994,SL,-0.1940479737246757,0.020425565251082075,0.02021119894377197,0.010207678786145735,0.010110654799283443,0.02031833358542918,-0.25500307150495893,-1.2484504999999928,0 days 02:00:00
1h,VALIDATION,5,CLOSED,BTCUSDT,LONG,2024-09-10 05:00:00+00:00,2024-09-10 06:00:00+00:00,56945.45,56973.922725,2024-09-11 04:00:00+00:00,56404.18349775,56375.98140600113,0.0003540359512414159,20.170816927900297,0.20170816927900298,56404.18349775,58113.4011795,SL,-0.1916278009991929,0.0201708169279003,0.019959124204241986,0.010080368279810112,0.009984554379308829,0.02006492265911894,-0.2518226647904541,-1.248450499999991,0 days 22:00:00
1h,VALIDATION,6,CLOSED,BTCUSDT,LONG,2024-09-11 16:00:00+00:00,2024-09-11 17:00:00+00:00,57311.99,57340.64599499999,2024-09-12 14:00:00+00:00,58487.458914899995,58458.21518544255,0.0003473843987725647,19.919245834203544,0.19919245834203544,56767.239535049994,58487.458914899995,TP,0.4083395622783745,0.019919245834203545,0.020307471935512172,0.009954645594302435,0.010158815375443237,0.020113460969745672,0.347999383538913,1.7470510000000083,0 days 21:00:00
1h,VALIDATION,7,CLOSED,BTCUSDT,LONG,2024-09-12 17:00:00+00:00,2024-09-12 18:00:00+00:00,58389.11,58418.304554999995,2024-09-12 21:00:00+00:00,57834.12150944999,57805.20444869527,0.00034692717839713503,20.26689756601065,0.2026689756601065,57834.12150944999,59586.6706461,SL,-0.19254059106939916,0.020266897566010647,0.02005419647605537,0.01012838459070809,0.01003211429517364,0.02016049888588173,-0.25302218399734694,-1.248450499999996,0 days 03:00:00
1h,VALIDATION,8,CLOSED,BTCUSDT,LONG,2024-09-13 10:00:00+00:00,2024-09-13 11:00:00+00:00,58343.99,58373.161994999995,2024-09-13 12:00:00+00:00,57789.43037505,57760.53565986247,0.00034286523921973276,20.014128151427887,0.20014128151427887,57789.43037505,59540.6252349,SL,-0.19013921847008747,0.020014128151427887,0.01980407987647865,0.01000206304419081,0.009906993434956953,0.019909056479147764,-0.24986648297714179,-1.248450499999998,0 days 01:00:00
1h,VALIDATION,9,CLOSED,BTCUSDT,LONG,2024-09-13 14:00:00+00:00,2024-09-13 15:00:00+00:00,58456.89,58486.11844499999,2024-09-13 15:00:00+00:00,59655.840813899995,59626.01289349305,0.00033793508290182205,19.764511285316857,0.19764511285316858,57901.257260549995,59655.840813899995,TP,0.405167542690502,0.01976451128531686,0.020149721610267683,0.009877316984164107,0.010079900755510811,0.019957217739674918,0.34529609205524253,1.7470510000000077,0 days 00:00:00
1h,VALIDATION,10,CLOSED,BTCUSDT,LONG,2024-09-13 15:00:00+00:00,2024-09-13 16:00:00+00:00,59666.01,59695.843004999995,2024-09-15 23:00:00+00:00,59098.884574949996,59069.33513266253,0.0003368653730971998,20.109462426231186,0.20109462426231187,59098.884574949996,60889.75986509999,SL,-0.1910449179023783,0.020109462426231187,0.019898413618067892,0.010049706359933314,0.009954183900982414,0.02000389026091573,-0.2510566842075931,-1.2484504999999886,2 days 07:00:00
1h,VALIDATION,11,CLOSED,BTCUSDT,LONG,2024-09-17 15:00:00+00:00,2024-09-17 16:00:00+00:00,61135.49,61166.05774499999,2024-09-17 18:00:00+00:00,60554.39716754999,60524.119968966224,0.0003246679168157648,19.858656547901923,0.19858656547901923,60554.39716754999,62389.378899899995,SL,-0.18866219938811554,0.019858656547901924,0.019650239947431695,0.00992436609090324,0.009830034991209194,0.019754401082112433,-0.2479254969655616,-1.2484504999999864,0 days 02:00:00
1h,VALIDATION,12,CLOSED,BTCUSDT,LONG,2024-09-18 02:00:00+00:00,2024-09-18 03:00:00+00:00,60352.0,60382.176,2024-09-18 09:00:00+00:00,59778.35424,59748.46506288,0.00032478092092533257,19.610978728755512,0.19610978728755513,59778.35424,61589.81952,SL,-0.1863091982177121,0.019610978728755512,0.019405161506997226,0.009800589069842665,0.009707434470733868,0.019508023540576534,-0.24483336199404138,-1.2484504999999977,0 days 06:00:00
1h,VALIDATION,13,CLOSED,BTCUSDT,LONG,2024-09-18 18:00:00+00:00,2024-09-18 19:00:00+00:00,60629.79,60660.104895,2024-09-18 19:00:00+00:00,60053.50384604999,60023.477094126974,0.0003192607396419289,19.36638995553469,0.1936638995553469,60053.50384604999,61873.3069929,SL,-0.1839855437554821,0.01936638995553469,0.019163139692951355,0.009678355799866098,0.009586363027987536,0.019264718827853633,-0.2417797922318218,-1.2484504999999957,0 days 00:00:00
1h,VALIDATION,14,CLOSED,BTCUSDT,LONG,2024-09-18 22:00:00+00:00,2024-09-18 23:00:00+00:00,60684.78,60715.12239,2024-09-19 00:00:00+00:00,61929.4248378,61898.4601253811,0.0003149932166604144,19.124851701556846,0.19124851701556847,60107.9711661,61929.4248378,TP,0.3920546810584013,0.019124851701556846,0.019497595061220188,0.009557647027264153,0.00975367436779386,0.019311321395058013,0.3341209129005662,1.7470510000000017,0 days 01:00:00
1h,VALIDATION,15,CLOSED,BTCUSDT,LONG,2024-09-19 00:00:00+00:00,2024-09-19 01:00:00+00:00,62226.0,62257.113,2024-09-19 01:00:00+00:00,61634.541869999994,61603.724599065,0.0003125528616678971,19.458638827331637,0.19458638827331637,61634.541869999994,63502.25526,SL,-0.18486193108824509,0.019458638827331638,0.019254420412838792,0.009724457185072519,0.009632026219528063,0.019356483404600583,-0.2429314737330161,-1.2484505000000008,0 days 00:00:00
1h,VALIDATION,16,CLOSED,BTCUSDT,LONG,2024-09-19 09:00:00+00:00,2024-09-19 10:00:00+00:00,62272.01,62303.146004999995,2024-09-19 16:00:00+00:00,63549.20892509999,63517.43432063745,0.0003084266409410761,19.21595004238357,0.19215950042383573,61680.114544949996,63549.20892509999,TP,0.3939221742821431,0.01921595004238357,0.019590468908709628,0.009603173434472397,0.009800134521614247,0.019403307956086642,0.3357124473749632,1.747051000000003,0 days 06:00:00
1h,VALIDATION,17,CLOSED,BTCUSDT,LONG,2024-09-19 16:00:00+00:00,2024-09-19 17:00:00+00:00,63556.92,63588.69845999999,2024-09-19 21:00:00+00:00,62952.81147539999,62921.335069662295,0.00030746543939701566,19.55132711268823,0.19551327112688233,62952.81147539999,64860.472429199996,SL,-0.18574249295962417,0.01955132711268823,0.019346135934640567,0.009770778167258668,0.009677906920779458,0.019448685088038126,-0.2440886410949911,-1.2484504999999964,0 days 04:00:00
1h,VALIDATION,18,CLOSED,BTCUSDT,LONG,2024-09-20 01:00:00+00:00,2024-09-20 02:00:00+00:00,63037.99,63069.508995,2024-09-20 18:00:00+00:00,62438.813905049996,62407.594498097475,0.0003061302144895435,19.30748231638954,0.1930748231638954,62438.813905049996,64330.8991749,SL,-0.1834259064640512,0.01930748231638954,0.01910485028947903,0.009648916699844402,0.009557203746611672,0.019206120446456074,-0.24104435951637587,-1.2484504999999952,0 days 16:00:00
1h,VALIDATION,19,CLOSED,BTCUSDT,LONG,2024-09-21 06:00:00+00:00,2024-09-21 07:00:00+00:00,62999.99,63031.489994999996,2024-09-22 22:00:00+00:00,62401.17509505,62369.97450750248,0.00030249449540129225,19.066678760429124,0.19066678760429123,62401.17509505,64292.1197949,SL,-0.18113821251162268,0.019066678760429123,0.018866573966838423,0.009528575092667716,0.009438005986411644,0.01896658107907936,-0.23803804631796957,-1.2484504999999915,1 days 15:00:00
1h,VALIDATION,20,CLOSED,BTCUSDT,LONG,2024-09-22 22:00:00+00:00,2024-09-22 23:00:00+00:00,63881.5,63913.440749999994,2024-09-23 00:00:00+00:00,63274.30634249999,63242.66918932875,0.0002945996693873382,18.82887851435723,0.18828878514357228,63274.30634249999,65191.709565,SL,-0.17887905075359078,0.018828878514357227,0.018631269434349052,0.009409734389981942,0.009320294864604757,0.0187300292545867,-0.2350692279568838,-1.2484504999999915,0 days 01:00:00
1h,VALIDATION,21,CLOSED,BTCUSDT,LONG,2024-09-23 01:00:00+00:00,2024-09-23 02:00:00+00:00,63826.8,63858.7134,2024-09-23 13:00:00+00:00,63220.126266,63188.516202867,0.000291174737648158,18.59404412079391,0.1859404412079391,63220.126266,65135.887668,SL,-0.17664806533547944,0.01859404412079391,0.018398899627746178,0.009292375872460037,0.009204051839792204,0.01849642771225224,-0.23213743679627177,-1.248450499999998,0 days 11:00:00
1h,VALIDATION,22,CLOSED,BTCUSDT,LONG,2024-09-24 07:00:00+00:00,2024-09-24 08:00:00+00:00,63559.93,63591.709964999995,2024-09-24 14:00:00+00:00,62955.79286534999,62924.31496891732,0.000288750508511804,18.362138589528904,0.18362138589528904,62955.79286534999,64863.544164299994,SL,-0.17444490484105435,0.018362138589528905,0.0181694279450318,0.009176481054235677,0.009089258601815014,0.01826573965605069,-0.22924221103166573,-1.2484504999999955,0 days 06:00:00
1h,VALIDATION,23,CLOSED,BTCUSDT,LONG,2024-09-24 17:00:00+00:00,2024-09-24 18:00:00+00:00,63775.54,63807.427769999995,2024-09-25 17:00:00+00:00,63169.3534923,63137.76881555385,0.0002841851807137198,18.133125391695074,0.18133125391695074,63169.3534923,65083.5763254,SL,-0.1722692222369443,0.018133125391695076,0.017942818240709233,0.009062031680005802,0.008975897068888503,0.018037928748894302,-0.2263830946182429,-1.2484504999999935,0 days 23:00:00
1h,VALIDATION,24,CLOSED,BTCUSDT,LONG,2024-09-26 10:00:00+00:00,2024-09-26 11:00:00+00:00,64391.99,64424.18599499999,2024-09-26 17:00:00+00:00,65712.6697149,65679.81338004254,0.00027795412821210165,17.90696845401451,0.1790696845401451,63779.94413504999,65712.6697149,TP,0.3670883788024358,0.017906968454014512,0.018255975269183253,0.008949009722144678,0.009132553911548368,0.018081563633693044,0.312843871445545,1.7470509999999997,0 days 06:00:00
1h,VALIDATION,25,CLOSED,BTCUSDT,LONG,2024-09-26 21:00:00+00:00,2024-09-26 22:00:00+00:00,65052.0,65084.526,2024-09-27 14:00:00+00:00,66386.21652,66353.02341174001,0.0002799359680996978,18.21949979411995,0.1821949979411995,64433.680739999996,66386.21652,TP,0.37349519318081026,0.01821949979411995,0.018574597845107354,0.009105197298410216,0.009291944894998733,0.018397142193408947,0.318303953348174,1.747051000000019,0 days 16:00:00
1h,VALIDATION,26,CLOSED,BTCUSDT,LONG,2024-09-27 14:00:00+00:00,2024-09-27 15:00:00+00:00,66242.65,66275.771325,2024-09-27 18:00:00+00:00,65613.01361175,65580.20710494411,0.00027970230132211515,18.537485761500747,0.18537485761500747,65613.01361175,67601.2867515,SL,-0.17611074678967004,0.018537485761500747,0.018342934848433797,0.009264110825337726,0.009176055451943877,0.0184401662772816,-0.23143133367688618,-1.248450500000007,0 days 03:00:00
1h,VALIDATION,27,CLOSED,BTCUSDT,LONG,2024-09-28 01:00:00+00:00,2024-09-28 02:00:00+00:00,65994.0,66026.997,2024-09-30 00:00:00+00:00,65366.72703,65334.043666485006,0.00027725455434475396,18.306285627957408,0.18306285627957408,65366.72703,67347.53694,SL,-0.1739142877498597,0.018306285627957407,0.018114161160291995,0.009148568529714686,0.009061611385837812,0.0182101799155525,-0.22854491445366162,-1.2484504999999957,1 days 22:00:00
1h,VALIDATION,28,CLOSED,BTCUSDT,LONG,2024-10-04 16:00:00+00:00,2024-10-04 17:00:00+00:00,62243.99,62275.11199499999,2024-10-07 00:00:00+00:00,63520.61423489999,63488.85392778255,0.0002902920356297885,18.077969030101606,0.18077969030101607,61652.36087504999,63520.61423489999,TP,0.3705938478834408,0.018077969030101608,0.018430308646498292,0.009034467281408375,0.009219764205350468,0.018254231486758844,0.31583133872008207,1.747051000000009,2 days 07:00:00
1h,VALIDATION,29,CLOSED,BTCUSDT,LONG,2024-10-07 00:00:00+00:00,2024-10-07 01:00:00+00:00,63677.98,63709.81899,2024-10-07 10:00:00+00:00,63072.720800099996,63041.18443969995,0.0002887072219728935,18.393484852998796,0.18393484852998795,63072.720800099996,64984.0153698,SL,-0.1747427021766672,0.018393484852998795,0.018200445229466573,0.009192146353321742,0.009104775002232944,0.018296921355554684,-0.22963355361468726,-1.2484504999999975,0 days 09:00:00
1h,VALIDATION,30,CLOSED,BTCUSDT,LONG,2024-10-07 14:00:00+00:00,2024-10-07 15:00:00+00:00,63991.89,64023.885944999995,2024-10-07 18:00:00+00:00,63383.647085549994,63351.95526200722,0.00028370787613762633,18.164080703533575,0.18164080703533575,63383.647085549994,65304.363663899996,SL,-0.17256330543437104,0.018164080703533574,0.01797344867654999,0.009077501600964918,0.008991219948248527,0.018068721549213445,-0.22676955636366805,-1.248450499999998,0 days 03:00:00
1h,VALIDATION,31,CLOSED,BTCUSDT,LONG,2024-10-11 17:00:00+00:00,2024-10-11 18:00:00+00:00,62918.0,62949.458999999995,2024-10-13 14:00:00+00:00,62319.96440999999,62288.804427794996,0.00028495141936300453,17.93753769018326,0.17937537690183258,62319.96440999999,64208.44818,SL,-0.17041109020009376,0.017937537690183258,0.017749283232124786,0.008964286701739417,0.008879081156640002,0.01784336785837942,-0.22394127898078123,-1.2484504999999995,1 days 20:00:00
1h,VALIDATION,32,CLOSED,BTCUSDT,LONG,2024-10-13 21:00:00+00:00,2024-10-13 22:00:00+00:00,62895.11,62926.557555,2024-10-14 03:00:00+00:00,64185.0887061,64152.99616174696,0.0002814999074640529,17.7138201287639,0.177138201287639,62297.29197945,64185.0887061,TP,0.3631288863977494,0.0177138201287639,0.018059062483073512,0.008852483822470385,0.009034048265667673,0.017886532088138056,0.30946947169777395,1.7470510000000168,0 days 05:00:00
1h,VALIDATION,33,CLOSED,BTCUSDT,LONG,2024-10-14 03:00:00+00:00,2024-10-14 04:00:00+00:00,64300.0,64332.149999999994,2024-10-14 14:00:00+00:00,65618.79299999999,65585.98360349999,0.00028015510814033564,18.02298044015029,0.1802298044015029,63688.828499999996,65618.79299999999,TP,0.369466595529715,0.018022980440150292,0.018374248328928817,0.00900698672671016,0.009191720024476855,0.018198706751187017,0.3148706600094489,1.7470509999999937,0 days 10:00:00
1h,VALIDATION,34,CLOSED,BTCUSDT,LONG,2024-10-14 14:00:00+00:00,2024-10-14 15:00:00+00:00,65922.0,65954.961,2024-10-15 05:00:00+00:00,65295.411389999994,65262.763684305,0.00027803119380293223,18.337536544055837,0.18337536544055838,65295.411389999994,67274.06022,SL,-0.17421117926162163,0.018337536544055837,0.01814508409802597,0.009164186178937252,0.009077080589306315,0.018241266768243565,-0.22893506667194702,-1.2484504999999955,0 days 14:00:00
1h,VALIDATION,35,CLOSED,BTCUSDT,LONG,2024-10-15 13:00:00+00:00,2024-10-15 14:00:00+00:00,67658.0,67691.829,2024-10-15 14:00:00+00:00,67014.91071,66981.403254645,0.00026751870131540105,18.108830183744203,0.18108830183744204,67014.91071,69045.66558,SL,-0.17203841169064427,0.018108830183744203,0.017918778010965808,0.009049890146798141,0.008963870940951508,0.01801376108774965,-0.22607978097310394,-1.2484504999999917,0 days 00:00:00
1h,VALIDATION,36,CLOSED,BTCUSDT,LONG,2024-10-15 16:00:00+00:00,2024-10-15 17:00:00+00:00,66868.21,66901.644105,2024-10-15 21:00:00+00:00,66232.62766395,66199.51135011803,0.0002673024930244074,17.88297625669815,0.1788297625669815,66232.62766395,68239.6769871,SL,-0.1698927429484436,0.01788297625669815,0.017695294420884102,0.008937019618537932,0.008852073247063713,0.017789092865601645,-0.2232601064916275,-1.2484504999999897,0 days 04:00:00
1h,VALIDATION,37,CLOSED,BTCUSDT,LONG,2024-10-15 22:00:00+00:00,2024-10-15 23:00:00+00:00,66747.59,66780.96379499999,2024-10-16 11:00:00+00:00,68116.58307089999,68082.52477936454,0.0002644457070354258,17.659939187275942,0.17659939187275941,66113.15415704998,68116.58307089999,TP,0.3620243405607464,0.01765993918727594,0.018004131402035953,0.008825556815228307,0.009006568985509724,0.01783212580073803,0.3085281441706965,1.7470510000000017,0 days 12:00:00
1h,VALIDATION,38,CLOSED,BTCUSDT,LONG,2024-10-16 11:00:00+00:00,2024-10-16 12:00:00+00:00,67894.73,67928.677365,2024-10-16 13:00:00+00:00,67249.39059134999,67215.76589605432,0.00026451507387630107,17.968159111522393,0.17968159111522394,67249.39059134999,69287.25091229999,SL,-0.17070200135434446,0.017968159111522393,0.017779583281646968,0.008979589760880756,0.008894238760202712,0.01787382852108347,-0.22432357226859728,-1.2484505000000021,0 days 01:00:00
1h,VALIDATION,39,CLOSED,BTCUSDT,LONG,2024-10-16 17:00:00+00:00,2024-10-16 18:00:00+00:00,67942.0,67975.97099999999,2024-10-17 04:00:00+00:00,67296.21128999999,67262.56318435499,0.00026103429458516447,17.744059638726593,0.17744059638726595,67296.21128999999,69335.49041999999,SL,-0.16857300036591544,0.017744059638726595,0.017557835732818158,0.00886759602135013,0.008783309521169484,0.017650905542519614,-0.2215258012799798,-1.2484504999999968,0 days 10:00:00
1h,VALIDATION,40,CLOSED,BTCUSDT,LONG,2024-10-17 22:00:00+00:00,2024-10-17 23:00:00+00:00,67444.02,67477.74201,2024-10-18 15:00:00+00:00,68827.2968502,68792.88320177491,0.0002596820020940621,17.5227551419434,0.175227551419434,66802.9645899,68827.2968502,TP,0.359212101910303,0.0175227551419434,0.01786427363965988,0.00875699907143538,0.008936605122389083,0.017693604193824465,0.3061314689348753,1.74705100000001,0 days 16:00:00
1h,VALIDATION,41,CLOSED,BTCUSDT,LONG,2024-10-18 15:00:00+00:00,2024-10-18 16:00:00+00:00,68735.34,68769.70766999999,2024-10-19 16:00:00+00:00,68082.01059329999,68047.96958800334,0.00025925049544761266,17.828580785234987,0.17828580785234988,68082.01059329999,70145.1018234,SL,-0.16937597237747234,0.017828580785234988,0.017641469829893945,0.008909835474878074,0.008825147488690593,0.017734982963568666,-0.22258100595616997,-1.2484504999999992,1 days 00:00:00
1h,VALIDATION,42,CLOSED,BTCUSDT,LONG,2024-10-20 04:00:00+00:00,2024-10-20 05:00:00+00:00,68236.0,68270.118,2024-10-21 13:00:00+00:00,67587.41682,67553.62311159,0.0002578906065158131,17.606222137926128,0.17606222137926128,67587.41682,69635.52036000001,SL,-0.16726350966615514,0.01760622213792613,0.017421444836588595,0.008798711713107081,0.008715079958272823,0.017513791671379904,-0.21980496831204976,-1.248450500000002,1 days 08:00:00
1h,VALIDATION,43,CLOSED,BTCUSDT,LONG,2024-10-24 13:00:00+00:00,2024-10-24 14:00:00+00:00,67906.0,67939.953,2024-10-25 07:00:00+00:00,67260.55347,67226.923193265,0.00025591181605611374,17.38663675499701,0.1738663675499701,67260.55347,69298.75206,SL,-0.16517739365941717,0.01738663675499701,0.01720416400225332,0.00868897389055171,0.008606385193723243,0.01729535908427495,-0.21706355350094247,-1.2484504999999917,0 days 17:00:00
1h,VALIDATION,44,CLOSED,BTCUSDT,LONG,2024-10-25 13:00:00+00:00,2024-10-25 14:00:00+00:00,68334.01,68368.17700499999,2024-10-25 15:00:00+00:00,67684.49523495,67650.65298733252,0.0002511371635219582,17.169790048202866,0.17169790048202868,67684.49523495,69735.5405451,SL,-0.1631172957602882,0.017169790048202866,0.01698959310164698,0.008580604721739483,0.008499046073860329,0.01707965079559981,-0.21435632970573787,-1.2484504999999937,0 days 01:00:00
1h,VALIDATION,45,CLOSED,BTCUSDT,LONG,2024-10-27 15:00:00+00:00,2024-10-27 16:00:00+00:00,67792.0,67825.896,2024-10-28 13:00:00+00:00,69182.41391999999,69147.82271303999,0.0002499878197065712,16.955647860684646,0.16955647860684647,67147.63703999999,69182.41391999999,TP,0.3475865443504648,0.016955647860684646,0.01728611343748939,0.008473587136772279,0.008647380408949603,0.01712096754572188,0.29622381550656895,1.7470509999999955,0 days 21:00:00
1h,VALIDATION,46,CLOSED,BTCUSDT,LONG,2024-10-28 17:00:00+00:00,2024-10-28 18:00:00+00:00,68984.0,69018.492,2024-10-29 02:00:00+00:00,70398.86184,70363.66240908,0.00024995584876446735,17.251575748303598,0.172515757483036,68328.30708,70398.86184,TP,0.35365299210165546,0.017251575748303598,0.01758780895963804,0.0086214771355836,0.008798303631633458,0.017419780767217057,0.3013938266264968,1.7470510000000072,0 days 08:00:00
1h,VALIDATION,47,CLOSED,BTCUSDT,LONG,2024-10-29 02:00:00+00:00,2024-10-29 03:00:00+00:00,71190.05,71225.645025,2024-10-29 16:00:00+00:00,72650.15792550001,72613.83284653726,0.0002464374801524825,17.552668482196204,0.17552668482196204,70513.38857475,72650.15792550001,TP,0.35982531791089056,0.017552668482196204,0.01789476999091421,0.008771948266965198,0.008951860925919842,0.01772380919288504,0.3066540702448951,1.7470510000000086,0 days 13:00:00
1h,VALIDATION,48,CLOSED,BTCUSDT,LONG,2024-10-29 16:00:00+00:00,2024-10-29 17:00:00+00:00,72739.43,72775.79971499999,2024-10-29 20:00:00+00:00,72048.04171784999,72012.01769699107,0.0002453977321397626,17.85901620471858,0.17859016204718578,72048.04171784999,74231.31570929999,SL,-0.16966511646761656,0.017859016204718577,0.01767158582965006,0.008925045579567898,0.00884021302133543,0.017765258600903326,-0.22296097710288854,-1.2484504999999912,0 days 03:00:00
1h,VALIDATION,49,CLOSED,BTCUSDT,LONG,2024-10-29 22:00:00+00:00,2024-10-29 23:00:00+00:00,72659.99,72696.319995,2024-10-30 11:00:00+00:00,71969.35679505,71933.37211665248,0.00024260207348965625,17.636277965854557,0.17636277965854558,71969.35679505,74150.2463949,SL,-0.167549047541678,0.01763627796585456,0.017451185228602912,0.008813732116867092,0.008729957593097437,0.01754368970996453,-0.2201802004461,-1.2484504999999941,0 days 12:00:00
1h,VALIDATION,50,CLOSED,BTCUSDT,LONG,2024-10-30 14:00:00+00:00,2024-10-30 15:00:00+00:00,72411.79,72447.99589499999,2024-10-30 15:00:00+00:00,71723.51593604998,71687.65417808197,0.00024039750873012977,17.416317725648664,0.17416317725648664,71723.51593604998,73896.95581289999,SL,-0.1654593702971448,0.017416317725648663,0.017233533471117984,0.008703806959342707,0.008621077274193444,0.01732488423353615,-0.21743410572744762,-1.24845049999999,0 days 00:00:00
1h,VALIDATION,51,CLOSED,BTCUSDT,LONG,2024-10-30 20:00:00+00:00,2024-10-30 21:00:00+00:00,72857.14,72893.56856999999,2024-10-30 21:00:00+00:00,72164.6328843,72128.55056785785,0.00023594812511193894,17.199100836810057,0.17199100836810058,72164.6328843,74351.43994139999,SL,-0.16339575557609293,0.017199100836810057,0.01701859627352774,0.008595252792006458,0.00851355491421989,0.01710880770622635,-0.21472226039265707,-1.2484504999999868,0 days 00:00:00
1h,VALIDATION,52,CLOSED,BTCUSDT,LONG,2024-10-31 02:00:00+00:00,2024-10-31 03:00:00+00:00,72553.01,72589.286505,2024-10-31 13:00:00+00:00,71863.39363995,71827.46194313002,0.00023398209159970366,16.984593084170044,0.16984593084170044,71863.39363995,74041.0722351,SL,-0.1613578783258734,0.016984593084170045,0.01680633977975168,0.00848805251582749,0.008407373576663227,0.016895426092490715,-0.21204423728228586,-1.2484504999999972,0 days 10:00:00
1h,VALIDATION,53,CLOSED,BTCUSDT,LONG,2024-11-05 14:00:00+00:00,2024-11-05 15:00:00+00:00,69964.01,69998.992005,2024-11-05 15:00:00+00:00,69299.00208494999,69264.35258390752,0.00023961431727609111,16.772760679292634,0.16772760679292634,69299.00208494999,71398.9718451,SL,-0.15934541754790485,0.016772760679292634,0.016596730555963456,0.008382189245023333,0.00830251653624857,0.016684705781271902,-0.20939961456443285,-1.2484505000000035,0 days 00:00:00
1h,VALIDATION,54,CLOSED,BTCUSDT,LONG,2024-11-05 16:00:00+00:00,2024-11-05 17:00:00+00:00,70191.98,70227.07599,2024-11-05 19:00:00+00:00,69524.8052301,69490.04282748495,0.00023585732456682257,16.563570255152342,0.16563570255152343,69524.8052301,71631.6175098,SL,-0.15735805624709878,0.016563570255152343,0.01638973558532452,0.008277646304424341,0.008198967276299058,0.0164766135807234,-0.20678797566829904,-1.24845049999999,0 days 02:00:00
1h,VALIDATION,55,CLOSED,BTCUSDT,LONG,2024-11-06 00:00:00+00:00,2024-11-06 01:00:00+00:00,71096.03,71131.57801499999,2024-11-06 02:00:00+00:00,72554.20957529999,72517.93247051234,0.00022995397146157804,16.35698886087832,0.16356988860878321,70420.26223484999,72554.20957529999,TP,0.3353141844443898,0.016356988860878323,0.01667578657377684,0.008174407226824144,0.008342064319046778,0.016516471545870923,0.2857649374638637,1.7470510000000024,0 days 01:00:00
1h,VALIDATION,56,CLOSED,BTCUSDT,LONG,2024-11-06 02:00:00+00:00,2024-11-06 03:00:00+00:00,73077.05,73113.588525,2024-11-06 03:00:00+00:00,74575.8602955,74538.57236535224,0.0002276248321909895,16.64246831888418,0.16642468318884182,72382.45263975,74575.8602955,TP,0.3411664419993131,0.01664246831888418,0.01696683002641923,0.008317075621630431,0.008487658842631265,0.016804734464261697,0.290752409189748,1.7470509999999921,0 days 00:00:00
1h,VALIDATION,57,CLOSED,BTCUSDT,LONG,2024-11-06 03:00:00+00:00,2024-11-06 04:00:00+00:00,74348.53,74385.704265,2024-11-06 05:00:00+00:00,73641.84722235,73605.02629873883,0.00022763688847796497,16.932930266126686,0.16932930266126686,73641.84722235,75873.4183503,SL,-0.16086706864521144,0.016932930266126685,0.01675521916298369,0.008462234016053994,0.008381800481732137,0.016844034497786133,-0.21139925257210795,-1.2484504999999881,0 days 01:00:00
1h,VALIDATION,58,CLOSED,BTCUSDT,LONG,2024-11-06 09:00:00+00:00,2024-11-06 10:00:00+00:00,73756.35,73793.228175,2024-11-06 19:00:00+00:00,75269.0927385,75231.45819213075,0.00022660266551781174,16.721742201619087,0.16721742201619086,73055.29589324999,75269.0927385,TP,0.3427915367868118,0.016721742201619087,0.017047648957128642,0.008356692754430227,0.008528088522823793,0.01688478127725402,0.29213736435081006,1.7470510000000108,0 days 09:00:00
1h,VALIDATION,59,CLOSED,BTCUSDT,LONG,2024-11-06 19:00:00+00:00,2024-11-06 20:00:00+00:00,75823.55,75861.461775,2024-11-07 00:00:00+00:00,75102.84715725,75065.29573367137,0.00022427181499497367,17.013587720451067,0.17013587720451068,75102.84715725,77378.6910105,SL,-0.1616333346155806,0.017013587720451067,0.016835030117324935,0.008502542588931178,0.00842172592162327,0.01692426851055445,-0.21240622096391104,-1.2484505000000063,0 days 04:00:00
1h,VALIDATION,60,CLOSED,BTCUSDT,LONG,2024-11-07 15:00:00+00:00,2024-11-07 16:00:00+00:00,76059.68,76097.70984,2024-11-10 04:00:00+00:00,77619.6640368,77580.8542047816,0.00022078711342089056,16.801393693514097,0.16801393693514097,75336.73274159999,77619.6640368,TP,0.34442437246774044,0.016801393693514098,0.01712885285660069,0.008396498597458956,0.008568710783690562,0.016965209381149517,0.2935289165364761,1.7470510000000068,2 days 12:00:00
1h,VALIDATION,61,CLOSED,BTCUSDT,LONG,2024-11-10 04:00:00+00:00,2024-11-10 05:00:00+00:00,79122.02,79161.58101,2024-11-10 18:00:00+00:00,80744.8126302,80704.4402238849,0.00021594603286422822,17.094629374369724,0.17094629374369724,78369.96519989999,80744.8126302,TP,0.3504356306529961,0.017094629374369723,0.01742780370087619,0.008543043165599977,0.008718260980929019,0.017261304146528995,0.29865189343122117,1.7470510000000068,0 days 13:00:00
1h,VALIDATION,62,CLOSED,BTCUSDT,LONG,2024-11-10 22:00:00+00:00,2024-11-10 23:00:00+00:00,80614.0,80654.307,2024-11-11 10:00:00+00:00,82267.39314,82226.25944343001,0.00021564853212688388,17.392982914261054,0.17392982914261054,79847.76393,82267.39314,TP,0.35655180366965944,0.017392982914261054,0.017731972151260007,0.008692145384438459,0.008870421286270634,0.017562566670709094,0.3038642819334293,1.747051000000014,0 days 11:00:00
1h,VALIDATION,63,CLOSED,BTCUSDT,LONG,2024-11-11 10:00:00+00:00,2024-11-11 11:00:00+00:00,81984.19,82025.182095,2024-11-11 15:00:00+00:00,83665.68573689999,83623.85289403154,0.00021574525265884173,17.696543635473276,0.17696543635473277,81204.93027405,83665.68573689999,TP,0.36277472260225346,0.017696543635473277,0.01804144927092865,0.00884384989278898,0.009025237254090764,0.017869087146879743,0.3091676425489718,1.7470509999999972,0 days 04:00:00
1h,VALIDATION,64,CLOSED,BTCUSDT,LONG,2024-11-11 15:00:00+00:00,2024-11-11 16:00:00+00:00,84059.53,84101.559765,2024-11-11 18:00:00+00:00,85783.5909603,85740.69916481986,0.00021409118296438154,18.005402419238482,0.18005402419238484,83260.54416735,85783.5909603,TP,0.3691062504933357,0.01800540241923848,0.018356327712389445,0.008998202108564814,0.009182755233810262,0.018180957342375077,0.3145635630193327,1.7470510000000143,0 days 02:00:00
1h,VALIDATION,65,CLOSED,BTCUSDT,LONG,2024-11-11 18:00:00+00:00,2024-11-11 19:00:00+00:00,85831.99,85874.905995,2024-11-11 21:00:00+00:00,87592.4041149,87548.60791284255,0.00021332951134771268,18.319651732944113,0.18319651732944114,85016.15693504999,87592.4041149,TP,0.3755482829012313,0.018319651732944114,0.018676701745219196,0.00915524824234842,0.009343022383801216,0.018498270626149636,0.3200536587969184,1.747051000000005,0 days 02:00:00
1h,VALIDATION,66,CLOSED,BTCUSDT,LONG,2024-11-11 21:00:00+00:00,2024-11-11 22:00:00+00:00,87900.0,87943.95,2024-11-11 22:00:00+00:00,87064.51049999999,87020.97824474999,0.00021194619593293415,18.639385657816163,0.18639385657816163,87064.51049999999,89702.829,SL,-0.17707882126691143,0.018639385657816164,0.018443765305337385,0.00931503531125184,0.009226495900619035,0.018541531211870875,-0.23270350344193588,-1.2484505000000092,0 days 00:00:00
1h,VALIDATION,67,CLOSED,BTCUSDT,LONG,2024-11-11 23:00:00+00:00,2024-11-12 00:00:00+00:00,88648.0,88692.324,2024-11-12 00:00:00+00:00,87805.40075999999,87761.49805961999,0.00020753672691457088,18.40691462540664,0.1840691462540664,87805.40075999999,90466.17048,SL,-0.17487028837030713,0.01840691462540664,0.018213734056412995,0.009198857883760039,0.009111422739576323,0.01831028062333636,-0.22980121767546313,-1.2484505000000043,0 days 00:00:00
1h,VALIDATION,68,CLOSED,BTCUSDT,LONG,2024-11-12 04:00:00+00:00,2024-11-12 05:00:00+00:00,88430.56,88474.77527999999,2024-11-12 10:00:00+00:00,87590.02752719999,87546.2325134364,0.00020545226503091503,18.177342979377208,0.1817734297937721,87590.02752719999,90244.27078559999,SL,-0.1726893003687985,0.018177342979377207,0.017986571764808643,0.009084129424973946,0.008997784774790194,0.01808191419976414,-0.2269351293127485,-1.2484504999999937,0 days 05:00:00
1h,VALIDATION,69,CLOSED,BTCUSDT,LONG,2024-11-13 13:00:00+00:00,2024-11-13 14:00:00+00:00,89152.0,89196.576,2024-11-13 14:00:00+00:00,90980.50752,90935.01726624,0.0002012480227770778,17.95063455848535,0.1795063455848535,88304.61024,90980.50752,TP,0.3679835230330179,0.017950634558485352,0.018300492426030233,0.008970831863311208,0.009154823624827365,0.018125655488138572,0.3136067405603638,1.7470509999999995,0 days 00:00:00
1h,VALIDATION,70,CLOSED,BTCUSDT,LONG,2024-11-13 14:00:00+00:00,2024-11-13 15:00:00+00:00,91508.0,91553.754,2024-11-13 15:00:00+00:00,90638.21646,90592.89735177,0.00019948857592009395,18.263928005598604,0.18263928005598604,90638.21646,93384.82908,SL,-0.17351187975333887,0.018263928005598604,0.01807224808117985,0.009127400302648142,0.00904064436276913,0.01816804466541727,-0.2280161005055346,-1.2484504999999935,0 days 00:00:00
1h,VALIDATION,71,CLOSED,BTCUSDT,LONG,2024-11-13 15:00:00+00:00,2024-11-13 16:00:00+00:00,92540.0,92586.26999999999,2024-11-13 16:00:00+00:00,91660.40729999999,91614.57709635,0.00019480361065852715,18.03613969340527,0.1803613969340527,91660.40729999999,94437.99539999999,SL,-0.1713478338688843,0.01803613969340527,0.017846850407322982,0.00901356306516801,0.00892788914823471,0.017941452213402723,-0.22517227618301527,-1.2484504999999928,0 days 00:00:00
1h,VALIDATION,72,CLOSED,BTCUSDT,LONG,2024-11-13 18:00:00+00:00,2024-11-13 19:00:00+00:00,92824.0,92870.412,2024-11-13 19:00:00+00:00,91941.70788,91895.73702606,0.0001917854350054042,17.81119236455111,0.17811192364551112,91941.70788,94727.82024,SL,-0.16921077803603995,0.01781119236455111,0.017624263900685146,0.008901145609470173,0.008816540220453124,0.017717685829923297,-0.22236392013119952,-1.2484504999999964,0 days 00:00:00
1h,VALIDATION,73,CLOSED,BTCUSDT,LONG,2024-11-13 23:00:00+00:00,2024-11-14 00:00:00+00:00,90375.21,90420.397605,2024-11-14 01:00:00+00:00,89516.19362895,89471.43553213553,0.00019452525151499264,17.589050586198265,0.17589050586198265,89516.19362895,92228.8055571,SL,-0.16710037563399857,0.017589050586198265,0.017404453500296114,0.008790130227984977,0.00870658004016828,0.017496710268153255,-0.21959058998864622,-1.248450500000006,0 days 01:00:00
1h,VALIDATION,74,CLOSED,BTCUSDT,LONG,2024-11-14 07:00:00+00:00,2024-11-14 08:00:00+00:00,90769.42,90814.80471,2024-11-14 14:00:00+00:00,89906.6566629,89861.70333456855,0.00019126484302746884,17.369679367428386,0.17369679367428387,89906.6566629,92631.1008042,SL,-0.1650162942402862,0.017369679367428385,0.017187384582467227,0.008680499433996899,0.008597991286877476,0.017278490720874375,-0.2168518489110562,-1.2484504999999981,0 days 06:00:00
1h,VALIDATION,75,CLOSED,BTCUSDT,LONG,2024-11-15 11:00:00+00:00,2024-11-15 12:00:00+00:00,89741.24,89786.11062,2024-11-15 14:00:00+00:00,88888.24951380001,88843.80538904312,0.00019104340343160123,17.153044153731038,0.1715304415373104,88888.24951380001,91581.8328324,SL,-0.16295820557842364,0.017153044153731038,0.016973022955337633,0.008572235958886364,0.008490756856094997,0.01706299281498136,-0.21414726550247365,-1.2484504999999866,0 days 02:00:00
1h,VALIDATION,76,CLOSED,BTCUSDT,LONG,2024-11-15 16:00:00+00:00,2024-11-15 17:00:00+00:00,89376.0,89420.688,2024-11-15 20:00:00+00:00,91209.10175999999,91163.49720911999,0.00018943167627563702,16.93911082156074,0.1693911082156074,88526.48112,91209.10175999999,TP,0.3472475391806187,0.01693911082156074,0.017269254091472955,0.008465322749404652,0.008638946518996285,0.01710426926840094,0.295934904999184,1.7470509999999935,0 days 03:00:00
1h,VALIDATION,77,CLOSED,BTCUSDT,LONG,2024-11-15 20:00:00+00:00,2024-11-15 21:00:00+00:00,91447.99,91493.713995,2024-11-16 12:00:00+00:00,90578.77685505,90533.48746662248,0.00018837086543711673,17.234750087294188,0.17234750087294187,90578.77685505,93323.5882749,SL,-0.1637344323635497,0.01723475008729419,0.01705387138512804,0.008613068509391081,0.008531201293210701,0.01714426980260178,-0.21516732363857372,-1.2484504999999941,0 days 15:00:00
1h,VALIDATION,78,CLOSED,BTCUSDT,LONG,2024-11-16 18:00:00+00:00,2024-11-16 19:00:00+00:00,91303.04,91348.69152,2024-11-16 22:00:00+00:00,90435.20460479999,90389.9870024976,0.00018631682000940923,17.019797716026886,0.17019797716026885,90435.20460479999,93175.6653504,SL,-0.16169233112527356,0.017019797716026887,0.016841174938997186,0.008505646034995842,0.008424799869432016,0.016930445904427858,-0.2124837496847255,-1.2484504999999957,0 days 03:00:00
1h,VALIDATION,79,CLOSED,BTCUSDT,LONG,2024-11-17 08:00:00+00:00,2024-11-17 09:00:00+00:00,90985.11,91030.60255499999,2024-11-17 14:00:00+00:00,90120.29652944999,90075.23638118527,0.00018463599895063193,16.80752623782037,0.1680752623782037,90120.29652944999,92851.2146061,SL,-0.15967569904096446,0.01680752623782037,0.016631131249954446,0.008399563337239683,0.008319725487719793,0.016719288824959475,-0.20983364535369872,-1.2484504999999948,0 days 05:00:00
1h,VALIDATION,80,CLOSED,BTCUSDT,LONG,2024-11-17 17:00:00+00:00,2024-11-17 18:00:00+00:00,90578.66,90623.94933,2024-11-17 19:00:00+00:00,89717.7098367,89672.85098178165,0.00018315138922105507,16.597902216488002,0.16597902216488003,89717.7098367,92436.42831660001,SL,-0.15768421845848987,0.016597902216488002,0.01642370723272596,0.008294803706390734,0.008215961597161156,0.01651076530355189,-0.2072165932112557,-1.248450500000001,0 days 01:00:00
1h,VALIDATION,81,CLOSED,BTCUSDT,LONG,2024-11-18 06:00:00+00:00,2024-11-18 07:00:00+00:00,92061.84,92107.87091999999,2024-11-18 11:00:00+00:00,91186.79221079999,91141.1988146946,0.00017795322450886564,16.390892632860375,0.16390892632860374,91186.79221079999,93950.02833839999,SL,-0.15571757568749509,0.016390892632860376,0.016218870214678507,0.00819135064110788,0.008113491853265192,0.01630484249437307,-0.204632181029407,-1.2484504999999908,0 days 04:00:00
1h,VALIDATION,82,CLOSED,BTCUSDT,LONG,2024-11-18 15:00:00+00:00,2024-11-18 16:00:00+00:00,92309.51,92355.66475499999,2024-11-18 16:00:00+00:00,91432.10810745,91386.39205339628,0.0001752622854539947,16.186464879584246,0.16186464879584248,91432.10810745,94202.7780501,SL,-0.15377546094997305,0.016186464879584247,0.016016587930673013,0.008089187845868475,0.008012300115392484,0.016101487961260957,-0.20208000172149126,-1.2484504999999835,0 days 00:00:00
1h,VALIDATION,83,CLOSED,BTCUSDT,LONG,2024-11-19 05:00:00+00:00,2024-11-19 06:00:00+00:00,91877.0,91922.93849999999,2024-11-19 14:00:00+00:00,91003.70911499999,90958.20726044249,0.00017389116380332376,15.984586755986355,0.15984586755986355,91003.70911499999,93761.39726999999,SL,-0.15185756833148623,0.015984586755986355,0.01581682851798228,0.007988299228377127,0.007912370444213305,0.015900669672590434,-0.19955965327804528,-1.248450499999999,0 days 08:00:00
1h,VALIDATION,84,CLOSED,BTCUSDT,LONG,2024-11-19 15:00:00+00:00,2024-11-19 16:00:00+00:00,92391.99,92438.185995,2024-11-19 22:00:00+00:00,91513.80413505001,91468.0472329825,0.00017076521237505807,15.785226463001296,0.15785226463001295,91513.80413505001,94286.94971490001,SL,-0.14996359573295942,0.015785226463001296,0.0156195605112721,0.007888668897052439,0.007813687099183866,0.015702355996236303,-0.1970707387034691,-1.2484504999999817,0 days 06:00:00
1h,VALIDATION,85,CLOSED,BTCUSDT,LONG,2024-11-20 08:00:00+00:00,2024-11-20 09:00:00+00:00,93200.0,93246.59999999999,2024-11-21 03:00:00+00:00,95111.53199999999,95063.976234,0.00016717341541849966,15.588352598162668,0.1558835259816267,92314.13399999999,95111.53199999999,TP,0.31955733312175416,0.015588352598162668,0.01589216959030086,0.0077902811585006245,0.007950059825061357,0.01574034098356198,0.2723364699497286,1.747051000000011,0 days 18:00:00
1h,VALIDATION,86,CLOSED,BTCUSDT,LONG,2024-11-21 03:00:00+00:00,2024-11-21 04:00:00+00:00,95798.12,95846.01905999999,2024-11-21 05:00:00+00:00,97762.9394412,97714.0579714794,0.0001654780987176752,15.860417003706857,0.1586041700370686,94887.55886939999,97762.9394412,TP,0.3251345854533012,0.015860417003706856,0.016169536531109106,0.007926245379163201,0.008088812671889871,0.01601505805105307,0.27708957386743216,1.7470510000000092,0 days 01:00:00
1h,VALIDATION,87,CLOSED,BTCUSDT,LONG,2024-11-21 09:00:00+00:00,2024-11-21 10:00:00+00:00,97613.24,97662.04662,2024-11-21 14:00:00+00:00,96685.4261538,96637.0834407231,0.0001652354248483308,16.13722976481319,0.16137229764813188,96685.4261538,99615.2875524,SL,-0.15330771505702184,0.016137229764813188,0.015967869538431476,0.008064582591109133,0.007987928733582162,0.016052511324691293,-0.20146532568495779,-1.2484504999999921,0 days 04:00:00
1h,VALIDATION,88,CLOSED,BTCUSDT,LONG,2024-11-21 17:00:00+00:00,2024-11-21 18:00:00+00:00,98048.65,98097.67432499999,2024-11-24 12:00:00+00:00,97116.69758174999,97068.13923295912,0.0001624499848018171,15.935965703189853,0.15935965703189853,97116.69758174999,100059.62781149999,SL,-0.15139565618072964,0.015935965703189853,0.015768717743134875,0.007964000851167916,0.007888303023078722,0.01585230387424664,-0.198952643501301,-1.2484504999999924,2 days 18:00:00
1h,VALIDATION,89,CLOSED,BTCUSDT,LONG,2024-11-25 09:00:00+00:00,2024-11-25 10:00:00+00:00,98492.95,98542.19647499999,2024-11-25 13:00:00+00:00,97556.77451024999,97507.99612299487,0.00015970023377316002,15.737211813578163,0.15737211813578164,97556.77451024999,100513.04040449999,SL,-0.14950744456577866,0.015737211813578164,0.01557204977559466,0.007864673570002905,0.0077899198477208165,0.01565459341772372,-0.1964712995726752,-1.248450499999997,0 days 03:00:00
1h,VALIDATION,90,CLOSED,BTCUSDT,LONG,2024-11-27 19:00:00+00:00,2024-11-27 20:00:00+00:00,96627.99,96676.303995,2024-11-28 02:00:00+00:00,95709.54095504999,95661.68618457246,0.00016075228517045708,15.540936789030038,0.15540936789030038,95709.54095504999,98609.83007489999,SL,-0.14764278278833884,0.01554093678903004,0.015377834657429167,0.007766585101962353,0.007692763710570106,0.01545934881253246,-0.1940209030473305,-1.2484505000000068,0 days 06:00:00
1h,VALIDATION,91,CLOSED,BTCUSDT,LONG,2024-11-28 22:00:00+00:00,2024-11-28 23:00:00+00:00,95651.78,95699.60588999999,2024-11-29 14:00:00+00:00,97613.5980078,97564.7912087961,0.00016036753307739962,15.347109713058682,0.15347109713058682,94742.6098311,97613.5980078,TP,0.3146119142577048,0.015347109713058683,0.015646224881366196,0.00766971999652992,0.007827025953659616,0.015496745950189537,0.2681218337130904,1.7470510000000101,0 days 15:00:00
1h,VALIDATION,92,CLOSED,BTCUSDT,LONG,2024-11-29 14:00:00+00:00,2024-11-29 15:00:00+00:00,98002.01,98051.011005,2024-11-29 17:00:00+00:00,97070.50089494999,97021.96564450252,0.00015925346952308094,15.61496369279204,0.15614963692792042,97070.50089494999,100012.0312251,SL,-0.14834605687155336,0.01561496369279204,0.015451084648836188,0.007803580056367559,0.007729407027931616,0.015532987084299175,-0.19494509229748075,-1.2484505000000004,0 days 02:00:00
1h,VALIDATION,93,CLOSED,BTCUSDT,LONG,2024-11-30 05:00:00+00:00,2024-11-30 06:00:00+00:00,97102.33,97150.881165,2024-11-30 10:00:00+00:00,96179.37235335,96131.28266717333,0.0001587243797063147,15.420213350836518,0.15420213350836517,96179.37235335,99093.8987883,SL,-0.14649587995972127,0.015420213350836518,0.01525837821171949,0.007706253548643481,0.007633005608662787,0.015339259157306268,-0.19251373067958355,-1.248450499999989,0 days 04:00:00
1h,VALIDATION,94,CLOSED,BTCUSDT,LONG,2024-11-30 16:00:00+00:00,2024-11-30 17:00:00+00:00,96871.31,96919.74565499999,2024-12-01 02:00:00+00:00,95950.54819845,95902.57292435077,0.00015711857102650802,15.227891941566208,0.15227891941566207,95950.54819845,98858.14056809999,SL,-0.1446687785153299,0.015227891941566207,0.015068075215639472,0.007610140900331973,0.007537806511075466,0.015147947411407438,-0.19011269308394302,-1.2484505,0 days 09:00:00
1h,VALIDATION,95,CLOSED,BTCUSDT,LONG,2024-12-01 08:00:00+00:00,2024-12-01 09:00:00+00:00,97048.0,97096.52399999999,2024-12-02 04:00:00+00:00,96125.55875999999,96077.49598061999,0.00015487649353186506,15.037969171252579,0.1503796917125258,96125.55875999999,99038.45447999999,SL,-0.14286446474038786,0.01503796917125258,0.014880145684800283,0.0075152269721387235,0.007443794739769102,0.014959021711907826,-0.18774160130834855,-1.248450499999999,0 days 19:00:00
1h,VALIDATION,96,CLOSED,BTCUSDT,LONG,2024-12-04 09:00:00+00:00,2024-12-04 10:00:00+00:00,96815.78,96864.18788999999,2024-12-04 12:00:00+00:00,95895.54601109998,95847.59823809443,0.00015331171868034223,14.85041512399149,0.14850415123991492,95895.54601109998,98801.47164779999,SL,-0.14108265442632814,0.014850415123991491,0.0146945600172652,0.007421496813587062,0.007350955486376007,0.01477245229996307,-0.18540008186754792,-1.2484505000000035,0 days 02:00:00
1h,VALIDATION,97,CLOSED,BTCUSDT,LONG,2024-12-04 19:00:00+00:00,2024-12-04 20:00:00+00:00,97209.64,97258.24481999999,2024-12-05 02:00:00+00:00,99203.4097164,99153.8080115418,0.00015078619076595986,14.665200256990946,0.14665200256990946,96285.66237179999,99203.4097164,TP,0.30063294080048386,0.014665200256990947,0.0149510250099997,0.007328935660664115,0.007479252131065354,0.01480818779172947,0.2562085277417637,1.7470510000000057,0 days 06:00:00
1h,VALIDATION,98,CLOSED,BTCUSDT,LONG,2024-12-05 02:00:00+00:00,2024-12-05 03:00:00+00:00,101248.19,101298.814095,2024-12-05 03:00:00+00:00,103324.7903769,103273.12798171156,0.00014729839599271317,14.921152832157544,0.14921152832157544,100285.82595405,103324.7903769,TP,0.3058799046352328,0.014921152832157544,0.015211966100856296,0.007456847992081544,0.007609787944398787,0.015066635936480331,0.2606801497657386,1.7470510000000128,0 days 00:00:00
1h,VALIDATION,99,CLOSED,BTCUSDT,LONG,2024-12-05 03:00:00+00:00,2024-12-05 04:00:00+00:00,102964.0,103015.48199999999,2024-12-05 05:00:00+00:00,101985.32718,101934.33451641,0.0001473717568218848,15.18157256219325,0.1518157256219325,101985.32718,105075.79164,SL,-0.14422873283722926,0.01518157256219325,0.015022241958153031,0.00758699278470266,0.007514878418284202,0.015101871202986863,-0.18953441856056238,-1.2484504999999866,0 days 01:00:00
1h,VALIDATION,100,CLOSED,BTCUSDT,LONG,2024-12-05 08:00:00+00:00,2024-12-05 09:00:00+00:00,102764.01,102815.39200499999,2024-12-05 15:00:00+00:00,101787.23808494999,101736.34446590752,0.00014581695596683705,14.992227488706174,0.14992227488706175,101787.23808494999,104871.69984509998,SL,-0.14242990732648972,0.014992227488706175,0.014834884061212203,0.007492367560571664,0.007421152606909117,0.014913520167480782,-0.18717053904388886,-1.2484504999999946,0 days 06:00:00
1h,VALIDATION,101,CLOSED,BTCUSDT,LONG,2024-12-06 17:00:00+00:00,2024-12-06 18:00:00+00:00,100844.06,100894.48203,2024-12-06 23:00:00+00:00,99885.53720969999,99835.59444109515,0.00014673987749712195,14.805243933217772,0.14805243933217774,99885.53720969999,102912.3716706,SL,-0.14065351682682226,0.014805243933217773,0.014649862898138652,0.007398922505356434,0.007328595746941899,0.014727518252298333,-0.184836141910477,-1.2484505000000004,0 days 05:00:00
1h,VALIDATION,102,CLOSED,BTCUSDT,LONG,2024-12-07 18:00:00+00:00,2024-12-07 19:00:00+00:00,100123.32,100173.38166,2024-12-08 08:00:00+00:00,99171.6478434,99122.06201947831,0.00014595286892102427,14.620592442797717,0.14620592442797717,99171.6478434,102176.84929320001,SL,-0.13889928152802902,0.014620592442797717,0.014467149325110557,0.007306642899947733,0.007237193259183478,0.014543836159131211,-0.18253085945506853,-1.248450499999988,0 days 13:00:00
1h,VALIDATION,103,CLOSED,BTCUSDT,LONG,2024-12-08 13:00:00+00:00,2024-12-08 14:00:00+00:00,100408.79,100458.99439499999,2024-12-08 15:00:00+00:00,99454.40445104998,99404.67724882446,0.00014372275990622707,14.438243931853595,0.14438243931853595,99454.40445104998,102468.17428289998,SL,-0.13716692510971543,0.014438243931853596,0.014286714561788792,0.007215514208821436,0.007146930746266834,0.014362444955088271,-0.18025432855844606,-1.2484505000000012,0 days 01:00:00
1h,VALIDATION,104,CLOSED,BTCUSDT,LONG,2024-12-08 19:00:00+00:00,2024-12-08 20:00:00+00:00,100100.99,100151.040495,2024-12-09 02:00:00+00:00,99149.53009004999,99099.95532500496,0.00014236666545926985,14.258169677549452,0.1425816967754945,99149.53009004999,102154.0613049,SL,-0.13545617469776142,0.014258169677549452,0.01410853018678357,0.0071255220777342336,0.0070577939903864375,0.01418331606812067,-0.17800619063021508,-1.2484505000000041,0 days 06:00:00
1h,VALIDATION,105,CLOSED,BTCUSDT,LONG,2024-12-11 14:00:00+00:00,2024-12-11 15:00:00+00:00,99515.99,99565.747995,2024-12-11 20:00:00+00:00,101557.0629549,101506.28442342256,0.00014141752157567877,14.080341315281508,0.14080341315281508,98570.09051505,101557.0629549,TP,0.2886434786371045,0.014080341315281509,0.014354767167516347,0.0070366523314739785,0.007180974070791781,0.01421762640226576,0.24599074375204086,1.747051000000015,0 days 05:00:00
1h,VALIDATION,106,CLOSED,BTCUSDT,LONG,2024-12-11 20:00:00+00:00,2024-12-11 21:00:00+00:00,101271.57,101322.205785,2024-12-12 11:00:00+00:00,100308.98372715,100258.82923528644,0.00014139137815884055,14.326086314034796,0.14326086314034797,100308.98372715,103348.6499007,SL,-0.1361013997150442,0.014326086314034796,0.014175734038169003,0.007159463425303516,0.0070914127254454885,0.014250876150749004,-0.17885409621799697,-1.248450499999986,0 days 14:00:00
1h,VALIDATION,107,CLOSED,BTCUSDT,LONG,2024-12-12 12:00:00+00:00,2024-12-12 13:00:00+00:00,100828.0,100878.41399999999,2024-12-12 19:00:00+00:00,99869.62985999999,99819.69504507,0.0001402422017978752,14.147410893237598,0.141474108932376,99869.62985999999,102895.98228,SL,-0.13440393857093982,0.0141474108932376,0.01399893381591307,0.007070170361436644,0.007002968392151386,0.014073138753588031,-0.17662342203367853,-1.2484504999999948,0 days 06:00:00
1h,VALIDATION,108,CLOSED,BTCUSDT,LONG,2024-12-13 07:00:00+00:00,2024-12-13 08:00:00+00:00,100130.01,100180.07500499999,2024-12-14 01:00:00+00:00,102183.6765051,102132.58466684746,0.00013945850926425928,13.970963918178981,0.1397096391817898,99178.27425495,102183.6765051,TP,0.28640126932718757,0.013970963918178982,0.014243258004944291,0.0069819909636072335,0.007125191598270094,0.014107182561877329,0.24407986484218697,1.7470510000000137,0 days 17:00:00
1h,VALIDATION,109,CLOSED,BTCUSDT,LONG,2024-12-14 01:00:00+00:00,2024-12-14 02:00:00+00:00,102145.28,102196.35264,2024-12-14 13:00:00+00:00,101174.3891136,101123.80191904321,0.0001390930261187094,14.214799946992356,0.14214799946992357,101174.3891136,104240.2796928,SL,-0.13504415142045167,0.014214799946992356,0.014065615621548674,0.007103848049471234,0.007036325973760157,0.014140174023231391,-0.1774647410122241,-1.248450499999988,0 days 11:00:00
1h,VALIDATION,110,CLOSED,BTCUSDT,LONG,2024-12-15 01:00:00+00:00,2024-12-15 02:00:00+00:00,102134.48,102185.54723999999,2024-12-15 23:00:00+00:00,104229.25818479998,104177.14355570759,0.00013737277797675466,14.037512493433693,0.14037512493433693,101163.69176759999,104229.25818479998,TP,0.28776549849107774,0.014037512493433693,0.014311103611930715,0.007015248622404188,0.0071591313716502835,0.014174379994054472,0.24524250239165885,1.7470510000000041,0 days 21:00:00
1h,VALIDATION,111,CLOSED,BTCUSDT,LONG,2024-12-15 23:00:00+00:00,2024-12-16 00:00:00+00:00,104463.99,104516.221995,2024-12-16 00:00:00+00:00,106606.5464349,106553.24316168255,0.00013665352349804353,14.282509998320467,0.14282509998320467,103471.05977505,106606.5464349,TP,0.29278788612249024,0.014282509998320467,0.014560876118187733,0.00713768615608146,0.007284080099143026,0.014421766255224486,0.2495227337507575,1.7470509999999986,0 days 00:00:00
1h,VALIDATION,112,CLOSED,BTCUSDT,LONG,2024-12-16 00:00:00+00:00,2024-12-16 01:00:00+00:00,105444.95,105497.67247499998,2024-12-16 03:00:00+00:00,104442.69575024999,104390.47440237486,0.00013774506221504143,14.531783458610937,0.14531783458610936,104442.69575024999,107607.62592449998,SL,-0.1380555739871049,0.014531783458610937,0.014379272391212816,0.00726226059900428,0.007193232812011983,0.014455493411016263,-0.18142212324794493,-1.248450499999996,0 days 02:00:00
1h,VALIDATION,113,CLOSED,BTCUSDT,LONG,2024-12-16 05:00:00+00:00,2024-12-16 06:00:00+00:00,105028.01,105080.52400499998,2024-12-16 11:00:00+00:00,104029.71876494998,103977.70390556751,0.00013656710139323748,14.350542576245358,0.1435054257624536,104029.71876494998,107182.13448509999,SL,-0.13633374031705525,0.014350542576245358,0.014199933631907665,0.0071716854453986135,0.007103518575240853,0.014275204020639466,-0.17915942054584771,-1.2484504999999975,0 days 05:00:00
1h,VALIDATION,114,CLOSED,BTCUSDT,LONG,2024-12-16 14:00:00+00:00,2024-12-16 15:00:00+00:00,105487.01,105539.75350499999,2024-12-16 18:00:00+00:00,107650.5485751,107596.72330081245,0.0001342770062038115,14.17156213613962,0.1417156213613962,104484.35596994999,107650.5485751,TP,0.2905134826708881,0.01417156213613962,0.014447765882172982,0.007082239948094591,0.00722749668943099,0.014309736637525581,0.24758441801504996,1.7470510000000097,0 days 03:00:00
1h,VALIDATION,115,CLOSED,BTCUSDT,LONG,2024-12-17 01:00:00+00:00,2024-12-17 02:00:00+00:00,106376.01,106429.19800499998,2024-12-17 22:00:00+00:00,105364.90602494999,105312.22357193752,0.00013547879235542435,14.418899217073736,0.14418899217073736,105364.90602494999,108557.78196509999,SL,-0.1369831454855439,0.014418899217073736,0.01426757286979055,0.00720584668519279,0.007137355112451128,0.014343201797643918,-0.1800128193700521,-1.2484504999999928,0 days 20:00:00
1h,VALIDATION,116,CLOSED,BTCUSDT,LONG,2024-12-24 16:00:00+00:00,2024-12-24 17:00:00+00:00,98496.23,98545.47811499999,2024-12-24 19:00:00+00:00,97560.02333385,97511.24332218307,0.0001444923349407616,14.23906623069007,0.1423906623069007,97560.02333385,100516.3876773,SL,-0.13527468717911947,0.014239066230690071,0.014089627230598978,0.0071159751277804035,0.007048337784191457,0.014164312911971861,-0.1777676935523804,-1.2484504999999935,0 days 02:00:00
1h,VALIDATION,117,CLOSED,BTCUSDT,LONG,2024-12-24 21:00:00+00:00,2024-12-24 22:00:00+00:00,98397.95,98447.14897499999,2024-12-26 08:00:00+00:00,97462.67748525,97413.94614650737,0.00014283274095435675,14.061476127241141,0.1406147612724114,97462.67748525,100416.09195449999,SL,-0.13358753682101687,0.014061476127241141,0.013913900935285746,0.00702722445139374,0.006960430682984461,0.013987655134378201,-0.175550569017922,-1.2484504999999952,1 days 10:00:00
