timeframe,period_role,trade_id,status,symbol,side,signal_timestamp,entry_timestamp,entry_reference_price,entry_price,exit_timestamp,exit_reference_price,exit_price,quantity,position_value,risk_amount,stop_loss,take_profit,exit_reason,gross_pnl,entry_fee,exit_fee,entry_slippage,exit_slippage,slippage,net_pnl,R,holding_time
5m,DEVELOPMENT,1,CLOSED,BTCUSDT,LONG,2024-01-01 07:25:00+00:00,2024-01-01 07:30:00+00:00,42487.7,42508.943849999996,2024-01-01 19:30:00+00:00,43359.122726999994,43337.4431656365,0.00047001920467661736,19.980019980019982,0.19980019980019983,42083.8544115,43359.122726999994,TP,0.40958541708166785,0.019980019980019983,0.020369430569430573,0.009985017481268853,0.01018981018980867,0.020174827671077523,0.34906113886113976,1.7470510000000041,0 days 12:00:00
5m,DEVELOPMENT,2,CLOSED,BTCUSDT,LONG,2024-01-01 19:30:00+00:00,2024-01-01 19:35:00+00:00,43368.0,43389.684,2024-01-02 00:00:00+00:00,44257.47768,44235.34894116001,0.00046851533665132685,20.32873240645469,0.20328732406454691,42955.78716,44257.47768,TP,0.41673393468904285,0.02032873240645469,0.020724939401056495,0.01015928655994789,0.010367653527289168,0.02052694008723706,0.3551533227942946,1.747051000000019,0 days 04:25:00
5m,DEVELOPMENT,3,CLOSED,BTCUSDT,LONG,2024-01-02 00:00:00+00:00,2024-01-02 00:05:00+00:00,44264.63,44286.76231499999,2024-01-02 00:55:00+00:00,45172.49756129999,45149.91131251935,0.0004670364201295242,20.683530930724718,0.2068353093072472,43843.89469184999,45172.49756129999,TP,0.42400721578127065,0.020683530930724718,0.021086652948564547,0.010336597166776769,0.010548600774666983,0.02088519794144375,0.3613518339605376,1.7470510000000101,0 days 00:50:00
5m,DEVELOPMENT,4,CLOSED,BTCUSDT,LONG,2024-01-02 00:55:00+00:00,2024-01-02 01:00:00+00:00,45056.0,45078.528,2024-01-02 21:00:00+00:00,44627.742719999995,44605.42884864,0.0004668413701051228,21.04452177384214,0.2104452177384214,44627.742719999995,45980.09856,SL,-0.19992821535269564,0.02104452177384214,0.020823659517825666,0.010517002385727472,0.010417038278051067,0.02093404066377854,-0.262730437308142,-1.2484505000000043,0 days 20:00:00
5m,DEVELOPMENT,5,CLOSED,BTCUSDT,LONG,2024-01-03 00:45:00+00:00,2024-01-03 00:50:00+00:00,45186.24,45208.833119999996,2024-01-03 11:10:00+00:00,44756.744788799995,44734.366416405595,0.0004596901174011841,20.782053804503338,0.2078205380450334,44756.744788799995,46113.0097824,SL,-0.19743470405977565,0.020782053804503337,0.020563946149825076,0.010385833985257996,0.01028711663322905,0.020672950618487045,-0.2594536546325911,-1.2484505000000008,0 days 10:20:00
5m,DEVELOPMENT,6,CLOSED,BTCUSDT,LONG,2024-01-03 21:45:00+00:00,2024-01-03 21:50:00+00:00,42911.78,42933.235889999996,2024-01-04 15:10:00+00:00,43791.900607799995,43770.004657496094,0.0004780179951241715,20.52285934433092,0.2052285934433092,42503.9035311,43791.900607799995,TP,0.4207134884080213,0.020522859344330922,0.020922849872951933,0.010256301521403543,0.010466658265608993,0.020722959787012538,0.3585448194037259,1.7470509999999957,0 days 17:20:00
5m,DEVELOPMENT,7,CLOSED,BTCUSDT,LONG,2024-01-04 15:10:00+00:00,2024-01-04 15:15:00+00:00,43820.8,43842.7104,2024-01-04 22:15:00+00:00,44719.56460800001,44697.20482569601,0.0004762717858132667,20.88104597710188,0.2088104597710188,43404.283296,44719.56460800001,TP,0.42805622487792294,0.02088104597710188,0.021288017563195604,0.010435305335883315,0.01064933344832021,0.021084638784203524,0.36480252255342194,1.747051000000018,0 days 07:00:00
5m,DEVELOPMENT,8,CLOSED,BTCUSDT,LONG,2024-01-04 22:15:00+00:00,2024-01-04 22:20:00+00:00,44678.87,44701.209435,2024-01-04 22:45:00+00:00,44254.19734065,44232.07024197967,0.0004752776117269016,21.24548406157084,0.21245484061570838,44254.19734065,45595.2336237,SL,-0.20183740730158295,0.021245484061570837,0.021022512706344653,0.010617433314125698,0.010516514610477045,0.021133947924602742,-0.2652393519941012,-1.248450499999999,0 days 00:25:00
5m,DEVELOPMENT,9,CLOSED,BTCUSDT,LONG,2024-01-05 06:50:00+00:00,2024-01-05 06:55:00+00:00,43874.0,43895.937,2024-01-05 10:55:00+00:00,43456.97763,43435.249141185006,0.00047796017394398843,20.980509683954356,0.20980509683954357,43456.97763,44773.85574,SL,-0.1993200845037337,0.020980509683954356,0.02076031923482126,0.010485012335808355,0.01038535229355512,0.020870364629363473,-0.2619312780518728,-1.2484504999999817,0 days 04:00:00
5m,DEVELOPMENT,10,CLOSED,BTCUSDT,LONG,2024-01-05 11:15:00+00:00,2024-01-05 11:20:00+00:00,43838.58,43860.49929,2024-01-05 14:40:00+00:00,43421.8942971,43400.183349951454,0.00047238039718883765,20.718840075510933,0.20718840075510933,43421.8942971,44737.7092758,SL,-0.19683415783881297,0.020718840075510933,0.020501395848918445,0.010354242916296372,0.010255825837375799,0.02061006875367217,-0.25866446251691455,-1.24845049999999,0 days 03:20:00
5m,DEVELOPMENT,11,CLOSED,BTCUSDT,LONG,2024-01-05 19:45:00+00:00,2024-01-05 19:50:00+00:00,43710.91,43732.765455,2024-01-08 02:50:00+00:00,43295.43780045,43273.79008154978,0.00046785136513042587,20.46043401905048,0.20460434019050483,43295.43780045,44607.4207641,SL,-0.1943792357332084,0.020460434019050483,0.020245701764020546,0.010225104457295265,0.010127914839430128,0.020353019296725394,-0.2554383908130048,-1.2484504999999948,2 days 07:00:00
5m,DEVELOPMENT,12,CLOSED,BTCUSDT,LONG,2024-01-08 06:20:00+00:00,2024-01-08 06:25:00+00:00,44049.74,44071.76487,2024-01-08 12:00:00+00:00,44953.2001674,44930.7235673163,0.00045846248433765253,20.20525081144508,0.2020525081144508,43631.047221299996,44953.2001674,TP,0.41420259284631566,0.02020525081144508,0.020599051149760145,0.010097576617414339,0.010304677913835672,0.02040225453125001,0.35299603635386045,1.7470510000000052,0 days 05:35:00
5m,DEVELOPMENT,13,CLOSED,BTCUSDT,LONG,2024-01-08 12:00:00+00:00,2024-01-08 12:05:00+00:00,44959.34,44981.81967,2024-01-08 12:25:00+00:00,44532.0014733,44509.73547256335,0.00045702673558394946,20.557894204405986,0.20557894204405988,44532.0014733,45881.4560634,SL,-0.19530513184695433,0.020557894204405985,0.020342139104730744,0.010273810197104726,0.010176157631181106,0.02044996782828583,-0.2566551329843769,-1.2484504999999968,0 days 00:20:00
5m,DEVELOPMENT,14,CLOSED,BTCUSDT,LONG,2024-01-08 12:50:00+00:00,2024-01-08 12:55:00+00:00,44957.17,44979.648584999995,2024-01-08 18:00:00+00:00,45879.2415567,45856.30193592165,0.0004513484677807396,20.30149547015586,0.20301495470155861,44529.85209915,45879.2415567,TP,0.4161755843007467,0.02030149547015586,0.0206971716168692,0.010145674897627813,0.010353762689779588,0.020499437587407403,0.35467747962631424,1.7470510000000077,0 days 05:05:00
5m,DEVELOPMENT,15,CLOSED,BTCUSDT,LONG,2024-01-08 18:00:00+00:00,2024-01-08 18:05:00+00:00,45962.2,45985.181099999994,2024-01-08 18:40:00+00:00,46904.884721999995,46881.432279639,0.00044918424006436513,20.655818626625702,0.20655818626625702,45525.329288999994,46904.884721999995,TP,0.42343912047185644,0.020655818626625702,0.021058400531658642,0.010322747939341943,0.010534467499578324,0.020857215438920267,0.3608676858746519,1.7470510000000063,0 days 00:35:00
5m,DEVELOPMENT,16,CLOSED,BTCUSDT,LONG,2024-01-08 18:40:00+00:00,2024-01-08 18:45:00+00:00,46917.78,46941.23888999999,2024-01-09 00:35:00+00:00,46471.82650109999,46448.590587849445,0.00044771561855387723,21.016325805321664,0.21016325805321664,46471.82650109999,47880.063667799994,SL,-0.19966034660628354,0.021016325805321666,0.020795759465994813,0.01050291144693487,0.010403081273631718,0.020905992720566587,-0.2623784245981666,-1.2484504999999966,0 days 05:50:00
5m,DEVELOPMENT,17,CLOSED,BTCUSDT,LONG,2024-01-09 03:25:00+00:00,2024-01-09 03:30:00+00:00,46948.28,46971.75414,2024-01-09 09:20:00+00:00,46502.036598599996,46478.7855803007,0.0004418444632741108,20.75420949703179,0.20754209497031792,46502.036598599996,47911.1892228,SL,-0.1971701761811978,0.020754209497031793,0.020536394068360442,0.010371918789120646,0.010273333701030373,0.02064525249015102,-0.25910603223674106,-1.2484505000000008,0 days 05:50:00
5m,DEVELOPMENT,18,CLOSED,BTCUSDT,LONG,2024-01-09 12:45:00+00:00,2024-01-09 12:50:00+00:00,46792.0,46815.396,2024-01-09 12:55:00+00:00,46347.24204,46324.06841898,0.00043779107009967616,20.4953623119801,0.204953623119801,46347.24204,47751.70392,SL,-0.19471106324375012,0.020495362311980098,0.020280263484515868,0.010242559876052304,0.010145204344428425,0.020387764220480727,-0.25587445326072683,-1.2484504999999986,0 days 00:05:00
5m,DEVELOPMENT,19,CLOSED,BTCUSDT,LONG,2024-01-09 13:45:00+00:00,2024-01-09 13:50:00+00:00,46775.74,46799.12787,2024-01-09 21:10:00+00:00,47735.110427399995,47711.242872186296,0.0004324812106280348,20.2397434775538,0.202397434775538,46331.1365913,47735.110427399995,TP,0.41490968388268606,0.020239743477553803,0.020634216077931325,0.010114814331610515,0.010322269173552109,0.020437083505162622,0.3535986408220383,1.7470509999999992,0 days 07:20:00
5m,DEVELOPMENT,20,CLOSED,BTCUSDT,LONG,2024-01-09 21:10:00+00:00,2024-01-09 21:15:00+00:00,47914.25,47938.207125,2024-01-09 21:15:00+00:00,47458.82505375,47435.095641223124,0.0004295736137833381,20.592988872980417,0.20592988872980417,47458.82505375,48896.971267500005,SL,-0.19563853996769548,0.020592988872980417,0.02037686545475849,0.010291348762109504,0.010193529492125097,0.020484878254234604,-0.257093272549669,-1.248450500000003,0 days 00:00:00
5m,DEVELOPMENT,21,CLOSED,BTCUSDT,LONG,2024-01-10 04:00:00+00:00,2024-01-10 04:05:00+00:00,46130.0,46153.064999999995,2024-01-10 08:30:00+00:00,45691.534349999994,45668.688582824994,0.00044062409369490126,20.336152436866865,0.20336152436866864,45691.534349999994,47076.126299999996,SL,-0.19319852964759823,0.020336152436866865,0.02012272451704195,0.010162994721070717,0.010066395456249197,0.020229390177319916,-0.253886796778827,-1.2484505000000021,0 days 04:25:00
5m,DEVELOPMENT,22,CLOSED,BTCUSDT,LONG,2024-01-10 17:20:00+00:00,2024-01-10 17:25:00+00:00,45575.99,45598.777995,2024-01-10 18:00:00+00:00,46510.753554899995,46487.49817812255,0.00044041792688948267,20.08251927325166,0.2008251927325166,45142.790215049994,46510.753554899995,TP,0.4116866269808998,0.02008251927325166,0.020473927573887336,0.010036241515867357,0.010242084829355848,0.020278326345223203,0.35085185378853756,1.7470510000000086,0 days 00:35:00
5m,DEVELOPMENT,23,CLOSED,BTCUSDT,LONG,2024-01-10 18:00:00+00:00,2024-01-10 18:05:00+00:00,46591.57,46614.865784999995,2024-01-10 18:05:00+00:00,46148.71712715,46125.642768586426,0.0004383370043352741,20.433020625687764,0.20433020625687764,46148.71712715,47547.163100699996,SL,-0.19411880164634007,0.020433020625687765,0.020218576074221173,0.010211404610536332,0.010114345209714076,0.020325749820250406,-0.2550961481664994,-1.248450499999987,0 days 00:00:00
5m,DEVELOPMENT,24,CLOSED,BTCUSDT,LONG,2024-01-10 19:00:00+00:00,2024-01-10 19:05:00+00:00,46577.03,46600.318515,2024-01-10 19:05:00+00:00,46134.31532985,46111.24817218507,0.0004330051802614406,20.178179318828125,0.20178179318828127,46134.31532985,47532.3248853,SL,-0.19169774555268598,0.020178179318828125,0.01996640932687702,0.010084047635596345,0.00998819876282019,0.020072246398416534,-0.25191458059680766,-1.2484505000000066,0 days 00:00:00
5m,DEVELOPMENT,25,CLOSED,BTCUSDT,LONG,2024-01-10 19:50:00+00:00,2024-01-10 19:55:00+00:00,46468.33,46491.564164999996,2024-01-10 20:10:00+00:00,46026.64852335,46003.63519908833,0.00042860499015324967,19.926516401148998,0.19926516401148997,46026.64852335,47421.3954483,SL,-0.18930688495044726,0.019926516401148998,0.019717387611518943,0.009958279061041573,0.00986362561856751,0.019821904679609086,-0.2487726936427243,-1.2484504999999881,0 days 00:15:00
5m,DEVELOPMENT,26,CLOSED,BTCUSDT,LONG,2024-01-10 22:20:00+00:00,2024-01-10 22:25:00+00:00,46501.66,46524.91083,2024-01-10 23:10:00+00:00,47455.4090466,47431.6813420767,0.0004229560439906758,19.67799223167575,0.19677992231675748,46059.6617217,47455.4090466,TP,0.40339392370981236,0.01967799223167575,0.020061516300271108,0.00983407907629855,0.010035776038154039,0.01986985511445259,0.3437845600634129,1.747050999999997,0 days 00:45:00
5m,DEVELOPMENT,27,CLOSED,BTCUSDT,LONG,2024-01-10 23:10:00+00:00,2024-01-10 23:15:00+00:00,47481.99,47505.730995,2024-01-10 23:25:00+00:00,47030.673685049995,47007.15834820747,0.0004214530106425999,20.02143335062022,0.2002143335062022,47030.673685049995,48455.8456149,SL,-0.1902086196878027,0.020021433350620222,0.019811308407605463,0.010005713818400958,0.009910609508556394,0.01991632332695735,-0.24995768477298574,-1.2484505000000041,0 days 00:10:00
5m,DEVELOPMENT,28,CLOSED,BTCUSDT,LONG,2024-01-11 00:35:00+00:00,2024-01-11 00:40:00+00:00,46588.14,46611.434069999996,2024-01-11 05:35:00+00:00,46145.3197293,46122.24706943535,0.0004241818722876303,19.771725373824037,0.19771725373824037,46145.3197293,47543.6627514,SL,-0.18783633151244206,0.019771725373824038,0.019564221116025755,0.009880922225797542,0.009787004060043167,0.019667926285840708,-0.24684020428813258,-1.2484504999999977,0 days 04:55:00
5m,DEVELOPMENT,29,CLOSED,BTCUSDT,LONG,2024-01-11 08:50:00+00:00,2024-01-11 08:55:00+00:00,46308.11,46331.264055,2024-01-11 12:35:00+00:00,47257.8893361,47234.260391431955,0.00042142454261485804,19.52513176314659,0.1952513176314659,45867.95141445,47257.8893361,TP,0.4002603223009862,0.01952513176314659,0.01990567658121032,0.009757687038053872,0.009957817199202962,0.019715504237256834,0.34111400971937245,1.747051000000012,0 days 03:40:00
5m,DEVELOPMENT,30,CLOSED,BTCUSDT,LONG,2024-01-11 12:35:00+00:00,2024-01-11 12:40:00+00:00,47309.91,47333.564955,2024-01-11 13:30:00+00:00,46860.229305450004,46836.79919079728,0.00041970016453474375,19.865904999629482,0.19865904999629483,46860.229305450004,48280.236254100004,SL,-0.18873106149073257,0.019865904999629484,0.019657412326658373,0.009927988505561184,0.009833622974815076,0.019761611480376258,-0.24801599029739668,-1.248450499999987,0 days 00:50:00
5m,DEVELOPMENT,31,CLOSED,BTCUSDT,LONG,2024-01-11 14:00:00+00:00,2024-01-11 14:05:00+00:00,47639.36,47663.17968,2024-01-11 14:45:00+00:00,48616.4432736,48592.1350519632,0.00041159941299061405,19.618136777554163,0.19618136777554163,47186.5478832,48616.4432736,TP,0.402166901856708,0.019618136777554165,0.020000494263348698,0.009804166305624482,0.010005249756551968,0.019809416062176448,0.3427388547536287,1.7470510000000048,0 days 00:40:00
5m,DEVELOPMENT,32,CLOSED,BTCUSDT,LONG,2024-01-11 14:45:00+00:00,2024-01-11 14:50:00+00:00,48883.99,48908.43199499999,2024-01-11 14:55:00+00:00,48419.34767504999,48395.138001212465,0.0004081204901005639,19.960533235849496,0.19960533235849498,48419.34767504999,49886.600634899994,SL,-0.18963005338006259,0.019960533235849495,0.019751047439539256,0.009975278978432988,0.009880463951745817,0.019855742930178805,-0.24919737698563016,-1.2484505000000046,0 days 00:05:00
5m,DEVELOPMENT,33,CLOSED,BTCUSDT,LONG,2024-01-11 20:10:00+00:00,2024-01-11 20:15:00+00:00,46953.31,46976.786654999996,2024-01-11 20:30:00+00:00,46507.01878845,46483.76527905578,0.0004196026635890477,19.71158480729243,0.1971158480729243,46507.01878845,47916.322388099994,SL,-0.1872649811027633,0.019711584807292428,0.019504711724739894,0.009850866970160535,0.009757234479607907,0.01960810144976844,-0.24608937908456405,-1.2484504999999881,0 days 00:15:00
5m,DEVELOPMENT,34,CLOSED,BTCUSDT,LONG,2024-01-12 06:10:00+00:00,2024-01-12 06:15:00+00:00,46199.84,46222.93992,2024-01-12 07:50:00+00:00,45760.7105208,45737.8301655396,0.0004211272866986306,19.465741271743415,0.19465741271743414,45760.7105208,47147.3987184,SL,-0.18492940608487754,0.019465741271743414,0.01926144831709647,0.009728006632555668,0.009635541929513157,0.019363548562068823,-0.24302014423578625,-1.2484504999999961,0 days 01:35:00
5m,DEVELOPMENT,35,CLOSED,BTCUSDT,LONG,2024-01-12 10:55:00+00:00,2024-01-12 11:00:00+00:00,46063.62,46086.65181,2024-01-12 13:40:00+00:00,45625.7852919,45602.97239925405,0.0004171048047518057,19.222963904874504,0.19222963904874504,45625.7852919,47008.3848462,SL,-0.18262296043561554,0.019222963904874504,0.019021218898692845,0.009606678613130854,0.009515367132911503,0.019122045746042357,-0.23998918898522525,-1.2484505,0 days 02:40:00
5m,DEVELOPMENT,36,CLOSED,BTCUSDT,LONG,2024-01-13 05:10:00+00:00,2024-01-13 05:15:00+00:00,42874.21,42895.647105,2024-01-14 20:00:00+00:00,42466.69063395,42445.45728863303,0.000442544074900227,18.983214465328825,0.18983214465328824,42466.69063395,43753.5600471,SL,-0.18034528085252458,0.018983214465328826,0.0187839856295152,0.009486863800762812,0.00939669116033572,0.01888355496109853,-0.23699603590846713,-1.2484504999999848,1 days 14:45:00
5m,DEVELOPMENT,37,CLOSED,BTCUSDT,LONG,2024-01-15 02:50:00+00:00,2024-01-15 02:55:00+00:00,42377.18,42398.36859,2024-01-15 18:30:00+00:00,43246.335961799996,43224.7127938191,0.00044215038955811367,18.74645518869699,0.18746455188696992,41974.3849041,43246.335961799996,TP,0.384297647096625,0.01874645518869699,0.019111823600324696,0.009368543322686237,0.009560692146234966,0.018929235468921203,0.3275101328386821,1.7470509999999968,0 days 15:35:00
5m,DEVELOPMENT,38,CLOSED,BTCUSDT,LONG,2024-01-15 18:30:00+00:00,2024-01-15 18:35:00+00:00,43208.31,43229.914155,2024-01-15 21:20:00+00:00,42797.61501345,42776.216205943274,0.0004412138795880471,19.073638138585782,0.19073638138585783,42797.61501345,44094.5124381,SL,-0.18120432834308597,0.019073638138585782,0.018873460306321328,0.009532053042771904,0.009441450878599765,0.01897350392137167,-0.23812493070936475,-1.2484504999999992,0 days 02:45:00
5m,DEVELOPMENT,39,CLOSED,BTCUSDT,LONG,2024-01-16 03:15:00+00:00,2024-01-16 03:20:00+00:00,42748.5,42769.87425,2024-01-16 14:35:00+00:00,42342.175507500004,42321.004419746256,0.00044039762625488875,18.83575109492009,0.18835751094920092,42342.175507500004,43625.271735,SL,-0.1789443419862207,0.01883575109492009,0.018638069887178907,0.009413168962978889,0.009323696791984562,0.01873686575496345,-0.23515502872328314,-1.2484504999999881,0 days 11:15:00
5m,DEVELOPMENT,40,CLOSED,BTCUSDT,LONG,2024-01-16 16:40:00+00:00,2024-01-16 16:45:00+00:00,43249.99,43271.614994999996,2024-01-16 18:35:00+00:00,42838.89884505,42817.47939562747,0.00042986218537151294,18.60083098630543,0.18600830986305428,42838.89884505,44137.047294899996,SL,-0.1767125422537069,0.01860083098630543,0.018405615265104154,0.009295767609347312,0.009207411338220341,0.01850317894756765,-0.23222216745268415,-1.2484504999999952,0 days 01:50:00
5m,DEVELOPMENT,41,CLOSED,BTCUSDT,LONG,2024-01-16 19:05:00+00:00,2024-01-16 19:10:00+00:00,43097.74,43119.28887,2024-01-17 07:45:00+00:00,42688.09598129999,42666.751933309344,0.00042600055080709,18.368840809030022,0.18368840809030024,42688.09598129999,43981.674647399996,SL,-0.17450857760103175,0.01836884080903002,0.01817605982473925,0.00917983048926983,0.009092576200469613,0.018272406689739444,-0.22932588492454042,-1.2484505000000057,0 days 12:35:00
5m,DEVELOPMENT,42,CLOSED,BTCUSDT,LONG,2024-01-17 11:35:00+00:00,2024-01-17 11:40:00+00:00,42823.08,42844.49154,2024-01-17 12:35:00+00:00,42416.0466246,42394.8386012877,0.00042338567617165423,18.13974402089362,0.1813974402089362,42416.0466246,43701.3813708,SL,-0.17233210086816067,0.01813974402089362,0.01794936740739434,0.00906533934077683,0.008979173290341445,0.018044512631118274,-0.2264657249275669,-1.2484505000000021,0 days 00:55:00
5m,DEVELOPMENT,43,CLOSED,BTCUSDT,LONG,2024-01-17 19:20:00+00:00,2024-01-17 19:25:00+00:00,42662.32,42683.651159999994,2024-01-18 16:35:00+00:00,42256.814648399995,42235.6862410758,0.0004196806985490203,17.913504535451498,0.179135045354515,42256.814648399995,43537.32418319999,SL,-0.17018276922485592,0.0179135045354515,0.017725502305351935,0.008952276129658515,0.00886718474504792,0.017819460874706435,-0.22364123694036578,-1.2484504999999937,0 days 21:10:00
5m,DEVELOPMENT,44,CLOSED,BTCUSDT,LONG,2024-01-19 05:35:00+00:00,2024-01-19 05:40:00+00:00,41193.18,41213.77659,2024-01-19 15:25:00+00:00,40801.6388241,40781.238004687955,0.00042922751031320257,17.690086716330253,0.17690086716330253,40801.6388241,42038.0521218,SL,-0.16806024411665987,0.017690086716330253,0.01750442925624237,0.008840623046642241,0.00875659292458218,0.01759721597122442,-0.22085197606045695,-1.2484504999999906,0 days 09:45:00
5m,DEVELOPMENT,45,CLOSED,BTCUSDT,LONG,2024-01-19 18:25:00+00:00,2024-01-19 18:30:00+00:00,41343.35,41364.021674999996,2024-01-19 20:10:00+00:00,42191.3021085,42170.206457445754,0.00042233454737243016,17.469455371614515,0.17469455371614515,40950.38145825,42191.3021085,TP,0.3581194699368459,0.017469455371614515,0.017809935056807284,0.008730362504554041,0.008909422239521517,0.017639784744075557,0.30520029476434857,1.74705100000002,0 days 01:40:00
5m,DEVELOPMENT,46,CLOSED,BTCUSDT,LONG,2024-01-19 20:10:00+00:00,2024-01-19 20:15:00+00:00,42162.85,42183.931424999995,2024-01-19 20:55:00+00:00,41762.092110749996,41741.211064694624,0.00042135358584538334,17.7743507709795,0.177743507709795,41762.092110749996,43027.61005349999,SL,-0.1688607736913155,0.0177743507709795,0.01758780895963807,0.008882734018479107,0.008798303631633708,0.017681037650112814,-0.22190397107204587,-1.2484504999999912,0 days 00:40:00
5m,DEVELOPMENT,47,CLOSED,BTCUSDT,LONG,2024-01-19 21:40:00+00:00,2024-01-19 21:45:00+00:00,41699.53,41720.379765,2024-01-22 01:20:00+00:00,41303.17596735,41282.524379366325,0.0004207216852067463,17.55266848219624,0.1755266848219624,41303.17596735,42554.7873603,SL,-0.166754736554998,0.017552668482196238,0.017368453226475587,0.008771948266964227,0.008688570898686456,0.01746051916565068,-0.21913637742932052,-1.248450499999995,2 days 03:35:00
5m,DEVELOPMENT,48,CLOSED,BTCUSDT,LONG,2024-01-22 13:05:00+00:00,2024-01-22 13:10:00+00:00,41135.87,41156.437935,2024-01-22 14:15:00+00:00,40744.87355565,40724.501118872184,0.00042116742584969986,17.33375102222689,0.1733375102222689,40744.87355565,41979.566693700006,SL,-0.16467496598327466,0.01733375102222689,0.01715183330524862,0.008662544238993578,0.008580206756000006,0.01724275099499358,-0.21640330130574376,-1.2484504999999828,0 days 01:05:00
5m,DEVELOPMENT,49,CLOSED,BTCUSDT,LONG,2024-01-23 02:30:00+00:00,2024-01-23 02:35:00+00:00,40040.01,40060.030005,2024-01-23 08:10:00+00:00,39659.42970495,39639.59999009753,0.00042729783042845564,17.117563908035336,0.17117563908035335,39659.42970495,40861.2306051,SL,-0.16262113437868658,0.017117563908035337,0.016937915074820505,0.00855450470166619,0.008473194134476437,0.017027698836142628,-0.21370431219768504,-1.2484504999999904,0 days 05:35:00
5m,DEVELOPMENT,50,CLOSED,BTCUSDT,LONG,2024-01-23 15:40:00+00:00,2024-01-23 15:45:00+00:00,39290.7,39310.345349999996,2024-01-24 00:45:00+00:00,40096.552256999996,40076.5039808715,0.00043001588859506245,16.90407308665903,0.1690407308665903,38917.241896499996,40096.552256999996,TP,0.34652927437019104,0.01690407308665903,0.017233533471118015,0.008447812637010525,0.008621077274193855,0.01706888991120438,0.29532277790120964,1.747051000000013,0 days 09:00:00
5m,DEVELOPMENT,51,CLOSED,BTCUSDT,LONG,2024-01-24 00:45:00+00:00,2024-01-24 00:50:00+00:00,40099.21,40119.259605,2024-01-24 02:00:00+00:00,39718.06700895,39698.207975445526,0.0004286993580177286,17.19910083681009,0.17199100836810088,39718.06700895,40921.6447971,SL,-0.1633957555760923,0.01719910083681009,0.01701859627352777,0.008595252792009107,0.008513554914219658,0.017108807706228767,-0.21472226039265893,-1.2484504999999952,0 days 01:10:00
5m,DEVELOPMENT,52,CLOSED,BTCUSDT,LONG,2024-01-24 02:20:00+00:00,2024-01-24 02:25:00+00:00,39840.86,39860.78043,2024-01-26 10:40:00+00:00,40657.9960386,40637.6670405807,0.00042609785611189737,16.984593084170076,0.16984593084170077,39462.1726257,40657.9960386,TP,0.3481799141992292,0.016984593084170076,0.01731562280338055,0.008488052515826402,0.008662142472926885,0.017150194988753288,0.29672950332292536,1.747051000000007,2 days 08:15:00
5m,DEVELOPMENT,53,CLOSED,BTCUSDT,LONG,2024-01-26 10:40:00+00:00,2024-01-26 10:45:00+00:00,40642.0,40662.320999999996,2024-01-26 12:25:00+00:00,41475.56742,41454.82963629,0.0004249886806614593,17.281026154422747,0.1728102615442275,40255.69779,41475.56742,TP,0.35425671806817627,0.017281026154422747,0.017617833354172448,0.00863619497971993,0.008813323338755326,0.017449518318475257,0.3019083402411058,1.7470510000000095,0 days 01:40:00
5m,DEVELOPMENT,54,CLOSED,BTCUSDT,LONG,2024-01-26 12:25:00+00:00,2024-01-26 12:30:00+00:00,41467.67,41488.403835,2024-01-26 13:45:00+00:00,41073.51979665,41052.98303675168,0.00042379632048166377,17.582632887930348,0.1758263288793035,41073.51979665,42318.171911699996,SL,-0.16703940589682958,0.017582632887930348,0.01739810315577152,0.008786922982473551,0.008703403279523902,0.017490326261997452,-0.2195104682025289,-1.2484504999999886,0 days 01:15:00
5m,DEVELOPMENT,55,CLOSED,BTCUSDT,LONG,2024-01-26 14:15:00+00:00,2024-01-26 14:20:00+00:00,41282.61,41303.251305,2024-01-26 18:10:00+00:00,42129.316331099995,42108.25167293445,0.00042038680157857,17.363341710904844,0.17363341710904845,40890.21879195,42129.316331099995,TP,0.35594416640745247,0.017363341710904846,0.017701753240850382,0.008677332189356641,0.008855304272559601,0.017532636461916242,0.30334643499378094,1.7470510000000044,0 days 03:50:00
5m,DEVELOPMENT,56,CLOSED,BTCUSDT,LONG,2024-01-26 18:35:00+00:00,2024-01-26 18:40:00+00:00,42131.5,42152.565749999994,2024-01-27 00:45:00+00:00,41731.04009249999,41710.17457245375,0.00041910580739695617,17.66638510250703,0.1766638510250703,41731.04009249999,42995.617065,SL,-0.16783507286290117,0.01766638510250703,0.01748097639085622,0.008828778162170038,0.008744860625739037,0.017573638787909074,-0.2205560731441735,-1.2484504999999941,0 days 06:05:00
5m,DEVELOPMENT,57,CLOSED,BTCUSDT,LONG,2024-01-27 05:05:00+00:00,2024-01-27 05:10:00+00:00,41876.66,41897.59833,2024-01-27 08:55:00+00:00,41478.6223467,41457.883035526655,0.00041639736071956044,17.446049365100265,0.17446049365100266,41478.6223467,42735.5502966,SL,-0.16574182830112813,0.017446049365100264,0.01726295307701354,0.008718665349874038,0.008635794435723479,0.017354459785597517,-0.21780529052883946,-1.2484504999999906,0 days 03:45:00
5m,DEVELOPMENT,58,CLOSED,BTCUSDT,LONG,2024-01-27 10:40:00+00:00,2024-01-27 10:45:00+00:00,41772.07,41792.956034999996,2024-01-28 04:55:00+00:00,42628.815155699995,42607.50074812215,0.0004122336225235199,17.228461662274253,0.17228461662274253,41375.026474649996,42628.815155699995,TP,0.35317915911368597,0.017228461662274253,0.017564244380071977,0.008609925868201335,0.008786515447758759,0.017396441315960093,0.30099001175537965,1.7470510000000041,0 days 18:10:00
5m,DEVELOPMENT,59,CLOSED,BTCUSDT,LONG,2024-01-28 04:55:00+00:00,2024-01-28 05:00:00+00:00,42720.33,42741.690165,2024-01-28 06:45:00+00:00,42314.27326335,42293.11612671833,0.0004101183391914937,17.5291509847072,0.175291509847072,42314.27326335,43596.5239683,SL,-0.1665313144524172,0.0175291509847072,0.0173451825451227,0.008760195394655548,0.008676929737428491,0.01743712513208404,-0.21884277311433115,-1.2484504999999952,0 days 01:45:00
5m,DEVELOPMENT,60,CLOSED,BTCUSDT,LONG,2024-01-28 07:10:00+00:00,2024-01-28 07:15:00+00:00,42467.24,42488.47362,2024-01-28 18:15:00+00:00,42063.588883799996,42042.557089358095,0.00040741700891776684,17.31052683574184,0.1731052683574184,42063.588883799996,43338.2430924,SL,-0.16445433040852292,0.01731052683574184,0.01712885285660073,0.008650937948896091,0.008568710783692323,0.017219648732588414,-0.21611335883345392,-1.2484505000000041,0 days 11:00:00
5m,DEVELOPMENT,61,CLOSED,BTCUSDT,LONG,2024-01-29 00:25:00+00:00,2024-01-29 00:30:00+00:00,41978.44,41999.42922,2024-01-29 16:20:00+00:00,42839.4178044,42817.9980954978,0.0004070205165128613,17.09462937436976,0.1709462937436976,41579.4349278,42839.4178044,TP,0.3504356306529963,0.01709462937436976,0.017427803700876227,0.008543043165600386,0.008718260980927837,0.017261304146528225,0.2986518934312221,1.7470510000000086,0 days 15:50:00
5m,DEVELOPMENT,62,CLOSED,BTCUSDT,LONG,2024-01-29 16:20:00+00:00,2024-01-29 16:25:00+00:00,42992.57,43014.066285,2024-01-30 12:20:00+00:00,43874.3476107,43852.41043689466,0.00040435570073797986,17.39298291426109,0.1739298291426109,42583.92562215,43874.3476107,TP,0.3565518036696612,0.01739298291426109,0.01773197215126004,0.008692145384438762,0.008870421286271166,0.017562566670709927,0.3038642819334301,1.747051000000015,0 days 19:55:00
5m,DEVELOPMENT,63,CLOSED,BTCUSDT,LONG,2024-01-30 12:20:00+00:00,2024-01-30 12:25:00+00:00,43778.01,43799.899005,2024-01-30 12:30:00+00:00,43361.90001495,43340.219064942525,0.00040403160823391745,17.69654363547331,0.1769654363547331,43361.90001495,44675.8969851,SL,-0.1681215864619441,0.01769654363547331,0.017510818410019016,0.008843849892789156,0.008759789099558952,0.017603638992348108,-0.22093258749978456,-1.248450499999999,0 days 00:05:00
5m,DEVELOPMENT,64,CLOSED,BTCUSDT,LONG,2024-01-30 13:05:00+00:00,2024-01-30 13:10:00+00:00,43441.33,43463.050665,2024-01-30 23:25:00+00:00,43028.42015835,43006.90594827083,0.00040208479369171655,17.47583175984915,0.1747583175984915,43028.42015835,44332.3116783,SL,-0.1660247684931189,0.01747583175984915,0.017292422905529535,0.008733549105372185,0.008650536721123672,0.01738408582649586,-0.21817710898499346,-1.2484504999999881,0 days 10:15:00
5m,DEVELOPMENT,65,CLOSED,BTCUSDT,LONG,2024-01-31 05:45:00+00:00,2024-01-31 05:50:00+00:00,43041.09,43062.610544999996,2024-01-31 09:55:00+00:00,42631.98443955,42610.66844733022,0.0004007623409635068,17.257872610013994,0.17257872610013994,42631.98443955,43923.862755899994,SL,-0.16395410210712935,0.017257872610013995,0.017076751236971898,0.008624623993010252,0.00854264694195643,0.017167270934966682,-0.2154559968890819,-1.248450499999995,0 days 04:05:00
5m,DEVELOPMENT,66,CLOSED,BTCUSDT,LONG,2024-01-31 14:30:00+00:00,2024-01-31 14:35:00+00:00,42869.22,42890.65461,2024-01-31 21:20:00+00:00,42461.7480639,42440.51718986805,0.0003973507051558859,17.042631853881048,0.1704263185388105,42461.7480639,43748.467702199996,SL,-0.16190926114057008,0.017042631853881048,0.016863769432574567,0.008517057398240057,0.008436102767670919,0.016953160165910974,-0.21276882259293667,-1.2484504999999968,0 days 06:45:00
5m,DEVELOPMENT,67,CLOSED,BTCUSDT,LONG,2024-02-01 07:25:00+00:00,2024-02-01 07:30:00+00:00,42234.9,42256.01745,2024-02-01 17:25:00+00:00,43101.137799000004,43079.58723010051,0.000398288258174563,16.83007558755444,0.1683007558755444,41833.4572755,43101.137799000004,TP,0.3450123441286781,0.01683007558755444,0.017158093760755878,0.008410832377587595,0.008583338549651284,0.01699417092723888,0.2940300038531289,1.7470510000000188,0 days 09:55:00
5m,DEVELOPMENT,68,CLOSED,BTCUSDT,LONG,2024-02-01 17:25:00+00:00,2024-02-01 17:30:00+00:00,43096.0,43117.547999999995,2024-02-02 13:45:00+00:00,42686.37252,42665.02933374,0.00039714252431840484,17.123811855139987,0.17123811855139986,42686.37252,43979.89896,SL,-0.16268049143738803,0.017123811855139986,0.016944097449720294,0.008557627114011092,0.008476286868293225,0.01703391398230432,-0.2137823147245526,-1.2484504999999892,0 days 20:15:00
5m,DEVELOPMENT,69,CLOSED,BTCUSDT,LONG,2024-02-02 15:55:00+00:00,2024-02-02 16:00:00+00:00,43242.1,43263.72104999999,2024-02-02 18:05:00+00:00,42831.083839499996,42809.66829758025,0.0003908642784012545,16.910243109161414,0.16910243109161413,42831.083839499996,44128.995470999995,SL,-0.16065153498508788,0.016910243109161414,0.016732770107730766,0.00845089610652521,0.008370570339034373,0.016821466445559582,-0.21111601464753968,-1.248450499999991,0 days 02:05:00
5m,DEVELOPMENT,70,CLOSED,BTCUSDT,LONG,2024-02-02 22:20:00+00:00,2024-02-02 22:25:00+00:00,43109.94,43131.49497,2024-02-04 19:05:00+00:00,42700.1800203,42678.82993028985,0.000387172714769998,16.699337999623413,0.16699337999623415,42700.1800203,43994.1248694,SL,-0.15864788374454836,0.016699337999623413,0.016524078447317365,0.008345496251684861,0.00826617230981354,0.0166116685614984,-0.20848296875298755,-1.2484504999999941,1 days 20:40:00
5m,DEVELOPMENT,71,CLOSED,BTCUSDT,LONG,2024-02-04 21:30:00+00:00,2024-02-04 21:35:00+00:00,42899.99,42921.43999499999,2024-02-04 22:35:00+00:00,42492.22559505,42470.97948225247,0.00038421505213910725,16.491063305564484,0.16491063305564485,42492.22559505,43779.868794899994,SL,-0.1566692221083368,0.016491063305564484,0.01631798959617259,0.008241410947306821,0.008163076336254694,0.016404487283561517,-0.2058827622936354,-1.2484504999999941,0 days 01:00:00
5m,DEVELOPMENT,72,CLOSED,BTCUSDT,LONG,2024-02-05 03:50:00+00:00,2024-02-05 03:55:00+00:00,42674.74,42696.07737,2024-02-05 13:35:00+00:00,43549.9989174,43528.2239179413,0.00038142581762789374,16.28538622035606,0.1628538622035606,42269.1165963,43549.9989174,TP,0.333846348205401,0.01628538622035606,0.0166027883977908,0.008138623798279312,0.008305546972381329,0.01644417077066064,0.28451400281659345,1.7470510000000044,0 days 09:40:00
5m,DEVELOPMENT,73,CLOSED,BTCUSDT,LONG,2024-02-05 13:35:00+00:00,2024-02-05 13:40:00+00:00,43481.11,43502.850555,2024-02-05 15:00:00+00:00,43067.82204945,43046.288138425276,0.00038088575304854786,16.569615993399612,0.1656961599339961,43067.82204945,44372.907566099995,SL,-0.15741549227112864,0.016569615993399612,0.016395717873548887,0.008280667662867105,0.008201959916731791,0.016482627579598896,-0.20686345371767603,-1.2484504999999917,0 days 01:20:00
5m,DEVELOPMENT,74,CLOSED,BTCUSDT,LONG,2024-02-05 23:50:00+00:00,2024-02-05 23:55:00+00:00,42713.69,42735.046845,2024-02-07 17:35:00+00:00,43589.7477819,43567.95290800905,0.0003828932083736168,16.362959196478858,0.16362959196478857,42307.69637655,43589.7477819,TP,0.3354365748323635,0.016362959196478857,0.016681873271218235,0.008177390902786042,0.008345109190203146,0.016522500092989188,0.28586924227167726,1.7470510000000086,1 days 17:40:00
5m,DEVELOPMENT,75,CLOSED,BTCUSDT,LONG,2024-02-07 17:35:00+00:00,2024-02-07 17:40:00+00:00,43686.33,43708.173165,2024-02-08 00:25:00+00:00,44582.3366283,44560.04545998585,0.00038090228095882773,16.648542855091925,0.16648542855091925,43271.09143335,44582.3366283,TP,0.3412909684736977,0.016648542855091927,0.016973022955337664,0.008320111371859425,0.00849075685609693,0.016810868227956355,0.2908585344353118,1.7470509999999986,0 days 06:45:00
5m,DEVELOPMENT,76,CLOSED,BTCUSDT,LONG,2024-02-08 00:25:00+00:00,2024-02-08 00:30:00+00:00,44497.54,44519.78877,2024-02-08 15:20:00+00:00,45410.1845454,45387.4794531273,0.0003804849773450704,16.939110821560767,0.16939110821560768,44074.5908823,45410.1845454,TP,0.3472475391806205,0.016939110821560768,0.017269254091472987,0.008465322749405046,0.008638946518995765,0.01710426926840081,0.29593490499918595,1.747051000000002,0 days 14:50:00
5m,DEVELOPMENT,77,CLOSED,BTCUSDT,LONG,2024-02-08 15:20:00+00:00,2024-02-08 15:25:00+00:00,45311.46,45334.11573,2024-02-09 02:55:00+00:00,46240.7980446,46217.6776455777,0.0003801717494599563,17.234750087294223,0.17234750087294223,44880.7745727,46240.7980446,TP,0.3533080702552773,0.017234750087294224,0.017570655366495585,0.008613068509391877,0.008789722544520153,0.01740279105391203,0.3010998737475754,1.7470510000000046,0 days 11:30:00
5m,DEVELOPMENT,78,CLOSED,BTCUSDT,LONG,2024-02-09 02:55:00+00:00,2024-02-09 03:00:00+00:00,46285.22,46308.36261,2024-02-09 11:50:00+00:00,47234.5298622,47210.9125972689,0.000378669168453398,17.535549161967126,0.17535549161967126,45845.278983899996,47234.5298622,TP,0.35947437612388233,0.017535549161967125,0.017877317015133867,0.008763392884539523,0.00894313007260227,0.017706522957141792,0.3063549869896396,1.7470510000000075,0 days 08:50:00
5m,DEVELOPMENT,79,CLOSED,BTCUSDT,LONG,2024-02-09 11:50:00+00:00,2024-02-09 11:55:00+00:00,47277.29,47300.928645,2024-02-09 14:20:00+00:00,46827.919358549996,46804.50539887072,0.0003771934000265063,17.841598100018714,0.17841598100018716,46827.919358549996,48246.9472179,SL,-0.16949964012061938,0.017841598100018716,0.01765435052795902,0.008916340879569228,0.008831591059508823,0.017747931939078053,-0.22274352068767514,-1.2484505000000055,0 days 02:25:00
5m,DEVELOPMENT,80,CLOSED,BTCUSDT,LONG,2024-02-09 15:25:00+00:00,2024-02-09 15:30:00+00:00,47191.99,47215.585994999994,2024-02-09 18:20:00+00:00,48159.89771489999,48135.81776604254,0.00037316230920434926,17.61907710033073,0.17619077100330732,46743.430135049995,48159.89771489999,TP,0.3611866779887864,0.01761907710033073,0.017962472913016177,0.0088051359821728,0.008985729321168104,0.017790865303340904,0.30781426267209855,1.747050999999997,0 days 02:50:00
5m,DEVELOPMENT,81,CLOSED,BTCUSDT,LONG,2024-02-09 18:20:00+00:00,2024-02-09 18:25:00+00:00,48126.08,48150.14304,2024-02-09 18:55:00+00:00,47668.6416096,47644.80728879521,0.00037230593149753836,17.926583856246914,0.17926583856246914,47668.6416096,49113.1459008,SL,-0.17030702604060613,0.017926583856246913,0.017738444358675606,0.008958812521862864,0.00887365900884052,0.017832471530703383,-0.22380452578623203,-1.2484504999999897,0 days 00:30:00
5m,DEVELOPMENT,82,CLOSED,BTCUSDT,LONG,2024-02-09 20:50:00+00:00,2024-02-09 20:55:00+00:00,47639.63,47663.44981499999,2024-02-09 22:40:00+00:00,47186.81531684999,47163.22190919157,0.00037141673504787474,17.703002911405527,0.17703002911405527,47186.81531684999,48616.718811299994,SL,-0.16818295119731286,0.017703002911405526,0.017517209895850327,0.008847077916742642,0.00876298644114519,0.017610064357887832,-0.22101322836245654,-1.2484504999999981,0 days 01:45:00
5m,DEVELOPMENT,83,CLOSED,BTCUSDT,LONG,2024-02-10 03:00:00+00:00,2024-02-10 03:05:00+00:00,47330.39,47354.05519499999,2024-02-10 10:50:00+00:00,46880.514643049995,46857.074385728476,0.00036918085269548165,17.482210475479,0.17482210475479001,46880.514643049995,48301.1362989,SL,-0.16608536788548667,0.017482210475479,0.01729873467653885,0.00873673686930268,0.008653694185360007,0.01739043105466269,-0.21825674409216722,-1.2484504999999844,0 days 07:45:00
5m,DEVELOPMENT,84,CLOSED,BTCUSDT,LONG,2024-02-10 13:45:00+00:00,2024-02-10 13:50:00+00:00,47333.0,47356.6665,2024-02-11 03:35:00+00:00,48303.79983,48279.647930085004,0.0003645563137365722,17.26417177009222,0.17264171770092218,46883.099835,48303.79983,TP,0.35391120740089227,0.017264171770092217,0.01760065047789132,0.008627771999046352,0.008804727602746804,0.017432499601793154,0.30161388555111557,1.7470510000000103,0 days 13:45:00
5m,DEVELOPMENT,85,CLOSED,BTCUSDT,LONG,2024-02-11 03:35:00+00:00,2024-02-11 03:40:00+00:00,48293.98,48318.12699,2024-02-12 06:45:00+00:00,47834.9457201,47811.02824723995,0.0003635381881981009,17.565484343070356,0.17565484343070356,47834.9457201,49284.4895298,SL,-0.16687649043566824,0.017565484343070356,0.017381134584889834,0.008778352995035413,0.008694914749819206,0.01747326774485462,-0.21929637710848304,-1.248450499999997,1 days 03:05:00
5m,DEVELOPMENT,86,CLOSED,BTCUSDT,LONG,2024-02-12 07:25:00+00:00,2024-02-12 07:30:00+00:00,48355.68,48379.85784,2024-02-12 09:50:00+00:00,47896.0592616,47872.111231969204,0.0003585460523804979,17.34640704326168,0.17346407043261683,47896.0592616,49347.4549968,SL,-0.16479520134552983,0.01734640704326168,0.017164356501342654,0.008668869087086096,0.00858647148641297,0.01725534057349907,-0.21656130546363322,-1.2484504999999857,0 days 02:20:00
5m,DEVELOPMENT,87,CLOSED,BTCUSDT,LONG,2024-02-12 14:10:00+00:00,2024-02-12 14:15:00+00:00,48109.2,48133.25459999999,2024-02-12 15:10:00+00:00,49095.919691999996,49071.371732153995,0.0003558882985394167,17.13006208275855,0.1713006208275855,47651.922053999995,49095.919691999996,TP,0.35116199232121686,0.017130062082758548,0.017463926992751514,0.008560750666044774,0.008736331662207074,0.017297082328251848,0.299270920917455,1.7470510000000055,0 days 00:55:00
5m,DEVELOPMENT,88,CLOSED,BTCUSDT,LONG,2024-02-12 15:10:00+00:00,2024-02-12 15:15:00+00:00,49094.69,49119.237345,2024-02-12 17:25:00+00:00,50101.622091900004,50076.571280854056,0.0003548311206322342,17.42903403172704,0.1742903403172704,48628.04497155,50101.622091900004,TP,0.35729084256943755,0.017429034031727037,0.0177687259050054,0.00871016193489573,0.00888880735618031,0.017598969291076037,0.30449411334162907,1.7470510000000086,0 days 02:10:00
5m,DEVELOPMENT,89,CLOSED,BTCUSDT,LONG,2024-02-12 17:30:00+00:00,2024-02-12 17:35:00+00:00,50234.01,50259.127005,2024-02-12 18:35:00+00:00,49756.535734950005,49731.657467082536,0.0003528358929390292,17.733223955145252,0.17733223955145253,49756.535734950005,51264.309545100004,SL,-0.16847005866432258,0.017733223955145254,0.017547113769736007,0.008862180887129084,0.00877794585779472,0.017640126744923802,-0.22139052313412763,-1.2484504999999828,0 days 01:00:00
5m,DEVELOPMENT,90,CLOSED,BTCUSDT,LONG,2024-02-12 19:05:00+00:00,2024-02-12 19:10:00+00:00,49886.9,49911.84345,2024-02-13 13:35:00+00:00,49412.7250155,49388.01865299225,0.00035085970364744974,17.512054601364905,0.17512054601364907,49412.7250155,50910.080319,SL,-0.16636889453870454,0.017512054601364905,0.017328265588323583,0.008751651474944576,0.008668467027675583,0.01742011850262016,-0.2186293332310132,-1.2484505,0 days 18:25:00
5m,DEVELOPMENT,91,CLOSED,BTCUSDT,LONG,2024-02-13 19:20:00+00:00,2024-02-13 19:25:00+00:00,49085.89,49110.43294499999,2024-02-14 08:50:00+00:00,50092.641603899996,50067.595283098046,0.0003521378786952213,17.293643679056206,0.17293643679056206,48619.328615549995,50092.641603899996,TP,0.35451537417035645,0.017293643679056208,0.017630696794361012,0.008642500589231297,0.008819758276318687,0.017462258865549984,0.3021287748313892,1.7470510000000057,0 days 13:25:00
5m,DEVELOPMENT,92,CLOSED,BTCUSDT,LONG,2024-02-14 08:50:00+00:00,2024-02-14 08:55:00+00:00,50223.38,50248.491689999995,2024-02-14 09:10:00+00:00,51253.4615238,51227.8347930381,0.00035016913016000853,17.595470626939715,0.17595470626939716,49746.006773099994,51253.4615238,TP,0.360702751182942,0.017595470626939714,0.01793840634945877,0.008793338644147051,0.00897369001973863,0.01776702866388568,0.3074018455426578,1.747051000000007,0 days 00:15:00
5m,DEVELOPMENT,93,CLOSED,BTCUSDT,LONG,2024-02-14 09:10:00+00:00,2024-02-14 09:15:00+00:00,50964.01,50989.492005,2024-02-14 14:35:00+00:00,52009.2818451,51983.27720417745,0.000351103034640472,17.902565377731584,0.17902565377731583,50479.59708495,52009.2818451,TP,0.36699811683885414,0.017902565377731584,0.018251486376943574,0.008946809284222987,0.009130308342642043,0.01807711762686503,0.3127669474573139,1.747051000000003,0 days 05:20:00
5m,DEVELOPMENT,94,CLOSED,BTCUSDT,LONG,2024-02-14 14:35:00+00:00,2024-02-14 14:40:00+00:00,51761.1,51786.98054999999,2024-02-14 16:20:00+00:00,51269.110744499994,51243.476189127745,0.0003517297142495005,18.215019870695937,0.18215019870695937,51269.110744499994,52822.72016099999,SL,-0.17304724025084098,0.018215019870695938,0.018023853237152984,0.00910295845611794,0.009016434835994297,0.018119393292112235,-0.22740550665080211,-1.2484504999999964,0 days 01:40:00
5m,DEVELOPMENT,95,CLOSED,BTCUSDT,LONG,2024-02-14 16:30:00+00:00,2024-02-14 16:35:00+00:00,51621.71,51647.520854999995,2024-02-15 14:30:00+00:00,52680.471272099996,52654.13103646395,0.00034828083215986653,17.98784154237346,0.1798784154237346,51131.045646449995,52680.471272099996,TP,0.3687462569056258,0.01798784154237346,0.01833842457403432,0.008989426058156287,0.009173799186608964,0.01816322524476525,0.3142567655444527,1.74705100000001,0 days 21:55:00
5m,DEVELOPMENT,96,CLOSED,BTCUSDT,LONG,2024-02-15 14:30:00+00:00,2024-02-15 14:35:00+00:00,52763.98,52790.36199,2024-02-15 15:05:00+00:00,52262.458370099994,52236.327140914946,0.0003466879876399043,18.301784365095195,0.18301784365095194,52262.458370099994,53846.1692298,SL,-0.17387152462791913,0.018301784365095195,0.01810970713818352,0.009146319023034139,0.009059383260721476,0.018205702283755613,-0.22848871841495347,-1.2484505000000037,0 days 00:30:00
5m,DEVELOPMENT,97,CLOSED,BTCUSDT,LONG,2024-02-15 23:45:00+00:00,2024-02-15 23:50:00+00:00,51910.57,51936.525284999996,2024-02-17 13:25:00+00:00,51417.160032149994,51391.45145213392,0.00034799255067527766,18.0735239071382,0.180735239071382,51417.160032149994,52975.255790699994,SL,-0.17170299324073035,0.0180735239071382,0.017883842273732787,0.00903224583065251,0.008946394334032092,0.017978640164684603,-0.22563899958628597,-1.2484504999999977,1 days 13:35:00
5m,DEVELOPMENT,98,CLOSED,BTCUSDT,LONG,2024-02-17 19:10:00+00:00,2024-02-17 19:15:00+00:00,51306.65,51332.303325,2024-02-18 22:35:00+00:00,52358.9493915,52332.76991680425,0.00034769743738433573,17.848110321137916,0.17848110321137917,50818.98029175,52358.9493915,TP,0.3658818017856448,0.017848110321137915,0.018195969991296895,0.008919595362887275,0.009102536263778856,0.018022131626666132,0.31181558984654384,1.7470510000000037,1 days 03:20:00
5m,DEVELOPMENT,99,CLOSED,BTCUSDT,LONG,2024-02-18 23:15:00+00:00,2024-02-18 23:20:00+00:00,52336.01,52362.178005,2024-02-19 16:50:00+00:00,51838.55622495,51812.63694683753,0.0003468078506047755,18.1596144068987,0.18159614406898703,51838.55622495,53409.421565100005,SL,-0.17252087450032275,0.0181596144068987,0.0179690292536983,0.009075269568664859,0.008989009131414151,0.01806427870007901,-0.22671379686099877,-1.2484504999999992,0 days 17:30:00
5m,DEVELOPMENT,100,CLOSED,BTCUSDT,LONG,2024-02-20 04:40:00+00:00,2024-02-20 04:45:00+00:00,51816.24,51842.14812,2024-02-20 13:35:00+00:00,52878.991082399996,52852.5515868588,0.00034591790170108517,17.933127097347256,0.17933127097347257,51323.7266388,52878.991082399996,TP,0.36762462445436445,0.017933127097347255,0.018282643744474556,0.008962082507419937,0.009145894819646753,0.01810797732706669,0.313300876285476,1.7470509999999986,0 days 08:50:00
5m,DEVELOPMENT,101,CLOSED,BTCUSDT,LONG,2024-02-20 13:35:00+00:00,2024-02-20 13:40:00+00:00,52899.98,52926.42999,2024-02-20 14:05:00+00:00,52397.165690099995,52370.967107254946,0.0003447448654517561,18.246114985744338,0.18246114985744338,52397.165690099995,53984.9585898,SL,-0.1733426516136959,0.018246114985744338,0.018054622008968953,0.009118498243748125,0.009031826917943036,0.018150325161691162,-0.22779371377010033,-1.248450500000001,0 days 00:25:00
5m,DEVELOPMENT,102,CLOSED,BTCUSDT,LONG,2024-02-20 19:45:00+00:00,2024-02-20 19:50:00+00:00,51983.77,52009.76188499999,2024-02-21 07:05:00+00:00,51489.66426614999,51463.91943401692,0.00034644551686206716,18.018548838121863,0.18018548838121862,51489.66426614999,53049.95712269999,SL,-0.17118071634817533,0.018018548838121862,0.017829444168065773,0.009004772033042962,0.008919181674869957,0.01792395370791292,-0.2249526630622759,-1.2484504999999964,0 days 11:15:00
5m,DEVELOPMENT,103,CLOSED,BTCUSDT,LONG,2024-02-21 16:40:00+00:00,2024-02-21 16:45:00+00:00,51273.08,51298.71654,2024-02-21 19:00:00+00:00,50785.7293746,50760.336509912704,0.0003468667854315623,17.793820902994714,0.17793820902994714,50785.7293746,52324.690870800005,SL,-0.16904574481056023,0.017793820902994716,0.017607074752617788,0.008892464219387495,0.008807941346980827,0.017700405566368323,-0.2221470460325411,-1.2484504999999948,0 days 02:15:00
5m,DEVELOPMENT,104,CLOSED,BTCUSDT,LONG,2024-02-21 21:25:00+00:00,2024-02-21 21:30:00+00:00,51316.0,51341.657999999996,2024-02-23 14:45:00+00:00,50828.24142,50802.82729929,0.00034225415513622657,17.571895782083086,0.17571895782083086,50828.24142,52368.49116,SL,-0.1669374007083461,0.017571895782083086,0.01738747873585013,0.008781557112483867,0.008698088412129929,0.017479645524613795,-0.21937642075089314,-1.2484504999999884,1 days 17:15:00
5m,DEVELOPMENT,105,CLOSED,BTCUSDT,LONG,2024-02-23 17:40:00+00:00,2024-02-23 17:45:00+00:00,51172.9,51198.48645,2024-02-23 23:05:00+00:00,50686.501585499995,50661.158334707245,0.0003389306934989615,17.352738518595682,0.17352738518595684,50686.501585499995,52222.456179,SL,-0.16485535194328263,0.017352738518595683,0.017170621527843023,0.00867203324267489,0.008589605566704878,0.017261638809379767,-0.2166403507991011,-1.248450500000004,0 days 05:20:00
5m,DEVELOPMENT,106,CLOSED,BTCUSDT,LONG,2024-02-24 04:05:00+00:00,2024-02-24 04:10:00+00:00,50857.43,50882.858714999995,2024-02-25 20:10:00+00:00,51900.5158893,51874.56563135535,0.00033677971372846164,17.13631459172346,0.1713631459172346,50374.03012785,51900.5158893,TP,0.3512901671926507,0.017136314591723458,0.01747030136311615,0.008563875358180805,0.008739520441778597,0.017303395799959403,0.29938015543785174,1.7470510000000066,1 days 16:00:00
5m,DEVELOPMENT,107,CLOSED,BTCUSDT,LONG,2024-02-25 20:10:00+00:00,2024-02-25 20:15:00+00:00,51900.0,51925.95,2024-02-26 03:05:00+00:00,51406.6905,51380.98715475,0.0003357742259137666,17.435395666086947,0.17435395666086947,51406.6905,52964.469,SL,-0.16564061549840825,0.01743539566608695,0.017252411188571366,0.008713341162461266,0.008630520854711813,0.017343862017173077,-0.21767228437023967,-1.2484504999999932,0 days 06:50:00
5m,DEVELOPMENT,108,CLOSED,BTCUSDT,LONG,2024-02-26 13:25:00+00:00,2024-02-26 13:30:00+00:00,51411.09,51436.79554499999,2024-02-26 15:30:00+00:00,52465.531455899996,52439.29869017205,0.00033473976467843843,17.217940836546248,0.17217940836546247,50922.427589549996,52465.531455899996,TP,0.35296348481515594,0.017217940836546246,0.01755351850345054,0.00860466808423003,0.008781149826637136,0.017385817910867164,0.30080620756429194,1.7470510000000137,0 days 02:00:00
5m,DEVELOPMENT,109,CLOSED,BTCUSDT,LONG,2024-02-26 15:30:00+00:00,2024-02-26 15:35:00+00:00,52585.54,52611.83277,2024-02-26 19:10:00+00:00,53664.069425400005,53637.23739068731,0.0003329754090680137,17.51844653840868,0.1751844653840868,52085.7144423,53664.069425400005,TP,0.359123776614456,0.01751844653840868,0.017859881061442266,0.008754845846281204,0.008934407734586331,0.017689253580867537,0.3060561954337375,1.7470510000000188,0 days 03:35:00
5m,DEVELOPMENT,110,CLOSED,BTCUSDT,LONG,2024-02-26 19:10:00+00:00,2024-02-26 19:15:00+00:00,53821.06,53847.97052999999,2024-02-27 01:40:00+00:00,54924.92994059999,54897.467475629695,0.00033100963338009447,17.824196983397428,0.17824196983397428,53309.49082469999,54924.92994059999,TP,0.3653915843373107,0.01782419698339743,0.018171590582603845,0.008907644669361963,0.009090340461531506,0.01799798513089347,0.31139781164041597,1.7470510000000077,0 days 06:25:00
5m,DEVELOPMENT,111,CLOSED,BTCUSDT,LONG,2024-02-27 01:40:00+00:00,2024-02-27 01:45:00+00:00,55100.01,55127.560005,2024-02-27 02:05:00+00:00,56230.1112051,56201.996149497456,0.000328969461131022,18.13528370831293,0.1813528370831293,54576.28440495,56230.1112051,TP,0.3717687844652655,0.01813528370831293,0.018488740387787955,0.009063110299006083,0.009248994691238249,0.018312104990244334,0.3168326553789203,1.7470510000000121,0 days 00:20:00
5m,DEVELOPMENT,112,CLOSED,BTCUSDT,LONG,2024-02-27 02:05:00+00:00,2024-02-27 02:10:00+00:00,56566.57,56594.853285,2024-02-27 03:50:00+00:00,56028.904752149996,56000.89029977392,0.0003260331775158628,18.451799847552614,0.18451799847552613,56028.904752149996,57726.7503507,SL,-0.1752967091963906,0.018451799847552616,0.01825814820815255,0.009221289279135991,0.009133640924538706,0.018354930203674697,-0.23036158745577048,-1.2484505000000035,0 days 01:40:00
5m,DEVELOPMENT,113,CLOSED,BTCUSDT,LONG,2024-02-27 04:20:00+00:00,2024-02-27 04:25:00+00:00,55930.01,55957.975005,2024-02-27 12:30:00+00:00,57077.1345051,57048.59593784746,0.0003256313043837753,18.221668391552846,0.18221668391552848,55398.39525495,57077.1345051,TP,0.37353964888630586,0.018221668391552846,0.018576808708504214,0.009106281055248211,0.009293050879690144,0.018399331934938354,0.3183418398513104,1.7470510000000137,0 days 08:05:00
5m,DEVELOPMENT,114,CLOSED,BTCUSDT,LONG,2024-02-27 12:30:00+00:00,2024-02-27 12:35:00+00:00,57054.66,57083.18733,2024-02-27 16:05:00+00:00,56512.3554567,56484.099278971655,0.0003247837598907973,18.53969220758812,0.1853969220758812,56512.3554567,58224.8510766,SL,-0.1761317085788359,0.01853969220758812,0.018345118137869487,0.009265213497044617,0.00917714764275551,0.018442361139800127,-0.23145888006409363,-1.248450499999993,0 days 03:30:00
5m,DEVELOPMENT,115,CLOSED,BTCUSDT,LONG,2024-02-27 17:05:00+00:00,2024-02-27 17:10:00+00:00,57199.48,57228.07974,2024-02-27 21:50:00+00:00,56655.7989426,56627.4710431287,0.0003199210009903513,18.308464555176442,0.18308464555176443,56655.7989426,58372.6413348,SL,-0.17393498810290212,0.018308464555176443,0.018116317219669865,0.009149657448863096,0.009062689954811189,0.018212347403674285,-0.2285721172814227,-1.248450499999998,0 days 04:40:00
5m,DEVELOPMENT,116,CLOSED,BTCUSDT,LONG,2024-02-27 23:25:00+00:00,2024-02-27 23:30:00+00:00,57051.32,57079.84566,2024-02-28 07:50:00+00:00,58221.4425732,58192.331851913405,0.00031675139574420026,18.08012078166853,0.1808012078166853,56509.0472034,58221.4425732,TP,0.3706379582528958,0.01808012078166853,0.018432502335703253,0.009035542619524292,0.009220861598650081,0.01825640421817437,0.31586893091734963,1.74705100000001,0 days 08:20:00
5m,DEVELOPMENT,117,CLOSED,BTCUSDT,LONG,2024-02-28 07:50:00+00:00,2024-02-28 07:55:00+00:00,58275.86,58304.99793,2024-02-28 08:55:00+00:00,59471.0978886,59441.3623396557,0.0003155076719373849,18.395674159208344,0.18395674159208344,57721.9479507,59471.0978886,TP,0.3771067236435416,0.018395674159208345,0.018754205848571317,0.009193240459373583,0.009381793821196195,0.01857503428056978,0.32138180935519217,1.7470510000000066,0 days 01:00:00
5m,DEVELOPMENT,118,CLOSED,BTCUSDT,LONG,2024-02-28 08:55:00+00:00,2024-02-28 09:00:00+00:00,59448.42,59478.14421,2024-02-28 09:20:00+00:00,58883.3627679,58853.92108651605,0.0003146825637621039,18.716734907814935,0.18716734907814936,58883.3627679,60667.7070942,SL,-0.17781365846954617,0.018716734907814937,0.01852030277495742,0.009353690608603265,0.009264783779368043,0.018618474387971307,-0.23366917054028985,-1.2484504999999986,0 days 00:20:00
5m,DEVELOPMENT,119,CLOSED,BTCUSDT,LONG,2024-02-28 09:45:00+00:00,2024-02-28 09:50:00+00:00,59304.55,59334.202275,2024-02-28 11:50:00+00:00,58740.86025225,58711.48982212388,0.00031151171608145557,18.483299173009456,0.18483299173009457,58740.86025225,60520.8863205,SL,-0.17559596065912605,0.018483299173009456,0.018289316948188722,0.009237031070969359,0.009149233090639405,0.018386264161608764,-0.230754840941933,-1.248450500000003,0 days 02:00:00
5m,DEVELOPMENT,120,CLOSED,BTCUSDT,LONG,2024-02-28 12:10:00+00:00,2024-02-28 12:15:00+00:00,59176.46,59206.04822999999,2024-02-28 13:25:00+00:00,60390.16919459999,60359.974110002695,0.00030829240258489977,18.25277485638415,0.1825277485638415,58613.98774769999,60390.16919459999,TP,0.3741773236426154,0.01825277485638415,0.01860852143833508,0.009121826514932737,0.009308915176754978,0.018430741691687715,0.3188852856562085,1.7470510000000037,0 days 01:10:00
5m,DEVELOPMENT,121,CLOSED,BTCUSDT,LONG,2024-02-28 13:25:00+00:00,2024-02-28 13:30:00+00:00,60264.01,60294.142005,2024-02-28 16:25:00+00:00,61500.0248451,61469.27483267745,0.0003080123699874751,18.571341575321423,0.18571341575321423,59691.20058495,61500.0248451,TP,0.3807078617789525,0.018571341575321424,0.018933297022624442,0.00928103027252429,0.009471384203413317,0.018752414475937607,0.32445080870506904,1.747051000000002,0 days 02:55:00
5m,DEVELOPMENT,122,CLOSED,BTCUSDT,LONG,2024-02-28 16:25:00+00:00,2024-02-28 16:30:00+00:00,61408.88,61439.58443999999,2024-02-28 17:00:00+00:00,62668.376128799995,62637.0419407356,0.0003075455088046243,18.895468257344476,0.18895468257344475,60825.18859559999,62668.376128799995,TP,0.3873523777692499,0.018895468257344478,0.01926374093368012,0.009443012622359232,0.009636688811243514,0.01907970143360275,0.33011346714462253,1.7470510000000175,0 days 00:30:00
5m,DEVELOPMENT,123,CLOSED,BTCUSDT,LONG,2024-02-28 17:00:00+00:00,2024-02-28 17:05:00+00:00,62763.0,62794.381499999996,2024-02-28 17:25:00+00:00,62166.437685,62135.3544661575,0.00030616197630365446,19.225251940805638,0.19225251940805638,62166.437685,64050.26912999999,SL,-0.18264469734868413,0.019225251940805637,0.01902348292168688,0.009607822059371867,0.009516499710698009,0.019124321770069876,-0.2400177539812465,-1.248450499999994,0 days 00:20:00
5m,DEVELOPMENT,124,CLOSED,BTCUSDT,LONG,2024-02-28 22:25:00+00:00,2024-02-28 22:30:00+00:00,61349.98,61380.65499,2024-02-28 23:40:00+00:00,62608.2680898,62576.963955755105,0.0003093071256390709,18.985473964800395,0.18985473964800395,60766.8484401,62608.2680898,TP,0.38919747228191526,0.018985473964800395,0.019355500852374356,0.009487992985907096,0.009682591722047612,0.019170584707954706,0.3316859127567858,1.7470510000000044,0 days 01:10:00
5m,DEVELOPMENT,125,CLOSED,BTCUSDT,LONG,2024-02-29 01:35:00+00:00,2024-02-29 01:40:00+00:00,61414.83,61445.537415,2024-02-29 04:50:00+00:00,62674.4481633,62643.11093921836,0.0003143731723352685,19.316828522998986,0.19316828522998986,60831.08204085,62674.4481633,TP,0.3959901579277458,0.019316828522998986,0.019693313510912237,0.009653587467764705,0.009851582546728264,0.01950517001449297,0.33747484587934157,1.7470510000000132,0 days 03:10:00
5m,DEVELOPMENT,126,CLOSED,BTCUSDT,LONG,2024-02-29 04:50:00+00:00,2024-02-29 04:55:00+00:00,62520.88,62552.140439999996,2024-02-29 05:15:00+00:00,61926.61903559999,61895.655726082194,0.0003142013381623965,19.653966231170156,0.19653966231170156,61926.61903559999,63803.1832488,SL,-0.1867175902321575,0.019653966231170154,0.019447697855574025,0.009822072079544738,0.009728713284429116,0.019550785363973852,-0.24537003968287555,-1.248450500000003,0 days 00:20:00
5m,DEVELOPMENT,127,CLOSED,BTCUSDT,LONG,2024-02-29 06:00:00+00:00,2024-02-29 06:05:00+00:00,62879.72,62911.15986,2024-02-29 09:30:00+00:00,62282.0482614,62250.907237269304,0.0003085118977236108,19.40884131640205,0.1940884131640205,62282.0482614,64169.3830572,SL,-0.18438884229125643,0.01940884131640205,0.01920514552678641,0.009699570872764207,0.009607376451617428,0.019306947324381638,-0.2423097764588265,-1.2484504999999924,0 days 03:25:00
5m,DEVELOPMENT,128,CLOSED,BTCUSDT,LONG,2024-02-29 09:50:00+00:00,2024-02-29 09:55:00+00:00,62743.71,62775.081855,2024-02-29 10:15:00+00:00,62147.33103645,62116.25737093178,0.00030532454982574195,19.166773607651976,0.19166773607651977,62147.33103645,64030.5834921,SL,-0.18208913857144624,0.019166773607651975,0.01896561831863967,0.009578597505072717,0.009487552935785914,0.01906615044085863,-0.2392876809385965,-1.2484504999999864,0 days 00:20:00
5m,DEVELOPMENT,129,CLOSED,BTCUSDT,LONG,2024-02-29 11:05:00+00:00,2024-02-29 11:10:00+00:00,62891.09,62922.53554499999,2024-02-29 13:20:00+00:00,62293.31018954999,62262.16353445522,0.0003008099532449585,18.92772497534569,0.18927724975345692,62293.31018954999,64180.986255899996,SL,-0.1798181168322457,0.01892772497534569,0.018729078501729435,0.009459132921210747,0.00936922386279565,0.0188283567840064,-0.23630327709332724,-1.248450499999995,0 days 02:10:00
5m,DEVELOPMENT,130,CLOSED,BTCUSDT,LONG,2024-02-29 14:05:00+00:00,2024-02-29 14:10:00+00:00,63109.03,63140.584514999995,2024-02-29 16:15:00+00:00,62509.17866984999,62477.92408051507,0.00029603238406862966,18.69165776546225,0.1869165776546225,62509.17866984999,64403.3962053,SL,-0.17757541935104498,0.01869165776546225,0.01849548881721372,0.009341158303578203,0.00925237059390333,0.01859352889748153,-0.23335609483120248,-1.248450500000001,0 days 02:05:00
5m,DEVELOPMENT,131,CLOSED,BTCUSDT,LONG,2024-03-01 01:20:00+00:00,2024-03-01 01:25:00+00:00,61526.2,61556.96309999999,2024-03-01 02:15:00+00:00,60941.393468999995,60910.9227722655,0.00029986103706280644,18.458534793602908,0.18458534793602907,60941.393468999995,62788.102362,SL,-0.17536069286676287,0.018458534793602908,0.018264812470944043,0.009224655069265767,0.009136974722832637,0.018361629792098405,-0.23044566992340823,-1.2484504999999932,0 days 00:50:00
5m,DEVELOPMENT,132,CLOSED,BTCUSDT,LONG,2024-03-01 04:50:00+00:00,2024-03-01 04:55:00+00:00,61435.98,61466.69799,2024-03-01 20:50:00+00:00,62696.0319498,62664.68393382511,0.0002965560203364028,18.22831933913397,0.18228319339133972,60852.0310101,62696.0319498,TP,0.37367599164981263,0.01822831933913397,0.018583589283053696,0.009109604867132639,0.009296442862956613,0.01840604773008925,0.3184580352975357,1.7470510000000123,0 days 15:55:00
5m,DEVELOPMENT,133,CLOSED,BTCUSDT,LONG,2024-03-01 20:50:00+00:00,2024-03-01 20:55:00+00:00,62771.74,62803.125869999996,2024-03-02 00:15:00+00:00,62175.094611299995,62144.00706399435,0.00029531108488017855,18.546459234536105,0.18546459234536106,62175.094611299995,64059.1883874,SL,-0.17619599702575356,0.018546459234536104,0.01835181414486965,0.009268595319607732,0.009180497321093592,0.018449092640701326,-0.23154336304586062,-1.2484504999999917,0 days 03:20:00
5m,DEVELOPMENT,134,CLOSED,BTCUSDT,LONG,2024-03-02 12:35:00+00:00,2024-03-02 12:40:00+00:00,62087.75,62118.793874999996,2024-03-03 07:25:00+00:00,61497.605936249995,61466.857133281876,0.0002948406760826092,18.315147183541242,0.18315147183541242,61497.605936249995,63361.1697525,SL,-0.17399847474219005,0.01831514718354124,0.01812292971384998,0.009152997093222757,0.009065997855851141,0.018218994949073898,-0.22865554658865517,-1.2484504999999924,0 days 18:45:00
5m,DEVELOPMENT,135,CLOSED,BTCUSDT,LONG,2024-03-03 11:50:00+00:00,2024-03-03 11:55:00+00:00,61816.91,61847.818455,2024-03-03 22:20:00+00:00,63084.7748241,63053.232436687955,0.00029243909511912397,18.086720064072058,0.18086720064072057,61229.34027045,63084.7748241,TP,0.3707732418931705,0.018086720064072057,0.018439230238120823,0.0090388406117293,0.009224227232675603,0.0182630678444049,0.3159842237465727,1.7470510000000066,0 days 10:25:00
5m,DEVELOPMENT,136,CLOSED,BTCUSDT,LONG,2024-03-03 22:20:00+00:00,2024-03-03 22:25:00+00:00,63165.99,63197.572994999995,2024-03-04 00:45:00+00:00,62565.59726505,62534.314466417476,0.00029118821731839896,18.40238861926344,0.1840238861926344,62565.59726505,64461.5244549,SL,-0.17482729018100876,0.01840238861926344,0.01820925555070427,0.009196596011625043,0.00910918236653424,0.018305778378159283,-0.22974471272913574,-1.2484504999999904,0 days 02:20:00
5m,DEVELOPMENT,137,CLOSED,BTCUSDT,LONG,2024-03-04 01:25:00+00:00,2024-03-04 01:30:00+00:00,63816.78,63848.688389999996,2024-03-04 02:10:00+00:00,63210.2015061,63178.59640534695,0.00028462406793274204,18.172873421731836,0.18172873421731836,63210.2015061,65125.6621578,SL,-0.1726468384543341,0.018172873421731836,0.017982149115170765,0.009081895762983535,0.008995572343756615,0.01807746810674015,-0.2268793290979768,-1.2484504999999924,0 days 00:40:00
5m,DEVELOPMENT,138,CLOSED,BTCUSDT,LONG,2024-03-04 02:25:00+00:00,2024-03-04 02:30:00+00:00,63540.56,63572.330279999995,2024-03-04 08:10:00+00:00,64843.7768856,64811.3549971572,0.00028229609747302604,17.946220745310285,0.17946220745310285,62936.6069772,64843.7768856,TP,0.3678930409658307,0.017946220745310285,0.01829599258763638,0.008968626059624483,0.009152572580107498,0.01812119863973198,0.3135296289931521,1.7470510000000075,0 days 05:40:00
5m,DEVELOPMENT,139,CLOSED,BTCUSDT,LONG,2024-03-04 08:10:00+00:00,2024-03-04 08:15:00+00:00,64793.99,64826.38699499999,2024-03-04 14:40:00+00:00,66122.9147349,66089.85327753256,0.00028166674103400507,18.259437157890858,0.1825943715789086,64178.12312504999,66122.9147349,TP,0.37431389915876206,0.018259437157890857,0.018615313588098155,0.009125156000943694,0.009312312950521321,0.018437468951465016,0.31900167946130803,1.747051000000023,0 days 06:25:00
5m,DEVELOPMENT,140,CLOSED,BTCUSDT,LONG,2024-03-04 14:40:00+00:00,2024-03-04 14:45:00+00:00,66124.99,66158.052495,2024-03-04 17:35:00+00:00,67481.21354489999,67447.47293812754,0.00028081419349155985,18.5781201543557,0.185781201543557,65496.47197005,67481.21354489999,TP,0.3808468209553537,0.018578120154355702,0.018940207716164094,0.009284417868241211,0.00947484127872181,0.018759259146963022,0.32456923393787085,1.7470509999999895,0 days 02:50:00
5m,DEVELOPMENT,141,CLOSED,BTCUSDT,LONG,2024-03-04 17:35:00+00:00,2024-03-04 17:40:00+00:00,67088.43,67121.974215,2024-03-04 18:10:00+00:00,66450.75447284999,66417.52909561357,0.0002816121749154459,18.90236514330463,0.18902365143304628,66450.75447284999,68464.4136993,SL,-0.17957719209106512,0.01890236514330463,0.018703984821125643,0.009446459341981807,0.009356670745934432,0.018803130087916238,-0.23598667214341162,-1.2484504999999961,0 days 00:30:00
5m,DEVELOPMENT,142,CLOSED,BTCUSDT,LONG,2024-03-04 19:15:00+00:00,2024-03-04 19:20:00+00:00,66720.0,66753.36,2024-03-04 23:00:00+00:00,68088.4272,68054.38298640001,0.00027963557522920853,18.66661422208244,0.18666614222082442,66085.8264,68088.4272,TP,0.38266092723129674,0.01866661422208244,0.01903042653327083,0.00932864278964656,0.009519973253259543,0.0188486160429061,0.3261152704330374,1.7470510000000208,0 days 03:40:00
5m,DEVELOPMENT,143,CLOSED,BTCUSDT,LONG,2024-03-04 23:00:00+00:00,2024-03-04 23:05:00+00:00,68147.14,68181.21356999999,2024-03-04 23:30:00+00:00,67499.40143429999,67465.65173358284,0.00027855772446079287,18.99240370303453,0.1899240370303453,67499.40143429999,69544.83784139999,SL,-0.18043258090689318,0.01899240370303453,0.018793078426171183,0.009491456123453644,0.009401239833001477,0.01889269595645512,-0.23711075899255402,-1.2484505000000048,0 days 00:25:00
5m,DEVELOPMENT,144,CLOSED,BTCUSDT,LONG,2024-03-04 23:50:00+00:00,2024-03-04 23:55:00+00:00,68201.22,68235.32061,2024-03-05 03:10:00+00:00,67552.9674039,67519.19092019805,0.00027486541647726105,18.755529817927084,0.18755529817927083,67552.9674039,69600.0270222,SL,-0.17818221980949397,0.018755529817927084,0.01855869053248794,0.009373078369777018,0.009283987259873762,0.01865706562965078,-0.23415350578955976,-1.2484505000000001,0 days 03:15:00
5m,DEVELOPMENT,145,CLOSED,BTCUSDT,LONG,2024-03-05 03:40:00+00:00,2024-03-05 03:45:00+00:00,68179.25,68213.339625,2024-03-05 04:45:00+00:00,67531.20622874999,67497.44062563562,0.0002715247535679313,18.521610231723727,0.18521610231723729,67531.20622874999,69577.60641749999,SL,-0.1759599252898927,0.018521610231723728,0.018327225932341786,0.009256177027346357,0.009168197064702052,0.01842437409204841,-0.23123313554600664,-1.2484505000000032,0 days 01:00:00
5m,DEVELOPMENT,146,CLOSED,BTCUSDT,LONG,2024-03-05 12:35:00+00:00,2024-03-05 12:40:00+00:00,67179.61,67213.199805,2024-03-05 14:45:00+00:00,68557.46380109999,68523.18506919945,0.00027212821516273795,18.290608098311136,0.18290608098311137,66541.06780695,68557.46380109999,TP,0.3749528956485347,0.018290608098311137,0.01864709205014722,0.009140733682313317,0.00932821013013699,0.018468943812450307,0.31954625168762607,1.7470510000000021,0 days 02:05:00
5m,DEVELOPMENT,147,CLOSED,BTCUSDT,LONG,2024-03-05 14:45:00+00:00,2024-03-05 14:50:00+00:00,68519.87,68554.12993499999,2024-03-05 15:05:00+00:00,67868.58863564998,67834.65434133216,0.00027146191105654945,18.6098351229741,0.186098351229741,67868.58863564998,69925.21253369999,SL,-0.17679808380197118,0.0186098351229741,0.018414524903358487,0.009300267427771696,0.00921186838587079,0.018512135813642486,-0.23233457964194623,-1.2484505000000026,0 days 00:15:00
5m,DEVELOPMENT,148,CLOSED,BTCUSDT,LONG,2024-03-05 23:35:00+00:00,2024-03-05 23:40:00+00:00,63939.03,63970.999514999996,2024-03-06 01:25:00+00:00,63331.28951985,63299.623875090074,0.00028728224953715296,18.37773264580932,0.18377732645809322,63331.28951985,65250.4195053,SL,-0.1745930522722819,0.01837773264580932,0.01818485834169155,0.009184274185810906,0.00909697765967517,0.018281251845486075,-0.22943689510526885,-1.2484504999999952,0 days 01:45:00
5m,DEVELOPMENT,149,CLOSED,BTCUSDT,LONG,2024-03-06 04:40:00+00:00,2024-03-06 04:45:00+00:00,63664.41,63696.242205,2024-03-06 05:10:00+00:00,64970.167049100004,64937.68196557546,0.0002849230084874121,18.14852495839147,0.1814852495839147,63059.279782950005,64970.167049100004,TP,0.37204022678321763,0.01814852495839147,0.018502239709830524,0.009069727615387697,0.009255747728778279,0.018325475344165974,0.31706398677082964,1.7470510000000103,0 days 00:25:00
5m,DEVELOPMENT,150,CLOSED,BTCUSDT,LONG,2024-03-06 05:10:00+00:00,2024-03-06 05:15:00+00:00,65347.62,65380.293809999996,2024-03-06 07:55:00+00:00,66687.89968619999,66654.5557363569,0.0002824287124127069,18.46527219792277,0.1846527219792277,64726.490871899994,66687.89968619999,TP,0.3785334660463696,0.01846527219792277,0.018825160353060283,0.009228022087915436,0.00941728882093954,0.018645310908854976,0.32259772258653163,1.7470509999999995,0 days 02:40:00
5m,DEVELOPMENT,151,CLOSED,BTCUSDT,LONG,2024-03-06 07:55:00+00:00,2024-03-06 08:00:00+00:00,66676.46,66709.79823,2024-03-06 09:55:00+00:00,66042.7002477,66009.67889757616,0.0002816310068917767,18.787547645062165,0.18787547645062166,66042.7002477,68043.9941946,SL,-0.17848639716773212,0.018787547645062165,0.01859037233252724,0.009389079282887926,0.009299836084304866,0.01868891536719279,-0.2345532325125143,-1.2484504999999866,0 days 01:55:00
5m,DEVELOPMENT,152,CLOSED,BTCUSDT,LONG,2024-03-06 10:15:00+00:00,2024-03-06 10:20:00+00:00,66711.12,66744.47555999999,2024-03-06 12:40:00+00:00,66077.0308044,66043.9922889978,0.000277973998234278,18.55322873146325,0.1855322873146325,66077.0308044,68079.3650712,SL,-0.17626030893808853,0.01855322873146325,0.018358512595926545,0.009271978376542334,0.009183848222072447,0.01845582659861478,-0.2316278768640931,-1.2484504999999813,0 days 02:20:00
5m,DEVELOPMENT,153,CLOSED,BTCUSDT,LONG,2024-03-06 14:30:00+00:00,2024-03-06 14:35:00+00:00,67128.85,67162.414425,2024-03-06 14:40:00+00:00,66490.79028074999,66457.54488560962,0.0002727988921771039,18.32183225107954,0.18321832251079542,66490.79028074999,68505.6627135,SL,-0.17406198455423763,0.018321832251079542,0.01812954462160446,0.009156337956558645,0.009069306964283867,0.018225644920842513,-0.22873900634776415,-1.248450500000002,0 days 00:05:00
5m,DEVELOPMENT,154,CLOSED,BTCUSDT,LONG,2024-03-06 16:10:00+00:00,2024-03-06 16:15:00+00:00,66762.47,66795.851235,2024-03-06 22:20:00+00:00,66127.89272265,66094.82877628868,0.0002708749334082445,18.09332175522763,0.18093321755227632,66127.89272265,68131.7682597,SL,-0.17189107774456816,0.018093321755227633,0.01790343234340652,0.009042139807708191,0.008956194268836003,0.017998334076544192,-0.2258861659197465,-1.248450499999991,0 days 06:05:00
5m,DEVELOPMENT,155,CLOSED,BTCUSDT,LONG,2024-03-07 07:35:00+00:00,2024-03-07 07:40:00+00:00,66349.18,66382.35458999999,2024-03-07 14:35:00+00:00,67710.00168179999,67676.1466809591,0.00026916281231917816,17.867661249813303,0.17867661249813302,65718.53104409999,67710.00168179999,TP,0.36628259093819987,0.017867661249813302,0.018215901967572164,0.00892936594193436,0.009112507237402874,0.018041873179337233,0.31215715454147713,1.7470510000000075,0 days 06:55:00
5m,DEVELOPMENT,156,CLOSED,BTCUSDT,LONG,2024-03-07 14:35:00+00:00,2024-03-07 14:40:00+00:00,67848.49,67882.414245,2024-03-07 14:40:00+00:00,67203.59010255,67169.98830749873,0.0002678087802450926,18.179506559045553,0.18179506559045552,67203.59010255,69240.06252990001,SL,-0.17270985491626958,0.018179506559045554,0.01798871263770837,0.00908521067418621,0.008998855746727812,0.01808406642091402,-0.2269621405339375,-1.2484505000000028,0 days 00:00:00
5m,DEVELOPMENT,157,CLOSED,BTCUSDT,LONG,2024-03-07 14:40:00+00:00,2024-03-07 14:45:00+00:00,67196.01,67229.60800499999,2024-03-07 14:45:00+00:00,66557.31192494999,66524.03326898752,0.00026703667753918134,17.952771153916746,0.17952771153916747,66557.31192494999,68574.20016509999,SL,-0.17055581191202482,0.017952771153916747,0.017764356820656392,0.008971899627142814,0.008886621721186271,0.017858521348329083,-0.22413146123492703,-1.2484504999999868,0 days 00:00:00
5m,DEVELOPMENT,158,CLOSED,BTCUSDT,LONG,2024-03-07 15:30:00+00:00,2024-03-07 15:35:00+00:00,67181.09,67214.680545,2024-03-08 14:50:00+00:00,68558.9741559,68524.69466882205,0.0002637647528260748,17.728863600235503,0.17728863600235503,66542.53373955,68558.9741559,TP,0.36343727380392804,0.017728863600235505,0.018074399151804095,0.008860001799217908,0.009041720436119349,0.01790172223533726,0.3097322888165512,1.7470510000000046,0 days 23:15:00
5m,DEVELOPMENT,159,CLOSED,BTCUSDT,LONG,2024-03-08 14:50:00+00:00,2024-03-08 14:55:00+00:00,68436.0,68470.218,2024-03-08 15:30:00+00:00,67785.51581999999,67751.62306208999,0.000263447189056505,18.038286466186108,0.18038286466186107,67785.51581999999,69839.62236,SL,-0.1713682287467293,0.018038286466186108,0.017848974649723483,0.009014635915133769,0.008928951800761645,0.017943587715895416,-0.2251990775785343,-1.2484505000000083,0 days 00:35:00
5m,DEVELOPMENT,160,CLOSED,BTCUSDT,LONG,2024-03-08 17:25:00+00:00,2024-03-08 17:30:00+00:00,68253.61,68287.736805,2024-03-10 04:20:00+00:00,69653.4915411,69618.66479532945,0.00026085668080607364,17.81331236271105,0.17813312362711048,67604.85943694999,69653.4915411,TP,0.3651684523330361,0.01781331236271105,0.01816049382066029,0.008902205078814188,0.009084789304983028,0.017986994383797215,0.3112076517658675,1.747051000000003,1 days 10:50:00
5m,DEVELOPMENT,161,CLOSED,BTCUSDT,LONG,2024-03-10 04:20:00+00:00,2024-03-10 04:25:00+00:00,69490.15,69524.895075,2024-03-10 14:40:00+00:00,68829.64612425,68795.23130118787,0.00026068660870570774,18.12420911772191,0.18124209117721912,68829.64612425,70915.39297649999,SL,-0.1721845154062438,0.01812420911772191,0.01793399554303142,0.009057575770975183,0.008971483513271379,0.018029059284246564,-0.2262717793512437,-1.248450499999994,0 days 10:15:00
5m,DEVELOPMENT,162,CLOSED,BTCUSDT,LONG,2024-03-11 04:05:00+00:00,2024-03-11 04:10:00+00:00,68702.41,68736.761205,2024-03-11 07:10:00+00:00,70111.4964291,70076.44068088545,0.00026038706320079497,17.898163384104286,0.17898163384104288,68049.39359295,70111.4964291,TP,0.3669078770694451,0.017898163384104288,0.018246998588460482,0.00894460938735821,0.009128063325893785,0.018072672713251997,0.31269004238362835,1.747051000000003,0 days 03:00:00
5m,DEVELOPMENT,163,CLOSED,BTCUSDT,LONG,2024-03-11 07:10:00+00:00,2024-03-11 07:15:00+00:00,70447.12,70482.34356,2024-03-11 11:40:00+00:00,71891.9904312,71856.0444359844,0.0002583702545776019,18.2105410488232,0.182105410488232,69777.52012439999,71891.9904312,TP,0.3733115411407946,0.0182105410488232,0.018565464493864762,0.009100720164329059,0.009287375934900616,0.018388096099229673,0.31814743949887697,1.7470510000000041,0 days 04:25:00
5m,DEVELOPMENT,164,CLOSED,BTCUSDT,LONG,2024-03-11 11:40:00+00:00,2024-03-11 11:45:00+00:00,72042.0,72078.021,2024-03-11 11:55:00+00:00,71357.24079,71321.562169605,0.0002570599248099804,18.528370658712188,0.18528370658712187,71357.24079,73519.58141999999,SL,-0.17602415103554256,0.018528370658712188,0.018333915408649003,0.009259555551578598,0.009171543476063365,0.018431099027641965,-0.23131753613054573,-1.2484505000000008,0 days 00:10:00
5m,DEVELOPMENT,165,CLOSED,BTCUSDT,LONG,2024-03-11 12:25:00+00:00,2024-03-11 12:30:00+00:00,71938.02,71973.98901,2024-03-12 15:00:00+00:00,71254.2491199,71218.62199534006,0.00025422078810289527,18.297284209031325,0.18297284209031325,71254.2491199,73413.4687902,SL,-0.17382877202083158,0.018297284209031324,0.01810525421125754,0.0091440700694811,0.00905715568347029,0.01820122575295139,-0.22843253619407183,-1.2484504999999957,1 days 02:30:00
5m,DEVELOPMENT,166,CLOSED,BTCUSDT,LONG,2024-03-12 19:10:00+00:00,2024-03-12 19:15:00+00:00,71524.01,71559.77200499999,2024-03-12 20:25:00+00:00,70844.17428494999,70808.75219780751,0.0002525033181478918,18.069079877169116,0.18069079877169117,70844.17428494999,72990.96744509999,SL,-0.17166077384557188,0.018069079877169117,0.017879444883858224,0.009030024926120706,0.00894419453919917,0.017974219465319876,-0.22558351807191912,-1.2484505000000106,0 days 01:10:00
5m,DEVELOPMENT,167,CLOSED,BTCUSDT,LONG,2024-03-12 23:15:00+00:00,2024-03-12 23:20:00+00:00,71381.09,71416.78054499999,2024-03-13 07:05:00+00:00,72845.11615589999,72808.69359782204,0.00024985334792589417,17.84372171725711,0.1784372171725711,70702.61273955,72845.11615589999,TP,0.36579183650269004,0.01784372171725711,0.018191495853526456,0.00891740215754738,0.00910029807580006,0.01801770023334744,0.311738918698559,1.7470510000000083,0 days 07:45:00
5m,DEVELOPMENT,168,CLOSED,BTCUSDT,LONG,2024-03-13 07:05:00+00:00,2024-03-13 07:10:00+00:00,72864.0,72900.432,2024-03-13 13:50:00+00:00,72171.42768,72135.34196615999,0.000249040351481929,18.155149208464465,0.18155149208464466,72171.42768,74358.44064,SL,-0.17247845399945666,0.018155149208464467,0.01796461091752163,0.009073038085189812,0.008986798858190516,0.018059836943380328,-0.2266580510688231,-1.2484505000000135,0 days 06:40:00
5m,DEVELOPMENT,169,CLOSED,BTCUSDT,LONG,2024-03-13 17:00:00+00:00,2024-03-13 17:05:00+00:00,73040.01,73076.530005,2024-03-14 13:20:00+00:00,72345.76470495,72309.59182259752,0.00024534166561806354,17.928717589015097,0.17928717589015097,72345.76470495,74538.06060509999,SL,-0.1703272970350712,0.017928717589015097,0.01774055569791838,0.008959878855079638,0.008874715206562578,0.017834594061642214,-0.2238311643836469,-1.2484504999999997,0 days 20:15:00
5m,DEVELOPMENT,170,CLOSED,BTCUSDT,LONG,2024-03-14 21:55:00+00:00,2024-03-14 22:00:00+00:00,71105.58,71141.13279,2024-03-15 02:30:00+00:00,70429.7214621,70394.50660136895,0.00024887304064234695,17.705110032188273,0.17705110032188273,70429.7214621,72563.9554458,SL,-0.1682029693712638,0.017705110032188272,0.017519294902400458,0.008848130950619213,0.008764029465933663,0.017612160416552877,-0.2210395347224054,-1.2484505000000041,0 days 04:30:00
5m,DEVELOPMENT,171,CLOSED,BTCUSDT,LONG,2024-03-15 13:00:00+00:00,2024-03-15 13:05:00+00:00,68211.59,68245.69579499999,2024-03-15 13:30:00+00:00,67563.23883705,67529.45721763148,0.00025619624963165604,17.484291316181878,0.17484291316181877,67563.23883705,69610.6097109,SL,-0.16610513639211244,0.01748429131618188,0.017300793678818555,0.008737776769705023,0.00865472420150729,0.017392500971212314,-0.2182827223583252,-1.2484504999999768,0 days 00:25:00
5m,DEVELOPMENT,172,CLOSED,BTCUSDT,LONG,2024-03-15 13:45:00+00:00,2024-03-15 13:50:00+00:00,68368.03,68402.21401499999,2024-03-15 16:05:00+00:00,67718.19187484999,67684.33277891256,0.0002524220437469309,17.26622665848126,0.1726622665848126,67718.19187484999,69770.2582953,SL,-0.1640334676550395,0.017266226658481258,0.017085017609700496,0.00862879892977363,0.008546782195948704,0.017175581125722334,-0.21556029304894359,-1.248450500000006,0 days 02:15:00
5m,DEVELOPMENT,173,CLOSED,BTCUSDT,LONG,2024-03-15 16:25:00+00:00,2024-03-15 16:30:00+00:00,68001.1,68035.10055,2024-03-15 18:45:00+00:00,69395.802561,69361.10465971951,0.00025061889484310335,17.050881710380413,0.17050881710380414,67354.7495445,69395.802561,TP,0.3495388144726655,0.017050881710380415,0.01738320339491573,0.008521180265056931,0.008695949672292754,0.017217129937349685,0.29788759943001963,1.7470510000000088,0 days 02:15:00
5m,DEVELOPMENT,174,CLOSED,BTCUSDT,LONG,2024-03-15 18:45:00+00:00,2024-03-15 18:50:00+00:00,69612.16,69646.96608,2024-03-15 19:50:00+00:00,68950.4964192,68916.02117099041,0.0002490915641590718,17.348471719801015,0.17348471719801015,68950.4964192,71039.9054016,SL,-0.16481481628856418,0.017348471719801015,0.017166399509101708,0.008669900909444498,0.008587493501299934,0.017257394410744434,-0.2165870819282113,-1.2484504999999824,0 days 01:00:00
5m,DEVELOPMENT,175,CLOSED,BTCUSDT,LONG,2024-03-15 22:55:00+00:00,2024-03-15 23:00:00+00:00,69104.3,69138.85215,2024-03-16 10:20:00+00:00,68447.4636285,68413.23989668576,0.0002477926733787122,17.132101008584026,0.17132101008584028,68447.4636285,70521.629193,SL,-0.1627592404663583,0.017132101008584026,0.016952299608498936,0.008561769619483055,0.008480389999247448,0.017042159618730505,-0.21388580070217178,-1.2484504999999968,0 days 11:20:00
5m,DEVELOPMENT,176,CLOSED,BTCUSDT,LONG,2024-03-17 02:50:00+00:00,2024-03-17 02:55:00+00:00,66476.05,66509.288025,2024-03-17 06:10:00+00:00,65844.19514475,65811.27304717763,0.0002543769356492135,16.91842888001043,0.1691842888001043,65844.19514475,67839.4737855,SL,-0.1607293018535723,0.016918428880010432,0.016740869968914725,0.00845498694653163,0.008374622295604622,0.01682960924213625,-0.2112182099446337,-1.2484504999999946,0 days 03:15:00
5m,DEVELOPMENT,177,CLOSED,BTCUSDT,LONG,2024-03-17 08:55:00+00:00,2024-03-17 09:00:00+00:00,66521.11,66554.370555,2024-03-17 15:45:00+00:00,67885.4579661,67851.51523711695,0.00025103417758960944,16.70742167726854,0.1670742167726854,65888.82684945,67885.4579661,TP,0.34249796961597034,0.016707421677268543,0.01703304932575851,0.00834953607059916,0.008520785055406748,0.016870321126005908,0.2918871774869374,1.7470510000000032,0 days 06:45:00
5m,DEVELOPMENT,178,CLOSED,BTCUSDT,LONG,2024-03-17 15:45:00+00:00,2024-03-17 15:50:00+00:00,68061.57,68095.600785,2024-03-18 00:35:00+00:00,67414.64477715,67380.93745476143,0.0002496345881849991,16.999017259173577,0.16999017259173577,67414.64477715,69457.5128007,SL,-0.16149491159265147,0.016999017259173577,0.016820612573038553,0.008495260999086091,0.00841451354328899,0.01690977454237508,-0.21222431596723867,-1.2484504999999992,0 days 08:45:00
5m,DEVELOPMENT,179,CLOSED,BTCUSDT,LONG,2024-03-18 04:25:00+00:00,2024-03-18 04:30:00+00:00,68000.0,68034.0,2024-03-18 08:25:00+00:00,67353.66,67319.98317,0.0002467443477600906,16.787004955510003,0.16787004955510004,67353.66,69394.68000000001,SL,-0.1594807417312561,0.016787004955510002,0.01661082533850193,0.008389307823843081,0.008309567452976637,0.01669887527681972,-0.20957744730208777,-1.2484504999999901,0 days 03:55:00
5m,DEVELOPMENT,180,CLOSED,BTCUSDT,LONG,2024-03-18 11:20:00+00:00,2024-03-18 11:25:00+00:00,68309.69,68343.844845,2024-03-18 13:40:00+00:00,67660.40639655,67626.57619335172,0.00024256225141977732,16.57763687628714,0.1657763687628714,67660.40639655,69710.72174190001,SL,-0.15749169266277957,0.01657763687628714,0.01640365457727051,0.008284676100092868,0.008205930253762095,0.016490606353854964,-0.20696359047019217,-1.248450500000006,0 days 02:15:00
5m,DEVELOPMENT,181,CLOSED,BTCUSDT,LONG,2024-03-18 21:05:00+00:00,2024-03-18 21:10:00+00:00,67538.57,67572.33928500001,2024-03-19 00:55:00+00:00,66896.61589215,66863.16758420393,0.00024227191504504664,16.37088004265059,0.1637088004265059,66896.61589215,68923.7860707,SL,-0.15552745107985494,0.016370880042650592,0.01619906765660297,0.008181349346652484,0.008103585621112517,0.016284934967765,-0.20438233374687348,-1.2484505000000121,0 days 03:45:00
5m,DEVELOPMENT,182,CLOSED,BTCUSDT,LONG,2024-03-19 15:45:00+00:00,2024-03-19 15:50:00+00:00,64132.0,64164.066,2024-03-19 17:05:00+00:00,65447.34732,65414.623646340006,0.0002519588126952446,16.16670188705931,0.16166701887059312,63522.42534,65447.34732,TP,0.33141334902907216,0.01616670188705931,0.0164817909068381,0.008079311287885435,0.008245017962399053,0.016324329250284486,0.28244052698489025,1.7470510000000103,0 days 01:15:00
5m,DEVELOPMENT,183,CLOSED,BTCUSDT,LONG,2024-03-19 17:05:00+00:00,2024-03-19 17:10:00+00:00,65229.45,65262.064725,2024-03-19 18:05:00+00:00,64609.44407775,64577.13935571113,0.00025204320955807133,16.44886025567559,0.1644886025567559,64609.44407775,66567.3060195,SL,-0.15626828258890166,0.01644886025567559,0.016276229467292274,0.00822031996785373,0.008142185826557888,0.01636250579441162,-0.20535587810628114,-1.2484504999999875,0 days 00:55:00
5m,DEVELOPMENT,184,CLOSED,BTCUSDT,LONG,2024-03-19 19:15:00+00:00,2024-03-19 19:20:00+00:00,64867.58,64900.01379,2024-03-19 20:00:00+00:00,64251.013652099995,64218.88814527395,0.00025028822922684143,16.24370952829669,0.1624370952829669,64251.013652099995,66198.0140658,SL,-0.15431929941675337,0.01624370952829669,0.016073231796797215,0.00811779586621411,0.008040636216505215,0.016158432082719325,-0.20279467282456656,-1.2484504999999932,0 days 00:40:00
5m,DEVELOPMENT,185,CLOSED,BTCUSDT,LONG,2024-03-20 03:20:00+00:00,2024-03-20 03:25:00+00:00,63324.34,63356.00216999999,2024-03-20 03:40:00+00:00,62722.44214829999,62691.08092722584,0.0002531901776963537,16.041117447552868,0.1604111744755287,62722.44214829999,64623.12221339999,SL,-0.1523946240269783,0.016041117447552867,0.0158727659199408,0.008016550448551138,0.007940353136538288,0.015956903585089426,-0.20026541097956138,-1.2484505000000021,0 days 00:15:00
5m,DEVELOPMENT,186,CLOSED,BTCUSDT,LONG,2024-03-20 07:40:00+00:00,2024-03-20 07:45:00+00:00,62943.01,62974.481504999996,2024-03-20 12:20:00+00:00,64233.9711351,64201.85414953245,0.00025154716201452503,15.841052101918944,0.15841052101918945,62344.73668995,64233.9711351,TP,0.32473760980545446,0.015841052101918943,0.016149794207385344,0.007916567767074442,0.00807893657197793,0.01599550433905237,0.2767512591570978,1.7470510000000117,0 days 04:35:00
5m,DEVELOPMENT,187,CLOSED,BTCUSDT,LONG,2024-03-20 12:20:00+00:00,2024-03-20 12:25:00+00:00,64294.67,64326.81733499999,2024-03-20 13:10:00+00:00,63683.54916164999,63651.707387069175,0.00025055688364551156,16.117526886291667,0.16117526886291667,63683.54916164999,65613.3536817,SL,-0.15312053278780974,0.01611752688629167,0.01594837344162004,0.008054736075106829,0.007978175808712702,0.01603291188381953,-0.20121934499954097,-1.248450499999989,0 days 00:45:00
5m,DEVELOPMENT,188,CLOSED,BTCUSDT,LONG,2024-03-20 14:05:00+00:00,2024-03-20 14:10:00+00:00,63830.75,63862.665375,2024-03-20 16:20:00+00:00,63224.03872125,63192.42670188938,0.0002492302578690923,15.916508559618801,0.15916508559618803,63224.03872125,65139.9186825,SL,-0.15121080845494947,0.015916508559618802,0.015749464802285604,0.007954277141237998,0.00787867173700967,0.01583294887824767,-0.19870973069510156,-1.2484504999999864,0 days 02:10:00
5m,DEVELOPMENT,189,CLOSED,BTCUSDT,LONG,2024-03-20 18:00:00+00:00,2024-03-20 18:05:00+00:00,64521.73,64553.990865,2024-03-20 19:45:00+00:00,65845.07068230001,65812.14814695886,0.00024348606692673418,15.717997340143176,0.15717997340143178,63908.450956349996,65845.07068230001,TP,0.3222150179373689,0.015717997340143175,0.016024341108302573,0.007855071134503499,0.008016178643471974,0.015871249777975473,0.27460142971094764,1.7470510000000181,0 days 01:40:00
5m,DEVELOPMENT,190,CLOSED,BTCUSDT,LONG,2024-03-20 19:45:00+00:00,2024-03-20 19:50:00+00:00,65935.31,65968.277655,2024-03-20 20:30:00+00:00,67287.6432081,67253.99938649595,0.00024242446538301276,15.99232444275152,0.1599232444275152,65308.59487845,67287.6432081,TP,0.32783865499333636,0.01599232444275152,0.01630401484614075,0.0079921661383067,0.00815608546580099,0.01614825160410769,0.2793940641003364,1.7470510000000095,0 days 00:40:00
5m,DEVELOPMENT,191,CLOSED,BTCUSDT,LONG,2024-03-20 20:30:00+00:00,2024-03-20 20:35:00+00:00,67388.88,67422.57444,2024-03-21 03:45:00+00:00,66748.3486956,66714.9745212522,0.00024133518375782015,16.271439391902707,0.16271439391902706,66748.3486956,68771.0259288,SL,-0.15458274005001188,0.016271439391902707,0.01610067063548469,0.008131653869014922,0.008054362498992367,0.01618601636800729,-0.20314086644540658,-1.2484505000000017,0 days 07:10:00
5m,DEVELOPMENT,192,CLOSED,BTCUSDT,LONG,2024-03-21 07:20:00+00:00,2024-03-21 07:25:00+00:00,67261.5,67295.13075,2024-03-21 13:55:00+00:00,66622.1794425,66588.86835277875,0.00023877658434278058,16.06850146338582,0.16068501463385823,66622.1794425,68641.033365,SL,-0.15265477901997293,0.01606850146338582,0.01589986254052759,0.008030235613885162,0.00795390822437512,0.01598414383826028,-0.20060728686214663,-1.2484504999999937,0 days 06:30:00
5m,DEVELOPMENT,193,CLOSED,BTCUSDT,LONG,2024-03-22 00:10:00+00:00,2024-03-22 00:15:00+00:00,65788.99,65821.884495,2024-03-22 02:05:00+00:00,65163.66565005,65131.08381722498,0.00024107627281028454,15.868094583403659,0.15868094583403658,65163.66565005,67138.32218490001,SL,-0.15075086358346057,0.015868094583403658,0.01570155893075084,0.007930082250576651,0.007854706818784647,0.0157847890693613,-0.19810530616697639,-1.2484505000000032,0 days 01:50:00
5m,DEVELOPMENT,194,CLOSED,BTCUSDT,LONG,2024-03-22 03:15:00+00:00,2024-03-22 03:20:00+00:00,65877.99,65910.928995,2024-03-22 10:10:00+00:00,65251.819705049995,65219.193795197476,0.00023774793381874793,15.670187184635452,0.15670187184635453,65251.819705049995,67229.1475749,SL,-0.14887069384304094,0.01567018718463545,0.015505728570132705,0.007831178003313576,0.007756742656393079,0.015587920659706656,-0.19563453025751576,-1.2484504999999906,0 days 06:50:00
5m,DEVELOPMENT,195,CLOSED,BTCUSDT,LONG,2024-03-22 19:35:00+00:00,2024-03-22 19:40:00+00:00,63869.0,63900.934499999996,2024-03-22 21:05:00+00:00,63261.925155,63230.2941924225,0.00024216779010437014,15.474748093469104,0.15474748093469104,63261.925155,65178.95319,SL,-0.14701397364160373,0.015474748093469104,0.015312340612228147,0.007733507293086979,0.0076600003062661575,0.015393507599353137,-0.1931945699466541,-1.248450499999991,0 days 01:25:00
5m,DEVELOPMENT,196,CLOSED,BTCUSDT,LONG,2024-03-22 23:55:00+00:00,2024-03-23 00:00:00+00:00,63796.64,63828.53831999999,2024-03-23 03:30:00+00:00,63190.25293679999,63158.65781033159,0.00023941871343625078,15.28174652509083,0.1528174652509083,63190.25293679999,65105.10908639999,SL,-0.14518041051573308,0.015281746525090829,0.015121364595310003,0.007637054735176142,0.007564464529919294,0.015201519265095435,-0.1907850409012293,-1.2484505000000012,0 days 03:30:00
5m,DEVELOPMENT,197,CLOSED,BTCUSDT,LONG,2024-03-23 05:40:00+00:00,2024-03-23 05:45:00+00:00,64070.68,64102.715339999995,2024-03-23 14:30:00+00:00,65384.7696468,65352.07726197661,0.00023542141699603173,15.091152078636059,0.15091152078636058,63461.6881866,65384.7696468,TP,0.3093648467094707,0.01509115207863606,0.015385278632648679,0.007541805136748455,0.007696487560102693,0.015238292696851147,0.2636501233013348,1.7470510000000183,0 days 08:45:00
5m,DEVELOPMENT,198,CLOSED,BTCUSDT,LONG,2024-03-23 14:30:00+00:00,2024-03-23 14:35:00+00:00,65289.79,65322.434895,2024-03-23 23:05:00+00:00,64669.210546049995,64636.875940776976,0.0002350576618872503,15.35453881520083,0.1535453881520083,64669.210546049995,66628.8835929,SL,-0.14587195546075485,0.01535453881520083,0.015193392930335298,0.007673432691254231,0.0076004967135230965,0.015273929404777328,-0.19169381661106832,-1.2484504999999966,0 days 08:30:00
5m,DEVELOPMENT,199,CLOSED,BTCUSDT,LONG,2024-03-24 07:55:00+00:00,2024-03-24 08:00:00+00:00,64583.44,64615.731719999996,2024-03-24 14:20:00+00:00,65908.0463544,65875.0923312228,0.0002346647804997427,15.163036500904061,0.15163036500904062,63969.5744028,65908.0463544,TP,0.3108384594038384,0.01516303650090406,0.015458564082306682,0.007577729385757697,0.007733148615460388,0.015310878001218085,0.26490598081940964,1.7470510000000015,0 days 06:20:00
5m,DEVELOPMENT,200,CLOSED,BTCUSDT,LONG,2024-03-24 14:20:00+00:00,2024-03-24 14:25:00+00:00,65895.88,65928.82794,2024-03-24 16:55:00+00:00,65269.5396606,65236.9048907697,0.00023400503728694062,15.427677840383993,0.15427677840383994,65269.5396606,67247.40449880001,SL,-0.14656679447561324,0.015427677840383992,0.015265764361449163,0.00770998392822746,0.007636700530990023,0.015346684459217483,-0.1926069211366639,-1.2484505000000046,0 days 02:30:00
5m,DEVELOPMENT,201,CLOSED,BTCUSDT,LONG,2024-03-24 18:30:00+00:00,2024-03-24 18:35:00+00:00,66012.12,66045.12606,2024-03-24 23:10:00+00:00,67366.0285812,67332.3455669094,0.00023067960109445754,15.235263333753961,0.15235263333753962,65384.674799399996,67366.0285812,TP,0.3123190914295784,0.01523526333375396,0.015532198616128826,0.007613824754499663,0.007769984300213708,0.015383809054713371,0.26616782042498227,1.7470510000000021,0 days 04:35:00
5m,DEVELOPMENT,202,CLOSED,BTCUSDT,LONG,2024-03-24 23:10:00+00:00,2024-03-24 23:15:00+00:00,67547.12,67580.89356,2024-03-25 00:00:00+00:00,66905.0846244,66871.6320820878,0.00022937200791075838,15.501165252260439,0.15501165252260438,66905.0846244,68932.5114312,SL,-0.1472649432511092,0.015501165252260439,0.015338480522937967,0.007746709271494806,0.007673076799867971,0.015419786071362778,-0.19352437509767037,-1.2484504999999915,0 days 00:45:00
5m,DEVELOPMENT,203,CLOSED,BTCUSDT,LONG,2024-03-25 03:10:00+00:00,2024-03-25 03:15:00+00:00,66795.54,66828.93776999999,2024-03-25 14:00:00+00:00,68165.51652539999,68131.43376713729,0.00022905996592210724,15.307834208206822,0.15307834208206822,66160.64839229999,68165.51652539999,TP,0.3138067762222095,0.015307834208206823,0.015606183896924775,0.007650092058073446,0.007806995446184399,0.015457087504257845,0.2674356706128201,1.7470510000000048,0 days 10:45:00
5m,DEVELOPMENT,204,CLOSED,BTCUSDT,LONG,2024-03-25 14:00:00+00:00,2024-03-25 14:05:00+00:00,67963.01,67996.991505,2024-03-25 14:20:00+00:00,69356.9313351,69322.25286943246,0.0002290542914560016,15.575002710317534,0.15575002710317534,67317.02158995,69356.9313351,TP,0.3192836637567359,0.015575002710317535,0.015878559513141627,0.0077836095503843504,0.007943251382260687,0.015726860932645036,0.27210324060063174,1.747051000000014,0 days 00:15:00
5m,DEVELOPMENT,205,CLOSED,BTCUSDT,LONG,2024-03-25 14:20:00+00:00,2024-03-25 14:25:00+00:00,69148.37,69182.94418499999,2024-03-25 17:05:00+00:00,70566.60306869999,70531.31976716564,0.00022905694902393056,15.846834119508975,0.15846834119508976,68491.11474314998,70566.60306869999,TP,0.3248561397212667,0.015846834119508976,0.01615568891649821,0.007919457331086744,0.008081885400949453,0.016001342732036197,0.2768522739532233,1.7470510000000035,0 days 02:40:00
5m,DEVELOPMENT,206,CLOSED,BTCUSDT,LONG,2024-03-25 17:05:00+00:00,2024-03-25 17:10:00+00:00,70531.44,70566.70572,2024-03-25 21:15:00+00:00,69861.0386628,69826.1081434686,0.00022848466076537074,16.123409817763946,0.16123409817763945,69861.0386628,71978.0398344,SL,-0.15317642210679394,0.016123409817763945,0.015954194631726516,0.008057676070845586,0.007981087859791356,0.01603876393063694,-0.20129279048692134,-1.2484504999999892,0 days 04:05:00
5m,DEVELOPMENT,207,CLOSED,BTCUSDT,LONG,2024-03-26 02:50:00+00:00,2024-03-26 02:55:00+00:00,70517.75,70553.008875,2024-03-26 14:25:00+00:00,69847.47878625,69812.55504685687,0.0002256787963102419,15.922318118975815,0.15922318118975815,69847.47878625,71964.0690525,SL,-0.15126600072050617,0.015922318118975817,0.015755213390317165,0.007957180469253176,0.007881547468893094,0.01583872793814627,-0.1987822601679454,-1.248450500000008,0 days 11:30:00
5m,DEVELOPMENT,208,CLOSED,BTCUSDT,LONG,2024-03-26 22:45:00+00:00,2024-03-26 22:50:00+00:00,70086.01,70121.053005,2024-03-27 09:05:00+00:00,69419.84247495,69385.13255371252,0.0002242369982858526,15.723734442484364,0.15723734442484363,69419.84247495,71523.47406509999,SL,-0.14937940617272696,0.015723734442484365,0.015558713849510492,0.00785793825211602,0.007783248549029579,0.0156411868011456,-0.19630304126586742,-1.2484504999999948,0 days 10:15:00
5m,DEVELOPMENT,209,CLOSED,BTCUSDT,LONG,2024-03-27 10:50:00+00:00,2024-03-27 10:55:00+00:00,70122.0,70157.061,2024-03-27 13:25:00+00:00,71560.20222,71524.42211889001,0.0002213266531811079,15.52762750815283,0.1552762750815283,69455.49039,71560.20222,TP,0.31831248395024087,0.015527627508152831,0.01583026096828673,0.007759933787183159,0.007919090029156743,0.015679023816339902,0.2712755716574614,1.7470510000000148,0 days 02:30:00
5m,DEVELOPMENT,210,CLOSED,BTCUSDT,LONG,2024-03-27 13:25:00+00:00,2024-03-27 13:30:00+00:00,71658.0,71693.829,2024-03-27 13:35:00+00:00,70976.89070999999,70941.402264645,0.00022036250951589157,15.798632075243203,0.15798632075243205,70976.89070999999,73127.70558,SL,-0.15009095239898881,0.015798632075243204,0.015632825431613526,0.007895368353444418,0.007820322877243045,0.015715691230687463,-0.197238101136533,-1.2484504999999926,0 days 00:05:00
5m,DEVELOPMENT,211,CLOSED,BTCUSDT,LONG,2024-03-27 22:20:00+00:00,2024-03-27 22:25:00+00:00,69174.81,69209.397405,2024-03-28 08:20:00+00:00,70593.5853531,70558.28856042346,0.00022542590457577975,15.601591015166747,0.15601591015166746,68517.30343094999,70593.5853531,TP,0.31982871736239,0.015601591015166748,0.015905666024052353,0.007796897059053487,0.007956811417733098,0.015753708476786584,0.2725677518463844,1.747051000000023,0 days 09:55:00
5m,DEVELOPMENT,212,CLOSED,BTCUSDT,LONG,2024-03-28 08:20:00+00:00,2024-03-28 08:25:00+00:00,70591.99,70627.285995,2024-03-29 07:35:00+00:00,69921.01313505,69886.05262848247,0.00022475571937849236,15.873886471556743,0.15873886471556742,69921.01313505,72039.8317149,SL,-0.15080588796816363,0.015873886471556742,0.015707290033037755,0.007932976747403125,0.007857573803421211,0.015790550550824338,-0.19817761502358244,-1.2484504999999997,0 days 23:10:00
5m,DEVELOPMENT,213,CLOSED,BTCUSDT,LONG,2024-03-29 11:25:00+00:00,2024-03-29 11:30:00+00:00,70229.99,70265.104995,2024-03-29 15:35:00+00:00,69562.45394505,69527.67271807748,0.00022309661157247305,15.67590683616855,0.15675906836168552,69562.45394505,71670.4070949,SL,-0.148925031961802,0.01567590683616855,0.015511388193922962,0.0078340363998835,0.0077595738839035385,0.01559361028378704,-0.19570593727568053,-1.2484505000000004,0 days 04:05:00
5m,DEVELOPMENT,214,CLOSED,BTCUSDT,LONG,2024-03-29 22:30:00+00:00,2024-03-29 22:35:00+00:00,69763.01,69797.89150499999,2024-03-31 18:50:00+00:00,71193.84933509999,71158.25241043244,0.0002217888832388408,15.48039640931972,0.15480396409319722,69099.91258994999,71193.84933509999,TP,0.31734425822603396,0.015480396409319721,0.01578210933533736,0.0077363300396395,0.007895002168753553,0.01563133220839305,0.2704504202729839,1.7470509999999975,1 days 20:15:00
5m,DEVELOPMENT,215,CLOSED,BTCUSDT,LONG,2024-03-31 18:50:00+00:00,2024-03-31 18:55:00+00:00,71072.9,71108.43645,2024-04-01 05:10:00+00:00,70397.3520855,70362.15340945726,0.00022150081531363322,15.750576649352674,0.15750576649352674,70397.3520855,72530.60517899999,SL,-0.14963441384517437,0.015750576649352675,0.01558527434741772,0.007871352648352073,0.007796535441427127,0.0156678880897792,-0.19663815293172396,-1.2484504999999826,0 days 10:15:00
5m,DEVELOPMENT,216,CLOSED,BTCUSDT,LONG,2024-04-01 12:45:00+00:00,2024-04-01 12:50:00+00:00,69781.9,69816.79095,2024-04-01 14:35:00+00:00,69118.6230405,69084.06372897975,0.0002227850167056722,15.554134938132172,0.15554134938132172,69118.6230405,71213.126769,SL,-0.14776816850269475,0.015554134938132173,0.015390894291956475,0.00777318087862697,0.0076992967943754365,0.015472477673002406,-0.19418567540578582,-1.2484505000000001,0 days 01:45:00
5m,DEVELOPMENT,217,CLOSED,BTCUSDT,LONG,2024-04-01 19:15:00+00:00,2024-04-01 19:20:00+00:00,69239.31,69273.929655,2024-04-02 02:25:00+00:00,68581.19035845,68546.89976327078,0.00022173050281551994,15.360143254410108,0.15360143254410108,68581.19035845,70659.40824810001,SL,-0.14592519903365161,0.015360143254410109,0.015198938550955074,0.007676233510450325,0.007603270910931887,0.015279504421382213,-0.19176378526039903,-1.2484504999999984,0 days 07:05:00
5m,DEVELOPMENT,218,CLOSED,BTCUSDT,LONG,2024-04-02 18:45:00+00:00,2024-04-02 18:50:00+00:00,65981.66,66014.65083,2024-04-02 21:25:00+00:00,65354.5043217,65321.827069539155,0.00022977582779956903,15.168571041362757,0.15168571041362758,65354.5043217,67334.9438466,SL,-0.1441052151405839,0.015168571041362757,0.015009376888283656,0.0075804952730437495,0.0075084426654731026,0.015088937938516851,-0.18937210100874716,-1.2484504999999908,0 days 02:35:00
5m,DEVELOPMENT,219,CLOSED,BTCUSDT,LONG,2024-04-02 22:50:00+00:00,2024-04-02 22:55:00+00:00,65868.91,65901.844455,2024-04-03 00:20:00+00:00,65242.82601045,65210.204597444776,0.0002272984655763396,14.979388123272104,0.14979388123272105,65242.82601045,67219.8813441,SL,-0.14230793014662874,0.014979388123272104,0.014822179444918364,0.007485951086091885,0.007414797121019667,0.014900748207111552,-0.18701024592193075,-1.2484504999999968,0 days 01:25:00
5m,DEVELOPMENT,220,CLOSED,BTCUSDT,LONG,2024-04-03 02:05:00+00:00,2024-04-03 02:10:00+00:00,65936.01,65968.978005,2024-04-04 04:15:00+00:00,65309.288224949996,65276.63358083752,0.00022423516549932755,14.792564700772674,0.14792564700772676,65309.288224949996,67288.3575651,SL,-0.14053306095036874,0.014792564700772674,0.014637316734238065,0.007392586057358207,0.007322319526882196,0.014714905584240403,-0.1846778479696199,-1.2484504999999995,1 days 02:05:00
5m,DEVELOPMENT,221,CLOSED,BTCUSDT,LONG,2024-04-04 07:10:00+00:00,2024-04-04 07:15:00+00:00,66050.0,66083.025,2024-04-04 13:20:00+00:00,67404.68549999999,67370.98315725,0.00022105633551366133,14.608071346157669,0.1460807134615767,65422.194749999995,67404.68549999999,TP,0.29946181240349035,0.014608071346157669,0.014892782656694283,0.007300385480337379,0.007450116386539371,0.01475050186687675,0.2552104565337617,1.7470510000000044,0 days 06:05:00
5m,DEVELOPMENT,222,CLOSED,BTCUSDT,LONG,2024-04-04 13:20:00+00:00,2024-04-04 13:25:00+00:00,67271.96,67305.59598,2024-04-04 17:50:00+00:00,68651.7078996,68617.38204565021,0.000220828990974346,14.863026847190397,0.14863026847190397,66632.5400202,68651.7078996,TP,0.30468833646764104,0.014863026847190397,0.015152707240442143,0.007427799523831479,0.0075801436920651276,0.015007943215896605,0.2596646591641119,1.7470510000000243,0 days 04:25:00
5m,DEVELOPMENT,223,CLOSED,BTCUSDT,LONG,2024-04-04 17:50:00+00:00,2024-04-04 17:55:00+00:00,68766.25,68800.633125,2024-04-04 20:05:00+00:00,68112.62679375,68078.57048035313,0.0002198007694729423,15.1224321011006,0.151224321011006,68112.62679375,70176.64578749999,SL,-0.14366688367912292,0.0151224321011006,0.014963722176199552,0.0075574373318828235,0.007485603890043273,0.015043041221926096,-0.18879607917834915,-1.2484504999999881,0 days 02:10:00
5m,DEVELOPMENT,224,CLOSED,BTCUSDT,LONG,2024-04-04 23:15:00+00:00,2024-04-04 23:20:00+00:00,68379.59,68413.779795,2024-04-05 02:15:00+00:00,67729.64199705,67695.77717605147,0.00021828679359834748,14.933824629393959,0.1493382462939396,67729.64199705,69782.0553909,SL,-0.1418750655696042,0.014933824629393959,0.014777094139908471,0.007463180724334466,0.007392243191550191,0.014855423915884658,-0.1864414082547913,-1.248450499999995,0 days 02:55:00
5m,DEVELOPMENT,225,CLOSED,BTCUSDT,LONG,2024-04-05 13:45:00+00:00,2024-04-05 13:50:00+00:00,67387.99,67421.683995,2024-04-06 22:40:00+00:00,68770.1176749,68735.73261606255,0.00021873629672889737,14.74756947629227,0.14747569476292272,66747.46715504999,68770.1176749,TP,0.30232148921414637,0.01474756947629227,0.015034999605385208,0.0073700996883007104,0.007521260432908623,0.014891360121209334,0.25764756001125955,1.7470510000000044,1 days 08:50:00
5m,DEVELOPMENT,226,CLOSED,BTCUSDT,LONG,2024-04-06 22:50:00+00:00,2024-04-06 22:55:00+00:00,69059.85,69094.379925,2024-04-08 07:35:00+00:00,70476.2675235,70441.02938973827,0.00021716613800458373,15.00495964613369,0.1500495964613369,68403.43612575,70476.2675235,TP,0.3075979233805118,0.01500495964613369,0.015297406309636838,0.007498730457836899,0.007652529419526174,0.015151259877363073,0.26214429754737817,1.7470510000000206,1 days 08:40:00
5m,DEVELOPMENT,227,CLOSED,BTCUSDT,LONG,2024-04-08 07:35:00+00:00,2024-04-08 07:40:00+00:00,70805.99,70841.392995,2024-04-08 09:20:00+00:00,72258.2208549,72222.09174447256,0.0002155073667501636,15.266842061265937,0.15266842061265937,70132.97906505,72258.2208549,TP,0.31296644745283814,0.015266842061265938,0.015564392813040012,0.0076296062275185055,0.00778608945124398,0.015415695678762486,0.2667195168997697,1.7470510000000166,0 days 01:40:00
5m,DEVELOPMENT,228,CLOSED,BTCUSDT,LONG,2024-04-08 09:20:00+00:00,2024-04-08 09:25:00+00:00,72160.86,72196.94043,2024-04-08 14:25:00+00:00,71474.9710257,71439.23354018715,0.00021515170909718108,15.533295125101873,0.15533295125101873,71474.9710257,73640.8792386,SL,-0.14757018507155828,0.015533295125101872,0.015370273192763928,0.007762766179461592,0.007688981086924072,0.015451747266385665,-0.19392550065580977,-1.2484504999999988,0 days 05:00:00
5m,DEVELOPMENT,229,CLOSED,BTCUSDT,LONG,2024-04-08 18:40:00+00:00,2024-04-08 18:45:00+00:00,72064.14,72100.17207,2024-04-09 00:45:00+00:00,71379.1703493,71343.48076412534,0.00021275349164662477,15.339563356214953,0.15339563356214952,71379.1703493,73542.1755114,SL,-0.14572968485839488,0.015339563356214954,0.015178574638791477,0.007665948703755835,0.007593083861326863,0.015259032565082698,-0.19150685541848397,-1.2484505000000106,0 days 06:00:00
5m,DEVELOPMENT,230,CLOSED,BTCUSDT,LONG,2024-04-09 12:00:00+00:00,2024-04-09 12:05:00+00:00,70897.99,70933.438995,2024-04-09 13:45:00+00:00,70224.10460505,70188.99255274748,0.00021355580711946204,15.14824781633635,0.1514824781633635,70224.10460505,72352.10777490001,SL,-0.14391213942456565,0.01514824781633635,0.0149892669555039,0.007570338738798524,0.007498382669084683,0.015068721407883207,-0.18911837560428912,-1.2484504999999926,0 days 01:40:00
5m,DEVELOPMENT,231,CLOSED,BTCUSDT,LONG,2024-04-09 21:30:00+00:00,2024-04-09 21:35:00+00:00,69157.04,69191.61851999999,2024-04-10 02:55:00+00:00,68499.7023348,68465.4524836326,0.00021620130718367562,14.959318370178217,0.14959318370178218,68499.7023348,70575.4508904,SL,-0.14211726247730547,0.014959318370178217,0.014802320323883199,0.0074759212244758936,0.00740486259323631,0.014880783817712203,-0.18675968498907908,-1.2484504999999817,0 days 05:20:00
5m,DEVELOPMENT,232,CLOSED,BTCUSDT,LONG,2024-04-10 04:55:00+00:00,2024-04-10 05:00:00+00:00,69134.34,69168.90716999999,2024-04-10 12:30:00+00:00,68477.21809829999,68442.97948925084,0.00021357494086169786,14.772745258301017,0.14772745258301018,68477.21809829999,70552.28531339999,SL,-0.14034477129450634,0.014772745258301016,0.014617705296815147,0.007382681288505146,0.00731250890285881,0.014695190191363956,-0.18443041204098645,-1.2484505000000075,0 days 07:30:00
5m,DEVELOPMENT,233,CLOSED,BTCUSDT,LONG,2024-04-10 16:00:00+00:00,2024-04-10 16:05:00+00:00,68808.01,68842.41400499998,2024-04-10 22:00:00+00:00,70219.26228509999,70184.15265395744,0.00021191149821338852,14.588499092425907,0.14588499092425908,68153.98986494998,70219.26228509999,TP,0.2990605860926082,0.014588499092425909,0.014872828939737289,0.007290604244088666,0.007440134537137197,0.014730738781225862,0.25486851927921916,1.7470510000000097,0 days 05:55:00
5m,DEVELOPMENT,234,CLOSED,BTCUSDT,LONG,2024-04-10 22:00:00+00:00,2024-04-10 22:05:00+00:00,70390.01,70425.205005,2024-04-11 13:40:00+00:00,69720.95295495,69686.09247847254,0.00021076421427166498,14.843112997799752,0.1484311299779975,69720.95295495,71833.7091051,SL,-0.14101328240288405,0.014843112997799753,0.014687334526887847,0.0074178475751126155,0.007347340933908674,0.014765188509021289,-0.18530891843659292,-1.2484504999999793,0 days 15:35:00
5m,DEVELOPMENT,235,CLOSED,BTCUSDT,LONG,2024-04-11 19:20:00+00:00,2024-04-11 19:25:00+00:00,70232.01,70267.12600499998,2024-04-12 14:35:00+00:00,69564.45474494998,69529.6725175775,0.0002086037957794771,14.657989203157802,0.14657989203157804,69564.45474494998,71672.46852509999,SL,-0.13925456009596993,0.014657989203157803,0.01450415360647066,0.007325331935608791,0.007255704655562937,0.014581036591171728,-0.18299773949677015,-1.2484505000000037,0 days 19:10:00
5m,DEVELOPMENT,236,CLOSED,BTCUSDT,LONG,2024-04-13 03:50:00+00:00,2024-04-13 03:55:00+00:00,67023.55,67057.061775,2024-04-13 19:45:00+00:00,66386.49115725,66353.29791167138,0.00021586353316754175,14.475174278585607,0.14475174278585606,66386.49115725,68398.2030105,SL,-0.1375177726316413,0.014475174278585608,0.014323257324531853,0.007233970154213917,0.007165211267897817,0.014399181422111735,-0.1807153856568705,-1.2484504999999801,0 days 15:50:00
5m,DEVELOPMENT,237,CLOSED,BTCUSDT,LONG,2024-04-14 05:05:00+00:00,2024-04-14 05:10:00+00:00,64231.37,64263.485685,2024-04-14 14:35:00+00:00,63620.850828149996,63589.040402735925,0.00022243797197443515,14.294639427779545,0.14294639427779546,63620.850828149996,65548.7553987,SL,-0.13580264643782708,0.014294639427779546,0.014144617186984999,0.007143747839969127,0.007075846516749936,0.014219594356719063,-0.17846149740931072,-1.2484504999999988,0 days 09:25:00
5m,DEVELOPMENT,238,CLOSED,BTCUSDT,LONG,2024-04-14 16:25:00+00:00,2024-04-14 16:30:00+00:00,64628.73,64661.044365,2024-04-14 17:10:00+00:00,64014.43392135,63982.42670438933,0.00021831314900978296,14.116356213584432,0.14116356213584433,64014.43392135,65954.2652523,SL,-0.13410891135444375,0.014116356213584431,0.013968205055122864,0.007054650781401157,0.006987596325723626,0.014042247107124782,-0.17623571973027582,-1.2484504999999992,0 days 00:40:00
5m,DEVELOPMENT,239,CLOSED,BTCUSDT,LONG,2024-04-14 20:30:00+00:00,2024-04-14 20:35:00+00:00,64190.29,64222.385145,2024-04-14 21:05:00+00:00,63580.16129355,63548.37121290323,0.0002170628904865509,13.940296553514228,0.13940296553514228,63580.16129355,65506.832847900005,SL,-0.13243630059085715,0.013940296553514229,0.013793993141185096,0.006966664944284824,0.006900446793989169,0.013867111738273992,-0.17403770202383045,-1.248450499999995,0 days 00:30:00
5m,DEVELOPMENT,240,CLOSED,BTCUSDT,LONG,2024-04-14 23:15:00+00:00,2024-04-14 23:20:00+00:00,65432.86,65465.576429999994,2024-04-15 04:05:00+00:00,64810.920665699996,64778.51520536715,0.00021028506073032962,13.766432715328584,0.13766432715328583,64810.920665699996,66774.8879586,SL,-0.13078455068385728,0.013766432715328585,0.013621954003981212,0.0068797764694281316,0.006814384194087171,0.013694160663515302,-0.17186709806668238,-1.2484504999999935,0 days 04:45:00
5m,DEVELOPMENT,241,CLOSED,BTCUSDT,LONG,2024-04-15 05:50:00+00:00,2024-04-15 05:55:00+00:00,65420.55,65453.260275,2024-04-15 09:20:00+00:00,66762.3254805,66728.94431775976,0.00020770145376329104,13.594737312664567,0.13594737312664568,64798.72767225,66762.3254805,TP,0.27868871792378846,0.013594737312664567,0.013859698742888402,0.006793971670496544,0.006933316029458204,0.013727287699954748,0.23750699416828075,1.7470510000000095,0 days 03:25:00
5m,DEVELOPMENT,242,CLOSED,BTCUSDT,LONG,2024-04-15 09:20:00+00:00,2024-04-15 09:25:00+00:00,66610.04,66643.34502,2024-04-15 11:40:00+00:00,65976.9115698,65943.9231140151,0.0002075527126220533,13.832007037108406,0.13832007037108407,65976.9115698,67976.21192039999,SL,-0.13140752312615203,0.013832007037108407,0.013686840123253953,0.006912547244931694,0.006846843483368661,0.013759390728300354,-0.17268576101481473,-1.2484504999999972,0 days 02:15:00
5m,DEVELOPMENT,243,CLOSED,BTCUSDT,LONG,2024-04-16 00:10:00+00:00,2024-04-16 00:15:00+00:00,63581.82,63613.610909999996,2024-04-16 00:45:00+00:00,62977.474800899996,62945.98606349955,0.00021472596184905613,13.65949378934136,0.1365949378934136,62977.474800899996,64885.883128199996,SL,-0.12976860416560765,0.01365949378934136,0.013516137402022224,0.006826333727805934,0.006761449425723234,0.013587783153529168,-0.17053201851050043,-1.2484504999999948,0 days 00:30:00
5m,DEVELOPMENT,244,CLOSED,BTCUSDT,LONG,2024-04-16 01:15:00+00:00,2024-04-16 01:20:00+00:00,63637.0,63668.818499999994,2024-04-16 02:00:00+00:00,63032.130314999995,63000.614249842496,0.00021186402465576956,13.489132132487716,0.13489132132487716,63032.130314999995,64942.19486999999,SL,-0.12815012585636865,0.013489132132487716,0.013347563690757258,0.006741195468508321,0.006677120405581169,0.01341831587408949,-0.16840513755370315,-1.248450499999997,0 days 00:40:00
5m,DEVELOPMENT,245,CLOSED,BTCUSDT,LONG,2024-04-16 07:15:00+00:00,2024-04-16 07:20:00+00:00,63328.54,63360.204269999995,2024-04-16 10:15:00+00:00,62726.60222729999,62695.23892618634,0.0002102407242102578,13.320895231834669,0.1332089523183467,62726.60222729999,64627.408355399995,SL,-0.12655183326195968,0.013320895231834669,0.013181092436376564,0.006657119056387847,0.006593843139757751,0.013250962196145598,-0.1663047831263165,-1.248450500000003,0 days 02:55:00
5m,DEVELOPMENT,246,CLOSED,BTCUSDT,LONG,2024-04-16 18:55:00+00:00,2024-04-16 19:00:00+00:00,63003.93,63035.431964999996,2024-04-16 21:45:00+00:00,64296.140604299995,64263.99253399785,0.0002086882912876194,13.154756587352836,0.13154756587352837,62405.07764534999,64296.140604299995,TP,0.26966922299510804,0.013154756587352837,0.013411142793240342,0.006574091248051523,0.006708925859548764,0.013283017107600287,0.2298203065069146,1.7470510000000075,0 days 02:45:00
5m,DEVELOPMENT,247,CLOSED,BTCUSDT,LONG,2024-04-16 21:45:00+00:00,2024-04-16 21:50:00+00:00,64347.88,64380.05393999999,2024-04-16 22:15:00+00:00,63736.25340059999,63704.385273899694,0.00020789586966823162,13.38434730314396,0.1338434730314396,63736.25340059999,65667.6550188,SL,-0.12715464379448735,0.01338434730314396,0.013243878578197464,0.006688829236952113,0.006625251915055758,0.01331408115200787,-0.16709695082783665,-1.2484504999999955,0 days 00:25:00
5m,DEVELOPMENT,248,CLOSED,BTCUSDT,LONG,2024-04-16 23:20:00+00:00,2024-04-16 23:25:00+00:00,63846.53,63878.453265,2024-04-17 07:55:00+00:00,63239.668732349994,63208.04889798382,0.00020691511154010612,13.21741728233693,0.1321741728233693,63239.668732349994,65156.022330299995,SL,-0.12556876688517102,0.01321741728233693,0.013078700487958804,0.006605405938198875,0.006542621554756672,0.013148027492955548,-0.1650129121484223,-1.248450500000004,0 days 08:30:00
5m,DEVELOPMENT,249,CLOSED,BTCUSDT,LONG,2024-04-17 18:25:00+00:00,2024-04-17 18:30:00+00:00,61790.73,61821.625365,2024-04-17 19:00:00+00:00,61203.409111349996,61172.80740679432,0.00021113274103016773,13.052569218252593,0.13052569218252594,61203.409111349996,63058.0578723,SL,-0.12400266908494989,0.013052569218252593,0.012915582504307032,0.006523023097576805,0.006461021763034563,0.012984044860611367,-0.16295486566812087,-1.2484505000000021,0 days 00:30:00
5m,DEVELOPMENT,250,CLOSED,BTCUSDT,LONG,2024-04-17 21:15:00+00:00,2024-04-17 21:20:00+00:00,61646.62,61677.44331,2024-04-17 21:40:00+00:00,61060.6688769,61030.13854246156,0.00020898689136435392,12.889777144658067,0.12889777144658068,61060.6688769,62910.9921762,SL,-0.12245610370812081,0.012889777144658068,0.012754498933524882,0.006441667738459755,0.006380439686604635,0.01282210742506439,-0.16092248721136815,-1.2484504999999904,0 days 00:20:00
5m,DEVELOPMENT,251,CLOSED,BTCUSDT,LONG,2024-04-17 22:20:00+00:00,2024-04-17 22:25:00+00:00,61367.59,61398.273794999994,2024-04-18 11:15:00+00:00,62626.2392709,62594.92615126455,0.00020731878328815136,12.729015419172187,0.12729015419172188,60784.291057049995,62626.2392709,TP,0.2609416354295071,0.012729015419172188,0.012977103929691853,0.00636132704606248,0.006491797863776636,0.012853124909839116,0.22238239117080394,1.7470510000000161,0 days 12:50:00
5m,DEVELOPMENT,252,CLOSED,BTCUSDT,LONG,2024-04-18 11:15:00+00:00,2024-04-18 11:20:00+00:00,62684.16,62715.50208,2024-04-18 12:30:00+00:00,62088.3470592,62057.302885670404,0.00020650676819251976,12.95117565011205,0.1295117565011205,62088.3470592,63969.8121216,SL,-0.12303940485188956,0.012951175650112052,0.012815253061664127,0.0064723516492303556,0.0064108319468048815,0.012883183596035238,-0.16168901715970097,-1.2484504999999908,0 days 01:10:00
5m,DEVELOPMENT,253,CLOSED,BTCUSDT,LONG,2024-04-18 13:45:00+00:00,2024-04-18 13:50:00+00:00,62604.52,62635.82225999999,2024-04-18 14:35:00+00:00,63888.53870519999,63856.59443584739,0.00020419063243637896,12.789648160442022,0.12789648160442021,62009.464037399994,63888.53870519999,TP,0.26218459147492773,0.012789648160442021,0.013038918403089036,0.006391628266087304,0.006522720561825392,0.012914348827912696,0.22344167608348395,1.7470510000000001,0 days 00:45:00
5m,DEVELOPMENT,254,CLOSED,BTCUSDT,LONG,2024-04-18 15:05:00+00:00,2024-04-18 15:10:00+00:00,64105.23,64137.282615,2024-04-18 15:45:00+00:00,63495.90978885,63464.16183395557,0.00020289083178314323,13.012866618067882,0.1301286661806788,63495.90978885,65420.0282673,SL,-0.12362548446250535,0.013012866618067883,0.01287629658291126,0.006503181718173482,0.006441368975943554,0.012944550694117036,-0.16245919835760153,-1.2484505,0 days 00:35:00
5m,DEVELOPMENT,255,CLOSED,BTCUSDT,LONG,2024-04-18 16:20:00+00:00,2024-04-18 16:25:00+00:00,63673.02,63704.85650999999,2024-04-18 17:50:00+00:00,63067.80794489999,63036.27404092754,0.00020172040909619717,12.850569716611737,0.12850569716611737,63067.80794489999,64978.953640199994,SL,-0.1220836233447231,0.012850569716611738,0.0127157029874359,0.006422073821393906,0.006361032009722706,0.012783105831116612,-0.16043300187988738,-1.2484504999999966,0 days 01:25:00
5m,DEVELOPMENT,256,CLOSED,BTCUSDT,LONG,2024-04-18 19:55:00+00:00,2024-04-18 20:00:00+00:00,63477.04,63508.77852,2024-04-19 00:55:00+00:00,62873.6907348,62842.253889432606,0.000199819572714103,12.690296987461004,0.12690296987461003,62873.6907348,64778.9540904,SL,-0.12056099236963175,0.012690296987461004,0.012557112320577601,0.006341977504977807,0.006281697008792401,0.012623674513770208,-0.15843207619144054,-1.24845049999999,0 days 04:55:00
5m,DEVELOPMENT,257,CLOSED,BTCUSDT,LONG,2024-04-19 04:35:00+00:00,2024-04-19 04:40:00+00:00,62626.63,62657.943315,2024-04-19 05:15:00+00:00,62031.36388185,62000.34819990907,0.0002000069348281952,12.532023185071955,0.12532023185071955,62031.36388185,63911.1021813,SL,-0.11905735169825994,0.012532023185071956,0.012400499601744623,0.006262880152459632,0.006203351476610411,0.012466231629070044,-0.15645610611414656,-1.2484504999999986,0 days 00:35:00
5m,DEVELOPMENT,258,CLOSED,BTCUSDT,LONG,2024-04-19 06:30:00+00:00,2024-04-19 06:35:00+00:00,62169.39,62200.474695,2024-04-19 06:40:00+00:00,63444.4841889,63412.76194680556,0.0001989650953541508,12.375723378764118,0.12375723378764118,61578.46994805,63444.4841889,TP,0.25369923688001256,0.012375723378764117,0.012616926227416234,0.006184769304729244,0.006311618923168783,0.012496388227898027,0.21621019904593416,1.747051000000015,0 days 00:05:00
5m,DEVELOPMENT,259,CLOSED,BTCUSDT,LONG,2024-04-19 06:40:00+00:00,2024-04-19 06:45:00+00:00,63630.76,63662.57538,2024-04-19 06:50:00+00:00,64935.8268876,64903.3589741562,0.00019778837894077688,12.591717583605213,0.12591717583605214,63025.9496262,64935.8268876,TP,0.2581270641076887,0.012591717583605213,0.012837130159309679,0.0062927124355848145,0.006421775967638153,0.012714488403222968,0.21998372796155083,1.7470510000000008,0 days 00:05:00
5m,DEVELOPMENT,260,CLOSED,BTCUSDT,LONG,2024-04-19 06:50:00+00:00,2024-04-19 06:55:00+00:00,64694.02,64726.367009999994,2024-04-19 14:25:00+00:00,64079.10333989999,64047.06378823004,0.00019793296208983022,12.811481547602767,0.12811481547602768,64079.10333989999,66020.89435019999,SL,-0.12171227597197898,0.012811481547602768,0.012677025048760676,0.0064025395040489,0.006341683366063373,0.012744222870112273,-0.1599450054384547,-1.2484505000000015,0 days 07:30:00
5m,DEVELOPMENT,261,CLOSED,BTCUSDT,LONG,2024-04-19 21:55:00+00:00,2024-04-19 22:00:00+00:00,64398.31,64430.50915499999,2024-04-19 23:00:00+00:00,63786.20406344999,63754.31096141827,0.0001963618865241068,12.651696327384533,0.12651696327384535,63786.20406344999,65719.11933809999,SL,-0.12019427645356402,0.012651696327384533,0.012518916774428632,0.006322686820281103,0.006262589682055343,0.012585276502336446,-0.15795016605771361,-1.2484504999999981,0 days 01:00:00
5m,DEVELOPMENT,262,CLOSED,BTCUSDT,LONG,2024-04-20 03:20:00+00:00,2024-04-20 03:25:00+00:00,64014.6,64046.607299999996,2024-04-20 09:45:00+00:00,63406.14122699999,63374.438156386495,0.00019507518790461373,12.493903953700505,0.12493903953700505,63406.14122699999,65327.539445999995,SL,-0.11869520947518683,0.012493903953700505,0.012362780431706417,0.006243830061818853,0.006184482457081243,0.012428312518900097,-0.15598020637949384,-1.2484505000000008,0 days 06:20:00
5m,DEVELOPMENT,263,CLOSED,BTCUSDT,LONG,2024-04-20 12:45:00+00:00,2024-04-20 12:50:00+00:00,63913.07,63945.026535,2024-04-20 17:15:00+00:00,65223.9270657,65191.31510216716,0.00019294822819331887,12.338079571703009,0.12338079571703009,63305.576269649995,65223.9270657,TP,0.2529275482415083,0.01233807957170301,0.012578548742555503,0.0061659568074473045,0.006292420581567227,0.012458377389014532,0.21555254253823528,1.7470510000000175,0 days 04:25:00
5m,DEVELOPMENT,264,CLOSED,BTCUSDT,LONG,2024-04-20 17:15:00+00:00,2024-04-20 17:20:00+00:00,65316.31,65348.968154999995,2024-04-20 20:20:00+00:00,64695.47847344999,64663.13073421327,0.0001920981636199779,12.553416777035913,0.12553416777035914,64695.47847344999,66655.9475181,SL,-0.11926059616764369,0.012553416777035914,0.012421668667960923,0.00627357160271609,0.006213941304631889,0.012487512907347979,-0.15672319451998853,-1.2484504999999984,0 days 03:00:00
5m,DEVELOPMENT,265,CLOSED,BTCUSDT,LONG,2024-04-20 23:55:00+00:00,2024-04-21 00:00:00+00:00,64940.58,64973.05029,2024-04-21 16:35:00+00:00,64323.3197871,64291.15812720646,0.00019079987923934392,12.39685014914382,0.1239685014914382,64323.3197871,66272.5112958,SL,-0.11777317408057184,0.01239685014914382,0.012266745206828557,0.0061953274108659945,0.006136440823824932,0.012331768234690926,-0.15476853767123513,-1.2484504999999868,0 days 16:35:00
5m,DEVELOPMENT,266,CLOSED,BTCUSDT,LONG,2024-04-21 22:05:00+00:00,2024-04-21 22:10:00+00:00,64978.0,65010.488999999994,2024-04-22 05:55:00+00:00,66310.69877999999,66277.54343060999,0.00018831170805985376,12.242236225396333,0.12242236225396333,64360.38410999999,66310.69877999999,TP,0.25096278359108165,0.012242236225396334,0.012480837409429308,0.006118059083155482,0.006243540474951975,0.012361599558107457,0.21387811039814858,1.7470509999999975,0 days 07:45:00
5m,DEVELOPMENT,267,CLOSED,BTCUSDT,LONG,2024-04-22 05:55:00+00:00,2024-04-22 06:00:00+00:00,66377.99,66411.178995,2024-04-22 11:40:00+00:00,65747.06720505,65714.19367144747,0.00018755728869512042,12.45590067134853,0.12455900671348531,65747.06720505,67739.4025749,SL,-0.11833416879677044,0.012455900671348531,0.012325175993802728,0.006224837916713942,0.006165670832317984,0.012390508749031926,-0.1555057542109536,-1.2484504999999961,0 days 05:40:00
5m,DEVELOPMENT,268,CLOSED,BTCUSDT,LONG,2024-04-22 13:05:00+00:00,2024-04-22 13:10:00+00:00,66213.2,66246.3066,2024-04-24 14:25:00+00:00,65583.843534,65551.051612233,0.00018567903478473147,12.300550267541386,0.12300550267541387,65583.843534,67571.232732,SL,-0.1168583011424092,0.012300550267541385,0.01217145599248354,0.006147201533004036,0.006088772382432747,0.012235973915436783,-0.15356628131787092,-1.248450499999993,2 days 01:15:00
5m,DEVELOPMENT,269,CLOSED,BTCUSDT,LONG,2024-04-25 00:25:00+00:00,2024-04-25 00:30:00+00:00,64484.4,64516.642199999995,2024-04-25 02:00:00+00:00,63871.47577799999,63839.540040110995,0.0001882791320948809,12.147137399091966,0.12147137399091966,63871.47577799999,65806.97504399999,SL,-0.11540084055809174,0.012147137399091967,0.012019653192088496,0.006070533432828311,0.00601283301255017,0.01208336644537848,-0.1516509975946507,-1.2484505000000004,0 days 01:30:00
5m,DEVELOPMENT,270,CLOSED,BTCUSDT,LONG,2024-04-25 06:30:00+00:00,2024-04-25 06:35:00+00:00,64391.99,64424.18599499999,2024-04-25 08:35:00+00:00,63779.94413504999,63748.05416298247,0.00018619774104598549,11.995637900995414,0.11995637900995414,63779.94413504999,65712.6697149,SL,-0.1139615574702276,0.011995637900995414,0.011869743681224468,0.005994821539726834,0.005937840760991446,0.01193266230071828,-0.1497596013531658,-1.2484504999999921,0 days 02:00:00
5m,DEVELOPMENT,271,CLOSED,BTCUSDT,LONG,2024-04-25 15:50:00+00:00,2024-04-25 15:55:00+00:00,64142.09,64174.16104499999,2024-04-26 15:05:00+00:00,63532.41943454999,63500.65322483272,0.00018459186246824448,11.84602790963361,0.11846027909633611,63532.41943454999,65457.644265899995,SL,-0.11254022516848394,0.01184602790963361,0.011721703846722008,0.005920053927852318,0.005863783815268164,0.011783837743120482,-0.14789179466796004,-1.2484504999999972,0 days 23:10:00
5m,DEVELOPMENT,272,CLOSED,BTCUSDT,LONG,2024-04-26 20:10:00+00:00,2024-04-26 20:15:00+00:00,63970.27,64002.25513499999,2024-04-27 00:30:00+00:00,63362.232583649995,63330.55146735817,0.00018277924479912581,11.698283859016271,0.11698283859016272,63362.232583649995,65282.300237699994,SL,-0.11113661977006498,0.011698283859016272,0.011575510369915897,0.005846218820097238,0.0057906505102128455,0.011636869330310082,-0.14604728332930722,-1.248450499999994,0 days 04:15:00
5m,DEVELOPMENT,273,CLOSED,BTCUSDT,LONG,2024-04-27 13:20:00+00:00,2024-04-27 13:25:00+00:00,63215.88,63247.48793999999,2024-04-29 02:40:00+00:00,62615.013060599995,62583.7055540697,0.00018265361761131337,11.552382477068912,0.11552382477068912,62615.013060599995,64512.43769879999,SL,-0.10975052018444828,0.011552382477068912,0.011431140222972076,0.005773304586240316,0.005718429326148796,0.011491733912389113,-0.14422577679687837,-1.2484504999999926,1 days 13:15:00
5m,DEVELOPMENT,274,CLOSED,BTCUSDT,LONG,2024-04-29 10:20:00+00:00,2024-04-29 10:25:00+00:00,62673.18,62704.51659,2024-04-29 12:30:00+00:00,62077.4714241,62046.43268838795,0.00018193746483305976,11.408300781967137,0.11408300781967137,62077.4714241,63958.6069218,SL,-0.10838170807855904,0.011408300781967137,0.011288570665260391,0.0057012997411128264,0.005647108887073541,0.011348408628186368,-0.14242698815397295,-1.2484505000000028,0 days 02:05:00
5m,DEVELOPMENT,275,CLOSED,BTCUSDT,LONG,2024-04-29 13:00:00+00:00,2024-04-29 13:05:00+00:00,62683.21,62714.55160499999,2024-04-29 13:40:00+00:00,62087.406088949996,62056.36238590552,0.00017963958587273736,11.266016078516614,0.11266016078516615,62087.406088949996,63968.842637099995,SL,-0.1070299678423798,0.011266016078516614,0.011147779239772584,0.005630192942785866,0.005576677958865484,0.01120687090165135,-0.14065063406232034,-1.2484504999999935,0 days 00:35:00
5m,DEVELOPMENT,276,CLOSED,BTCUSDT,LONG,2024-04-29 14:30:00+00:00,2024-04-29 14:35:00+00:00,62990.0,63021.494999999995,2024-04-30 00:45:00+00:00,64281.9249,64249.783937550004,0.00017653510051734308,11.125505954578234,0.11125505954578234,62391.280049999994,64281.9249,TP,0.2280700920823581,0.011125505954578233,0.011342342065632964,0.005559972990792898,0.005674008036833809,0.011233981027626707,0.19436826303452018,1.7470510000000143,0 days 10:10:00
5m,DEVELOPMENT,277,CLOSED,BTCUSDT,LONG,2024-04-30 00:45:00+00:00,2024-04-30 00:50:00+00:00,64400.39,64432.590195,2024-04-30 01:55:00+00:00,63788.26429304999,63756.37016090347,0.00017568252353763393,11.319680043523809,0.11319680043523808,63788.26429304999,65721.2419989,SL,-0.10753978891923525,0.011319680043523808,0.011200880001467026,0.005657011516003485,0.005603241621544197,0.011260253137547683,-0.14132060210177377,-1.248450500000005,0 days 01:05:00
5m,DEVELOPMENT,278,CLOSED,BTCUSDT,LONG,2024-04-30 22:15:00+00:00,2024-04-30 22:20:00+00:00,60424.41,60454.622205,2024-05-01 01:15:00+00:00,59850.07598295,59820.15094495853,0.00018490729431636706,11.178500620844714,0.11178500620844714,59850.07598295,61663.7146491,SL,-0.106198549126566,0.011178500620844713,0.01106118225682895,0.005586457081880709,0.005533357807317912,0.011119814889198621,-0.1395580468934383,-1.2484504999999941,0 days 02:55:00
5m,DEVELOPMENT,279,CLOSED,BTCUSDT,LONG,2024-05-01 18:00:00+00:00,2024-05-01 18:05:00+00:00,58063.97,58093.001984999995,2024-05-01 18:50:00+00:00,59254.8620247,59225.23459368765,0.00019002429923366517,11.039081992579543,0.11039081992579544,57512.07196515,59254.8620247,TP,0.22629842245657794,0.011039081992579544,0.011254233700614921,0.00551678260498617,0.005629931816215206,0.011146714421201376,0.19285839234218208,1.747051000000011,0 days 00:45:00
5m,DEVELOPMENT,280,CLOSED,BTCUSDT,LONG,2024-05-01 18:50:00+00:00,2024-05-01 18:55:00+00:00,59446.77,59476.493384999994,2024-05-01 18:55:00+00:00,58881.72845115,58852.28758692442,0.00018884347546332925,11.231747719195111,0.1123174771919511,58881.72845115,60666.0232527,SL,-0.10670440986601658,0.011231747719195112,0.011113870526882159,0.005613067325934118,0.005559715121001207,0.011172782446935325,-0.14022281055902916,-1.248450499999993,0 days 00:00:00
5m,DEVELOPMENT,281,CLOSED,BTCUSDT,LONG,2024-05-01 21:30:00+00:00,2024-05-01 21:35:00+00:00,57887.98,57916.92399,2024-05-02 01:30:00+00:00,57337.7547501,57309.08587272495,0.00019150991156365648,11.091664991363915,0.11091664991363916,57337.7547501,59075.26246980001,SL,-0.10537358894844025,0.011091664991363916,0.01097525796727955,0.005543060965199311,0.005490374170725179,0.01103343513592449,-0.1384739470430082,-1.248450500000004,0 days 03:55:00
5m,DEVELOPMENT,282,CLOSED,BTCUSDT,LONG,2024-05-02 07:00:00+00:00,2024-05-02 07:05:00+00:00,57740.28,57769.15014,2024-05-02 12:15:00+00:00,58924.5331428,58895.0708762286,0.00018960516734948697,10.953329379932338,0.10953329379932339,57191.4586386,58924.5331428,TP,0.22454051532474992,0.010953329379932339,0.011166809769547219,0.005473927726102943,0.005586197983765071,0.011060125709868016,0.19136025046540234,1.7470510000000057,0 days 05:10:00
5m,DEVELOPMENT,283,CLOSED,BTCUSDT,LONG,2024-05-02 12:15:00+00:00,2024-05-02 12:20:00+00:00,59061.23,59090.760615,2024-05-02 13:10:00+00:00,58499.85300885,58470.60308234557,0.00018859967861857853,11.144498461316358,0.11144498461316359,58499.85300885,60272.5758273,SL,-0.10587552011475569,0.011144498461316358,0.011027536949964842,0.005569464498408226,0.005516526738351477,0.011085991236759702,-0.13913354676279657,-1.2484505000000017,0 days 00:50:00
5m,DEVELOPMENT,284,CLOSED,BTCUSDT,LONG,2024-05-02 13:20:00+00:00,2024-05-02 13:25:00+00:00,58731.11,58760.475555,2024-05-03 03:15:00+00:00,59935.6850661,59905.71722356695,0.00018729433016253562,11.005503909105773,0.11005503909105774,58172.87079945,59935.6850661,TP,0.22561008013569125,0.011005503909105773,0.011220001180294245,0.0055000019535754755,0.005612806993643834,0.011112808947219308,0.19227176609907193,1.7470510000000037,0 days 13:50:00
5m,DEVELOPMENT,285,CLOSED,BTCUSDT,LONG,2024-05-03 03:15:00+00:00,2024-05-03 03:20:00+00:00,59980.0,60009.99,2024-05-03 06:15:00+00:00,59409.8901,59380.18515495,0.00018659532513700525,11.197583595518433,0.11197583595518433,59409.8901,61210.1898,SL,-0.10637984215432612,0.011197583595518434,0.011080064955683467,0.005595993800858407,0.005542803879781262,0.011138797680639669,-0.1397962883861677,-1.2484504999999986,0 days 02:55:00
5m,DEVELOPMENT,286,CLOSED,BTCUSDT,LONG,2024-05-03 12:35:00+00:00,2024-05-03 12:40:00+00:00,60161.99,60192.070994999995,2024-05-03 13:30:00+00:00,61395.9124149,61365.21445869255,0.00018371069114207046,11.057926963764022,0.11057926963764021,59590.15028505,61395.9124149,TP,0.22668473965697164,0.011057926963764023,0.011273445960287785,0.005526200381690545,0.005639542751519365,0.01116574313320991,0.19318762359970992,1.7470510000000086,0 days 00:50:00
5m,DEVELOPMENT,287,CLOSED,BTCUSDT,LONG,2024-05-03 13:30:00+00:00,2024-05-03 13:35:00+00:00,61480.01,61510.750005,2024-05-03 20:20:00+00:00,62740.965005100006,62709.59452259746,0.0001829098424555092,11.250921592734763,0.11250921592734762,60895.64250495,62740.965005100006,TP,0.23064108132632757,0.011250921592734763,0.011470202054577163,0.005622649471631502,0.005737970012294516,0.011360619483926018,0.1965593381950896,1.747051000000009,0 days 06:45:00
5m,DEVELOPMENT,288,CLOSED,BTCUSDT,LONG,2024-05-03 20:20:00+00:00,2024-05-03 20:25:00+00:00,62754.01,62785.387005,2024-05-04 10:50:00+00:00,64041.094745099996,64009.07419772745,0.0001823240265611967,11.447284567954632,0.11447284567954633,62157.53313495,64041.094745099996,TP,0.2346664732521223,0.011447284567954633,0.01167039214418407,0.005720781893029858,0.005838115129655708,0.011558897022685566,0.19998989951729804,1.7470510000000083,0 days 14:25:00
5m,DEVELOPMENT,289,CLOSED,BTCUSDT,LONG,2024-05-04 10:50:00+00:00,2024-05-04 10:55:00+00:00,64055.22,64087.24761,2024-05-04 13:35:00+00:00,63446.3751339,63414.651946333055,0.00018173778890053546,11.647074677362525,0.11647074677362525,63446.3751339,65368.9925622,SL,-0.11065011974845662,0.011647074677362526,0.011524838628623607,0.0058206270251682,0.005765301965293696,0.011585928990461895,-0.14540796204490464,-1.2484504999999897,0 days 02:40:00
5m,DEVELOPMENT,290,CLOSED,BTCUSDT,LONG,2024-05-04 14:30:00+00:00,2024-05-04 14:35:00+00:00,63748.79,63780.664395,2024-05-05 01:15:00+00:00,63142.857751049996,63111.28632217448,0.0001803338376468627,11.501811978016967,0.11501811978016967,63142.857751049996,65056.2776829,SL,-0.10927008780714852,0.011501811978016967,0.011381100461307678,0.005748031973021776,0.0056933969291172995,0.011441428902139075,-0.14359442914861226,-1.2484504999999961,0 days 10:40:00
5m,DEVELOPMENT,291,CLOSED,BTCUSDT,LONG,2024-05-05 07:05:00+00:00,2024-05-05 07:10:00+00:00,63465.99,63497.722995,2024-05-06 08:15:00+00:00,64767.6774549,64735.29361617255,0.00017887824104717768,11.358360999846527,0.11358360999846527,62862.74576504999,64767.6774549,TP,0.23284356232568917,0.011358360999846526,0.011579735455733537,0.005676342328758612,0.005792764109920749,0.011469106438679362,0.19843635943142973,1.7470510000000086,1 days 01:05:00
5m,DEVELOPMENT,292,CLOSED,BTCUSDT,LONG,2024-05-06 08:15:00+00:00,2024-05-06 08:20:00+00:00,64968.01,65000.494005,2024-05-06 10:40:00+00:00,64350.48906495,64318.31382041753,0.00017779248139664422,11.556599121156648,0.11556599121156648,64350.48906495,66300.5038851,SL,-0.10979057935691562,0.011556599121156648,0.011435312613380107,0.005775411854650719,0.00572051656497247,0.01149592841962319,-0.14427841951107556,-1.2484504999999981,0 days 02:20:00
5m,DEVELOPMENT,293,CLOSED,BTCUSDT,LONG,2024-05-06 21:10:00+00:00,2024-05-06 21:15:00+00:00,63501.53,63533.280764999996,2024-05-07 03:25:00+00:00,62897.94795734999,62866.49898337132,0.00017962971057867736,11.412464835930798,0.11412464835930798,62897.94795734999,64803.946380299996,SL,-0.1084212676317076,0.0114124648359308,0.011292691017477704,0.005703380727601068,0.005649170093785416,0.011352550821386484,-0.1424789743065026,-1.2484505000000032,0 days 06:10:00
5m,DEVELOPMENT,294,CLOSED,BTCUSDT,LONG,2024-05-07 06:40:00+00:00,2024-05-07 06:45:00+00:00,63652.56,63684.38627999999,2024-05-07 18:30:00+00:00,63047.54241719999,63016.0186459914,0.0001769684667873032,11.270128198261967,0.11270128198261967,63047.54241719999,64958.07400559999,SL,-0.10706903400747741,0.011270128198261967,0.011151848202821208,0.005632247975142325,0.00557871345813871,0.011210961433281035,-0.1407019718418416,-1.248450499999992,0 days 11:45:00
5m,DEVELOPMENT,295,CLOSED,BTCUSDT,LONG,2024-05-08 03:40:00+00:00,2024-05-08 03:45:00+00:00,62922.01,62953.471005,2024-05-08 06:20:00+00:00,62323.93629495,62292.77432680253,0.00017679035977137154,11.129566787830557,0.11129566787830557,62323.93629495,64212.5404251,SL,-0.10573366548558716,0.011129566787830556,0.011012761984392275,0.005562002392718457,0.0055091355599751445,0.011071137952693601,-0.1389471322105036,-1.2484504999999915,0 days 02:35:00
5m,DEVELOPMENT,296,CLOSED,BTCUSDT,LONG,2024-05-08 14:40:00+00:00,2024-05-08 14:45:00+00:00,62732.01,62763.376005,2024-05-08 15:15:00+00:00,62135.74224495,62104.67437382753,0.00017511420136272416,10.990758463943939,0.10990758463943939,62135.74224495,64018.6435251,SL,-0.10441495172392538,0.010990758463943939,0.01087541045386485,0.005492632915513551,0.00544042543965106,0.010933058355164612,-0.1372141789968988,-1.2484504999999853,0 days 00:30:00
5m,DEVELOPMENT,297,CLOSED,BTCUSDT,LONG,2024-05-08 15:45:00+00:00,2024-05-08 15:50:00+00:00,62444.76,62475.98238,2024-05-08 20:15:00+00:00,61851.2225562,61820.29694492191,0.0001737256614235081,10.853681362048938,0.10853681362048939,61851.2225562,63725.5020276,SL,-0.10311268500377324,0.010853681362048938,0.010739771976154236,0.00542412861671598,0.005372572274213031,0.01079670089092901,-0.13550283923290543,-1.2484504999999875,0 days 04:25:00
5m,DEVELOPMENT,298,CLOSED,BTCUSDT,LONG,2024-05-09 02:25:00+00:00,2024-05-09 02:30:00+00:00,61598.99,61629.789495,2024-05-09 09:20:00+00:00,61013.491600049994,60982.984854249975,0.0001739144978120908,10.718313890287792,0.10718313890287792,61013.491600049994,62862.385284899996,SL,-0.10182666019708757,0.010718313890287792,0.010605825186009223,0.0053564787057908785,0.0053055653756914865,0.010662044081482365,-0.13381284335486696,-1.248450499999996,0 days 06:50:00
5m,DEVELOPMENT,299,CLOSED,BTCUSDT,LONG,2024-05-09 14:00:00+00:00,2024-05-09 14:05:00+00:00,61294.2,61324.84709999999,2024-05-09 16:15:00+00:00,62551.34404199999,62520.068369978995,0.0001725994474774177,10.58463472609712,0.1058463472609712,60711.59862899999,62551.34404199999,TP,0.2169823670487263,0.01058463472609712,0.010790929256908754,0.0052896725267842495,0.005398163710308588,0.010687836237092838,0.18491896682862763,1.7470510000000061,0 days 02:10:00
5m,DEVELOPMENT,300,CLOSED,BTCUSDT,LONG,2024-05-09 16:15:00+00:00,2024-05-09 16:20:00+00:00,62422.46,62453.67122999999,2024-05-09 16:55:00+00:00,61829.13451769999,61798.21995044114,0.0001724377245819942,10.769368958693153,0.10769368958693154,61829.13451769999,63702.74465459999,SL,-0.10231169610432796,0.010769368958693154,0.01065634443147167,0.005381993482604158,0.005330837634552987,0.010712831117157144,-0.13445024061164992,-1.2484505000000041,0 days 00:35:00
5m,DEVELOPMENT,301,CLOSED,BTCUSDT,LONG,2024-05-09 17:30:00+00:00,2024-05-09 17:35:00+00:00,62044.73,62075.752365,2024-05-09 22:50:00+00:00,63317.2674123,63285.60877859386,0.00017132378793370092,10.635053034006194,0.10635053034006195,61454.99484135,63317.2674123,TP,0.21801592976258577,0.010635053034006194,0.010842330217638975,0.005314869082461366,0.00542387704734236,0.010738746129803725,0.18579980038113686,1.7470510000000121,0 days 05:15:00
5m,DEVELOPMENT,302,CLOSED,BTCUSDT,LONG,2024-05-09 22:50:00+00:00,2024-05-09 22:55:00+00:00,63357.45,63389.128724999995,2024-05-10 00:50:00+00:00,62755.237437749995,62723.859819031124,0.0001707022550687557,10.820667220201138,0.10820667220201138,62755.237437749995,64656.911299499996,SL,-0.10279904240680886,0.010820667220201138,0.010707104317725128,0.005407629795202616,0.005356230273998797,0.010763860069201412,-0.13509067401393654,-1.2484504999999937,0 days 01:55:00
5m,DEVELOPMENT,303,CLOSED,BTCUSDT,LONG,2024-05-10 02:25:00+00:00,2024-05-10 02:30:00+00:00,62893.95,62925.396974999996,2024-05-10 14:15:00+00:00,62296.14300524999,62264.99493374737,0.00016981555962453267,10.6857115019055,0.106857115019055,62296.14300524999,64183.904914499995,SL,-0.10151692936093205,0.0106857115019055,0.010573564959693003,0.005340185658123506,0.005289427193442226,0.010629612851565731,-0.1334058186740963,-1.248450499999996,0 days 11:45:00
5m,DEVELOPMENT,304,CLOSED,BTCUSDT,LONG,2024-05-10 23:00:00+00:00,2024-05-10 23:05:00+00:00,60927.98,60958.44399,2024-05-13 07:50:00+00:00,62177.6128698,62146.524063365105,0.00017310873219645535,10.552438955777532,0.10552438955777532,60348.8595501,62177.6128698,TP,0.2163223618020961,0.010552438955777533,0.010758105991025637,0.005273582686544898,0.0053817438674462455,0.010655326553991144,0.1843564903013018,1.7470510000000081,2 days 08:45:00
5m,DEVELOPMENT,305,CLOSED,BTCUSDT,LONG,2024-05-13 07:50:00+00:00,2024-05-13 07:55:00+00:00,62312.13,62343.28606499999,2024-05-14 06:15:00+00:00,61719.853204349994,61688.993277747824,0.00017221760275142875,10.736611273760852,0.10736611273760853,61719.853204349994,63590.1517863,SL,-0.10200048991214133,0.010736611273760853,0.010623930538442733,0.005365622825466931,0.005314622580510789,0.010680245405977722,-0.13404127713032266,-1.24845049999999,0 days 22:20:00
5m,DEVELOPMENT,306,CLOSED,BTCUSDT,LONG,2024-05-14 15:20:00+00:00,2024-05-14 15:25:00+00:00,61910.93,61941.885465,2024-05-14 16:45:00+00:00,61322.46661035,61291.805377044824,0.00017117179795877064,10.602703904000292,0.10602703904000292,61322.46661035,63180.7231743,SL,-0.10072833643930343,0.010602703904000291,0.01049142852652781,0.005298702600699641,0.0052483384324800405,0.010547041033179681,-0.13236950990301122,-1.2484505000000006,0 days 01:20:00
5m,DEVELOPMENT,307,CLOSED,BTCUSDT,LONG,2024-05-14 21:35:00+00:00,2024-05-14 21:40:00+00:00,61739.65,61770.519824999996,2024-05-15 12:30:00+00:00,63005.9302215,62974.42725638925,0.0001695058850246597,10.470466631369913,0.10470466631369912,61152.81462675,63005.9302215,TP,0.2146419496345792,0.010470466631369912,0.010674536026015313,0.0052326170071804005,0.0053399379819981515,0.010572554989178553,0.1829243919880154,1.74705100000001,0 days 14:50:00
5m,DEVELOPMENT,308,CLOSED,BTCUSDT,LONG,2024-05-15 12:30:00+00:00,2024-05-15 12:35:00+00:00,63763.65,63795.531825,2024-05-15 16:15:00+00:00,65071.4424615,65038.90674026925,0.00016698988121818345,10.653208281707592,0.10653208281707592,63157.576506749996,65071.4424615,TP,0.21838810780392093,0.010653208281707592,0.010860839311118075,0.005323942169768369,0.005433136223670858,0.010757078393439227,0.186116981817656,1.7470510000000066,0 days 03:40:00
5m,DEVELOPMENT,309,CLOSED,BTCUSDT,LONG,2024-05-15 16:15:00+00:00,2024-05-15 16:20:00+00:00,64887.97,64920.413985,2024-05-15 19:40:00+00:00,66218.82226470001,66185.71285356766,0.00016696041610238176,10.839139332474483,0.10839139332474483,64271.20984515,66218.82226470001,TP,0.22219964788511018,0.010839139332474483,0.011050394158064414,0.0054168612356191095,0.005527961059561537,0.010944822295180647,0.18936529209939063,1.747051000000017,0 days 03:20:00
5m,DEVELOPMENT,310,CLOSED,BTCUSDT,LONG,2024-05-15 19:40:00+00:00,2024-05-15 19:45:00+00:00,66401.97,66435.170985,2024-05-15 20:00:00+00:00,65770.81927515,65737.93386551243,0.00016600116000225107,11.028315448457894,0.11028315448457894,65770.81927515,67763.87440470001,SL,-0.10477175246136132,0.011028315448457894,0.010912573277826328,0.005511402023217858,0.005459016146986257,0.010970418170204114,-0.13768305935784966,-1.2484504999999986,0 days 00:15:00
5m,DEVELOPMENT,311,CLOSED,BTCUSDT,LONG,2024-05-15 21:40:00+00:00,2024-05-15 21:45:00+00:00,65981.98,66014.97098999999,2024-05-16 16:30:00+00:00,65354.82128009999,65322.14386945994,0.00016497424404327362,10.890769934613886,0.10890769934613886,65354.82128009999,67335.27040979998,SL,-0.10346503571065067,0.010890769934613886,0.010776471304150114,0.005442663635487738,0.005390931117633551,0.01083359475312129,-0.13596587170253596,-1.2484504999999928,0 days 18:45:00
5m,DEVELOPMENT,312,CLOSED,BTCUSDT,LONG,2024-05-16 21:35:00+00:00,2024-05-16 21:40:00+00:00,65499.9,65532.64995,2024-05-17 14:55:00+00:00,66843.302949,66809.88129752551,0.0001641157484270635,10.754939892953017,0.10754939892953017,64877.3234505,66843.302949,TP,0.2204735804142597,0.010754939892953017,0.010964553671466672,0.005374782555198519,0.005485019345404599,0.010859801900603119,0.18789428494923693,1.7470510000000217,0 days 17:15:00
5m,DEVELOPMENT,313,CLOSED,BTCUSDT,LONG,2024-05-17 14:55:00+00:00,2024-05-17 15:00:00+00:00,66806.67,66840.073335,2024-05-19 19:10:00+00:00,66171.67260164999,66138.58676534917,0.00016371386094206898,10.942646471323881,0.10942646471323882,66171.67260164999,68176.87480169999,SL,-0.10395787577204903,0.010942646471323881,0.01082780339660734,0.005468588941190596,0.005416610003303778,0.010885198944494374,-0.1366135245844746,-1.248450499999993,2 days 04:10:00
5m,DEVELOPMENT,314,CLOSED,BTCUSDT,LONG,2024-05-20 00:55:00+00:00,2024-05-20 01:00:00+00:00,66459.99,66493.219995,2024-05-20 16:00:00+00:00,67823.08439490001,67789.17285270257,0.00016251535757479514,10.806169423786944,0.10806169423786945,65828.28779505001,67823.08439490001,TP,0.2215237729953736,0.010806169423786944,0.011016781665856554,0.0054003845196338995,0.005511146406130046,0.010911530925763946,0.18878929097996616,1.7470510000000194,0 days 15:00:00
5m,DEVELOPMENT,315,CLOSED,BTCUSDT,LONG,2024-05-20 16:00:00+00:00,2024-05-20 16:05:00+00:00,67844.89,67878.81244499999,2024-05-20 19:20:00+00:00,69236.3886939,69201.77049955305,0.00016197646538064183,10.994770114076621,0.10994770114076621,67200.02432054999,69236.3886939,TP,0.22539004001970064,0.01099477011407662,0.011209058183599975,0.005494637738167483,0.005607332758177764,0.011101970496345247,0.1920842412256788,1.7470510000000186,0 days 03:15:00
5m,DEVELOPMENT,316,CLOSED,BTCUSDT,LONG,2024-05-20 19:20:00+00:00,2024-05-20 19:25:00+00:00,69202.01,69236.61100499998,2024-05-20 23:20:00+00:00,70621.34322509999,70586.03255348744,0.00016157149087129018,11.186662462953423,0.11186662462953423,68544.24489494998,70621.34322509999,TP,0.22932378522256278,0.011186662462953424,0.011404690514356388,0.005590535963493274,0.0057051978561058585,0.011295733819599132,0.19543669842565387,1.747051000000013,0 days 03:55:00
5m,DEVELOPMENT,317,CLOSED,BTCUSDT,LONG,2024-05-20 23:20:00+00:00,2024-05-20 23:25:00+00:00,70819.48,70854.88974,2024-05-21 15:35:00+00:00,70146.3408426,70111.2676721787,0.00016063681648066468,11.381903919922111,0.11381903919922111,70146.3408426,72271.9875348,SL,-0.10813093129321319,0.011381903919922111,0.011262450838282527,0.005688107906008499,0.00563404244036077,0.01132215034636927,-0.1420974363977871,-1.2484504999999992,0 days 16:10:00
5m,DEVELOPMENT,318,CLOSED,BTCUSDT,LONG,2024-05-21 22:35:00+00:00,2024-05-21 22:40:00+00:00,70100.0,70135.05,2024-05-22 04:40:00+00:00,69433.6995,69398.98265025001,0.0001602615017598938,11.239948439005241,0.11239948439005241,69433.6995,71537.751,SL,-0.10678231875336773,0.011239948439005241,0.011121985180137883,0.005617165636684744,0.005563774477306819,0.011180940113991563,-0.1403251924865024,-1.2484504999999935,0 days 06:00:00
5m,DEVELOPMENT,319,CLOSED,BTCUSDT,LONG,2024-05-22 08:30:00+00:00,2024-05-22 08:35:00+00:00,70070.16,70105.19508,2024-05-22 18:20:00+00:00,69404.1431292,69369.44105763541,0.00015833011260948365,11.09976343152622,0.1109976343152622,69404.1431292,71507.2989816,SL,-0.10545052615357965,0.011099763431526221,0.010983271414312355,0.005547108161682502,0.005494382898604241,0.011041491060286743,-0.13857505205970497,-1.2484504999999884,0 days 09:45:00
5m,DEVELOPMENT,320,CLOSED,BTCUSDT,LONG,2024-05-23 02:55:00+00:00,2024-05-23 03:00:00+00:00,69505.85,69540.602925,2024-05-23 13:35:00+00:00,68845.19689574999,68810.77429730212,0.0001576248458458697,10.96132681608196,0.10961326816081961,68845.19689574999,70931.4149835,SL,-0.1041353437150037,0.010961326816081961,0.01084628769114718,0.005477924445817033,0.005425856773959617,0.01090378121977665,-0.13684673944200948,-1.2484505000000015,0 days 10:35:00
5m,DEVELOPMENT,321,CLOSED,BTCUSDT,LONG,2024-05-23 23:40:00+00:00,2024-05-23 23:45:00+00:00,67766.06,67799.94303,2024-05-24 05:40:00+00:00,67121.9435997,67088.38262790015,0.0001596552490004263,10.824616786669367,0.10824616786669367,67121.9435997,69155.94189059999,SL,-0.10283656427515496,0.010824616786669367,0.010711012433493271,0.0054096035915384725,0.005358185309400537,0.01076778890093901,-0.1351399823962566,-1.2484504999999904,0 days 05:55:00
5m,DEVELOPMENT,322,CLOSED,BTCUSDT,LONG,2024-05-24 10:40:00+00:00,2024-05-24 10:45:00+00:00,67518.02,67551.77901,2024-05-24 17:55:00+00:00,68902.8145902,68868.3631829049,0.0001582432315760048,10.689611809250529,0.1068961180925053,66876.2612199,68902.8145902,TP,0.21913437102221597,0.01068961180925053,0.010897952343412821,0.0053421348372057606,0.005451702022717574,0.010793836859923335,0.1867529700096293,1.7470509999999984,0 days 07:10:00
5m,DEVELOPMENT,323,CLOSED,BTCUSDT,LONG,2024-05-24 17:55:00+00:00,2024-05-24 18:00:00+00:00,68919.02,68953.47951,2024-05-26 21:30:00+00:00,68263.9447149,68229.81274254256,0.0001577321157705933,10.876178212856555,0.10876178212856555,68263.9447149,70332.5491002,SL,-0.10332641070784758,0.010876178212856556,0.010762032722512626,0.005435371420718011,0.005383708215362662,0.010819079636080673,-0.13578370127929745,-1.2484504999999884,2 days 03:30:00
5m,DEVELOPMENT,324,CLOSED,BTCUSDT,LONG,2024-05-27 00:55:00+00:00,2024-05-27 01:00:00+00:00,68821.72,68856.13085999999,2024-05-27 15:35:00+00:00,70233.25347719999,70198.1368504614,0.00015598509566952577,10.740530159630485,0.10740530159630485,68167.5695514,70233.25347719999,TP,0.22017818448177903,0.010740530159630484,0.010949863092441683,0.005367581289168949,0.005477670381411506,0.010845251670580456,0.1876425395591264,1.747051000000004,0 days 14:35:00
5m,DEVELOPMENT,325,CLOSED,BTCUSDT,LONG,2024-05-27 15:35:00+00:00,2024-05-27 15:40:00+00:00,70324.39,70359.552195,2024-05-27 19:45:00+00:00,69655.95667305,69621.12869471348,0.00015531629896987491,10.927985244105137,0.10927985244105137,69655.95667305,71766.7432389,SL,-0.10381859044999524,0.010927985244105138,0.010813296038968256,0.005461261991056599,0.005409352695830367,0.010870614686886966,-0.1364304864199556,-1.2484504999999888,0 days 04:05:00
5m,DEVELOPMENT,326,CLOSED,BTCUSDT,LONG,2024-05-28 09:40:00+00:00,2024-05-28 09:45:00+00:00,68405.84,68440.04291999999,2024-05-28 13:55:00+00:00,67755.64249079999,67721.7646695546,0.0001576809509674313,10.791691051877411,0.10791691051877411,67755.64249079999,69808.8437784,SL,-0.1025237615673122,0.010791691051877411,0.010678432254287959,0.005393148951462357,0.00534188707067787,0.010735036022140227,-0.1347289208956178,-1.2484504999999908,0 days 04:10:00
5m,DEVELOPMENT,327,CLOSED,BTCUSDT,LONG,2024-05-28 19:50:00+00:00,2024-05-28 19:55:00+00:00,68484.15,68518.392075,2024-05-29 08:00:00+00:00,67833.20815425,67799.29155017287,0.0001555362932866717,10.657096725308362,0.10657096725308363,67833.20815425,69888.7599165,SL,-0.10124508183313935,0.010657096725308362,0.01054525049517625,0.0053258854199445095,0.005275262879027381,0.01060114829897189,-0.13304857735259584,-1.2484504999999997,0 days 12:05:00
5m,DEVELOPMENT,328,CLOSED,BTCUSDT,LONG,2024-05-29 21:40:00+00:00,2024-05-29 21:45:00+00:00,67597.63,67631.428815,2024-05-30 17:20:00+00:00,68984.05739130001,68949.56536260436,0.00015561080473998936,10.524181063617457,0.10524181063617456,66955.11452685001,68984.05739130001,TP,0.21574308207375822,0.010524181063617457,0.010729297352547362,0.005259460801408323,0.005367332342444529,0.010626793143852852,0.18386281051374054,1.7470510000000108,0 days 19:35:00
5m,DEVELOPMENT,329,CLOSED,BTCUSDT,LONG,2024-05-30 17:20:00+00:00,2024-05-30 17:25:00+00:00,69104.76,69139.31237999999,2024-05-30 19:50:00+00:00,68447.91925619998,68413.69529657188,0.00015487368656702595,10.707860194999816,0.10707860194999816,68447.91925619998,70522.09862759999,SL,-0.10172734747973557,0.010707860194999816,0.01059548120225329,0.005351254470263803,0.005300390796524862,0.010651645266788665,-0.13368233414377734,-1.2484505000000108,0 days 02:25:00
5m,DEVELOPMENT,330,CLOSED,BTCUSDT,LONG,2024-05-31 02:10:00+00:00,2024-05-31 02:15:00+00:00,68618.3,68652.60915,2024-05-31 09:15:00+00:00,67966.08305850001,67932.10001697075,0.00015402635880214607,10.574311409641396,0.10574311409641396,67966.08305850001,70025.66133300001,SL,-0.10045860064831659,0.010574311409641397,0.01046333401139721,0.005284513448096797,0.0052342841477729,0.010518797595869697,-0.1320150436652249,-1.2484504999999986,0 days 07:00:00
5m,DEVELOPMENT,331,CLOSED,BTCUSDT,LONG,2024-05-31 11:10:00+00:00,2024-05-31 11:15:00+00:00,68411.62,68445.82581,2024-05-31 14:20:00+00:00,67761.3675519,67727.48686812405,0.00015256486609021276,10.442428249136677,0.10442428249136677,67761.3675519,69814.7423262,SL,-0.09920567766920953,0.010442428249136677,0.010332834964661988,0.00521860482215718,0.0051690019833222816,0.010387606805479462,-0.13036854768848766,-1.248450499999996,0 days 03:05:00
5m,DEVELOPMENT,332,CLOSED,BTCUSDT,LONG,2024-05-31 19:40:00+00:00,2024-05-31 19:45:00+00:00,67854.26,67888.18712999999,2024-06-03 08:25:00+00:00,69245.95087259999,69211.32789716369,0.0001518996216530369,10.312189939757568,0.10312189939757568,67209.30525869998,69245.95087259999,TP,0.21139731700592423,0.010312189939757568,0.010513174521683443,0.00515351821077285,0.005259216869276543,0.010412735080049394,0.18015921746443384,1.7470509999999984,2 days 12:40:00
5m,DEVELOPMENT,333,CLOSED,BTCUSDT,LONG,2024-06-03 08:25:00+00:00,2024-06-03 08:30:00+00:00,69264.56,69299.19227999999,2024-06-03 14:55:00+00:00,68606.20035719998,68571.89725702138,0.00015140391731538054,10.492169177983776,0.10492169177983776,68606.20035719998,70685.17612559999,SL,-0.09967822892227717,0.010492169177983776,0.010382053862460834,0.005243462857561701,0.005193623743102014,0.010437086600663715,-0.1309895385633855,-1.248450500000011,0 days 06:25:00
5m,DEVELOPMENT,334,CLOSED,BTCUSDT,LONG,2024-06-03 20:20:00+00:00,2024-06-03 20:25:00+00:00,69489.99,69524.734995,2024-06-03 22:10:00+00:00,68829.48764505,68795.07290122748,0.00014903056442927003,10.361310498100273,0.10361310498100273,68829.48764505,70915.2296949,SL,-0.09843503876506113,0.010361310498100273,0.010252568544422712,0.005178066215942303,0.0051288486965587535,0.010306914912501058,-0.12935583272008516,-1.2484504999999981,0 days 01:45:00
5m,DEVELOPMENT,335,CLOSED,BTCUSDT,LONG,2024-06-04 01:50:00+00:00,2024-06-04 01:55:00+00:00,69182.68,69217.27133999999,2024-06-04 16:00:00+00:00,70601.6167668,70566.3159584166,0.000147825588814757,10.232083891986303,0.10232083891986303,68525.0986266,70601.6167668,TP,0.20975516304311825,0.010232083891986304,0.010431507207041116,0.005113485203391313,0.005218362784912907,0.010331847988304221,0.17875972395578663,1.7470510000000097,0 days 14:05:00
5m,DEVELOPMENT,336,CLOSED,BTCUSDT,LONG,2024-06-04 16:00:00+00:00,2024-06-04 16:05:00+00:00,70592.04,70627.33601999999,2024-06-07 17:55:00+00:00,69921.0626598,69886.1021284701,0.00014740277095898424,10.410665034799276,0.10410665034799277,69921.0626598,72039.88274039999,SL,-0.09890391919616892,0.010410665034799276,0.01030140510525906,0.005202731151822889,0.00515327919222508,0.01035601034404797,-0.12997199968027523,-1.2484504999999855,3 days 01:50:00
5m,DEVELOPMENT,337,CLOSED,BTCUSDT,LONG,2024-06-08 02:40:00+00:00,2024-06-08 02:45:00+00:00,69441.85,69476.570925,2024-06-11 01:55:00+00:00,68781.80521575,68747.41431314213,0.00014797539286120896,10.280822877276524,0.10280822877276524,68781.80521575,70866.10234350001,SL,-0.09767038625538563,0.010280822877276524,0.010172925641179506,0.005137842517379785,0.005089007324252077,0.010226849841631861,-0.1283509846154735,-1.2484505000000035,2 days 23:10:00
5m,DEVELOPMENT,338,CLOSED,BTCUSDT,LONG,2024-06-11 18:30:00+00:00,2024-06-11 18:35:00+00:00,67051.5,67085.02575,2024-06-12 12:30:00+00:00,68426.726265,68392.5129018675,0.00015133928923658356,10.152600115422906,0.10152600115422906,66414.1754925,68426.726265,TP,0.20812576548458223,0.010152600115422907,0.0103504742916725,0.005073763176123497,0.005177826058865343,0.01025158923498884,0.177371101842498,1.7470510000000095,0 days 17:55:00
5m,DEVELOPMENT,339,CLOSED,BTCUSDT,LONG,2024-06-12 12:30:00+00:00,2024-06-12 12:35:00+00:00,69299.89,69334.539945,2024-06-12 18:50:00+00:00,68641.19454555,68606.87394827722,0.00014898482100770606,10.32979402335747,0.1032979402335747,68641.19454555,70721.2307439,SL,-0.09813562437982346,0.01032979402335747,0.010221382835082334,0.00516231585375147,0.00511324804156176,0.010275563895313231,-0.12896236513357648,-1.2484505000000001,0 days 06:15:00
5m,DEVELOPMENT,340,CLOSED,BTCUSDT,LONG,2024-06-13 08:05:00+00:00,2024-06-13 08:10:00+00:00,67735.99,67769.857995,2024-06-13 15:15:00+00:00,67092.15941505,67058.61333534248,0.00015052356303458855,10.200960491755497,0.10200960491755497,67092.15941505,69125.2551549,SL,-0.09691167363731779,0.010200960491755498,0.010093901411394525,0.0050979312802366126,0.005049475443418389,0.010147406723655002,-0.1273539422641228,-1.2484504999999888,0 days 07:05:00
5m,DEVELOPMENT,341,CLOSED,BTCUSDT,LONG,2024-06-13 22:00:00+00:00,2024-06-13 22:05:00+00:00,66931.01,66964.475505,2024-06-14 16:05:00+00:00,66294.83074995,66261.68333457502,0.00015043399803011604,10.073733776206923,0.10073733776206924,66294.83074995,68303.7650151,SL,-0.09570298804882262,0.010073733776206923,0.009968009940225632,0.005034349713246857,0.004986498219222158,0.010020847932469015,-0.12576557969772417,-1.2484504999999995,0 days 18:00:00
5m,DEVELOPMENT,342,CLOSED,BTCUSDT,LONG,2024-06-14 21:20:00+00:00,2024-06-14 21:25:00+00:00,65934.0,65966.96699999999,2024-06-17 13:45:00+00:00,65307.29732999999,65274.643681334994,0.00015080417197972678,9.94809383644896,0.0994809383644896,65307.29732999999,67286.30634,SL,-0.09450937722683597,0.00994809383644896,0.00984368859163543,0.004971561137654091,0.004924306449041171,0.009895867586695261,-0.1241970272416156,-1.248450499999994,2 days 16:20:00
5m,DEVELOPMENT,343,CLOSED,BTCUSDT,LONG,2024-06-17 17:00:00+00:00,2024-06-17 17:05:00+00:00,66087.98,66121.02398999999,2024-06-18 01:20:00+00:00,65459.81375009999,65427.083843224944,0.00014857635725132445,9.824020882161633,0.09824020882161634,65459.81375009999,67443.44446979999,SL,-0.09333065315836843,0.009824020882161633,0.009720917783003347,0.00490955566324786,0.004862890336669047,0.009772445999916907,-0.12264803782345032,-1.2484504999999897,0 days 08:15:00
5m,DEVELOPMENT,344,CLOSED,BTCUSDT,LONG,2024-06-18 08:50:00+00:00,2024-06-18 08:55:00+00:00,65750.01,65782.88500499999,2024-06-18 11:35:00+00:00,65125.05615494999,65092.49362687252,0.00014747749918710783,9.701495369850493,0.09701495369850494,65125.05615494999,67098.54270509999,SL,-0.09216663017534188,0.009701495369850493,0.009599678175943914,0.004848323523162842,0.004802240208075158,0.009650563731238,-0.12111836745237428,-1.248450499999989,0 days 02:40:00
5m,DEVELOPMENT,345,CLOSED,BTCUSDT,LONG,2024-06-18 21:15:00+00:00,2024-06-18 21:20:00+00:00,65147.84,65180.41391999999,2024-06-21 03:55:00+00:00,64528.60978079999,64496.34547590959,0.000146984307456638,9.580497999768205,0.09580497999768206,64528.60978079999,66484.0221984,SL,-0.09101712492533504,0.009580497999768206,0.009479950673260639,0.004787855072347234,0.004742346509885147,0.00953020158223238,-0.11960777518059626,-1.248450500000001,2 days 06:35:00
5m,DEVELOPMENT,346,CLOSED,BTCUSDT,LONG,2024-06-21 14:45:00+00:00,2024-06-21 14:50:00+00:00,64266.0,64298.132999999994,2024-06-21 15:35:00+00:00,63655.15166999999,63623.32409416499,0.00014714283714699006,9.461009712874507,0.09461009712874507,63655.15166999999,65584.09565999999,SL,-0.08988195634270202,0.009461009712874507,0.009361716415937887,0.004728140786043401,0.004683199807872756,0.009411340593916157,-0.11811602306543056,-1.2484505000000024,0 days 00:45:00
5m,DEVELOPMENT,347,CLOSED,BTCUSDT,LONG,2024-06-21 18:30:00+00:00,2024-06-21 18:35:00+00:00,64003.98,64035.98199,2024-06-23 23:35:00+00:00,63395.6221701,63363.924359014956,0.00014590252850800575,9.343011687834117,0.09343011687834117,63395.6221701,65316.7016298,SL,-0.08876094562005328,0.009343011687834118,0.0092449567801703,0.0046691712582874806,0.004624790785477429,0.00929396204376491,-0.1166428761318226,-1.2484504999999906,2 days 05:00:00
5m,DEVELOPMENT,348,CLOSED,BTCUSDT,LONG,2024-06-24 22:35:00+00:00,2024-06-24 22:40:00+00:00,60216.94,60247.04847,2024-06-25 03:30:00+00:00,61451.9894394,61421.263444680306,0.0001531441883438722,9.226485338052077,0.09226485338052078,59644.5779853,61451.9894394,TP,0.18914064396146707,0.009226485338052077,0.009406309537290714,0.004610937200425705,0.004705507522405706,0.009316444722831411,0.16119140436329288,1.7470510000000072,0 days 04:50:00
5m,DEVELOPMENT,349,CLOSED,BTCUSDT,LONG,2024-06-25 03:30:00+00:00,2024-06-25 03:35:00+00:00,61461.66,61492.39083,2024-06-25 07:25:00+00:00,60877.4669217,60847.02818823915,0.00015266142014210872,9.387515712041383,0.09387515712041383,60877.4669217,62722.238646599995,SL,-0.08918374497046906,0.009387515712041383,0.00928899373464351,0.004691412149944673,0.004646820277460071,0.009338232427404744,-0.11719848684455869,-1.2484504999999946,0 days 03:50:00
5m,DEVELOPMENT,350,CLOSED,BTCUSDT,LONG,2024-06-25 09:50:00+00:00,2024-06-25 09:55:00+00:00,61516.0,61546.757999999994,2024-06-26 17:05:00+00:00,60931.29041999999,60900.824774789995,0.00015062425069736844,9.270434306602265,0.09270434306602265,60931.29041999999,62777.693159999995,SL,-0.08807144236307447,0.009270434306602265,0.009173141098554475,0.004632900702948808,0.00458886498176741,0.009221765684716218,-0.11573678345294744,-1.2484504999999992,1 days 07:10:00
5m,DEVELOPMENT,351,CLOSED,BTCUSDT,LONG,2024-06-27 01:20:00+00:00,2024-06-27 01:25:00+00:00,61065.34,61095.87266999999,2024-06-27 14:10:00+00:00,62317.79012339999,62286.631228338294,0.00014984339766713756,9.15481314431161,0.0915481314431161,60484.91394329999,62317.79012339999,TP,0.18767138189888033,0.00915481314431161,0.009333240452494245,0.004575119012648467,0.0046689547035979224,0.00924407371624639,0.15993925458582808,1.747051000000007,0 days 12:45:00
5m,DEVELOPMENT,352,CLOSED,BTCUSDT,LONG,2024-06-27 14:10:00+00:00,2024-06-27 14:15:00+00:00,62360.0,62391.17999999999,2024-06-27 14:50:00+00:00,61767.26819999999,61736.38456589999,0.00014929341966961242,9.314592619422328,0.09314592619422328,61767.26819999999,63639.0036,SL,-0.08849095736892607,0.009314592619422328,0.00921683596988149,0.0046549688252974725,0.004610723346613866,0.009265692171911338,-0.11628807813014122,-1.2484505000000008,0 days 00:35:00
5m,DEVELOPMENT,353,CLOSED,BTCUSDT,LONG,2024-06-27 17:05:00+00:00,2024-06-27 17:10:00+00:00,61827.99,61858.90399499999,2024-06-28 07:45:00+00:00,61240.314955049995,61209.694797572476,0.00014870002730636662,9.198420713198411,0.09198420713198412,61240.314955049995,63096.0820749,SL,-0.0873872952313357,0.00919842071319841,0.009101883287813394,0.004596911900648188,0.004553218253032271,0.00915013015368046,-0.11483772938602797,-1.2484504999999873,0 days 14:35:00
5m,DEVELOPMENT,354,CLOSED,BTCUSDT,LONG,2024-06-28 11:15:00+00:00,2024-06-28 11:20:00+00:00,61700.83,61731.680414999995,2024-06-28 14:15:00+00:00,61114.36361084999,61083.80642904457,0.00014714807122942893,9.083697706818763,0.09083697706818762,61114.36361084999,62966.314023299994,SL,-0.08629739800431158,0.009083697706818763,0.008988364299385699,0.0045395790638764885,0.004496430364875018,0.009036009428751508,-0.11340546943926753,-1.248450500000002,0 days 02:55:00
5m,DEVELOPMENT,355,CLOSED,BTCUSDT,LONG,2024-06-29 00:20:00+00:00,2024-06-29 00:25:00+00:00,60694.05,60724.397025,2024-06-30 18:45:00+00:00,61938.8849655,61907.915523017255,0.00014772325406316801,8.970405529556759,0.08970405529556759,60117.15305475,61938.8849655,TP,0.18389107187527123,0.008970405529556759,0.00914523873332782,0.004482961284135644,0.0045749068200734554,0.0090578681042091,0.1567175595081776,1.7470510000000103,1 days 18:20:00
5m,DEVELOPMENT,356,CLOSED,BTCUSDT,LONG,2024-06-30 18:45:00+00:00,2024-06-30 18:50:00+00:00,61957.39,61988.368695,2024-07-01 01:05:00+00:00,63228.1360689,63196.52200086555,0.0001472367594148773,9.126966528066427,0.09126966528066427,61368.48500805,63228.1360689,TP,0.1871005332240304,0.009126966528066428,0.00930485110569844,0.004561202662701563,0.0046547529293134325,0.009215955592014996,0.1594527599982505,1.747051000000008,0 days 06:15:00
5m,DEVELOPMENT,357,CLOSED,BTCUSDT,LONG,2024-07-01 01:05:00+00:00,2024-07-01 01:10:00+00:00,63306.34,63337.993169999994,2024-07-01 11:20:00+00:00,62704.61323829999,62673.260931680845,0.00014661437045650788,9.286259994598145,0.09286259994598145,62704.61323829999,64604.7530334,SL,-0.08822179035347914,0.009286259994598145,0.009188800695954838,0.004640809592502495,0.004596698697325832,0.009237508289828326,-0.11593435933386044,-1.2484504999999992,0 days 10:10:00
5m,DEVELOPMENT,358,CLOSED,BTCUSDT,LONG,2024-07-01 15:10:00+00:00,2024-07-01 15:15:00+00:00,63030.76,63062.27538,2024-07-02 08:10:00+00:00,62431.6526262,62400.4367998869,0.0001454188165356535,9.17044145380508,0.0917044145380508,62431.6526262,64323.5208876,SL,-0.08712148527578012,0.00917044145380508,0.009074197670747396,0.004582929262270981,0.004539368519633319,0.0091222977819043,-0.1144884221822369,-1.2484505000000012,0 days 16:55:00
5m,DEVELOPMENT,359,CLOSED,BTCUSDT,LONG,2024-07-02 12:35:00+00:00,2024-07-02 12:40:00+00:00,62852.01,62883.436004999996,2024-07-02 14:20:00+00:00,62254.601644949995,62223.47434412752,0.00014401355875259282,9.056067405670978,0.09056067405670978,62254.601644949995,64141.1047251,SL,-0.08603490323928405,0.009056067405670979,0.008961023978248462,0.004525770817425896,0.004482753365807041,0.009008524183232936,-0.11306051880643644,-1.248450500000001,0 days 01:40:00
5m,DEVELOPMENT,360,CLOSED,BTCUSDT,LONG,2024-07-02 18:50:00+00:00,2024-07-02 18:55:00+00:00,62362.82,62394.00141,2024-07-03 01:55:00+00:00,61770.0613959,61739.17636520205,0.00014333300689707727,8.943119834435779,0.08943119834435778,61770.0613959,63641.8814382,SL,-0.08496187308976764,0.008943119834435779,0.008849261791773377,0.004469325254590224,0.004426844318044833,0.008896169572635056,-0.11165042428861187,-1.2484504999999912,0 days 07:00:00
5m,DEVELOPMENT,361,CLOSED,BTCUSDT,LONG,2024-07-03 16:25:00+00:00,2024-07-03 16:30:00+00:00,60611.98,60642.28599,2024-07-03 19:15:00+00:00,60035.8631301,60005.84519853495,0.00014563403745183537,8.83158094903257,0.0883158094903257,60035.8631301,61855.1317098,SL,-0.08390222580765143,0.00883158094903257,0.008738893506972475,0.004413583682673998,0.004371632569770501,0.008785216252444498,-0.11025791651610096,-1.2484504999999897,0 days 02:45:00
5m,DEVELOPMENT,362,CLOSED,BTCUSDT,LONG,2024-07-03 22:25:00+00:00,2024-07-03 22:30:00+00:00,60273.21,60303.346605,2024-07-04 01:40:00+00:00,59700.31313895,59670.46298238052,0.00014462602278796395,8.721433180285219,0.0872143318028522,59700.31313895,61509.4135371,SL,-0.08285579448137052,0.00872143318028522,0.008629901739058126,0.004358537321481824,0.004317109424241194,0.008675646745723017,-0.10888277614643689,-1.248450500000002,0 days 03:10:00
5m,DEVELOPMENT,363,CLOSED,BTCUSDT,LONG,2024-07-04 15:45:00+00:00,2024-07-04 15:50:00+00:00,57991.09,58020.085544999994,2024-07-04 23:40:00+00:00,57439.884689549996,57411.16474720522,0.00014844271767681222,8.612659178140929,0.08612659178140929,57439.884689549996,59180.48725589999,SL,-0.08182241428108913,0.008612659178140929,0.008522269320066339,0.004304177500319999,0.004263266293179702,0.008567443793499701,-0.10752478657279609,-1.2484504999999972,0 days 07:50:00
5m,DEVELOPMENT,364,CLOSED,BTCUSDT,LONG,2024-07-05 10:15:00+00:00,2024-07-05 10:20:00+00:00,55070.0,55097.534999999996,2024-07-05 15:05:00+00:00,56199.4857,56171.38595715,0.00015436701131797163,8.505241808937338,0.08505241808937339,54546.559649999996,56199.4857,TP,0.1743553318353867,0.00850524180893734,0.008671008971793527,0.004250495656639765,0.004337673322557689,0.008588168979197454,0.1485909120754584,1.7470510000000063,0 days 04:45:00
5m,DEVELOPMENT,365,CLOSED,BTCUSDT,LONG,2024-07-05 15:05:00+00:00,2024-07-05 15:10:00+00:00,56269.24,56297.374619999995,2024-07-06 15:50:00+00:00,57423.3221124,57394.610451343804,0.00015371381590979048,8.65368427854319,0.0865368427854319,55734.4008738,57423.3221124,TP,0.17739836537023565,0.00865368427854319,0.008822344585131998,0.004324679799371461,0.004413378982056014,0.008738058781427475,0.151184277725133,1.7470510000000161,1 days 00:40:00
5m,DEVELOPMENT,366,CLOSED,BTCUSDT,LONG,2024-07-06 16:20:00+00:00,2024-07-06 16:25:00+00:00,57559.39,57588.169695,2024-07-07 13:15:00+00:00,57012.28799804999,56983.78185405097,0.0001528910810962672,8.804717523023841,0.08804717523023842,57012.28799804999,58739.9330889,SL,-0.08364701654806858,0.008804717523023841,0.008712312012619707,0.0044001586821704455,0.004358335173896659,0.008758493856067105,-0.10992253993977924,-1.2484505000000055,0 days 20:50:00
5m,DEVELOPMENT,367,CLOSED,BTCUSDT,LONG,2024-07-07 17:55:00+00:00,2024-07-07 18:00:00+00:00,57231.1,57259.71554999999,2024-07-07 21:15:00+00:00,56687.118394499994,56658.77483530275,0.00015185029671023711,8.694904795811278,0.08694904795811277,56687.118394499994,58404.90986099999,SL,-0.08260376820008686,0.008694904795811278,0.008603651769979239,0.004345279758025864,0.004303977873925786,0.008649257631951651,-0.10855158239782903,-1.2484504999999904,0 days 03:15:00
5m,DEVELOPMENT,368,CLOSED,BTCUSDT,LONG,2024-07-08 05:05:00+00:00,2024-07-08 05:10:00+00:00,55708.68,55736.53434,2024-07-08 08:30:00+00:00,56851.2650268,56822.8393942866,0.00015405445922012646,8.586461656552707,0.08586461656552707,55179.1689966,56851.2650268,TP,0.1760203184166876,0.008586461656552708,0.008753811794238921,0.004291085285633236,0.004379095444841485,0.008670180730474722,0.15000986423542126,1.7470510000000072,0 days 03:20:00
5m,DEVELOPMENT,369,CLOSED,BTCUSDT,LONG,2024-07-08 08:30:00+00:00,2024-07-08 08:35:00+00:00,56687.87,56716.213935,2024-07-08 08:50:00+00:00,57850.5382137,57821.61294459315,0.0001540356990471229,8.736321660783899,0.087363216607839,56149.05179565,57850.5382137,TP,0.17909241105714846,0.0087363216607839,0.008906592569952578,0.004365977841470774,0.004455524046999299,0.008821501888470074,0.1526279949379419,1.7470510000000021,0 days 00:15:00
5m,DEVELOPMENT,370,CLOSED,BTCUSDT,LONG,2024-07-08 08:50:00+00:00,2024-07-08 08:55:00+00:00,57646.0,57674.823,2024-07-08 10:50:00+00:00,57098.07477,57069.525732615,0.00015411919305244204,8.888797180202424,0.08888797180202423,57098.07477,58828.31946,SL,-0.08444579430067382,0.008888797180202425,0.008795509253796201,0.004442177501350025,0.004399954604199748,0.008842132105549773,-0.11097223284022222,-1.2484504999999906,0 days 01:55:00
5m,DEVELOPMENT,371,CLOSED,BTCUSDT,LONG,2024-07-08 12:50:00+00:00,2024-07-08 12:55:00+00:00,57369.65,57398.334825,2024-07-08 13:50:00+00:00,56824.351476749995,56795.939301011626,0.0001529301474597904,8.777935808733673,0.08777935808733674,56824.351476749995,58546.3015215,SL,-0.0833925835702295,0.008777935808733673,0.008685811372421012,0.004386774517107768,0.004345078225322268,0.008731852742430036,-0.10958818349381422,-1.2484504999999957,0 days 00:55:00
5m,DEVELOPMENT,372,CLOSED,BTCUSDT,LONG,2024-07-08 19:50:00+00:00,2024-07-08 19:55:00+00:00,56519.01,56547.269505,2024-07-09 06:25:00+00:00,57678.2148951,57649.375787652454,0.0001532957679446957,8.668457103944647,0.08668457103944648,55981.79680995,57678.2148951,TP,0.1777012045996043,0.008668457103944647,0.00883740533290053,0.00433206252071113,0.004420913123010841,0.008752975643721971,0.15144236651903717,1.7470510000000135,0 days 10:30:00
5m,DEVELOPMENT,373,CLOSED,BTCUSDT,LONG,2024-07-09 06:25:00+00:00,2024-07-09 06:30:00+00:00,57589.99,57618.784994999995,2024-07-09 07:55:00+00:00,57042.59714504999,57014.07584647747,0.00015307070741171641,8.81974817938824,0.0881974817938824,57042.59714504999,58771.1606949,SL,-0.08378981153931636,0.008819748179388241,0.008727184922245562,0.0044076702545663106,0.0043657753487968635,0.008773445603363173,-0.11011019024431333,-1.2484504999999995,0 days 01:25:00
5m,DEVELOPMENT,374,CLOSED,BTCUSDT,LONG,2024-07-09 08:10:00+00:00,2024-07-09 08:15:00+00:00,57372.0,57400.685999999994,2024-07-10 04:05:00+00:00,58548.69972,58519.42537014,0.00015173595641930105,8.709747989333984,0.08709747989333984,56826.67913999999,58548.69972,TP,0.1785476574325233,0.008709747989333983,0.008879500977646103,0.004352697645843196,0.004441971474559681,0.008794669120402877,0.1521637393451403,1.747051000000012,0 days 19:50:00
5m,DEVELOPMENT,375,CLOSED,BTCUSDT,LONG,2024-07-10 04:05:00+00:00,2024-07-10 04:10:00+00:00,58707.4,58736.7537,2024-07-10 12:30:00+00:00,58149.386163,58120.3114699185,0.0001508724803248959,8.861759716951507,0.08861759716951507,58149.386163,59911.488774000005,SL,-0.08418893164380196,0.008861759716951507,0.008768755548722102,0.004428665525712846,0.0043865710598910415,0.008815236585603887,-0.11063468349507946,-1.2484504999999975,0 days 08:20:00
5m,DEVELOPMENT,376,CLOSED,BTCUSDT,LONG,2024-07-10 23:30:00+00:00,2024-07-10 23:35:00+00:00,57739.52,57768.38975999999,2024-07-11 03:20:00+00:00,57190.70586239999,57162.110509468795,0.000151488306909245,8.751235557615765,0.08751235557615765,57190.70586239999,58923.75755519999,SL,-0.0831389245128823,0.008751235557615764,0.00865939134043859,0.004373431063275356,0.004331861601019126,0.008705292664294482,-0.10925484407523114,-1.2484504999999924,0 days 03:45:00
5m,DEVELOPMENT,377,CLOSED,BTCUSDT,LONG,2024-07-11 05:00:00+00:00,2024-07-11 05:05:00+00:00,57838.0,57866.918999999994,2024-07-11 12:30:00+00:00,59024.257379999995,58994.74525131,0.00014934421960911576,8.642089859238913,0.08642089859238913,57288.249809999994,59024.257379999995,TP,0.1771606826716536,0.008642089859238913,0.00881052419059548,0.004318885486875184,0.004407465828211209,0.008726351315086393,0.15098171730673282,1.7470510000000092,0 days 07:25:00
5m,DEVELOPMENT,378,CLOSED,BTCUSDT,LONG,2024-07-11 12:30:00+00:00,2024-07-11 12:35:00+00:00,59257.99,59287.618995,2024-07-11 12:55:00+00:00,58694.742805049995,58665.39543364747,0.00014830956099621363,8.792920745659226,0.08792920745659226,58694.742805049995,60473.3713749,SL,-0.08353494421538372,0.008792920745659226,0.008700639042433532,0.004394263241208878,0.0043524957691011695,0.008746759010310048,-0.10977526301378654,-1.2484505000000024,0 days 00:20:00
5m,DEVELOPMENT,379,CLOSED,BTCUSDT,LONG,2024-07-12 06:20:00+00:00,2024-07-12 06:25:00+00:00,57320.0,57348.659999999996,2024-07-12 10:20:00+00:00,56775.17339999999,56746.7858133,0.00015141164847169673,8.683255148242855,0.08683255148242855,56775.17339999999,58495.6332,SL,-0.08249309363723087,0.008683255148242855,0.008592124385462047,0.004339457845198256,0.00429821129837948,0.008637669143577735,-0.10840614231451351,-1.2484504999999981,0 days 03:55:00
5m,DEVELOPMENT,380,CLOSED,BTCUSDT,LONG,2024-07-12 11:25:00+00:00,2024-07-12 11:30:00+00:00,57248.53,57277.154265,2024-07-12 16:35:00+00:00,58422.6973503,58393.48600162485,0.00014970990465238004,8.574957303772813,0.08574957303772812,56704.38272235,58422.6973503,TP,0.17578448205935046,0.008574957303772814,0.008742083221623344,0.004285335983894243,0.004373228224923797,0.00865856420881804,0.14980887732513629,1.747051000000004,0 days 05:05:00
5m,DEVELOPMENT,381,CLOSED,BTCUSDT,LONG,2024-07-12 17:20:00+00:00,2024-07-12 17:25:00+00:00,58288.0,58317.144,2024-07-12 19:30:00+00:00,57733.97256,57705.10557372001,0.00014960637513181102,8.724616521879842,0.08724616521879842,57733.97256,59483.486880000004,SL,-0.08288603702195663,0.008724616521879842,0.008633051671482714,0.004360128196841535,0.0043186851783296705,0.008678813375171205,-0.10892251859049039,-1.2484504999999873,0 days 02:05:00
5m,DEVELOPMENT,382,CLOSED,BTCUSDT,LONG,2024-07-12 23:45:00+00:00,2024-07-12 23:50:00+00:00,57878.7,57907.63934999999,2024-07-13 22:50:00+00:00,59065.79213699999,59036.25924093149,0.00014878525378869966,8.61580281699424,0.0861580281699424,57328.56295649999,59065.79213699999,TP,0.1766218048741137,0.00861580281699424,0.008783724813897458,0.004305748534229006,0.004394059436667081,0.008699807970896086,0.1505224692723259,1.7470509999999984,0 days 23:00:00
5m,DEVELOPMENT,383,CLOSED,BTCUSDT,LONG,2024-07-13 22:50:00+00:00,2024-07-13 22:55:00+00:00,59226.42,59256.033209999994,2024-07-14 21:20:00+00:00,60441.1538742,60410.9332972629,0.00014793725531883932,8.76617491416939,0.0876617491416939,58663.47287789999,60441.1538742,TP,0.17970439529196813,0.008766174914169391,0.008937027663246553,0.004380897008579797,0.0044707492062263,0.008851646214806098,0.15314954649974608,1.7470510000000068,0 days 22:25:00
5m,DEVELOPMENT,384,CLOSED,BTCUSDT,LONG,2024-07-14 21:20:00+00:00,2024-07-14 21:25:00+00:00,60870.74,60901.17537,2024-07-15 02:25:00+00:00,62119.1988774,62088.1392779613,0.0001464531909266366,8.919171464119188,0.08919171464119188,60292.1636163,62119.1988774,TP,0.18284078633591663,0.008919171464119188,0.009093006115954871,0.004457357053532716,0.00454877744670031,0.009006134500233026,0.15582247425560955,1.747051000000007,0 days 05:00:00
5m,DEVELOPMENT,385,CLOSED,BTCUSDT,LONG,2024-07-15 02:25:00+00:00,2024-07-15 02:30:00+00:00,62206.94,62238.04347,2024-07-15 16:40:00+00:00,63482.8043394,63451.0629372303,0.00014580854033339926,9.074838271567351,0.09074838271567352,61615.66303529999,63482.8043394,TP,0.18603191699135005,0.009074838271567352,0.0092517068694802,0.00453515156000288,0.004628167518498884,0.009163319078501764,0.15854205277180072,1.7470510000000063,0 days 14:10:00
5m,DEVELOPMENT,386,CLOSED,BTCUSDT,LONG,2024-07-15 16:40:00+00:00,2024-07-15 16:45:00+00:00,63454.0,63485.727,2024-07-15 22:40:00+00:00,64755.44154,64723.06381923,0.00014543776021766358,9.23322194067005,0.09233221940670051,62850.86973,64755.44154,TP,0.1892787426318268,0.00923322194067005,0.00941317743629371,0.00461430381842566,0.004708943189741263,0.009323247008166922,0.1613090962466961,1.747051000000006,0 days 05:55:00
5m,DEVELOPMENT,387,CLOSED,BTCUSDT,LONG,2024-07-16 00:00:00+00:00,2024-07-16 00:05:00+00:00,64870.01,64902.445005,2024-07-16 05:20:00+00:00,64253.420554950004,64221.29384467253,0.00014474600900235297,9.394369888968448,0.09394369888968448,64253.420554950004,66200.4939051,SL,-0.08924886136396286,0.009394369888968449,0.009295775976983726,0.0046948375257212715,0.004650213095039055,0.009345050620760326,-0.11728405785067536,-1.2484504999999928,0 days 05:15:00
5m,DEVELOPMENT,388,CLOSED,BTCUSDT,LONG,2024-07-16 11:20:00+00:00,2024-07-16 11:25:00+00:00,63679.99,63711.82999499999,2024-07-16 14:05:00+00:00,63074.71169504999,63043.17433920247,0.0001456119373550688,9.277202998008732,0.09277202998008732,63074.71169504999,64986.066594899996,SL,-0.0881357466227626,0.009277202998008733,0.009179838752544632,0.004636283357324949,0.004592215484013375,0.009228498841338324,-0.1158212872146543,-1.2484504999999924,0 days 02:40:00
5m,DEVELOPMENT,389,CLOSED,BTCUSDT,LONG,2024-07-16 14:55:00+00:00,2024-07-16 15:00:00+00:00,63836.09,63868.008044999995,2024-07-16 16:00:00+00:00,65145.3682059,65112.79552179705,0.00014344423282969344,9.161497416375713,0.09161497416375713,63229.32796454999,65145.3682059,TP,0.18780840780596317,0.009161497416375713,0.009340055001020878,0.0045784594784484215,0.004672363682351093,0.009250823160799514,0.1600560322277671,1.7470510000000112,0 days 01:00:00
5m,DEVELOPMENT,390,CLOSED,BTCUSDT,LONG,2024-07-16 16:00:00+00:00,2024-07-16 16:05:00+00:00,65150.6,65183.175299999995,2024-07-16 16:10:00+00:00,64531.343547,64499.0778752265,0.00014300306036897517,9.321393552467391,0.09321393552467391,64531.343547,66486.838806,SL,-0.08855556793223669,0.009321393552467392,0.009223565527134247,0.004658367592437017,0.004614089808470432,0.00927245740090745,-0.11637298441274577,-1.2484504999999877,0 days 00:05:00
5m,DEVELOPMENT,391,CLOSED,BTCUSDT,LONG,2024-07-16 17:40:00+00:00,2024-07-16 17:45:00+00:00,64532.01,64564.276005,2024-07-17 01:10:00+00:00,65855.5615251,65822.63374433745,0.00014257322151447132,9.20513682478233,0.09205136824782331,63918.63324495,65855.5615251,TP,0.1887030047738981,0.009205136824782332,0.009384544941497338,0.004600268278251708,0.004694619780638651,0.009294888058890359,0.16081843494872805,1.747051000000001,0 days 07:25:00
5m,DEVELOPMENT,392,CLOSED,BTCUSDT,LONG,2024-07-17 01:10:00+00:00,2024-07-17 01:15:00+00:00,65794.0,65826.897,2024-07-17 08:05:00+00:00,65168.62803,65136.043715985004,0.00014227914467780382,9.36579460195389,0.0936579460195389,65168.62803,67143.43493999999,SL,-0.0889773889970732,0.009365794601953891,0.009267500587606385,0.0046805570224653145,0.004636068327966531,0.009316625350431845,-0.11692730953706532,-1.2484504999999888,0 days 06:50:00
5m,DEVELOPMENT,393,CLOSED,BTCUSDT,LONG,2024-07-17 15:30:00+00:00,2024-07-17 15:35:00+00:00,65207.73,65240.333865,2024-07-17 16:05:00+00:00,64587.93052635,64555.63656108683,0.00014176788429768813,9.248984102915864,0.09248984102915865,64587.93052635,66545.1405423,SL,-0.08786766006818178,0.009248984102915865,0.009151916014755766,0.004622180960977063,0.004578247130942432,0.009200428091919495,-0.11546898827777291,-1.2484504999999921,0 days 00:30:00
5m,DEVELOPMENT,394,CLOSED,BTCUSDT,LONG,2024-07-17 20:30:00+00:00,2024-07-17 20:35:00+00:00,64637.45,64669.768724999994,2024-07-18 00:05:00+00:00,64023.07103774999,63991.059502231124,0.00014123493323615156,9.133630468272736,0.09133630468272737,64023.07103774999,65963.16409949999,SL,-0.08677177171507545,0.009133630468272737,0.009037773016508216,0.004564532967652169,0.0045211470817940426,0.009085680049446212,-0.11402885524930262,-1.2484504999999924,0 days 03:30:00
5m,DEVELOPMENT,395,CLOSED,BTCUSDT,LONG,2024-07-18 01:25:00+00:00,2024-07-18 01:30:00+00:00,64636.0,64668.318,2024-07-18 14:40:00+00:00,64021.63482,63989.624002590004,0.00013947657534503591,9.019715527963742,0.09019715527963743,64021.63482,65961.68436,SL,-0.08568955131763664,0.009019715527963741,0.008925053613497764,0.004507603962000773,0.004464759186341365,0.008972363148342138,-0.11260668360744029,-1.2484504999999924,0 days 13:10:00
5m,DEVELOPMENT,396,CLOSED,BTCUSDT,LONG,2024-07-18 21:15:00+00:00,2024-07-18 21:20:00+00:00,63865.17,63897.10258499999,2024-07-19 13:55:00+00:00,65175.0446367,65142.45711438165,0.00013939945597215097,8.907221338545721,0.08907221338545722,63258.131559149995,65175.0446367,TP,0.1825958117476987,0.00890722133854572,0.009080823082433978,0.004451384976783774,0.0045426828826578445,0.008994067859441618,0.15561369946727738,1.7470510000000108,0 days 16:35:00
5m,DEVELOPMENT,397,CLOSED,BTCUSDT,LONG,2024-07-19 13:55:00+00:00,2024-07-19 14:00:00+00:00,65135.89,65168.457944999995,2024-07-19 16:20:00+00:00,66471.8271039,66438.59119034804,0.00013906542928206732,9.062679579771775,0.09062679579771775,64516.77336554999,66471.8271039,TP,0.18578266684769473,0.009062679579771775,0.009239311204781525,0.004529075252259095,0.004621966585683737,0.009151041837942832,0.1583296342251986,1.7470510000000001,0 days 02:20:00
5m,DEVELOPMENT,398,CLOSED,BTCUSDT,LONG,2024-07-19 17:20:00+00:00,2024-07-19 17:25:00+00:00,66730.0,66763.36499999999,2024-07-21 18:05:00+00:00,66095.73134999999,66062.683484325,0.00013811243700095422,9.22085104253421,0.0922085104253421,66095.73134999999,68098.6323,SL,-0.08760038896480704,0.009220851042534211,0.009124078210842814,0.004608121460535551,0.004564321266053198,0.00917244272658875,-0.11511776094477282,-1.248450499999992,2 days 00:40:00
5m,DEVELOPMENT,399,CLOSED,BTCUSDT,LONG,2024-07-21 20:15:00+00:00,2024-07-21 20:20:00+00:00,67728.0,67761.864,2024-07-22 08:45:00+00:00,67084.24536,67050.70323732,0.00013438013281847776,9.105848284347626,0.09105848284347627,67084.24536,69117.10128,SL,-0.08650783402571123,0.009105848284347627,0.009010282406603398,0.004550648817765119,0.004507394900751453,0.009058043718516571,-0.11368200843517882,-1.248450499999994,0 days 12:25:00
5m,DEVELOPMENT,400,CLOSED,BTCUSDT,LONG,2024-07-22 11:45:00+00:00,2024-07-22 11:50:00+00:00,67497.88,67531.62894,2024-07-22 14:30:00+00:00,66856.3126506,66822.8844942747,0.000133156566567376,8.992279844352444,0.08992279844352444,66856.3126506,68882.26151879999,SL,-0.08542890546783707,0.008992279844352444,0.008897905867385966,0.0044938929756871,0.0044511785229548,0.008945071498641901,-0.11226416267821739,-1.2484505000000008,0 days 02:40:00
5m,DEVELOPMENT,401,CLOSED,BTCUSDT,LONG,2024-07-22 17:35:00+00:00,2024-07-22 17:40:00+00:00,67380.0,67413.69,2024-07-23 05:15:00+00:00,66739.5531,66706.18332345001,0.00013172588288350477,8.880127833684897,0.08880127833684898,66739.5531,68761.9638,SL,-0.08436343334250308,0.008880127833684897,0.008786930892070374,0.004437844994345582,0.004395663277673557,0.00883350827201914,-0.11086400034027749,-1.2484504999999912,0 days 11:35:00
5m,DEVELOPMENT,402,CLOSED,BTCUSDT,LONG,2024-07-23 09:25:00+00:00,2024-07-23 09:30:00+00:00,66992.0,67025.496,2024-07-23 13:10:00+00:00,66355.24104,66322.06341948,0.00013083639972752629,8.769374586591715,0.08769374586591715,66355.24104,68366.00592,SL,-0.08331124982064476,0.008769374586591714,0.008677340000305433,0.004382496045273114,0.0043408404203629436,0.008723336465636057,-0.10948130087317796,-1.2484505000000088,0 days 03:40:00
5m,DEVELOPMENT,403,CLOSED,BTCUSDT,LONG,2024-07-24 00:00:00+00:00,2024-07-24 00:05:00+00:00,65990.0,66022.995,2024-07-24 21:30:00+00:00,65362.765049999995,65330.083667474995,0.00013116646189176181,8.66000265764748,0.0866000265764748,65362.765049999995,67343.4549,SL,-0.08227218916635684,0.00866000265764748,0.00856911592975547,0.00432783741011807,0.004286701315535399,0.00861453872565347,-0.10811584647941326,-1.2484505000000001,0 days 21:25:00
5m,DEVELOPMENT,404,CLOSED,BTCUSDT,LONG,2024-07-25 09:25:00+00:00,2024-07-25 09:30:00+00:00,64462.0,64494.231,2024-07-25 13:55:00+00:00,63849.28869,63817.364045655006,0.00013260092703495772,8.551994819006708,0.08551994819006709,63849.28869,65784.11562,SL,-0.0812460877108032,0.008551994819006708,0.008462241633381235,0.004273860479263691,0.004233237435407739,0.00850709791467143,-0.10676742207786256,-1.2484504999999908,0 days 04:25:00
5m,DEVELOPMENT,405,CLOSED,BTCUSDT,LONG,2024-07-25 14:40:00+00:00,2024-07-25 14:45:00+00:00,64740.0,64772.369999999995,2024-07-25 22:00:00+00:00,66067.8174,66034.7834913,0.00013038482392554364,8.445334057690165,0.08445334057690165,64124.64629999999,66067.8174,TP,0.17312723790427315,0.008445334057690164,0.008609933618474546,0.004220556750469241,0.004307120369422367,0.008527677119891608,0.14754429310821685,1.7470510000000028,0 days 07:15:00
5m,DEVELOPMENT,406,CLOSED,BTCUSDT,LONG,2024-07-25 22:00:00+00:00,2024-07-25 22:05:00+00:00,66069.5,66102.53474999999,2024-07-26 03:05:00+00:00,67424.58544499999,67390.87315227749,0.00012999094492215628,8.592730953902171,0.08592730953902171,65441.50940249999,67424.58544499999,TP,0.17614883744580928,0.00859273095390217,0.008760203280193724,0.0042942183677661125,0.004382292786489992,0.008676511154256106,0.15011939205745728,1.7470509999999984,0 days 05:00:00
5m,DEVELOPMENT,407,CLOSED,BTCUSDT,LONG,2024-07-26 03:05:00+00:00,2024-07-26 03:10:00+00:00,67356.01,67389.68800499999,2024-07-27 13:10:00+00:00,68737.48176509999,68703.11302421744,0.00012973350426979762,8.742700376536995,0.08742700376536995,66715.79112494999,68737.48176509999,TP,0.17922317313620512,0.008742700376536995,0.008913095606875702,0.004369165605465026,0.0044587771920338555,0.008827942797498881,0.15273943435529355,1.7470510000000024,1 days 10:00:00
5m,DEVELOPMENT,408,CLOSED,BTCUSDT,LONG,2024-07-27 13:10:00+00:00,2024-07-27 13:15:00+00:00,68858.97,68893.399485,2024-07-27 19:00:00+00:00,68204.46549015,68170.36325740493,0.00012911668302827085,8.895287224044784,0.08895287224044784,68204.46549015,70271.2674747,SL,-0.08450745133887594,0.008895287224044784,0.008801931184628433,0.0044454209015716796,0.004403167175902471,0.00884858807747415,-0.1110532578250233,-1.2484505000000008,0 days 05:45:00
5m,DEVELOPMENT,409,CLOSED,BTCUSDT,LONG,2024-07-28 11:05:00+00:00,2024-07-28 11:10:00+00:00,67647.89,67681.713945,2024-07-29 02:15:00+00:00,69035.3482239,69000.83054978805,0.0001297890433991324,8.78434490853527,0.08784344908535269,67004.89680555,69035.3482239,TP,0.1800768756362404,0.008784344908535269,0.008955551790802624,0.004389977465534408,0.00448001590335303,0.008869993368887438,0.15346698556801505,1.7470510000000063,0 days 15:05:00
5m,DEVELOPMENT,410,CLOSED,BTCUSDT,LONG,2024-07-29 02:15:00+00:00,2024-07-29 02:20:00+00:00,69130.0,69164.565,2024-07-29 14:45:00+00:00,68472.91935,68438.682890325,0.00012922308671255853,8.93765858043139,0.08937658580431392,68472.91935,70547.8563,SL,-0.08490998981209477,0.008937658580431392,0.008843857853629762,0.004466595992219886,0.0044241409973132285,0.008890736989533115,-0.11158224323568905,-1.248450500000005,0 days 12:25:00
5m,DEVELOPMENT,411,CLOSED,BTCUSDT,LONG,2024-07-30 04:55:00+00:00,2024-07-30 05:00:00+00:00,66808.04,66841.44402,2024-07-30 14:00:00+00:00,66173.0295798,66139.9430650101,0.00013204663569696716,8.826187807968163,0.08826187807968162,66173.0295798,68178.2729004,SL,-0.0838509896199265,0.008826187807968162,0.008733556966923538,0.004410888459754438,0.004368962964944523,0.008779851424698962,-0.11019058581951716,-1.2484504999999955,0 days 09:00:00
5m,DEVELOPMENT,412,CLOSED,BTCUSDT,LONG,2024-07-30 21:35:00+00:00,2024-07-30 21:40:00+00:00,66202.0,66235.101,2024-07-31 04:50:00+00:00,65572.74999,65539.963615005,0.00013159347794538672,8.716107302653961,0.08716107302653962,65572.74999,67559.80301999999,SL,-0.08280519731306982,0.008716107302653962,0.00862463175651261,0.004355875713469602,0.004314473114812419,0.00867034882828202,-0.1088162852005184,-1.2484504999999828,0 days 07:10:00
5m,DEVELOPMENT,413,CLOSED,BTCUSDT,LONG,2024-07-31 06:10:00+00:00,2024-07-31 06:15:00+00:00,66459.15,66492.37957499998,2024-07-31 19:25:00+00:00,65827.45577924998,65794.54205136036,0.00012944941630976467,8.607399725031065,0.08607399725031066,65827.45577924998,67822.22716649999,SL,-0.0817724481623405,0.008607399725031066,0.008517065064916866,0.004301549087970292,0.004260662863890153,0.008562211951860445,-0.10745912490414888,-1.248450499999999,0 days 13:10:00
5m,DEVELOPMENT,414,CLOSED,BTCUSDT,LONG,2024-08-01 06:35:00+00:00,2024-08-01 06:40:00+00:00,64410.0,64442.204999999994,2024-08-01 15:00:00+00:00,63797.78294999999,63765.884058525,0.0001319018793956546,8.500047951900049,0.08500047951900049,63797.78294999999,65731.04909999999,SL,-0.0807525794930643,0.008500047951900049,0.008410839948644859,0.004247900025936327,0.004207523736189658,0.008455423762125984,-0.1061188911557352,-1.2484504999999915,0 days 08:20:00
5m,DEVELOPMENT,415,CLOSED,BTCUSDT,LONG,2024-08-01 20:30:00+00:00,2024-08-01 20:35:00+00:00,63713.96,63745.816979999996,2024-08-01 21:40:00+00:00,65020.733319599996,64988.2229529402,0.00013167977871012597,8.39403507362259,0.0839403507362259,63108.35881019999,65020.733319599996,TP,0.17207562154922434,0.00839403507362259,0.008557634817207494,0.004194920076772492,0.0042809578875466475,0.00847587796431914,0.14664807369407512,1.747051000000011,0 days 01:05:00
5m,DEVELOPMENT,416,CLOSED,BTCUSDT,LONG,2024-08-01 21:40:00+00:00,2024-08-01 21:45:00+00:00,65083.25,65115.791625,2024-08-02 02:15:00+00:00,64464.63370875,64432.401391895626,0.00013115922317168854,8.540536645744542,0.08540536645744543,64464.63370875,66418.1074575,SL,-0.08113723220170108,0.008540536645744543,0.008450903713647455,0.004268134255744139,0.004227565639643351,0.00849569989538749,-0.10662437245648056,-1.2484504999999952,0 days 04:30:00
5m,DEVELOPMENT,417,CLOSED,BTCUSDT,LONG,2024-08-02 08:55:00+00:00,2024-08-02 09:00:00+00:00,64598.01,64630.309004999996,2024-08-02 14:40:00+00:00,63984.005914949994,63952.01391199252,0.0001304963401999236,8.434018791142664,0.08434018791142664,63984.005914949994,65922.91518509999,SL,-0.08012528596682868,0.008434018791142665,0.008345503763929623,0.004214901944598183,0.004174839301615151,0.008389741246213334,-0.1052945497681143,-1.248450499999997,0 days 05:40:00
5m,DEVELOPMENT,418,CLOSED,BTCUSDT,LONG,2024-08-03 03:40:00+00:00,2024-08-03 03:45:00+00:00,61850.0,61880.924999999996,2024-08-03 15:45:00+00:00,61262.11575,61231.484692125,0.0001345944558963034,8.328829430734958,0.08328829430734958,61262.11575,63118.5435,SL,-0.07912596075875679,0.008328829430734958,0.008241418365859395,0.004162333548592596,0.004122770568213546,0.008285104116806143,-0.10398131267215728,-1.2484504999999946,0 days 12:00:00
5m,DEVELOPMENT,419,CLOSED,BTCUSDT,LONG,2024-08-03 23:20:00+00:00,2024-08-03 23:25:00+00:00,60771.99,60802.375994999995,2024-08-04 08:05:00+00:00,60194.35223504999,60164.25505893247,0.0001352735293794178,8.224951995498039,0.0822495199549804,60194.35223504999,62018.423514899994,SL,-0.07813909916762592,0.00822495199549804,0.008138631124305287,0.004110420787354924,0.004071351237771423,0.008181772025126348,-0.10268445431255559,-1.2484505000000041,0 days 08:40:00
5m,DEVELOPMENT,420,CLOSED,BTCUSDT,LONG,2024-08-04 09:50:00+00:00,2024-08-04 09:55:00+00:00,60730.0,60760.365,2024-08-04 14:30:00+00:00,60152.76135,60122.684969325004,0.0001336787579050574,8.122370123057923,0.08122370123057923,60152.76135,61975.5723,SL,-0.07716454574679207,0.008122370123057924,0.00803712584861643,0.004059155483786795,0.0040205732109132005,0.008079728694699997,-0.10140377041316644,-1.24845049999999,0 days 04:35:00
5m,DEVELOPMENT,421,CLOSED,BTCUSDT,LONG,2024-08-04 20:10:00+00:00,2024-08-04 20:15:00+00:00,59498.0,59527.748999999996,2024-08-04 20:35:00+00:00,58932.471509999996,58903.005274245,0.0001347450187493685,8.021067655112702,0.08021067655112703,58932.471509999996,60718.30398,SL,-0.07620214698835263,0.008021067655112702,0.007936886550072296,0.004008529562774446,0.003970428489280369,0.007978958052054815,-0.10013905924559245,-1.2484504999999955,0 days 00:20:00
5m,DEVELOPMENT,422,CLOSED,BTCUSDT,LONG,2024-08-04 20:55:00+00:00,2024-08-04 21:00:00+00:00,59158.01,59187.589005,2024-08-04 21:25:00+00:00,58595.71311495,58566.415258392524,0.00013382921602395715,7.921028634887336,0.07921028634887337,58595.71311495,60371.3407851,SL,-0.07525175129895516,0.007921028634887337,0.007837897439364194,0.003958535049918655,0.0039209091742690985,0.007879444224187755,-0.09889012159739444,-1.248450500000004,0 days 00:25:00
5m,DEVELOPMENT,423,CLOSED,BTCUSDT,LONG,2024-08-05 14:35:00+00:00,2024-08-05 14:40:00+00:00,53856.66,53883.58833,2024-08-05 15:40:00+00:00,54961.2600966,54933.77946655171,0.00014516919802583258,7.822237304620211,0.07822237304620211,53344.7524467,54961.2600966,TP,0.16035391016267908,0.007822237304620212,0.00797469270968726,0.00390916407027427,0.003989341025355728,0.007898505095629997,0.13665847505274162,1.747051000000015,0 days 01:00:00
5m,DEVELOPMENT,424,CLOSED,BTCUSDT,LONG,2024-08-05 16:20:00+00:00,2024-08-05 16:25:00+00:00,55167.69,55195.273844999996,2024-08-05 16:35:00+00:00,54643.32110654999,54615.99944599672,0.00014419276693996907,7.958759257719855,0.07958759257719855,54643.32110654999,56299.179321899996,SL,-0.07561020164380672,0.007958759257719855,0.007875232079310086,0.003977390933392329,0.003939585832570971,0.007916976765963299,-0.09936116974679995,-1.2484505000000017,0 days 00:10:00
5m,DEVELOPMENT,425,CLOSED,BTCUSDT,LONG,2024-08-05 17:45:00+00:00,2024-08-05 17:50:00+00:00,54888.01,54915.454005,2024-08-05 18:10:00+00:00,54366.299464949996,54339.11631521752,0.0001431199557990597,7.859497349880896,0.07859497349880896,54366.299464949996,56013.7630851,SL,-0.07466718871626064,0.007859497349880897,0.007777011925193896,0.0039277847825488245,0.003890451188191001,0.007818235970739825,-0.09812193396207526,-1.248450500000006,0 days 00:20:00
5m,DEVELOPMENT,426,CLOSED,BTCUSDT,LONG,2024-08-05 20:55:00+00:00,2024-08-05 21:00:00+00:00,54393.85,54421.046924999995,2024-08-05 23:55:00+00:00,53876.836455749995,53849.89803752212,0.00014261896597699225,7.761473439828873,0.07761473439828874,53876.836455749995,55509.467863499995,SL,-0.07373593707703538,0.0077614734398288735,0.00768001677607787,0.0038787973212533185,0.0038419293527150967,0.007720726673968415,-0.09689815396691054,-1.248450499999997,0 days 02:55:00
5m,DEVELOPMENT,427,CLOSED,BTCUSDT,LONG,2024-08-06 00:05:00+00:00,2024-08-06 00:10:00+00:00,54700.0,54727.35,2024-08-06 00:45:00+00:00,55821.897,55793.986051500004,0.0001400519500252539,7.664672087214578,0.07664672087214579,54180.076499999996,55821.897,TP,0.15712386257748187,0.007664672087214578,0.007814056546194392,0.0038304208331904903,0.00390898276447853,0.007739403597669021,0.13390573034640388,1.7470510000000092,0 days 00:35:00
5m,DEVELOPMENT,428,CLOSED,BTCUSDT,LONG,2024-08-06 00:45:00+00:00,2024-08-06 00:50:00+00:00,55792.0,55819.89599999999,2024-08-06 04:45:00+00:00,55261.69703999999,55234.06619147999,0.00013970724785303428,7.798444045602595,0.07798444045602596,55261.69703999999,56936.29392,SL,-0.07408716706991886,0.007798444045602595,0.0077165993753439965,0.0038972733861073173,0.0038602298025731227,0.00775750318868044,-0.09735971367954589,-1.2484505000000008,0 days 03:55:00
5m,DEVELOPMENT,429,CLOSED,BTCUSDT,LONG,2024-08-06 05:35:00+00:00,2024-08-06 05:40:00+00:00,55770.0,55797.884999999995,2024-08-06 08:30:00+00:00,55239.906149999995,55212.286196925,0.00013801923844199973,7.70118159437428,0.0770118159437428,55239.906149999995,56913.842699999994,SL,-0.07316314947978829,0.0077011815943742795,0.007620357693541323,0.0038486664639544393,0.003812084889214517,0.007660751353168956,-0.09614544012087284,-1.248450499999989,0 days 02:50:00
5m,DEVELOPMENT,430,CLOSED,BTCUSDT,LONG,2024-08-06 12:25:00+00:00,2024-08-06 12:30:00+00:00,55461.02,55488.75050999999,2024-08-06 12:35:00+00:00,54933.86300489999,54906.39607339755,0.0001370571896779973,7.605132203644138,0.07605132203644138,54933.86300489999,56598.52552019999,SL,-0.07225065626750456,0.007605132203644139,0.007525316341166893,0.0038006657689367723,0.0037645404408030146,0.007565206209739787,-0.09494631102205538,-1.2484504999999884,0 days 00:05:00
5m,DEVELOPMENT,431,CLOSED,BTCUSDT,LONG,2024-08-06 14:10:00+00:00,2024-08-06 14:15:00+00:00,56149.99,56178.06499499999,2024-08-07 00:15:00+00:00,55616.28434504999,55588.47620287747,0.00013368706709193494,7.510280744081646,0.07510280744081646,55616.28434504999,57301.626294899994,SL,-0.07134954370064638,0.007510280744081646,0.007431460347672509,0.0037532637401701224,0.0037175889683200023,0.007470852708490124,-0.09376213750089066,-1.248450499999995,0 days 10:00:00
5m,DEVELOPMENT,432,CLOSED,BTCUSDT,LONG,2024-08-07 01:45:00+00:00,2024-08-07 01:50:00+00:00,56768.01,56796.394005,2024-08-07 14:25:00+00:00,56228.43006495,56200.315849917526,0.00013058244990688802,7.416612275049788,0.07416612275049789,56228.43006495,57932.321885100006,SL,-0.07045966983942877,0.007416612275049788,0.0073387749292231404,0.0037064529110693444,0.003671223076149517,0.0073776759872188616,-0.09259273303092055,-1.2484505000000012,0 days 12:35:00
5m,DEVELOPMENT,433,CLOSED,BTCUSDT,LONG,2024-08-08 01:10:00+00:00,2024-08-08 01:15:00+00:00,55890.15,55918.095075,2024-08-08 01:40:00+00:00,57036.4569765,57007.93874801175,0.0001309792837618703,7.324112042251667,0.07324112042251667,55358.91412425,57036.4569765,TP,0.1501424667532046,0.007324112042251666,0.0074668589859551516,0.0036602259081712227,0.0037352971415479147,0.007395523049719138,0.12795597267527867,1.7470510000000068,0 days 00:25:00
5m,DEVELOPMENT,434,CLOSED,BTCUSDT,LONG,2024-08-08 01:40:00+00:00,2024-08-08 01:45:00+00:00,57346.54,57375.21327,2024-08-08 01:45:00+00:00,56801.4611373,56773.060406731354,0.00012988082766184398,7.451940186782414,0.07451940186782414,56801.4611373,58522.7175354,SL,-0.07079529382845264,0.007451940186782414,0.007373732074522133,0.0037241080393714326,0.0036887103924568266,0.007412818431828259,-0.09303378452158545,-1.2484504999999928,0 days 00:00:00
5m,DEVELOPMENT,435,CLOSED,BTCUSDT,LONG,2024-08-08 02:20:00+00:00,2024-08-08 02:25:00+00:00,57558.0,57586.778999999995,2024-08-08 04:05:00+00:00,57010.91120999999,56982.405754395,0.00012778973700030188,7.358999343104507,0.07358999343104508,57010.91120999999,58738.514579999995,SL,-0.06991233258991453,0.007358999343104507,0.007281766644998625,0.003677660841131048,0.003642704674836028,0.007320365515967076,-0.09187346409398472,-1.248450499999997,0 days 01:40:00
5m,DEVELOPMENT,436,CLOSED,BTCUSDT,LONG,2024-08-08 05:15:00+00:00,2024-08-08 05:20:00+00:00,56978.8,57007.2894,2024-08-08 12:30:00+00:00,58147.435188,58118.36147040601,0.00012747874416026757,7.267217660692934,0.07267217660692935,56437.216506000004,58147.435188,TP,0.14897614614773821,0.007267217660692934,0.00740885573289984,0.0036317929338793445,0.0037062810069526226,0.007338073940831967,0.12696199881331346,1.747051000000013,0 days 07:10:00
5m,DEVELOPMENT,437,CLOSED,BTCUSDT,LONG,2024-08-08 12:30:00+00:00,2024-08-08 12:35:00+00:00,58380.19,58409.380095,2024-08-08 12:40:00+00:00,57825.28629405,57796.37365090298,0.00012659016090080965,7.394052824342599,0.07394052824342599,57825.28629405,59577.567696900005,SL,-0.0702453494206666,0.007394052824342599,0.007316452239951123,0.0036951788227596797,0.0036600561480491177,0.0073552349708087975,-0.09231108945576912,-1.2484504999999975,0 days 00:05:00
5m,DEVELOPMENT,438,CLOSED,BTCUSDT,LONG,2024-08-08 13:15:00+00:00,2024-08-08 13:20:00+00:00,58107.32,58136.37366,2024-08-08 13:30:00+00:00,57555.00992339999,57526.232418438296,0.0001255983731710007,7.3018339537574155,0.07301833953757415,57555.00992339999,59299.1011332,SL,-0.06936924710691156,0.007301833953757416,0.007225201206412732,0.0036490924306630955,0.0036144078071096144,0.00726350023777271,-0.09115978250485442,-1.2484505000000028,0 days 00:10:00
5m,DEVELOPMENT,439,CLOSED,BTCUSDT,LONG,2024-08-08 14:15:00+00:00,2024-08-08 14:20:00+00:00,57626.24,57655.05312,2024-08-08 14:45:00+00:00,58808.1541824,58778.750105308805,0.00012506735922969788,7.210765239966353,0.07210765239966353,57078.502588799995,58808.1541824,TP,0.1478188856288959,0.007210765239966353,0.007351303054493299,0.003603580829568254,0.003677490272382351,0.007281071101950604,0.12597574623248564,1.7470510000000148,0 days 00:25:00
5m,DEVELOPMENT,440,CLOSED,BTCUSDT,LONG,2024-08-08 14:45:00+00:00,2024-08-08 14:50:00+00:00,58712.5,58741.85625,2024-08-08 21:40:00+00:00,59916.693374999995,59886.7350283125,0.00012489586820475226,7.336615136302503,0.07336615136302503,58154.437687499994,59916.693374999995,TP,0.15039877705703522,0.007336615136302503,0.007479605765309039,0.003666474330985395,0.0037416737195139515,0.007408148050499347,0.12817440810492434,1.7470510000000012,0 days 06:50:00
5m,DEVELOPMENT,441,CLOSED,BTCUSDT,LONG,2024-08-08 21:40:00+00:00,2024-08-08 21:45:00+00:00,60511.93,60542.185965,2024-08-08 22:50:00+00:00,61753.029684299996,61722.15316945785,0.0001232968611731508,7.464661498045684,0.07464661498045684,59936.76410535,61753.029684299996,TP,0.15302369547717787,0.007464661498045685,0.007610147750642595,0.0037304655162642966,0.003806977364002607,0.007537442880266904,0.13041144334822272,1.7470510000000081,0 days 01:05:00
5m,DEVELOPMENT,442,CLOSED,BTCUSDT,LONG,2024-08-08 22:50:00+00:00,2024-08-08 22:55:00+00:00,61947.02,61977.99350999999,2024-08-09 00:10:00+00:00,61358.21357489999,61327.53446811255,0.00012254257084018535,7.594942660231722,0.07594942660231722,61358.21357489999,63217.55338019999,SL,-0.07215385305897344,0.007594942660231722,0.007515233737012591,0.00379557354334372,0.003759496616813936,0.007555070160157656,-0.0948190996163754,-1.248450499999989,0 days 01:15:00
5m,DEVELOPMENT,443,CLOSED,BTCUSDT,LONG,2024-08-09 01:35:00+00:00,2024-08-09 01:40:00+00:00,61524.03,61554.792015,2024-08-09 04:40:00+00:00,60939.24409485,60908.77447280258,0.00012184621277191377,7.500218284990589,0.07500218284990588,60939.24409485,62785.8878553,SL,-0.07125394782492286,0.007500218284990589,0.007421503494089613,0.003748235024982833,0.003712608051069925,0.007460843076052758,-0.09363651268005582,-1.248450499999992,0 days 03:00:00
5m,DEVELOPMENT,444,CLOSED,BTCUSDT,LONG,2024-08-09 09:05:00+00:00,2024-08-09 09:10:00+00:00,61176.0,61206.587999999996,2024-08-09 10:20:00+00:00,60594.522119999994,60564.22485894,0.00012101107997198347,7.406675315280244,0.07406675315280244,60594.522119999994,62430.71976,SL,-0.07036526623862012,0.0074066753152802435,0.007328942257846378,0.0037014869141825586,0.0036663042810633883,0.007367791195245946,-0.09246867500699268,-1.2484504999999988,0 days 01:10:00
5m,DEVELOPMENT,445,CLOSED,BTCUSDT,LONG,2024-08-09 19:15:00+00:00,2024-08-09 19:20:00+00:00,60520.01,60550.270005,2024-08-09 21:15:00+00:00,59944.76730495,59914.79492129753,0.00012079713296023247,7.314299016571961,0.07314299016571961,59944.76730495,61761.2754051,SL,-0.06948766831835745,0.007314299016571961,0.007237535448393039,0.0036553218473618708,0.0036205780132027294,0.0072758998605646,-0.09131540264388704,-1.2484504999999906,0 days 01:55:00
5m,DEVELOPMENT,446,CLOSED,BTCUSDT,LONG,2024-08-09 23:30:00+00:00,2024-08-09 23:35:00+00:00,60805.99,60836.392994999995,2024-08-11 13:05:00+00:00,60228.029065049996,60197.91505051748,0.00011872950519436923,7.223074838106539,0.0722307483810654,60228.029065049996,62053.12085489999,SL,-0.0686210158282888,0.007223074838106539,0.007147268667680613,0.0036097325527764943,0.003575422044862016,0.007185154597638511,-0.09017651393171447,-1.2484504999999886,1 days 13:30:00
5m,DEVELOPMENT,447,CLOSED,BTCUSDT,LONG,2024-08-12 10:50:00+00:00,2024-08-12 10:55:00+00:00,58834.11,58863.527055,2024-08-12 13:55:00+00:00,58274.891784449996,58245.754338557774,0.00012117840651881968,7.13298841060233,0.0713298841060233,58274.891784449996,60040.7975961,SL,-0.06776517225664742,0.00713298841060233,0.007058127697233059,0.0035647118493762433,0.0035308292632477752,0.007095541112624018,-0.08905182947710684,-1.2484505,0 days 03:00:00
5m,DEVELOPMENT,448,CLOSED,BTCUSDT,LONG,2024-08-12 14:30:00+00:00,2024-08-12 14:35:00+00:00,59902.86,59932.811429999994,2024-08-12 15:25:00+00:00,59333.483315699996,59303.81657404215,0.00011753203922727834,7.044025543991835,0.07044025543991836,59333.483315699996,61131.4676586,SL,-0.06692000279424584,0.007044025543991835,0.006970098495907641,0.0035202526456723417,0.0034867926442758816,0.007007045289948223,-0.08794117212409354,-1.2484504999999964,0 days 00:50:00
5m,DEVELOPMENT,449,CLOSED,BTCUSDT,LONG,2024-08-12 15:55:00+00:00,2024-08-12 16:00:00+00:00,60207.38,60237.483689999994,2024-08-12 16:55:00+00:00,59635.10885309999,59605.291298673445,0.00011547913025359889,6.956172225186548,0.06956172225186548,59635.10885309999,61442.2333638,SL,-0.06608537431324221,0.006956172225186548,0.006883167197683215,0.0034763479386235325,0.0034433052514669777,0.006919653190090511,-0.08684436692620248,-1.2484504999999986,0 days 00:55:00
5m,DEVELOPMENT,450,CLOSED,BTCUSDT,LONG,2024-08-12 17:15:00+00:00,2024-08-12 17:20:00+00:00,59799.98,59829.87999,2024-08-12 18:00:00+00:00,59231.5811901,59201.96539950495,0.00011481578463834158,6.869414615869663,0.06869414615869662,59231.5811901,61026.4775898,SL,-0.06526115534616866,0.0068694146158696625,0.006797320109476111,0.0034329908125283453,0.003400360234855005,0.00683335104738335,-0.0857612411188978,-1.2484504999999988,0 days 00:40:00
5m,DEVELOPMENT,451,CLOSED,BTCUSDT,LONG,2024-08-12 23:15:00+00:00,2024-08-12 23:20:00+00:00,59726.0,59755.863,2024-08-13 03:10:00+00:00,59158.30437,59128.725217815,0.00011352424196963433,6.783739050316319,0.06783739050316319,59158.30437,60950.98026,SL,-0.06444721606522423,0.006783739050316319,0.00671254370898325,0.0033901744379389127,0.0033579508299062294,0.0067481252678451425,-0.08469162409236894,-1.2484504999999941,0 days 03:50:00
5m,DEVELOPMENT,452,CLOSED,BTCUSDT,LONG,2024-08-13 13:45:00+00:00,2024-08-13 13:50:00+00:00,59333.21,59362.876605,2024-08-13 16:40:00+00:00,60550.1341371,60519.85907003145,0.00011285052909105106,6.6991320332410265,0.06699132033241027,58769.247838949996,60550.1341371,TP,0.13733053273540605,0.006699132033241026,0.006829698116568895,0.0033478920705850546,0.003416557336952823,0.006764449407537877,0.11703725317805826,1.7470510000000083,0 days 02:50:00
5m,DEVELOPMENT,453,CLOSED,BTCUSDT,LONG,2024-08-13 16:40:00+00:00,2024-08-13 16:45:00+00:00,60632.01,60662.326004999995,2024-08-14 13:40:00+00:00,60055.702744949995,60025.674893577525,0.00011236055085531072,6.81605236608624,0.06816052366086241,60055.702744949995,61875.5725251,SL,-0.06475420063933088,0.006816052366086241,0.006744517896504165,0.0034063230215316026,0.003373945921212098,0.006780268942743701,-0.085095039844665,-1.2484504999999926,0 days 20:55:00
5m,DEVELOPMENT,454,CLOSED,BTCUSDT,LONG,2024-08-15 09:40:00+00:00,2024-08-15 09:45:00+00:00,58488.1,58517.34404999999,2024-08-15 14:45:00+00:00,59687.69093099999,59657.84708553449,0.00011502644977393487,6.731042336271391,0.06731042336271391,57932.17060949999,59687.69093099999,TP,0.1379846859739383,0.0067310423362713905,0.00686223035140532,0.003363839248510736,0.0034328315914980644,0.0067966708400088,0.11759474244625279,1.7470510000000012,0 days 05:00:00
5m,DEVELOPMENT,455,CLOSED,BTCUSDT,LONG,2024-08-15 14:45:00+00:00,2024-08-15 14:50:00+00:00,59699.61,59729.459805,2024-08-15 17:55:00+00:00,59132.16520695,59102.599124346525,0.00011465899112114803,6.8485196014524625,0.06848519601452463,59132.16520695,60924.0490011,SL,-0.06506264748806195,0.0068485196014524624,0.006776644388235219,0.0034225485264627723,0.003390017202718711,0.006812565729181484,-0.08550037720693113,-1.2484504999999977,0 days 03:05:00
5m,DEVELOPMENT,456,CLOSED,BTCUSDT,LONG,2024-08-15 23:30:00+00:00,2024-08-15 23:35:00+00:00,57755.1,57783.977549999996,2024-08-16 01:15:00+00:00,57206.1377745,57177.53470561275,0.00011704117518313305,6.763104639207777,0.06763104639207777,57206.1377745,58939.657101,SL,-0.06425118400366803,0.006763104639207777,0.006692125856019292,0.0033798623884093828,0.00334773679640771,0.006727599184817093,-0.08443401368371219,-1.2484504999999926,0 days 01:40:00
5m,DEVELOPMENT,457,CLOSED,BTCUSDT,LONG,2024-08-16 02:30:00+00:00,2024-08-16 02:35:00+00:00,58209.6,58238.70479999999,2024-08-16 12:35:00+00:00,57656.317751999995,57627.489593123995,0.00011467897505832042,6.678754975188085,0.06678754975188085,57656.317751999995,59403.47889599999,SL,-0.06344984111860381,0.006678754975188085,0.006608661441723487,0.003337708633276682,0.0033059837127181126,0.006643692345994795,-0.0833809498815102,-1.248450499999995,0 days 10:00:00
5m,DEVELOPMENT,458,CLOSED,BTCUSDT,LONG,2024-08-16 16:30:00+00:00,2024-08-16 16:35:00+00:00,58587.37,58616.663685,2024-08-16 19:25:00+00:00,59788.9969587,59759.10246022065,0.00011251847014702377,6.595457322958804,0.06595457322958805,58030.49704815,59788.9969587,TP,0.13520522708034477,0.0065954573229588045,0.006724002786183272,0.0032960806211684707,0.0033636832347088597,0.00665976385587733,0.11522600311532537,1.7470510000000052,0 days 02:50:00
5m,DEVELOPMENT,459,CLOSED,BTCUSDT,LONG,2024-08-16 19:25:00+00:00,2024-08-16 19:30:00+00:00,59781.21,59811.10060499999,2024-08-16 20:40:00+00:00,59212.98959894999,59183.38310415052,0.00011219603296550822,6.710568215181908,0.06710568215181908,59212.98959894999,61007.32261709999,SL,-0.06375207484788081,0.006710568215181908,0.006640140801763573,0.003353607303938225,0.0033217312665150002,0.006675338570453226,-0.08377812243527953,-1.2484504999999988,0 days 01:10:00
5m,DEVELOPMENT,460,CLOSED,BTCUSDT,LONG,2024-08-16 21:35:00+00:00,2024-08-16 21:40:00+00:00,59135.76,59165.32788,2024-08-18 23:50:00+00:00,58573.67460119999,58544.387763899394,0.00011200603503145221,6.6268737871746355,0.06626873787174635,58573.67460119999,60348.6344376,SL,-0.0629569568686616,0.0066268737871746355,0.006557324746778238,0.0033117810030852215,0.003280302524651284,0.006592083527736506,-0.08273323893035098,-1.2484505000000048,2 days 02:10:00
5m,DEVELOPMENT,461,CLOSED,BTCUSDT,LONG,2024-08-19 08:35:00+00:00,2024-08-19 08:40:00+00:00,58618.97,58648.279485,2024-08-19 09:45:00+00:00,58061.79669015,58032.76579180492,0.00011158423156311673,6.544223198832628,0.06544223198832629,58061.79669015,59821.2450747,SL,-0.06217175562709108,0.006544223198832628,0.00647554157636088,0.0032704763612354673,0.0032393904834220498,0.006509866844657517,-0.0817013872469421,-1.2484505000000024,0 days 01:05:00
5m,DEVELOPMENT,462,CLOSED,BTCUSDT,LONG,2024-08-19 13:05:00+00:00,2024-08-19 13:10:00+00:00,58541.39,58570.660695,2024-08-20 00:20:00+00:00,59742.0739089,59712.20287194555,0.00011033857830299086,6.462603431353166,0.06462603431353166,57984.95408805,59742.0739089,TP,0.13248175549930366,0.006462603431353167,0.0065885595722302405,0.0032296868722403805,0.003295927749990078,0.006525614622230459,0.11290497787348977,1.7470509999999997,0 days 11:10:00
5m,DEVELOPMENT,463,CLOSED,BTCUSDT,LONG,2024-08-20 00:20:00+00:00,2024-08-20 00:25:00+00:00,59831.98,59861.89599,2024-08-20 05:15:00+00:00,61059.133909799995,61028.6043428451,0.00010984275570121264,6.57539561704097,0.0657539561704097,59263.2770301,61059.133909799995,TP,0.13479396712194847,0.00657539561704097,0.006703550077617099,0.0032860547811292672,0.0033534517646902477,0.0066395065458195145,0.11487551488147088,1.7470510000000066,0 days 04:50:00
5m,DEVELOPMENT,464,CLOSED,BTCUSDT,LONG,2024-08-20 05:15:00+00:00,2024-08-20 05:20:00+00:00,61275.98,61306.61799,2024-08-20 08:30:00+00:00,60693.5518101,60663.20503419495,0.00010912616925402045,6.690156371168315,0.06690156371168315,60693.5518101,62532.7503498,SL,-0.06355815722934073,0.006690156371168315,0.006619943180052904,0.0033434064823425085,0.003311627403728016,0.0066550338860705245,-0.08352329066663249,-1.248450499999997,0 days 03:10:00
5m,DEVELOPMENT,465,CLOSED,BTCUSDT,LONG,2024-08-20 09:10:00+00:00,2024-08-20 09:15:00+00:00,60927.94,60958.40397,2024-08-20 13:35:00+00:00,60348.8199303,60318.64552033485,0.00010838073325548223,6.6067165203524985,0.06606716520352499,60348.8199303,62177.5720494,SL,-0.06276545779705221,0.006606716520352498,0.006537379030471399,0.0033017074064726946,0.0032703246775742474,0.0065720320840469415,-0.08248158543192305,-1.2484504999999952,0 days 04:20:00
5m,DEVELOPMENT,466,CLOSED,BTCUSDT,LONG,2024-08-20 19:40:00+00:00,2024-08-20 19:45:00+00:00,59483.97,59513.711984999994,2024-08-20 21:05:00+00:00,58918.574865149996,58889.11557771742,0.000109627128211247,6.524317334106821,0.06524317334106822,58918.574865149996,60703.9862247,SL,-0.06198264493821678,0.006524317334106821,0.006455844623685371,0.0032605284028512497,0.003229537080382917,0.006490065483234167,-0.08145287237924315,-1.248450499999998,0 days 01:20:00
5m,DEVELOPMENT,467,CLOSED,BTCUSDT,LONG,2024-08-21 02:40:00+00:00,2024-08-21 02:45:00+00:00,59391.72,59421.41586,2024-08-21 18:35:00+00:00,60609.8441772,60579.539255111406,0.00010842800932930274,6.442945833228458,0.06442945833228458,58827.2017014,60609.8441772,TP,0.13207877964969075,0.006442945833228458,0.006568518847518081,0.0032198629851216474,0.0032859023749459764,0.0065057653600676234,0.1125615496088766,1.7470510000000075,0 days 15:50:00
5m,DEVELOPMENT,468,CLOSED,BTCUSDT,LONG,2024-08-21 18:35:00+00:00,2024-08-21 18:40:00+00:00,60488.39,60518.634195,2024-08-21 20:00:00+00:00,61729.0068789,61698.14237546056,0.00010832027227538501,6.555394933736825,0.06555394933736826,59913.44785305,61729.0068789,TP,0.1343839581118864,0.006555394933736826,0.006683159580995358,0.003276059437149763,0.0033432514162050303,0.006619310853354793,0.11452609274379941,1.747051000000013,0 days 01:20:00
5m,DEVELOPMENT,469,CLOSED,BTCUSDT,LONG,2024-08-21 20:00:00+00:00,2024-08-21 20:05:00+00:00,61799.01,61829.909504999996,2024-08-21 20:30:00+00:00,61211.61040994999,61181.00460474502,0.00010787346557995846,6.669806614799564,0.06669806614799564,61211.61040994999,63066.507695099994,SL,-0.06336482945894131,0.006669806614799564,0.006599806994377242,0.003333236689054602,0.0033015542743252703,0.006634790963379872,-0.08326923403149798,-1.2484504999999961,0 days 00:25:00
5m,DEVELOPMENT,470,CLOSED,BTCUSDT,LONG,2024-08-21 21:30:00+00:00,2024-08-21 21:35:00+00:00,61426.0,61456.712999999996,2024-08-22 00:55:00+00:00,60842.14586999999,60811.724797065,0.00010717495689715865,6.586620566816049,0.0658662056681605,60842.14586999999,62685.847259999995,SL,-0.06257454121697881,0.0065866205668160495,0.006517493983967316,0.0032916644511820155,0.0032603771805733337,0.006552041631755349,-0.08223069739951752,-1.2484504999999957,0 days 03:20:00
5m,DEVELOPMENT,471,CLOSED,BTCUSDT,LONG,2024-08-22 06:00:00+00:00,2024-08-22 06:05:00+00:00,60871.82,60902.25591,2024-08-22 15:35:00+00:00,60293.2333509,60263.086734224555,0.0001068018240174477,6.504472017965384,0.06504472017965383,60293.2333509,62120.3010282,SL,-0.061794109476022735,0.006504472017965383,0.006436207584136838,0.0032506107036308924,0.0032197136488925607,0.006470324352523453,-0.08120511343064842,-1.2484504999999924,0 days 09:30:00
5m,DEVELOPMENT,472,CLOSED,BTCUSDT,LONG,2024-08-22 21:00:00+00:00,2024-08-22 21:05:00+00:00,60599.97,60630.269985,2024-08-23 14:10:00+00:00,61842.8753847,61811.95394700765,0.00010594292306653628,6.423348028524178,0.06423348028524178,60023.96728515,61842.8753847,TP,0.13167702955025534,0.006423348028524178,0.0065485390816001155,0.0032100689797719736,0.003275907494547147,0.0064859764743191205,0.11221916596581193,1.7470509999999997,0 days 17:05:00
5m,DEVELOPMENT,473,CLOSED,BTCUSDT,LONG,2024-08-23 14:10:00+00:00,2024-08-23 14:15:00+00:00,62088.0,62119.043999999994,2024-08-23 14:15:00+00:00,61497.853559999996,61467.10463322,0.00010520855870594346,6.535455087431084,0.06535455087431084,61497.853559999996,63361.42488,SL,-0.06208845637784397,0.006535455087431085,0.006466865486288495,0.003266094496466721,0.0032350502682781156,0.006501144764744836,-0.08159192171630839,-1.2484504999999935,0 days 00:00:00
5m,DEVELOPMENT,474,CLOSED,BTCUSDT,LONG,2024-08-23 14:15:00+00:00,2024-08-23 14:20:00+00:00,61509.1,61539.85455,2024-08-23 14:45:00+00:00,60924.456004499996,60893.99377649775,0.0001048742270081638,6.453944676126081,0.06453944676126082,60924.456004499996,62770.651641,SL,-0.06131408710302714,0.006453944676126081,0.006386210526750139,0.003225359658233697,0.0031947026146818816,0.006420062272915578,-0.08057430457881892,-1.248450499999992,0 days 00:25:00
5m,DEVELOPMENT,475,CLOSED,BTCUSDT,LONG,2024-08-23 15:30:00+00:00,2024-08-23 15:35:00+00:00,61464.56,61495.292279999994,2024-08-23 17:45:00+00:00,62725.19812559999,62693.835526537194,0.00010364128096730516,6.3734508653580315,0.06373450865358031,60880.33935719999,62725.19812559999,TP,0.130654150173406,0.006373450865358032,0.00649766942272386,0.003185132866245534,0.0032504599413324758,0.00643559280757801,0.11134743707774611,1.7470509999999997,0 days 02:10:00
5m,DEVELOPMENT,476,CLOSED,BTCUSDT,LONG,2024-08-23 17:45:00+00:00,2024-08-23 17:50:00+00:00,62797.88,62829.27894,2024-08-23 21:20:00+00:00,64085.8645188,64053.8215865406,0.0001032112285170036,6.484687066234901,0.06484687066234901,62200.986150599994,64085.8645188,TP,0.1329344644962301,0.0064846870662349015,0.00661107361715582,0.0032407231715315954,0.0033071904037797065,0.006547913575311302,0.11329079023752808,1.747051000000009,0 days 03:30:00
5m,DEVELOPMENT,477,CLOSED,BTCUSDT,LONG,2024-08-23 21:20:00+00:00,2024-08-23 21:25:00+00:00,64375.76,64407.94788,2024-08-24 01:15:00+00:00,63763.8684012,63731.986466999406,0.0001024386724935321,6.597864678859805,0.06597864678859805,63763.8684012,65696.1068376,SL,-0.06268136309101702,0.006597864678859805,0.006528620089055173,0.003297283697580874,0.003265943016035135,0.006563226713616008,-0.08237107457254803,-1.2484504999999908,0 days 03:50:00
5m,DEVELOPMENT,478,CLOSED,BTCUSDT,LONG,2024-08-24 03:05:00+00:00,2024-08-24 03:10:00+00:00,63986.0,64017.992999999995,2024-08-26 09:30:00+00:00,63377.81307,63346.124163465,0.00010177725960688967,6.515575893073045,0.06515575893073045,63377.81307,65298.35286,SL,-0.06189959906412759,0.006515575893073045,0.006447194924075243,0.0032561598666027056,0.003225210067070845,0.006481369933673551,-0.08134373981494941,-1.2484504999999926,2 days 06:20:00
5m,DEVELOPMENT,479,CLOSED,BTCUSDT,LONG,2024-08-26 11:10:00+00:00,2024-08-26 11:15:00+00:00,63891.01,63922.955505,2024-08-26 14:20:00+00:00,63283.72594995,63252.084086975025,0.00010065732043994973,6.434313415735433,0.06434313415735433,63283.72594995,65201.4146151,SL,-0.06112758522395356,0.006434313415735434,0.00636678529643729,0.0032155489334006184,0.003184985140789048,0.006400534074189666,-0.08032921801031595,-1.2484504999999977,0 days 03:05:00
5m,DEVELOPMENT,480,CLOSED,BTCUSDT,LONG,2024-08-26 17:30:00+00:00,2024-08-26 17:35:00+00:00,63775.32,63807.20765999999,2024-08-26 21:15:00+00:00,63169.13558339999,63137.5510156083,9.958223654844951e-05,6.354064446694159,0.06354064446694159,63169.13558339999,65083.351813199995,SL,-0.06036519996584589,0.0063540644466941595,0.006287378540326105,0.0031754445010958392,0.003145261901113112,0.006320706402208951,-0.0793273493550751,-1.2484504999999944,0 days 03:40:00
5m,DEVELOPMENT,481,CLOSED,BTCUSDT,LONG,2024-08-27 05:10:00+00:00,2024-08-27 05:15:00+00:00,63116.0,63147.558,2024-08-27 10:05:00+00:00,62516.08242,62484.82437879,9.936752178825885e-05,6.274816345440339,0.06274816345440339,62516.08242,64410.50916,SL,-0.05961232320180964,0.006274816345440339,0.006208962147894943,0.003135840252593601,0.003106034090992933,0.006241874343586534,-0.07833797603873147,-1.2484504999999972,0 days 04:50:00
5m,DEVELOPMENT,482,CLOSED,BTCUSDT,LONG,2024-08-27 19:10:00+00:00,2024-08-27 19:15:00+00:00,62183.15,62214.241575,2024-08-27 21:10:00+00:00,61592.09915925,61561.30310967038,9.960029202715442e-05,6.196556629117931,0.061965566291179316,61592.09915925,63458.5264065,SL,-0.058868836341595336,0.006196556629117931,0.006131523767295339,0.00309672994958403,0.003067295531413024,0.006164025480997054,-0.07736094221900566,-1.2484504999999952,0 days 01:55:00
5m,DEVELOPMENT,483,CLOSED,BTCUSDT,LONG,2024-08-28 09:30:00+00:00,2024-08-28 09:35:00+00:00,59473.02,59502.75650999999,2024-08-28 15:10:00+00:00,58907.728944899995,58878.27508042755,0.00010284015950637658,6.119272970557486,0.061192729705574864,58907.728944899995,60692.811640199994,SL,-0.05813462227401215,0.006119272970557486,0.0060550512007314875,0.0030581074315624663,0.0030290401204254706,0.006087147551987937,-0.07639609399728907,-1.2484504999999881,0 days 05:35:00
5m,DEVELOPMENT,484,CLOSED,BTCUSDT,LONG,2024-08-28 19:00:00+00:00,2024-08-28 19:05:00+00:00,59798.24,59828.13911999999,2024-08-28 19:10:00+00:00,59229.857728799994,59200.2427999356,0.00010100520065004527,6.042953196334422,0.060429531963344225,59229.857728799994,61024.7019024,SL,-0.05740956534848483,0.006042953196334422,0.005979532402538894,0.0030199666148592345,0.0029912618321849063,0.006011228447044141,-0.07544327939440229,-1.248450499999987,0 days 00:05:00
5m,DEVELOPMENT,485,CLOSED,BTCUSDT,LONG,2024-08-28 20:15:00+00:00,2024-08-28 20:20:00+00:00,59314.01,59343.667004999996,2024-08-28 20:20:00+00:00,58750.23033494999,58720.85521978252,0.00010055976629062551,5.967585284851504,0.05967585284851504,58750.23033494999,60530.540345099995,SL,-0.05669355135683609,0.005967585284851504,0.005904955477286988,0.0029823014916792747,0.0029539547160013207,0.005936256207680596,-0.07450234832665517,-1.2484505000000026,0 days 00:00:00
5m,DEVELOPMENT,486,CLOSED,BTCUSDT,LONG,2024-08-28 21:20:00+00:00,2024-08-28 21:25:00+00:00,59385.0,59414.6925,2024-08-29 13:55:00+00:00,60602.98635,60572.684856825006,9.918686971989725e-05,5.893157364445256,0.05893157364445256,58820.545575,60602.98635,TP,0.1208082534180631,0.005893157364445256,0.006008015001478295,0.0029451061291577894,0.0030055102558663948,0.005950616385024184,0.10295646466711536,1.7470510000000148,0 days 16:30:00
5m,DEVELOPMENT,487,CLOSED,BTCUSDT,LONG,2024-08-29 13:55:00+00:00,2024-08-29 14:00:00+00:00,60626.99,60657.30349499999,2024-08-29 18:10:00+00:00,60050.73046004999,60020.70509481997,9.885060215371376e-05,5.996010975501315,0.059960109755013154,60050.73046004999,61870.449564899995,SL,-0.05696360252088017,0.0059960109755013155,0.005933082840313429,0.0029965072341330847,0.0029680254328729987,0.005964532667006084,-0.07485722900370098,-1.2484504999999988,0 days 04:10:00
5m,DEVELOPMENT,488,CLOSED,BTCUSDT,LONG,2024-08-30 06:55:00+00:00,2024-08-30 07:00:00+00:00,59361.01,59390.690505,2024-08-30 14:45:00+00:00,58796.783599949995,58767.38520815002,9.96996074400865e-05,5.921228528944172,0.059212285289441724,58796.783599949995,60578.5043151,SL,-0.05625315059231892,0.005921228528944172,0.005859085235532903,0.002959134697123188,0.002931008121827082,0.00589014281895027,-0.07392360717574625,-1.2484505000000015,0 days 07:45:00
5m,DEVELOPMENT,489,OPEN,BTCUSDT,LONG,2024-08-30 18:30:00+00:00,2024-08-30 18:35:00+00:00,58909.48,58938.93474,,,,9.921079838515327e-05,5.847378771525846,0.05847378771525846,58349.5453926,60117.713434799996,END_OF_DATA,,0.005847378771525846,,0.0029222282716264906,,,,,
5m,VALIDATION,1,CLOSED,BTCUSDT,LONG,2024-09-01 00:05:00+00:00,2024-09-01 00:10:00+00:00,59035.75,59065.267875,2024-09-01 02:20:00+00:00,58474.61519625,58445.37788865188,0.00033827020004893163,19.980019980019986,0.19980019980019986,58474.61519625,60246.5732325,SL,-0.18981518231893024,0.019980019980019987,0.019770329670329677,0.00998501748126859,0.009890109890109267,0.01987512737137786,-0.2494406593406578,-1.248450499999992,0 days 02:10:00
5m,VALIDATION,2,CLOSED,BTCUSDT,LONG,2024-09-01 18:00:00+00:00,2024-09-01 18:05:00+00:00,58221.1,58250.210549999996,2024-09-01 22:20:00+00:00,57667.70844449999,57638.874590277745,0.00033872544538205454,19.730828512147202,0.19730828512147203,57667.70844449999,59415.214760999996,SL,-0.1874478011074074,0.019730828512147202,0.019523753466912215,0.009860484014065755,0.009766760113512253,0.019627244127578006,-0.24632962721404483,-1.2484505000000026,0 days 04:15:00
5m,VALIDATION,3,CLOSED,BTCUSDT,LONG,2024-09-02 03:55:00+00:00,2024-09-02 04:00:00+00:00,57742.0,57770.871,2024-09-02 20:50:00+00:00,58926.28842,58896.82527579,0.0003372762887455311,19.48474496847683,0.1948474496847683,57193.16229,58926.28842,TP,0.3994324031019078,0.01948474496847683,0.01986450264791244,0.009737503732371953,0.009937219933923143,0.019674723666295094,0.3404084318192234,1.7470509999999964,0 days 16:50:00
5m,VALIDATION,4,CLOSED,BTCUSDT,LONG,2024-09-02 20:50:00+00:00,2024-09-02 20:55:00+00:00,59096.99,59126.53849499999,2024-09-03 13:40:00+00:00,58535.273110049995,58506.00547349497,0.0003352946720127895,19.824813331932596,0.19824813331932598,58535.273110049995,60309.0692649,SL,-0.18834068037983043,0.019824813331932596,0.019616751916013964,0.009907452939495028,0.009813282599305447,0.019720735538800473,-0.24750298116657746,-1.2484504999999912,0 days 16:45:00
5m,VALIDATION,5,CLOSED,BTCUSDT,LONG,2024-09-03 20:55:00+00:00,2024-09-03 21:00:00+00:00,58228.01,58257.124005,2024-09-03 23:25:00+00:00,57674.55276495,57645.715488567526,0.00033605430993832085,19.57755760649146,0.1957755760649146,57674.55276495,59422.2664851,SL,-0.18599168920509948,0.01957755760649146,0.019372091139411334,0.009783886859814416,0.009690891015212819,0.019474777875027237,-0.2444161158260295,-1.2484504999999941,0 days 02:25:00
5m,VALIDATION,6,CLOSED,BTCUSDT,LONG,2024-09-04 08:25:00+00:00,2024-09-04 08:30:00+00:00,56847.99,56876.413994999995,2024-09-04 14:00:00+00:00,56307.64985505,56279.49603012247,0.0003399192091173138,19.333385662609317,0.19333385662609318,56307.64985505,58013.94227489999,SL,-0.18367199472573922,0.019333385662609316,0.01913048178008023,0.00966186190035359,0.009570025902991755,0.019231887803345345,-0.2413677499717741,-1.2484504999999988,0 days 05:30:00
5m,VALIDATION,7,CLOSED,BTCUSDT,LONG,2024-09-04 14:40:00+00:00,2024-09-04 14:45:00+00:00,57089.88,57118.42494,2024-09-04 16:00:00+00:00,58260.7934388,58231.6630420806,0.00033425744948878297,19.09225903926089,0.19092259039260892,56547.240690599996,58260.7934388,TP,0.39138653962542885,0.019092259039260893,0.019464367167936085,0.009541358840210264,0.009737052110021795,0.01927841095023206,0.3335515024679998,1.7470510000000106,0 days 01:15:00
5m,VALIDATION,8,CLOSED,BTCUSDT,LONG,2024-09-04 16:00:00+00:00,2024-09-04 16:05:00+00:00,58241.1,58270.22055,2024-09-04 18:40:00+00:00,57687.5183445,57658.67458532775,0.0003333688656073691,19.425477323444706,0.19425477323444706,57687.5183445,59435.624961,SL,-0.18454688851508383,0.01942547732344471,0.019221606938935158,0.009707884719362552,0.00961561127510406,0.019323495994466613,-0.2425174687719303,-1.248450499999991,0 days 02:35:00
5m,VALIDATION,9,CLOSED,BTCUSDT,LONG,2024-09-04 19:40:00+00:00,2024-09-04 19:45:00+00:00,57976.0,58004.988,2024-09-05 03:05:00+00:00,57424.93812,57396.22565094,0.00033071642269568883,19.18320212986636,0.19183202129866359,57424.93812,59165.08776,SL,-0.18224521363756133,0.01918320212986636,0.01898187442351341,0.00958680766110182,0.009495685054282452,0.019082492715384272,-0.23949278290632534,-1.2484504999999904,0 days 07:20:00
5m,VALIDATION,10,CLOSED,BTCUSDT,LONG,2024-09-06 00:15:00+00:00,2024-09-06 00:20:00+00:00,56333.81,56361.976904999996,2024-09-06 07:20:00+00:00,55798.35713595,55770.45795738202,0.0003361122096980394,18.94394860048941,0.1894394860048941,55798.35713595,57489.2164431,SL,-0.17997224532498915,0.01894394860048941,0.018745131859927277,0.009467240679904157,0.009377254557242417,0.018844495237146576,-0.2365058210225524,-1.2484504999999966,0 days 07:00:00
5m,VALIDATION,11,CLOSED,BTCUSDT,LONG,2024-09-06 12:00:00+00:00,2024-09-06 12:05:00+00:00,56080.0,56108.03999999999,2024-09-06 14:05:00+00:00,55546.959599999995,55519.1861202,0.00033342243017254455,18.707679049018335,0.18707679049018336,55546.959599999995,57230.20079999999,SL,-0.177727625548147,0.018707679049018336,0.01851134195739889,0.009349164942036014,0.0092603011292623,0.018609466071298313,-0.23355611262586257,-1.2484504999999888,0 days 02:00:00
5m,VALIDATION,12,CLOSED,BTCUSDT,LONG,2024-09-06 23:15:00+00:00,2024-09-06 23:20:00+00:00,53734.99,53761.857495,2024-09-07 16:05:00+00:00,54837.0946449,54809.67609757755,0.00034363314662073344,18.47435625918231,0.18474356259182312,53224.23892005,54837.0946449,TP,0.3787196870323126,0.018474356259182312,0.018834421462673775,0.00923256184866634,0.009421921692182889,0.01865448354084923,0.3227564257696073,1.7470510000000006,0 days 16:45:00
5m,VALIDATION,13,CLOSED,BTCUSDT,LONG,2024-09-08 01:05:00+00:00,2024-09-08 01:10:00+00:00,54290.26,54317.40513,2024-09-08 15:50:00+00:00,53774.231078699995,53747.343963160645,0.00034605464318431705,18.796790250960143,0.18796790250960144,53774.231078699995,55403.7532326,SL,-0.17857420423326192,0.018796790250960142,0.018599517937276315,0.009393698276340914,0.009304411174225239,0.01869810945056615,-0.23466862187206455,-1.2484505000000075,0 days 14:40:00
5m,VALIDATION,14,CLOSED,BTCUSDT,LONG,2024-09-08 17:55:00+00:00,2024-09-08 18:00:00+00:00,54510.0,54537.255,2024-09-09 13:50:00+00:00,55628.0001,55600.18609995,0.00034036102593127884,18.562356063275764,0.18562356063275764,53991.88245,55628.0001,TP,0.3805236610272715,0.018562356063275765,0.018924136382949014,0.009276539761756113,0.009466801592270256,0.018743341354026367,0.32429382722702027,1.7470510000000021,0 days 19:50:00
5m,VALIDATION,15,CLOSED,BTCUSDT,LONG,2024-09-09 13:50:00+00:00,2024-09-09 13:55:00+00:00,55646.0,55673.823,2024-09-09 14:25:00+00:00,55117.084769999994,55089.526227614995,0.0003392317053679863,18.88632592064542,0.1888632592064542,55117.084769999994,56787.299459999995,SL,-0.17942481546800274,0.01888632592064542,0.018688113930108243,0.009438443738452358,0.0093487313307191,0.018787175069171456,-0.23578643038792788,-1.2484505000000028,0 days 00:30:00
5m,VALIDATION,16,CLOSED,BTCUSDT,LONG,2024-09-09 16:05:00+00:00,2024-09-09 16:10:00+00:00,55540.0,55567.77,2024-09-09 17:05:00+00:00,56679.1254,56650.7858373,0.000335640156895571,18.650775041137003,0.18650775041137002,55012.0923,56679.1254,TP,0.3823362279797291,0.018650775041137,0.019014278646688764,0.009320727156988931,0.009511895270979561,0.018832622427968494,0.32583855186393484,1.7470510000000024,0 days 00:55:00
5m,VALIDATION,17,CLOSED,BTCUSDT,LONG,2024-09-09 17:05:00+00:00,2024-09-09 17:10:00+00:00,56715.0,56743.3575,2024-09-09 21:15:00+00:00,57878.22465,57849.285537675,0.00033442307462969764,18.976288079962114,0.18976288079962114,56175.923924999996,57878.22465,TP,0.38900916393805274,0.018976288079962114,0.019346135934640577,0.009483402338811066,0.00967790692077908,0.019161309259590146,0.3315254306638599,1.7470510000000052,0 days 04:05:00
5m,VALIDATION,18,CLOSED,BTCUSDT,LONG,2024-09-09 21:15:00+00:00,2024-09-09 21:20:00+00:00,57821.21,57850.120605,2024-09-09 21:45:00+00:00,57271.619398949995,57242.98358925052,0.00033375007890166434,19.307482316389546,0.19307482316389546,57271.619398949995,59007.1230171,SL,-0.18342590646405194,0.019307482316389547,0.019104850289479038,0.009648916699843952,0.009557203746612362,0.019206120446456316,-0.24104435951637682,-1.2484504999999997,0 days 00:25:00
5m,VALIDATION,19,CLOSED,BTCUSDT,LONG,2024-09-10 06:35:00+00:00,2024-09-10 06:40:00+00:00,56886.95,56915.393475,2024-09-11 04:15:00+00:00,56346.23954025,56318.066420479874,0.0003350003855952282,19.066678760429134,0.19066678760429134,56346.23954025,58053.7013445,SL,-0.18113821251162315,0.019066678760429136,0.01886657396683843,0.009528575092668244,0.009438005986411707,0.01896658107907995,-0.23803804631797068,-1.2484504999999966,0 days 21:35:00
5m,VALIDATION,20,CLOSED,BTCUSDT,LONG,2024-09-11 09:50:00+00:00,2024-09-11 09:55:00+00:00,56662.0,56690.331,2024-09-11 13:50:00+00:00,56123.42769,56095.365976155,0.00033213562493324014,18.828878514357235,0.18828878514357236,56123.42769,57824.13762,SL,-0.1788790507535898,0.018828878514357234,0.01863126943434906,0.009409734389983066,0.009320294864605543,0.01873002925458861,-0.23506922795688473,-1.248450499999996,0 days 03:55:00
5m,VALIDATION,21,CLOSED,BTCUSDT,LONG,2024-09-11 16:50:00+00:00,2024-09-11 16:55:00+00:00,57368.19,57396.874095,2024-09-12 14:30:00+00:00,58544.8115769,58515.53917111155,0.0003239556929532108,18.594044120793917,0.18594044120793918,56822.905354049995,58544.8115769,TP,0.3811732582883382,0.018594044120793917,0.018956442040708194,0.00929237587245972,0.009482962501604231,0.01877533837406395,0.3248474337527722,1.7470510000000046,0 days 21:35:00
5m,VALIDATION,22,CLOSED,BTCUSDT,LONG,2024-09-12 14:30:00+00:00,2024-09-12 14:35:00+00:00,58500.0,58529.25,2024-09-12 14:45:00+00:00,57943.9575,57914.98552125,0.0003232326918871479,18.918567031635853,0.18918567031635852,57943.9575,59699.835,SL,-0.17973111407866046,0.018918567031635854,0.01872001667063883,0.009454556237699077,0.009364690680659694,0.01881924691835877,-0.23618894469929394,-1.2484505000000052,0 days 00:10:00
5m,VALIDATION,23,CLOSED,BTCUSDT,LONG,2024-09-12 17:05:00+00:00,2024-09-12 17:10:00+00:00,58136.0,58165.068,2024-09-13 15:30:00+00:00,59328.36936,59298.70517532,0.00032119990025505116,18.682614039928268,0.1868261403992827,57583.41732,59328.36936,TP,0.3829889194991782,0.01868261403992827,0.01904673818756647,0.009336638700613603,0.009528133160362634,0.018864771860976237,0.3263947954107072,1.747051,0 days 22:20:00
5m,VALIDATION,24,CLOSED,BTCUSDT,LONG,2024-09-13 15:30:00+00:00,2024-09-13 15:35:00+00:00,59463.99,59493.72199499999,2024-09-15 23:05:00+00:00,58898.78477504999,58869.33538266247,0.0003195073720250656,19.008682766612292,0.19008682766612292,58898.78477504999,60683.59643489999,SL,-0.18058723607861207,0.019008682766612293,0.018809186640976697,0.009499591587510679,0.009409297969471413,0.01890888955698209,-0.23731399504318315,-1.2484504999999904,2 days 07:30:00
5m,VALIDATION,25,CLOSED,BTCUSDT,LONG,2024-09-16 06:15:00+00:00,2024-09-16 06:20:00+00:00,58766.0,58795.382999999994,2024-09-16 13:35:00+00:00,58207.429169999996,58178.325455415,0.0003192700666391992,18.771605848487237,0.18771605848487238,58207.429169999996,59971.29066,SL,-0.17833494611681414,0.01877160584848724,0.018574597845107364,0.009381112368057786,0.00929194489500076,0.018673057263058547,-0.2343542070734673,-1.2484504999999952,0 days 07:15:00
5m,VALIDATION,26,CLOSED,BTCUSDT,LONG,2024-09-16 20:10:00+00:00,2024-09-16 20:15:00+00:00,58164.16,58193.24208,2024-09-16 21:00:00+00:00,57611.3096592,57582.50400437041,0.00031855048969460606,18.537485761500758,0.18537485761500758,57611.3096592,59357.1069216,SL,-0.1761107467896709,0.018537485761500758,0.018342934848433808,0.009264110825337752,0.009176055451940819,0.01844016627727857,-0.23143133367688407,-1.2484504999999948,0 days 00:45:00
5m,VALIDATION,27,CLOSED,BTCUSDT,LONG,2024-09-16 23:00:00+00:00,2024-09-16 23:05:00+00:00,58069.99,58099.02499499999,2024-09-17 10:35:00+00:00,59261.0054949,59231.37499215255,0.00031508765645435287,18.30628562795742,0.1830628562795742,57518.03474504999,59261.0054949,TP,0.3752742810888619,0.018306285627957417,0.018663075134846312,0.009148568529712128,0.009336205670256567,0.018484774199968697,0.31982014612608944,1.7470510000000168,0 days 11:30:00
5m,VALIDATION,28,CLOSED,BTCUSDT,LONG,2024-09-17 10:35:00+00:00,2024-09-17 10:40:00+00:00,59169.98,59199.56499,2024-09-17 14:25:00+00:00,60383.5562898,60353.364511655105,0.0003146270800568265,18.625786273438035,0.18625786273438036,58607.569340099995,60383.5562898,TP,0.3818239644859697,0.018625786273438034,0.018988802847907344,0.009308239017209072,0.009499150999451434,0.018807390016660507,0.3254019853479639,1.7470510000000103,0 days 03:45:00
5m,VALIDATION,29,CLOSED,BTCUSDT,LONG,2024-09-17 14:25:00+00:00,2024-09-17 14:30:00+00:00,60195.01,60225.107505,2024-09-17 19:50:00+00:00,59622.85642995,59593.04500173503,0.000314667154065341,18.950863181877562,0.1895086318187756,59622.85642995,61429.6096551,SL,-0.18003793557595907,0.018950863181877563,0.018751973872783757,0.009470696242816714,0.009380677275027522,0.018851373517844237,-0.2365921461484646,-1.248450499999991,0 days 05:20:00
5m,VALIDATION,30,CLOSED,BTCUSDT,LONG,2024-09-18 02:55:00+00:00,2024-09-18 03:00:00+00:00,60352.0,60382.176,2024-09-18 09:50:00+00:00,59778.35424,59748.46506288,0.0003099342990143226,18.714507391519454,0.18714507391519455,59778.35424,61589.81952,SL,-0.17779249650813816,0.018714507391519454,0.01851809863644546,0.009352577407056037,0.009263681158802025,0.018616258565858062,-0.23364136110196115,-1.2484504999999977,0 days 06:50:00
5m,VALIDATION,31,CLOSED,BTCUSDT,LONG,2024-09-18 17:30:00+00:00,2024-09-18 17:35:00+00:00,59988.0,60017.994,2024-09-18 18:35:00+00:00,61218.35388,61187.74470306001,0.0003079259769723501,18.481099438370645,0.18481099438370646,59417.81406,61218.35388,TP,0.3788579205207223,0.018481099438370646,0.018841296066424495,0.009235931753308292,0.009425360713567069,0.01866129246687536,0.3228742325490518,1.7470510000000163,0 days 01:00:00
5m,VALIDATION,32,CLOSED,BTCUSDT,LONG,2024-09-18 18:35:00+00:00,2024-09-18 18:40:00+00:00,60912.0,60942.456,2024-09-18 18:40:00+00:00,60333.03144,60302.86492428,0.00030854764237330434,18.803651119238836,0.18803651119238837,60333.03144,62161.30512,SL,-0.17863938419626735,0.018803651119238835,0.018606306800742423,0.009397126996120836,0.009307807304022243,0.018704934300143077,-0.2347542764163917,-1.248450499999994,0 days 00:00:00
5m,VALIDATION,33,CLOSED,BTCUSDT,LONG,2024-09-18 20:50:00+00:00,2024-09-18 20:55:00+00:00,60275.54,60305.677769999995,2024-09-18 23:55:00+00:00,61511.791325399994,61481.0354297373,0.0003079168006932941,18.569131362579103,0.18569131362579103,59702.62099229999,61511.791325399994,TP,0.3806625529700104,0.018569131362579105,0.018931043732835773,0.009279925718428462,0.009470256994914198,0.01875018271334266,0.32441219516125286,1.7470510000000055,0 days 03:00:00
5m,VALIDATION,34,CLOSED,BTCUSDT,LONG,2024-09-18 23:55:00+00:00,2024-09-19 00:00:00+00:00,61759.98,61790.85999,2024-09-19 12:05:00+00:00,63026.6771898,62995.16385120511,0.0003057607463739931,18.893219469633305,0.18893219469633304,61172.951390099995,63026.6771898,TP,0.38730627818308677,0.018893219469633304,0.019261448317096464,0.009441888790419607,0.009635541929511111,0.01907743071993072,0.33007417967642627,1.7470510000000155,0 days 12:05:00
5m,VALIDATION,35,CLOSED,BTCUSDT,LONG,2024-09-19 12:05:00+00:00,2024-09-19 12:10:00+00:00,63046.0,63077.522999999994,2024-09-20 18:05:00+00:00,62446.747769999994,62415.524396115,0.0003047514073257838,19.222963904874494,0.19222963904874493,62446.747769999994,64339.07345999999,SL,-0.18262296043561596,0.019222963904874494,0.01902121889869284,0.009606678613128784,0.009515367132912044,0.01912204574604083,-0.23998918898522412,-1.2484504999999948,1 days 05:55:00
5m,VALIDATION,36,CLOSED,BTCUSDT,LONG,2024-09-20 21:05:00+00:00,2024-09-20 21:10:00+00:00,63200.0,63231.6,2024-09-22 10:40:00+00:00,62599.284,62567.984358,0.00030021720888493753,18.983214465328818,0.18983214465328818,62599.284,64496.231999999996,SL,-0.18034528085252424,0.01898321446532882,0.01878398562951519,0.009486863800763589,0.009396691160337202,0.018883554961100793,-0.23699603590846904,-1.2484504999999952,1 days 13:30:00
5m,VALIDATION,37,CLOSED,BTCUSDT,LONG,2024-09-22 17:05:00+00:00,2024-09-22 17:10:00+00:00,62865.98,62897.41299,2024-09-23 03:05:00+00:00,64155.3612498,64123.2835691751,0.0002980481119577599,18.74645518869698,0.1874645518869698,62268.438860099996,64155.3612498,TP,0.3842976470966259,0.01874645518869698,0.019111823600324686,0.009368543322685323,0.009560692146234794,0.018929235468920117,0.3275101328386841,1.7470510000000083,0 days 09:55:00
5m,VALIDATION,38,CLOSED,BTCUSDT,LONG,2024-09-23 03:05:00+00:00,2024-09-23 03:10:00+00:00,64180.0,64212.09,2024-09-23 06:25:00+00:00,63569.969099999995,63538.18411545,0.00029704122912968225,19.07363813858578,0.1907363813858578,63569.969099999995,65496.3318,SL,-0.18120432834308783,0.01907363813858578,0.01887346030632132,0.009532053042770466,0.00944145087859847,0.018973503921368935,-0.23812493070936386,-1.2484504999999948,0 days 03:15:00
5m,VALIDATION,39,CLOSED,BTCUSDT,LONG,2024-09-23 15:45:00+00:00,2024-09-23 15:50:00+00:00,63634.05,63665.867025,2024-09-24 00:40:00+00:00,63029.20835475,62997.69375057263,0.00029585320949958554,18.83575109492008,0.1883575109492008,63029.20835475,64939.1843655,SL,-0.17894434198622294,0.01883575109492008,0.018638069887178893,0.009413168962977558,0.009323696791983848,0.018736865754961404,-0.2351550287232833,-1.24845049999999,0 days 08:50:00
5m,VALIDATION,40,CLOSED,BTCUSDT,LONG,2024-09-24 05:50:00+00:00,2024-09-24 05:55:00+00:00,63223.99,63255.601995,2024-09-24 20:05:00+00:00,64520.7140349,64488.45367788255,0.000294058239897483,18.600830986305414,0.18600830986305414,62623.045975049994,64520.7140349,TP,0.38131238733545586,0.018600830986305415,0.018963361182228508,0.009295767609347826,0.009486423803014864,0.01878219141236269,0.3249660037545592,1.7470510000000032,0 days 14:10:00
5m,VALIDATION,41,CLOSED,BTCUSDT,LONG,2024-09-24 20:05:00+00:00,2024-09-24 20:10:00+00:00,64312.0,64344.155999999995,2024-09-25 06:55:00+00:00,63700.714439999996,63668.86408278,0.0002941288459622904,18.925472348697582,0.18925472348697583,63700.714439999996,65631.03912,SL,-0.17979671631621358,0.018925472348697583,0.018726849516398,0.009458007170762058,0.009368108812604962,0.01882611598336702,-0.23627515416467618,-1.248450499999997,0 days 10:45:00
5m,VALIDATION,42,CLOSED,BTCUSDT,LONG,2024-09-25 14:35:00+00:00,2024-09-25 14:40:00+00:00,63869.99,63901.924994999994,2024-09-25 17:25:00+00:00,63262.90574505,63231.27429217748,0.00029247058261719523,18.689433233647957,0.18689433233647956,63262.90574505,65179.963494899996,SL,-0.17755428574295273,0.018689433233647957,0.018493287631860828,0.00934004659352604,0.0092512694506542,0.01859131604418024,-0.23332832265264178,-1.2484504999999877,0 days 02:45:00
5m,VALIDATION,43,CLOSED,BTCUSDT,LONG,2024-09-25 21:45:00+00:00,2024-09-25 21:50:00+00:00,63547.98,63579.75399,2024-09-26 00:45:00+00:00,62943.9564501,62912.48447187495,0.0002902864016920483,18.456338006222747,0.18456338006222747,62943.9564501,64851.349069799995,SL,-0.1753398228377297,0.018456338006222747,0.018262638738847443,0.00922355722449745,0.009135887313079323,0.018359444537576774,-0.23041824412037668,-1.2484504999999932,0 days 02:55:00
5m,VALIDATION,44,CLOSED,BTCUSDT,LONG,2024-09-26 02:45:00+00:00,2024-09-26 02:50:00+00:00,63314.29,63345.947145,2024-09-26 12:30:00+00:00,64612.8660879,64580.55965485606,0.00028772401032126744,18.22614995015844,0.1822614995015844,62712.48767355,64612.8660879,TP,0.37363151971789094,0.018226149950158442,0.018581377612687033,0.009108520714721112,0.009295336474579282,0.018403857189300394,0.3184201349657451,1.7470510000000141,0 days 09:40:00
5m,VALIDATION,45,CLOSED,BTCUSDT,LONG,2024-09-26 13:55:00+00:00,2024-09-26 14:00:00+00:00,64428.34,64460.554169999996,2024-09-26 17:05:00+00:00,65749.7652534,65716.8903707733,0.0002876837194757126,18.544251983091257,0.1854425198309126,63815.94862829999,65749.7652534,TP,0.38015253190724724,0.01854425198309126,0.01890567945424171,0.009267492245422712,0.009457568511375532,0.018725060756798244,0.32397753971311605,1.7470510000000021,0 days 03:05:00
5m,VALIDATION,46,CLOSED,BTCUSDT,LONG,2024-09-26 17:05:00+00:00,2024-09-26 17:10:00+00:00,65661.98,65694.81099,2024-09-26 18:30:00+00:00,65037.862880099994,65005.343948659945,0.000287205421319967,18.867905868918548,0.1886790586891855,65037.862880099994,67008.7072098,SL,-0.1792498203738844,0.01886790586891855,0.018669887196824244,0.009429238315302256,0.009339613405114284,0.018768851720416542,-0.23555646516004372,-1.248450500000004,0 days 01:20:00
5m,VALIDATION,47,CLOSED,BTCUSDT,LONG,2024-09-26 18:50:00+00:00,2024-09-26 18:55:00+00:00,65222.04,65254.65102,2024-09-30 02:10:00+00:00,64602.104509799996,64569.8034575451,0.00028553650097970474,18.63258472490252,0.1863258472490252,64602.104509799996,66559.7440404,SL,-0.17701421070484746,0.01863258472490252,0.018437035748214668,0.009311636544178213,0.009223129438824999,0.018534765983003212,-0.23261859716096786,-1.248450499999993,3 days 07:15:00
5m,VALIDATION,48,CLOSED,BTCUSDT,LONG,2024-09-30 20:50:00+00:00,2024-09-30 20:55:00+00:00,63824.0,63855.912,2024-09-30 23:30:00+00:00,63217.35288,63185.74420356,0.0002881518396284514,18.400198513952503,0.18400198513952504,63217.35288,65133.03024,SL,-0.17480648363330234,0.018400198513952505,0.018207088430548572,0.009195501506222168,0.0091080982644051,0.018303599770627267,-0.22971737034843068,-1.2484504999999895,0 days 02:35:00
5m,VALIDATION,49,CLOSED,BTCUSDT,LONG,2024-10-01 03:15:00+00:00,2024-10-01 03:20:00+00:00,63598.0,63629.799,2024-10-01 13:35:00+00:00,62993.50101,62962.00425949501,0.0002855691974052368,18.17071063148654,0.1817071063148654,62993.50101,64902.39498,SL,-0.1726262914065763,0.01817071063148654,0.01798000902340909,0.009080814908288859,0.008994501762583993,0.01807531667087285,-0.22685232773234476,-1.2484504999999886,0 days 10:15:00
5m,VALIDATION,50,CLOSED,BTCUSDT,LONG,2024-10-02 01:25:00+00:00,2024-10-02 01:30:00+00:00,61400.0,61430.7,2024-10-02 12:55:00+00:00,60816.393,60785.9848035,0.0002921028887747694,17.944084929456228,0.17944084929456228,60816.393,62659.314,SL,-0.1704732906091779,0.01794408492945623,0.017755761758121588,0.00896755868538457,0.00888232204007885,0.01784988072546342,-0.22402301802221913,-1.2484504999999901,0 days 11:25:00
5m,VALIDATION,51,CLOSED,BTCUSDT,LONG,2024-10-02 15:15:00+00:00,2024-10-02 15:20:00+00:00,61645.83,61676.652915,2024-10-02 18:15:00+00:00,61059.88638585,61029.356442657074,0.00028730945784418815,17.720285710652817,0.17720285710652817,61059.88638585,62910.1859733,SL,-0.168347142108702,0.017720285710652817,0.017534311312119518,0.008855714997826636,0.00877154142677268,0.017627256424599315,-0.22122899555607364,-1.2484505,0 days 02:55:00
5m,VALIDATION,52,CLOSED,BTCUSDT,LONG,2024-10-03 00:35:00+00:00,2024-10-03 00:40:00+00:00,61089.56,61120.104779999994,2024-10-03 08:15:00+00:00,60508.90373219999,60478.6492803339,0.0002863096813409016,17.499277723084315,0.17499277723084317,60508.90373219999,62342.5068756,SL,-0.16624751100241653,0.017499277723084315,0.017315622803380545,0.008745266228426953,0.00866214247292511,0.017407408701352062,-0.21846982023023348,-1.2484504999999926,0 days 07:35:00
5m,VALIDATION,53,CLOSED,BTCUSDT,LONG,2024-10-03 18:15:00+00:00,2024-10-03 18:20:00+00:00,60760.25,60790.630124999996,2024-10-04 16:30:00+00:00,62006.4427275,61975.43950613625,0.000284271212831465,17.281026154422744,0.17281026154422743,60182.72382375,62006.4427275,TP,0.3542567180681758,0.017281026154422743,0.017617833354172444,0.008636194979720386,0.008813323338754456,0.01744951831847484,0.3019083402411058,1.74705100000001,0 days 22:10:00
5m,VALIDATION,54,CLOSED,BTCUSDT,LONG,2024-10-04 16:30:00+00:00,2024-10-04 16:35:00+00:00,62230.0,62261.115,2024-10-07 00:45:00+00:00,63506.3373,63474.584131350006,0.0002824015099622026,17.58263288793034,0.1758263288793034,61638.50385,63506.3373,TP,0.36043958074108057,0.01758263288793034,0.01792531840291611,0.008786922982473359,0.008967142772842586,0.017754065755315945,0.30717756369491817,1.7470510000000128,2 days 08:10:00
5m,VALIDATION,55,CLOSED,BTCUSDT,LONG,2024-10-07 00:45:00+00:00,2024-10-07 00:50:00+00:00,63596.61,63628.408305,2024-10-07 10:20:00+00:00,62992.12422195,62960.62815983903,0.0002811559185195975,17.88950358093226,0.17889503580932262,62992.12422195,64900.976471099995,SL,-0.16995475415968198,0.01788950358093226,0.01770175324085038,0.008940281649640358,0.008855304272560417,0.017795585922200777,-0.2233415969036654,-1.2484504999999926,0 days 09:30:00
5m,VALIDATION,56,CLOSED,BTCUSDT,LONG,2024-10-07 13:50:00+00:00,2024-10-07 13:55:00+00:00,63376.01,63407.698005,2024-10-07 18:50:00+00:00,62773.62102495,62742.23421443753,0.00027861577786838983,17.666385102507025,0.17666385102507026,62773.62102495,64675.8519651,SL,-0.1678350728628984,0.017666385102507027,0.017480976390856214,0.008828778162171405,0.0087448606257399,0.017573638787911305,-0.22055607314417294,-1.2484504999999912,0 days 04:55:00
5m,VALIDATION,57,CLOSED,BTCUSDT,LONG,2024-10-08 04:20:00+00:00,2024-10-08 04:25:00+00:00,62740.01,62771.380005,2024-10-08 07:15:00+00:00,62143.66620495,62112.59437184753,0.0002779299955443167,17.446049365100258,0.17446049365100258,62143.66620495,64026.8076051,SL,-0.1657418283011277,0.017446049365100257,0.017262953077013535,0.008718665349874368,0.00863579443572299,0.017354459785597357,-0.21780529052883885,-1.2484504999999877,0 days 02:50:00
5m,VALIDATION,58,CLOSED,BTCUSDT,LONG,2024-10-08 09:55:00+00:00,2024-10-08 10:00:00+00:00,62537.37,62568.638685,2024-10-08 15:30:00+00:00,61942.95229815,61911.98082200093,0.00027535298872347915,17.228461662274245,0.17228461662274247,61942.95229815,63820.0114587,SL,-0.1636746907545408,0.017228461662274246,0.01704764895712868,0.00860992586820177,0.008528088522823996,0.017138014391025767,-0.2150888157649695,-1.2484504999999904,0 days 05:30:00
5m,VALIDATION,59,CLOSED,BTCUSDT,LONG,2024-10-08 20:55:00+00:00,2024-10-08 21:00:00+00:00,62400.02,62431.22000999999,2024-10-09 12:40:00+00:00,61806.90780989999,61776.00435599504,0.00027251730332557864,17.013587720451103,0.17013587720451104,61806.90780989999,63679.84441019999,SL,-0.1616333346155821,0.0170135877204511,0.01683503011732497,0.008502542588929234,0.008421725921622266,0.0169242685105515,-0.2124062209639097,-1.248450499999996,0 days 15:40:00
5m,VALIDATION,60,CLOSED,BTCUSDT,LONG,2024-10-09 15:30:00+00:00,2024-10-09 15:35:00+00:00,62236.51,62267.628254999996,2024-10-09 18:10:00+00:00,61644.95197245,61614.12949646378,0.00026982549623872986,16.801393693514132,0.16801393693514133,61644.95197245,63512.9808201,SL,-0.15961743833768388,0.016801393693514133,0.016625063066700703,0.008396498597456704,0.008316689878288288,0.016713188475744992,-0.2097570835736437,-1.2484504999999884,0 days 02:35:00
5m,VALIDATION,61,CLOSED,BTCUSDT,LONG,2024-10-10 02:30:00+00:00,2024-10-10 02:35:00+00:00,60910.66,60941.11533,2024-10-10 16:55:00+00:00,60331.7041767,60301.53832461165,0.0002722602969707828,16.591846157476525,0.16591846157476525,60331.7041767,62159.9376366,SL,-0.1576266843846237,0.016591846157476525,0.016417714732053806,0.008291777190142386,0.008212963847950939,0.016504741038093323,-0.20714098631224737,-1.2484505000000055,0 days 14:20:00
5m,VALIDATION,62,CLOSED,BTCUSDT,LONG,2024-10-10 21:55:00+00:00,2024-10-10 22:00:00+00:00,60198.78,60228.879389999995,2024-10-11 12:30:00+00:00,61433.45697779999,61402.74024931109,0.0002720441135741433,16.384912105216536,0.16384912105216537,59626.590596099995,61433.45697779999,TP,0.3358866039760017,0.016384912105216535,0.016704254042147204,0.00818836187167128,0.008356305173660466,0.016544667045331744,0.2862527707833062,1.7470509999999977,0 days 14:30:00
5m,VALIDATION,63,CLOSED,BTCUSDT,LONG,2024-10-11 12:30:00+00:00,2024-10-11 12:35:00+00:00,61414.45,61445.157224999995,2024-10-11 17:30:00+00:00,62674.060369499995,62642.72333931525,0.00027131314593516957,16.670878909195864,0.16670878909195863,60830.705652749995,62674.060369499995,TP,0.34174885200160593,0.016670878909195865,0.01699579433913609,0.008331273817688624,0.008502148243688874,0.016833422061377497,0.2912487566918964,1.7470510000000061,0 days 04:55:00
5m,VALIDATION,64,CLOSED,BTCUSDT,LONG,2024-10-11 17:30:00+00:00,2024-10-11 17:35:00+00:00,62684.02,62715.36200999999,2024-10-13 15:25:00+00:00,62088.20838989999,62057.16428570505,0.00027045744717832127,16.961836708088867,0.16961836708088868,62088.20838989999,63969.66925019999,SL,-0.16114168706685267,0.016961836708088866,0.016783822231837477,0.00847668001403553,0.008396109170502706,0.016872789184538238,-0.21176013519131726,-1.2484504999999897,1 days 21:50:00
5m,VALIDATION,65,CLOSED,BTCUSDT,LONG,2024-10-13 17:00:00+00:00,2024-10-13 17:05:00+00:00,62742.11,62773.481055,2024-10-14 03:40:00+00:00,64028.9506761,63996.93620076196,0.0002668370120625957,16.750288121484157,0.16750288121484158,62145.74624445,64028.9506761,TP,0.34337672101113464,0.016750288121484158,0.017076751236971884,0.00837095858145028,0.008542646941955473,0.016913605523405754,0.29263607612927284,1.7470510000000157,0 days 10:35:00
5m,VALIDATION,66,CLOSED,BTCUSDT,LONG,2024-10-14 03:40:00+00:00,2024-10-14 03:45:00+00:00,64017.88,64049.88894,2024-10-14 14:00:00+00:00,65330.8867188,65298.22127544061,0.0002660837065595236,17.042631853881034,0.17042631853881035,63409.3900506,65330.8867188,TP,0.3493696944758629,0.017042631853881034,0.017374792748713182,0.00851705739824132,0.008691742245477726,0.017208799643719047,0.2977434702295496,1.7470510000000143,0 days 10:15:00
5m,VALIDATION,67,CLOSED,BTCUSDT,LONG,2024-10-14 14:00:00+00:00,2024-10-14 14:05:00+00:00,65314.0,65346.657,2024-10-15 13:45:00+00:00,66653.59014,66620.26334493,0.00026535524040788164,17.340077878086383,0.17340077878086382,64693.190429999995,66653.59014,TP,0.3554672636477279,0.017340077878086384,0.017678035995930288,0.00866570608599999,0.008843439717822879,0.01750914580382287,0.30294000396988835,1.7470510000000081,0 days 23:40:00
5m,VALIDATION,68,CLOSED,BTCUSDT,LONG,2024-10-15 13:45:00+00:00,2024-10-15 13:50:00+00:00,66812.26,66845.66613,2024-10-15 14:35:00+00:00,66177.20946869999,66144.12086396564,0.00026393207317851396,17.642715244689672,0.17642715244689672,66177.20946869999,68182.5794526,SL,-0.16761020329912657,0.01764271524468967,0.017457554948196653,0.00881694914777175,0.008733144046121908,0.01755009319389366,-0.22026056668590654,-1.248450500000012,0 days 00:45:00
5m,VALIDATION,69,CLOSED,BTCUSDT,LONG,2024-10-15 16:05:00+00:00,2024-10-15 16:10:00+00:00,66404.81,66438.01240499999,2024-10-16 10:15:00+00:00,67766.7726531,67732.88926677345,0.00026223955365074607,17.422674718529926,0.17422674718529926,65773.63228094998,67766.7726531,TP,0.3571604782379288,0.017422674718529926,0.01776224264879408,0.008706983867328436,0.008885564106449298,0.017592547973777732,0.30438301289682707,1.7470510000000161,0 days 18:05:00
5m,VALIDATION,70,CLOSED,BTCUSDT,LONG,2024-10-16 10:15:00+00:00,2024-10-16 10:20:00+00:00,67636.36,67670.17818,2024-10-17 10:30:00+00:00,66993.4763982,66959.9796600009,0.00026195813472428475,17.726753652492796,0.17726753652492797,66993.4763982,69023.5817436,SL,-0.16840858917235788,0.017726753652492797,0.017540711372909884,0.008858947352570644,0.008774743057984181,0.017633690410554827,-0.22130974460831537,-1.2484505000000046,1 days 00:10:00
5m,VALIDATION,71,CLOSED,BTCUSDT,LONG,2024-10-17 15:25:00+00:00,2024-10-17 15:30:00+00:00,67280.0,67313.64,2024-10-18 15:25:00+00:00,68659.9128,68625.58284360002,0.00026006118517050086,17.505664996540432,0.17505664996540432,66640.5036,68659.9128,TP,0.35886175819994576,0.01750566499654043,0.01784685040732301,0.008748458269135497,0.008927889148232993,0.01767634741736849,0.3058328953787138,1.747051000000024,0 days 23:55:00
5m,VALIDATION,72,CLOSED,BTCUSDT,LONG,2024-10-18 15:25:00+00:00,2024-10-18 15:30:00+00:00,68659.22,68693.54961,2024-10-21 13:15:00+00:00,68006.6141139,67972.61080684305,0.00025928478679107726,17.81119236455114,0.1781119236455114,68006.6141139,70067.4206022,SL,-0.169210778036042,0.01781119236455114,0.017624263900685173,0.008901145609471011,0.008816540220452284,0.017717685829923294,-0.2223639201312016,-1.248450500000006,2 days 21:45:00
5m,VALIDATION,73,CLOSED,BTCUSDT,LONG,2024-10-21 19:25:00+00:00,2024-10-21 19:30:00+00:00,67611.84,67645.64592,2024-10-22 00:25:00+00:00,66969.1894608,66935.7048660696,0.0002600174829729572,17.58905058619829,0.1758905058619829,66969.1894608,68998.5588384,SL,-0.16710037563399677,0.01758905058619829,0.017404453500296138,0.00879013022798486,0.008706580040167734,0.017496710268152596,-0.21959058998864378,-1.2484504999999904,0 days 04:55:00
5m,VALIDATION,74,CLOSED,BTCUSDT,LONG,2024-10-22 05:05:00+00:00,2024-10-22 05:10:00+00:00,67591.99,67625.785995,2024-10-22 08:30:00+00:00,66949.52813505,66916.05337098248,0.0002568499443202429,17.36967936742841,0.17369679367428412,66949.52813505,68978.3017149,SL,-0.16501629424028805,0.01736967936742841,0.01718738458246725,0.008680499433995442,0.00859799128687567,0.017278490720871113,-0.2168518489110548,-1.2484504999999881,0 days 03:20:00
5m,VALIDATION,75,CLOSED,BTCUSDT,LONG,2024-10-22 11:30:00+00:00,2024-10-22 11:35:00+00:00,67400.01,67433.71000499999,2024-10-22 13:50:00+00:00,66759.37290494998,66725.9932184975,0.000254368981811311,17.153044153731063,0.17153044153731065,66759.37290494998,68782.38420509998,SL,-0.1629582055784279,0.017153044153731062,0.016973022955337654,0.00857223595888393,0.008490756856097506,0.017062992814981436,-0.21414726550247806,-1.2484505000000106,0 days 02:15:00
5m,VALIDATION,76,CLOSED,BTCUSDT,LONG,2024-10-22 18:00:00+00:00,2024-10-22 18:05:00+00:00,67453.63,67487.356815,2024-10-23 07:45:00+00:00,66812.48324685001,66779.07700522659,0.00025099680326783524,16.939110821560757,0.16939110821560757,66812.48324685001,68837.10395130001,SL,-0.16092578546620057,0.016939110821560757,0.016761334853488477,0.008465322749406128,0.008384859856672028,0.016850182606078158,-0.21147641374732795,-1.2484504999999915,0 days 13:40:00
5m,VALIDATION,77,CLOSED,BTCUSDT,LONG,2024-10-23 19:40:00+00:00,2024-10-23 19:45:00+00:00,66475.61,66508.847805,2024-10-24 13:40:00+00:00,67839.0247611,67805.10524871945,0.0002515130877324335,16.72784567296203,0.1672784567296203,65843.75932694999,67839.0247611,TP,0.3429166564242375,0.01672784567296203,0.017053871385128063,0.008359742964997767,0.008531201293208186,0.016890944258205955,0.29224399510794147,1.7470510000000095,0 days 17:55:00
5m,VALIDATION,78,CLOSED,BTCUSDT,LONG,2024-10-24 13:40:00+00:00,2024-10-24 13:45:00+00:00,67843.19,67877.111595,2024-10-25 17:55:00+00:00,67198.34047904999,67164.74130881047,0.0002507442835455101,17.01979771602691,0.1701979771602691,67198.34047904999,69234.6538269,SL,-0.1616923311252758,0.01701979771602691,0.016841174938997207,0.008505646034994083,0.008424799869433534,0.01693044590442762,-0.21248374968472755,-1.248450500000006,1 days 04:10:00
5m,VALIDATION,79,CLOSED,BTCUSDT,LONG,2024-10-26 03:40:00+00:00,2024-10-26 03:45:00+00:00,66982.24,67015.73112,2024-10-28 07:10:00+00:00,68356.0457424,68321.8677195288,0.00025079971458827224,16.807526237820394,0.16807526237820394,66345.57380879999,68356.0457424,TP,0.34455008809364945,0.016807526237820395,0.017135104924195513,0.008399563337239443,0.00857183838128875,0.016971401718528192,0.2936360552131053,1.7470510000000103,2 days 03:25:00
5m,VALIDATION,80,CLOSED,BTCUSDT,LONG,2024-10-28 07:10:00+00:00,2024-10-28 07:15:00+00:00,68450.0,68484.22499999999,2024-10-28 19:20:00+00:00,69853.9095,69818.98254525,0.0002497052270113446,17.100868950320997,0.17100868950320997,67799.38274999999,69853.9095,TP,0.35056354040088183,0.017100868950320997,0.017434164886162756,0.008546161394461089,0.008721443164663892,0.01726760455912498,0.29876090200527317,1.7470510000000041,0 days 12:05:00
5m,VALIDATION,81,CLOSED,BTCUSDT,LONG,2024-10-28 19:20:00+00:00,2024-10-28 19:25:00+00:00,69880.0,69914.94,2024-10-29 02:20:00+00:00,71313.2388,71277.58218060002,0.00024886428265384635,17.399331389886708,0.17399331389886707,69215.79060000001,71313.2388,TP,0.3566819458336612,0.017399331389886707,0.017738444358675606,0.008695318035925971,0.008873659008839664,0.017568977044765635,0.3039751930403332,1.7470510000000206,0 days 06:55:00
5m,VALIDATION,82,CLOSED,BTCUSDT,LONG,2024-10-29 02:20:00+00:00,2024-10-29 02:25:00+00:00,71530.02,71565.78501,2024-10-29 07:45:00+00:00,70850.1271599,70814.70209632006,0.0002473668514770271,17.703002911405527,0.17703002911405527,70850.1271599,72997.10071020001,SL,-0.16818295119731114,0.017703002911405526,0.017517209895850327,0.008847077916745083,0.008762986441143233,0.017610064357888318,-0.22101322836245532,-1.2484504999999912,0 days 05:20:00
5m,VALIDATION,83,CLOSED,BTCUSDT,LONG,2024-10-29 08:25:00+00:00,2024-10-29 08:30:00+00:00,71111.11,71146.665555,2024-10-29 16:00:00+00:00,72569.5988661,72533.31406666695,0.0002457207282885852,17.482210475478997,0.17482210475478996,70435.19889945,72569.5988661,TP,0.35838094637888496,0.017482210475478998,0.017822938757646085,0.008736736869304602,0.008915927342494627,0.01765266421179923,0.3054231329339607,1.7470510000000008,0 days 07:30:00
5m,VALIDATION,84,CLOSED,BTCUSDT,LONG,2024-10-29 16:00:00+00:00,2024-10-29 16:05:00+00:00,72417.98,72454.18899,2024-10-30 13:10:00+00:00,71729.64710009999,71693.78227654994,0.00024549758596915656,17.78732849039804,0.17787328490398038,71729.64710009999,73903.2727698,SL,-0.168984065268601,0.01778732849039804,0.017600650477891316,0.008889219635381128,0.008804727602745581,0.017693947238126707,-0.22206599147501704,-1.2484505000000017,0 days 21:05:00
5m,VALIDATION,85,CLOSED,BTCUSDT,LONG,2024-10-30 20:40:00+00:00,2024-10-30 20:45:00+00:00,72449.99,72486.214995,2024-10-31 13:40:00+00:00,71761.35284505,71725.47216862749,0.0002423286185419117,17.565484343070356,0.17565484343070356,71761.35284505,73935.9392949,SL,-0.16687649043566677,0.017565484343070356,0.017381134584889834,0.008778352995036895,0.00869491474981753,0.017473267744854425,-0.21929637710848138,-1.2484504999999875,0 days 16:55:00
5m,VALIDATION,86,CLOSED,BTCUSDT,LONG,2024-10-31 23:25:00+00:00,2024-10-31 23:30:00+00:00,70620.57,70655.880285,2024-11-01 01:30:00+00:00,69949.32148215,69914.34682140892,0.0002455054975366893,17.34640704326168,0.17346407043261683,69949.32148215,72068.9978907,SL,-0.1647952013455311,0.01734640704326168,0.01716435650134265,0.00866886908708719,0.00858647148641526,0.01725534057350245,-0.2165613054636379,-1.2484505000000126,0 days 02:00:00
5m,VALIDATION,87,CLOSED,BTCUSDT,LONG,2024-11-01 09:40:00+00:00,2024-11-01 09:45:00+00:00,69533.99,69568.756995,2024-11-01 13:50:00+00:00,70960.1321349,70924.65206883255,0.00024623211370572147,17.130062082758545,0.17130062082758546,68873.06942505001,70960.1321349,TP,0.3511619923212174,0.017130062082758545,0.01746392699275151,0.00856075066604579,0.008736331662207313,0.017297082328253104,0.29927092091745433,1.747051000000002,0 days 04:05:00
5m,VALIDATION,88,CLOSED,BTCUSDT,LONG,2024-11-01 13:50:00+00:00,2024-11-01 13:55:00+00:00,70918.0,70953.459,2024-11-01 15:35:00+00:00,70243.92441,70208.80244779501,0.0002456403715529504,17.42903403172703,0.1742903403172703,70243.92441,72372.52818000001,SL,-0.16558017838237254,0.01742903403172703,0.017246116319564058,0.008710161934896698,0.008627371845704277,0.017337533780600975,-0.2175928625142646,-1.2484504999999904,0 days 01:40:00
5m,VALIDATION,89,CLOSED,BTCUSDT,LONG,2024-11-01 23:15:00+00:00,2024-11-01 23:20:00+00:00,69510.0,69544.75499999999,2024-11-03 02:10:00+00:00,68849.30745,68814.882796275,0.00024749039010490146,17.211658544699795,0.17211658544699796,68849.30745,70935.65009999998,SL,-0.16351505693890386,0.017211658544699793,0.01703102218827317,0.008601528508093401,0.008519770979626423,0.017121299487719822,-0.21487903715959666,-1.2484504999999961,1 days 02:50:00
5m,VALIDATION,90,CLOSED,BTCUSDT,LONG,2024-11-03 11:15:00+00:00,2024-11-03 11:20:00+00:00,68570.02,68604.30501,2024-11-03 14:25:00+00:00,67918.2619599,67884.30282892006,0.0002477540464761715,16.996994171912984,0.16996994171912985,67918.2619599,69976.3911102,SL,-0.16147569175815418,0.016996994171912985,0.016818610718078757,0.008494249960974103,0.008413512115095301,0.016907762076069404,-0.21219905872421532,-1.2484504999999813,0 days 03:05:00
5m,VALIDATION,91,CLOSED,BTCUSDT,LONG,2024-11-03 17:05:00+00:00,2024-11-03 17:10:00+00:00,68440.02,68474.24001,2024-11-03 18:45:00+00:00,67789.49760989999,67755.60286109505,0.0002451287827044029,16.785007100260422,0.16785007100260424,67789.49760989999,69843.7248102,SL,-0.15946176160717507,0.016785007100260423,0.01660884845074319,0.008388309395430043,0.008308578514627749,0.016696887910057794,-0.20955250506823647,-1.2484504999999984,0 days 01:35:00
5m,VALIDATION,92,CLOSED,BTCUSDT,LONG,2024-11-03 19:20:00+00:00,2024-11-03 19:25:00+00:00,68457.14,68491.36856999999,2024-11-04 16:45:00+00:00,67806.4548843,67772.55165685785,0.00024201099035440249,16.575663938354094,0.16575663938354093,67806.4548843,69861.19594139999,SL,-0.15747294925942731,0.016575663938354093,0.01640170234532107,0.008283690124113062,0.00820495364948477,0.016488643773597832,-0.2069389593167003,-1.2484504999999937,0 days 21:20:00
5m,VALIDATION,93,CLOSED,BTCUSDT,LONG,2024-11-04 23:35:00+00:00,2024-11-04 23:40:00+00:00,67924.81,67958.772405,2024-11-05 14:20:00+00:00,69317.94785309999,69283.28887917344,0.0002408656179619301,16.368931711264487,0.16368931711264487,67279.18468095,69317.94785309999,TP,0.33555900989308657,0.016368931711264488,0.01668796219031703,0.00818037566779796,0.008348155172744245,0.016528530840542205,0.2859735851509629,1.7470509999999972,0 days 14:40:00
5m,VALIDATION,94,CLOSED,BTCUSDT,LONG,2024-11-05 14:20:00+00:00,2024-11-05 14:25:00+00:00,69280.0,69314.64,2024-11-06 00:30:00+00:00,70700.9328,70665.5823336,0.00024027564174780675,16.654619608518196,0.16654619608518195,68621.4936,70700.9328,TP,0.34141554040050676,0.016654619608518197,0.016979218144688214,0.008323148230143886,0.008493856000342357,0.016817004230486245,0.29096469841681405,1.747051000000005,0 days 10:05:00
5m,VALIDATION,95,CLOSED,BTCUSDT,LONG,2024-11-06 00:30:00+00:00,2024-11-06 00:35:00+00:00,70742.01,70777.38100499999,2024-11-06 02:25:00+00:00,72192.92862509999,72156.83216078744,0.00023941679378774325,16.94529363291062,0.16945293632910619,70069.60719494999,72192.92862509999,TP,0.3473742852683607,0.01694529363291062,0.017275557405816044,0.008468412610148704,0.00864209975278395,0.017110512362932654,0.2960429218667014,1.7470510000000006,0 days 01:50:00
5m,VALIDATION,96,CLOSED,BTCUSDT,LONG,2024-11-06 02:25:00+00:00,2024-11-06 02:30:00+00:00,72396.7,72432.89834999999,2024-11-06 03:00:00+00:00,73881.556317,73844.6155388415,0.00023802776363156025,17.241040807602626,0.17241040807602626,71708.56936649999,73881.556317,TP,0.3534370284497046,0.017241040807602626,0.017577068692942805,0.008616212297650461,0.008792930811874648,0.01740914310952511,0.3012097758396341,1.7470510000000252,0 days 00:30:00
5m,VALIDATION,97,CLOSED,BTCUSDT,LONG,2024-11-06 03:00:00+00:00,2024-11-06 03:05:00+00:00,73888.88,73925.82444,2024-11-06 06:20:00+00:00,75404.3409288,75366.6387583356,0.00023729122816631908,17.541949674575285,0.17541949674575286,73186.5661956,75404.3409288,TP,0.3596055850330207,0.017541949674575286,0.01788384227373276,0.008766591541514993,0.00894639433403325,0.017712985875548246,0.30646680720916447,1.747051000000001,0 days 03:15:00
5m,VALIDATION,98,CLOSED,BTCUSDT,LONG,2024-11-06 06:20:00+00:00,2024-11-06 06:25:00+00:00,75341.98,75379.65099,2024-11-06 06:30:00+00:00,74625.8544801,74588.54155285996,0.00023677623983037085,17.84811032113789,0.17848110321137892,74625.8544801,76887.2440098,SL,-0.16956150784849158,0.01784811032113789,0.01766079440331755,0.008919595362887197,0.008834814608960925,0.01775440997184812,-0.22282482254479513,-1.2484504999999861,0 days 00:05:00
5m,VALIDATION,99,CLOSED,BTCUSDT,LONG,2024-11-06 11:15:00+00:00,2024-11-06 11:20:00+00:00,74114.46,74151.51723,2024-11-06 19:50:00+00:00,75634.5475746,75596.7303008127,0.00023769585248193068,17.62550810081342,0.1762550810081342,73410.0020577,75634.5475746,TP,0.36131851189173614,0.01762550810081342,0.017969029253698275,0.008808349875466897,0.00898900913141379,0.01779735900688069,0.3079266155303438,1.747051000000011,0 days 08:30:00
5m,VALIDATION,100,CLOSED,BTCUSDT,LONG,2024-11-06 19:50:00+00:00,2024-11-06 19:55:00+00:00,75750.0,75787.875,2024-11-07 03:05:00+00:00,75029.99625,74992.481251875,0.00023662264045993148,17.933127097347228,0.1793312709734723,75029.99625,77303.6325,SL,-0.17036918846605323,0.017933127097347228,0.01774491892846057,0.008962082507419904,0.008876897913186806,0.01783898042060671,-0.22388621491246774,-1.2484505000000043,0 days 07:10:00
5m,VALIDATION,101,CLOSED,BTCUSDT,LONG,2024-11-07 08:55:00+00:00,2024-11-07 09:00:00+00:00,75149.99,75187.56499500001,2024-11-07 18:55:00+00:00,76691.31629490001,76652.97063675257,0.00023553714694929685,17.709464544987124,0.17709464544987125,74435.68934505,76691.31629490001,TP,0.36303959801867786,0.017709464544987126,0.01805462200896893,0.008850307118934725,0.009031826917942408,0.017882134036877134,0.3093933774278447,1.7470510000000095,0 days 09:55:00
5m,VALIDATION,102,CLOSED,BTCUSDT,LONG,2024-11-07 19:45:00+00:00,2024-11-07 19:50:00+00:00,76402.01,76440.21100499999,2024-11-07 22:10:00+00:00,75675.80889495,75637.97099050252,0.0002357208150163693,18.01854883812184,0.18018548838121842,75675.80889495,77969.0152251,SL,-0.17118071634817414,0.01801854883812184,0.017829444168065752,0.009004772033043302,0.008919181674869457,0.01792395370791276,-0.2249526630622745,-1.2484504999999897,0 days 02:20:00
5m,VALIDATION,103,CLOSED,BTCUSDT,LONG,2024-11-08 01:20:00+00:00,2024-11-08 01:25:00+00:00,76256.0,76294.128,2024-11-10 04:30:00+00:00,77820.01056,77781.10055472,0.00023322661087357463,17.793820902994693,0.17793820902994692,75531.18672,77820.01056,TP,0.36476888227928045,0.01779382090299469,0.018140622472394063,0.008892464219386947,0.009074848660525268,0.017967312879912215,0.3108671260239794,1.7470510000000092,2 days 03:05:00
5m,VALIDATION,104,CLOSED,BTCUSDT,LONG,2024-11-10 04:30:00+00:00,2024-11-10 04:35:00+00:00,77885.8,77924.7429,2024-11-10 05:25:00+00:00,79483.237758,79443.49613912101,0.00023233156502912533,18.104377472449222,0.18104377472449223,77145.495471,79483.237758,TP,0.3711352143527572,0.018104377472449223,0.01845723178938726,0.009047664903771459,0.009233232510947688,0.018280897414719145,0.3162927076762016,1.747051000000015,0 days 00:50:00
5m,VALIDATION,105,CLOSED,BTCUSDT,LONG,2024-11-10 05:25:00+00:00,2024-11-10 05:30:00+00:00,79653.0,79692.8265,2024-11-10 06:30:00+00:00,78895.898235,78856.4502858825,0.00023114193601094678,18.420354203394485,0.18420354203394484,78895.898235,81286.68303,SL,-0.17499796771940473,0.018420354203394485,0.01822703258602986,0.00920557431453895,0.009118075330680427,0.018323649645219375,-0.22996900415404847,-1.2484504999999946,0 days 01:00:00
5m,VALIDATION,106,CLOSED,BTCUSDT,LONG,2024-11-10 08:25:00+00:00,2024-11-10 08:30:00+00:00,79056.02,79095.54801,2024-11-10 17:50:00+00:00,80677.4589702,80637.1202407149,0.00022998279165099784,18.190614938505327,0.18190614938505328,78304.5925299,80677.4589702,TP,0.37290306085831276,0.018190614938505326,0.018545150023656795,0.009090762088207303,0.009277213618637292,0.018367975706844595,0.317799320189306,1.7470509999999961,0 days 09:20:00
5m,VALIDATION,107,CLOSED,BTCUSDT,LONG,2024-11-10 17:50:00+00:00,2024-11-10 17:55:00+00:00,80594.02,80634.31701,2024-11-10 19:40:00+00:00,79827.9738399,79788.05985298006,0.00022953126489012085,18.508096776856288,0.1850809677685629,79827.9738399,82247.0033502,SL,-0.17583154409197274,0.01850809677685629,0.018313854301183183,0.009249423676588648,0.00916150790454215,0.018410931581130798,-0.231064426751143,-1.2484504999999826,0 days 01:45:00
5m,VALIDATION,108,CLOSED,BTCUSDT,LONG,2024-11-10 22:15:00+00:00,2024-11-10 22:20:00+00:00,80762.0,80802.381,2024-11-10 23:40:00+00:00,79994.35719,79954.360011405,0.00022619708673805424,18.277263183698306,0.18277263183698306,79994.35719,82418.42861999999,SL,-0.17363856727741478,0.018277263183698305,0.018085443306585392,0.009134064559567999,0.009047245275928227,0.018181309835496227,-0.2281825836031947,-1.2484504999999853,0 days 01:20:00
5m,VALIDATION,109,CLOSED,BTCUSDT,LONG,2024-11-11 00:20:00+00:00,2024-11-11 00:25:00+00:00,80673.99,80714.326995,2024-11-11 10:15:00+00:00,82328.6135349,82287.44922813255,0.00022361963763684959,18.049308554724085,0.18049308554724086,79907.18372505,82328.6135349,TP,0.3700063152997391,0.018049308554724086,0.01840108957845566,0.009020144205257303,0.009205147362908154,0.018225291568165457,0.31533062559839387,1.7470510000000066,0 days 09:50:00
5m,VALIDATION,110,CLOSED,BTCUSDT,LONG,2024-11-11 10:15:00+00:00,2024-11-11 10:20:00+00:00,82328.04,82369.20401999999,2024-11-11 13:15:00+00:00,81545.5119798,81504.7392238101,0.0002229513370100489,18.364324164712492,0.18364324164712492,81545.5119798,84016.5881004,SL,-0.17446566835141641,0.01836432416471249,0.018171590582603838,0.009177573295707618,0.00909034046153094,0.01826791375723856,-0.2292694968559713,-1.2484504999999857,0 days 02:55:00
5m,VALIDATION,111,CLOSED,BTCUSDT,LONG,2024-11-11 14:00:00+00:00,2024-11-11 14:05:00+00:00,82132.03,82173.09601499999,2024-11-11 15:30:00+00:00,83816.55793529999,83774.64965633235,0.00022069612303523872,18.135283708312922,0.18135283708312921,81351.36505484999,83816.55793529999,TP,0.37176878446526396,0.018135283708312924,0.018488740387787944,0.009063110299004624,0.009248994691238879,0.0183121049902435,0.3168326553789196,1.7470510000000088,0 days 01:25:00
5m,VALIDATION,112,CLOSED,BTCUSDT,LONG,2024-11-11 15:30:00+00:00,2024-11-11 15:35:00+00:00,83846.02,83887.94301,2024-11-11 18:50:00+00:00,85565.7018702,85522.91901926491,0.00021995771007703724,18.451799847552603,0.18451799847552605,83049.0635799,85565.7018702,TP,0.3782572862301892,0.018451799847552602,0.018811425426581405,0.009221289279136428,0.009410417922250674,0.018631707201387102,0.32236235375466804,1.7470510000000097,0 days 03:15:00
5m,VALIDATION,113,CLOSED,BTCUSDT,LONG,2024-11-11 18:50:00+00:00,2024-11-11 18:55:00+00:00,85727.99,85770.853995,2024-11-11 21:15:00+00:00,87486.2710749,87442.52793936255,0.00021888368002128382,18.77384016099383,0.18773840160993832,84913.14545504999,87486.2710749,TP,0.38485903218588857,0.018773840160993833,0.0191397423057316,0.009382228966012252,0.009574658482105293,0.018956887448117545,0.3279885622710456,1.7470510000000068,0 days 02:20:00
5m,VALIDATION,114,CLOSED,BTCUSDT,LONG,2024-11-11 21:15:00+00:00,2024-11-11 21:20:00+00:00,87776.74,87820.62837,2024-11-11 22:15:00+00:00,86942.42208630001,86898.95087525687,0.0002175058573013887,19.10150106236351,0.1910150106236351,86942.42208630001,89577.0409374,SL,-0.1814690330812239,0.01910150106236351,0.018901030808714008,0.009545977542410674,0.009455243025868377,0.01900122056827905,-0.23847278552058046,-1.248450499999989,0 days 00:55:00
5m,VALIDATION,115,CLOSED,BTCUSDT,LONG,2024-11-11 22:45:00+00:00,2024-11-11 22:50:00+00:00,87260.89,87304.52044499999,2024-11-11 23:10:00+00:00,89050.61085389998,89006.08554847304,0.0002160628844330846,18.863266511393903,0.18863266511393903,86431.47524054999,89050.61085389998,TP,0.3866922500236737,0.018863266511393903,0.019230911575700973,0.009426919795796452,0.009620265920809053,0.019047185716605505,0.32955088621997336,1.7470510000000057,0 days 00:20:00
5m,VALIDATION,116,CLOSED,BTCUSDT,LONG,2024-11-11 23:10:00+00:00,2024-11-11 23:15:00+00:00,89348.01,89392.68400499999,2024-11-11 23:35:00+00:00,88498.75716494999,88454.50778636751,0.00021469864552758962,19.19248817594932,0.1919248817594932,88498.75716494999,91180.53768509999,SL,-0.182333433395702,0.01919248817594932,0.018991063012542737,0.009591448363791368,0.009500281647095392,0.019091730010886758,-0.23960871459508082,-1.2484505000000032,0 days 00:20:00
5m,VALIDATION,117,CLOSED,BTCUSDT,LONG,2024-11-12 00:45:00+00:00,2024-11-12 00:50:00+00:00,88309.98,88354.13498999999,2024-11-12 02:35:00+00:00,87470.59364009999,87426.85834327995,0.000214513093618591,18.953118830699495,0.18953118830699495,87470.59364009999,90121.21768979999,SL,-0.18005936480339774,0.018953118830699497,0.018754205848571306,0.009471823503596974,0.00938179382119475,0.018853617324791724,-0.23662030680746027,-1.2484504999999908,0 days 01:45:00
5m,VALIDATION,118,CLOSED,BTCUSDT,LONG,2024-11-12 04:25:00+00:00,2024-11-12 04:30:00+00:00,88652.3,88696.62615,2024-11-12 09:45:00+00:00,87809.6598885,87765.75505855575,0.00021101969398657814,18.716734907814924,0.18716734907814925,87809.6598885,90470.55867299999,SL,-0.17781365846954703,0.018716734907814926,0.01852030277495741,0.00935369060860179,0.00926478377936862,0.01861847438797041,-0.23366917054028977,-1.248450499999999,0 days 05:15:00
5m,VALIDATION,119,CLOSED,BTCUSDT,LONG,2024-11-12 17:35:00+00:00,2024-11-12 17:40:00+00:00,87766.01,87809.89300499999,2024-11-12 17:55:00+00:00,86931.79407494998,86888.32817791251,0.00021049221836492825,18.483299173009442,0.18483299173009443,86931.79407494998,89566.09086509999,SL,-0.1755959606591277,0.018483299173009442,0.018289316948188708,0.009237031070968406,0.009149233090639263,0.01838626416160767,-0.2307548409419335,-1.2484505000000066,0 days 00:15:00
5m,VALIDATION,120,CLOSED,BTCUSDT,LONG,2024-11-12 18:15:00+00:00,2024-11-12 18:20:00+00:00,87840.77,87884.690385,2024-11-12 19:30:00+00:00,89642.3841927,89597.56300060365,0.00020769003994237762,18.25277485638414,0.1825277485638414,87005.84348114999,89642.3841927,TP,0.3741773236426172,0.01825277485638414,0.01860852143833507,0.009121826514932598,0.009308915176756182,0.01843074169168878,0.31888528565620916,1.7470510000000081,0 days 01:10:00
5m,VALIDATION,121,CLOSED,BTCUSDT,LONG,2024-11-12 19:30:00+00:00,2024-11-12 19:35:00+00:00,89725.15,89770.01257499999,2024-11-12 19:45:00+00:00,88872.31244924999,88827.87629302537,0.00020687689622194997,18.571341575321416,0.18571341575321415,88872.31244924999,91565.41282649999,SL,-0.1764323854806902,0.018571341575321417,0.018376435345488423,0.009281030272522776,0.00919281407978296,0.018473844352305736,-0.23185400675380577,-1.2484504999999875,0 days 00:10:00
5m,VALIDATION,122,CLOSED,BTCUSDT,LONG,2024-11-12 20:25:00+00:00,2024-11-12 20:30:00+00:00,89462.86,89507.59143,2024-11-12 21:15:00+00:00,88612.5155157,88568.20925794216,0.00020489568424254473,18.339719190951982,0.18339719190951984,88612.5155157,91297.7432586,SL,-0.17423191495252302,0.01833971919095198,0.018147243838042944,0.009165276956997455,0.009078160999518869,0.018243437956516326,-0.2289623159380343,-1.2484504999999908,0 days 00:45:00
5m,VALIDATION,123,CLOSED,BTCUSDT,LONG,2024-11-13 08:20:00+00:00,2024-11-13 08:25:00+00:00,87500.01,87543.76000499999,2024-11-13 13:45:00+00:00,89294.63520509998,89249.98788749744,0.00020687922939981,18.110985608596305,0.18110985608596306,86668.32240494998,89294.63520509998,TP,0.37127067949256193,0.018110985608596305,0.018463968718107848,0.009050967320636679,0.0092366026603834,0.01828756998102008,0.31640815518483767,1.747050999999999,0 days 05:20:00
5m,VALIDATION,124,CLOSED,BTCUSDT,LONG,2024-11-13 13:45:00+00:00,2024-11-13 13:50:00+00:00,89678.9,89723.73945,2024-11-13 14:00:00+00:00,88826.5020555,88782.08880447225,0.00020537572090368356,18.42707767171802,0.1842707767171802,88826.5020555,91518.214239,SL,-0.17506184234850564,0.01842707767171802,0.018233685491553343,0.009208934368674569,0.009121403447498644,0.018330337816173214,-0.23005294332795023,-1.2484504999999906,0 days 00:10:00
5m,VALIDATION,125,CLOSED,BTCUSDT,LONG,2024-11-13 14:20:00+00:00,2024-11-13 14:25:00+00:00,89681.18,89726.02058999999,2024-11-13 14:50:00+00:00,91520.54100179998,91474.78073129909,0.00020280911191483705,18.19725455151028,0.1819725455151028,88828.76038409998,91520.54100179998,TP,0.37303917126584074,0.01819725455151028,0.018551919042719217,0.009094080235635805,0.009280599821268283,0.01837468005690409,0.31791531761470715,1.747051000000007,0 days 00:25:00
5m,VALIDATION,126,CLOSED,BTCUSDT,LONG,2024-11-13 14:50:00+00:00,2024-11-13 14:55:00+00:00,91594.77,91640.567385,2024-11-13 15:00:00+00:00,90724.16171115,90678.79963029442,0.00020203773066594587,18.514852271405093,0.18514852271405094,90724.16171115,93473.3787327,SL,-0.17589572297821823,0.018514852271405095,0.018320538896816698,0.009252799735834231,0.009164851874344824,0.018417651610179053,-0.23114876575661908,-1.2484505000000046,0 days 00:05:00
5m,VALIDATION,127,CLOSED,BTCUSDT,LONG,2024-11-13 15:40:00+00:00,2024-11-13 15:45:00+00:00,92000.0,92046.0,2024-11-13 19:10:00+00:00,91125.54,91079.97723,0.00019863909809765104,18.283934423496387,0.18283934423496387,91125.54,93886.92,SL,-0.1737019457224732,0.018283934423496385,0.018092044531721793,0.009137398512491948,0.009050547539628634,0.018187946052120582,-0.22826587072981197,-1.2484504999999957,0 days 03:25:00
5m,VALIDATION,128,CLOSED,BTCUSDT,LONG,2024-11-14 06:05:00+00:00,2024-11-14 06:10:00+00:00,90262.75,90307.881375,2024-11-14 06:55:00+00:00,89404.80256124999,89360.10015996937,0.0001999371075446124,18.055896590599474,0.18055896590599474,89404.80256124999,92114.0390025,SL,-0.17153552932898522,0.018055896590599474,0.017866399955881133,0.009023436577010673,0.008937668812346023,0.017961105389356698,-0.22541893126482251,-1.2484505000000024,0 days 00:45:00
5m,VALIDATION,129,CLOSED,BTCUSDT,LONG,2024-11-14 07:50:00+00:00,2024-11-14 07:55:00+00:00,90800.02,90845.42001,2024-11-14 14:40:00+00:00,89936.96580990001,89891.99732699506,0.0001962751985857892,17.83070285307218,0.17830702853072178,89936.96580990001,92662.3284102,SL,-0.1693961325521742,0.01783070285307218,0.017643569626629187,0.008910895978546338,0.008826197912270942,0.01773709389081728,-0.22260749892269285,-1.2484504999999944,0 days 06:45:00
5m,VALIDATION,130,CLOSED,BTCUSDT,LONG,2024-11-15 02:35:00+00:00,2024-11-15 02:40:00+00:00,88280.0,88324.14,2024-11-15 04:35:00+00:00,87440.8986,87397.17815070001,0.00019936019461115948,17.608317739263295,0.17608317739263296,87440.8986,90090.6228,SL,-0.16728341840249628,0.017608317739263295,0.01742351844458973,0.008799758990136464,0.00871611728093296,0.017515876271069424,-0.21983113085741873,-1.2484504999999853,0 days 01:55:00
5m,VALIDATION,131,CLOSED,BTCUSDT,LONG,2024-11-15 06:55:00+00:00,2024-11-15 07:00:00+00:00,88182.68,88226.77133999999,2024-11-15 12:10:00+00:00,89991.3067668,89946.31111341661,0.00019709104114117766,17.38870621992521,0.17388706219925212,87344.5036266,89991.3067668,TP,0.3564641325044154,0.01738870621992521,0.01772761210415156,0.008690008105909463,0.008868240172159921,0.017558248278069385,0.3037895659022692,1.7470510000000206,0 days 05:10:00
5m,VALIDATION,132,CLOSED,BTCUSDT,LONG,2024-11-15 12:10:00+00:00,2024-11-15 12:15:00+00:00,90660.54,90705.87026999998,2024-11-15 12:35:00+00:00,89798.81156729998,89753.91216151635,0.000195050135642645,17.69219229974766,0.1769219229974766,89798.81156729998,92519.98767539999,SL,-0.16808024768526061,0.01769219229974766,0.01750651274156181,0.008841675312216022,0.008757635188372935,0.01759931050058896,-0.22087826322715906,-1.2484504999999881,0 days 00:20:00
5m,VALIDATION,133,CLOSED,BTCUSDT,LONG,2024-11-15 13:40:00+00:00,2024-11-15 13:45:00+00:00,89941.77,89986.74088499999,2024-11-15 14:30:00+00:00,89086.87347615,89042.33003941193,0.00019415676712254923,17.471534694126124,0.17471534694126123,89086.87347615,91786.47570269999,SL,-0.16598394529502317,0.017471534694126125,0.017288170937511272,0.008731401646237593,0.008648409673590644,0.017379811319828235,-0.2181234622464888,-1.248450499999987,0 days 00:45:00
5m,VALIDATION,134,CLOSED,BTCUSDT,LONG,2024-11-15 17:05:00+00:00,2024-11-15 17:10:00+00:00,89623.95,89668.76197499999,2024-11-15 21:50:00+00:00,91462.13721449999,91416.40614589275,0.0001924151594983179,17.253629137436327,0.17253629137436327,88772.07435524999,91462.13721449999,TP,0.3536950860657851,0.01725362913743633,0.017589902369324964,0.008622503317057637,0.008799350860091586,0.017421854177149223,0.3014297003818746,1.747051000000011,0 days 04:40:00
5m,VALIDATION,135,CLOSED,BTCUSDT,LONG,2024-11-15 21:50:00+00:00,2024-11-15 21:55:00+00:00,91695.2,91741.04759999999,2024-11-16 12:05:00+00:00,90823.63712399999,90778.225305438,0.00019135117996239666,17.554757709246395,0.17554757709246396,90823.63712399999,93575.86855199999,SL,-0.1667745847340221,0.017554757709246395,0.01737052052708786,0.00877299235844277,0.008689605066074706,0.017462597424517477,-0.2191624603948738,-1.2484504999999921,0 days 14:10:00
5m,VALIDATION,136,CLOSED,BTCUSDT,LONG,2024-11-16 17:50:00+00:00,2024-11-16 17:55:00+00:00,90962.89,91008.371445,2024-11-17 01:45:00+00:00,90098.28773055,90053.23858668473,0.00019048592911966492,17.335814192368407,0.17335814192368407,90098.28773055,92828.5388739,SL,-0.16469456661515391,0.017335814192368407,0.017153874822419504,0.008663575308529485,0.008581228025221025,0.01724480333375051,-0.21642905896369233,-1.2484504999999884,0 days 07:50:00
5m,VALIDATION,137,CLOSED,BTCUSDT,LONG,2024-11-17 04:40:00+00:00,2024-11-17 04:45:00+00:00,90627.89,90673.203945,2024-11-17 19:00:00+00:00,89766.47190555,89721.58866959723,0.0001888055191767034,17.119601346250835,0.17119601346250835,89766.47190555,92486.6680239,SL,-0.16264049055083815,0.017119601346250835,0.016939931130121936,0.008555522911669904,0.008474202666393833,0.01702972557806374,-0.21372974860527466,-1.2484504999999964,0 days 14:15:00
5m,VALIDATION,138,CLOSED,BTCUSDT,LONG,2024-11-18 00:35:00+00:00,2024-11-18 00:40:00+00:00,90096.0,90141.048,2024-11-18 06:55:00+00:00,91943.86895999999,91897.89702552,0.00018755145950686015,16.906085113877936,0.16906085113877936,89239.63751999999,91943.86895999999,TP,0.34657052042542236,0.016906085113877936,0.01723558471274742,0.008448818147864141,0.008622103408076995,0.017070921555941136,0.2953579290428559,1.7470510000000017,0 days 06:15:00
5m,VALIDATION,139,CLOSED,BTCUSDT,LONG,2024-11-18 06:55:00+00:00,2024-11-18 07:00:00+00:00,92061.84,92107.87091999999,2024-11-18 11:10:00+00:00,91186.79221079999,91141.1988146946,0.00018675003350142165,17.201147980054618,0.17201147980054618,91186.79221079999,93950.02833839999,SL,-0.16341520394844594,0.017201147980054617,0.01702062193200395,0.00859627585209942,0.008514568250126309,0.017110844102225728,-0.21474781796273026,-1.2484504999999912,0 days 04:10:00
5m,VALIDATION,140,CLOSED,BTCUSDT,LONG,2024-11-18 15:35:00+00:00,2024-11-18 15:40:00+00:00,91764.0,91809.882,2024-11-18 18:30:00+00:00,90891.78318,90846.33728841001,0.00018501945896604648,16.98661469537657,0.1698661469537657,90891.78318,93646.07964,SL,-0.16137708413748583,0.01698661469537657,0.016808340174148593,0.008489062816279735,0.008408374274209294,0.016897437090489027,-0.21206947609750001,-1.2484504999999868,0 days 02:50:00
5m,VALIDATION,141,CLOSED,BTCUSDT,LONG,2024-11-18 21:00:00+00:00,2024-11-18 21:05:00+00:00,91616.87,91662.678435,2024-11-18 23:10:00+00:00,90746.05165065,90700.67862482468,0.00018300531212158387,16.774757076897547,0.16774757076897548,90746.05165065,93495.9320037,SL,-0.15936438382399856,0.01677475707689755,0.016598706001375512,0.008383186944976105,0.00830350475306336,0.016686691698039463,-0.20942453860031107,-1.2484504999999895,0 days 02:05:00
5m,VALIDATION,142,CLOSED,BTCUSDT,LONG,2024-11-19 02:20:00+00:00,2024-11-19 02:25:00+00:00,91177.21,91222.798605,2024-11-19 17:30:00+00:00,93047.2545771,93000.73094981146,0.00018159431640932518,16.56554175362052,0.1656554175362052,90310.57061895,93047.2545771,TP,0.33958946663343903,0.01656554175362052,0.016888404162398583,0.008278631561029233,0.008448426294344228,0.016727057855373463,0.28940846286204647,1.74705100000001,0 days 15:05:00
5m,VALIDATION,143,CLOSED,BTCUSDT,LONG,2024-11-19 17:30:00+00:00,2024-11-19 17:35:00+00:00,93067.99,93114.523995,2024-11-19 20:55:00+00:00,92183.37875505,92137.28706567248,0.00018101001190796079,16.85466109713905,0.1685466109713905,92183.37875505,94976.81447489999,SL,-0.16012349198231676,0.01685466109713905,0.01667777142892458,0.008423118989073301,0.008343057243081807,0.01676617623215511,-0.2104221007405355,-1.2484504999999853,0 days 03:20:00
5m,VALIDATION,144,CLOSED,BTCUSDT,LONG,2024-11-20 04:40:00+00:00,2024-11-20 04:45:00+00:00,92252.01,92298.136005,2024-11-20 13:15:00+00:00,94144.09872509999,94097.02667573745,0.00018033353574318882,16.64444920828737,0.1664444920828737,91375.15464494999,94144.09872509999,TP,0.34120704973710453,0.01664444920828737,0.01696884952335689,0.008318065571357692,0.008488669096224989,0.01680673466758268,0.29078701633787757,1.747051000000006,0 days 08:30:00
5m,VALIDATION,145,CLOSED,BTCUSDT,LONG,2024-11-20 13:15:00+00:00,2024-11-20 13:20:00+00:00,94188.89,94235.984445,2024-11-20 18:45:00+00:00,93293.62460055,93246.97778824973,0.00017970784544612425,16.93494572810543,0.1693494572810543,93293.62460055,96120.7041339,SL,-0.16088621603762324,0.01693494572810543,0.016757213472688964,0.008463241243430132,0.008382798135411386,0.016846039378841517,-0.21142441461725917,-1.24845049999999,0 days 05:25:00
5m,VALIDATION,146,CLOSED,BTCUSDT,LONG,2024-11-20 20:30:00+00:00,2024-11-20 20:35:00+00:00,94303.99,94351.141995,2024-11-21 04:00:00+00:00,96238.1648349,96190.04575248256,0.00017724992165517016,16.723732526689584,0.16723732526689586,93407.63057505,96238.1648349,TP,0.3428323379534262,0.016723732526689586,0.017049678073634767,0.008357687419633716,0.008529103588610084,0.0168867910082438,0.29217213634485806,1.7470510000000143,0 days 07:25:00
5m,VALIDATION,147,CLOSED,BTCUSDT,LONG,2024-11-21 04:00:00+00:00,2024-11-21 04:05:00+00:00,96368.72,96416.90436,2024-11-21 11:05:00+00:00,98345.2424472,98296.0698259764,0.00017647955921967494,17.015612782778355,0.17015612782778355,95452.7353164,98345.2424472,TP,0.34881581026964875,0.017015612782778355,0.017347247075914705,0.008503554614082011,0.00867796251921614,0.01718151713329815,0.29727143327765754,1.7470510000000026,0 days 07:00:00
5m,VALIDATION,148,CLOSED,BTCUSDT,LONG,2024-11-21 11:05:00+00:00,2024-11-21 11:10:00+00:00,98367.5,98416.68375,2024-11-21 12:55:00+00:00,97432.5169125,97383.80065404375,0.00017591110147111816,17.312587241597196,0.17312587241597197,97432.5169125,100385.017425,SL,-0.16447390477899262,0.017312587241597198,0.017130891638496633,0.008651967636979493,0.00856973068459001,0.017221698321569504,-0.21613908198065596,-1.2484504999999975,0 days 01:45:00
5m,VALIDATION,149,CLOSED,BTCUSDT,LONG,2024-11-21 17:25:00+00:00,2024-11-21 17:30:00+00:00,97614.44,97663.24721999999,2024-11-24 12:40:00+00:00,96686.61474779999,96638.27144042609,0.00017505729708395583,17.096664082775362,0.17096664082775362,96686.61474779999,99616.51216439999,SL,-0.1624225808163736,0.017096664082775364,0.016917234593226634,0.008544060011379867,0.008462848720973758,0.017006908732353623,-0.21344338822472922,-1.2484504999999988,2 days 19:10:00
5m,VALIDATION,150,CLOSED,BTCUSDT,LONG,2024-11-24 20:30:00+00:00,2024-11-24 20:35:00+00:00,96720.74,96769.10037,2024-11-25 09:15:00+00:00,98704.4823774,98655.1301362113,0.00017447133289608262,16.8834339247087,0.16883433924708702,95801.4093663,98704.4823774,TP,0.34610617670742017,0.016883433924708702,0.017212492051901274,0.008437498213246833,0.008610551301600598,0.01704804951484743,0.2949622012159627,1.7470510000000006,0 days 12:40:00
5m,VALIDATION,151,CLOSED,BTCUSDT,LONG,2024-11-25 09:15:00+00:00,2024-11-25 09:20:00+00:00,98749.98,98799.35498999999,2024-11-25 13:00:00+00:00,97811.3614401,97762.45575937995,0.00017386855875860398,17.178101458390987,0.17178101458390987,97811.3614401,100775.34208979999,SL,-0.16319625623388972,0.017178101458390986,0.016997817283585175,0.008584758350019896,0.008503160221901718,0.017087918571921615,-0.21446009354778753,-1.2484504999999881,0 days 03:40:00
5m,VALIDATION,152,CLOSED,BTCUSDT,LONG,2024-11-26 01:35:00+00:00,2024-11-26 01:40:00+00:00,94558.71,94605.989355,2024-11-26 07:15:00+00:00,93659.92946145,93613.09949671928,0.0001793105883289867,16.963855610690903,0.16963855610690903,93659.92946145,96498.1091421,SL,-0.1611608671460459,0.016963855610690904,0.016785819946056702,0.008477688960863492,0.008397108527290021,0.016874797488153515,-0.21178534019094705,-1.2484504999999906,0 days 05:35:00
5m,VALIDATION,153,CLOSED,BTCUSDT,LONG,2024-11-26 14:50:00+00:00,2024-11-26 14:55:00+00:00,93355.88,93402.55794,2024-11-26 15:20:00+00:00,92468.5323606,92422.2980944197,0.0001793557073140087,16.75228184426638,0.1675228184426638,92468.5323606,95270.6090988,SL,-0.15915086349800342,0.016752281844266383,0.016576466646310805,0.008371954944659806,0.008292379512911447,0.016664334457571255,-0.20914394644615186,-1.2484504999999941,0 days 00:25:00
5m,VALIDATION,154,CLOSED,BTCUSDT,LONG,2024-11-26 16:15:00+00:00,2024-11-26 16:20:00+00:00,93432.0,93478.716,2024-11-26 18:20:00+00:00,92543.92884,92497.65687558,0.00017697447655177107,16.543346832831666,0.16543346832831668,92543.92884,95348.29032,SL,-0.15716592868172533,0.016543346832831665,0.0163697244078211,0.0082675396465926,0.008188956682251135,0.016456496328843735,-0.2065354962512218,-1.2484505000000041,0 days 02:00:00
5m,VALIDATION,155,CLOSED,BTCUSDT,LONG,2024-11-27 00:10:00+00:00,2024-11-27 00:15:00+00:00,92427.99,92474.203995,2024-11-27 14:05:00+00:00,94323.68807490001,94276.52623086257,0.00017666567496629504,16.337017665747535,0.16337017665747536,91549.46195505,94323.68807490001,TP,0.33490477993451584,0.016337017665747536,0.016655426140052956,0.008164426619563675,0.008331879009530198,0.016496305629093874,0.2854160304996215,1.7470510000000155,0 days 13:50:00
5m,VALIDATION,156,CLOSED,BTCUSDT,LONG,2024-11-27 14:05:00+00:00,2024-11-27 14:10:00+00:00,94151.98,94199.05599,2024-11-27 16:30:00+00:00,96083.03710979999,96034.9955912451,0.00017645769791060472,16.62214856534756,0.16622148565347558,93257.06543009999,96083.03710979999,TP,0.3407498921292126,0.01662214856534756,0.016946114240886184,0.008306920822262216,0.00847729576832581,0.016784216590588028,0.29039741273239084,1.7470510000000041,0 days 02:20:00
5m,VALIDATION,157,CLOSED,BTCUSDT,LONG,2024-11-27 16:30:00+00:00,2024-11-27 16:35:00+00:00,96100.76,96148.81038,2024-11-28 03:25:00+00:00,95187.3222762,95139.7286150619,0.000175896673125063,16.912255870774523,0.16912255870774523,95187.3222762,98071.7865876,SL,-0.16067065672335046,0.016912255870774523,0.016734761745410748,0.008451901984395167,0.00837156665603152,0.016823468640426685,-0.21114114297996242,-1.2484504999999912,0 days 10:50:00
5m,VALIDATION,158,CLOSED,BTCUSDT,LONG,2024-11-28 13:40:00+00:00,2024-11-28 13:45:00+00:00,95567.33,95615.113665,2024-11-29 14:35:00+00:00,97527.4159383,97478.65223033084,0.00017467244474051038,16.70132565800733,0.16701325658007332,94658.96252834999,97527.4159383,TP,0.3423730027443567,0.016701325658007332,0.017026834495081893,0.008346489584210753,0.008517676085583481,0.016864165669794234,0.29178067692147325,1.7470509999999975,1 days 00:50:00
5m,VALIDATION,159,CLOSED,BTCUSDT,LONG,2024-11-29 14:35:00+00:00,2024-11-29 14:40:00+00:00,97583.99,97632.781995,2024-11-30 01:20:00+00:00,96656.45417504999,96608.12594796247,0.00017404824996804162,16.992814845741073,0.16992814845741072,96656.45417504999,99585.4376349,SL,-0.1614359871152136,0.016992814845741073,0.01681447525393502,0.0084921613421981,0.008411443348641074,0.016903604690839173,-0.2121468819057289,-1.2484505000000015,0 days 10:40:00
5m,VALIDATION,160,CLOSED,BTCUSDT,LONG,2024-11-30 05:45:00+00:00,2024-11-30 05:50:00+00:00,96915.0,96963.45749999999,2024-12-01 02:30:00+00:00,95993.82292499999,95945.82601353749,0.00017306395967555416,16.780879898782306,0.16780879898782305,95993.82292499999,98902.72665,SL,-0.1594225521618474,0.016780879898782308,0.016604764564244586,0.008386246825976353,0.008306535549896939,0.016692782375873294,-0.20950097900074754,-1.2484505000000021,0 days 20:40:00
5m,VALIDATION,161,CLOSED,BTCUSDT,LONG,2024-12-01 04:50:00+00:00,2024-12-01 04:55:00+00:00,96430.81,96479.025405,2024-12-02 08:15:00+00:00,95514.23515094999,95466.47803337451,0.00017176363610540843,16.571588211468875,0.16571588211468874,95514.23515094999,98408.6059131,SL,-0.1574342288355959,0.016571588211468875,0.016397669393189505,0.008281653279094095,0.008202936164676416,0.01648458944377051,-0.2068880758840248,-1.2484505000000035,1 days 03:20:00
5m,VALIDATION,162,CLOSED,BTCUSDT,LONG,2024-12-02 14:25:00+00:00,2024-12-02 14:30:00+00:00,95898.26,95946.20912999999,2024-12-02 17:55:00+00:00,94986.74703869999,94939.25366518064,0.00017056334966612495,16.36490681697934,0.16364906816979338,94986.74703869999,97865.1333126,SL,-0.15547070394341736,0.01636490681697934,0.01619315711993514,0.008178364226375391,0.008100628874404448,0.01627899310077984,-0.20430776098111167,-1.2484504999999941,0 days 03:25:00
5m,VALIDATION,163,CLOSED,BTCUSDT,LONG,2024-12-02 23:55:00+00:00,2024-12-03 00:00:00+00:00,95840.61,95888.530305,2024-12-03 10:55:00+00:00,94929.64500194999,94882.18017944902,0.0001685373955388788,16.16080315965555,0.1616080315965555,94929.64500194999,97806.3009111,SL,-0.15353166819842862,0.01616080315965555,0.015991195530494964,0.008076363398127425,0.0079995975640292,0.016075960962156625,-0.20175962785073576,-1.2484505000000015,0 days 10:55:00
5m,VALIDATION,164,CLOSED,BTCUSDT,LONG,2024-12-03 15:10:00+00:00,2024-12-03 15:15:00+00:00,95839.8,95887.7199,2024-12-03 16:50:00+00:00,94928.842701,94881.3782796495,0.000166436798231497,15.959245089874598,0.159592450898746,94928.842701,97805.474298,SL,-0.15161681617117273,0.015959245089874598,0.015791752812656365,0.007975634727572432,0.007899826319486991,0.015875461047059423,-0.19924327512076312,-1.248450499999989,0 days 01:35:00
5m,VALIDATION,165,CLOSED,BTCUSDT,LONG,2024-12-03 17:35:00+00:00,2024-12-03 17:40:00+00:00,95482.19,95529.93109499999,2024-12-04 20:05:00+00:00,97440.5297169,97391.80945204155,0.00016497657517738554,15.760200858984726,0.15760200858984727,94574.63178405,97440.5297169,TP,0.3230801795280119,0.015760200858984726,0.016067367173726338,0.007876162348316606,0.008037702438082179,0.015913864786398786,0.275338746708902,1.7470510000000048,1 days 02:25:00
5m,VALIDATION,166,CLOSED,BTCUSDT,LONG,2024-12-04 20:05:00+00:00,2024-12-04 20:10:00+00:00,97704.69,97753.542345,2024-12-05 02:30:00+00:00,99708.61319189999,99658.75888530405,0.00016403768249561337,16.035264542010605,0.16035264542010605,96776.00692155,99708.61319189999,TP,0.3287189162984861,0.016035264542010607,0.016347791847934393,0.008013625458274862,0.008177984916423506,0.016191610374698368,0.28014424953384276,1.7470510000000066,0 days 06:20:00
5m,VALIDATION,167,CLOSED,BTCUSDT,LONG,2024-12-05 02:30:00+00:00,2024-12-05 02:35:00+00:00,99727.98,99777.84399,2024-12-05 03:00:00+00:00,101773.4008698,101722.5141693651,0.00016351454666423186,16.3151289271593,0.163151289271593,98780.0655501,101773.4008698,TP,0.33445606626290586,0.0163151289271593,0.016633110789949637,0.008153487719719466,0.008320715752851454,0.01647420347257092,0.285033623073226,1.747051000000001,0 days 00:25:00
5m,VALIDATION,168,CLOSED,BTCUSDT,LONG,2024-12-05 03:00:00+00:00,2024-12-05 03:05:00+00:00,102312.01,102363.16600499999,2024-12-05 07:15:00+00:00,101339.53434494999,101288.86457777752,0.00016216651408132,16.59987780135833,0.1659987780135833,101339.53434494999,104410.42932509999,SL,-0.15770298700840713,0.01659987780135833,0.016425662083833076,0.008295791005176106,0.008216939511671354,0.01651273051684746,-0.207241257410446,-1.2484504999999935,0 days 04:10:00
5m,VALIDATION,169,CLOSED,BTCUSDT,LONG,2024-12-05 07:25:00+00:00,2024-12-05 07:30:00+00:00,102098.41,102149.45920499999,2024-12-05 15:45:00+00:00,101127.96461294999,101077.40063064352,0.00016047900503587473,16.392843578171075,0.16392843578171076,101127.96461294999,104192.4483891,SL,-0.1557361101554407,0.016392843578171074,0.016220800684818168,0.008192325626270546,0.008114457571193924,0.01630678319746447,-0.20465653761589442,-1.2484504999999984,0 days 08:15:00
5m,VALIDATION,170,CLOSED,BTCUSDT,LONG,2024-12-06 01:50:00+00:00,2024-12-06 01:55:00+00:00,98391.98,98441.17598999999,2024-12-06 03:00:00+00:00,97456.76423009999,97408.03584798494,0.0001644473598556481,16.18839149264071,0.1618839149264071,97456.76423009999,100409.99950979999,SL,-0.15379376425542376,0.016188391492640713,0.01601849432392545,0.008090150670983697,0.008013253788856922,0.01610340445984062,-0.20210405453183056,-1.2484505000000008,0 days 01:05:00
5m,VALIDATION,171,CLOSED,BTCUSDT,LONG,2024-12-06 04:45:00+00:00,2024-12-06 04:50:00+00:00,97934.77,97983.737385,2024-12-06 17:40:00+00:00,99943.4121327,99893.44042663366,0.00016315451693220043,15.986489340261263,0.15986489340261265,97003.90001115,99943.4121327,TP,0.32771903685033316,0.015986489340261263,0.016298066017502957,0.007989250045107471,0.008153109563531418,0.01614235960863889,0.27929212188393004,1.747051000000014,0 days 12:50:00
5m,VALIDATION,172,CLOSED,BTCUSDT,LONG,2024-12-06 17:40:00+00:00,2024-12-06 17:45:00+00:00,100636.01,100686.32800499999,2024-12-06 23:20:00+00:00,99679.46472494998,99629.62499258752,0.00016154628708108903,16.265502449036422,0.16265502449036423,99679.46472494998,102700.05456509998,SL,-0.15452633760928847,0.016265502449036424,0.016094796000833786,0.008128686881076659,0.008051423712271697,0.016180110593348354,-0.203066746652507,-1.2484504999999972,0 days 05:35:00
5m,VALIDATION,173,CLOSED,BTCUSDT,LONG,2024-12-07 09:05:00+00:00,2024-12-07 09:10:00+00:00,99555.6,99605.3778,2024-12-09 03:50:00+00:00,98609.324022,98560.019359989,0.00016126276433105089,16.06263856626669,0.16062638566266688,98609.324022,101597.485356,SL,-0.1525990800323495,0.01606263856626669,0.01589406117451372,0.008027305630317573,0.007951006090301407,0.01597831172061898,-0.2005340914937489,-1.2484504999999975,1 days 18:40:00
5m,VALIDATION,174,CLOSED,BTCUSDT,LONG,2024-12-09 13:45:00+00:00,2024-12-09 13:50:00+00:00,99127.99,99177.553995,2024-12-09 15:25:00+00:00,98185.77845505,98136.68556582247,0.00015993845552321617,15.862304808530677,0.15862304808530678,98185.77845505,101161.1050749,SL,-0.15069585927544835,0.015862304808530677,0.015695829919565148,0.007927188809858732,0.00785184088022285,0.015779029690081582,-0.19803302369362577,-1.248450500000003,0 days 01:35:00
5m,VALIDATION,175,CLOSED,BTCUSDT,LONG,2024-12-10 00:20:00+00:00,2024-12-10 00:25:00+00:00,97506.78,97555.53339,2024-12-10 03:05:00+00:00,96579.9780561,96531.68806707195,0.00016056977062903595,15.664469620025558,0.1566446962002556,96579.9780561,99506.6440578,SL,-0.1488163755505685,0.01566446962002556,0.01550007101136339,0.00782832064968762,0.007753912461910835,0.015582233111598454,-0.19556314929355592,-1.248450499999992,0 days 02:40:00
5m,VALIDATION,176,CLOSED,BTCUSDT,LONG,2024-12-10 06:30:00+00:00,2024-12-10 06:35:00+00:00,97297.58,97346.22879,2024-12-10 15:35:00+00:00,96372.7665021,96324.58011884896,0.00015890807513339024,15.469101838513515,0.15469101838513516,96372.7665021,99293.1533658,SL,-0.14696033280866702,0.015469101838513515,0.015306753614718317,0.0077306855764672534,0.00765720541006301,0.015387890986530263,-0.19312407924842911,-1.2484504999999866,0 days 09:00:00
5m,VALIDATION,177,CLOSED,BTCUSDT,LONG,2024-12-10 20:15:00+00:00,2024-12-10 20:20:00+00:00,96184.0,96232.09199999999,2024-12-11 08:35:00+00:00,98156.73383999999,98107.65547308,0.00015874299698704657,15.276170690413187,0.15276170690413188,95269.77107999999,98156.73383999999,TP,0.3131576820193626,0.015276170690413187,0.015573903257169341,0.007634268211099399,0.00779084705210885,0.01542511526320825,0.26688249280857185,1.7470510000000088,0 days 12:15:00
5m,VALIDATION,178,CLOSED,BTCUSDT,LONG,2024-12-11 08:35:00+00:00,2024-12-11 08:40:00+00:00,98189.99,98239.084995,2024-12-11 15:20:00+00:00,100203.8666949,100153.76476155256,0.000158213877583814,15.542786567344828,0.1554278656734483,97256.69414505,100203.8666949,TP,0.3186232408758043,0.015542786567344829,0.015845715477542384,0.007767509528906726,0.007926821149344222,0.015694330678250948,0.2715404081526661,1.7470510000000168,0 days 06:40:00
5m,VALIDATION,179,CLOSED,BTCUSDT,LONG,2024-12-11 15:20:00+00:00,2024-12-11 15:25:00+00:00,100495.0,100545.2475,2024-12-12 19:40:00+00:00,99539.795025,99490.0251274875,0.0001572829755713564,15.814055706358484,0.15814055706358485,99539.795025,102556.15245,SL,-0.1502374807485632,0.015814055706358486,0.015648087191720252,0.007903076315021365,0.007827957574646653,0.015731033889668018,-0.19743065753630995,-1.2484504999999932,1 days 04:15:00
5m,VALIDATION,180,CLOSED,BTCUSDT,LONG,2024-12-13 04:45:00+00:00,2024-12-13 04:50:00+00:00,100040.55,100090.57027499999,2024-12-14 01:00:00+00:00,102092.3816805,102041.33548965974,0.00015602690882206874,15.616822282246288,0.15616822282246287,99089.66457225,102092.3816805,TP,0.32014095453160435,0.015616822282246288,0.015921194148527266,0.007804508886677937,0.007964579363945661,0.0157690882506236,0.27283384985020714,1.7470510000000037,0 days 20:10:00
5m,VALIDATION,181,CLOSED,BTCUSDT,LONG,2024-12-14 01:00:00+00:00,2024-12-14 01:05:00+00:00,102016.36,102067.36817999999,2024-12-14 13:15:00+00:00,101046.69449819998,100996.17115095089,0.00015567545097064082,15.889383570807935,0.15889383570807936,101046.69449819998,104108.71554359999,SL,-0.1509531142833903,0.015889383570807936,0.015722624490232304,0.007940721424690034,0.007865244867549075,0.01580596629223911,-0.19837108863666963,-1.2484505000000006,0 days 12:10:00
5m,VALIDATION,182,CLOSED,BTCUSDT,LONG,2024-12-14 15:20:00+00:00,2024-12-14 15:25:00+00:00,101652.1,101702.92605,2024-12-14 20:50:00+00:00,100685.8967895,100635.55384110525,0.0001542847513293054,15.691210655086987,0.15691210655086987,100685.8967895,103736.984571,SL,-0.1490704220655707,0.01569121065508699,0.01552653139926185,0.007841684485299108,0.007767149274266552,0.01560883375956566,-0.1958969978794852,-1.24845049999999,0 days 05:25:00
5m,VALIDATION,183,CLOSED,BTCUSDT,LONG,2024-12-14 23:15:00+00:00,2024-12-14 23:20:00+00:00,101294.11,101344.757055,2024-12-15 16:35:00+00:00,103371.6521961,103319.96637000196,0.00015289897384720792,15.495509358504085,0.15495509358504087,100331.30948444999,103371.6521961,TP,0.31765406990796413,0.015495509358504085,0.015797516835901332,0.007743882737882184,0.007902709772835106,0.01564659251071729,0.27071445120284143,1.7470510000000141,0 days 17:15:00
5m,VALIDATION,184,CLOSED,BTCUSDT,LONG,2024-12-15 16:35:00+00:00,2024-12-15 16:40:00+00:00,103400.0,103451.7,2024-12-16 00:30:00+00:00,105520.734,105467.973633,0.00015239917145585556,15.765953365699733,0.15765953365699734,102417.18299999999,105520.734,TP,0.3231981044782619,0.015765953365699734,0.01607323179679722,0.00787903716426729,0.00804063621650615,0.01591967338077344,0.27543924593499153,1.7470510000000044,0 days 07:50:00
5m,VALIDATION,185,CLOSED,BTCUSDT,LONG,2024-12-16 00:30:00+00:00,2024-12-16 00:35:00+00:00,106223.75,106276.86187499999,2024-12-16 00:55:00+00:00,105214.09325624998,105161.48620962186,0.00015093706348254815,16.041117447552875,0.16041117447552874,105214.09325624998,108402.39911249999,SL,-0.1523946240269796,0.016041117447552874,0.015872765919940805,0.008016550448550317,0.007940353136538448,0.015956903585088764,-0.20026541097956205,-1.248450500000006,0 days 00:20:00
5m,VALIDATION,186,CLOSED,BTCUSDT,LONG,2024-12-16 01:50:00+00:00,2024-12-16 01:55:00+00:00,105460.0,105512.73,2024-12-16 02:50:00+00:00,104457.60269999999,104405.37389865,0.0001501340369253923,15.841052101918947,0.15841052101918948,104457.60269999999,107622.9846,SL,-0.15049395325211526,0.015841052101918947,0.015674800260109308,0.007916567767075324,0.007841320790448808,0.015757888557524132,-0.19776769417166765,-1.2484505000000001,0 days 00:55:00
5m,VALIDATION,187,CLOSED,BTCUSDT,LONG,2024-12-16 03:10:00+00:00,2024-12-16 03:15:00+00:00,104930.17,104982.63508499999,2024-12-16 11:50:00+00:00,103932.80873414999,103880.84232978293,0.0001490101859722369,15.64348197787133,0.1564348197787133,103932.80873414999,107082.28778669999,SL,-0.148616987705815,0.01564348197787133,0.015479303634513572,0.007817832072897563,0.007743523579044619,0.015561355651942183,-0.1953011289701421,-1.2484504999999846,0 days 08:35:00
5m,VALIDATION,188,CLOSED,BTCUSDT,LONG,2024-12-16 14:40:00+00:00,2024-12-16 14:45:00+00:00,105388.32,105441.01416,2024-12-16 18:20:00+00:00,107549.8344432,107496.0595259784,0.00014651201980552095,15.448375954924135,0.15448375954924135,104386.6040184,107549.8344432,TP,0.31668784691203716,0.015448375954924135,0.015749464802285607,0.007720327813555158,0.007878671737011166,0.015598999550566324,0.2698910066042611,1.7470509999999964,0 days 03:35:00
5m,VALIDATION,189,CLOSED,BTCUSDT,LONG,2024-12-16 18:20:00+00:00,2024-12-16 18:25:00+00:00,107572.0,107625.786,2024-12-16 19:00:00+00:00,106549.52814,106496.25337593,0.00014604304344075295,15.71799734014318,0.1571799734014318,106549.52814,109778.30171999999,SL,-0.1493249022669282,0.015717997340143182,0.015553036958058378,0.007855071134503283,0.007780408683370335,0.015635479817873617,-0.19623141638300337,-1.2484504999999946,0 days 00:35:00
5m,VALIDATION,190,CLOSED,BTCUSDT,LONG,2024-12-16 19:50:00+00:00,2024-12-16 19:55:00+00:00,106575.99,106629.277995,2024-12-16 23:25:00+00:00,105562.98521505,105510.20372244247,0.0001455694181842723,15.521961959141178,0.15521961959141178,105562.98521505,108761.8635549,SL,-0.14746251716305706,0.015521961959141179,0.015359058968379993,0.0077571024283551735,0.007683371169774523,0.015440473598129697,-0.19378401168870793,-1.2484505000000006,0 days 03:30:00
5m,VALIDATION,191,CLOSED,BTCUSDT,LONG,2024-12-17 01:35:00+00:00,2024-12-17 01:40:00+00:00,106396.37,106449.568185,2024-12-17 22:45:00+00:00,105385.07250314999,105332.37996689841,0.0001439965591145882,15.328371537873739,0.1532837153787374,105385.07250314999,108578.5595487,SL,-0.1456233597875969,0.015328371537873739,0.015167500278583754,0.0076603555911414585,0.007587543911247617,0.015247899502389075,-0.1913671311064435,-1.2484505000000072,0 days 21:05:00
5m,VALIDATION,192,CLOSED,BTCUSDT,LONG,2024-12-18 10:35:00+00:00,2024-12-18 10:40:00+00:00,104324.92,104377.08245999999,2024-12-18 19:15:00+00:00,103333.3116354,103281.6449795823,0.00014502413006728192,15.13719558272245,0.1513719558272245,103333.3116354,106464.6241092,SL,-0.14380714044355575,0.015137195582722451,0.014978330715081778,0.007564815383668271,0.007492911813446865,0.015057727197115137,-0.1889803939384751,-1.2484504999999917,0 days 08:35:00
5m,VALIDATION,193,CLOSED,BTCUSDT,LONG,2024-12-19 05:10:00+00:00,2024-12-19 05:15:00+00:00,101185.38,101235.97269,2024-12-19 15:20:00+00:00,100223.6129631,100173.50115661845,0.00014765901470775223,14.948403980386313,0.14948403980386313,100223.6129631,103260.6921438,SL,-0.1420135730470501,0.014948403980386313,0.01479152048061216,0.007470466756813331,0.0073994599702894865,0.014869926727102818,-0.18662342423515138,-1.2484504999999904,0 days 10:05:00
5m,VALIDATION,194,CLOSED,BTCUSDT,LONG,2024-12-20 04:30:00+00:00,2024-12-20 04:35:00+00:00,97638.16,97686.97908,2024-12-20 05:55:00+00:00,96710.1092892,96661.75423455541,0.00015111499129325323,14.761966993138412,0.14761966993138412,96710.1092892,99640.71866160001,SL,-0.14024237508223977,0.014761966993138411,0.014607040149545425,0.007377294849144803,0.007307173661602197,0.014684468510747,-0.18429585073567062,-1.2484504999999944,0 days 01:20:00
5m,VALIDATION,195,CLOSED,BTCUSDT,LONG,2024-12-20 07:10:00+00:00,2024-12-20 07:15:00+00:00,98039.83,98088.849915,2024-12-20 08:05:00+00:00,97107.96141585,97059.40743514209,0.00014861888243948568,14.57785525414174,0.14577855254141742,97107.96141585,100050.6269133,SL,-0.1384932675568384,0.01457785525414174,0.014424860663249524,0.007285284984578154,0.007216038350799199,0.014501323335377353,-0.18199730680960705,-1.2484504999999877,0 days 00:50:00
5m,VALIDATION,196,CLOSED,BTCUSDT,LONG,2024-12-20 14:30:00+00:00,2024-12-20 14:35:00+00:00,95743.14,95791.01156999999,2024-12-20 19:25:00+00:00,97706.8318014,97657.9783854993,0.00015028591437625063,14.396039762823452,0.14396039762823454,94833.10145429999,97706.8318014,TP,0.29511521792654527,0.014396039762823453,0.014676618577800882,0.0071944226700749484,0.007341980279039336,0.014536402949114284,0.25150615663680664,1.747051000000013,0 days 04:50:00
5m,VALIDATION,197,CLOSED,BTCUSDT,LONG,2024-12-20 19:25:00+00:00,2024-12-20 19:30:00+00:00,97584.34,97633.13217,2024-12-20 20:30:00+00:00,96656.8008483,96608.47244787586,0.00015002381198889,14.647294664558528,0.14647294664558527,96656.8008483,99585.7948134,SL,-0.1391529593069746,0.014647294664558528,0.014493571307053987,0.007319987338610052,0.007250410858955448,0.0145703981975655,-0.1828642234761526,-1.2484504999999888,0 days 01:00:00
5m,VALIDATION,198,CLOSED,BTCUSDT,LONG,2024-12-20 22:50:00+00:00,2024-12-20 22:55:00+00:00,97355.29,97403.96764499998,2024-12-21 07:40:00+00:00,99352.04699789999,99302.37097440104,0.00014850127230281075,14.46461312262431,0.14464613122624312,96429.92796854998,99352.04699789999,TP,0.29652095466769024,0.014464613122624311,0.01474652843238426,0.007228692215202897,0.007376952692538219,0.014605644907741116,0.25270416820494057,1.747051000000009,0 days 08:45:00
5m,VALIDATION,199,CLOSED,BTCUSDT,LONG,2024-12-21 07:40:00+00:00,2024-12-21 07:45:00+00:00,99495.99,99545.737995,2024-12-21 08:30:00+00:00,98550.28061505,98501.00547474247,0.00014784223951257435,14.717064839112764,0.14717064839112765,98550.28061505,101536.6527549,SL,-0.13981579339906858,0.014717064839112764,0.014562609243626274,0.007354854992060041,0.007284947095360602,0.014639802087420644,-0.18373526956922823,-1.248450500000005,0 days 00:45:00
5m,VALIDATION,200,CLOSED,BTCUSDT,LONG,2024-12-22 09:35:00+00:00,2024-12-22 09:40:00+00:00,97002.5,97051.00125,2024-12-22 14:20:00+00:00,96080.4912375,96032.45099188125,0.00014975129503119256,14.533513121261388,0.14533513121261388,96080.4912375,98992.021275,SL,-0.13807200621448248,0.014533513121261388,0.014380983901053752,0.007263124998131802,0.007194088995023479,0.01445721399315528,-0.1814437172299529,-1.2484504999999966,0 days 04:40:00
5m,VALIDATION,201,CLOSED,BTCUSDT,LONG,2024-12-22 19:05:00+00:00,2024-12-22 19:10:00+00:00,96104.47,96152.522235,2024-12-22 19:45:00+00:00,95190.99701265,95143.40151414368,0.00014926546213118392,14.352250666486212,0.14352250666486213,95190.99701265,98075.5726797,SL,-0.13634996760115142,0.014352250666486212,0.014201623795741442,0.007172539063710588,0.007104364079909104,0.014276903143619693,-0.17918074520699875,-1.2484504999999881,0 days 00:35:00
5m,VALIDATION,202,CLOSED,BTCUSDT,LONG,2024-12-23 03:50:00+00:00,2024-12-23 03:55:00+00:00,95852.05,95899.976025,2024-12-23 06:35:00+00:00,94940.97626474999,94893.50577661762,0.00014779199652070694,14.17324892302268,0.1417324892302268,94940.97626474999,97817.9755455,SL,-0.13464940631017763,0.01417324892302268,0.014024500675575556,0.007083082920050336,0.007015758216895564,0.0140988411369459,-0.17694599704572178,-1.2484505000000037,0 days 02:40:00
5m,VALIDATION,203,CLOSED,BTCUSDT,LONG,2024-12-23 08:55:00+00:00,2024-12-23 09:00:00+00:00,95503.87,95551.62193499999,2024-12-23 14:40:00+00:00,94596.10571564999,94548.80766279217,0.00014648081750748336,13.996479695204778,0.13996479695204778,94596.10571564999,97462.65437369999,SL,-0.1329700544756846,0.013996479695204778,0.013849586640803605,0.0069947424763631754,0.006928257449125506,0.01392299992548868,-0.1747391207371817,-1.2484504999999941,0 days 05:40:00
5m,VALIDATION,204,CLOSED,BTCUSDT,LONG,2024-12-23 22:15:00+00:00,2024-12-23 22:20:00+00:00,94303.04,94350.19152,2024-12-24 14:00:00+00:00,96237.1953504,96189.07675272481,0.00014649588852285331,13.82191513902378,0.1382191513902378,93406.68960479999,96237.1953504,TP,0.2833458065980793,0.013821915139023781,0.014091304265083355,0.006907503817603006,0.007049176720900316,0.013956680538503321,0.24147590665546884,1.7470510000000181,0 days 15:40:00
5m,VALIDATION,205,CLOSED,BTCUSDT,LONG,2024-12-24 14:00:00+00:00,2024-12-24 14:05:00+00:00,95866.5,95914.43325,2024-12-24 15:35:00+00:00,97832.721915,97783.80555404251,0.00014662183088077902,14.063149811007268,0.14063149811007267,94955.2889175,97832.721915,TP,0.28829105709521174,0.014063149811007269,0.014337240600823802,0.007028060875066374,0.0071722064036122135,0.014200267278678588,0.2456903994047021,1.747051000000011,0 days 01:30:00
5m,VALIDATION,206,CLOSED,BTCUSDT,LONG,2024-12-24 15:35:00+00:00,2024-12-24 15:40:00+00:00,98083.29,98132.33164499998,2024-12-26 08:05:00+00:00,97151.00832854999,97102.43282438572,0.00014580917955990064,14.308594765457523,0.14308594765457522,97151.00832854999,100094.97827789998,SL,-0.13593522563285848,0.014308594765457523,0.014158426063394047,0.00715072202171648,0.007082754408900696,0.014233476430617176,-0.1786357228923272,-1.2484504999999926,1 days 16:25:00
5m,VALIDATION,207,CLOSED,BTCUSDT,LONG,2024-12-26 16:00:00+00:00,2024-12-26 16:05:00+00:00,96134.62,96182.68731,2024-12-27 07:35:00+00:00,95220.8604369,95173.25000668156,0.00014690936482455433,14.130137499830822,0.14130137499830822,95220.8604369,98106.34105619999,SL,-0.13423983701738332,0.014130137499830822,0.013981841706770097,0.007061537980924734,0.006994418062414704,0.014055956043339438,-0.1764077722673237,-1.2484504999999881,0 days 15:30:00
5m,VALIDATION,208,CLOSED,BTCUSDT,LONG,2024-12-27 09:05:00+00:00,2024-12-27 09:10:00+00:00,97146.07,97194.643035,2024-12-27 10:35:00+00:00,96222.69660465,96174.58525634768,0.00014356661564238055,13.953905959104226,0.13953905959104226,96222.69660465,99138.5358957,SL,-0.13256559334461407,0.013953905959104226,0.013807459716063427,0.006973466246428034,0.00690718344975614,0.013880649696184175,-0.1742076087159659,-1.2484504999999957,0 days 01:25:00
5m,VALIDATION,209,CLOSED,BTCUSDT,LONG,2024-12-27 10:55:00+00:00,2024-12-27 11:00:00+00:00,96605.46,96653.76273,2024-12-27 14:35:00+00:00,95687.2251027,95639.38149014866,0.00014256943542340043,13.779872383963403,0.13779872383963404,95687.2251027,98586.8379846,SL,-0.1309122308941257,0.013779872383963403,0.013635252623293709,0.006886492945508346,0.006821036830060445,0.013707529775568791,-0.1720348856769516,-1.2484504999999897,0 days 03:35:00
5m,VALIDATION,210,CLOSED,BTCUSDT,LONG,2024-12-28 05:10:00+00:00,2024-12-28 05:15:00+00:00,94638.6,94685.9193,2024-12-29 16:35:00+00:00,93739.060107,93692.19057694651,0.00014371734954797137,13.608009361309108,0.1360800936130911,93739.060107,96579.637686,SL,-0.12927948923462695,0.013608009361309108,0.013465193303062171,0.006800604378463639,0.006735964633846448,0.013536569012310087,-0.16988926091130832,-1.2484504999999848,1 days 11:20:00
5m,VALIDATION,211,CLOSED,BTCUSDT,LONG,2024-12-30 00:15:00+00:00,2024-12-30 00:20:00+00:00,93788.01,93834.90400499999,2024-12-30 13:45:00+00:00,92896.55496494999,92850.10668746752,0.00014321205912059238,13.43828981993917,0.1343828981993917,92896.55496494999,95711.60208509999,SL,-0.1276671111829313,0.01343828981993917,0.013297254968278908,0.006715787016460589,0.0066519534608694445,0.013367740477330033,-0.16777039644847944,-1.2484504999999984,0 days 13:25:00
5m,VALIDATION,212,CLOSED,BTCUSDT,LONG,2024-12-30 17:45:00+00:00,2024-12-30 17:50:00+00:00,93926.54,93973.50326999999,2024-12-30 21:40:00+00:00,93033.76823729998,92987.25135318135,0.00014121732791163132,13.270687026284346,0.13270687026284347,93033.76823729998,95852.97333539999,SL,-0.12607484276345232,0.013270687026284346,0.013131411165943494,0.006632027499391477,0.006568990078009157,0.013201017577400633,-0.1656779585330808,-1.2484504999999904,0 days 03:50:00
5m,VALIDATION,213,CLOSED,BTCUSDT,LONG,2024-12-31 06:05:00+00:00,2024-12-31 06:10:00+00:00,92899.0,92945.44949999999,2024-12-31 12:25:00+00:00,94804.35848999998,94756.95631075499,0.00014099856045343408,13.105174580197353,0.13105174580197354,92015.99500499999,94804.35848999998,TP,0.26865280423772664,0.013105174580197353,0.0133605944327654,0.006549312633780079,0.006683639035899667,0.013232951669679745,0.22895408355508412,1.7470510000000035,0 days 06:15:00
5m,VALIDATION,214,CLOSED,BTCUSDT,LONG,2024-12-31 12:25:00+00:00,2024-12-31 12:30:00+00:00,94802.95,94850.35147499999,2024-12-31 17:35:00+00:00,93901.84796024999,93854.89703626986,0.0001405782870705408,13.333899938394241,0.13333899938394242,93901.84796024999,96747.35850449999,SL,-0.12667538122382685,0.013333899938394242,0.013193960658540792,0.006663618160115865,0.006600280469505345,0.013263898629621209,-0.16646714045038308,-1.2484505000000035,0 days 05:05:00
15m,DEVELOPMENT,1,CLOSED,BTCUSDT,LONG,2024-01-01 12:30:00+00:00,2024-01-01 12:45:00+00:00,42755.77,42777.14788499999,2024-01-01 20:00:00+00:00,43632.690842699994,43610.874497278644,0.0004670722796604696,19.980019980019982,0.19980019980019983,42349.37640614999,43632.690842699994,TP,0.40958541708166796,0.019980019980019983,0.020369430569430573,0.009985017481266753,0.010189810189810184,0.020174827671076936,0.3490611388611405,1.747051000000008,0 days 07:15:00
15m,DEVELOPMENT,2,CLOSED,BTCUSDT,LONG,2024-01-01 20:00:00+00:00,2024-01-01 20:15:00+00:00,43643.99,43665.811995,2024-01-02 00:00:00+00:00,44539.128234899996,44516.858670782545,0.0004655526023146542,20.32873240645469,0.20328732406454691,43229.15387505,44539.128234899996,TP,0.4167339346890402,0.02032873240645469,0.02072493940105649,0.010159286559946638,0.010367653527292126,0.020526940087238765,0.35515332279429024,1.7470509999999975,0 days 03:45:00
15m,DEVELOPMENT,3,CLOSED,BTCUSDT,LONG,2024-01-02 00:00:00+00:00,2024-01-02 00:15:00+00:00,44630.1,44652.415049999996,2024-01-02 07:15:00+00:00,45545.463351,45522.6906193245,0.0004632119205101027,20.68353093072471,0.2068353093072471,44205.890899499995,45545.463351,TP,0.4240072157812732,0.02068353093072471,0.021086652948564537,0.010336597166777775,0.010548600774668307,0.020885197941446082,0.3613518339605379,1.7470510000000121,0 days 07:00:00
15m,DEVELOPMENT,4,CLOSED,BTCUSDT,LONG,2024-01-02 07:15:00+00:00,2024-01-02 07:30:00+00:00,45461.1,45483.83055,2024-01-02 14:45:00+00:00,45028.9922445,45006.47774837775,0.00046268138631613414,21.044521773842135,0.21044521773842134,45028.9922445,46393.507161,SL,-0.19992821535269364,0.021044521773842136,0.020823659517825662,0.010517002385728304,0.010417038278050367,0.020934040663778672,-0.2627304373081401,-1.2484504999999957,0 days 07:15:00
15m,DEVELOPMENT,5,CLOSED,BTCUSDT,LONG,2024-01-02 16:45:00+00:00,2024-01-02 17:00:00+00:00,45357.84,45380.518919999995,2024-01-02 19:15:00+00:00,44926.713730799995,44904.2503739346,0.000457950995252818,20.782053804503335,0.20782053804503334,44926.713730799995,46288.129298399996,SL,-0.19743470405977517,0.020782053804503334,0.020563946149825076,0.010385833985258337,0.010287116633227011,0.02067295061848535,-0.25945365463258896,-1.2484504999999908,0 days 02:15:00
15m,DEVELOPMENT,6,CLOSED,BTCUSDT,LONG,2024-01-03 02:00:00+00:00,2024-01-03 02:15:00+00:00,45274.51,45297.147254999996,2024-01-03 11:00:00+00:00,44844.175782449995,44821.75369455877,0.00045307178460483654,20.52285934433092,0.2052285934433092,44844.175782449995,46203.0902001,SL,-0.19497229192190785,0.020522859344330922,0.02030747193551217,0.010256301521402124,0.010158815375443254,0.02041511689684538,-0.2562177400985963,-1.248450500000001,0 days 08:45:00
15m,DEVELOPMENT,7,CLOSED,BTCUSDT,LONG,2024-01-04 12:00:00+00:00,2024-01-04 12:15:00+00:00,43244.0,43265.621999999996,2024-01-04 15:15:00+00:00,44130.93444,44108.86897278,0.0004684295898025146,20.26689756601065,0.2026689756601065,42832.96578,44130.93444,TP,0.4154663359109217,0.020266897566010647,0.0206618993995722,0.01012838459070798,0.010336117758663655,0.020464502349371635,0.3540730365959672,1.7470510000000123,0 days 03:00:00
15m,DEVELOPMENT,8,CLOSED,BTCUSDT,LONG,2024-01-04 15:15:00+00:00,2024-01-04 15:30:00+00:00,44154.01,44176.087005,2024-01-05 01:45:00+00:00,43734.32613495,43712.45897188253,0.00046678233137659804,20.620616883289337,0.20620616883289336,43734.32613495,45059.6087451,SL,-0.1959010129691803,0.02062061688328934,0.02040420350909922,0.010305155863712433,0.01020720535722709,0.020512361220939523,-0.2574381945825084,-1.2484504999999915,0 days 10:15:00
15m,DEVELOPMENT,9,CLOSED,BTCUSDT,LONG,2024-01-05 09:00:00+00:00,2024-01-05 09:15:00+00:00,44049.71,44071.734854999995,2024-01-05 10:45:00+00:00,43631.01750644999,43609.20199769677,0.0004620520598228763,20.3634358697204,0.20363435869720403,43631.01750644999,44953.16955209999,SL,-0.19345772907715686,0.020363435869720403,0.020149721610267686,0.010176629620048339,0.010079900755509921,0.02025653037555826,-0.2542274169327032,-1.2484504999999972,0 days 01:30:00
15m,DEVELOPMENT,10,CLOSED,BTCUSDT,LONG,2024-01-05 12:15:00+00:00,2024-01-05 12:30:00+00:00,43926.04,43948.00302,2024-01-05 14:30:00+00:00,43508.522989799996,43486.7687283051,0.0004575739747965275,20.109462426231193,0.20109462426231195,43508.522989799996,44826.9630804,SL,-0.19104491790237849,0.020109462426231194,0.019898413618067896,0.010049706359933613,0.009954183900983501,0.020003890260917114,-0.25105668420759464,-1.2484504999999957,0 days 02:00:00
15m,DEVELOPMENT,11,CLOSED,BTCUSDT,LONG,2024-01-05 23:00:00+00:00,2024-01-05 23:15:00+00:00,44200.62,44222.72031,2024-01-06 05:15:00+00:00,43780.493106899994,43758.602860346546,0.00044906003992276625,19.858656547901923,0.19858656547901923,43780.493106899994,45107.174716199996,SL,-0.18866219938811762,0.019858656547901924,0.019650239947431692,0.009924366090902973,0.009830034991210724,0.019754401082113696,-0.24792549696556493,-1.2484505000000032,0 days 06:00:00
15m,DEVELOPMENT,12,CLOSED,BTCUSDT,LONG,2024-01-06 16:00:00+00:00,2024-01-06 16:15:00+00:00,43933.49,43955.456744999996,2024-01-08 02:30:00+00:00,43515.90217754999,43494.14422646122,0.00044615572629640095,19.61097872875551,0.1961097872875551,43515.90217754999,44834.565879899994,SL,-0.18630919821771438,0.01961097872875551,0.019405161506997223,0.009800589069841896,0.009707434470733332,0.01950802354057523,-0.24483336199404235,-1.2484505000000028,1 days 10:15:00
15m,DEVELOPMENT,13,CLOSED,BTCUSDT,LONG,2024-01-08 10:45:00+00:00,2024-01-08 11:00:00+00:00,44088.86,44110.904429999995,2024-01-08 12:00:00+00:00,44993.122518599994,44970.62595734069,0.0004390386052108134,19.36638995553469,0.1936638995553469,43669.795385699996,44993.122518599994,TP,0.39700615491055824,0.01936638995553469,0.01974384089576806,0.009678355799864981,0.009876858877322914,0.019555214677187897,0.33834070938206756,1.747050999999996,0 days 01:00:00
15m,DEVELOPMENT,14,CLOSED,BTCUSDT,LONG,2024-01-08 12:00:00+00:00,2024-01-08 12:15:00+00:00,45141.09,45163.66054499999,2024-01-08 12:15:00+00:00,44712.02393954999,44689.667927580216,0.0004362886538520742,19.704392662210083,0.19704392662210082,44712.02393954999,46066.93375589999,SL,-0.18719665392734672,0.019704392662210083,0.019497595061220188,0.009847272694755499,0.009753674367792783,0.01960094706254828,-0.24599958871332528,-1.248450500000001,0 days 00:00:00
15m,DEVELOPMENT,15,CLOSED,BTCUSDT,LONG,2024-01-08 12:15:00+00:00,2024-01-08 12:30:00+00:00,44518.15,44540.409074999996,2024-01-08 17:30:00+00:00,45431.2172565,45408.50164787175,0.00043687606897740733,19.458638827331637,0.19458638827331637,44095.004984249994,45431.2172565,TP,0.3988972337317055,0.019458638827331638,0.019837887698076335,0.009724457185070872,0.009923905801938457,0.01964836298700933,0.3399523442192882,1.7470510000000132,0 days 05:00:00
15m,DEVELOPMENT,16,CLOSED,BTCUSDT,LONG,2024-01-08 17:30:00+00:00,2024-01-08 17:45:00+00:00,45402.01,45424.711005,2024-01-08 18:30:00+00:00,46333.2052251,46310.03862248745,0.00043584760630926636,19.798251558819437,0.19798251558819438,44970.46389495,46333.2052251,TP,0.40585920986645196,0.019798251558819438,0.02018411948170083,0.00989417869006266,0.010097108294996096,0.019991286985058754,0.34588555184087294,1.747051000000012,0 days 00:45:00
15m,DEVELOPMENT,17,CLOSED,BTCUSDT,LONG,2024-01-08 18:30:00+00:00,2024-01-08 18:45:00+00:00,46917.78,46941.23888999999,2024-01-09 00:30:00+00:00,46471.82650109999,46448.590587849445,0.0004291278212288462,20.14379157064848,0.2014379157064848,46471.82650109999,47880.063667799994,SL,-0.19137105335234172,0.02014379157064848,0.019932382478114526,0.010066862354144777,0.009971176827468595,0.02003803918161337,-0.2514852665827181,-1.2484504999999964,0 days 05:45:00
15m,DEVELOPMENT,18,CLOSED,BTCUSDT,LONG,2024-01-09 03:00:00+00:00,2024-01-09 03:15:00+00:00,46886.44,46909.88322,2024-01-09 09:15:00+00:00,46440.784387800006,46417.563995606106,0.0004240589865637767,19.892557538098316,0.19892557538098316,46440.784387800006,47848.080884400006,SL,-0.18898426726599002,0.019892557538098318,0.019683785146735976,0.009941308114992093,0.009846815981358621,0.019788124096350716,-0.248348734047175,-1.2484504999999944,0 days 06:00:00
15m,DEVELOPMENT,19,CLOSED,BTCUSDT,LONG,2024-01-09 12:00:00+00:00,2024-01-09 12:15:00+00:00,46723.98,46747.34199,2024-01-09 12:45:00+00:00,46279.8685701,46256.72863581495,0.0004202261790389455,19.644456904684557,0.19644456904684557,46279.8685701,47682.2888298,SL,-0.18662724925440105,0.019644456904684558,0.01943828832946989,0.009817319792445049,0.009724006167818475,0.019541325960263523,-0.24525132044881903,-1.2484505000000008,0 days 00:30:00
15m,DEVELOPMENT,20,CLOSED,BTCUSDT,LONG,2024-01-09 15:30:00+00:00,2024-01-09 15:45:00+00:00,46955.78,46979.25788999999,2024-01-09 18:30:00+00:00,46509.46531109999,46486.21057844444,0.00041293650563771977,19.399450590549872,0.19399450590549872,46509.46531109999,47918.843047799994,SL,-0.18429962804915423,0.01939945059054987,0.019195853356602052,0.009694877856344559,0.009602728042322383,0.019297605898666942,-0.24219253789497308,-1.2484505000000012,0 days 02:45:00
15m,DEVELOPMENT,21,CLOSED,BTCUSDT,LONG,2024-01-09 19:45:00+00:00,2024-01-09 20:00:00+00:00,46876.0,46899.437999999995,2024-01-09 21:00:00+00:00,47837.426759999995,47813.508046619994,0.0004084803746100798,19.15750000324221,0.1915750000324221,46430.44361999999,47837.426759999995,TP,0.39272396308495316,0.01915750000324221,0.0195308796783054,0.009573963020108862,0.009770325001653753,0.019344288021762614,0.3346912953816429,1.7470509999999992,0 days 01:00:00
15m,DEVELOPMENT,22,CLOSED,BTCUSDT,LONG,2024-01-09 21:00:00+00:00,2024-01-09 21:15:00+00:00,47914.25,47938.207125,2024-01-09 21:15:00+00:00,47458.82505375,47435.095641223124,0.0004066037949825686,19.49185694168541,0.1949185694168541,47458.82505375,48896.971267500005,SL,-0.18517751147498276,0.01949185694168541,0.01928728990308242,0.0097410579418721,0.00964846918613408,0.01938952712800618,-0.24334618544775677,-1.248450500000003,0 days 00:00:00
15m,DEVELOPMENT,23,CLOSED,BTCUSDT,LONG,2024-01-10 18:00:00+00:00,2024-01-10 18:15:00+00:00,46265.56,46288.69278,2024-01-10 20:00:00+00:00,45825.8058522,45802.892949273904,0.0004158413794661501,19.248753859320022,0.19248753859320022,45825.8058522,47214.4666356,SL,-0.18286797144711261,0.019248753859320022,0.019046738187566463,0.009619567146086931,0.00952813316036126,0.01914770030644819,-0.24031116380044729,-1.2484504999999853,0 days 01:45:00
15m,DEVELOPMENT,24,CLOSED,BTCUSDT,LONG,2024-01-10 22:15:00+00:00,2024-01-10 22:30:00+00:00,46404.53,46427.732265,2024-01-10 23:00:00+00:00,47356.2869103,47332.60876684485,0.0004094251827359263,19.008682766612285,0.19008682766612287,45963.45494235,47356.2869103,TP,0.3896732469197576,0.019008682766612287,0.019379161993733563,0.009499591587512346,0.009694428210970175,0.019194019798482523,0.3320913823609292,1.7470510000000083,0 days 00:30:00
15m,DEVELOPMENT,25,CLOSED,BTCUSDT,LONG,2024-01-10 23:00:00+00:00,2024-01-10 23:15:00+00:00,47481.99,47505.730995,2024-01-10 23:15:00+00:00,47030.673685049995,47007.15834820747,0.0004071180883709814,19.340442389350482,0.19340442389350482,47030.673685049995,48455.8456149,SL,-0.18373903539308112,0.019340442389350482,0.019137464446474246,0.009665388500425073,0.009573518982727893,0.01923890748315297,-0.2414558497120588,-1.248450500000004,0 days 00:00:00
15m,DEVELOPMENT,26,CLOSED,BTCUSDT,LONG,2024-01-10 23:15:00+00:00,2024-01-10 23:30:00+00:00,46821.85,46845.260924999995,2024-01-11 00:00:00+00:00,46376.80831574999,46353.61991159212,0.00040770885628861516,19.099227754273503,0.19099227754273504,46376.80831574999,47782.1661435,SL,-0.18144743608632868,0.019099227754273505,0.0188987813589924,0.009544841456407119,0.009454117738365048,0.018998959194772166,-0.23844440439436673,-1.2484505000000021,0 days 00:30:00
15m,DEVELOPMENT,27,CLOSED,BTCUSDT,LONG,2024-01-11 01:15:00+00:00,2024-01-11 01:30:00+00:00,46731.99,46755.355995,2024-01-11 03:00:00+00:00,46287.80243505,46264.65853383247,0.0004033980953560556,18.861021556077336,0.18861021556077337,46287.80243505,47690.4631149,SL,-0.17918441768167415,0.018861021556077336,0.018663075134846302,0.009425797879099163,0.009336205670258332,0.018762003549357496,-0.23547051792195528,-1.2484505,0 days 01:30:00
15m,DEVELOPMENT,28,CLOSED,BTCUSDT,LONG,2024-01-11 10:15:00+00:00,2024-01-11 10:30:00+00:00,46549.99,46573.264995,2024-01-11 14:00:00+00:00,47504.7302949,47480.97792975255,0.0003999244260722894,18.62578627343802,0.18625786273438022,46107.53234505,47504.7302949,TP,0.38182396448597183,0.01862578627343802,0.01898880284790733,0.00930823901721031,0.009499150999452416,0.018807390016662727,0.3254019853479637,1.7470510000000108,0 days 03:30:00
15m,DEVELOPMENT,29,CLOSED,BTCUSDT,LONG,2024-01-11 14:00:00+00:00,2024-01-11 14:15:00+00:00,47794.6,47818.497299999995,2024-01-11 14:45:00+00:00,48774.867245999994,48750.479812376994,0.00039630821234270673,18.950863181877548,0.18950863181877547,47340.31232699999,48774.867245999994,TP,0.38848795988036666,0.01895086318187755,0.019320215505292337,0.009470696242816138,0.009664940222757592,0.01913563646557373,0.33108124472762307,1.7470509999999977,0 days 00:30:00
15m,DEVELOPMENT,30,CLOSED,BTCUSDT,LONG,2024-01-11 14:45:00+00:00,2024-01-11 15:00:00+00:00,48571.21,48595.495605,2024-01-11 15:00:00+00:00,48109.540648949995,48085.48587862552,0.0003967777967085297,19.281613676110936,0.19281613676110937,48109.540648949995,49567.4055171,SL,-0.1831801479174775,0.019281613676110938,0.01907925314058015,0.009635988843632582,0.009544398769674434,0.019180387613307016,-0.2407214023474756,-1.2484505000000012,0 days 00:00:00
15m,DEVELOPMENT,31,CLOSED,BTCUSDT,LONG,2024-01-14 09:45:00+00:00,2024-01-14 10:00:00+00:00,43052.41,43073.936205,2024-01-14 19:45:00+00:00,42643.19684295,42621.87524452853,0.00044205694747893973,19.041132754684885,0.19041132754684886,42643.19684295,43935.4149291,SL,-0.1808955190737456,0.019041132754684886,0.01884129606642447,0.00951580847310353,0.009425360713566538,0.01894116918667007,-0.23771911708152504,-1.2484504999999886,0 days 09:45:00
15m,DEVELOPMENT,32,CLOSED,BTCUSDT,LONG,2024-01-15 07:45:00+00:00,2024-01-15 08:00:00+00:00,42714.78,42736.137389999996,2024-01-15 14:30:00+00:00,42308.7760161,42287.62162809195,0.00043999416577219147,18.803651119238808,0.18803651119238807,42308.7760161,43590.860137799995,SL,-0.1786393841962676,0.018803651119238807,0.0186063068007424,0.009397126996120197,0.009307807304023152,0.018704934300143347,-0.23475427641639218,-1.2484504999999984,0 days 06:30:00
15m,DEVELOPMENT,33,CLOSED,BTCUSDT,LONG,2024-01-15 18:15:00+00:00,2024-01-15 18:30:00+00:00,43154.7,43176.27735,2024-01-15 21:45:00+00:00,42744.5145765,42723.14231921175,0.0004300771743717521,18.569131362579082,0.18569131362579083,42744.5145765,44039.802896999994,SL,-0.17641138790736013,0.018569131362579084,0.018374248328928814,0.00927992571843014,0.009191720024475379,0.018471645742905517,-0.23182641334177356,-1.2484504999999901,0 days 03:15:00
15m,DEVELOPMENT,34,CLOSED,BTCUSDT,LONG,2024-01-16 03:45:00+00:00,2024-01-16 04:00:00+00:00,42924.57,42946.032284999994,2024-01-16 14:30:00+00:00,42516.571962149996,42495.313676168924,0.00042699023794243944,18.337536544055833,0.18337536544055832,42516.571962149996,43804.9529307,SL,-0.17421117926162163,0.018337536544055833,0.018145084098025968,0.009164186178935952,0.009077080589306282,0.018241266768242233,-0.2289350666719457,-1.2484504999999886,0 days 10:30:00
15m,DEVELOPMENT,35,CLOSED,BTCUSDT,LONG,2024-01-16 15:30:00+00:00,2024-01-16 15:45:00+00:00,43118.01,43139.569005,2024-01-17 07:45:00+00:00,42708.17331495,42686.81922829253,0.00041977309002890905,18.1088301837442,0.181088301837442,42708.17331495,44002.3603851,SL,-0.1720384116906443,0.0181088301837442,0.017918778010965804,0.009049890146796821,0.00896387094095105,0.01801376108774787,-0.2260797809731022,-1.2484504999999824,0 days 16:00:00
15m,DEVELOPMENT,36,CLOSED,BTCUSDT,LONG,2024-01-17 23:45:00+00:00,2024-01-18 00:00:00+00:00,42776.09,42797.478044999996,2024-01-18 12:15:00+00:00,42369.503264549996,42348.31851291772,0.0004178511695921625,17.882976256698143,0.17882976256698144,42369.503264549996,43653.4276059,SL,-0.1698927429484419,0.017882976256698144,0.017695294420884095,0.008937019618539674,0.008852073247065217,0.017789092865604893,-0.223260106491629,-1.2484504999999986,0 days 12:15:00
15m,DEVELOPMENT,37,CLOSED,BTCUSDT,LONG,2024-01-19 20:00:00+00:00,2024-01-19 20:15:00+00:00,42162.85,42183.931424999995,2024-01-19 20:45:00+00:00,41762.092110749996,41741.211064694624,0.0004186413781435721,17.65993918727594,0.1765993918727594,41762.092110749996,43027.61005349999,SL,-0.16777383505753002,0.017659939187275937,0.01747459812550548,0.00882555681522896,0.008741669897700451,0.01756722671292941,-0.22047559908324083,-1.248450499999991,0 days 00:30:00
15m,DEVELOPMENT,38,CLOSED,BTCUSDT,LONG,2024-01-20 03:45:00+00:00,2024-01-20 04:00:00+00:00,41634.64,41655.457319999994,2024-01-22 03:00:00+00:00,41238.90274679999,41218.28329542659,0.00041866504332346236,17.439683843536436,0.17439683843536435,41238.90274679999,42488.56646639999,SL,-0.1656813542556894,0.017439683843536436,0.017256654361598518,0.008715484179676141,0.008632643502550875,0.017348127682227016,-0.21772582014305136,-1.2484505000000088,1 days 23:00:00
15m,DEVELOPMENT,39,CLOSED,BTCUSDT,LONG,2024-01-23 23:00:00+00:00,2024-01-23 23:15:00+00:00,39586.67,39606.46333499999,2024-01-24 10:45:00+00:00,40398.592601699995,40378.39330539915,0.00043483245110870786,17.222175531705215,0.17222175531705217,39210.398701649996,40398.592601699995,TP,0.3530502950077686,0.017222175531705214,0.01755783573281815,0.008606784373663532,0.008783309521167558,0.01739009389483109,0.3008801898484141,1.7470510000000161,0 days 11:30:00
15m,DEVELOPMENT,40,CLOSED,BTCUSDT,LONG,2024-01-24 10:45:00+00:00,2024-01-24 11:00:00+00:00,40352.42,40372.596209999996,2024-01-24 13:15:00+00:00,39968.8702479,39948.885812776054,0.0004340259677826499,17.522755141943392,0.1752275514194339,39968.8702479,41180.0481342,SL,-0.16647055234799785,0.017522755141943392,0.017338853826728697,0.008756999071435028,0.008673763795259559,0.017430762866694587,-0.21876292418336454,-1.2484504999999804,0 days 02:15:00
15m,DEVELOPMENT,41,CLOSED,BTCUSDT,LONG,2024-01-24 16:45:00+00:00,2024-01-24 17:00:00+00:00,40190.01,40210.105005,2024-01-24 18:15:00+00:00,39808.00395495,39788.09995297253,0.00043034482899231694,17.30421076213983,0.17304210762139832,39808.00395495,41014.3071051,SL,-0.16439432613107455,0.01730421076213983,0.01712260307019118,0.008647781490322852,0.008565584327256766,0.017213365817579616,-0.21603450578098518,-1.2484504999999806,0 days 01:15:00
15m,DEVELOPMENT,42,CLOSED,BTCUSDT,LONG,2024-01-24 23:45:00+00:00,2024-01-25 00:00:00+00:00,40084.89,40104.932445,2024-01-25 15:45:00+00:00,39703.883120549996,39684.031178989724,0.00042609202991380194,17.088392075045945,0.17088392075045947,39703.883120549996,40907.0310939,SL,-0.1623439946759754,0.017088392075045946,0.01690904940021834,0.00853992607448536,0.008458754077146196,0.016998680151631557,-0.21334011630287125,-1.2484504999999986,0 days 15:45:00
15m,DEVELOPMENT,43,CLOSED,BTCUSDT,LONG,2024-01-26 02:00:00+00:00,2024-01-26 02:15:00+00:00,40062.23,40082.261115,2024-01-26 11:00:00+00:00,40883.9063373,40863.46438413135,0.0004210157964221523,16.87526508573239,0.1687526508573239,39681.438503850004,40883.9063373,TP,0.3459387175495963,0.01687526508573239,0.01720416400225332,0.008433415834947859,0.008606385193723856,0.017039801028671715,0.29481948743293884,1.7470510000000015,0 days 08:45:00
15m,DEVELOPMENT,44,CLOSED,BTCUSDT,LONG,2024-01-26 11:00:00+00:00,2024-01-26 11:15:00+00:00,40814.87,40835.277435,2024-01-26 16:00:00+00:00,41651.98298370001,41631.15699220816,0.0004204646356458104,17.16979004820286,0.1716979004820286,40426.92466065,41651.98298370001,TP,0.3519764056857996,0.01716979004820286,0.017504429256242335,0.008580604721740975,0.0087565929245815,0.017337197646322473,0.2999649887350319,1.7470510000000197,0 days 04:45:00
15m,DEVELOPMENT,45,CLOSED,BTCUSDT,LONG,2024-01-26 16:00:00+00:00,2024-01-26 16:15:00+00:00,41639.63,41660.44981499999,2024-01-28 04:30:00+00:00,42493.658811299996,42472.41198189435,0.000419329494741186,17.469455371614483,0.17469455371614484,41243.84531684999,42493.658811299996,TP,0.3581194699368441,0.017469455371614484,0.017809935056807252,0.008730362504552988,0.0089094222395214,0.017639784744074388,0.30520029476434807,1.7470510000000201,1 days 12:15:00
15m,DEVELOPMENT,46,CLOSED,BTCUSDT,LONG,2024-01-28 04:30:00+00:00,2024-01-28 04:45:00+00:00,42528.0,42549.263999999996,2024-01-28 17:30:00+00:00,42123.77136,42102.70947432,0.00041773579846127233,17.774350770979467,0.17774350770979466,42123.77136,43400.249279999996,SL,-0.1688607736913147,0.01777435077097947,0.01758780895963804,0.008882734018478647,0.008798303631634525,0.017681037650113172,-0.22190397107204538,-1.2484504999999908,0 days 12:45:00
15m,DEVELOPMENT,47,CLOSED,BTCUSDT,LONG,2024-01-29 03:00:00+00:00,2024-01-29 03:15:00+00:00,42345.24,42366.412619999996,2024-01-29 13:45:00+00:00,41942.7484938,41921.7771195531,0.00041430622506636504,17.552668482196207,0.17552668482196207,41942.7484938,43213.7408724,SL,-0.16675473655499745,0.017552668482196207,0.01736845322647556,0.008771948266963607,0.00868857089868535,0.017460519165648957,-0.21913637742931819,-1.2484504999999841,0 days 10:30:00
15m,DEVELOPMENT,48,CLOSED,BTCUSDT,LONG,2024-01-29 16:00:00+00:00,2024-01-29 16:15:00+00:00,42563.59,42584.87179499999,2024-01-30 01:15:00+00:00,43436.56923089999,43414.85094628455,0.0004070401128755321,17.33375102222686,0.1733375102222686,42159.02307704999,43436.56923089999,TP,0.3553375646835299,0.01733375102222686,0.017671585829650064,0.008662544238992032,0.008840213021334262,0.017502757260326296,0.3028294705713267,1.7470510000000123,0 days 09:00:00
15m,DEVELOPMENT,49,CLOSED,BTCUSDT,LONG,2024-01-30 01:15:00+00:00,2024-01-30 01:30:00+00:00,43450.0,43471.725,2024-01-30 23:15:00+00:00,43037.00775,43015.489246125,0.00040569537937255905,17.63627796585456,0.1763627796585456,43037.00775,44341.1595,SL,-0.16754904754167796,0.017636277965854562,0.01745118522860292,0.008813732116868256,0.008729957593097486,0.01754368970996574,-0.22018020044610118,-1.2484505000000006,0 days 21:45:00
15m,DEVELOPMENT,50,CLOSED,BTCUSDT,LONG,2024-01-31 16:00:00+00:00,2024-01-31 16:15:00+00:00,43508.88,43530.634439999994,2024-01-31 19:30:00+00:00,43095.328095599994,43073.78043155219,0.00040009335838314675,17.416317725648668,0.17416317725648667,43095.328095599994,44401.247128799994,SL,-0.16545937029714322,0.017416317725648667,0.017233533471117987,0.008703806959343453,0.008621077274196465,0.01732488423353992,-0.2174341057274498,-1.2484505000000024,0 days 03:15:00
15m,DEVELOPMENT,51,CLOSED,BTCUSDT,LONG,2024-02-01 15:00:00+00:00,2024-02-01 15:15:00+00:00,42787.24,42808.63361999999,2024-02-01 16:30:00+00:00,42380.54728379999,42359.35701015809,0.00040176710589460914,17.19910083681006,0.1719910083681006,42380.54728379999,43664.8062924,SL,-0.16339575557609426,0.01719910083681006,0.017018596273527743,0.008595252792007131,0.008513554914220858,0.01710880770622799,-0.21472226039266004,-1.248450500000004,0 days 01:15:00
15m,DEVELOPMENT,52,CLOSED,BTCUSDT,LONG,2024-02-01 17:00:00+00:00,2024-02-01 17:15:00+00:00,42932.98,42954.44649,2024-02-04 22:30:00+00:00,42524.902025100004,42503.63957408746,0.0003954094272434436,16.984593084170047,0.16984593084170047,42524.902025100004,43813.535419800006,SL,-0.16135787832587312,0.01698459308417005,0.016806339779751687,0.008488052515826669,0.008407373576662623,0.016895426092489292,-0.21204423728228414,-1.2484504999999868,3 days 05:15:00
15m,DEVELOPMENT,53,CLOSED,BTCUSDT,LONG,2024-02-05 07:15:00+00:00,2024-02-05 07:30:00+00:00,42909.5,42930.95475,2024-02-05 16:15:00+00:00,42501.645202499996,42480.394379898746,0.00039069153660722266,16.772760679292645,0.16772760679292645,42501.645202499996,43789.573845,SL,-0.1593454175479041,0.016772760679292644,0.016596730555963467,0.008382189245022697,0.008302516536250073,0.01668470578127277,-0.209399614564433,-1.2484505000000035,0 days 08:45:00
15m,DEVELOPMENT,54,CLOSED,BTCUSDT,LONG,2024-02-06 07:00:00+00:00,2024-02-06 07:15:00+00:00,42809.19,42830.594595,2024-02-07 17:30:00+00:00,43687.2064869,43665.362883656555,0.000386722865086864,16.563570255152353,0.16563570255152354,42402.28864905,43687.2064869,TP,0.339549051407471,0.016563570255152354,0.016886394239425274,0.008277646304423953,0.008447420830126706,0.01672506713455066,0.2893740197783427,1.7470510000000057,1 days 10:15:00
15m,DEVELOPMENT,55,CLOSED,BTCUSDT,LONG,2024-02-07 17:30:00+00:00,2024-02-07 17:45:00+00:00,43460.28,43482.01014,2024-02-07 21:30:00+00:00,44351.6503428,44329.4745176286,0.0003875776473013778,16.852655189995854,0.16852655189995855,43047.1900386,44351.6503428,TP,0.34547522033664696,0.016852655189995853,0.01718111343964887,0.008422116536729432,0.008594854146897177,0.01701697068362661,0.2944244810233756,1.7470510000000066,0 days 03:45:00
15m,DEVELOPMENT,56,CLOSED,BTCUSDT,LONG,2024-02-07 21:30:00+00:00,2024-02-07 21:45:00+00:00,44247.82,44269.943909999995,2024-02-08 14:00:00+00:00,45155.342788199996,45132.7651168059,0.00038732340785268816,17.146785540668557,0.17146785540668558,43827.2444709,45155.342788199996,TP,0.3515048190295959,0.017146785540668556,0.01748097639085619,0.00856910821622415,0.008744860625738668,0.017313968841962818,0.29956308825610833,1.7470510000000168,0 days 16:15:00
15m,DEVELOPMENT,57,CLOSED,BTCUSDT,LONG,2024-02-08 14:00:00+00:00,2024-02-08 14:15:00+00:00,45182.0,45204.591,2024-02-09 02:45:00+00:00,46108.68282,46085.628478590006,0.00038593534371542554,17.446049365100233,0.17446049365100233,44752.54509,46108.68282,TP,0.3576396526518805,0.017446049365100233,0.01778607286722604,0.008718665349875313,0.008897485176199453,0.017616150526074764,0.30479137989347943,1.7470510000000123,0 days 12:30:00
15m,DEVELOPMENT,58,CLOSED,BTCUSDT,LONG,2024-02-09 02:45:00+00:00,2024-02-09 03:00:00+00:00,46285.22,46308.36261,2024-02-09 11:45:00+00:00,47234.5298622,47210.9125972689,0.000383311679741136,17.750536258100716,0.17750536258100716,45845.278983899996,47234.5298622,TP,0.3638815578747069,0.017750536258100715,0.018096494209771097,0.008870832712692222,0.00905277349163039,0.01792360620432261,0.31011092120251244,1.7470510000000072,0 days 08:45:00
15m,DEVELOPMENT,59,CLOSED,BTCUSDT,LONG,2024-02-09 11:45:00+00:00,2024-02-09 12:00:00+00:00,47180.01,47203.600005,2024-02-09 14:15:00+00:00,46731.56400495,46708.198222947525,0.00038260508470265234,18.060337378183146,0.18060337378183147,46731.56400495,48147.6720051,SL,-0.1715777179206713,0.018060337378183147,0.017870794137399112,0.009025655861160303,0.008939867002200499,0.017965522863360804,-0.22547437229961437,-1.2484505,0 days 02:15:00
15m,DEVELOPMENT,60,CLOSED,BTCUSDT,LONG,2024-02-09 17:15:00+00:00,2024-02-09 17:30:00+00:00,47589.43,47613.224715,2024-02-09 22:30:00+00:00,47137.092467849994,47113.52392161607,0.00037458265769148736,17.83508825500671,0.1783508825500671,47137.092467849994,48565.489209299994,SL,-0.1694377949663579,0.01783508825500671,0.01764790900377041,0.008913087583710136,0.008828368686228051,0.017741456269938186,-0.22266224849507324,-1.248450500000004,0 days 05:00:00
15m,DEVELOPMENT,61,CLOSED,BTCUSDT,LONG,2024-02-10 01:30:00+00:00,2024-02-10 01:45:00+00:00,47324.17,47347.832084999995,2024-02-10 10:45:00+00:00,46874.35376414999,46850.91658726792,0.0003719842634970417,17.61264844632032,0.17612648446320323,46874.35376414999,48294.7887267,SL,-0.16732456120167566,0.017612648446320323,0.017427803700876193,0.00880192326152802,0.008718260980927098,0.01752018424245512,-0.2198851975913273,-1.2484504999999944,0 days 09:00:00
15m,DEVELOPMENT,62,CLOSED,BTCUSDT,LONG,2024-02-10 18:15:00+00:00,2024-02-10 18:30:00+00:00,47260.47,47284.100235,2024-02-11 03:30:00+00:00,48229.7822397,48205.66734858015,0.00036783998908340563,17.392982914261058,0.17392982914261057,46811.259232649994,48229.7822397,TP,0.3565518036696584,0.017392982914261057,0.017731972151260007,0.00869214538443717,0.008870421286272042,0.017562566670709212,0.3038642819334281,1.7470510000000068,0 days 09:00:00
15m,DEVELOPMENT,63,CLOSED,BTCUSDT,LONG,2024-02-11 03:30:00+00:00,2024-02-11 03:45:00+00:00,48272.69,48296.826345,2024-02-12 06:45:00+00:00,47813.85808155,47789.95115250923,0.00036641214288204126,17.696543635473276,0.17696543635473277,47813.85808155,49262.7628719,SL,-0.16812158646194236,0.017696543635473277,0.017510818410018985,0.008843849892789869,0.008759789099557989,0.017603638992347858,-0.22093258749978248,-1.2484504999999897,1 days 03:00:00
15m,DEVELOPMENT,64,CLOSED,BTCUSDT,LONG,2024-02-12 14:45:00+00:00,2024-02-12 15:00:00+00:00,48797.99,48822.388994999994,2024-02-12 15:45:00+00:00,49798.836774899995,49773.93735651255,0.000357947083696352,17.475831759849118,0.1747583175984912,48334.16510504999,49798.836774899995,TP,0.35825018430235334,0.01747583175984912,0.017816435720848577,0.008733549105370414,0.008912674197521484,0.017646223302891898,0.30531169351876375,1.7470510000000121,0 days 00:45:00
15m,DEVELOPMENT,65,CLOSED,BTCUSDT,LONG,2024-02-12 15:45:00+00:00,2024-02-12 16:00:00+00:00,49917.8,49942.7589,2024-02-12 16:15:00+00:00,49443.331311,49418.609645344506,0.0003560243534459817,17.78083844668105,0.1778083844668105,49443.331311,50941.614078,SL,-0.168922408231588,0.01778083844668105,0.017594228547183132,0.008885976235222134,0.008801515031105552,0.017687491266327685,-0.22198496649177984,-1.248450499999989,0 days 00:15:00
15m,DEVELOPMENT,66,CLOSED,BTCUSDT,LONG,2024-02-12 17:15:00+00:00,2024-02-12 17:30:00+00:00,50046.77,50071.793385,2024-02-12 19:45:00+00:00,49571.07545115,49546.28991342443,0.0003506779776865897,17.55907524339256,0.1755907524339256,49571.07545115,51073.229252699995,SL,-0.16681560238725218,0.01755907524339256,0.017374792748713154,0.00877515004667309,0.008691742245477268,0.017466892292150357,-0.21921636267150826,-1.2484504999999864,0 days 02:15:00
15m,DEVELOPMENT,67,CLOSED,BTCUSDT,LONG,2024-02-12 20:30:00+00:00,2024-02-12 20:45:00+00:00,49986.44,50011.43322,2024-02-13 13:30:00+00:00,49511.3188878,49486.563228356106,0.00034672227452085716,17.340077878086355,0.17340077878086355,49511.3188878,51011.6618844,SL,-0.16473507269486415,0.017340077878086356,0.01715809376075584,0.008665706085999017,0.008583338549650602,0.01724904463564962,-0.21648228896935598,-1.2484504999999855,0 days 16:45:00
15m,DEVELOPMENT,68,CLOSED,BTCUSDT,LONG,2024-02-13 23:30:00+00:00,2024-02-13 23:45:00+00:00,49608.11,49632.914055,2024-02-14 08:45:00+00:00,50625.572336100005,50600.25954993196,0.00034500919764985874,17.123811855139948,0.17123811855139948,49136.58491445,50625.572336100005,TP,0.3510338642168136,0.017123811855139948,0.01745755494819663,0.008557627114013144,0.008733144046120597,0.017290771160133743,0.2991617262533433,1.7470510000000135,0 days 09:00:00
15m,DEVELOPMENT,69,CLOSED,BTCUSDT,LONG,2024-02-14 08:45:00+00:00,2024-02-14 09:00:00+00:00,50758.0,50783.379,2024-02-14 12:00:00+00:00,51799.04658,51773.147056710004,0.00034307828784945366,17.4226747185299,0.174226747185299,50275.545210000004,51799.04658,TP,0.35716047823792996,0.0174226747185299,0.01776224264879405,0.008706983867331564,0.008885564106449525,0.01759254797378109,0.30438301289682496,1.7470510000000066,0 days 03:00:00
15m,DEVELOPMENT,70,CLOSED,BTCUSDT,LONG,2024-02-14 12:00:00+00:00,2024-02-14 12:15:00+00:00,51463.32,51489.05166,2024-02-15 14:30:00+00:00,52518.8326932,52492.5732768534,0.00034428199939568995,17.726753652492768,0.1772675365249277,50974.16114339999,52518.8326932,TP,0.36339402040242497,0.01772675365249277,0.018072248081179854,0.008858947352569289,0.009040644362770727,0.017899591715340016,0.3096954269534123,1.7470510000000048,1 days 02:15:00
15m,DEVELOPMENT,71,CLOSED,BTCUSDT,LONG,2024-02-15 14:30:00+00:00,2024-02-15 14:45:00+00:00,52595.01,52621.307505,2024-02-15 15:30:00+00:00,52095.09442995,52069.04688273503,0.00034275354506711,18.03613969340527,0.1803613969340527,52095.09442995,53673.7336551,SL,-0.17134783386888439,0.01803613969340527,0.017846850407322982,0.009013563065168336,0.008927889148233933,0.01794145221340227,-0.22517227618301489,-1.2484504999999906,0 days 00:45:00
15m,DEVELOPMENT,72,CLOSED,BTCUSDT,LONG,2024-02-16 02:45:00+00:00,2024-02-16 03:00:00+00:00,52168.14,52194.22407,2024-02-16 09:00:00+00:00,51672.281829299995,51646.44568838535,0.00034124834082529377,17.81119236455111,0.17811192364551112,51672.281829299995,53238.1085514,SL,-0.16921077803604195,0.01781119236455111,0.017624263900685146,0.008901145609469849,0.008816540220451268,0.017717685829921115,-0.22236392013119932,-1.2484504999999952,0 days 06:00:00
15m,DEVELOPMENT,73,CLOSED,BTCUSDT,LONG,2024-02-16 11:00:00+00:00,2024-02-16 11:15:00+00:00,52244.61,52270.732305,2024-02-16 15:00:00+00:00,51748.024981949995,51722.15096945902,0.0003364990274780553,17.589050586198265,0.17589050586198265,51748.024981949995,53316.146951099996,SL,-0.1671003756339994,0.017589050586198265,0.017404453500296114,0.008790130227984179,0.008706580040167996,0.017496710268152173,-0.219590589988646,-1.2484505000000048,0 days 03:45:00
15m,DEVELOPMENT,74,CLOSED,BTCUSDT,LONG,2024-02-18 08:45:00+00:00,2024-02-18 09:00:00+00:00,51790.0,51815.895,2024-02-20 13:30:00+00:00,52852.2129,52825.78679355,0.00033521913241927774,17.36967936742839,0.1736967936742839,51297.73605,52852.2129,TP,0.3560740867825646,0.01736967936742839,0.017708214418299572,0.008680499433996123,0.008858536477386847,0.01753903591138297,0.3034571570854536,1.747051000000013,2 days 04:30:00
15m,DEVELOPMENT,75,CLOSED,BTCUSDT,LONG,2024-02-20 13:30:00+00:00,2024-02-20 13:45:00+00:00,52874.68,52901.11734,2024-02-20 14:00:00+00:00,52372.106166599995,52345.920113516695,0.0003340729697054593,17.672833370510766,0.17672833370510765,52372.106166599995,53959.1396868,SL,-0.1678963330201965,0.017672833370510767,0.017487356984287255,0.008832000684911847,0.008748052518402853,0.0175800532033147,-0.2206365765783092,-1.248450500000004,0 days 00:15:00
15m,DEVELOPMENT,76,CLOSED,BTCUSDT,LONG,2024-02-20 22:30:00+00:00,2024-02-20 22:45:00+00:00,52257.72,52283.84886,2024-02-21 06:00:00+00:00,51761.0103714,51735.1298662143,0.0003338013094029298,17.45241721009288,0.1745241721009288,51761.0103714,53329.5258372,SL,-0.16580232441972345,0.01745241721009288,0.017269254091472955,0.008721847681204861,0.008638946518995303,0.017360794200200164,-0.21788478992148944,-1.2484504999999932,0 days 07:15:00
15m,DEVELOPMENT,77,CLOSED,BTCUSDT,LONG,2024-02-21 23:00:00+00:00,2024-02-21 23:15:00+00:00,51624.85,51650.662424999995,2024-02-22 13:15:00+00:00,51134.15580074999,51108.58872284962,0.00033367916843893584,17.234750087294188,0.17234750087294187,51134.15580074999,52683.675673499994,SL,-0.1637344323635518,0.01723475008729419,0.01705387138512804,0.00861306850939121,0.008531201293209072,0.01714426980260028,-0.21516732363857433,-1.2484504999999977,0 days 14:00:00
15m,DEVELOPMENT,78,CLOSED,BTCUSDT,LONG,2024-02-22 20:15:00+00:00,2024-02-22 20:30:00+00:00,51915.2,51941.15759999999,2024-02-22 22:15:00+00:00,51421.74602399999,51396.035150988,0.00032767459376043803,17.019797716026886,0.17019797716026885,51421.74602399999,52979.98075199999,SL,-0.16169233112527437,0.017019797716026887,0.016841174938997186,0.008505646034994069,0.008424799869431477,0.016930445904425544,-0.21248374968472394,-1.2484504999999866,0 days 01:45:00
15m,DEVELOPMENT,79,CLOSED,BTCUSDT,LONG,2024-02-24 07:45:00+00:00,2024-02-24 08:00:00+00:00,51068.7,51094.23434999999,2024-02-26 15:15:00+00:00,52116.11903699999,52090.060977481495,0.0003289515236237291,16.807526237820372,0.16807526237820372,50583.29200649999,52116.11903699999,TP,0.34455008809364657,0.016807526237820374,0.017135104924195493,0.00839956333723974,0.008571838381286648,0.016971401718526388,0.29363605521310426,1.7470510000000063,2 days 07:15:00
15m,DEVELOPMENT,80,CLOSED,BTCUSDT,LONG,2024-02-26 15:15:00+00:00,2024-02-26 15:30:00+00:00,52350.77,52376.94538499999,2024-02-26 16:00:00+00:00,53424.48429269999,53397.77205055364,0.0003264961105429111,17.100868950320976,0.17100868950320977,51853.17593114999,53424.48429269999,TP,0.35056354040088117,0.017100868950320976,0.01743416488616273,0.008546161394461627,0.00872144316466371,0.017267604559125335,0.2987609020052721,1.747051,0 days 00:30:00
15m,DEVELOPMENT,81,CLOSED,BTCUSDT,LONG,2024-02-26 16:00:00+00:00,2024-02-26 16:15:00+00:00,53509.44,53536.19472,2024-02-26 20:00:00+00:00,54606.9186144,54579.615155092804,0.0003250012721465737,17.399331389886683,0.17399331389886682,53000.8327728,54606.9186144,TP,0.35668194583365753,0.017399331389886682,0.017738444358675578,0.008695318035924462,0.008873659008840065,0.017568977044764525,0.30397519304033077,1.747051000000009,0 days 03:45:00
15m,DEVELOPMENT,82,CLOSED,BTCUSDT,LONG,2024-02-26 20:00:00+00:00,2024-02-26 20:15:00+00:00,54547.59,54574.86379499999,2024-02-27 01:45:00+00:00,55666.36107089999,55638.527890364545,0.0003243801574641292,17.7030029114055,0.177030029114055,54029.11515704999,55666.36107089999,TP,0.36290713614485276,0.0177030029114055,0.018048034438148793,0.008847077916742335,0.009028531484815652,0.01787560940155799,0.3092804893937405,1.747051000000009,0 days 05:30:00
15m,DEVELOPMENT,83,CLOSED,BTCUSDT,LONG,2024-02-27 01:45:00+00:00,2024-02-27 02:00:00+00:00,55768.41,55796.294205,2024-02-27 02:00:00+00:00,56912.220089099996,56883.763979055446,0.0003228166796006908,18.011974429281366,0.18011974429281366,55238.33126295,56912.220089099996,TP,0.36924097505702974,0.018011974429281367,0.018363027810908056,0.009001486471403313,0.009186106958933451,0.018187593430336765,0.3146783793865036,1.7470509999999957,0 days 00:00:00
15m,DEVELOPMENT,84,CLOSED,BTCUSDT,LONG,2024-02-27 02:00:00+00:00,2024-02-27 02:15:00+00:00,56355.13,56383.307564999996,2024-02-27 03:45:00+00:00,55819.474489349996,55791.564752105325,0.00032503127673958235,18.3263384446525,0.18326338444652499,55819.474489349996,57510.973716299995,SL,-0.17410479451916305,0.0183263384446525,0.018134003522675878,0.009158589927361965,0.009071537530101492,0.018230127457463455,-0.22879526394395489,-1.2484504999999921,0 days 01:30:00
15m,DEVELOPMENT,85,CLOSED,BTCUSDT,LONG,2024-02-27 06:00:00+00:00,2024-02-27 06:15:00+00:00,56187.76,56215.85388,2024-02-27 12:30:00+00:00,57340.17095760001,57311.50087212121,0.0003219335916525937,18.097771747405798,0.18097771747405797,55653.6953412,57340.17095760001,TP,0.3709997986399744,0.0180977717474058,0.018450497318762738,0.009044363691857083,0.009229863591176824,0.018274227283033906,0.31617730229077196,1.7470510000000083,0 days 06:15:00
15m,DEVELOPMENT,86,CLOSED,BTCUSDT,LONG,2024-02-27 12:30:00+00:00,2024-02-27 12:45:00+00:00,57383.87,57412.561935,2024-02-27 12:45:00+00:00,56838.43631565,56810.01709749218,0.0003207248129617145,18.413633188255723,0.18413633188255724,56838.43631565,58560.8131737,SL,-0.17493411639617445,0.018413633188255722,0.018220382107944983,0.009202215486383156,0.009114748428184417,0.018316963914567573,-0.22988509560694276,-1.2484504999999904,0 days 00:00:00
15m,DEVELOPMENT,87,CLOSED,BTCUSDT,LONG,2024-02-27 12:45:00+00:00,2024-02-27 13:00:00+00:00,56786.96,56815.35348,2024-02-27 16:00:00+00:00,56247.199945199995,56219.0763452274,0.000320053940252084,18.18397774808895,0.1818397774808895,56247.199945199995,57951.6605496,SL,-0.17275233232942225,0.01818397774808895,0.01799313690162276,0.009087445151468363,0.009001068985303305,0.01808851413677167,-0.2270179611159056,-1.2484505000000021,0 days 03:00:00
15m,DEVELOPMENT,88,CLOSED,BTCUSDT,LONG,2024-02-27 19:30:00+00:00,2024-02-27 19:45:00+00:00,57265.99,57294.622995,2024-02-27 20:45:00+00:00,56721.67676505,56693.31592666748,0.0003134183565482242,17.957186578142995,0.17957186578142995,56721.67676505,58440.5154549,SL,-0.17059775954547676,0.017957186578142995,0.017768725905005386,0.0089741062359535,0.008888807356179038,0.01786291359213254,-0.2241865856207577,-1.2484504999999921,0 days 01:00:00
15m,DEVELOPMENT,89,CLOSED,BTCUSDT,LONG,2024-02-27 22:15:00+00:00,2024-02-27 22:30:00+00:00,56889.53,56917.974765,2024-02-28 07:45:00+00:00,58056.3342603,58027.30609316985,0.00031155753570574605,17.733223955145238,0.1773322395514524,56348.79501735,58056.3342603,TP,0.3635266599900337,0.01773322395514524,0.01807884449003102,0.008862180887129114,0.009043944217123788,0.0179061251042529,0.3098084664406045,1.7470510000000004,0 days 09:15:00
15m,DEVELOPMENT,90,CLOSED,BTCUSDT,LONG,2024-02-28 07:45:00+00:00,2024-02-28 08:00:00+00:00,58241.09,58270.210544999994,2024-02-28 08:45:00+00:00,59435.614755899995,59405.89694852205,0.00030963888329671685,18.042722922618374,0.18042722922618373,57687.508439549994,59435.614755899995,TP,0.3698713114871587,0.018042722922618375,0.01839437559238021,0.009016853034791156,0.009201788690533279,0.018218641725324433,0.3152155712468357,1.7470510000000121,0 days 00:45:00
15m,DEVELOPMENT,91,CLOSED,BTCUSDT,LONG,2024-02-28 08:45:00+00:00,2024-02-28 09:00:00+00:00,59448.42,59478.14421,2024-02-28 09:15:00+00:00,58883.3627679,58853.92108651605,0.000308644861688677,18.357623593194635,0.18357623593194636,58883.3627679,60667.7070942,SL,-0.17440201124769117,0.018357623593194636,0.01816496033358406,0.009174224684255286,0.009087023678631002,0.018261248362886288,-0.22918584353735616,-1.2484504999999988,0 days 00:15:00
15m,DEVELOPMENT,92,CLOSED,BTCUSDT,LONG,2024-02-28 11:15:00+00:00,2024-02-28 11:30:00+00:00,59369.01,59398.694505,2024-02-28 11:45:00+00:00,58804.70755995,58775.30520617003,0.0003052031169644295,18.12866670654393,0.18128666706543933,58804.70755995,60586.6683951,SL,-0.17222686361389308,0.018128666706543933,0.017938406349458754,0.009059803451545412,0.008973690019738653,0.018033493471284065,-0.22632743014117981,-1.248450499999992,0 days 00:15:00
15m,DEVELOPMENT,93,CLOSED,BTCUSDT,LONG,2024-02-28 13:00:00+00:00,2024-02-28 13:15:00+00:00,59801.13,59831.030564999994,2024-02-28 14:45:00+00:00,61027.651176299994,60997.13735071185,0.00029921873664339355,17.902565377731563,0.17902565377731564,59232.72025934999,61027.651176299994,TP,0.3669981168388541,0.017902565377731564,0.018251486376943554,0.008946809284222557,0.009130308342642073,0.01807711762686463,0.3127669474573143,1.747051000000007,0 days 01:30:00
15m,DEVELOPMENT,94,CLOSED,BTCUSDT,LONG,2024-02-28 14:45:00+00:00,2024-02-28 15:00:00+00:00,60971.11,61001.595555,2024-02-28 16:45:00+00:00,62221.6274661,62190.516652366954,0.0002985990727779074,18.215019870695915,0.18215019870695914,60391.57959945,62221.6274661,TP,0.3734033558700377,0.018215019870695917,0.018570030607975782,0.009102958456119687,0.009289660134053359,0.018392618590173045,0.31822568680119295,1.747051000000007,0 days 01:45:00
15m,DEVELOPMENT,95,CLOSED,BTCUSDT,LONG,2024-02-28 16:45:00+00:00,2024-02-28 17:00:00+00:00,62412.0,62443.206,2024-02-28 17:00:00+00:00,63692.07012,63660.22408494,0.00029679654260093705,18.532927649718086,0.18532927649718087,61818.77394,63692.07012,TP,0.3799203859027656,0.018532927649718086,0.01889413440961109,0.00926183290840434,0.00945179310135618,0.018713626009760523,0.32377969783367594,1.747050999999998,0 days 00:00:00
15m,DEVELOPMENT,96,CLOSED,BTCUSDT,LONG,2024-02-28 17:00:00+00:00,2024-02-28 17:15:00+00:00,63690.12,63721.96506,2024-02-28 17:15:00+00:00,63084.7454094,63053.203036695304,0.00029591654735624016,18.85638389131017,0.1885638389131017,63084.7454094,64996.4043612,SL,-0.17914035870755057,0.01885638389131017,0.018658486142370874,0.009423480205552205,0.009333910026196927,0.018757390231749133,-0.23541261897298074,-1.2484504999999972,0 days 00:00:00
15m,DEVELOPMENT,97,CLOSED,BTCUSDT,LONG,2024-02-28 17:15:00+00:00,2024-02-28 17:30:00+00:00,61790.48,61821.37524,2024-02-28 17:30:00+00:00,61203.1614876,61172.55990685621,0.0003012098384658763,18.621206449778725,0.18621206449778727,61203.1614876,63057.8027448,SL,-0.17690611424802308,0.018621206449778726,0.018425776888088302,0.009305950249763882,0.00921749719263876,0.01852344744240264,-0.23247654502829274,-1.248450499999989,0 days 00:00:00
15m,DEVELOPMENT,98,CLOSED,BTCUSDT,LONG,2024-02-28 22:00:00+00:00,2024-02-28 22:15:00+00:00,61105.98,61136.53299,2024-02-28 23:15:00+00:00,62359.2636498,62328.0840179751,0.0003007851647730665,18.388962149051164,0.18388962149051163,60525.1676601,62359.2636498,TP,0.376969129112482,0.018388962149051166,0.018747363021336175,0.009189886131458798,0.009378370696014953,0.01856825682747375,0.3212645471146209,1.7470510000000057,0 days 01:00:00
15m,DEVELOPMENT,99,CLOSED,BTCUSDT,LONG,2024-02-28 23:15:00+00:00,2024-02-28 23:30:00+00:00,62331.0,62362.165499999996,2024-02-29 00:00:00+00:00,61738.54384499999,61707.67457307749,0.0003000201420613317,18.709905752562275,0.18709905752562275,61738.54384499999,63609.40880999999,SL,-0.1777487797882125,0.018709905752562275,0.018513545291689134,0.009350277737411088,0.009261403347518342,0.01861168108492943,-0.2335839119173933,-1.2484505000000043,0 days 00:30:00
15m,DEVELOPMENT,100,CLOSED,BTCUSDT,LONG,2024-02-29 02:45:00+00:00,2024-02-29 03:00:00+00:00,61740.3,61771.17015,2024-02-29 03:30:00+00:00,61153.458448499994,61122.88171927575,0.0002991129218750317,18.476555191206238,0.18476555191206237,61153.458448499994,63006.593553,SL,-0.1755318911468445,0.018476555191206237,0.018282643744474532,0.009233660765219072,0.0091458948196457,0.018379555584864773,-0.23067064566739004,-1.248450499999999,0 days 00:30:00
15m,DEVELOPMENT,101,CLOSED,BTCUSDT,LONG,2024-02-29 04:30:00+00:00,2024-02-29 04:45:00+00:00,62144.22,62175.292109999995,2024-02-29 06:15:00+00:00,63418.797952199995,63387.0885532239,0.00029346247305864594,18.246114985744317,0.18246114985744316,61553.539188899995,63418.797952199995,TP,0.3740407979586348,0.018246114985744317,0.018601731766816475,0.009118498243748434,0.009305518642728978,0.018424016886477414,0.31876893431959663,1.747051000000004,0 days 01:30:00
15m,DEVELOPMENT,102,CLOSED,BTCUSDT,LONG,2024-02-29 06:15:00+00:00,2024-02-29 06:30:00+00:00,63141.1,63172.670549999995,2024-02-29 08:15:00+00:00,62540.9438445,62509.67337257775,0.00029387020222433955,18.564565469580078,0.18564565469580077,62540.9438445,64436.123961,SL,-0.17636801078296738,0.018564565469580078,0.018369730354976837,0.009277643912832662,0.009189459907440856,0.018467103820273518,-0.2317694104277978,-1.2484504999999892,0 days 01:45:00
15m,DEVELOPMENT,103,CLOSED,BTCUSDT,LONG,2024-02-29 11:00:00+00:00,2024-02-29 11:15:00+00:00,62901.11,62932.560555,2024-02-29 12:00:00+00:00,62303.234949449994,62272.08333197527,0.0002913122783396468,18.333027597024834,0.18333027597024834,62303.234949449994,64191.211766099994,SL,-0.1741683431381539,0.018333027597024834,0.01814062247239406,0.009161932832095147,0.009074848660526718,0.018236781492621867,-0.2288787747001947,-1.2484505000000008,0 days 00:45:00
15m,DEVELOPMENT,104,CLOSED,BTCUSDT,LONG,2024-02-29 14:00:00+00:00,2024-02-29 14:15:00+00:00,63109.47,63141.024735,2024-02-29 16:15:00+00:00,62509.61448765,62478.359680406174,0.0002867292310891765,18.104377472449222,0.18104377472449223,62509.61448765,64403.8452297,SL,-0.17199610982072083,0.018104377472449223,0.017914372030875873,0.00904766490377212,0.008961666848861547,0.018009331752633667,-0.2260241910766796,-1.2484504999999995,0 days 02:00:00
15m,DEVELOPMENT,105,CLOSED,BTCUSDT,LONG,2024-03-01 08:30:00+00:00,2024-03-01 08:45:00+00:00,62153.46,62184.53672999999,2024-03-01 14:30:00+00:00,61562.69136269999,61531.91001701864,0.00028750843891291677,17.87857907976523,0.1787857907976523,61562.69136269999,63428.22746459999,SL,-0.16985096866883717,0.01787857907976523,0.017690943392323095,0.008934822128816312,0.008849896644482514,0.017784718773298826,-0.22320520991422432,-1.2484504999999995,0 days 05:45:00
15m,DEVELOPMENT,106,CLOSED,BTCUSDT,LONG,2024-03-01 18:15:00+00:00,2024-03-01 18:30:00+00:00,62240.3,62271.42015,2024-03-02 09:30:00+00:00,61648.7059485,61617.88159552575,0.00028352648469473995,17.655596852078695,0.17655596852078695,61648.7059485,63516.848552999996,SL,-0.16773258178811504,0.017655596852078695,0.01747030136311613,0.008823386732671648,0.008739520441778025,0.017562907174449673,-0.22042138717775953,-1.2484504999999932,0 days 15:00:00
15m,DEVELOPMENT,107,CLOSED,BTCUSDT,LONG,2024-03-03 04:15:00+00:00,2024-03-03 04:30:00+00:00,62090.79,62121.835394999995,2024-03-03 07:15:00+00:00,61500.61704104999,61469.86673252947,0.0002806645289087878,17.435395666086933,0.17435395666086934,61500.61704104999,63364.272102899995,SL,-0.16564061549840992,0.017435395666086935,0.017252411188571348,0.008713341162460477,0.008630520854712867,0.017343862017173344,-0.21767228437024155,-1.2484505000000052,0 days 02:45:00
15m,DEVELOPMENT,108,CLOSED,BTCUSDT,LONG,2024-03-03 12:15:00+00:00,2024-03-03 12:30:00+00:00,62568.01,62599.294004999996,2024-03-03 13:15:00+00:00,61973.30106494999,61942.314414417524,0.00027505008020012144,17.21794083654623,0.1721794083654623,61973.30106494999,63851.2798851,SL,-0.16357474028123406,0.01721794083654623,0.01703723854746668,0.008604668084229368,0.008522880714088472,0.017127548798317842,-0.21495746846356484,-1.2484504999999957,0 days 00:45:00
15m,DEVELOPMENT,109,CLOSED,BTCUSDT,LONG,2024-03-03 16:00:00+00:00,2024-03-03 16:15:00+00:00,62282.46,62313.60122999999,2024-03-04 00:15:00+00:00,63559.873254599996,63528.0933179727,0.0002728649568502624,17.003198110808405,0.17003198110808407,61690.465217699995,63559.873254599996,TP,0.34856131259638123,0.017003198110808405,0.017334590441988065,0.008497350380212407,0.00867163103651111,0.017168981416723517,0.29705454262686126,1.747051000000011,0 days 08:00:00
15m,DEVELOPMENT,110,CLOSED,BTCUSDT,LONG,2024-03-04 00:15:00+00:00,2024-03-04 00:30:00+00:00,63740.38,63772.25018999999,2024-03-04 00:45:00+00:00,63134.52768809999,63102.96042425594,0.0002712771753248124,17.299955895650427,0.1729995589565043,63134.52768809999,65047.69519379999,SL,-0.1643539038362417,0.017299955895650428,0.017118392858525577,0.008645655120263504,0.00856347816834551,0.017209133288609013,-0.21598138587902674,-1.248450499999997,0 days 00:15:00
15m,DEVELOPMENT,111,CLOSED,BTCUSDT,LONG,2024-03-04 02:30:00+00:00,2024-03-04 02:45:00+00:00,63848.0,63879.924,2024-03-04 05:30:00+00:00,63241.12476,63209.50419762,0.0002674422448497538,17.084190275391666,0.17084190275391667,63241.12476,65157.52248,SL,-0.16230407652933343,0.017084190275391667,0.01690489169845143,0.008537826224583291,0.008456674186318304,0.016994500410901593,-0.21328765891407814,-1.248450499999997,0 days 02:45:00
15m,DEVELOPMENT,112,CLOSED,BTCUSDT,LONG,2024-03-04 07:15:00+00:00,2024-03-04 07:30:00+00:00,63750.0,63781.875,2024-03-04 08:30:00+00:00,65057.512500000004,65024.98374375001,0.0002645126956688231,16.871115691061917,0.16871115691061916,63144.05625,65057.512500000004,TP,0.34585365599568324,0.01687111569106192,0.017199933735880718,0.008431342174443737,0.008604269002440079,0.017035611176883816,0.2947469953918568,1.7470510000000157,0 days 01:00:00
15m,DEVELOPMENT,113,CLOSED,BTCUSDT,LONG,2024-03-04 08:30:00+00:00,2024-03-04 08:45:00+00:00,65456.7,65489.428349999995,2024-03-04 09:00:00+00:00,64834.5340665,64802.11679946675,0.0002621120487137513,17.165568233910925,0.17165568233910924,64834.5340665,66799.216917,SL,-0.16307718746958866,0.017165568233910924,0.016985415595296028,0.008578494869520071,0.008496956275785438,0.01707545114530551,-0.21430362244410112,-1.2484504999999941,0 days 00:15:00
15m,DEVELOPMENT,114,CLOSED,BTCUSDT,LONG,2024-03-04 11:45:00+00:00,2024-03-04 12:00:00+00:00,65229.99,65262.604994999994,2024-03-04 14:00:00+00:00,64609.978945049996,64577.67395557748,0.0002597425999513573,16.951478700999736,0.16951478700999736,64609.978945049996,66567.8570949,SL,-0.16104328341129745,0.016951478700999736,0.016773572932032747,0.00847150359869955,0.008390981956993332,0.016862485555692884,-0.2116308206000228,-1.2484504999999888,0 days 02:00:00
15m,DEVELOPMENT,115,CLOSED,BTCUSDT,LONG,2024-03-04 14:30:00+00:00,2024-03-04 14:45:00+00:00,66124.99,66158.052495,2024-03-04 17:30:00+00:00,67481.21354489999,67447.47293812754,0.0002530313192194718,16.740059299800915,0.16740059299800916,65496.47197005,67481.21354489999,TP,0.34316703272255183,0.016740059299800915,0.017066323055554035,0.00836584672653492,0.00853743024289883,0.01690327696943375,0.2924573733977631,1.7470509999999893,0 days 02:45:00
15m,DEVELOPMENT,116,CLOSED,BTCUSDT,LONG,2024-03-04 17:30:00+00:00,2024-03-04 17:45:00+00:00,67261.1,67294.73055000001,2024-03-04 18:00:00+00:00,66621.78324450001,66588.47235287777,0.000253098933137648,17.032224507990488,0.17032224507990487,66621.78324450001,68640.625161,SL,-0.1618103887540716,0.01703222450799049,0.016853471311779132,0.008511856325832751,0.008430951131452985,0.016942807457285734,-0.21263889203112699,-1.2484504999999837,0 days 00:15:00
15m,DEVELOPMENT,117,CLOSED,BTCUSDT,LONG,2024-03-04 20:30:00+00:00,2024-03-04 20:45:00+00:00,67474.03,67507.76701499999,2024-03-04 21:15:00+00:00,66832.68934484999,66799.27300017756,0.00024915352390025917,16.819798042424928,0.16819798042424927,66832.68934484999,68857.92235529999,SL,-0.1597922842511255,0.01681979804242493,0.016643274261969675,0.008405696173123789,0.008325800031000821,0.01673149620412461,-0.2099868527596447,-1.248450500000003,0 days 00:30:00
15m,DEVELOPMENT,118,CLOSED,BTCUSDT,LONG,2024-03-04 22:45:00+00:00,2024-03-04 23:00:00+00:00,67929.12,67963.08455999999,2024-03-05 04:45:00+00:00,67283.45371439999,67249.8119875428,0.00024439769139785155,16.61002096674097,0.16610020966740968,67283.45371439999,69322.34625119998,SL,-0.15779934961406683,0.016610020966740968,0.01643569879669502,0.008300860053342119,0.008221960378535991,0.01652282043187811,-0.20736788980938092,-1.2484504999999908,0 days 05:45:00
15m,DEVELOPMENT,119,CLOSED,BTCUSDT,LONG,2024-03-05 13:15:00+00:00,2024-03-05 13:30:00+00:00,67649.82,67683.64491,2024-03-05 15:30:00+00:00,67006.8084609,66973.30505666956,0.0002423459945083012,16.40286023766067,0.16402860237660669,67006.8084609,69037.31780820001,SL,-0.15583127092350288,0.016402860237660667,0.016230712219466422,0.008197331453102747,0.00811941581764128,0.016316747270744027,-0.204781590651374,-1.248450499999989,0 days 02:00:00
15m,DEVELOPMENT,120,CLOSED,BTCUSDT,LONG,2024-03-06 05:45:00+00:00,2024-03-06 06:00:00+00:00,66406.8,66440.0034,2024-03-06 06:15:00+00:00,65775.603366,65742.715564317,0.00024380316669313915,16.198283224022934,0.16198283224022933,65775.603366,67768.803468,SL,-0.1538877381752521,0.016198283224022933,0.01602828224158681,0.008095094064978613,0.008018150195890996,0.01611324426086961,-0.20222754790173142,-1.2484505000000061,0 days 00:15:00
15m,DEVELOPMENT,121,CLOSED,BTCUSDT,LONG,2024-03-06 07:45:00+00:00,2024-03-06 08:00:00+00:00,66676.46,66709.79823,2024-03-06 09:45:00+00:00,66042.7002477,66009.67889757616,0.0002397887285836509,15.996257701643586,0.15996257701643588,66042.7002477,68043.9941946,SL,-0.15196844523150663,0.015996257701643587,0.01582837697706484,0.007994131784927873,0.007918147562312804,0.015912279347240675,-0.19970535925745575,-1.2484504999999868,0 days 01:45:00
15m,DEVELOPMENT,122,CLOSED,BTCUSDT,LONG,2024-03-06 11:15:00+00:00,2024-03-06 11:30:00+00:00,67073.68,67107.21684,2024-03-06 12:30:00+00:00,66436.14467159999,66402.92659926419,0.00023539572332291548,15.796751848239534,0.15796751848239535,66436.14467159999,68449.3611768,SL,-0.15007308977263073,0.015796751848239535,0.015630964937592258,0.007894428709765042,0.007819392164879346,0.015713820874644388,-0.19721462743310691,-1.2484505000000077,0 days 01:00:00
15m,DEVELOPMENT,123,CLOSED,BTCUSDT,LONG,2024-03-06 14:00:00+00:00,2024-03-06 14:15:00+00:00,66853.69,66887.116845,2024-03-06 14:45:00+00:00,66218.24567655,66185.13655371172,0.00023322479685536595,15.59973423841625,0.1559973423841625,66218.24567655,68224.8591819,SL,-0.1482013732495233,0.01559973423841625,0.015436015027584073,0.0077959691346395224,0.007721868448015348,0.01551783758265487,-0.1947549600981785,-1.2484504999999977,0 days 00:30:00
15m,DEVELOPMENT,124,CLOSED,BTCUSDT,LONG,2024-03-06 16:00:00+00:00,2024-03-06 16:15:00+00:00,66762.47,66795.851235,2024-03-06 22:15:00+00:00,66127.89272265,66094.82877628868,0.0002306306986719813,15.405173838717774,0.15405173838717776,66127.89272265,68131.7682597,SL,-0.1463530008365957,0.015405173838717773,0.015243496539280433,0.007698737550582089,0.007625561050163872,0.01532429860074596,-0.19232596981533986,-1.248450499999991,0 days 06:00:00
15m,DEVELOPMENT,125,CLOSED,BTCUSDT,LONG,2024-03-07 08:15:00+00:00,2024-03-07 08:30:00+00:00,66782.26,66815.65112999998,2024-03-08 14:30:00+00:00,68151.96415259999,68117.8881705237,0.000227686773165454,15.213040002738417,0.15213040002738418,66147.49461869999,68151.96415259999,TP,0.3118635186968156,0.015213040002738418,0.015509542152391791,0.007602718642045696,0.007758650401394438,0.015361369043440133,0.2657795674982452,1.7470510000000241,1 days 06:00:00
15m,DEVELOPMENT,126,CLOSED,BTCUSDT,LONG,2024-03-08 14:30:00+00:00,2024-03-08 14:45:00+00:00,68347.59,68381.76379499999,2024-03-08 15:30:00+00:00,67697.94615704998,67664.09718397146,0.0002263549987184594,15.478554056183215,0.15478554056183216,67697.94615704998,69749.39907089999,SL,-0.14705013123840505,0.015478554056183216,0.015316106631363572,0.007735409323428797,0.00766188425781007,0.015397293581238867,-0.1932420855071907,-1.2484505000000068,0 days 00:45:00
15m,DEVELOPMENT,127,CLOSED,BTCUSDT,LONG,2024-03-08 15:30:00+00:00,2024-03-08 15:45:00+00:00,68223.99,68258.101995,2024-03-08 16:00:00+00:00,67575.52097505,67541.73321456248,0.00022393685984459667,15.2855050197125,0.152855050197125,67575.52097505,69623.2640349,SL,-0.14521611715379,0.0152855050197125,0.015125083644530617,0.007638933043334425,0.00756632498475764,0.015205258028092066,-0.19083196384612514,-1.2484504999999957,0 days 00:15:00
15m,DEVELOPMENT,128,CLOSED,BTCUSDT,LONG,2024-03-08 19:45:00+00:00,2024-03-08 20:00:00+00:00,68864.0,68898.432,2024-03-08 21:45:00+00:00,68209.44768,68175.34295616,0.00021908863901560054,15.0948636971889,0.150948636971889,68209.44768,70276.40064,SL,-0.1434049769533044,0.0150948636971889,0.014936443102686905,0.007543660018585311,0.007471957530106642,0.015015617548691953,-0.18845190130187217,-1.2484504999999924,0 days 01:45:00
15m,DEVELOPMENT,129,CLOSED,BTCUSDT,LONG,2024-03-09 02:30:00+00:00,2024-03-09 02:45:00+00:00,68168.23,68202.31411499999,2024-03-10 04:15:00+00:00,69566.36039729998,69531.57721710134,0.00021856443220371946,14.906600059524694,0.14906600059524694,67520.29097384999,69566.36039729998,TP,0.3055815764326327,0.014906600059524693,0.015197129694684829,0.007449575242139214,0.007602366030356881,0.015051941272496094,0.260425905405927,1.7470510000000017,1 days 01:30:00
15m,DEVELOPMENT,130,CLOSED,BTCUSDT,LONG,2024-03-10 04:15:00+00:00,2024-03-10 04:30:00+00:00,69371.9,69406.58595,2024-03-10 14:30:00+00:00,68712.5200905,68678.16383045475,0.00021852055668199823,15.166765799190955,0.15166765799190957,68712.5200905,70794.71766899999,SL,-0.1440880648888655,0.015166765799190955,0.015007590592128448,0.007579593103043768,0.007507549070597859,0.015087142173641627,-0.18934956345382653,-1.248450499999987,0 days 10:00:00
15m,DEVELOPMENT,131,CLOSED,BTCUSDT,LONG,2024-03-10 16:00:00+00:00,2024-03-10 16:15:00+00:00,69418.66,69453.36933,2024-03-10 22:15:00+00:00,68758.8356367,68724.45621888165,0.0002156498027471604,14.97760539614018,0.1497760539614018,68758.8356367,70842.4367166,SL,-0.1422909937934177,0.014977605396140181,0.014820415427507689,0.007485060167985636,0.007413914671088364,0.014898974839074,-0.1869879894561396,-1.2484505000000035,0 days 06:00:00
15m,DEVELOPMENT,132,CLOSED,BTCUSDT,LONG,2024-03-11 07:00:00+00:00,2024-03-11 07:15:00+00:00,70447.12,70482.34356,2024-03-11 11:30:00+00:00,71891.9904312,71856.0444359844,0.00020985119763052769,14.79080420787231,0.1479080420787231,69777.52012439999,71891.9904312,TP,0.3032077904082579,0.014790804207872309,0.015079076981883741,0.007391706250810444,0.007543310146015515,0.01493501639682596,0.2584028928216759,1.7470510000000041,0 days 04:15:00
15m,DEVELOPMENT,133,CLOSED,BTCUSDT,LONG,2024-03-11 11:30:00+00:00,2024-03-11 11:45:00+00:00,72042.0,72078.021,2024-03-11 11:45:00+00:00,71357.24079,71321.562169605,0.00020878693320320092,15.048948955945912,0.15048948955945912,71357.24079,73519.58141999999,SL,-0.1429687754385474,0.015048948955945912,0.01489101023665326,0.007520714120911115,0.007449229733193902,0.014969943854105017,-0.1878786784852516,-1.2484505000000006,0 days 00:00:00
15m,DEVELOPMENT,134,CLOSED,BTCUSDT,LONG,2024-03-11 13:15:00+00:00,2024-03-11 13:30:00+00:00,72210.08,72246.18504,2024-03-11 13:45:00+00:00,71523.7231896,71487.9613280052,0.00020570301338707422,14.861257968448161,0.1486125796844816,71523.7231896,73691.1087408,SL,-0.14118566415802086,0.014861257968448161,0.0147052890660693,0.007426915526459805,0.007356322694382108,0.014783238220841911,-0.18553544941338027,-1.2484504999999957,0 days 00:15:00
15m,DEVELOPMENT,135,CLOSED,BTCUSDT,LONG,2024-03-11 15:00:00+00:00,2024-03-11 15:15:00+00:00,72464.58,72500.81229,2024-03-11 19:45:00+00:00,71775.8041671,71739.91626501645,0.00020242404747730444,14.675907869134097,0.14675907869134097,71775.8041671,73950.8285358,SL,-0.13942479190017076,0.014675907869134096,0.014521884216047536,0.007334286791171447,0.007264574395220317,0.014598861186391764,-0.18322144517174413,-1.248450500000001,0 days 04:30:00
15m,DEVELOPMENT,136,CLOSED,BTCUSDT,LONG,2024-03-11 21:15:00+00:00,2024-03-11 21:30:00+00:00,72398.94,72435.13947,2024-03-12 03:15:00+00:00,71710.78807529999,71674.93268126235,0.0002000806455045419,14.49286946236912,0.1449286946236912,71710.78807529999,73883.8422594,SL,-0.13768588129917103,0.01449286946236912,0.014340766797361557,0.0072428133245207565,0.007173970383871544,0.0144167837083923,-0.18093630126729404,-1.2484504999999961,0 days 05:45:00
15m,DEVELOPMENT,137,CLOSED,BTCUSDT,LONG,2024-03-13 01:30:00+00:00,2024-03-13 01:45:00+00:00,71854.52,71890.44726,2024-03-13 08:15:00+00:00,73328.2562052,73291.5920770974,0.00019908227674375368,14.312113916647549,0.14312113916647548,71171.5427874,73328.2562052,TP,0.29339475905091483,0.014312113916647549,0.01459105701688301,0.007152480717964145,0.007299178097489252,0.014451658815453397,0.25003992930193086,1.747051000000005,0 days 06:30:00
15m,DEVELOPMENT,138,CLOSED,BTCUSDT,LONG,2024-03-13 08:15:00+00:00,2024-03-13 08:30:00+00:00,73487.72,73524.46386,2024-03-13 12:30:00+00:00,72789.21922140001,72752.82461178931,0.00019805522259282364,14.561904055810318,0.14561904055810318,72789.21922140001,74994.9531372,SL,-0.13834172718688192,0.014561904055810319,0.01440907687274459,0.007277313371220007,0.00720814250762524,0.014485455878845248,-0.18179816399428209,-1.2484504999999855,0 days 04:00:00
15m,DEVELOPMENT,139,CLOSED,BTCUSDT,LONG,2024-03-13 18:30:00+00:00,2024-03-13 18:45:00+00:00,73069.22,73105.75461,2024-03-14 13:15:00+00:00,72374.6970639,72338.50971536805,0.00019670527423016888,14.380287508363484,0.14380287508363485,72374.6970639,74567.8697022,SL,-0.1366163246046915,0.014380287508363484,0.01422936639096321,0.007186550478942748,0.007118242316640319,0.014304792795583068,-0.17953077129960127,-1.2484504999999986,0 days 18:30:00
15m,DEVELOPMENT,140,CLOSED,BTCUSDT,LONG,2024-03-15 18:45:00+00:00,2024-03-15 19:00:00+00:00,70234.0,70269.117,2024-03-15 19:30:00+00:00,69566.42583,69531.642617085,0.00020209356108009388,14.200936088483763,0.14200936088483762,69566.42583,71674.49934,SL,-0.13491244130038943,0.014200936088483763,0.014051897264235128,0.007096919584449328,0.007029463363797471,0.014126382948246799,-0.17729165760135512,-1.2484504999999941,0 days 00:30:00
15m,DEVELOPMENT,141,CLOSED,BTCUSDT,LONG,2024-03-15 22:30:00+00:00,2024-03-15 22:45:00+00:00,68921.72,68956.18086,2024-03-16 11:15:00+00:00,68266.61905139999,68232.48574187429,0.00020337294453556934,14.023821545425466,0.14023821545425466,68266.61905139999,70335.3044772,SL,-0.13322980888482894,0.014023821545425467,0.013876641538306226,0.007008406569426384,0.0069417916649855225,0.013950198234411907,-0.17508047020297254,-1.2484505000000041,0 days 12:30:00
15m,DEVELOPMENT,142,CLOSED,BTCUSDT,LONG,2024-03-17 14:15:00+00:00,2024-03-17 14:30:00+00:00,67294.17,67327.81708499999,2024-03-17 17:45:00+00:00,68674.37342669998,68640.03623998664,0.0002056938213710859,13.848915980787133,0.13848915980787133,66654.53891414999,68674.37342669998,TP,0.2838993171073871,0.013848915980787134,0.014118831353252675,0.006920997491645605,0.007062947150199213,0.013983944641844819,0.24194762513150245,1.7470510000000075,0 days 03:15:00
15m,DEVELOPMENT,143,CLOSED,BTCUSDT,LONG,2024-03-17 17:45:00+00:00,2024-03-17 18:00:00+00:00,68550.22,68584.49511,2024-03-18 00:00:00+00:00,67898.6501589,67864.70083382055,0.00020544908696054444,14.090621899999427,0.14090621899999428,67898.6501589,69956.1850122,SL,-0.133864428945023,0.014090621899999427,0.01394274082315893,0.007041790054972702,0.00697485784049922,0.014016647895471922,-0.17591443956365332,-1.2484505000000068,0 days 06:00:00
15m,DEVELOPMENT,144,CLOSED,BTCUSDT,LONG,2024-03-18 04:30:00+00:00,2024-03-18 04:45:00+00:00,68378.67,68412.859335,2024-03-18 08:15:00+00:00,67728.73074165,67694.86637627917,0.00020339572610171238,13.914883199136638,0.13914883199136638,67728.73074165,69781.11652170001,SL,-0.13219486737410693,0.013914883199136637,0.013768846499961697,0.006953964617260249,0.00688786718357319,0.01384183180083344,-0.17372042887403868,-1.2484505000000097,0 days 03:30:00
15m,DEVELOPMENT,145,CLOSED,BTCUSDT,LONG,2024-03-18 09:15:00+00:00,2024-03-18 09:30:00+00:00,68164.9,68198.98245,2024-03-18 13:45:00+00:00,67516.99262549999,67483.23412918724,0.00020148887598460925,13.741336317144592,0.13741336317144592,67516.99262549999,69562.962099,SL,-0.13054612863014547,0.013741336317144592,0.013597120992496159,0.006867234541301988,0.006801961476985502,0.013669196018287491,-0.17155378195807372,-1.2484505000000035,0 days 04:15:00
15m,DEVELOPMENT,146,CLOSED,BTCUSDT,LONG,2024-03-20 11:15:00+00:00,2024-03-20 11:30:00+00:00,63831.65,63863.565825,2024-03-20 11:45:00+00:00,63224.93016675,63193.31770166662,0.00021248349888214338,13.569953917586076,0.13569953917586078,63224.93016675,65140.8371415,SL,-0.1289179530101516,0.013569953917586077,0.01342753725122101,0.006781586165709419,0.0067171271892047975,0.013498713354914217,-0.1694141575338729,-1.2484504999999995,0 days 00:15:00
15m,DEVELOPMENT,147,CLOSED,BTCUSDT,LONG,2024-03-20 12:15:00+00:00,2024-03-20 12:30:00+00:00,64014.91,64046.917455,2024-03-20 13:30:00+00:00,63406.44828045,63374.74505630978,0.0002092326928049316,13.400709004964826,0.13400709004964825,63406.44828045,65327.85580410001,SL,-0.12731008405016625,0.013400709004964826,0.013260068563957722,0.006697005999482468,0.006633350957456415,0.013330356956938884,-0.16730121857602767,-1.2484504999999946,0 days 01:00:00
15m,DEVELOPMENT,148,CLOSED,BTCUSDT,LONG,2024-03-20 17:15:00+00:00,2024-03-20 17:30:00+00:00,64086.21,64118.253104999996,2024-03-20 18:45:00+00:00,65400.618167099994,65367.917858016444,0.0002063932543327717,13.233574920473293,0.13233574920473293,63477.07057395,65400.618167099994,TP,0.2712849791293415,0.013233574920473293,0.013491497295673316,0.006613480719876092,0.006749123209441308,0.0133626039293174,0.23119730298387756,1.7470509999999977,0 days 01:15:00
15m,DEVELOPMENT,149,CLOSED,BTCUSDT,LONG,2024-03-20 18:45:00+00:00,2024-03-20 19:00:00+00:00,65414.93,65447.637465,2024-03-20 20:15:00+00:00,66756.5902143,66723.21191919285,0.00020572998168682673,13.464541257120525,0.13464541257120524,64793.16109035,66756.5902143,TP,0.27601973131788266,0.013464541257120525,0.013726965166221804,0.006728906175472424,0.006866916041131058,0.013595822216603482,0.23523240267793685,1.7470510000000012,0 days 01:15:00
15m,DEVELOPMENT,150,CLOSED,BTCUSDT,LONG,2024-03-20 20:15:00+00:00,2024-03-20 20:30:00+00:00,66887.99,66921.433995,2024-03-21 05:15:00+00:00,66252.21965505,66219.09354522247,0.00020471077567490176,13.69953866239319,0.1369953866239319,66252.21965505,68259.8626749,SL,-0.13014904046581668,0.01369953866239319,0.013555762004131373,0.0068463461581163435,0.006781271637885269,0.013627617796001613,-0.17103195892834283,-1.2484505000000126,0 days 08:45:00
15m,DEVELOPMENT,151,CLOSED,BTCUSDT,LONG,2024-03-21 05:45:00+00:00,2024-03-21 06:00:00+00:00,67009.51,67043.014755,2024-03-21 15:00:00+00:00,66372.58460745,66339.39831514627,0.00020179100856370312,13.52867756456268,0.1352867756456268,66372.58460745,68383.8750501,SL,-0.12852581734249588,0.013528677564562679,0.013386694093522595,0.006760958303130129,0.006696695394458744,0.013457653697588872,-0.16889884269817002,-1.2484504999999957,0 days 09:00:00
15m,DEVELOPMENT,152,CLOSED,BTCUSDT,LONG,2024-03-22 05:45:00+00:00,2024-03-22 06:00:00+00:00,66430.01,66463.22500499999,2024-03-22 09:30:00+00:00,65798.59275494999,65765.69345857252,0.00020101262692221204,13.359947451977096,0.13359947451977097,65798.59275494999,67792.48950509999,SL,-0.1269228391114875,0.013359947451977097,0.0132197348034686,0.006676635408282583,0.006613173988726727,0.01328980939700931,-0.16679233076394254,-1.248450499999979,0 days 03:30:00
15m,DEVELOPMENT,153,CLOSED,BTCUSDT,LONG,2024-03-23 06:15:00+00:00,2024-03-23 06:30:00+00:00,64178.16,64210.24908,2024-03-23 16:30:00+00:00,65494.4540616,65461.7068345692,0.000205470652052456,13.193321746918214,0.13193321746918213,63568.1465892,65494.4540616,TP,0.27045979912972723,0.013193321746918214,0.01345045958776565,0.0065933641913629975,0.006728594090928077,0.013321958282291074,0.23049405951275234,1.7470510000000017,0 days 10:00:00
15m,DEVELOPMENT,154,CLOSED,BTCUSDT,LONG,2024-03-23 16:30:00+00:00,2024-03-23 16:45:00+00:00,65709.99,65742.844995,2024-03-23 19:15:00+00:00,65085.41654505001,65052.873836777486,0.00020418321634325628,13.42358554263525,0.1342358554263525,65085.41654505001,67057.7018949,SL,-0.12752741687431038,0.01342358554263525,0.013282705012365293,0.006708438552041911,0.006644674843603805,0.013353113395645716,-0.16758682082495663,-1.2484504999999937,0 days 02:30:00
15m,DEVELOPMENT,155,CLOSED,BTCUSDT,LONG,2024-03-24 08:45:00+00:00,2024-03-24 09:00:00+00:00,65244.0,65276.621999999996,2024-03-24 17:00:00+00:00,64623.85578,64591.54385211,0.00020307677902223125,13.256166141211718,0.13256166141211717,64623.85578,66582.15444,SL,-0.12593689072685435,0.01325616614121172,0.013117042677559702,0.0066247706852623645,0.006561802239899314,0.013186572925161679,-0.16549667247078745,-1.2484504999999928,0 days 08:00:00
15m,DEVELOPMENT,156,CLOSED,BTCUSDT,LONG,2024-03-24 20:00:00+00:00,2024-03-24 20:15:00+00:00,66215.88,66248.98794,2024-03-24 23:00:00+00:00,67573.96769880001,67540.18071495062,0.00019760052503651966,13.09083480008206,0.1309083480008206,65586.4980606,67573.96769880001,TP,0.2683588423285206,0.01309083480008206,0.013345975170335663,0.0065421463268779245,0.006676325748040553,0.013218472074918478,0.22870356028318437,1.7470510000000208,0 days 02:45:00
15m,DEVELOPMENT,157,CLOSED,BTCUSDT,LONG,2024-03-24 23:00:00+00:00,2024-03-24 23:15:00+00:00,67547.12,67580.89356,2024-03-25 00:00:00+00:00,66905.0846244,66871.6320820878,0.00019708691589664815,13.319309885280049,0.13319309885280048,66905.0846244,68932.5114312,SL,-0.12653677207354946,0.013319309885280049,0.013179523728034036,0.006656326779250686,0.006593058393212812,0.013249385172463497,-0.16628499085932705,-1.2484504999999915,0 days 00:45:00
15m,DEVELOPMENT,158,CLOSED,BTCUSDT,LONG,2024-03-25 03:30:00+00:00,2024-03-25 03:45:00+00:00,67052.05,67085.576025,2024-03-25 14:00:00+00:00,68427.2875455,68393.07390172726,0.00019606585785879012,13.153191013292709,0.1315319101329271,66414.72026475,68427.2875455,TP,0.2696371291180744,0.013153191013292709,0.013409546706141784,0.006573308852220089,0.006708127416778469,0.013281436268998557,0.2297929551296414,1.7470510000000077,0 days 10:15:00
15m,DEVELOPMENT,159,CLOSED,BTCUSDT,LONG,2024-03-25 14:00:00+00:00,2024-03-25 14:15:00+00:00,68582.57,68616.861285,2024-03-25 15:45:00+00:00,69989.19851070001,69954.20391144467,0.0001950359453115375,13.382754405030616,0.13382754405030617,67930.69267215,69989.19851070001,TP,0.2743431212865347,0.013382754405030615,0.013643584288384665,0.006688033185922216,0.006825204746563719,0.013513237932485937,0.2338035446606335,1.7470510000000152,0 days 01:30:00
15m,DEVELOPMENT,160,CLOSED,BTCUSDT,LONG,2024-03-25 15:45:00+00:00,2024-03-25 16:00:00+00:00,69792.06,69826.95602999999,2024-03-26 07:15:00+00:00,71223.49515059999,71187.8834030247,0.00019500097317526682,13.616324379716563,0.13616324379716563,69128.68646969998,71223.49515059999,TP,0.27913124740428363,0.013616324379716563,0.013881706541877242,0.006804759809951155,0.006944325433655072,0.013749085243606227,0.2378841312390836,1.7470510000000117,0 days 15:15:00
15m,DEVELOPMENT,161,CLOSED,BTCUSDT,LONG,2024-03-26 07:15:00+00:00,2024-03-26 07:30:00+00:00,71485.24,71520.98262,2024-03-26 07:45:00+00:00,70805.77279379999,70770.36990740309,0.0001937049849843198,13.853970864470897,0.13853970864470896,70805.77279379999,72951.4022724,SL,-0.13161618497431207,0.013853970864470898,0.013708573440248274,0.006923523670398308,0.006857715577913036,0.013781239248311344,-0.1729599685273426,-1.24845050000001,0 days 00:15:00
15m,DEVELOPMENT,162,CLOSED,BTCUSDT,LONG,2024-03-26 09:15:00+00:00,2024-03-26 09:30:00+00:00,71029.99,71065.504995,2024-03-26 13:30:00+00:00,70354.84994505,70319.67252007747,0.00019251511241758542,13.681183683124903,0.13681183683124903,70354.84994505,72486.8150949,SL,-0.12997466357631604,0.013681183683124903,0.013537599660370507,0.006837173254933145,0.006772185923147339,0.013609359178080484,-0.17080280609789195,-1.248450500000005,0 days 04:00:00
15m,DEVELOPMENT,163,CLOSED,BTCUSDT,LONG,2024-03-27 01:00:00+00:00,2024-03-27 01:15:00+00:00,70678.04,70713.37902,2024-03-27 07:15:00+00:00,70006.2452298,69971.2421071851,0.0001910607539399259,13.510551509200937,0.13510551509200938,70006.2452298,72127.6466004,SL,-0.12835361528731024,0.013510551509200937,0.013368758271111874,0.006751899804698013,0.006687722997054531,0.013439622801752545,-0.1686725478693756,-1.2484504999999921,0 days 06:00:00
15m,DEVELOPMENT,164,CLOSED,BTCUSDT,LONG,2024-03-27 13:00:00+00:00,2024-03-27 13:15:00+00:00,71238.79,71274.409395,2024-03-27 13:30:00+00:00,70561.66530105,70526.38446839948,0.00018719267656690472,13.342047465375389,0.1334204746537539,70561.66530105,72699.8975829,SL,-0.12675278476600862,0.013342047465375389,0.013202022677226276,0.00666768988774411,0.0066043134953595595,0.01327200338310367,-0.166568858291714,-1.2484504999999821,0 days 00:15:00
15m,DEVELOPMENT,165,CLOSED,BTCUSDT,LONG,2024-03-27 13:30:00+00:00,2024-03-27 13:45:00+00:00,70567.32,70602.60366000001,2024-03-27 13:45:00+00:00,69896.57762340001,69861.62933458832,0.00018661698473599196,13.175645009539512,0.1317564500953951,69896.57762340001,72014.65573320001,SL,-0.12517191985574502,0.013175645009539511,0.013037366615164397,0.0065845302396501095,0.006521944279720354,0.013106474519370463,-0.1644914059998194,-1.2484504999999873,0 days 00:00:00
15m,DEVELOPMENT,166,CLOSED,BTCUSDT,LONG,2024-03-28 04:30:00+00:00,2024-03-28 04:45:00+00:00,69690.69,69725.535345,2024-03-28 13:15:00+00:00,71120.0460519,71084.48602887406,0.0001866076447637007,13.011317930618617,0.13011317930618618,69028.27999154999,71120.0460519,TP,0.26672876637380133,0.013011317930618617,0.013264908517086376,0.006502407761427524,0.006635772144614421,0.013138179906041946,0.22731436002005442,1.7470510000000197,0 days 08:30:00
15m,DEVELOPMENT,167,CLOSED,BTCUSDT,LONG,2024-03-28 13:15:00+00:00,2024-03-28 13:30:00+00:00,71020.0,71055.51,2024-03-29 03:15:00+00:00,70344.9549,70309.78242255001,0.0001863107477993744,13.238405203365925,0.13238405203365924,70344.9549,72476.62019999999,SL,-0.12576815737930402,0.013238405203365925,0.0130994681407566,0.006615894654354809,0.0065530105756640734,0.013168905230018882,-0.16527493595344542,-1.2484504999999813,0 days 13:45:00
15m,DEVELOPMENT,168,CLOSED,BTCUSDT,LONG,2024-03-30 01:15:00+00:00,2024-03-30 01:30:00+00:00,70089.1,70124.14455,2024-04-01 05:45:00+00:00,69422.9031045,69388.19165294776,0.00018643072883287826,13.073295377238608,0.13073295377238608,69422.9031045,71526.627441,SL,-0.12419957277426673,0.013073295377238609,0.01293609114225449,0.006533380998118647,0.006471281211731388,0.013004662209850035,-0.16321362150360988,-1.2484504999999815,2 days 04:15:00
15m,DEVELOPMENT,169,CLOSED,BTCUSDT,LONG,2024-04-01 22:30:00+00:00,2024-04-01 22:45:00+00:00,69814.42,69849.32720999999,2024-04-02 00:30:00+00:00,69150.83393789998,69116.25852093103,0.00018482990920573442,12.910244806305933,0.12910244806305932,69150.83393789998,71246.31375419999,SL,-0.12265055160813707,0.012910244806305933,0.012774751787063752,0.006451896454923712,0.006390571179120741,0.012842467634044452,-0.1611780158355512,-1.248450500000006,0 days 01:45:00
15m,DEVELOPMENT,170,CLOSED,BTCUSDT,LONG,2024-04-03 04:00:00+00:00,2024-04-03 04:15:00+00:00,66214.8,66247.9074,2024-04-03 11:00:00+00:00,65585.428326,65552.635611837,0.00019244725317118806,12.749227807469222,0.1274922780746922,65585.428326,67572.865548,SL,-0.12112084988505419,0.012749227807469222,0.012615424661629834,0.006371428189638541,0.006310867764695652,0.012682295954334193,-0.15916779830848743,-1.2484504999999915,0 days 06:45:00
15m,DEVELOPMENT,171,CLOSED,BTCUSDT,LONG,2024-04-03 14:15:00+00:00,2024-04-03 14:30:00+00:00,66764.87,66798.25243499999,2024-04-03 15:30:00+00:00,66130.26991065,66097.20477569467,0.00018848126349116004,12.590219017950256,0.12590219017950255,66130.26991065,68134.21748369999,SL,-0.11961022665229147,0.012590219017950256,0.01245808466935687,0.006291963527210064,0.006232158413884948,0.012524121941095012,-0.1571826522806936,-1.2484504999999886,0 days 01:00:00
15m,DEVELOPMENT,172,CLOSED,BTCUSDT,LONG,2024-04-04 08:15:00+00:00,2024-04-04 08:30:00+00:00,66316.77,66349.928385,2024-04-04 14:00:00+00:00,67676.92695270001,67643.08848922366,0.00018738819609799367,12.433193391296218,0.12433193391296218,65686.42910115,67676.92695270001,TP,0.254877357776599,0.012433193391296218,0.012675516330492582,0.006213489950673232,0.006340928629561017,0.012554418580234249,0.21721422947457594,1.7470510000000117,0 days 05:30:00
15m,DEVELOPMENT,173,CLOSED,BTCUSDT,LONG,2024-04-04 14:00:00+00:00,2024-04-04 14:15:00+00:00,67588.46,67622.25423,2024-04-04 18:00:00+00:00,68974.6993146,68940.2119649427,0.00018707141262271627,12.65019062353855,0.12650190623538551,66946.0316877,68974.6993146,TP,0.2593257468153672,0.012650190623538551,0.012896742838791317,0.006321934344596886,0.006451597218004321,0.012773531562601206,0.2210052817904361,1.7470509999999968,0 days 03:45:00
15m,DEVELOPMENT,174,CLOSED,BTCUSDT,LONG,2024-04-04 18:00:00+00:00,2024-04-04 18:15:00+00:00,68899.67,68934.11983499999,2024-04-04 20:00:00+00:00,68244.77863665,68210.65624733167,0.00018671414317959715,12.870975120831696,0.12870975120831696,68244.77863665,70312.80223169998,SL,-0.12227747978361445,0.012870975120831697,0.012735894236938569,0.006432271424702034,0.006371132684810686,0.01280340410951272,-0.16068775325089743,-1.2484504999999886,0 days 01:45:00
15m,DEVELOPMENT,175,CLOSED,BTCUSDT,LONG,2024-04-04 23:00:00+00:00,2024-04-04 23:15:00+00:00,68283.74,68317.88187,2024-04-05 02:30:00+00:00,67634.70305129999,67600.88569977434,0.0001860486236823493,12.710447894806823,0.12710447894806823,67634.70305129999,69684.2395074,SL,-0.12075243102462906,0.012710447894806822,0.012577051744150825,0.006352047923440239,0.006291671707929271,0.01264371963136951,-0.1586836502949562,-1.2484505000000075,0 days 03:15:00
15m,DEVELOPMENT,176,CLOSED,BTCUSDT,LONG,2024-04-05 14:45:00+00:00,2024-04-05 15:00:00+00:00,68139.39,68173.459695,2024-04-05 17:45:00+00:00,67491.72509805,67457.97923550097,0.00018411743845468394,12.551922769637038,0.1255192276963704,67491.72509805,69536.9288889,SL,-0.1192464027240387,0.012551922769637038,0.012420190340169697,0.006272824972332044,0.006213201770970395,0.012486026743302438,-0.1567045425771479,-1.2484505000000035,0 days 02:45:00
15m,DEVELOPMENT,177,CLOSED,BTCUSDT,LONG,2024-04-05 21:15:00+00:00,2024-04-05 21:30:00+00:00,67791.26,67825.15563,2024-04-06 23:00:00+00:00,69181.65874259999,69147.06791322869,0.0001827548298255851,12.395374775054474,0.12395374775054474,67146.90407369999,69181.65874259999,TP,0.25410208559356956,0.012395374775054474,0.012636960629420286,0.0061945900924808275,0.0063216411352777935,0.01251623122775862,0.21655351896133615,1.7470509999999937,1 days 01:30:00
15m,DEVELOPMENT,178,CLOSED,BTCUSDT,LONG,2024-04-06 23:00:00+00:00,2024-04-06 23:15:00+00:00,69556.98,69591.75849,2024-04-06 23:45:00+00:00,68895.84090509999,68861.39298464745,0.00018122421721310976,12.611711956834034,0.12611711956834035,68895.84090509999,70983.5936598,SL,-0.11981441494223732,0.012611711956834035,0.012479352039847062,0.006302704626103416,0.006242797418631296,0.012545502044734713,-0.15745098098365312,-1.2484504999999908,0 days 00:30:00
15m,DEVELOPMENT,179,CLOSED,BTCUSDT,LONG,2024-04-07 01:00:00+00:00,2024-04-07 01:15:00+00:00,69212.02,69246.62601,2024-04-08 07:30:00+00:00,70631.55853020001,70596.24275093492,0.0001798559581478976,12.454418269537678,0.12454418269537679,68554.1597499,70631.55853020001,TP,0.2553124624769805,0.012454418269537679,0.01269715488161097,0.006224097086226292,0.006351753317462251,0.012575850403688544,0.2175850389221433,1.7470510000000208,1 days 06:15:00
15m,DEVELOPMENT,180,CLOSED,BTCUSDT,LONG,2024-04-08 07:30:00+00:00,2024-04-08 07:45:00+00:00,70650.79,70686.11539499999,2024-04-08 08:45:00+00:00,72099.83770289998,72063.78778404853,0.0001792683877162801,12.671785940788572,0.1267178594078857,69979.25424104999,72099.83770289998,TP,0.2597684454228602,0.012671785940788572,0.012918759048774542,0.00633272660708941,0.006462610829802418,0.012795337436891829,0.22138256299640524,1.7470509999999928,0 days 01:00:00
15m,DEVELOPMENT,181,CLOSED,BTCUSDT,LONG,2024-04-08 08:45:00+00:00,2024-04-08 09:00:00+00:00,71968.0,72003.984,2024-04-08 14:45:00+00:00,71283.94416,71248.30218792001,0.00017905880516810548,12.892947342383383,0.12892947342383385,71283.94416,73444.06367999999,SL,-0.1224862213786649,0.012892947342383384,0.012757635860025072,0.006443252045168524,0.006382008934477895,0.01282526097964642,-0.16096206556071976,-1.2484504999999821,0 days 05:45:00
15m,DEVELOPMENT,182,CLOSED,BTCUSDT,LONG,2024-04-08 18:30:00+00:00,2024-04-08 18:45:00+00:00,72064.14,72100.17207,2024-04-09 00:45:00+00:00,71379.1703493,71343.48076412534,0.00017658967673094713,12.732146078086963,0.12732146078086964,71379.1703493,73542.1755114,SL,-0.12095856918762356,0.012732146078086964,0.012598522204997438,0.006362891593247055,0.0063024123086534295,0.012665303901900484,-0.15895454137260842,-1.2484505000000103,0 days 06:00:00
15m,DEVELOPMENT,183,CLOSED,BTCUSDT,LONG,2024-04-10 19:15:00+00:00,2024-04-10 19:30:00+00:00,69519.85,69554.609925,2024-04-10 22:15:00+00:00,70945.7021235,70910.22927243826,0.00018076947517954155,12.573350332459981,0.12573350332459982,68859.06382575,70945.7021235,TP,0.25775054004872866,0.012573350332459982,0.012818404930439628,0.006283533399528635,0.006412408669553217,0.012695942069081853,0.21966284271674721,1.7470510000000141,0 days 02:45:00
15m,DEVELOPMENT,184,CLOSED,BTCUSDT,LONG,2024-04-10 22:15:00+00:00,2024-04-10 22:30:00+00:00,70917.3,70952.75865,2024-04-11 11:30:00+00:00,70243.2310635,70208.10944796825,0.00018030015992588066,12.792793731777413,0.12792793731777413,70243.2310635,72371.813823,SL,-0.12153473705201827,0.012792793731777413,0.01265853336156241,0.006393200265755916,0.006332432897230264,0.01272563316298618,-0.15971169730834428,-1.248450500000004,0 days 13:00:00
15m,DEVELOPMENT,185,CLOSED,BTCUSDT,LONG,2024-04-11 12:30:00+00:00,2024-04-11 12:45:00+00:00,70824.01,70859.42200499999,2024-04-11 13:30:00+00:00,70150.82778494999,70115.75237105752,0.00017828598130143944,12.633241586614234,0.12633241586614236,70150.82778494999,72276.61044509998,SL,-0.12001895180486738,0.012633241586614235,0.012500655716162719,0.006313464061274883,0.0062534545853727315,0.012566918646647614,-0.15771976775429195,-1.2484504999999888,0 days 00:45:00
15m,DEVELOPMENT,186,CLOSED,BTCUSDT,LONG,2024-04-11 20:15:00+00:00,2024-04-11 20:30:00+00:00,70678.52,70713.85926,2024-04-11 21:45:00+00:00,70006.72066739999,69971.7173070663,0.00017642481278238597,12.47567938106549,0.1247567938106549,70006.72066739999,72128.1364452,SL,-0.11852207148128935,0.01247567938106549,0.012344747125961208,0.006234722329366892,0.006175461293626077,0.012410183622992968,-0.155752681611309,-1.2484505,0 days 01:15:00
15m,DEVELOPMENT,187,CLOSED,BTCUSDT,LONG,2024-04-12 02:15:00+00:00,2024-04-12 02:30:00+00:00,70714.14,70749.49707,2024-04-12 13:00:00+00:00,70042.00209929999,70006.98109825034,0.00017413667667982348,12.320082296538708,0.12320082296538708,70042.00209929999,72164.4870114,SL,-0.11704386029845239,0.012320082296538708,0.012190783032836534,0.006156962666935573,0.006098440736787029,0.012255403403722602,-0.15381012903155022,-1.2484505000000101,0 days 10:30:00
15m,DEVELOPMENT,188,CLOSED,BTCUSDT,LONG,2024-04-13 13:15:00+00:00,2024-04-13 13:30:00+00:00,67692.0,67725.84599999999,2024-04-13 17:00:00+00:00,67048.58754,67015.06324623,0.00017964228640244257,12.166425823979719,0.1216642582397972,67048.58754,69080.36291999999,SL,-0.11558408541422135,0.01216642582397972,0.012038739184957053,0.006080172825575356,0.00602238078286906,0.012102553608444417,-0.15189180403160255,-1.2484504999999886,0 days 03:30:00
15m,DEVELOPMENT,189,CLOSED,BTCUSDT,LONG,2024-04-14 23:15:00+00:00,2024-04-14 23:30:00+00:00,65532.01,65564.77600499999,2024-04-15 04:00:00+00:00,64909.12824494999,64876.673680827524,0.00018324909337135293,12.014685760012084,0.12014685760012084,64909.12824494999,66876.0715251,SL,-0.11414251689047143,0.012014685760012083,0.011888591632960757,0.006004340709649458,0.005947269451204806,0.011951610160854264,-0.14999740444429854,-1.2484504999999908,0 days 04:30:00
15m,DEVELOPMENT,190,CLOSED,BTCUSDT,LONG,2024-04-15 05:15:00+00:00,2024-04-15 05:30:00+00:00,65111.73,65144.285865,2024-04-15 06:30:00+00:00,66447.1715823,66413.94799650885,0.00018213167963361285,11.864838203124673,0.11864838203124674,64492.84300635,66447.1715823,TP,0.24322621843686762,0.011864838203124674,0.012096083899703574,0.005929454374374204,0.006051067483592437,0.011980521857966641,0.20728477447607274,1.7470510000000092,0 days 01:00:00
15m,DEVELOPMENT,191,CLOSED,BTCUSDT,LONG,2024-04-15 06:30:00+00:00,2024-04-15 06:45:00+00:00,66324.12,66357.28206,2024-04-15 13:45:00+00:00,65693.70923939999,65660.8623847803,0.00018192300114083318,12.071915899903969,0.12071915899903969,65693.70923939999,67684.4277012,SL,-0.11468621751982794,0.01207191589990397,0.011945221142534476,0.006032941479212812,0.005975598370451808,0.012008539849664619,-0.150711894411931,-1.2484505000000032,0 days 07:00:00
15m,DEVELOPMENT,192,CLOSED,BTCUSDT,LONG,2024-04-16 21:00:00+00:00,2024-04-16 21:15:00+00:00,63263.62,63295.25181,2024-04-17 11:45:00+00:00,62662.2992919,62630.96814225405,0.00018834516375115624,11.92135456682512,0.1192135456682512,62662.2992919,64561.1568462,SL,-0.11325584723405574,0.01192135456682512,0.01179623995064629,0.005957698434195264,0.005901070510578445,0.01185876894477371,-0.14883221069630084,-1.2484504999999984,0 days 14:30:00
15m,DEVELOPMENT,193,CLOSED,BTCUSDT,LONG,2024-04-18 11:00:00+00:00,2024-04-18 11:15:00+00:00,62405.48,62436.68274,2024-04-18 12:30:00+00:00,61812.315912599995,61781.4097546437,0.00018855375594952674,11.772671039655988,0.11772671039655988,61812.315912599995,63685.4163948,SL,-0.1118433165736448,0.011772671039655989,0.011649116857094799,0.0058833938229152834,0.005827472164629442,0.011710865987544726,-0.1469759704579403,-1.2484504999999995,0 days 01:15:00
15m,DEVELOPMENT,194,CLOSED,BTCUSDT,LONG,2024-04-18 14:00:00+00:00,2024-04-18 14:15:00+00:00,63462.04,63493.77102,2024-04-18 17:45:00+00:00,62858.8333098,62827.40389314511,0.00018310208563100344,11.625841898339365,0.11625841898339365,62858.8333098,64763.6464404,SL,-0.11044840304219466,0.011625841898339366,0.011503828687616294,0.005810015941198948,0.005754791739676782,0.01156480768087573,-0.14514288130902606,-1.2484504999999895,0 days 03:30:00
15m,DEVELOPMENT,195,CLOSED,BTCUSDT,LONG,2024-04-18 19:45:00+00:00,2024-04-18 20:00:00+00:00,63477.04,63508.77852,2024-04-19 00:45:00+00:00,62873.6907348,62842.253889432606,0.00018077570191809392,11.480844014913766,0.11480844014913766,62873.6907348,64778.9540904,SL,-0.10907088691829595,0.011480844014913765,0.011360352556977248,0.005737553230841276,0.005683017787381594,0.01142057101822287,-0.14333265450840985,-1.2484504999999901,0 days 04:45:00
15m,DEVELOPMENT,196,CLOSED,BTCUSDT,LONG,2024-04-19 07:00:00+00:00,2024-04-19 07:15:00+00:00,64277.76,64309.89888,2024-04-19 16:15:00+00:00,63666.7998912,63634.9664912544,0.0001762971913705861,11.337654549870402,0.11337654549870402,63666.7998912,65596.0968576,SL,-0.10771055122090867,0.011337654549870402,0.011218665865369513,0.005665994277796057,0.005612139002184713,0.01127813327998077,-0.14154500491612937,-1.2484504999999964,0 days 09:00:00
15m,DEVELOPMENT,197,CLOSED,BTCUSDT,LONG,2024-04-19 17:30:00+00:00,2024-04-19 17:45:00+00:00,64521.16,64553.42058,2024-04-19 20:30:00+00:00,63907.886374199996,63875.9324310129,0.00017344163714268647,11.196250948555589,0.11196250948555589,63907.886374199996,65844.4889916,SL,-0.10636718167518462,0.01119625094855559,0.011078746294850499,0.005595327810371682,0.005542144219534047,0.01113747202990573,-0.13977965094849645,-1.2484504999999952,0 days 02:45:00
15m,DEVELOPMENT,198,CLOSED,BTCUSDT,LONG,2024-04-19 21:15:00+00:00,2024-04-19 21:30:00+00:00,64320.96,64353.12048,2024-04-19 23:00:00+00:00,63709.5892752,63677.7344805624,0.0001718115742507663,11.05661093761803,0.1105661093761803,63709.5892752,65640.1828896,SL,-0.10504056667871987,0.01105661093761803,0.010940571805827729,0.005525542697460052,0.005473022414120648,0.0109985651115807,-0.13803631453374632,-1.248450499999994,0 days 01:30:00
15m,DEVELOPMENT,199,CLOSED,BTCUSDT,LONG,2024-04-20 15:30:00+00:00,2024-04-20 15:45:00+00:00,64568.96,64601.244479999994,2024-04-22 03:45:00+00:00,65893.26936959999,65860.3227349152,0.0001690170616586302,10.918712521500403,0.10918712521500404,63955.232035199995,65893.26936959999,TP,0.2238308783767836,0.010918712521500402,0.011131518228544447,0.005456627946775935,0.00556854338596372,0.011025171332739656,0.1907554762939991,1.74705100000001,1 days 12:00:00
15m,DEVELOPMENT,200,CLOSED,BTCUSDT,LONG,2024-04-22 03:45:00+00:00,2024-04-22 04:00:00+00:00,65703.49,65736.341745,2024-04-22 22:45:00+00:00,67051.0685799,67017.54304561006,0.00016899750028648357,11.109277432883019,0.11109277432883019,65078.978327549994,67051.0685799,TP,0.22773741144270945,0.011109277432883018,0.011325797250049912,0.005551862785047745,0.005665731490769875,0.01121759427581762,0.1940847424839589,1.7470510000000161,0 days 18:45:00
15m,DEVELOPMENT,201,CLOSED,BTCUSDT,LONG,2024-04-22 22:45:00+00:00,2024-04-22 23:00:00+00:00,67027.98,67061.49398999999,2024-04-23 04:15:00+00:00,66390.87905009999,66357.68361057494,0.00016854930619650138,11.303168284515346,0.11303168284515346,66390.87905009999,68402.72386979999,SL,-0.10738292308277808,0.011303168284515346,0.011184541533369357,0.005648759762375169,0.005595068300835174,0.011243828063210344,-0.14111446096387315,-1.248450499999999,0 days 05:15:00
15m,DEVELOPMENT,202,CLOSED,BTCUSDT,LONG,2024-04-23 06:15:00+00:00,2024-04-23 06:30:00+00:00,66609.33,66642.634665,2024-04-23 08:00:00+00:00,65976.20831835,65943.22021419083,0.00016749329994453558,11.16219479703895,0.1116219479703895,65976.20831835,67975.4873583,SL,-0.1060436397259913,0.01116219479703895,0.011045047562644027,0.005578308244397828,0.005525286424533863,0.011103594668931691,-0.13935447675460597,-1.2484504999999928,0 days 01:30:00
15m,DEVELOPMENT,203,CLOSED,BTCUSDT,LONG,2024-04-23 16:45:00+00:00,2024-04-23 17:00:00+00:00,66747.35,66780.723675,2024-04-23 20:15:00+00:00,66112.91643825,66079.85998003089,0.00016506229535922796,11.022979535545838,0.11022979535545839,66112.91643825,68116.3381485,SL,-0.10472105995538611,0.011022979535545839,0.010907293365320285,0.005508735400072102,0.005456374870093469,0.01096511027016557,-0.1376164431264178,-1.2484504999999826,0 days 03:15:00
15m,DEVELOPMENT,204,CLOSED,BTCUSDT,LONG,2024-04-24 00:30:00+00:00,2024-04-24 00:45:00+00:00,66719.99,66753.349995,2024-04-24 13:00:00+00:00,66085.81649504999,66052.77358680248,0.00016307047619630976,10.88550057138358,0.10885500571383581,66085.81649504999,68088.41699489999,SL,-0.10341497544328142,0.01088550057138358,0.010771257242886911,0.0054400302705551445,0.005388322782833504,0.010828353053388648,-0.13590008631094055,-1.2484504999999944,0 days 12:15:00
15m,DEVELOPMENT,205,CLOSED,BTCUSDT,LONG,2024-04-25 21:00:00+00:00,2024-04-25 21:15:00+00:00,64931.71,64964.175854999994,2024-04-26 00:15:00+00:00,64314.53409644999,64282.37682940177,0.00016547175590109903,10.74973624939463,0.1074973624939463,64314.53409644999,66263.4593721,SL,-0.10212518046026703,0.01074973624939463,0.010636917767457234,0.005372182033679634,0.005321119443449531,0.010693301477129165,-0.13420513595424804,-1.2484504999999957,0 days 03:00:00
15m,DEVELOPMENT,206,CLOSED,BTCUSDT,LONG,2024-04-26 09:15:00+00:00,2024-04-26 09:30:00+00:00,64505.71,64537.962855,2024-04-26 13:00:00+00:00,63892.58322645,63860.63693483678,0.0001644871439211044,10.615665184505273,0.10615665184505274,63892.58322645,65828.7221121,SL,-0.10085147184280131,0.010615665184505274,0.010504253778393893,0.005305180002251317,0.0052547542663289445,0.010559934268580262,-0.13253132507428073,-1.248450499999988,0 days 03:30:00
15m,DEVELOPMENT,207,CLOSED,BTCUSDT,LONG,2024-04-27 22:00:00+00:00,2024-04-27 22:15:00+00:00,63375.4,63407.0877,2024-04-29 02:30:00+00:00,62773.016823,62741.6303145885,0.0001653327197104046,10.483266258357142,0.10483266258357142,62773.016823,64675.229454,SL,-0.0995936489612046,0.010483266258357143,0.010373244378975686,0.005239013622366552,0.005189216797885962,0.010428230420252513,-0.13087839001878995,-1.2484504999999897,1 days 04:15:00
15m,DEVELOPMENT,208,CLOSED,BTCUSDT,LONG,2024-04-29 15:45:00+00:00,2024-04-29 16:00:00+00:00,63039.07,63070.589535,2024-04-30 00:45:00+00:00,64332.0013257,64299.83532503716,0.00016414177657616104,10.352518615980731,0.10352518615980731,62439.88363965,64332.0013257,TP,0.2122240447913696,0.010352518615980731,0.010554289203806196,0.0051736724717543975,0.005279784494149262,0.010453456965903659,0.18086378000567901,1.7470510000000143,0 days 08:45:00
15m,DEVELOPMENT,209,CLOSED,BTCUSDT,LONG,2024-04-30 00:45:00+00:00,2024-04-30 01:00:00+00:00,64579.99,64612.279995,2024-04-30 01:45:00+00:00,63966.15719505,63934.17411645248,0.0001630216688484698,10.5332017128895,0.105332017128895,63966.15719505,65904.5255949,SL,-0.10006804825688591,0.0105332017128895,0.010422655760912726,0.005263968872008612,0.005213934847879641,0.010477903719888253,-0.13150180945057638,-1.248450499999989,0 days 00:45:00
15m,DEVELOPMENT,210,CLOSED,BTCUSDT,LONG,2024-05-01 23:45:00+00:00,2024-05-02 00:00:00+00:00,58364.97,58394.152485,2024-05-02 00:30:00+00:00,57810.21096015,57781.305854669925,0.0001781313852709808,10.401831273877935,0.10401831273877936,57810.21096015,59562.0355347,SL,-0.09881999626008033,0.010401831273877934,0.010292664054658587,0.00519831647869918,0.0051489064805692155,0.010347222959268395,-0.12986171454788525,-1.2484504999999981,0 days 00:30:00
15m,DEVELOPMENT,211,CLOSED,BTCUSDT,LONG,2024-05-02 11:00:00+00:00,2024-05-02 11:15:00+00:00,58135.45,58164.51772499999,2024-05-02 15:15:00+00:00,59327.80807949999,59298.14417546024,0.00017660422011713016,10.272099291312617,0.10272099291312618,57582.87254774999,59327.80807949999,TP,0.2105754687304556,0.010272099291312618,0.010472302506500301,0.005133482904203062,0.005238770638569342,0.010372253542772405,0.17945881338987027,1.7470510000000026,0 days 04:00:00
15m,DEVELOPMENT,212,CLOSED,BTCUSDT,LONG,2024-05-02 15:15:00+00:00,2024-05-02 15:30:00+00:00,59360.53,59390.210264999994,2024-05-02 20:30:00+00:00,58796.30816235,58766.910008268824,0.00017597814149056598,10.451378825168634,0.10451378825168633,58796.30816235,60578.0144703,SL,-0.09929071037803924,0.010451378825168634,0.01034169160439849,0.005223077873646687,0.005173432518458093,0.01039651039210478,-0.13048029119971116,-1.2484504999999926,0 days 05:00:00
15m,DEVELOPMENT,213,CLOSED,BTCUSDT,LONG,2024-05-03 02:00:00+00:00,2024-05-03 02:15:00+00:00,59751.96,59781.835979999996,2024-05-03 07:30:00+00:00,59184.01762019999,59154.425611389895,0.00017264489647596438,10.321028883910182,0.10321028883910183,59184.01762019999,60977.472699599995,SL,-0.09805235336488491,0.010321028883910182,0.010212709685773544,0.005157935474217477,0.005108909297535103,0.01026684477175258,-0.1288529367063212,-1.248450500000001,0 days 05:15:00
15m,DEVELOPMENT,214,CLOSED,BTCUSDT,LONG,2024-05-03 09:30:00+00:00,2024-05-03 09:45:00+00:00,59472.63,59502.36631499999,2024-05-03 10:30:00+00:00,58907.34265184999,58877.88898052407,0.00017129242587528775,10.192304671416355,0.10192304671416355,58907.34265184999,60692.413641299994,SL,-0.09682944118122296,0.010192304671416356,0.010085336433889841,0.005093605532940791,0.0050451908123506145,0.010138796345291405,-0.12724587863182057,-1.2484504999999975,0 days 00:45:00
15m,DEVELOPMENT,215,CLOSED,BTCUSDT,LONG,2024-05-03 12:30:00+00:00,2024-05-03 12:45:00+00:00,60461.94,60492.17097,2024-05-03 13:30:00+00:00,61702.0143894,61671.163382205305,0.00016638824082766107,10.065185911544408,0.10065185911544408,59887.2492603,61702.0143894,TP,0.20633379614770145,0.010065185911544408,0.01026135638496041,0.005030077916813279,0.005133244814886788,0.010163322731700068,0.1758439311194966,1.7470510000000088,0 days 00:45:00
15m,DEVELOPMENT,216,CLOSED,BTCUSDT,LONG,2024-05-03 13:30:00+00:00,2024-05-03 13:45:00+00:00,61541.95,61572.720975,2024-05-03 20:15:00+00:00,62804.175394499995,62772.773306802745,0.00016632128663859245,10.240854174401049,0.10240854174401048,60956.993765249994,62804.175394499995,TP,0.20993495164114453,0.01024085417440105,0.010440448422260124,0.0051178681531238715,0.005222835628944527,0.0103407037820684,0.17891294526241494,1.7470509999999968,0 days 06:30:00
15m,DEVELOPMENT,217,CLOSED,BTCUSDT,LONG,2024-05-03 20:15:00+00:00,2024-05-03 20:30:00+00:00,62764.38,62795.762189999994,2024-05-04 10:45:00+00:00,64051.677433799996,64019.6515950831,0.00016592820951716542,10.419588385452414,0.10419588385452415,62167.80456809999,64051.677433799996,TP,0.21359895830647554,0.010419588385452414,0.010622666163084882,0.005207190597426934,0.005313990076579771,0.010521180674006706,0.18203552308393156,1.7470510000000123,0 days 14:15:00
15m,DEVELOPMENT,218,CLOSED,BTCUSDT,LONG,2024-05-04 10:45:00+00:00,2024-05-04 11:00:00+00:00,64420.9,64453.11045,2024-05-04 11:45:00+00:00,63808.5793455,63776.675055827254,0.00016448301689165305,10.60144205486693,0.10601442054866929,63808.5793455,65742.172659,SL,-0.10071634855723145,0.01060144205486693,0.010490179920501103,0.005298071991437528,0.005247713817158774,0.010545785808596303,-0.13235375634119578,-1.2484504999999937,0 days 00:45:00
15m,DEVELOPMENT,219,CLOSED,BTCUSDT,LONG,2024-05-04 14:45:00+00:00,2024-05-04 15:00:00+00:00,63819.08,63850.989539999995,2024-05-05 01:15:00+00:00,63212.4796446,63180.8734047777,0.00016396332453864337,10.469220520060542,0.10469220520060542,63212.4796446,65128.0093308,SL,-0.09946021093770749,0.010469220520060543,0.010359346050702508,0.005231994262897721,0.00518226415742882,0.01041425842032654,-0.1307030359287971,-1.2484504999999873,0 days 10:15:00
15m,DEVELOPMENT,220,CLOSED,BTCUSDT,LONG,2024-05-05 10:00:00+00:00,2024-05-05 10:15:00+00:00,63763.99,63795.871994999994,2024-05-06 08:15:00+00:00,65071.7894349,65039.25354018255,0.0001620582607195259,10.338648056595211,0.10338648056595212,63157.91327504999,65071.7894349,TP,0.21193970178987287,0.010338648056595212,0.010540148307218253,0.005166740657967989,0.005272710508862967,0.010439451166830956,0.18062145425922846,1.747051000000012,0 days 22:00:00
15m,DEVELOPMENT,221,CLOSED,BTCUSDT,LONG,2024-05-06 08:15:00+00:00,2024-05-06 08:30:00+00:00,65390.94,65423.63547,2024-05-06 10:15:00+00:00,64769.3991153,64737.01441574236,0.00016078423331679148,10.519089069841195,0.10519089069841195,64769.3991153,66732.1081794,SL,-0.09993397462152977,0.010519089069841196,0.010408691230053214,0.005256916076881955,0.0052069490895707395,0.010463865166452695,-0.13132562008787688,-1.2484504999999917,0 days 01:45:00
15m,DEVELOPMENT,222,CLOSED,BTCUSDT,LONG,2024-05-07 07:15:00+00:00,2024-05-07 07:30:00+00:00,63821.98,63853.89099,2024-05-07 13:45:00+00:00,63215.3520801,63183.74440405995,0.00016268224979125868,10.387894644178981,0.10387894644178981,63215.3520801,65130.968809800004,SL,-0.09868759479552436,0.010387894644178981,0.010278873689888323,0.005191351646265816,0.005142007848868027,0.010333359495133844,-0.1296877226247255,-1.248450499999998,0 days 06:15:00
15m,DEVELOPMENT,223,CLOSED,BTCUSDT,LONG,2024-05-08 18:15:00+00:00,2024-05-08 18:30:00+00:00,62703.41,62734.761705,2024-05-08 19:15:00+00:00,62107.41408795,62076.36038090602,0.0001635191750302149,10.258336479718718,0.10258336479718719,62107.41408795,63989.4569391,SL,-0.09745675985979751,0.010258336479718718,0.01015067523836407,0.0051266049373896285,0.005077876557460767,0.010204481494850395,-0.1280702530727307,-1.2484504999999997,0 days 00:45:00
15m,DEVELOPMENT,224,CLOSED,BTCUSDT,LONG,2024-05-09 15:15:00+00:00,2024-05-09 15:30:00+00:00,62196.61,62227.708305,2024-05-10 14:45:00+00:00,61605.43122195,61574.628506339024,0.00016279555273519163,10.13039416895675,0.1013039416895675,61605.43122195,63472.2624711,SL,-0.0962412759379652,0.01013039416895675,0.010024075682153548,0.005062665751602496,0.005014545113633542,0.010077210865236039,-0.12647295665431155,-1.2484505000000017,0 days 23:15:00
15m,DEVELOPMENT,225,CLOSED,BTCUSDT,LONG,2024-05-11 16:15:00+00:00,2024-05-11 16:30:00+00:00,61302.01,61332.661005,2024-05-12 07:30:00+00:00,60719.33439495,60688.974727752524,0.00016311125907445833,10.004047558912482,0.10004047558912482,60719.33439495,62559.3142251,SL,-0.09504095157167802,0.010004047558912483,0.009899055079781697,0.0049995240174474705,0.004952003541661476,0.009951527559108947,-0.12489558176948115,-1.2484505000000048,0 days 15:00:00
15m,DEVELOPMENT,226,CLOSED,BTCUSDT,LONG,2024-05-12 10:15:00+00:00,2024-05-12 10:30:00+00:00,61280.0,61310.64,2024-05-13 08:00:00+00:00,62536.8528,62505.5843736,0.000161134784238983,9.879276747953961,0.0987927674795396,60697.5336,62536.8528,TP,0.20252270474816175,0.009879276747953962,0.010071823851771583,0.004937169789082345,0.0050384311414562195,0.009975600930538564,0.17259600321789764,1.747051000000005,0 days 21:30:00
15m,DEVELOPMENT,227,CLOSED,BTCUSDT,LONG,2024-05-13 08:00:00+00:00,2024-05-13 08:15:00+00:00,62672.0,62703.335999999996,2024-05-14 06:00:00+00:00,62076.302639999994,62045.26448868,0.00016030567062001649,10.051700327592222,0.10051700327592222,62076.302639999994,63957.40272,SL,-0.09549366478137428,0.010051700327592223,0.00994620773265414,0.005023338494548146,0.004975591662157712,0.009998930156705858,-0.1254905029983265,-1.2484504999999977,0 days 21:45:00
15m,DEVELOPMENT,228,CLOSED,BTCUSDT,LONG,2024-05-15 03:00:00+00:00,2024-05-15 03:15:00+00:00,61925.09,61956.05254499999,2024-05-15 12:30:00+00:00,63195.17359589999,63163.57600910205,0.00016021574619399856,9.926335189731757,0.09926335189731758,61336.492019549994,63195.17359589999,TP,0.2034873910458748,0.009926335189731758,0.01011979946257963,0.004960687251239436,0.005062430946762111,0.010023118198001547,0.17341813819556184,1.7470510000000128,0 days 09:15:00
15m,DEVELOPMENT,229,CLOSED,BTCUSDT,LONG,2024-05-15 12:30:00+00:00,2024-05-15 12:45:00+00:00,63666.04,63697.87302,2024-05-15 15:15:00+00:00,64971.8304804,64939.3445651598,0.00015855443210580878,10.099580083034018,0.10099580083034018,63060.894289799995,64971.8304804,TP,0.20703886806899308,0.01009958008303402,0.010296420898852352,0.005047266408312569,0.005150785842347138,0.010198052250659707,0.176444814836447,1.7470510000000035,0 days 02:30:00
15m,DEVELOPMENT,230,CLOSED,BTCUSDT,LONG,2024-05-15 15:15:00+00:00,2024-05-15 15:30:00+00:00,64879.98,64912.41999,2024-05-15 19:30:00+00:00,66210.6683898,66177.5630556051,0.00015830327433343587,10.275848629324177,0.10275848629324177,64263.295790100005,66210.6683898,TP,0.21065232922282767,0.010275848629324177,0.010476124919109707,0.005135356636343749,0.005240682800955478,0.010376039437299228,0.17952431623709456,1.7470510000000021,0 days 04:00:00
15m,DEVELOPMENT,231,CLOSED,BTCUSDT,LONG,2024-05-15 19:30:00+00:00,2024-05-15 19:45:00+00:00,66401.97,66435.170985,2024-05-15 20:00:00+00:00,65770.81927515,65737.93386551243,0.00015737437633675427,10.45519360059001,0.1045519360059001,65770.81927515,67763.87440470001,SL,-0.09932695169775889,0.01045519360059001,0.010345466343751816,0.005224984308141426,0.005175320832291675,0.010400305140433101,-0.1305279167825338,-1.2484504999999984,0 days 00:15:00
15m,DEVELOPMENT,232,CLOSED,BTCUSDT,LONG,2024-05-15 21:30:00+00:00,2024-05-15 21:45:00+00:00,65981.98,66014.97098999999,2024-05-16 16:30:00+00:00,65354.82128009999,65322.14386945994,0.0001564008273652161,10.324796081326738,0.10324796081326738,65354.82128009999,67335.27040979998,SL,-0.09808814268167076,0.010324796081326738,0.010216437346453213,0.005159818131596186,0.005110774060256429,0.010270592191852616,-0.12889996830130332,-1.2484504999999928,0 days 18:45:00
15m,DEVELOPMENT,233,CLOSED,BTCUSDT,LONG,2024-05-17 06:30:00+00:00,2024-05-17 06:45:00+00:00,65852.85,65885.776425,2024-05-17 15:15:00+00:00,67203.49195350001,67169.89020752326,0.00015475305046801742,10.196024884222538,0.10196024884222539,65226.91866075,67203.49195350001,TP,0.2090159623942075,0.010196024884222539,0.010394745409216036,0.005095464709756055,0.005199972690952924,0.01029543740070898,0.17812975470005996,1.7470510000000121,0 days 08:30:00
15m,DEVELOPMENT,234,CLOSED,BTCUSDT,LONG,2024-05-17 15:15:00+00:00,2024-05-17 15:30:00+00:00,67392.01,67425.70600499999,2024-05-17 17:00:00+00:00,66751.44894494998,66718.07322047751,0.00015385788747025375,10.3739766871197,0.10373976687119701,66751.44894494998,68774.2201251,SL,-0.09855537072571195,0.010373976687119701,0.01026510180178838,0.0051843961454856756,0.005135118460123376,0.010319514605609051,-0.1295139638202291,-1.2484504999999975,0 days 01:30:00
15m,DEVELOPMENT,235,CLOSED,BTCUSDT,LONG,2024-05-17 19:15:00+00:00,2024-05-17 19:30:00+00:00,66897.99,66931.438995,2024-05-19 19:00:00+00:00,66262.12460505,66228.99354274748,0.00015306098690996348,10.244592107878715,0.10244592107878715,66262.12460505,68270.0677749,SL,-0.09732618489294076,0.010244592107878715,0.010137075113706527,0.005119736185846255,0.005071073093399221,0.010190809279245476,-0.12789866139377148,-1.2484504999999915,1 days 23:30:00
15m,DEVELOPMENT,236,CLOSED,BTCUSDT,LONG,2024-05-20 04:30:00+00:00,2024-05-20 04:45:00+00:00,67055.0,67088.5275,2024-05-20 06:45:00+00:00,66417.64222499999,66384.4334038875,0.00015079808119764515,10.116821217375449,0.10116821217375449,66417.64222499999,68430.29805,SL,-0.09611232950640215,0.010116821217375449,0.010010645178699094,0.005055882667353522,0.005007826502599905,0.010063709169953427,-0.12630350507243013,-1.2484505000000024,0 days 02:00:00
15m,DEVELOPMENT,237,CLOSED,BTCUSDT,LONG,2024-05-20 10:00:00+00:00,2024-05-20 10:15:00+00:00,67045.17,67078.692585,2024-05-20 17:00:00+00:00,68420.2664367,68386.05630348164,0.0001489391564537567,9.990643889630764,0.09990643889630764,66407.90565915,68420.2664367,TP,0.20480570332466433,0.009990643889630764,0.010185361539039667,0.004992825532049178,0.005095228383711985,0.010088053915761164,0.17454164398023272,1.7470509999999957,0 days 06:45:00
15m,DEVELOPMENT,238,CLOSED,BTCUSDT,LONG,2024-05-20 17:00:00+00:00,2024-05-20 17:15:00+00:00,68399.8,68433.9999,2024-05-20 19:30:00+00:00,69802.679898,69767.77855805101,0.00014853744017868367,10.165011166334294,0.10165011166334294,67749.65990099999,69802.679898,TP,0.20838018892705273,0.010165011166334293,0.010363127233966152,0.005079965600365826,0.005184155694829338,0.010264121295195165,0.17758792923155714,1.7470510000000217,0 days 02:15:00
15m,DEVELOPMENT,239,CLOSED,BTCUSDT,LONG,2024-05-20 19:30:00+00:00,2024-05-20 19:45:00+00:00,69741.11,69775.980555,2024-05-20 21:00:00+00:00,69078.22074945,69043.68163907528,0.00014822323674684677,10.342421685047142,0.10342421685047143,69078.22074945,71171.5001661,SL,-0.09825559032121205,0.010342421685047143,0.010233877969462572,0.005168626529259139,0.005119498734098225,0.010288125263357364,-0.12912001523907912,-1.2484504999999966,0 days 01:15:00
15m,DEVELOPMENT,240,CLOSED,BTCUSDT,LONG,2024-05-20 21:45:00+00:00,2024-05-20 22:00:00+00:00,69717.8,69752.6589,2024-05-20 23:15:00+00:00,71147.712078,71112.138221961,0.0001464235316889444,10.21343066083228,0.1021343066083228,69055.132311,71147.712078,TP,0.20937277646543645,0.01021343066083228,0.010412490424411901,0.005104163248790572,0.005208849637024732,0.010313012885815303,0.178433842494377,1.7470510000000004,0 days 01:15:00
15m,DEVELOPMENT,241,CLOSED,BTCUSDT,LONG,2024-05-20 23:15:00+00:00,2024-05-20 23:30:00+00:00,71432.01,71467.72600499999,2024-05-21 01:15:00+00:00,70753.04874494999,70717.67222057751,0.0001454039022734924,10.391686247739749,0.1039168624773975,70753.04874494999,72897.08052509998,SL,-0.09872361597677828,0.01039168624773975,0.010282625500569721,0.0051932465006188045,0.005143884692631531,0.010337131193250335,-0.1297350589183381,-1.2484504999999995,0 days 01:45:00
15m,DEVELOPMENT,242,CLOSED,BTCUSDT,LONG,2024-05-21 05:30:00+00:00,2024-05-21 05:45:00+00:00,71083.28,71118.82164,2024-05-21 14:15:00+00:00,70407.6334236,70372.4296068882,0.0001442948653764404,10.262080794274876,0.10262080794274876,70407.6334236,72541.19807279999,SL,-0.09749233178369117,0.010262080794274877,0.010154380256338962,0.005128476159057306,0.005079729993166172,0.010208206152223478,-0.12811699898652848,-1.2484504999999981,0 days 08:30:00
15m,DEVELOPMENT,243,CLOSED,BTCUSDT,LONG,2024-05-22 10:45:00+00:00,2024-05-22 11:00:00+00:00,70190.0,70225.095,2024-05-22 12:45:00+00:00,69522.84405,69488.082627975,0.00014430869455282796,10.134091784298326,0.10134091784298326,69522.84405,71629.5969,SL,-0.09627640420765181,0.010134091784298326,0.010027734491022117,0.005064513635331665,0.005016375433227114,0.01008088906855878,-0.12651911955153103,-1.2484504999999966,0 days 01:45:00
15m,DEVELOPMENT,244,CLOSED,BTCUSDT,LONG,2024-05-22 15:30:00+00:00,2024-05-22 15:45:00+00:00,70500.5,70535.75025,2024-05-22 17:30:00+00:00,69830.3927475,69795.47755112624,0.00014188123075182886,10.00769905747362,0.1000769905747362,69830.3927475,71946.465255,SL,-0.09507564172042732,0.01000769905747362,0.009902668255865435,0.005001348854309275,0.004953811033449887,0.009955159887759163,-0.12494116892152553,-1.2484505000000083,0 days 01:45:00
15m,DEVELOPMENT,245,CLOSED,BTCUSDT,LONG,2024-05-23 11:15:00+00:00,2024-05-23 11:30:00+00:00,69928.7,69963.66434999999,2024-05-23 12:45:00+00:00,69264.0277065,69229.39569264675,0.00014125736261417913,9.882882704904667,0.09882882704904666,69264.0277065,71362.937637,SL,-0.09388985518252757,0.009882882704904667,0.009779161850916693,0.0049389718665183305,0.004892026938927311,0.009830998805445641,-0.12338289854379457,-1.2484504999999873,0 days 01:15:00
15m,DEVELOPMENT,246,CLOSED,BTCUSDT,LONG,2024-05-24 15:00:00+00:00,2024-05-24 15:15:00+00:00,68194.46,68228.55723,2024-05-25 11:15:00+00:00,69593.12837460001,69558.33181041271,0.0001430430814050467,9.759623065999778,0.09759623065999778,67546.27165770001,69593.12837460001,TP,0.2000698341665729,0.009759623065999777,0.009949838119556114,0.004877372846576514,0.004977407763660109,0.009854780610236622,0.1705055923707804,1.7470510000000061,0 days 20:00:00
15m,DEVELOPMENT,247,CLOSED,BTCUSDT,LONG,2024-05-25 11:15:00+00:00,2024-05-25 11:30:00+00:00,69544.4,69579.17219999999,2024-05-25 13:30:00+00:00,68883.38047799999,68848.938787761,0.00014271452230806285,9.929958323113445,0.09929958323113444,68883.38047799999,70970.75564399999,SL,-0.09433708531853438,0.009929958323113445,0.00982574341051237,0.004962497912599303,0.004915329369940161,0.009877827282539465,-0.12397061433469965,-1.2484504999999824,0 days 02:00:00
15m,DEVELOPMENT,248,CLOSED,BTCUSDT,LONG,2024-05-25 15:00:00+00:00,2024-05-25 15:15:00+00:00,69180.0,69214.59,2024-05-26 21:30:00+00:00,68522.4441,68488.18287794999,0.0001416769434818051,9.806111555546313,0.09806111555546312,68522.4441,70598.8818,SL,-0.09316051008042843,0.009806111555546313,0.009703196414770854,0.004900605475035144,0.00485402521999562,0.009754630695030764,-0.12242444874577636,-1.2484505000000066,1 days 06:15:00
15m,DEVELOPMENT,249,CLOSED,BTCUSDT,LONG,2024-05-27 14:15:00+00:00,2024-05-27 14:30:00+00:00,69058.32,69092.84916,2024-05-27 15:30:00+00:00,70474.7061432,70439.4687901284,0.0001401564637538988,9.683809408947138,0.09683809408947137,68401.9206684,70474.7061432,TP,0.198515673140935,0.009683809408947138,0.00987254685432752,0.004839484961991305,0.00493874279856297,0.009778227760554276,0.16918108911710608,1.7470510000000106,0 days 01:00:00
15m,DEVELOPMENT,250,CLOSED,BTCUSDT,LONG,2024-05-27 15:30:00+00:00,2024-05-27 15:45:00+00:00,70318.56,70353.71927999999,2024-05-27 19:45:00+00:00,69650.1820872,69615.3569961564,0.000140046917019043,9.852821485987205,0.09852821485987205,69650.1820872,71760.7936656,SL,-0.0936042660912631,0.009852821485987205,0.009749416124491771,0.004923948768608259,0.004877146635562134,0.009801095404170393,-0.12300759910591247,-1.2484504999999775,0 days 04:00:00
15m,DEVELOPMENT,251,CLOSED,BTCUSDT,LONG,2024-05-27 21:00:00+00:00,2024-05-27 21:15:00+00:00,69725.96,69760.82298,2024-05-28 01:45:00+00:00,69063.2147502,69028.6831428249,0.00013947565920180153,9.729936771595684,0.09729936771595683,69063.2147502,71156.0394396,SL,-0.09243683059871842,0.009729936771595685,0.009627821085177788,0.004862537117237937,0.004816318701940127,0.009678855819178064,-0.12147344427466995,-1.248450499999998,0 days 04:30:00
15m,DEVELOPMENT,252,CLOSED,BTCUSDT,LONG,2024-05-28 22:00:00+00:00,2024-05-28 22:15:00+00:00,68572.52,68606.80626,2024-05-29 08:00:00+00:00,67920.7381974,67886.7778283013,0.00014005293648270746,9.608584679413196,0.09608584679413197,67920.7381974,69978.9423852,SL,-0.09128395540012268,0.009608584679413196,0.009507742583202757,0.0048018913940086816,0.004756249416309353,0.009558140810318035,-0.11995842347305669,-1.248450499999992,0 days 09:45:00
15m,DEVELOPMENT,253,CLOSED,BTCUSDT,LONG,2024-05-30 02:15:00+00:00,2024-05-30 02:30:00+00:00,68098.52,68132.56926,2024-05-30 08:00:00+00:00,67451.2435674,67417.5179456163,0.00013926887239955858,9.488746094525029,0.09488746094525029,67451.2435674,69495.22064520001,SL,-0.09014545889901135,0.00948874609452503,0.009389161704262987,0.0047420020462393625,0.004696929316789672,0.009438931363029035,-0.11846229806082839,-1.2484505000000021,0 days 05:30:00
15m,DEVELOPMENT,254,CLOSED,BTCUSDT,LONG,2024-05-30 11:15:00+00:00,2024-05-30 11:30:00+00:00,68092.46,68126.50623,2024-05-30 17:45:00+00:00,69489.0363546,69454.29183642271,0.0001375441463089734,9.370402140418307,0.09370402140418307,67445.2411677,69489.0363546,TP,0.19209090244875435,0.009370402140418307,0.009553031278135062,0.004682859640387948,0.0047789050916123435,0.009461764732000291,0.16370570429820067,1.747051000000013,0 days 06:15:00
15m,DEVELOPMENT,255,CLOSED,BTCUSDT,LONG,2024-05-30 17:45:00+00:00,2024-05-30 18:00:00+00:00,69315.1,69349.75755,2024-05-30 19:30:00+00:00,68656.25997449999,68621.93184451274,0.0001374762456188915,9.533944302554374,0.09533944302554374,68656.25997449999,70736.75270099999,SL,-0.09057485316919694,0.009533944302554375,0.009433885557099066,0.0047645898563474995,0.004719302429763995,0.009483892286111495,-0.11902657531496187,-1.2484505000000028,0 days 01:30:00
15m,DEVELOPMENT,256,CLOSED,BTCUSDT,LONG,2024-05-31 00:45:00+00:00,2024-05-31 01:00:00+00:00,68460.01,68494.24000499999,2024-05-31 14:00:00+00:00,67809.29760494998,67775.39295614751,0.0001374573487379344,9.41503663490706,0.0941503663490706,67809.29760494998,69864.12480509999,SL,-0.08944520061448576,0.00941503663490706,0.009316225825423711,0.004705165734584911,0.004660443134279134,0.009365608868864044,-0.11754207194368058,-1.2484505000000021,0 days 13:00:00
15m,DEVELOPMENT,257,CLOSED,BTCUSDT,LONG,2024-06-01 17:45:00+00:00,2024-06-01 18:00:00+00:00,67791.02,67824.91551,2024-06-03 06:30:00+00:00,69181.4138202,69146.82311328991,0.00013708254433785253,9.297611987610678,0.09297611987610678,67146.66635490001,69181.4138202,TP,0.19059872250464252,0.009297611987610678,0.00947882244524921,0.004646482752429413,0.004741782113680625,0.009388264866110038,0.16243402320567263,1.7470510000000044,1 days 12:30:00
15m,DEVELOPMENT,258,CLOSED,BTCUSDT,LONG,2024-06-03 06:30:00+00:00,2024-06-03 06:45:00+00:00,69166.22,69200.80311,2024-06-03 14:45:00+00:00,68508.79507889999,68474.54068136054,0.0001367019357279378,9.459883739064896,0.09459883739064896,68508.79507889999,70584.81917219999,SL,-0.08987125931015859,0.009459883739064897,0.00936060225922341,0.004727578080491151,0.004682642450837264,0.009410220531328416,-0.11810196583977531,-1.2484505000000097,0 days 08:00:00
15m,DEVELOPMENT,259,CLOSED,BTCUSDT,LONG,2024-06-03 15:45:00+00:00,2024-06-03 16:00:00+00:00,69615.27,69650.077635,2024-06-03 16:45:00+00:00,68953.57685864999,68919.10007022067,0.00013412619302684834,9.341899757206981,0.09341899757206981,68953.57685864999,71043.0791877,SL,-0.08875038200125353,0.009341899757206982,0.009243856519255094,0.004668615570816756,0.004624240379817469,0.009292855950634225,-0.11662899422834982,-1.2484505000000052,0 days 00:45:00
15m,DEVELOPMENT,260,CLOSED,BTCUSDT,LONG,2024-06-03 17:30:00+00:00,2024-06-03 17:45:00+00:00,69339.07,69373.739535,2024-06-04 00:15:00+00:00,68680.00213965,68645.66213858017,0.00013298097143525102,9.22538727546038,0.0922538727546038,68680.00213965,70761.2143257,SL,-0.08764348431109706,0.00922538727546038,0.009128566836004423,0.004610388443507588,0.004566566701352783,0.00917695514486037,-0.11517439356742223,-1.2484505000000081,0 days 06:30:00
15m,DEVELOPMENT,261,CLOSED,BTCUSDT,LONG,2024-06-04 03:00:00+00:00,2024-06-04 03:15:00+00:00,69332.22,69366.88610999999,2024-06-04 09:15:00+00:00,68673.2172489,68638.88064027554,0.00013133540298724522,9.110327941227192,0.09110327941227192,68673.2172489,70754.22383219999,SL,-0.08655039188542281,0.009110327941227193,0.009014715049484012,0.004552887526848993,0.004509612330907405,0.009062499857756399,-0.1137379347338904,-1.2484504999999981,0 days 06:00:00
15m,DEVELOPMENT,262,CLOSED,BTCUSDT,LONG,2024-06-04 13:15:00+00:00,2024-06-04 13:30:00+00:00,69429.78,69464.49489,2024-06-04 16:15:00+00:00,70853.7847878,70818.35789540611,0.0001295151378420068,8.996703630803728,0.08996703630803728,68769.8499411,70853.7847878,TP,0.18443017637959516,0.008996703630803727,0.009172049384568092,0.004496103763520482,0.004588318851709172,0.009084422615229654,0.15717700074899368,1.7470510000000095,0 days 02:45:00
15m,DEVELOPMENT,263,CLOSED,BTCUSDT,LONG,2024-06-04 16:15:00+00:00,2024-06-04 16:30:00+00:00,70863.21,70898.641605,2024-06-04 19:30:00+00:00,70189.65518895,70154.56036135553,0.0001291099999146726,9.153723611571953,0.09153723611571954,70189.65518895,72316.6144371,SL,-0.08696266159719404,0.009153723611571954,0.009057655282268507,0.004574574518525509,0.004531093187727261,0.00910566770625277,-0.11427970819728726,-1.2484504999999906,0 days 03:00:00
15m,DEVELOPMENT,264,CLOSED,BTCUSDT,LONG,2024-06-04 21:45:00+00:00,2024-06-04 22:00:00+00:00,70620.01,70655.32000499999,2024-06-07 17:45:00+00:00,69948.76680494999,69913.79242154752,0.00012793881718004574,9.039558068917321,0.09039558068917321,69948.76680494999,72068.42640509999,SL,-0.08587806041485213,0.009039558068917321,0.008944687906984036,0.004517520274320489,0.004474581244113469,0.008992101518433958,-0.11285440790918745,-1.2484504999999868,2 days 19:45:00
15m,DEVELOPMENT,265,CLOSED,BTCUSDT,LONG,2024-06-09 09:30:00+00:00,2024-06-09 09:45:00+00:00,69359.76,69394.43987999999,2024-06-11 01:45:00+00:00,68700.49548119999,68666.14523345939,0.00012863878457857768,8.92681640267438,0.0892681640267438,68700.49548119999,70782.32867759999,SL,-0.08480698641421318,0.00892681640267438,0.008833129464528312,0.004461177612530416,0.004418774119323821,0.008879951731854237,-0.11144688401327012,-1.248450499999998,1 days 16:00:00
15m,DEVELOPMENT,266,CLOSED,BTCUSDT,LONG,2024-06-12 02:15:00+00:00,2024-06-12 02:30:00+00:00,67529.25,67563.014625,2024-06-12 12:30:00+00:00,68914.27491749999,68879.81778004125,0.00013047790870698698,8.815480854209575,0.08815480854209576,66887.38447875,68914.27491749999,TP,0.1807151547424661,0.008815480854209575,0.008987294576058121,0.004405537658275149,0.004495895235645508,0.008901432893920657,0.15401094641827773,1.747051000000009,0 days 10:00:00
15m,DEVELOPMENT,267,CLOSED,BTCUSDT,LONG,2024-06-12 12:30:00+00:00,2024-06-12 12:45:00+00:00,69417.98,69452.68899,2024-06-12 18:45:00+00:00,68758.16210009999,68723.78301904994,0.00012914313432601518,8.969337943538525,0.08969337943538525,68758.16210009999,70841.7427698,SL,-0.08521095167749601,0.008969337943538526,0.008875204741821087,0.004482427757890211,0.004439822282051627,0.008922250039941838,-0.11197774440279747,-1.2484505000000117,0 days 06:00:00
15m,DEVELOPMENT,268,CLOSED,BTCUSDT,LONG,2024-06-14 08:00:00+00:00,2024-06-14 08:15:00+00:00,67188.9,67222.49444999998,2024-06-14 15:45:00+00:00,66550.26950549998,66516.99437074723,0.00013176351364947383,8.857472065014251,0.08857472065014252,66550.26950549998,68566.94433899998,SL,-0.08414819787902303,0.00885747206501425,0.008764512895691925,0.004426522771120195,0.004384448672182307,0.008810971443302503,-0.11058115428303171,-1.2484505000000108,0 days 07:30:00
15m,DEVELOPMENT,269,CLOSED,BTCUSDT,LONG,2024-06-15 04:00:00+00:00,2024-06-15 04:15:00+00:00,66322.36,66355.52118,2024-06-17 09:45:00+00:00,65691.96596819999,65659.11998521589,0.0001318202498581418,8.747001381414819,0.08747001381414819,65691.96596819999,67682.63160359999,SL,-0.08309869878095864,0.008747001381414819,0.00865520160191687,0.004371315033190223,0.004329765683800505,0.008701080716990727,-0.10920198248128106,-1.2484505000000097,2 days 05:30:00
15m,DEVELOPMENT,270,CLOSED,BTCUSDT,LONG,2024-06-17 18:00:00+00:00,2024-06-17 18:15:00+00:00,66874.94,66908.37746999999,2024-06-17 20:00:00+00:00,66239.29369529999,66206.17404845235,0.00012910055240386226,8.637908491823131,0.0863790849182313,66239.29369529999,68246.5450194,SL,-0.0820622890702456,0.00863790849182313,0.008547253642201448,0.004316795847986261,0.0042757647034512855,0.008592560551437547,-0.10784001175570772,-1.2484504999999928,0 days 01:45:00
15m,DEVELOPMENT,271,CLOSED,BTCUSDT,LONG,2024-06-19 01:00:00+00:00,2024-06-19 01:15:00+00:00,65345.47,65378.142734999994,2024-06-19 20:15:00+00:00,64724.36130765,64691.999126996176,0.0001304744346581185,8.530176212346902,0.08530176212346902,64724.36130765,66685.7055897,SL,-0.08103880549561006,0.008530176212346903,0.008440652012998321,0.0042629566278585855,0.00422243722511123,0.008485393852969815,-0.1064950275739251,-1.24845049999999,0 days 19:00:00
15m,DEVELOPMENT,272,CLOSED,BTCUSDT,LONG,2024-06-20 01:30:00+00:00,2024-06-20 01:45:00+00:00,65247.02,65279.643509999994,2024-06-20 16:00:00+00:00,64626.8470749,64594.53365136255,0.00012904156825123433,8.42378757341191,0.0842378757341191,64626.8470749,66585.23638019999,SL,-0.08002808684185925,0.00842378757341191,0.008335379922828954,0.004209788892259519,0.004169774848838314,0.008379563741097832,-0.10516681807919795,-1.2484504999999892,0 days 14:15:00
15m,DEVELOPMENT,273,CLOSED,BTCUSDT,LONG,2024-06-22 02:00:00+00:00,2024-06-22 02:15:00+00:00,64302.81,64334.961404999995,2024-06-23 20:30:00+00:00,63691.611790949995,63659.765985054524,0.00012930334666280723,8.318725817089039,0.08318725817089039,63691.611790949995,65621.6606331,SL,-0.07902997390447937,0.00831872581708904,0.00823142078963869,0.0041572842664109105,0.004117769279458574,0.008275053545869484,-0.10385517405707659,-1.2484504999999928,1 days 18:15:00
15m,DEVELOPMENT,274,CLOSED,BTCUSDT,LONG,2024-06-25 03:30:00+00:00,2024-06-25 03:45:00+00:00,61580.88,61611.670439999994,2024-06-25 05:30:00+00:00,60995.55373559999,60965.05595873219,0.00013333471298192898,8.214974394454597,0.08214974394454597,60995.55373559999,62843.90384879999,SL,-0.07804430946455948,0.008214974394454597,0.008128758238184796,0.00410543447998691,0.0040664123252550245,0.008171846805241936,-0.1025598889024408,-1.248450500000005,0 days 01:45:00
15m,DEVELOPMENT,275,CLOSED,BTCUSDT,LONG,2024-06-25 09:00:00+00:00,2024-06-25 09:15:00+00:00,60922.0,60952.460999999996,2024-06-25 18:45:00+00:00,62171.51022,62140.42446489,0.00013309580663172285,8.112516962983628,0.08112516962983628,60342.936389999995,62171.51022,TP,0.166304570625481,0.008112516962983629,0.00827062991859218,0.004054231365808337,0.004137383651121383,0.00819161501692972,0.1417298087269755,1.7470510000000048,0 days 09:30:00
15m,DEVELOPMENT,276,CLOSED,BTCUSDT,LONG,2024-06-25 18:45:00+00:00,2024-06-25 19:00:00+00:00,62159.09,62190.16954499999,2024-06-26 05:15:00+00:00,61568.267849549986,61537.48371562521,0.0001327236321090512,8.254105183490099,0.08254105183490099,61568.267849549986,63433.97293589999,SL,-0.07841606173820571,0.0082541051834901,0.00816747834958937,0.0041249900966958035,0.00408578206582763,0.008210772162523434,-0.1030484174338086,-1.2484505000000066,0 days 10:15:00
15m,DEVELOPMENT,277,CLOSED,BTCUSDT,LONG,2024-06-27 12:15:00+00:00,2024-06-27 12:30:00+00:00,61496.16,61526.90808,2024-06-28 14:30:00+00:00,60911.638999200004,60881.183179700405,0.00013248121782634935,8.151159711528253,0.08151159711528254,60911.638999200004,62757.4462416,SL,-0.07743805403106045,0.008151159711528253,0.008065613290355765,0.0040735430842216945,0.004034824057206336,0.00810836714142803,-0.1017631941743725,-1.2484504999999935,1 days 02:00:00
15m,DEVELOPMENT,278,CLOSED,BTCUSDT,LONG,2024-06-29 07:00:00+00:00,2024-06-29 07:15:00+00:00,60952.01,60982.486005,2024-06-30 20:15:00+00:00,62202.1357251,62171.034657237455,0.0001319968847814197,8.049498178886525,0.08049498178886526,60372.66114495,62202.1357251,TP,0.1650127012983133,0.008049498178886526,0.008206382898393023,0.004022737720582549,0.004105244071231625,0.008127981791814173,0.14062883842921958,1.7470510000000092,1 days 13:00:00
15m,DEVELOPMENT,279,CLOSED,BTCUSDT,LONG,2024-06-30 20:15:00+00:00,2024-06-30 20:30:00+00:00,62270.01,62301.145005,2024-07-01 01:00:00+00:00,63547.1679051,63515.394321147454,0.0001314580418756088,8.189986528965665,0.08189986528965665,61678.13355495,63547.1679051,TP,0.1678926773704007,0.008189986528965666,0.008349609366415206,0.004092946791086823,0.004176893129772293,0.008269839920859116,0.14308324155416072,1.7470510000000095,0 days 04:30:00
15m,DEVELOPMENT,280,CLOSED,BTCUSDT,LONG,2024-07-01 01:00:00+00:00,2024-07-01 01:15:00+00:00,63644.0,63675.822,2024-07-01 08:30:00+00:00,63039.06378,63007.54424811,0.00013086484898802836,8.332926830218573,0.08332926830218573,63039.06378,64949.33844,SL,-0.07916488707768912,0.008332926830218574,0.00824547276313543,0.004164381224497054,0.004124798780957308,0.008289180005454363,-0.1040324666764975,-1.2484504999999948,0 days 07:15:00
15m,DEVELOPMENT,281,CLOSED,BTCUSDT,LONG,2024-07-01 16:00:00+00:00,2024-07-01 16:15:00+00:00,63282.0,63313.640999999996,2024-07-02 07:00:00+00:00,62680.50459,62649.164337705,0.00012997196436831385,8.228998292080215,0.08228998292080215,62680.50459,64579.913819999994,SL,-0.07817753999622475,0.008228998292080215,0.008142634955004833,0.004112442924577297,0.004073354154579474,0.00818579707915677,-0.10273497032246656,-1.2484504999999957,0 days 14:45:00
15m,DEVELOPMENT,282,CLOSED,BTCUSDT,LONG,2024-07-05 15:15:00+00:00,2024-07-05 15:30:00+00:00,56522.01,56550.271005,2024-07-05 18:15:00+00:00,55984.76829495,55956.77591080253,0.00014370162705988138,8.126365954095734,0.08126365954095734,55984.76829495,57681.276425100004,SL,-0.07720250714011,0.008126365954095735,0.008041079743407498,0.004061152400847486,0.004022551147277214,0.0080837035481247,-0.10145365638573792,-1.2484504999999995,0 days 02:45:00
15m,DEVELOPMENT,283,CLOSED,BTCUSDT,LONG,2024-07-05 19:15:00+00:00,2024-07-05 19:30:00+00:00,56731.99,56760.355995,2024-07-06 02:00:00+00:00,56192.752435049995,56164.65605883247,0.00014138413174718284,8.02501365001408,0.08025013650014079,56192.752435049995,57895.5631149,SL,-0.07623963492592124,0.00802501365001408,0.00794079113175718,0.0040105015742199455,0.003972381756756737,0.007982883330976683,-0.10018832303866919,-1.2484505000000021,0 days 06:30:00
15m,DEVELOPMENT,284,CLOSED,BTCUSDT,LONG,2024-07-06 06:15:00+00:00,2024-07-06 06:30:00+00:00,56530.0,56558.265,2024-07-06 16:15:00+00:00,57689.4303,57660.58558485,0.00014011966978142302,7.9249254152102155,0.07924925415210216,55992.682349999995,57689.4303,TP,0.16245899077057624,0.007924925415210216,0.008079382211552662,0.00396048246637184,0.0040417119617572675,0.008002194428129107,0.13845248871568425,1.7470510000000004,0 days 09:45:00
15m,DEVELOPMENT,285,CLOSED,BTCUSDT,LONG,2024-07-06 16:15:00+00:00,2024-07-06 16:30:00+00:00,57760.0,57788.88,2024-07-07 07:15:00+00:00,57210.9912,57182.3857044,0.000139529258738902,8.063239589751358,0.08063239589751359,57210.9912,58944.6576,SL,-0.07660279090513455,0.008063239589751359,0.007978615890256918,0.004029604992379124,0.0039913035969260085,0.008020908589305133,-0.10066555497444796,-1.2484504999999897,0 days 14:45:00
15m,DEVELOPMENT,286,CLOSED,BTCUSDT,LONG,2024-07-08 08:45:00+00:00,2024-07-08 09:00:00+00:00,57791.99,57820.885995,2024-07-08 10:45:00+00:00,57242.67713505,57214.05579648248,0.00013771277390068807,7.9626745997668955,0.07962674599766896,57242.67713505,58977.3037149,SL,-0.07564739837159848,0.007962674599766895,0.007879106329842343,0.003979347626070268,0.0039415239268841855,0.007920871552954453,-0.09941005085416217,-1.248450499999992,0 days 01:45:00
15m,DEVELOPMENT,287,CLOSED,BTCUSDT,LONG,2024-07-08 22:15:00+00:00,2024-07-08 22:30:00+00:00,56863.17,56891.601585,2024-07-09 00:30:00+00:00,56322.685569149995,56294.52422636542,0.00013821660210961784,7.863363859652848,0.07863363859652849,56322.685569149995,58029.4336167,SL,-0.07470392152523816,0.007863363859652849,0.007780837855945791,0.003929717071290565,0.0038923651105279124,0.007822082181818478,-0.09817020542265527,-1.2484504999999997,0 days 02:00:00
15m,DEVELOPMENT,288,CLOSED,BTCUSDT,LONG,2024-07-09 01:00:00+00:00,2024-07-09 01:15:00+00:00,57079.54,57108.07977,2024-07-09 01:30:00+00:00,56536.998972299996,56508.73047281385,0.0001359753603629787,7.7652917263634835,0.07765291726363484,56536.998972299996,58250.2413654,SL,-0.07377221175320894,0.007765291726363484,0.007683794989695299,0.003880705510425953,0.003843819404549701,0.007724524914975654,-0.09694582338424337,-1.2484504999999977,0 days 00:15:00
15m,DEVELOPMENT,289,CLOSED,BTCUSDT,LONG,2024-07-09 06:15:00+00:00,2024-07-09 06:30:00+00:00,57589.99,57618.784994999995,2024-07-09 07:45:00+00:00,57042.59714504999,57014.07584647747,0.00013308928247305281,7.668442751953651,0.07668442751953651,57042.59714504999,58771.1606949,SL,-0.07285212229617206,0.007668442751953651,0.007587962445271898,0.003832305223364686,0.0037958791622167832,0.007628184385581469,-0.09573671187897907,-1.2484504999999995,0 days 01:15:00
15m,DEVELOPMENT,290,CLOSED,BTCUSDT,LONG,2024-07-09 08:30:00+00:00,2024-07-09 08:45:00+00:00,57840.01,57868.930005,2024-07-09 10:45:00+00:00,57290.24070495,57261.59558459753,0.00013086127012355636,7.572801681145481,0.0757280168114548,57290.24070495,59026.30860510001,SL,-0.07194350822517502,0.007572801681145481,0.007493325127501859,0.0037845085862795932,0.0037485368321663924,0.007533045418445986,-0.09454268045226835,-1.2484504999999895,0 days 02:00:00
15m,DEVELOPMENT,291,CLOSED,BTCUSDT,LONG,2024-07-09 14:00:00+00:00,2024-07-09 14:15:00+00:00,57851.15,57880.075574999995,2024-07-09 14:15:00+00:00,57301.27481924999,57272.62418184037,0.00012920427927284083,7.478353448925433,0.07478353448925433,57301.27481924999,59037.6770865,SL,-0.07104622641882792,0.007478353448925433,0.007399868129478961,0.0037373080704267074,0.0037017849572175323,0.00743909302764424,-0.09336354102487655,-1.2484504999999966,0 days 00:00:00
15m,DEVELOPMENT,292,CLOSED,BTCUSDT,LONG,2024-07-09 14:15:00+00:00,2024-07-09 14:30:00+00:00,57590.63,57619.42531499999,2024-07-09 14:45:00+00:00,57043.23106184999,57014.709446319066,0.00012817002491430197,7.385083178171311,0.07385083178171312,57043.23106184999,58771.81382129999,SL,-0.07016013554074882,0.007385083178171312,0.0073075767302164035,0.003690696240964629,0.0036556161731947307,0.00734631241415936,-0.0921991078632959,-1.2484505000000037,0 days 00:15:00
15m,DEVELOPMENT,293,CLOSED,BTCUSDT,LONG,2024-07-09 15:45:00+00:00,2024-07-09 16:00:00+00:00,57477.0,57505.7385,2024-07-10 04:00:00+00:00,58655.85327,58626.525343365,0.00012682171149421684,7.292976177308878,0.07292976177308878,56930.681115,58655.85327,TP,0.14950418930195405,0.007292976177308878,0.007435116283004628,0.003644665755776484,0.0037194178504275327,0.007364083606204016,0.12741201323543652,1.747051,0 days 12:00:00
15m,DEVELOPMENT,294,CLOSED,BTCUSDT,LONG,2024-07-10 04:00:00+00:00,2024-07-10 04:15:00+00:00,58727.06,58756.42352999999,2024-07-10 12:30:00+00:00,58168.85929469999,58139.77486505265,0.00012628850532448002,7.420260905815807,0.07420260905815808,58168.85929469999,59931.55200059999,SL,-0.07049433274340822,0.0074202609058158075,0.007342385267609271,0.0037082763147499075,0.0036730291483780954,0.007381305463128002,-0.0926382843799613,-1.2484504999999908,0 days 08:15:00
15m,DEVELOPMENT,295,CLOSED,BTCUSDT,LONG,2024-07-11 05:45:00+00:00,2024-07-11 06:00:00+00:00,57994.01,58023.007005,2024-07-11 12:30:00+00:00,59183.4671451,59153.87541152746,0.00012628982097641093,7.327715167174487,0.07327715167174487,57442.77693495,59183.4671451,TP,0.15021632991379197,0.007327715167174487,0.007470532335782719,0.00366202657030177,0.003737134735258511,0.007399161305560281,0.1280189211052745,1.747051000000013,0 days 06:30:00
15m,DEVELOPMENT,296,CLOSED,BTCUSDT,LONG,2024-07-12 13:00:00+00:00,2024-07-12 13:15:00+00:00,57501.56,57530.31077999999,2024-07-13 09:45:00+00:00,58680.9169956,58651.5765371022,0.00012959440156269024,7.455606197249686,0.07455606197249687,56955.007672199994,58680.9169956,TP,0.15283806407355421,0.007455606197249686,0.007600915962034083,0.0037259401285598954,0.003802359160597075,0.0075282992891569705,0.13025324262511345,1.747051000000011,0 days 20:30:00
15m,DEVELOPMENT,297,CLOSED,BTCUSDT,LONG,2024-07-13 09:45:00+00:00,2024-07-13 10:00:00+00:00,58678.02,58707.35900999999,2024-07-14 04:15:00+00:00,59881.506190199994,59851.565437104895,0.00012921257989927923,7.585729316755295,0.07585729316755295,58120.28541989999,59881.506190199994,TP,0.15550555550889633,0.007585729316755295,0.007733575181138855,0.003790969173790242,0.003868721951545117,0.007659691125335359,0.13252655988566683,1.7470510000000037,0 days 18:15:00
15m,DEVELOPMENT,298,CLOSED,BTCUSDT,LONG,2024-07-14 04:15:00+00:00,2024-07-14 04:30:00+00:00,59740.0,59769.869999999995,2024-07-14 21:15:00+00:00,60965.2674,60934.7847663,0.0001291306720673015,7.718123482475241,0.07718123482475242,59172.171299999995,60965.2674,TP,0.15821960282415476,0.0077181234824752415,0.007868549709148685,0.0038571331746496944,0.0039362429760620736,0.007793376150711768,0.13483955348181906,1.7470510000000068,0 days 16:45:00
15m,DEVELOPMENT,299,CLOSED,BTCUSDT,LONG,2024-07-14 21:15:00+00:00,2024-07-14 21:30:00+00:00,60749.99,60780.364994999996,2024-07-15 02:15:00+00:00,61995.9722949,61964.97430875255,0.0001292000851221349,7.8528283311084275,0.07852828331108427,60172.561345049995,61995.9722949,TP,0.1609810185617531,0.007852828331108428,0.008005879955281731,0.003924451939584203,0.004004942448865222,0.007929394388449425,0.1371929158869135,1.7470510000000055,0 days 04:45:00
15m,DEVELOPMENT,300,CLOSED,BTCUSDT,LONG,2024-07-15 02:15:00+00:00,2024-07-15 02:30:00+00:00,62206.94,62238.04347,2024-07-15 16:30:00+00:00,63482.8043394,63451.0629372303,0.0001283762108458085,7.989884191135316,0.07989884191135316,61615.66303529999,63482.8043394,TP,0.16379062944546202,0.007989884191135315,0.008145607034020542,0.003992945622755581,0.004074840937478601,0.008067786560234182,0.139587351660072,1.7470510000000068,0 days 14:00:00
15m,DEVELOPMENT,301,CLOSED,BTCUSDT,LONG,2024-07-15 16:30:00+00:00,2024-07-15 16:45:00+00:00,63454.0,63485.727,2024-07-15 22:30:00+00:00,64755.44154,64723.06381923,0.00012804975982856165,8.129332094891632,0.08129332094891632,62850.86973,64755.44154,TP,0.16664927662791337,0.008129332094891632,0.00828777277742107,0.004062634730080642,0.004145959368394324,0.008208594098474966,0.1420235776571257,1.747051000000006,0 days 05:45:00
15m,DEVELOPMENT,302,CLOSED,BTCUSDT,LONG,2024-07-16 15:00:00+00:00,2024-07-16 15:15:00+00:00,64202.0,64234.100999999995,2024-07-17 00:30:00+00:00,65518.783019999995,65486.02362849,0.000128766708992359,8.271213790852796,0.08271213790852797,63591.75998999999,65518.783019999995,TP,0.16955781594241906,0.008271213790852796,0.008432419747636517,0.004133540125363087,0.004218319033334063,0.008351859158697149,0.1445023232452326,1.747051000000011,0 days 09:15:00
15m,DEVELOPMENT,303,CLOSED,BTCUSDT,LONG,2024-07-17 00:30:00+00:00,2024-07-17 00:45:00+00:00,65529.99,65562.754995,2024-07-17 08:15:00+00:00,64907.12744505,64874.67388132748,0.0001283590318432248,8.41557175613275,0.08415571756132749,64907.12744505,66874.01009489999,SL,-0.0799500345247793,0.008415571756132749,0.008327250330552137,0.004205683036547809,0.004165708019285057,0.008371391055832865,-0.10506424766729706,-1.248450499999988,0 days 07:30:00
15m,DEVELOPMENT,304,CLOSED,BTCUSDT,LONG,2024-07-18 05:45:00+00:00,2024-07-18 06:00:00+00:00,64756.76,64789.13838,2024-07-18 14:30:00+00:00,64141.246996199996,64109.1763727019,0.00012827169299598628,8.310612467753831,0.0831061246775383,64141.246996199996,66084.92114759999,SL,-0.07895289505847172,0.00831061246775383,0.008223392589904755,0.004153229619066696,0.004113753171537777,0.008266982790604473,-0.10375388290673479,-1.248450499999997,0 days 08:30:00
15m,DEVELOPMENT,305,CLOSED,BTCUSDT,LONG,2024-07-19 04:00:00+00:00,2024-07-19 04:15:00+00:00,64219.26,64251.36963,2024-07-19 07:45:00+00:00,63608.8559337,63577.05150573315,0.00012773209788897338,8.206962235079772,0.08206962235079772,63608.8559337,65536.39702260001,SL,-0.07796819194845965,0.008206962235079772,0.008120830166422609,0.00410143040233859,0.004062446306364048,0.008163876708702639,-0.10245986105866466,-1.2484505000000008,0 days 03:30:00
15m,DEVELOPMENT,306,CLOSED,BTCUSDT,LONG,2024-07-19 12:00:00+00:00,2024-07-19 12:15:00+00:00,64213.1,64245.206549999995,2024-07-19 14:00:00+00:00,65530.110681,65497.3456256595,0.00012615111954254683,8.104604731524661,0.08104604731524662,63602.754484499994,65530.110681,TP,0.16614237185764197,0.008104604731524662,0.008262563477742079,0.004050277227148352,0.0041333484130771335,0.008183625640225485,0.14159157800814975,1.7470510000000103,0 days 01:45:00
15m,DEVELOPMENT,307,CLOSED,BTCUSDT,LONG,2024-07-19 14:00:00+00:00,2024-07-19 14:15:00+00:00,65546.7,65579.47335,2024-07-19 19:00:00+00:00,66891.062817,66857.6172855915,0.0001257414010538853,8.246054859404932,0.08246054859404932,64923.6786165,66891.062817,TP,0.16904206413432815,0.008246054859404932,0.008406770468614736,0.004120966946229744,0.004205487978295467,0.00832645492452521,0.14406278388178326,1.7470510000000097,0 days 04:45:00
15m,DEVELOPMENT,308,CLOSED,BTCUSDT,LONG,2024-07-19 19:00:00+00:00,2024-07-19 19:15:00+00:00,66940.78,66974.25039,2024-07-20 00:30:00+00:00,66304.50788610001,66271.35563215696,0.00012527163313610476,8.3899737244217,0.08389973724421701,66304.50788610001,68313.7353978,SL,-0.07970684682721357,0.008389973724421702,0.008301920950183898,0.004192890417002628,0.004153036993588034,0.008345927410590662,-0.10474466891240983,-1.248450499999982,0 days 05:15:00
15m,DEVELOPMENT,309,CLOSED,BTCUSDT,LONG,2024-07-20 07:15:00+00:00,2024-07-20 07:30:00+00:00,66679.67,66713.00983499999,2024-07-21 18:00:00+00:00,66045.87973665,66012.85679678168,0.00012419367250900737,8.285333695538176,0.08285333695538176,66045.87973665,68047.2700317,SL,-0.07871274040588809,0.008285333695538176,0.008198379118403504,0.004140596549493296,0.004101240179290156,0.008241836728783453,-0.10343828994861322,-1.2484504999999806,1 days 10:30:00
15m,DEVELOPMENT,310,CLOSED,BTCUSDT,LONG,2024-07-21 20:15:00+00:00,2024-07-21 20:30:00+00:00,68124.5,68158.56225,2024-07-22 06:30:00+00:00,67476.9766275,67443.23813918626,0.00012004359350383092,8.181998740544556,0.08181998740544556,67476.9766275,69521.73349500001,SL,-0.07773103251261967,0.008181998740544556,0.008096128663762543,0.004088954892826186,0.004050089376568592,0.008139044269394779,-0.10214820418632153,-1.2484504999999917,0 days 10:00:00
15m,DEVELOPMENT,311,CLOSED,BTCUSDT,LONG,2024-07-22 19:30:00+00:00,2024-07-22 19:45:00+00:00,67924.0,67957.962,2024-07-22 23:00:00+00:00,67278.38238,67244.74318881,0.00011889633450921122,8.079952582516265,0.08079952582516266,67278.38238,69317.12124000001,SL,-0.07676156851256136,0.008079952582516266,0.007995153480162756,0.004037957312601776,0.003999576528345445,0.008037533840947221,-0.10087420841618759,-1.2484505000000043,0 days 03:15:00
15m,DEVELOPMENT,312,CLOSED,BTCUSDT,LONG,2024-07-23 03:00:00+00:00,2024-07-23 03:15:00+00:00,67632.28,67666.09614,2024-07-23 04:45:00+00:00,66989.43517859999,66955.94046101069,0.0001179198978913498,7.979179147535058,0.07979179147535058,66989.43517859999,69019.41806279999,SL,-0.07580419569947208,0.007979179147535058,0.007895437662381677,0.0039875957758790425,0.0039496936780302125,0.007937289453909254,-0.09961610196329806,-1.2484505000000112,0 days 01:30:00
15m,DEVELOPMENT,313,CLOSED,BTCUSDT,LONG,2024-07-24 08:30:00+00:00,2024-07-24 08:45:00+00:00,66357.99,66391.168995,2024-07-24 18:45:00+00:00,65727.25730504999,65694.39367639748,0.00011868540170983534,7.87966256215714,0.0787966256215714,65727.25730504999,67718.9923749,SL,-0.07485876327166932,0.007879662562157141,0.007796965503567301,0.003937862349902996,0.0039004329682665153,0.00783829531816951,-0.09837368665556327,-1.2484504999999955,0 days 10:00:00
15m,DEVELOPMENT,314,CLOSED,BTCUSDT,LONG,2024-07-25 17:45:00+00:00,2024-07-25 18:00:00+00:00,65051.98,65084.50599,2024-07-25 18:45:00+00:00,64433.6609301,64401.44409963495,0.00011955821178251554,7.7813871509128205,0.0778138715091282,64433.6609301,66386.1961098,SL,-0.07392512230827274,0.00778138715091282,0.007699721492763992,0.0038887492008553414,0.003851786639701569,0.00774053584055691,-0.09714676679250646,-1.2484504999999948,0 days 00:45:00
15m,DEVELOPMENT,315,CLOSED,BTCUSDT,LONG,2024-07-25 20:45:00+00:00,2024-07-25 21:00:00+00:00,65298.01,65330.659005,2024-07-26 02:15:00+00:00,66637.27218510001,66603.95354900746,0.00011762222440231745,7.684337433837392,0.07684337433837392,64677.35241495,66637.27218510001,TP,0.1575269972693711,0.0076843374338373925,0.007834105170422883,0.003840248592622303,0.00391901209125666,0.007759260683878963,0.13424929398123187,1.747051000000018,0 days 05:15:00
15m,DEVELOPMENT,316,CLOSED,BTCUSDT,LONG,2024-07-26 02:15:00+00:00,2024-07-26 02:30:00+00:00,66856.23,66889.658115,2024-07-27 07:00:00+00:00,68227.4512773,68193.33755166136,0.00011688582111150805,7.818452612639823,0.07818452612639823,66220.76153385,68227.4512773,TP,0.16027632492278213,0.007818452612639823,0.007970834254060175,0.003907272669985203,0.003987410832445467,0.00789468350243067,0.13659235455365146,1.7470510000000168,1 days 04:30:00
15m,DEVELOPMENT,317,CLOSED,BTCUSDT,LONG,2024-07-27 07:00:00+00:00,2024-07-27 07:15:00+00:00,68160.01,68194.09000499999,2024-07-27 20:15:00+00:00,67512.14910494999,67478.39303039752,0.00011665099586652694,7.95490851129482,0.07954908511294821,67512.14910494999,69557.9718051,SL,-0.07557361859056265,0.00795490851129482,0.007871421746468783,0.00397546652238577,0.003937679713090109,0.007913146235475878,-0.09931309508380214,-1.2484504999999924,0 days 13:00:00
15m,DEVELOPMENT,318,CLOSED,BTCUSDT,LONG,2024-07-28 17:45:00+00:00,2024-07-28 18:00:00+00:00,67988.47,68022.46423499999,2024-07-29 02:30:00+00:00,69382.9135197,69348.22206294016,0.00011548676923777462,7.855694630092222,0.07855694630092222,67342.23959264999,69382.9135197,TP,0.16103977697470395,0.007855694630092221,0.00800880211843272,0.003925884372858644,0.004006404261346257,0.007932288634204901,0.1372429915919741,1.7470510000000206,0 days 08:30:00
15m,DEVELOPMENT,319,CLOSED,BTCUSDT,LONG,2024-07-29 02:30:00+00:00,2024-07-29 02:45:00+00:00,69462.0,69496.731,2024-07-29 14:00:00+00:00,68801.76368999999,68767.362808155,0.00011500973356284184,7.992800515798491,0.07992800515798491,68801.76368999999,70886.66562,SL,-0.07593360210161472,0.00799280051579849,0.007908916074385186,0.003994403056371033,0.003956436255319647,0.007950839311690681,-0.09978615800348907,-1.2484505000000028,0 days 11:15:00
15m,DEVELOPMENT,320,CLOSED,BTCUSDT,LONG,2024-07-31 13:15:00+00:00,2024-07-31 13:30:00+00:00,66462.07,66495.301035,2024-07-31 19:15:00+00:00,65830.34802465,65797.43285063768,0.00011870183187999965,7.893114044266536,0.07893114044266536,65830.34802465,67825.2070557,SL,-0.07498655571289821,0.007893114044266536,0.00781027581237196,0.003944584729767172,0.0039070914519113145,0.007851676181678487,-0.0985416217512152,-1.2484504999999926,0 days 05:45:00
15m,DEVELOPMENT,321,CLOSED,BTCUSDT,LONG,2024-08-01 22:00:00+00:00,2024-08-01 22:15:00+00:00,65330.01,65362.675005,2024-08-02 01:00:00+00:00,64709.048254949994,64676.693730822524,0.00011925262950296376,7.794670865693894,0.07794670865693895,64709.048254949994,66669.9285051,SL,-0.07405132091796246,0.007794670865693894,0.007712865794958437,0.0038953877389768968,0.003858362078517838,0.007753749817494734,-0.09731260739610953,-1.248450499999997,0 days 02:45:00
15m,DEVELOPMENT,322,CLOSED,BTCUSDT,LONG,2024-08-02 10:45:00+00:00,2024-08-02 11:00:00+00:00,64764.93,64797.312464999995,2024-08-02 12:30:00+00:00,64149.339340349994,64117.264670679826,0.00011879281996220967,7.697455473689789,0.07697455473689789,64149.339340349994,66093.2587143,SL,-0.07312775040222108,0.007697455473689789,0.007616670678493416,0.003846804334676978,0.0038102404594756237,0.007657044794152601,-0.0960989213485569,-1.2484504999999917,0 days 01:30:00
15m,DEVELOPMENT,323,CLOSED,BTCUSDT,LONG,2024-08-02 12:45:00+00:00,2024-08-02 13:00:00+00:00,64846.0,64878.422999999995,2024-08-02 14:30:00+00:00,64229.63877,64197.523950615,0.00011716457034197122,7.601452555259663,0.07601452555259663,64229.63877,66175.99145999999,SL,-0.07221569868839917,0.007601452555259664,0.0075216753106922135,0.003798826864197174,0.0037627190148529378,0.007561545879050112,-0.09490037243340116,-1.2484504999999884,0 days 01:30:00
15m,DEVELOPMENT,324,CLOSED,BTCUSDT,LONG,2024-08-03 14:30:00+00:00,2024-08-03 14:45:00+00:00,62135.98,62167.04799,2024-08-03 15:15:00+00:00,61545.3775101,61514.604821344954,0.00012074961303616387,7.506646988393129,0.07506646988393129,61545.3775101,63410.3889498,SL,-0.07131502211362037,0.007506646988393129,0.007427864728249944,0.0037514477703109155,0.0037157902592540237,0.007467238029564939,-0.09371677185982837,-1.2484504999999921,0 days 00:30:00
15m,DEVELOPMENT,325,CLOSED,BTCUSDT,LONG,2024-08-04 12:45:00+00:00,2024-08-04 13:00:00+00:00,61062.0,61092.530999999995,2024-08-04 14:00:00+00:00,60481.60569,60451.364887155,0.00012134091873983765,7.413023839682012,0.07413023839682012,60481.60569,62314.38161999999,SL,-0.07042557880677455,0.007413023839682012,0.007335224154484551,0.0037046595900454256,0.003669446800641819,0.007374106390687245,-0.09254793319162835,-1.2484504999999875,0 days 01:00:00
15m,DEVELOPMENT,326,CLOSED,BTCUSDT,LONG,2024-08-05 16:15:00+00:00,2024-08-05 16:30:00+00:00,55461.76,55489.49088,2024-08-05 16:30:00+00:00,54934.5959712,54907.1286732144,0.0001319271135105448,7.3205683619681,0.073205683619681,54934.5959712,56599.2806976,SL,-0.06954722866617441,0.0073205683619681,0.007243738997009245,0.0036584549535067057,0.0036236813391737894,0.007282136292680495,-0.09139367231783224,-1.248450499999996,0 days 00:00:00
15m,DEVELOPMENT,327,CLOSED,BTCUSDT,LONG,2024-08-05 20:45:00+00:00,2024-08-05 21:00:00+00:00,54393.85,54421.046924999995,2024-08-05 23:45:00+00:00,53876.836455749995,53849.89803752212,0.0001328395244211891,7.229265992020215,0.07229265992020216,53876.836455749995,55509.467863499995,SL,-0.06867983333748383,0.0072292659920202154,0.007153394845433964,0.003612826582718291,0.0035784866660498243,0.007191313248768115,-0.09025380742370613,-1.248450499999997,0 days 02:45:00
15m,DEVELOPMENT,328,CLOSED,BTCUSDT,LONG,2024-08-06 00:15:00+00:00,2024-08-06 00:30:00+00:00,55625.55,55653.362775,2024-08-06 08:30:00+00:00,55096.82914725,55069.28073267638,0.00012827800499859893,7.139102348240289,0.0713910234824029,55096.82914725,56766.4300305,SL,-0.06782325619192854,0.0071391023482402895,0.007064177469095509,0.0035677672904747162,0.0035338556623781842,0.007101622952852901,-0.08912815896211723,-1.2484504999999944,0 days 08:00:00
15m,DEVELOPMENT,329,CLOSED,BTCUSDT,LONG,2024-08-06 11:30:00+00:00,2024-08-06 11:45:00+00:00,55294.0,55321.647,2024-08-06 12:45:00+00:00,54768.43053,54741.046314735,0.00012743769592394845,7.050063228398015,0.07050063228398015,54768.43053,56428.079939999996,SL,-0.06697736230477103,0.007050063228398015,0.006976072814815978,0.0035232699792090466,0.0034897812980564918,0.007013051277265538,-0.08801654962525056,-1.2484504999999915,0 days 01:00:00
15m,DEVELOPMENT,330,CLOSED,BTCUSDT,LONG,2024-08-06 14:00:00+00:00,2024-08-06 14:15:00+00:00,56149.99,56178.06499499999,2024-08-07 00:15:00+00:00,55616.28434504999,55588.47620287747,0.00012392976881659093,6.962134607393769,0.06962134607393769,55616.28434504999,57301.626294899994,SL,-0.06614201843406134,0.006962134607393769,0.006889067004689171,0.003479327639876376,0.0034462566306595332,0.006925584270535909,-0.0869188043166802,-1.248450499999995,0 days 10:00:00
15m,DEVELOPMENT,331,CLOSED,BTCUSDT,LONG,2024-08-07 00:45:00+00:00,2024-08-07 01:00:00+00:00,56270.0,56298.134999999995,2024-08-07 08:45:00+00:00,57424.0977,57395.38565115,0.00012212309759549643,6.875302635049433,0.06875302635049434,55735.15364999999,57424.0977,TP,0.14094198605183778,0.006875302635049433,0.007009302283406548,0.003435933350848652,0.0035064043438752636,0.006942337694723915,0.12011504343865789,1.747051000000006,0 days 07:45:00
15m,DEVELOPMENT,332,CLOSED,BTCUSDT,LONG,2024-08-07 08:45:00+00:00,2024-08-07 09:00:00+00:00,57348.0,57376.674,2024-08-07 13:45:00+00:00,56802.90726,56774.505806370005,0.00012191884254984355,6.995297683439702,0.06995297683439702,56802.90726,58524.20748,SL,-0.06645707594312282,0.0069952976834397025,0.006921882034252003,0.0034959008912741007,0.003462672353302,0.006958573244576101,-0.08733282890539062,-1.2484504999999892,0 days 04:45:00
15m,DEVELOPMENT,333,CLOSED,BTCUSDT,LONG,2024-08-08 02:15:00+00:00,2024-08-08 02:30:00+00:00,57620.75,57649.560374999994,2024-08-08 03:45:00+00:00,57073.06477124999,57044.52823886437,0.00011982835697587286,6.908052100117634,0.06908052100117634,57073.06477124999,58802.5515825,SL,-0.06562822110106852,0.006908052100117634,0.006835552093326899,0.0034522999001080027,0.003419485789558111,0.006871785689666114,-0.08624361098417917,-1.2484505000000008,0 days 01:15:00
15m,DEVELOPMENT,334,CLOSED,BTCUSDT,LONG,2024-08-08 06:15:00+00:00,2024-08-08 06:30:00+00:00,57154.46,57183.037229999994,2024-08-08 12:30:00+00:00,58326.69797459999,58297.534625612694,0.00011929927085104195,6.821894646586985,0.06821894646586986,56611.206857699995,58326.69797459999,TP,0.13984713563368142,0.0068218946465869856,0.006954853373248965,0.0034092427019419636,0.003479166269759169,0.006888408971701133,0.11918197864214436,1.7470509999999995,0 days 06:00:00
15m,DEVELOPMENT,335,CLOSED,BTCUSDT,LONG,2024-08-08 12:30:00+00:00,2024-08-08 12:45:00+00:00,58049.33,58078.354665,2024-08-08 13:30:00+00:00,57497.571118349995,57468.82233279082,0.00011951023065906966,6.940957562313404,0.06940957562313405,57497.571118349995,59239.9217583,SL,-0.0659408312141826,0.006940957562313404,0.006868112212696924,0.0034687444089518894,0.0034357739933451713,0.00690451840229706,-0.08665441939148998,-1.2484505000000068,0 days 00:45:00
15m,DEVELOPMENT,336,CLOSED,BTCUSDT,LONG,2024-08-08 14:30:00+00:00,2024-08-08 14:45:00+00:00,58299.46,58328.60973,2024-08-08 15:45:00+00:00,59495.181924599994,59465.4343336377,0.00011751333938014393,6.854389710773455,0.06854389710773455,57745.3236327,59495.181924599994,TP,0.14051327632979807,0.006854389710773455,0.006987981766236429,0.0034254821143292528,0.003495738752493917,0.006921220866823169,0.11974968398596501,1.747051000000004,0 days 01:00:00
15m,DEVELOPMENT,337,CLOSED,BTCUSDT,LONG,2024-08-08 15:45:00+00:00,2024-08-08 16:00:00+00:00,59428.03,59457.744015,2024-08-08 21:30:00+00:00,60646.8988953,60616.57544585235,0.00011729371640716947,6.974019764705488,0.06974019764705487,58863.166574849995,60646.8988953,TP,0.14296566254283835,0.006974019764705488,0.007109943409919598,0.003485267248728115,0.003556750079999703,0.007042017328727819,0.12183968203948546,1.7470510000000086,0 days 05:30:00
15m,DEVELOPMENT,338,CLOSED,BTCUSDT,LONG,2024-08-08 21:30:00+00:00,2024-08-08 21:45:00+00:00,60511.93,60542.185965,2024-08-08 22:45:00+00:00,61753.029684299996,61722.15316945785,0.00011720319667484439,7.0957377287808985,0.07095737728780899,59936.76410535,61753.029684299996,TP,0.1454608503920997,0.007095737728780899,0.007234033657114838,0.0035460958164818157,0.0036188262416776006,0.007164922058159416,0.12396615694804453,1.7470510000000077,0 days 01:00:00
15m,DEVELOPMENT,339,CLOSED,BTCUSDT,LONG,2024-08-08 22:45:00+00:00,2024-08-08 23:00:00+00:00,62332.0,62363.166,2024-08-08 23:30:00+00:00,61739.53434,61708.66457283,0.0001157667338988901,7.21958004341431,0.0721958004341431,61739.53434,63610.429319999996,SL,-0.06858781440545049,0.00721958004341431,0.007143810550858678,0.003607986028692512,0.0035736921214899967,0.007181678150182509,-0.09013288314990599,-1.2484504999999975,0 days 00:30:00
15m,DEVELOPMENT,340,CLOSED,BTCUSDT,LONG,2024-08-09 06:30:00+00:00,2024-08-09 06:45:00+00:00,61092.18,61122.72609,2024-08-09 10:15:00+00:00,60511.4988291,60481.24307968545,0.00011664298468309229,7.129537203104715,0.07129537203104716,60511.4988291,62345.180611799995,SL,-0.06773238492304916,0.007129537203104715,0.007054712710158132,0.0035629871079979137,0.003529120915536131,0.007092108023534044,-0.08900874285984604,-1.2484504999999888,0 days 03:30:00
15m,DEVELOPMENT,341,CLOSED,BTCUSDT,LONG,2024-08-10 00:15:00+00:00,2024-08-10 00:30:00+00:00,60976.0,61006.488,2024-08-10 02:00:00+00:00,60396.42312,60366.22490844,0.00011540768221353615,7.040617380067906,0.07040617380067907,60396.42312,62226.61776,SL,-0.06688762438535284,0.007040617380067907,0.006966726100664095,0.003518549415326008,0.003485105603133234,0.007003655018459242,-0.08789862288454409,-1.2484504999999915,0 days 01:30:00
15m,DEVELOPMENT,342,CLOSED,BTCUSDT,LONG,2024-08-10 07:45:00+00:00,2024-08-10 08:00:00+00:00,60842.01,60872.431005,2024-08-11 12:15:00+00:00,60263.70669495,60233.57484160253,0.00011421930179565753,6.952806567995435,0.06952806567995436,60263.70669495,62089.8796251,SL,-0.06605339972893234,0.006952806567995435,0.006879836863064324,0.0034746659510218082,0.0034416392511571223,0.006916305202178931,-0.08680234836217103,-1.2484504999999881,1 days 04:15:00
15m,DEVELOPMENT,343,CLOSED,BTCUSDT,LONG,2024-08-12 11:45:00+00:00,2024-08-12 12:00:00+00:00,59851.71,59881.63585499999,2024-08-12 13:30:00+00:00,59282.81949644999,59253.17808670177,0.00011466104486343436,6.866090935265993,0.06866090935265994,59282.81949644999,61079.268572099994,SL,-0.06522957954992906,0.006866090935265993,0.006794031310900378,0.0034313298027309484,0.003398715012956014,0.006830044815686963,-0.0857197466117824,-1.2484504999999917,0 days 01:30:00
15m,DEVELOPMENT,344,CLOSED,BTCUSDT,LONG,2024-08-12 14:30:00+00:00,2024-08-12 14:45:00+00:00,60229.22,60259.33461,2024-08-12 15:15:00+00:00,59656.741263899996,59626.91289326805,0.0001125212693875564,6.780456822766711,0.0678045682276671,59656.741263899996,61464.5213022,SL,-0.06441603408335651,0.006780456822766711,0.006709295928411774,0.003388534144310851,0.0033563261272694014,0.006744860271580252,-0.08465064710611524,-1.248450500000002,0 days 00:30:00
15m,DEVELOPMENT,345,CLOSED,BTCUSDT,LONG,2024-08-13 00:45:00+00:00,2024-08-13 01:00:00+00:00,59798.18,59828.07909,2024-08-13 03:00:00+00:00,59229.798299099995,59200.183399950445,0.00011191886558264596,6.695890741741621,0.06695890741741621,59229.798299099995,61024.6406718,SL,-0.06361263518266333,0.006695890741741622,0.006625617368407043,0.0033462722347533196,0.003314465917162123,0.006660738151915443,-0.08359488144472745,-1.248450500000007,0 days 02:00:00
15m,DEVELOPMENT,346,CLOSED,BTCUSDT,LONG,2024-08-13 16:15:00+00:00,2024-08-13 16:30:00+00:00,59896.45,59926.398225,2024-08-13 16:45:00+00:00,61124.9261895,61094.36372640525,0.00011034167858445444,6.612379371666971,0.06612379371666971,59327.13424275,61124.9261895,TP,0.13555212485046486,0.006612379371666971,0.00674125464562076,0.0033045374171249333,0.003372313479550105,0.006676850896675038,0.11552163993650208,1.7470510000000083,0 days 00:15:00
15m,DEVELOPMENT,347,CLOSED,BTCUSDT,LONG,2024-08-13 16:45:00+00:00,2024-08-13 17:00:00+00:00,61157.6,61188.178799999994,2024-08-13 19:15:00+00:00,60576.297011999995,60546.008863494,0.00010995237539852666,6.727785605369769,0.0672778560536977,60576.297011999995,62411.94237599999,SL,-0.06391564435686158,0.006727785605369769,0.006657177495441414,0.003362211696835992,0.003330253874657908,0.006692465571493901,-0.08399307302916666,-1.2484504999999961,0 days 02:15:00
15m,DEVELOPMENT,348,CLOSED,BTCUSDT,LONG,2024-08-13 21:30:00+00:00,2024-08-13 21:45:00+00:00,60983.06,61013.55153,2024-08-13 23:45:00+00:00,60403.41601469999,60373.214306692644,0.00010889181624245747,6.643876441504469,0.06643876441504469,60403.41601469999,62233.8225606,SL,-0.06311848633333383,0.006643876441504469,0.00657414895825088,0.003320278081711306,0.003288718838544628,0.006608996920255935,-0.08294550865334512,-1.2484505000000055,0 days 02:00:00
15m,DEVELOPMENT,349,CLOSED,BTCUSDT,LONG,2024-08-14 00:30:00+00:00,2024-08-14 00:45:00+00:00,60699.95,60730.299974999994,2024-08-14 13:30:00+00:00,60122.99697525,60092.93547676237,0.00010803526078741607,6.561013795497132,0.06561013795497132,60122.99697525,61944.9059745,SL,-0.06233127049095483,0.006561013795497133,0.00649215595571339,0.0032788674640162724,0.003247701828770852,0.006526569292787124,-0.08191100953495248,-1.2484504999999932,0 days 12:45:00
15m,DEVELOPMENT,350,CLOSED,BTCUSDT,LONG,2024-08-15 16:15:00+00:00,2024-08-15 16:30:00+00:00,59825.75,59855.662874999995,2024-08-15 17:15:00+00:00,59257.10624625,59227.47769312688,0.00010824681081008804,6.479184615142534,0.06479184615142534,59257.10624625,61052.776132499996,SL,-0.06155387283051479,0.006479184615142535,0.006411185572606615,0.0032379733209102197,0.0032071963844948798,0.0064451697054050995,-0.08088941272366904,-1.2484504999999844,0 days 00:45:00
15m,DEVELOPMENT,351,CLOSED,BTCUSDT,LONG,2024-08-16 06:30:00+00:00,2024-08-16 06:45:00+00:00,58411.42,58440.62570999999,2024-08-16 12:30:00+00:00,57856.21945289999,57827.29134317354,0.00010948507024503222,6.398376011022985,0.06398376011022985,57856.21945289999,59609.43822419999,SL,-0.06078617089932474,0.006398376011022985,0.006331225054787299,0.003197589210905462,0.0031671961254560017,0.006364785336361464,-0.07988055730149649,-1.2484504999999995,0 days 05:45:00
15m,DEVELOPMENT,352,CLOSED,BTCUSDT,LONG,2024-08-16 13:15:00+00:00,2024-08-16 13:30:00+00:00,58547.6,58576.873799999994,2024-08-16 13:45:00+00:00,57991.105061999995,57962.109509468995,0.00010786808589430108,6.318575254478033,0.06318575254478033,57991.105061999995,59748.41127599999,SL,-0.06002804377192812,0.006318575254478033,0.006252261807182287,0.0031577087728520935,0.0031276947509665948,0.006285403523818688,-0.07888428435740713,-1.2484504999999977,0 days 00:15:00
15m,DEVELOPMENT,353,CLOSED,BTCUSDT,LONG,2024-08-16 17:30:00+00:00,2024-08-16 17:45:00+00:00,58773.54,58802.92677,2024-08-18 02:45:00+00:00,59978.9853054,59948.9958127473,0.00010611325181152213,6.239769775599505,0.06239769775599505,58214.897502299995,59978.9853054,TP,0.12791372123692707,0.006239769775599506,0.00636138288852594,0.0031183257249370023,0.0031822825855555,0.0063006083104925024,0.10901196026230911,1.7470510000000032,1 days 09:00:00
15m,DEVELOPMENT,354,CLOSED,BTCUSDT,LONG,2024-08-18 02:45:00+00:00,2024-08-18 03:00:00+00:00,60125.99,60156.052995,2024-08-18 03:15:00+00:00,59554.492465049996,59524.71521881747,0.00010553672517929814,6.348672832804609,0.0634867283280461,59554.492465049996,61359.1740549,SL,-0.060313978286664675,0.006348672832804609,0.006282043511424325,0.003172750041381638,0.0031425930522380584,0.006315343093619696,-0.0792600377245133,-1.2484505,0 days 00:15:00
15m,DEVELOPMENT,355,CLOSED,BTCUSDT,LONG,2024-08-18 05:00:00+00:00,2024-08-18 05:15:00+00:00,59625.09,59654.90254499999,2024-08-18 23:15:00+00:00,59058.353519549986,59028.82434279021,0.00010509600566705553,6.2694919759369645,0.06269491975936965,59058.353519549986,60848.00059589999,SL,-0.05956174036110139,0.006269491975936964,0.006203693657649506,0.003133179398268655,0.0031033985280886603,0.006236577926357316,-0.07827150392104516,-1.248450500000004,0 days 18:00:00
15m,DEVELOPMENT,356,CLOSED,BTCUSDT,LONG,2024-08-19 17:30:00+00:00,2024-08-19 17:45:00+00:00,59017.63,59047.13881499999,2024-08-20 00:15:00+00:00,60228.08159129999,60197.96755050434,0.00010485349145746802,6.19129866532653,0.0619129866532653,58456.66742684999,60228.08159129999,TP,0.12692007558805232,0.00619129866532653,0.006311967076313744,0.0030941022815218515,0.00315756231931634,0.006251664600838191,0.10816514524557384,1.7470510000000008,0 days 06:30:00
15m,DEVELOPMENT,357,CLOSED,BTCUSDT,LONG,2024-08-20 00:15:00+00:00,2024-08-20 00:30:00+00:00,60293.97,60324.116985,2024-08-20 14:30:00+00:00,59720.87581515,59691.01537724243,0.00010442516307450177,6.299355753483947,0.06299355753483947,59720.87581515,61530.5993247,SL,-0.059845453710009974,0.006299355753483947,0.006233244014851134,0.0031481038248294966,0.0031181810979739872,0.006266284922803483,-0.07864433840114854,-1.248450499999991,0 days 14:00:00
15m,DEVELOPMENT,358,CLOSED,BTCUSDT,LONG,2024-08-21 13:45:00+00:00,2024-08-21 14:00:00+00:00,59928.01,59957.974005,2024-08-21 14:15:00+00:00,59358.394264949995,59328.715067817524,0.00010375250471833263,6.220789980855427,0.06220789980855427,59358.394264949995,61157.1334851,SL,-0.05909905923841237,0.006220789980855427,0.00615550279000635,0.003108840570142057,0.0030792910405230234,0.0061881316106650805,-0.07766348361993922,-1.2484504999999957,0 days 00:15:00
15m,DEVELOPMENT,359,CLOSED,BTCUSDT,LONG,2024-08-21 16:45:00+00:00,2024-08-21 17:00:00+00:00,59885.58,59915.522789999995,2024-08-21 19:00:00+00:00,61113.83324579999,61083.2763291771,0.00010253109373116447,6.14320408313321,0.06143204083133211,59316.36756209999,61113.83324579999,TP,0.12593414867072592,0.006143204083133211,0.006262935130713477,0.0030700670080619275,0.0031330340823975374,0.006203101090459465,0.10732490836641977,1.7470510000000028,0 days 02:00:00
15m,DEVELOPMENT,360,CLOSED,BTCUSDT,LONG,2024-08-21 19:00:00+00:00,2024-08-21 19:15:00+00:00,61041.72,61072.24086,2024-08-22 02:45:00+00:00,60461.5184514,60431.2876921743,0.00010234472627485893,6.250421773808955,0.06250421773808955,60461.5184514,62293.685677199996,SL,-0.05938056867571645,0.006250421773808955,0.0061848235972928305,0.003123649062372974,0.003093958778035271,0.006217607840408245,-0.07803342188722648,-1.2484504999999955,0 days 07:30:00
15m,DEVELOPMENT,361,CLOSED,BTCUSDT,LONG,2024-08-22 03:45:00+00:00,2024-08-22 04:00:00+00:00,60548.9,60579.17445,2024-08-23 14:00:00+00:00,61790.757939,61759.86256003051,0.00010189089507125414,6.17246630738815,0.0617246630738815,59973.3827055,61790.757939,TP,0.12653401695605307,0.006172466307388149,0.006292767675719145,0.0030846908082896403,0.0031479578167672756,0.006232648625056916,0.10783613434788886,1.7470510000000181,1 days 10:00:00
15m,DEVELOPMENT,362,CLOSED,BTCUSDT,LONG,2024-08-23 14:00:00+00:00,2024-08-23 14:15:00+00:00,62088.0,62119.043999999994,2024-08-23 14:15:00+00:00,61497.853559999996,61467.10463322,0.00010109934585165377,6.280194713330097,0.06280194713330098,61497.853559999996,63361.42488,SL,-0.059663419040682654,0.0062801947133300975,0.006214284069813698,0.0031385280926181747,0.0031086963830981376,0.006247224475716313,-0.07840512229954276,-1.2484504999999935,0 days 00:00:00
15m,DEVELOPMENT,363,CLOSED,BTCUSDT,LONG,2024-08-23 14:15:00+00:00,2024-08-23 14:30:00+00:00,61829.49,61860.40474499999,2024-08-23 14:45:00+00:00,61241.800697549996,61211.17979720122,0.00010025585741624717,6.201867917826059,0.06201867917826059,61241.800697549996,63097.61283989999,SL,-0.058919294911481186,0.006201867917826059,0.006136779314028475,0.003099384266779097,0.0030699246193238734,0.006169308886102971,-0.0774272510294387,-1.248450499999995,0 days 00:15:00
15m,DEVELOPMENT,364,CLOSED,BTCUSDT,LONG,2024-08-23 17:30:00+00:00,2024-08-23 17:45:00+00:00,62272.39,62303.526195,2024-08-23 19:00:00+00:00,63549.5967189,63517.821920540555,9.830130637436146e-05,6.12451801669775,0.061245180166977504,61680.49093305,63549.5967189,TP,0.12555108897798195,0.00612451801669775,0.006243884872843189,0.0030607286440267763,0.0031235041885154012,0.006184232832542177,0.10699845325589882,1.74705100000001,0 days 01:15:00
15m,DEVELOPMENT,365,CLOSED,BTCUSDT,LONG,2024-08-23 19:00:00+00:00,2024-08-23 19:15:00+00:00,63504.97,63536.722485,2024-08-23 22:30:00+00:00,64807.4569347,64775.05320623265,9.807571644670673e-05,6.231409578391956,0.06231409578391956,62901.35526015,64807.4569347,TP,0.12774233928317727,0.006231409578391956,0.006352859751074816,0.003114147715338039,0.0031780188849795843,0.006292166600317624,0.10886590335339288,1.747051000000007,0 days 03:15:00
15m,DEVELOPMENT,366,CLOSED,BTCUSDT,LONG,2024-08-24 05:15:00+00:00,2024-08-24 05:30:00+00:00,63993.44,64025.43672,2024-08-26 09:30:00+00:00,63385.182352799995,63353.4897616236,9.902574741233475e-05,6.340166724599142,0.06340166724599143,63385.182352799995,65305.9454544,SL,-0.06023316813324895,0.006340166724599142,0.006273626674824474,0.0031684991127427587,0.003138382528676318,0.006306881641419076,-0.07915384317409165,-1.2484505000000004,2 days 04:00:00
15m,DEVELOPMENT,367,CLOSED,BTCUSDT,LONG,2024-08-29 05:45:00+00:00,2024-08-29 06:00:00+00:00,59436.17,59465.88808499999,2024-08-29 13:45:00+00:00,60655.205846699995,60624.87824377665,0.0001052887993069894,6.261091956193456,0.06261091956193457,58871.22920414999,60655.205846699995,TP,0.12835082061122186,0.006261091956193457,0.006383120638419668,0.003128981487352331,0.00319315689765821,0.0063221383850105405,0.1093844696315982,1.7470510000000137,0 days 07:45:00
15m,DEVELOPMENT,368,CLOSED,BTCUSDT,LONG,2024-08-29 13:45:00+00:00,2024-08-29 14:00:00+00:00,60626.99,60657.30349499999,2024-08-29 18:00:00+00:00,60050.73046004999,60020.70509481997,0.00010502226085859109,6.370367150630618,0.06370367150630618,60050.73046004999,61870.449564899995,SL,-0.06052007972688122,0.006370367150630618,0.00630351014738475,0.0031835917794250583,0.0031533317395619938,0.0063369235189870525,-0.07953088054388364,-1.248450499999999,0 days 04:00:00
15m,DEVELOPMENT,369,CLOSED,BTCUSDT,LONG,2024-08-30 12:30:00+00:00,2024-08-30 12:45:00+00:00,59688.0,59717.844,2024-08-30 13:45:00+00:00,59120.665559999994,59091.105227219996,0.00010534398598710045,6.290915721515851,0.06290915721515851,59120.665559999994,60912.20088,SL,-0.05976527129736011,0.006290915721515851,0.006224892561018542,0.0031438859177987436,0.0031140032821501493,0.006257889199948893,-0.07853896877984341,-1.2484505000000026,0 days 01:00:00
15m,DEVELOPMENT,370,CLOSED,BTCUSDT,LONG,2024-08-31 00:15:00+00:00,2024-08-31 00:30:00+00:00,59374.5,59404.187249999995,2024-08-31 17:45:00+00:00,58810.1453775,58780.740304811254,0.00010457941604519267,6.212455213244279,0.06212455213244279,58810.1453775,60592.270995,SL,-0.05901987686345544,0.006212455213244279,0.006147255495781281,0.0031046752689871653,0.003075165330555242,0.006179840599542408,-0.07755942817202341,-1.2484504999999861,0 days 17:15:00
15m,VALIDATION,1,CLOSED,BTCUSDT,LONG,2024-09-02 09:45:00+00:00,2024-09-02 10:00:00+00:00,58402.0,58431.200999999994,2024-09-03 02:00:00+00:00,59599.82502,59570.02510749,0.000341940943161856,19.980019980019982,0.19980019980019983,57846.88898999999,59599.82502,TP,0.40958541708166785,0.019980019980019983,0.020369430569430573,0.009985017481267188,0.010189810189808798,0.020174827671075986,0.3490611388611413,1.747051000000012,0 days 16:00:00
15m,VALIDATION,2,CLOSED,BTCUSDT,LONG,2024-09-03 02:00:00+00:00,2024-09-03 02:15:00+00:00,59763.99,59793.871994999994,2024-09-03 03:15:00+00:00,59195.933275049996,59166.335308412476,0.0003399801974382022,20.328732406454687,0.2032873240645469,59195.933275049996,60989.7494349,SL,-0.19312803750460014,0.020328732406454688,0.020115382359848947,0.010159286559946044,0.01006272254119357,0.020222009101139617,-0.2537941613720434,-1.2484504999999892,0 days 01:00:00
15m,VALIDATION,3,CLOSED,BTCUSDT,LONG,2024-09-03 07:30:00+00:00,2024-09-03 07:45:00+00:00,59101.01,59130.560505,2024-09-03 13:30:00+00:00,58539.25489995,58509.98527250003,0.00033950619805144357,20.075191785703396,0.20075191785703397,58539.25489995,60313.171715100005,SL,-0.19071933825398465,0.020075191785703397,0.01986450264791244,0.010032579603049919,0.009937219933920988,0.01996979953697091,-0.2506288322245714,-1.248450499999992,0 days 05:45:00
15m,VALIDATION,4,CLOSED,BTCUSDT,LONG,2024-09-04 15:30:00+00:00,2024-09-04 15:45:00+00:00,57787.39,57816.283695,2024-09-05 03:00:00+00:00,57238.120858049995,57209.50179762097,0.0003428932484923286,19.8248133319326,0.198248133319326,57238.120858049995,58972.6093689,SL,-0.18834068037983093,0.0198248133319326,0.019616751916013968,0.009907452939496155,0.00981328259930633,0.019720735538802485,-0.24750298116657996,-1.2484505000000037,0 days 11:15:00
15m,VALIDATION,5,CLOSED,BTCUSDT,LONG,2024-09-07 12:45:00+00:00,2024-09-07 13:00:00+00:00,54578.72,54606.00936,2024-09-07 17:45:00+00:00,54059.9492664,54032.919291766804,0.00035852386643790197,19.577557606491464,0.19577557606491464,54059.9492664,55698.1295472,SL,-0.1859916892050996,0.019577557606491464,0.019372091139411338,0.009783886859814109,0.00969089101521141,0.01947477787502552,-0.2444161158260279,-1.2484504999999857,0 days 04:45:00
15m,VALIDATION,6,CLOSED,BTCUSDT,LONG,2024-09-07 19:30:00+00:00,2024-09-07 19:45:00+00:00,54403.0,54430.201499999996,2024-09-07 21:45:00+00:00,53885.899484999994,53858.9565352575,0.0003551959230319829,19.33338566260932,0.1933338566260932,53885.899484999994,55518.80553,SL,-0.1836719947257407,0.01933338566260932,0.019130481780080238,0.009661861900352913,0.00957002590298931,0.019231887803342222,-0.24136774997177246,-1.2484504999999901,0 days 02:00:00
15m,VALIDATION,7,CLOSED,BTCUSDT,LONG,2024-09-08 03:45:00+00:00,2024-09-08 04:00:00+00:00,54402.98,54430.18149,2024-09-08 15:30:00+00:00,53885.879675100005,53858.936735262454,0.0003507660367211628,19.0922590392609,0.190922590392609,53885.879675100005,55518.785119800006,SL,-0.18138123155239816,0.0190922590392609,0.018891885780643856,0.009541358840210156,0.009450668224434322,0.01899202706464448,-0.2383574034369474,-1.2484504999999972,0 days 11:30:00
15m,VALIDATION,8,CLOSED,BTCUSDT,LONG,2024-09-08 21:00:00+00:00,2024-09-08 21:15:00+00:00,54545.61,54572.882805,2024-09-09 13:45:00+00:00,55664.3404611,55636.50829086945,0.0003454855009671704,18.854139755108104,0.18854139755108104,54027.15397695,55664.3404611,TP,0.38650515380036704,0.018854139755108103,0.01922160693893516,0.009422358698205128,0.009615611275104265,0.019037969973309393,0.3293914371330144,1.7470510000000037,0 days 16:30:00
15m,VALIDATION,9,CLOSED,BTCUSDT,LONG,2024-09-09 13:45:00+00:00,2024-09-09 14:00:00+00:00,55686.93,55714.773465,2024-09-09 14:15:00+00:00,55157.625730349995,55130.046917484826,0.00034431087011270434,19.183202129866363,0.19183202129866364,55157.625730349995,56829.0689343,SL,-0.18224521363756277,0.019183202129866364,0.018981874423513415,0.009586807661101976,0.00949568505428189,0.019082492715383866,-0.23949278290632642,-1.2484504999999955,0 days 00:15:00
15m,VALIDATION,10,CLOSED,BTCUSDT,LONG,2024-09-09 15:45:00+00:00,2024-09-09 16:00:00+00:00,55385.99,55413.682994999996,2024-09-09 16:45:00+00:00,56521.956654899994,56493.69567657255,0.0003418640952307526,18.943948600489414,0.18943948600489413,54859.54616504999,56521.956654899994,TP,0.3883462126896916,0.018943948600489414,0.019313166158712952,0.009467240679903937,0.009661413786248107,0.019128654466152042,0.3309604434643372,1.7470510000000046,0 days 00:45:00
15m,VALIDATION,11,CLOSED,BTCUSDT,LONG,2024-09-09 16:45:00+00:00,2024-09-09 17:00:00+00:00,56430.11,56458.325054999994,2024-09-09 21:15:00+00:00,57587.491556099994,57558.697810321944,0.00034139479687651716,19.2745784141401,0.19274578414140103,55893.741804449994,57587.491556099994,TP,0.39512404125338474,0.0192745784141401,0.019650239947431692,0.009632472970582472,0.009830034991211427,0.0194625079617939,0.336736714930019,1.747051000000001,0 days 04:15:00
15m,VALIDATION,12,CLOSED,BTCUSDT,LONG,2024-09-09 21:15:00+00:00,2024-09-09 21:30:00+00:00,57671.99,57700.82599499999,2024-09-09 23:00:00+00:00,57123.81773504999,57095.25582618247,0.0003398734487865889,19.61097872875551,0.1961097872875551,57123.81773504999,58854.842514899996,SL,-0.186309198217715,0.01961097872875551,0.019405161506997223,0.009800589069840795,0.009707434470733304,0.0195080235405741,-0.24483336199404182,-1.2484505000000001,0 days 01:30:00
15m,VALIDATION,13,CLOSED,BTCUSDT,LONG,2024-09-10 05:15:00+00:00,2024-09-10 05:30:00+00:00,56898.01,56926.459005,2024-09-11 04:15:00+00:00,56357.19441495,56329.015817742526,0.00034020015110783,19.36638995553469,0.1936638995553469,56357.19441495,58064.988185099995,SL,-0.18398554375548096,0.01936638995553469,0.019163139692951355,0.00967835579986569,0.009586363027988716,0.019264718827854407,-0.24177979223182142,-1.2484504999999937,0 days 22:45:00
15m,VALIDATION,14,CLOSED,BTCUSDT,LONG,2024-09-11 17:00:00+00:00,2024-09-11 17:15:00+00:00,57643.82,57672.64191,2024-09-13 15:15:00+00:00,58826.0947482,58796.6817008259,0.00033161046673398087,19.124851701556846,0.19124851701556847,57095.9154909,58826.0947482,TP,0.39205468105840097,0.019124851701556846,0.019497595061220188,0.009557647027264377,0.009753674367792394,0.01931132139505677,0.3341209129005671,1.7470510000000063,1 days 22:00:00
15m,VALIDATION,15,CLOSED,BTCUSDT,LONG,2024-09-13 15:15:00+00:00,2024-09-13 15:30:00+00:00,59034.36,59063.877179999996,2024-09-13 21:00:00+00:00,60245.1547236,60215.0321462382,0.00032945075325872196,19.458638827331637,0.19458638827331637,58473.2384082,60245.1547236,TP,0.3988972337317048,0.019458638827331638,0.019837887698076335,0.009724457185071728,0.009923905801938774,0.019648362987010504,0.33995234421928644,1.7470510000000041,0 days 05:30:00
15m,VALIDATION,16,CLOSED,BTCUSDT,LONG,2024-09-13 21:00:00+00:00,2024-09-13 21:15:00+00:00,60084.01,60114.052005,2024-09-14 18:00:00+00:00,59512.91148495,59483.155029207526,0.00032934481869850853,19.798251558819437,0.19798251558819438,59512.91148495,61316.3330451,SL,-0.1880883368981315,0.019798251558819438,0.019590468908709628,0.00989417869006327,0.009800134521614068,0.01969431321167734,-0.2471713705773379,-1.2484504999999941,0 days 20:45:00
15m,VALIDATION,17,CLOSED,BTCUSDT,LONG,2024-09-15 01:15:00+00:00,2024-09-15 01:30:00+00:00,60189.0,60219.0945,2024-09-15 21:00:00+00:00,59616.903555,59587.0951032225,0.0003246698954048243,19.55132711268823,0.19551327112688233,59616.903555,61423.47639,SL,-0.18574249295962275,0.01955132711268823,0.019346135934640567,0.00977077816726024,0.009677906920780254,0.019448685088040492,-0.24408864109499206,-1.2484505000000012,0 days 19:30:00
15m,VALIDATION,18,CLOSED,BTCUSDT,LONG,2024-09-17 04:45:00+00:00,2024-09-17 05:00:00+00:00,58246.0,58275.123,2024-09-17 12:45:00+00:00,59440.62546,59410.90514727001,0.0003313160285631579,19.307482316389542,0.19307482316389543,57692.37177,59440.62546,TP,0.39579856302763666,0.019307482316389544,0.019683785146735976,0.009648916699844714,0.009846815981356836,0.01949573268120155,0.33731156288330955,1.7470510000000148,0 days 07:45:00
15m,VALIDATION,19,CLOSED,BTCUSDT,LONG,2024-09-17 12:45:00+00:00,2024-09-17 13:00:00+00:00,59381.1,59410.79055,2024-09-17 15:00:00+00:00,60599.006361,60568.7068578195,0.00033065469627359737,19.644456904684557,0.19644456904684557,58816.6826445,60599.006361,TP,0.4027064578861376,0.019644456904684558,0.02002732736975686,0.009817319792445841,0.010018673021388029,0.019835992813833872,0.3431986807978623,1.7470510000000088,0 days 02:00:00
15m,VALIDATION,20,CLOSED,BTCUSDT,LONG,2024-09-17 15:00:00+00:00,2024-09-17 15:15:00+00:00,61046.0,61076.522999999994,2024-09-17 18:45:00+00:00,60465.75777,60435.524891115,0.0003272503369200871,19.987312729657447,0.19987312729657447,60465.75777,62298.053459999996,SL,-0.1898844652627638,0.019987312729657446,0.019777545882559693,0.00998866203380978,0.009893719801180137,0.019882381834989915,-0.24953170570997088,-1.2484504999999941,0 days 03:30:00
15m,VALIDATION,21,CLOSED,BTCUSDT,LONG,2024-09-17 21:30:00+00:00,2024-09-17 21:45:00+00:00,60378.01,60408.199005,2024-09-18 09:45:00+00:00,59804.11701495,59774.214956442534,0.0003267442272983017,19.738030306370764,0.19738030306370763,59804.11701495,61616.3629851,SL,-0.18751621995207773,0.019738030306370766,0.019530879678305406,0.009864083111629627,0.009770325001651441,0.019634408113281068,-0.24641953805003497,-1.2484504999999881,0 days 12:00:00
15m,VALIDATION,22,CLOSED,BTCUSDT,LONG,2024-09-18 22:15:00+00:00,2024-09-18 22:30:00+00:00,60591.99,60622.28599499999,2024-09-19 00:00:00+00:00,61834.731714899994,61803.81434904255,0.0003215295599920641,19.491856941685416,0.19491856941685418,60016.06313504999,61834.731714899994,TP,0.39957819677557876,0.019491856941685416,0.019871753233478867,0.009741057941869564,0.009940847040257524,0.019681904982127088,0.3405326816182874,1.747051000000015,0 days 01:30:00
15m,VALIDATION,23,CLOSED,BTCUSDT,LONG,2024-09-19 00:00:00+00:00,2024-09-19 00:15:00+00:00,62043.99,62075.01199499999,2024-09-19 13:15:00+00:00,63316.512234899994,63284.85397878255,0.00031948522913554983,19.83204943081458,0.1983204943081458,61454.26187504999,63316.512234899994,TP,0.4065520577971072,0.01983204943081458,0.020218576074221156,0.009911069180815447,0.010114345209713414,0.02002541439052886,0.3464760179015426,1.7470510000000108,0 days 13:00:00
15m,VALIDATION,24,CLOSED,BTCUSDT,LONG,2024-09-19 13:15:00+00:00,2024-09-19 13:30:00+00:00,63260.0,63291.63,2024-09-19 22:15:00+00:00,62658.7137,62627.384343150006,0.00031881276116333405,20.178179318828107,0.20178179318828107,62658.7137,64557.4626,SL,-0.19169774555268473,0.020178179318828107,0.01996640932687701,0.01008404763559542,0.009988198762817977,0.020072246398413398,-0.2519145805968032,-1.2484504999999857,0 days 08:45:00
15m,VALIDATION,25,CLOSED,BTCUSDT,LONG,2024-09-20 01:30:00+00:00,2024-09-20 01:45:00+00:00,62959.61,62991.089804999996,2024-09-20 18:00:00+00:00,62361.178906949994,62329.998317496524,0.0003163386514320521,19.926516401148987,0.1992651640114899,62361.178906949994,64250.9116011,SL,-0.1893068849504481,0.019926516401148987,0.01971738761151893,0.009958279061042515,0.009863625618567174,0.01982190467960969,-0.24877269364272567,-1.2484504999999955,0 days 16:15:00
15m,VALIDATION,26,CLOSED,BTCUSDT,LONG,2024-09-21 00:30:00+00:00,2024-09-21 00:45:00+00:00,63252.9,63284.52645,2024-09-22 10:30:00+00:00,62651.6811855,62620.35534490725,0.0003109447654194422,19.677992231675734,0.19677992231675734,62651.6811855,64550.216979,SL,-0.18694584324045876,0.019677992231675736,0.019471471703204297,0.009834079076298508,0.00974060615467891,0.01957468523097742,-0.2456699924063162,-1.2484504999999968,1 days 09:45:00
15m,VALIDATION,27,CLOSED,BTCUSDT,LONG,2024-09-22 19:45:00+00:00,2024-09-22 20:00:00+00:00,63160.0,63191.579999999994,2024-09-22 22:00:00+00:00,62559.66419999999,62528.3843679,0.00030751830645534196,19.432567663837258,0.19432567663837258,62559.66419999999,64455.41159999999,SL,-0.18461424852051533,0.019432567663837257,0.019228622866205285,0.009711428117857999,0.00961912099359749,0.01933054911145549,-0.24260598816201337,-1.248450499999994,0 days 02:00:00
15m,VALIDATION,28,CLOSED,BTCUSDT,LONG,2024-09-22 22:30:00+00:00,2024-09-22 22:45:00+00:00,63500.76,63532.51038,2024-09-23 00:15:00+00:00,62897.1852762,62865.7366835619,0.00030205329404614316,19.190204039299783,0.19190204039299782,62897.1852762,64803.1605876,SL,-0.18231173352678226,0.019190204039299785,0.018988802847907334,0.009590306866216081,0.009499150999451837,0.019089457865667916,-0.23958019827965726,-1.2484504999999944,0 days 01:30:00
15m,VALIDATION,29,CLOSED,BTCUSDT,LONG,2024-09-23 01:00:00+00:00,2024-09-23 01:15:00+00:00,63748.97,63780.844484999994,2024-09-23 13:45:00+00:00,63143.03604014999,63111.46452212992,0.00029712468273032075,18.95086318187755,0.18950863181877553,63143.03604014999,65056.4613747,SL,-0.18003793557596062,0.018950863181877553,0.018751973872783746,0.009470696242815288,0.009380677275028313,0.0188513735178436,-0.2365921461484655,-1.2484504999999961,0 days 12:30:00
15m,VALIDATION,30,CLOSED,BTCUSDT,LONG,2024-09-24 07:45:00+00:00,2024-09-24 08:00:00+00:00,63559.93,63591.709964999995,2024-09-24 14:15:00+00:00,62955.79286534999,62924.31496891732,0.0002942916207445853,18.714507391519444,0.18714507391519444,62955.79286534999,64863.544164299994,SL,-0.17779249650814094,0.018714507391519444,0.01851809863644545,0.009352577407054507,0.009263681158800297,0.018616258565854804,-0.23364136110196065,-1.2484504999999957,0 days 06:15:00
15m,VALIDATION,31,CLOSED,BTCUSDT,LONG,2024-09-24 17:45:00+00:00,2024-09-24 18:00:00+00:00,63775.54,63807.427769999995,2024-09-25 17:15:00+00:00,63169.3534923,63137.76881555385,0.0002896386844645663,18.481099438370634,0.18481099438370635,63169.3534923,65083.5763254,SL,-0.1755750626303988,0.018481099438370636,0.018287140299764935,0.009235931753306899,0.009148144221992895,0.018384075975299792,-0.2307273783438342,-1.2484504999999935,0 days 23:15:00
15m,VALIDATION,32,CLOSED,BTCUSDT,LONG,2024-09-26 05:30:00+00:00,2024-09-26 05:45:00+00:00,63654.01,63685.837005,2024-09-26 14:15:00+00:00,64959.553745100005,64927.07396822746,0.0002865723905846664,18.250602556908262,0.18250602556908263,63048.97863495,64959.553745100005,TP,0.37413279204616634,0.018250602556908264,0.018606306800742406,0.009120740907999898,0.009307807304022503,0.018428548212022403,0.31884733447649327,1.7470510000000103,0 days 08:30:00
15m,VALIDATION,33,CLOSED,BTCUSDT,LONG,2024-09-26 15:30:00+00:00,2024-09-26 15:45:00+00:00,65327.93,65360.593965,2024-09-26 19:45:00+00:00,64706.98802535,64674.63453133733,0.000284102855193187,18.569131362579085,0.18569131362579086,64706.98802535,66667.8058443,SL,-0.17641138790736022,0.018569131362579087,0.01837424832892882,0.009279925718430252,0.009191720024475263,0.018471645742905517,-0.23182641334177365,-1.2484504999999906,0 days 04:00:00
15m,VALIDATION,34,CLOSED,BTCUSDT,LONG,2024-09-27 00:30:00+00:00,2024-09-27 00:45:00+00:00,65205.8,65238.4029,2024-09-30 02:00:00+00:00,64586.018871,64553.725861564504,0.00028108500099495595,18.337536544055837,0.18337536544055838,64586.018871,66543.170958,SL,-0.17421117926162066,0.018337536544055837,0.01814508409802597,0.009164186178937899,0.009077080589306532,0.018241266768244432,-0.22893506667194694,-1.248450499999995,3 days 01:15:00
15m,VALIDATION,35,CLOSED,BTCUSDT,LONG,2024-10-01 06:15:00+00:00,2024-10-01 06:30:00+00:00,63979.9,64011.88995,2024-10-01 13:30:00+00:00,63371.7710505,63340.08516497476,0.0002828979147137993,18.108830183744203,0.18108830183744204,63371.7710505,65292.127749,SL,-0.17203841169064388,0.018108830183744203,0.017918778010965815,0.009049890146797456,0.00896387094095142,0.018013761087748874,-0.22607978097310277,-1.2484504999999853,0 days 07:00:00
15m,VALIDATION,36,CLOSED,BTCUSDT,LONG,2024-10-03 03:45:00+00:00,2024-10-03 04:00:00+00:00,61464.0,61494.731999999996,2024-10-03 07:45:00+00:00,60879.78468,60849.344787660004,0.00029080501166666036,17.88297625669815,0.1788297625669815,60879.78468,62724.626639999995,SL,-0.1698927429484426,0.01788297625669815,0.017695294420884106,0.00893701961853874,0.008852073247063576,0.01778909286560232,-0.22326010649162717,-1.248450499999988,0 days 03:45:00
15m,VALIDATION,37,CLOSED,BTCUSDT,LONG,2024-10-04 01:15:00+00:00,2024-10-04 01:30:00+00:00,61076.0,61106.53799999999,2024-10-04 17:00:00+00:00,62328.66875999999,62297.50442562,0.0002890024499060305,17.65993918727595,0.1765993918727595,60495.47261999999,62328.66875999999,TP,0.3620243405607474,0.017659939187275948,0.01800413140203596,0.008825556815228392,0.009006568985509326,0.017832125800737716,0.3085281441706978,1.7470510000000081,0 days 15:30:00
15m,VALIDATION,38,CLOSED,BTCUSDT,LONG,2024-10-04 18:45:00+00:00,2024-10-04 19:00:00+00:00,62344.99,62376.162495,2024-10-05 03:00:00+00:00,61752.40087005,61721.52466961498,0.0002880613104880043,17.9681591115224,0.179681591115224,61752.40087005,63623.685744899994,SL,-0.17070200135434324,0.0179681591115224,0.017779583281646975,0.008979589760880442,0.008894238760202443,0.017873828521082887,-0.2243235722685955,-1.248450499999992,0 days 08:00:00
15m,VALIDATION,39,CLOSED,BTCUSDT,LONG,2024-10-05 04:30:00+00:00,2024-10-05 04:45:00+00:00,62004.01,62035.012005,2024-10-07 00:30:00+00:00,63275.712245099996,63244.074388977446,0.00028603298468446236,17.744059638726604,0.17744059638726603,61414.661884949994,63275.712245099996,TP,0.36374878879588296,0.017744059638726606,0.018089891361085384,0.008867596021351145,0.00904947041575061,0.017917066437101753,0.30999777135896917,1.7470509999999981,1 days 19:45:00
15m,VALIDATION,40,CLOSED,BTCUSDT,LONG,2024-10-07 00:30:00+00:00,2024-10-07 00:45:00+00:00,63310.0,63341.655,2024-10-07 11:00:00+00:00,62708.23845,62676.884330775,0.00028502172420348504,18.0537477220023,0.180537477220023,62708.23845,64608.4881,SL,-0.1715151145403625,0.0180537477220023,0.017864273639659884,0.009022362679660988,0.008936605122390483,0.017958967802051473,-0.22539210370407617,-1.248450499999999,0 days 10:15:00
15m,VALIDATION,41,CLOSED,BTCUSDT,LONG,2024-10-07 14:00:00+00:00,2024-10-07 14:15:00+00:00,63909.82,63941.77490999999,2024-10-07 18:15:00+00:00,63302.35716089999,63270.705982319545,0.0002788252407808395,17.82858078523499,0.1782858078523499,63302.35716089999,65220.610408199995,SL,-0.16937597237747207,0.01782858078523499,0.01764146982989395,0.008909835474878135,0.008825147488690448,0.017734982963568582,-0.2225810059561696,-1.2484504999999968,0 days 04:00:00
15m,VALIDATION,42,CLOSED,BTCUSDT,LONG,2024-10-09 05:30:00+00:00,2024-10-09 05:45:00+00:00,62504.49,62535.742244999994,2024-10-09 12:30:00+00:00,61910.38482255,61879.42963013872,0.0002815385490900418,17.60622213792613,0.1760622213792613,61910.38482255,63786.457089899995,SL,-0.1672635096661551,0.017606222137926134,0.017421444836588598,0.008798711713105397,0.00871507995827337,0.017513791671378766,-0.2198049683120486,-1.248450499999995,0 days 06:45:00
15m,VALIDATION,43,CLOSED,BTCUSDT,LONG,2024-10-10 11:30:00+00:00,2024-10-10 11:45:00+00:00,61279.01,61309.649505,2024-10-10 13:45:00+00:00,60696.55300995,60666.20473344503,0.00028358728023031803,17.386636754997014,0.17386636754997015,60696.55300995,62535.842495100005,SL,-0.16517739365941667,0.017386636754997013,0.017204164002253323,0.008688973890553,0.008606385193722182,0.01729535908427518,-0.2170635535009422,-1.2484504999999897,0 days 02:00:00
15m,VALIDATION,44,CLOSED,BTCUSDT,LONG,2024-10-11 06:15:00+00:00,2024-10-11 06:30:00+00:00,60740.01,60770.380005,2024-10-11 15:00:00+00:00,61985.7876051,61954.79471129745,0.0002825355057314137,17.169790048202866,0.17169790048202868,60162.676204949996,61985.7876051,TP,0.3519764056857969,0.017169790048202866,0.01750442925624234,0.008580604721739726,0.008756592924582831,0.017337197646322557,0.29996498873502914,1.7470510000000026,0 days 08:30:00
15m,VALIDATION,45,CLOSED,BTCUSDT,LONG,2024-10-11 15:00:00+00:00,2024-10-11 15:15:00+00:00,62217.42,62248.52870999999,2024-10-14 03:30:00+00:00,63493.49928419999,63461.7525345579,0.00028064045421860844,17.469455371614487,0.17469455371614487,61626.04342289999,63493.49928419999,TP,0.35811946993684296,0.017469455371614487,0.017809935056807256,0.008730362504553045,0.008909422239521726,0.017639784744074773,0.3052002947643464,1.7470510000000103,2 days 12:15:00
15m,VALIDATION,46,CLOSED,BTCUSDT,LONG,2024-10-14 03:30:00+00:00,2024-10-14 03:45:00+00:00,64017.88,64049.88894,2024-10-14 14:00:00+00:00,65330.8867188,65298.22127544061,0.0002775079093053533,17.77435077097947,0.17774350770979472,63409.3900506,65330.8867188,TP,0.36436974943807077,0.017774350770979472,0.018120772867505863,0.008882734018480417,0.00906491889319786,0.017947652911678276,0.31052697288790715,1.7470510000000146,0 days 10:15:00
15m,VALIDATION,47,CLOSED,BTCUSDT,LONG,2024-10-14 14:00:00+00:00,2024-10-14 14:15:00+00:00,65458.0,65490.729,2024-10-15 13:45:00+00:00,66800.54358,66767.14330821,0.00027613935290155727,18.08456752711125,0.1808456752711125,64835.82171,66800.54358,TP,0.3707291154233395,0.01808456752711125,0.018437035748214647,0.009037764881114891,0.00922312943882681,0.0182608943199417,0.3159466178280719,1.7470509999999972,0 days 23:30:00
15m,VALIDATION,48,CLOSED,BTCUSDT,LONG,2024-10-15 13:45:00+00:00,2024-10-15 14:00:00+00:00,67658.0,67691.829,2024-10-15 14:15:00+00:00,67014.91071,66981.403254645,0.00027182303663197645,18.400198513952486,0.18400198513952487,67014.91071,69045.66558,SL,-0.1748064836333027,0.018400198513952484,0.018207088430548555,0.009195501506222562,0.009108098264404578,0.018303599770627142,-0.22971737034843084,-1.2484504999999915,0 days 00:15:00
15m,VALIDATION,49,CLOSED,BTCUSDT,LONG,2024-10-15 16:00:00+00:00,2024-10-15 16:15:00+00:00,66432.7,66465.91635,2024-10-16 10:15:00+00:00,67795.234677,67761.3370596615,0.0002733838880036222,18.17071063148652,0.18170710631486522,65801.25718649999,67795.234677,TP,0.3724950275380205,0.018170710631486522,0.018524857781694194,0.00908081490828978,0.0092670624220586,0.01834787733034838,0.3174515817944914,1.7470509999999988,0 days 18:00:00
15m,VALIDATION,50,CLOSED,BTCUSDT,LONG,2024-10-16 10:15:00+00:00,2024-10-16 10:30:00+00:00,67660.0,67693.83,2024-10-17 10:30:00+00:00,67016.89170000001,66983.38325415002,0.00027310975134415747,18.48784507883367,0.1848784507883367,67016.89170000001,69047.7066,SL,-0.1756391479003618,0.018487845078833668,0.01829381514473131,0.009239302887973325,0.009151483314020317,0.018390786201993643,-0.2308115943259204,-1.2484504999999786,1 days 00:00:00
15m,VALIDATION,51,CLOSED,BTCUSDT,LONG,2024-10-18 01:00:00+00:00,2024-10-18 01:15:00+00:00,67483.13,67516.871565,2024-10-18 15:45:00+00:00,68867.20899629999,68832.77539180184,0.00027041039731742295,18.257264065521063,0.18257264065521064,66841.70284935,68867.20899629999,TP,0.37426935130817873,0.018257264065521063,0.018613098142158068,0.009124069997758772,0.009311204673414784,0.018435274671173556,0.31896371442932603,1.747050999999998,0 days 14:30:00
15m,VALIDATION,52,CLOSED,BTCUSDT,LONG,2024-10-18 15:45:00+00:00,2024-10-18 16:00:00+00:00,68735.34,68769.70766999999,2024-10-19 16:45:00+00:00,68082.01059329999,68047.96958800334,0.0002701176108530204,18.57590913488103,0.1857590913488103,68082.01059329999,70145.1018234,SL,-0.1764757784378279,0.01857590913488103,0.018380954968510454,0.00928331291098296,0.009195075021765354,0.018478387932748315,-0.23191103047396772,-1.248450499999999,1 days 00:45:00
15m,VALIDATION,53,CLOSED,BTCUSDT,LONG,2024-10-19 22:30:00+00:00,2024-10-19 22:45:00+00:00,68386.8,68420.99339999999,2024-10-21 13:15:00+00:00,67736.783466,67702.915074267,0.00026810820586183114,18.344229783758188,0.18344229783758187,67736.783466,69789.41326799999,SL,-0.1742747667112685,0.018344229783758187,0.01815170709217765,0.00916753112631304,0.009080393742957852,0.01824792486927089,-0.2290186284564752,-1.2484504999999846,1 days 14:30:00
15m,VALIDATION,54,CLOSED,BTCUSDT,LONG,2024-10-22 19:15:00+00:00,2024-10-22 19:30:00+00:00,67580.0,67613.79,2024-10-23 03:15:00+00:00,66937.65209999999,66904.18327395,0.00026792522568458795,18.115439945140334,0.18115439945140335,66937.65209999999,68966.0658,SL,-0.17210120607552326,0.018115439945140335,0.01792531840291609,0.009053193375880512,0.008967142772843665,0.018020336148724177,-0.22616230057230385,-1.248450499999998,0 days 07:45:00
15m,VALIDATION,55,CLOSED,BTCUSDT,LONG,2024-10-23 23:15:00+00:00,2024-10-23 23:30:00+00:00,66699.99,66733.339995,2024-10-24 19:15:00+00:00,68068.00679490001,68033.97279150256,0.00026807445247416977,17.889503580932242,0.17889503580932242,66066.00659505,68068.00679490001,TP,0.36673035326828674,0.017889503580932244,0.018238170005724613,0.008940281649640456,0.009123646826275403,0.01806392847591586,0.31253875120571406,1.7470510000000083,0 days 19:45:00
15m,VALIDATION,56,CLOSED,BTCUSDT,LONG,2024-10-24 19:15:00+00:00,2024-10-24 19:30:00+00:00,68094.0,68128.04699999999,2024-10-25 07:00:00+00:00,67446.76653,67413.043146735,0.00026716940976765827,18.20173010561328,0.18201730105613279,67446.76653,69490.60793999999,SL,-0.1729209841617751,0.01820173010561328,0.01801070294815487,0.00909631689435716,0.0090098564022771,0.018106173296634262,-0.22723959051217751,-1.248450499999989,0 days 11:30:00
15m,VALIDATION,57,CLOSED,BTCUSDT,LONG,2024-10-25 11:45:00+00:00,2024-10-25 12:00:00+00:00,68105.79,68139.842895,2024-10-25 15:45:00+00:00,67458.44446604999,67424.71524381697,0.00026379159041175305,17.97471752767904,0.1797471752767904,67458.44446604999,69502.6397529,SL,-0.17076430794661782,0.01797471752767904,0.01778607286722605,0.008982867330174622,0.008897485176198303,0.017880352506372925,-0.22440545084789584,-1.2484504999999957,0 days 03:45:00
15m,VALIDATION,58,CLOSED,BTCUSDT,LONG,2024-10-26 09:15:00+00:00,2024-10-26 09:30:00+00:00,67218.68,67252.28933999999,2024-10-28 07:15:00+00:00,68597.33512679998,68563.03645923658,0.0002639395094546343,17.750536258100727,0.17750536258100727,66579.76644659998,68597.33512679998,TP,0.36388155787470583,0.017750536258100726,0.018096494209771108,0.008870832712692811,0.009052773491631895,0.017923606204324705,0.31011092120250927,1.7470509999999884,1 days 21:45:00
15m,VALIDATION,59,CLOSED,BTCUSDT,LONG,2024-10-28 07:15:00+00:00,2024-10-28 07:30:00+00:00,68608.35,68642.654175,2024-10-28 22:00:00+00:00,70015.5072585,69980.49950487075,0.00026310662947472125,18.060337378183153,0.18060337378183153,67956.22763325,70015.5072585,TP,0.37023240342482294,0.018060337378183154,0.018412333353683943,0.009025655861160334,0.009210772062873926,0.01823642792403426,0.31552330476892165,1.747050999999995,0 days 14:30:00
15m,VALIDATION,60,CLOSED,BTCUSDT,LONG,2024-10-28 22:00:00+00:00,2024-10-28 22:15:00+00:00,70028.58,70063.59429,2024-10-29 02:15:00+00:00,71464.8661758,71429.1337427121,0.0002622695232961821,18.375545474855404,0.18375545474855404,69362.9583471,71464.8661758,TP,0.3766940906439604,0.018375545474855405,0.018733684856160338,0.009183181146852147,0.009371528192173888,0.018554709339026036,0.3210301509739186,1.747051000000014,0 days 04:00:00
15m,VALIDATION,61,CLOSED,BTCUSDT,LONG,2024-10-29 02:15:00+00:00,2024-10-29 02:30:00+00:00,71372.0,71407.686,2024-10-29 16:45:00+00:00,72835.83972,72799.42180014,0.0002618241251563283,18.696254916387794,0.18696254916387794,70693.60914,72835.83972,TP,0.3832685540580855,0.018696254916387794,0.01906064492470819,0.009343455730329128,0.009535090007358603,0.01887854573768773,0.32663310847930177,1.7470509999999981,0 days 14:15:00
15m,VALIDATION,62,CLOSED,BTCUSDT,LONG,2024-10-29 16:45:00+00:00,2024-10-29 17:00:00+00:00,72739.43,72775.79971499999,2024-10-29 20:15:00+00:00,72048.04171784999,72012.01769699107,0.0002613858149626714,19.022561718065422,0.19022561718065423,72048.04171784999,74231.31570929999,SL,-0.1807190895854194,0.019022561718065423,0.018822919932834324,0.009506527595233382,0.0094161680504421,0.01892269564567548,-0.23748726688199465,-1.248450499999991,0 days 03:15:00
15m,VALIDATION,63,CLOSED,BTCUSDT,LONG,2024-10-29 22:30:00+00:00,2024-10-29 22:45:00+00:00,72742.0,72778.371,2024-10-30 01:00:00+00:00,72050.58729,72014.561996355,0.00025811668278753167,18.785311701200293,0.18785311701200294,72050.58729,74233.93842,SL,-0.17846515514233868,0.01878531170120029,0.0185881598548962,0.009387961869665104,0.009298729292093596,0.018686691161758702,-0.2345253178601939,-1.2484505000000017,0 days 02:15:00
15m,VALIDATION,64,CLOSED,BTCUSDT,LONG,2024-10-30 05:00:00+00:00,2024-10-30 05:15:00+00:00,72419.47,72455.679735,2024-10-30 13:00:00+00:00,71731.12293765,71695.25737618118,0.0002560326635843538,18.551020674366935,0.18551020674366936,71731.12293765,73904.7933297,SL,-0.17623933184393664,0.018551020674366935,0.01835632771238946,0.009270874899732764,0.00918275523380978,0.018453630133542544,-0.23160031036423556,-1.2484504999999901,0 days 07:45:00
15m,VALIDATION,65,CLOSED,BTCUSDT,LONG,2024-10-31 01:45:00+00:00,2024-10-31 02:00:00+00:00,72370.01,72406.19500499999,2024-10-31 13:45:00+00:00,71682.13305494998,71646.29198842251,0.00025301221437860487,18.319651732944127,0.18319651732944128,71682.13305494998,73854.3189051,SL,-0.17404126908709325,0.01831965173294413,0.018127386988006877,0.009155248242348887,0.009068227607806435,0.018223475850155324,-0.22871178365819955,-1.2484504999999995,0 days 11:45:00
15m,VALIDATION,66,CLOSED,BTCUSDT,LONG,2024-11-01 12:30:00+00:00,2024-11-01 12:45:00+00:00,70279.18,70314.31958999998,2024-11-01 15:45:00+00:00,69611.17639409998,69576.37080590293,0.00025728995940052003,18.091168432586286,0.18091168432586288,69611.17639409998,71720.60598179999,SL,-0.17187062064141512,0.018091168432586287,0.017901301619886293,0.009041063684448755,0.008955128374130311,0.017996192058579066,-0.22585928275246678,-1.2484505000000061,0 days 03:00:00
15m,VALIDATION,67,CLOSED,BTCUSDT,LONG,2024-11-02 07:45:00+00:00,2024-11-02 08:00:00+00:00,69813.91,69848.816955,2024-11-02 14:15:00+00:00,69150.32878545001,69115.75362105729,0.0002557743360920883,17.865534783482925,0.17865534783482925,69150.32878545001,71245.7932941,SL,-0.16972704459470656,0.017865534783482927,0.017678035995930277,0.008928303240121034,0.008843439717823151,0.017771742957944186,-0.22304235833206393,-1.2484504999999857,0 days 06:15:00
15m,VALIDATION,68,CLOSED,BTCUSDT,LONG,2024-11-03 20:45:00+00:00,2024-11-03 21:00:00+00:00,68970.06,69004.54503,2024-11-04 00:30:00+00:00,68314.49957969999,68280.34232991014,0.0002556746839939227,17.642715244689658,0.17642715244689658,68314.49957969999,70384.6359306,SL,-0.1676102032991285,0.017642715244689657,0.01745755494819664,0.00881694914776997,0.008733144046120123,0.017550093193890094,-0.2202605666859049,-1.2484505000000037,0 days 03:30:00
15m,VALIDATION,69,CLOSED,BTCUSDT,LONG,2024-11-04 02:15:00+00:00,2024-11-04 02:30:00+00:00,69173.21,69207.796605,2024-11-04 08:30:00+00:00,68515.71863895,68481.46077963052,0.0002517443925858375,17.422674718529912,0.17422674718529912,68515.71863895,70591.95253709999,SL,-0.16551976331796986,0.017422674718529912,0.01723982374735894,0.008706983867328648,0.008624223985672955,0.0173312078530016,-0.2175134696368603,-1.2484505000000001,0 days 06:00:00
15m,VALIDATION,70,CLOSED,BTCUSDT,LONG,2024-11-04 13:00:00+00:00,2024-11-04 13:15:00+00:00,69154.23,69188.80711499999,2024-11-04 14:30:00+00:00,68496.91904385,68462.67058432807,0.00024867285999698104,17.205378545066516,0.17205378545066516,68496.91904385,70572.5832573,SL,-0.16345539537317127,0.017205378545066517,0.017024808097236045,0.008598390077492716,0.008516662379808786,0.0171150524573015,-0.21480063447277534,-1.2484504999999981,0 days 01:15:00
15m,VALIDATION,71,CLOSED,BTCUSDT,LONG,2024-11-05 04:15:00+00:00,2024-11-05 04:30:00+00:00,68390.0,68424.19499999999,2024-11-05 14:30:00+00:00,69792.6789,69757.78256055,0.00024831556288886067,16.990792496642165,0.16990792496642165,67739.95305,69792.6789,TP,0.34830700060582764,0.016990792496642166,0.01732194304240172,0.008491150672982712,0.008665304173288105,0.01715645484627082,0.296837810220513,1.7470510000000063,0 days 10:00:00
15m,VALIDATION,72,CLOSED,BTCUSDT,LONG,2024-11-05 14:30:00+00:00,2024-11-05 14:45:00+00:00,69980.27,70015.260135,2024-11-05 15:30:00+00:00,69315.10753365,69280.44997988318,0.00024690808449845267,17.287333765593726,0.17287333765593726,69315.10753365,71415.56533770001,SL,-0.16423399044674422,0.017287333765593726,0.01710590319772382,0.008639347209192268,0.008557230213968895,0.017196577423161163,-0.21582380483322292,-1.2484504999999955,0 days 00:45:00
15m,VALIDATION,73,CLOSED,BTCUSDT,LONG,2024-11-05 23:15:00+00:00,2024-11-05 23:30:00+00:00,69809.41,69844.314705,2024-11-06 00:45:00+00:00,71241.2009991,71205.58039860045,0.00024442541445302506,17.071725568957138,0.17071725568957138,69145.87155795,71241.2009991,TP,0.34996610836512604,0.017071725568957138,0.01740445350029611,0.008531596985984,0.008706580040167514,0.017238177026151512,0.2982517522697212,1.747050999999999,0 days 01:15:00
15m,VALIDATION,74,CLOSED,BTCUSDT,LONG,2024-11-06 00:45:00+00:00,2024-11-06 01:00:00+00:00,71096.03,71131.57801499999,2024-11-06 02:30:00+00:00,72554.20957529999,72517.93247051234,0.0002441908341154125,17.369679367428386,0.17369679367428387,70420.26223484999,72554.20957529999,TP,0.35607408678256247,0.017369679367428385,0.017708214418299565,0.008680499433995494,0.008858536477387241,0.017539035911382735,0.30345715708545173,1.7470510000000026,0 days 01:30:00
15m,VALIDATION,75,CLOSED,BTCUSDT,LONG,2024-11-06 02:30:00+00:00,2024-11-06 02:45:00+00:00,72843.97,72880.391985,2024-11-06 03:00:00+00:00,74337.99982469999,74300.83082478764,0.0002424909209345104,17.67283337051076,0.1767283337051076,72151.58806514999,74337.99982469999,TP,0.3622886680951253,0.01767283337051076,0.01801727689290201,0.008832000684911367,0.009013145018960058,0.017845145703871426,0.30875341212784113,1.7470509999999955,0 days 00:15:00
15m,VALIDATION,76,CLOSED,BTCUSDT,LONG,2024-11-06 03:00:00+00:00,2024-11-06 03:15:00+00:00,74057.39,74094.418695,2024-11-06 07:30:00+00:00,73353.47450805,73316.79777079598,0.00024268060475228268,17.98127833767144,0.1798127833767144,73353.47450805,75576.3070689,SL,-0.1708266372809265,0.017981278337671443,0.01779256482151758,0.00898614609578804,0.008900732777146108,0.017886878872934147,-0.22448735931304967,-1.2484504999999937,0 days 04:15:00
15m,VALIDATION,77,CLOSED,BTCUSDT,LONG,2024-11-06 11:15:00+00:00,2024-11-06 11:30:00+00:00,74289.81,74326.95490499999,2024-11-06 14:00:00+00:00,73583.68535594999,73546.89351327202,0.00023890411310607983,17.757015241454614,0.17757015241454613,73583.68535594999,75813.49400309999,SL,-0.16869608182911414,0.017757015241454614,0.017570655366495547,0.008874070585433096,0.008789722544517688,0.017663793129950783,-0.2216875455670151,-1.248450499999993,0 days 02:30:00
15m,VALIDATION,78,CLOSED,BTCUSDT,LONG,2024-11-06 14:30:00+00:00,2024-11-06 14:45:00+00:00,74375.55,74412.737775,2024-11-06 14:45:00+00:00,73668.61039725,73631.77609205138,0.0002356525198009634,17.535549161967086,0.17535549161967087,73668.61039725,75900.9925305,SL,-0.1665920987351306,0.017535549161967087,0.017351513573512244,0.008763392884540921,0.008680096835171531,0.017443489719712452,-0.2189226511903224,-1.2484504999999912,0 days 00:00:00
15m,VALIDATION,79,CLOSED,BTCUSDT,LONG,2024-11-06 16:00:00+00:00,2024-11-06 16:15:00+00:00,74539.99,74577.259995,2024-11-06 20:45:00+00:00,76068.80519490001,76030.77079230256,0.00023220007299658114,17.31684521472401,0.1731684521472401,73831.48739505,76068.80519490001,TP,0.3549909998540629,0.017316845214724014,0.01765435052795898,0.008654095559581078,0.008831591059508828,0.017485686619089905,0.30253411749229003,1.747051000000012,0 days 04:30:00
15m,VALIDATION,80,CLOSED,BTCUSDT,LONG,2024-11-06 20:45:00+00:00,2024-11-06 21:00:00+00:00,76101.98,76140.03098999998,2024-11-07 00:00:00+00:00,75378.63068009999,75340.94136475994,0.0002314035977033518,17.619077100330696,0.17619077100330696,75378.63068009999,77662.83160979999,SL,-0.16738563502113452,0.017619077100330695,0.017434164886162725,0.008805135982171674,0.008721443164662572,0.017526579146834247,-0.21996545615446217,-1.2484504999999892,0 days 03:00:00
15m,VALIDATION,81,CLOSED,BTCUSDT,LONG,2024-11-07 15:15:00+00:00,2024-11-07 15:30:00+00:00,75399.99,75437.68999500001,2024-11-08 18:30:00+00:00,76946.44379490001,76907.97057300257,0.00023064507133025819,17.39933138988668,0.1739933138988668,74683.31309505,76946.44379490001,TP,0.35668194583366075,0.01739933138988668,0.017738444358675578,0.008695318035925994,0.008873659008839584,0.01756897704476558,0.30397519304033294,1.747051000000022,1 days 03:00:00
15m,VALIDATION,82,CLOSED,BTCUSDT,LONG,2024-11-08 18:30:00+00:00,2024-11-08 18:45:00+00:00,76819.21,76857.619605,2024-11-09 16:15:00+00:00,76089.04340895,76050.99888724553,0.00023033504033026053,17.7030029114055,0.177030029114055,76089.04340895,78394.7719971,SL,-0.16818295119731094,0.0177030029114055,0.017517209895850296,0.008847077916742871,0.008762986441146,0.017610064357888873,-0.2210132283624556,-1.2484504999999948,0 days 21:30:00
15m,VALIDATION,83,CLOSED,BTCUSDT,LONG,2024-11-09 22:15:00+00:00,2024-11-09 22:30:00+00:00,76462.86,76501.09143,2024-11-10 04:45:00+00:00,78031.1132586,77992.0977019707,0.00022852236678839457,17.48221047547897,0.17482210475478968,75736.0805157,78031.1132586,TP,0.35838094637888457,0.01748221047547897,0.017822938757646057,0.00873673686930479,0.00891592734249337,0.01765266421179816,0.30542313293396134,1.7470510000000072,0 days 06:15:00
15m,VALIDATION,84,CLOSED,BTCUSDT,LONG,2024-11-10 04:45:00+00:00,2024-11-10 05:00:00+00:00,79122.02,79161.58101,2024-11-10 18:00:00+00:00,80744.8126302,80704.4402238849,0.00022469647856263825,17.787328490398014,0.17787328490398013,78369.96519989999,80744.8126302,TP,0.36463578944334113,0.017787328490398015,0.018134003522675874,0.008889219635379149,0.009071537530103466,0.017960757165482615,0.3107537002647847,1.7470510000000075,0 days 13:00:00
15m,VALIDATION,85,CLOSED,BTCUSDT,LONG,2024-11-10 18:00:00+00:00,2024-11-10 18:15:00+00:00,80712.0,80752.356,2024-11-10 19:30:00+00:00,79944.83244,79904.86002378,0.00022411447348243057,18.097771747405794,0.18097771747405794,79944.83244,82367.40312,SL,-0.17193335378220134,0.018097771747405796,0.017907835632916768,0.009044363691856915,0.00895839701496587,0.018002760706822787,-0.22594172186934666,-1.2484505000000017,0 days 01:15:00
15m,VALIDATION,86,CLOSED,BTCUSDT,LONG,2024-11-10 21:45:00+00:00,2024-11-10 22:00:00+00:00,79873.98,79913.91699,2024-11-11 01:45:00+00:00,81512.1953298,81471.4392321351,0.00022364134326914202,17.87205574154231,0.17872055741542311,79114.7778201,81512.1953298,TP,0.36637267692057357,0.01787205574154231,0.018220382107944973,0.008931562089726732,0.009114748428185798,0.01804631051791253,0.3122339285531738,1.747051000000008,0 days 03:45:00
15m,VALIDATION,87,CLOSED,BTCUSDT,LONG,2024-11-11 01:45:00+00:00,2024-11-11 02:00:00+00:00,81213.99,81254.596995,2024-11-11 05:45:00+00:00,80442.05102505,80401.82999953747,0.00022379014136526812,18.18397774808894,0.1818397774808894,80442.05102505,82879.6889349,SL,-0.17275233232942325,0.01818397774808894,0.017993136901622745,0.009087445151467536,0.009001068985303947,0.018088514136771483,-0.2270179611159064,-1.2484505000000072,0 days 03:45:00
15m,VALIDATION,88,CLOSED,BTCUSDT,LONG,2024-11-11 09:00:00+00:00,2024-11-11 09:15:00+00:00,81440.64,81481.36031999999,2024-11-11 15:15:00+00:00,83110.9875264,83069.4320326368,0.00022038398116600052,17.95718657814298,0.1795718657814298,80666.54671679999,83110.9875264,TP,0.36811783779881335,0.01795718657814298,0.01830717214455099,0.00897410623595199,0.00915816515485223,0.01813227139080422,0.31372120768531514,1.7470510000000135,0 days 06:00:00
15m,VALIDATION,89,CLOSED,BTCUSDT,LONG,2024-11-11 15:15:00+00:00,2024-11-11 15:30:00+00:00,83745.0,83786.8725,2024-11-11 18:45:00+00:00,85462.60995,85419.878645025,0.00021806034564696774,18.270594378028417,0.18270594378028418,82949.00377499999,85462.60995,TP,0.37454261938367056,0.018270594378028415,0.01862668826245619,0.009130731823102149,0.009318003132793117,0.018448734955895267,0.3191966017872907,1.747051000000008,0 days 03:15:00
15m,VALIDATION,90,CLOSED,BTCUSDT,LONG,2024-11-11 18:45:00+00:00,2024-11-11 19:00:00+00:00,85831.99,85874.905995,2024-11-11 21:15:00+00:00,87592.4041149,87548.60791284255,0.00021647152781947734,18.589472102091644,0.18589472102091645,85016.15693504999,87592.4041149,TP,0.3810795330473741,0.018589472102091643,0.018951780913361412,0.009290091005540554,0.009480630772066453,0.018770721777607007,0.324767558254314,1.747051000000005,0 days 02:15:00
15m,VALIDATION,91,CLOSED,BTCUSDT,LONG,2024-11-11 21:15:00+00:00,2024-11-11 21:30:00+00:00,88242.63,88286.751315,2024-11-11 22:00:00+00:00,87403.88380185,87360.18185994908,0.00021423276919259944,18.91391521723082,0.1891391521723082,87403.88380185,90052.4863413,SL,-0.1796869206794412,0.01891391521723082,0.018715413677025984,0.009452231492868265,0.009362388032527263,0.01881461952539553,-0.2361308690990935,-1.248450499999996,0 days 00:30:00
15m,VALIDATION,92,CLOSED,BTCUSDT,LONG,2024-11-11 23:00:00+00:00,2024-11-11 23:15:00+00:00,89348.01,89392.68400499999,2024-11-11 23:30:00+00:00,88498.75716494999,88454.50778636751,0.00020894349969468576,18.678020243105856,0.18678020243105856,88498.75716494999,91180.53768509999,SL,-0.17744585948098215,0.018678020243105855,0.01848199442065446,0.009334342950076529,0.009245620020337863,0.018579962970414393,-0.23318583711515686,-1.2484505000000032,0 days 00:15:00
15m,VALIDATION,93,CLOSED,BTCUSDT,LONG,2024-11-12 03:45:00+00:00,2024-11-12 04:00:00+00:00,88047.45,88091.47372499999,2024-11-12 07:00:00+00:00,89853.30319949999,89808.37654790025,0.00020938538747184451,18.445067358874933,0.18445067358874934,87210.55898774999,89853.30319949999,TP,0.37811927189457634,0.018445067358874932,0.01880456172169941,0.009217924717077218,0.009406984353025007,0.018624909070102225,0.32224473374389984,1.7470510000000092,0 days 03:00:00
15m,VALIDATION,94,CLOSED,BTCUSDT,LONG,2024-11-12 07:00:00+00:00,2024-11-12 07:15:00+00:00,89836.01,89880.928005,2024-11-12 07:45:00+00:00,88982.11872494999,88937.62766558753,0.0002087983578536696,18.766990169807904,0.18766990169807904,88982.11872494999,91678.5465651,SL,-0.17829109601601656,0.018766990169807905,0.01857003060797577,0.009378805682062825,0.009289660134053102,0.018668465816115927,-0.23429658260991618,-1.2484504999999924,0 days 00:30:00
15m,VALIDATION,95,CLOSED,BTCUSDT,LONG,2024-11-12 18:30:00+00:00,2024-11-12 18:45:00+00:00,88585.01,88629.30250499999,2024-11-12 22:00:00+00:00,87743.00947994998,87699.13797521,0.0002091060983885386,18.53292764971808,0.18532927649718078,87743.00947994998,90401.88855509998,SL,-0.1760674435887794,0.01853292764971808,0.018338424574034284,0.00926183290840282,0.009173799186610371,0.018435632095013192,-0.23137442790754495,-1.2484505000000072,0 days 03:15:00
15m,VALIDATION,96,CLOSED,BTCUSDT,LONG,2024-11-13 00:15:00+00:00,2024-11-13 00:30:00+00:00,88206.0,88250.10299999999,2024-11-13 02:15:00+00:00,87367.60196999999,87323.918169015,0.00020738541648042226,18.30178436509516,0.18301784365095158,87367.60196999999,90015.10505999999,SL,-0.17387152462791788,0.01830178436509516,0.018109707138183488,0.009146319023033625,0.009059383260719808,0.018205702283753435,-0.22848871841494997,-1.248450499999987,0 days 01:45:00
15m,VALIDATION,97,CLOSED,BTCUSDT,LONG,2024-11-13 12:30:00+00:00,2024-11-13 12:45:00+00:00,87948.0,87991.974,2024-11-13 14:15:00+00:00,89751.81348,89706.93757326,0.00020539968687528442,18.073523907138167,0.18073523907138167,87112.05426,89751.81348,TP,0.3705027239734165,0.018073523907138168,0.018425776888088292,0.009032245830654163,0.009217497192639463,0.018249743023293626,0.31575368015489647,1.7470510000000004,0 days 01:30:00
15m,VALIDATION,98,CLOSED,BTCUSDT,LONG,2024-11-13 14:15:00+00:00,2024-11-13 14:30:00+00:00,89790.04,89834.93501999999,2024-11-13 14:45:00+00:00,91631.63372039999,91585.81790353979,0.0002046972276983026,18.388962149051157,0.18388962149051158,88936.58566979998,91631.63372039999,TP,0.37696912911248154,0.01838896214905116,0.018747363021336165,0.00918988613145909,0.009378370696015046,0.018568256827474136,0.32126454711462005,1.7470510000000017,0 days 00:15:00
15m,VALIDATION,99,CLOSED,BTCUSDT,LONG,2024-11-13 14:45:00+00:00,2024-11-13 15:00:00+00:00,91508.0,91553.754,2024-11-13 15:00:00+00:00,90638.21646,90592.89735177,0.00020435978794012383,18.709905752562264,0.18709905752562264,90638.21646,93384.82908,SL,-0.17774877978821102,0.018709905752562265,0.018513545291689124,0.009350277737412592,0.009261403347516087,0.01861168108492868,-0.23358391191739108,-1.2484504999999932,0 days 00:00:00
15m,VALIDATION,100,CLOSED,BTCUSDT,LONG,2024-11-13 15:30:00+00:00,2024-11-13 15:45:00+00:00,92000.0,92046.0,2024-11-13 19:00:00+00:00,91125.54,91079.97723,0.00020073175576566316,18.47655519120623,0.18476555191206231,91125.54,93886.92,SL,-0.1755318911468431,0.01847655519120623,0.018282643744474525,0.009233660765220506,0.009145894819644985,0.01837955558486549,-0.23067064566738932,-1.2484504999999955,0 days 03:15:00
15m,VALIDATION,101,CLOSED,BTCUSDT,LONG,2024-11-13 22:15:00+00:00,2024-11-13 22:30:00+00:00,89555.27,89600.047635,2024-11-14 08:00:00+00:00,91392.0485877,91346.35256340615,0.00020363956791711484,18.246114985744306,0.18246114985744308,88704.04715864999,91392.0485877,TP,0.3740407979586362,0.018246114985744306,0.018601731766816464,0.009118498243748503,0.009305518642729846,0.01842401688647835,0.3187689343195971,1.747051000000007,0 days 09:30:00
15m,VALIDATION,102,CLOSED,BTCUSDT,LONG,2024-11-14 08:00:00+00:00,2024-11-14 08:15:00+00:00,91387.51,91433.203755,2024-11-14 08:45:00+00:00,90518.87171744999,90473.61228159127,0.00020303964760247034,18.564565469580067,0.1856456546958007,90518.87171744999,93261.8678301,SL,-0.17636801078296788,0.018564565469580067,0.018369730354976823,0.009277643912833665,0.00918945990744173,0.018467103820275395,-0.2317694104278002,-1.2484505000000026,0 days 00:30:00
15m,VALIDATION,103,CLOSED,BTCUSDT,LONG,2024-11-14 09:45:00+00:00,2024-11-14 10:00:00+00:00,90909.01,90954.464505,2024-11-14 14:30:00+00:00,90044.91985995,89999.89740002003,0.00020156270169692452,18.333027597024824,0.18333027597024823,90044.91985995,92773.5537951,SL,-0.174168343138152,0.018333027597024824,0.01814062247239405,0.00916193283209667,0.009074848660526087,0.018236781492622756,-0.22887877470019363,-1.248450499999996,0 days 04:30:00
15m,VALIDATION,104,CLOSED,BTCUSDT,LONG,2024-11-15 10:15:00+00:00,2024-11-15 10:30:00+00:00,89358.93,89403.60946499999,2024-11-15 15:00:00+00:00,88509.57337034999,88465.31858366482,0.00020250163926028924,18.104377472449208,0.1810437747244921,88509.57337034999,91191.68165429999,SL,-0.17199610982072072,0.01810437747244921,0.01791437203087586,0.009047664903771463,0.00896166684886081,0.018009331752632272,-0.2260241910766781,-1.2484504999999921,0 days 04:30:00
15m,VALIDATION,105,CLOSED,BTCUSDT,LONG,2024-11-15 17:30:00+00:00,2024-11-15 17:45:00+00:00,89892.01,89936.95600499999,2024-11-15 21:45:00+00:00,91735.69512509998,91689.82727753744,0.00019879012892955002,17.878579079765213,0.17878579079765214,89037.58644494998,91735.69512509998,TP,0.3665064037241205,0.017878579079765214,0.01822703258602984,0.00893482212881635,0.009118075330680118,0.018052897459496467,0.31234789459882906,1.7470510000000006,0 days 04:00:00
15m,VALIDATION,106,CLOSED,BTCUSDT,LONG,2024-11-15 21:45:00+00:00,2024-11-15 22:00:00+00:00,91678.78,91724.61938999999,2024-11-16 12:00:00+00:00,90807.37319609999,90761.96950950194,0.00019831769332463955,18.190614938505306,0.18190614938505306,90807.37319609999,93559.11177779999,SL,-0.17281538729684692,0.018190614938505306,0.017999704434725695,0.009090762088207305,0.00900435439455917,0.018095116482766474,-0.2271008231528444,-1.2484505000000012,0 days 14:00:00
15m,VALIDATION,107,CLOSED,BTCUSDT,LONG,2024-11-16 13:00:00+00:00,2024-11-16 13:15:00+00:00,91189.99,91235.584995,2024-11-16 15:30:00+00:00,90323.22914504999,90278.06753047748,0.00019689401882265717,17.963740989301666,0.17963740989301666,90323.22914504999,93060.2966949,SL,-0.1706600280892706,0.017963740989301667,0.017775211527618948,0.008977381803747422,0.008892051789701946,0.01786943359344937,-0.2242684141996406,-1.2484504999999946,0 days 02:15:00
15m,VALIDATION,108,CLOSED,BTCUSDT,LONG,2024-11-17 08:45:00+00:00,2024-11-17 09:00:00+00:00,90985.11,91030.60255499999,2024-11-17 14:15:00+00:00,90120.29652944999,90075.23638118527,0.00019487618582721857,17.739696619471857,0.17739696619471856,90120.29652944999,92851.2146061,SL,-0.16853155059278604,0.01773969661947186,0.0175535185034505,0.008865415601932975,0.008781149826637207,0.017646565428570182,-0.22147133114427858,-1.2484504999999948,0 days 05:15:00
15m,VALIDATION,109,CLOSED,BTCUSDT,LONG,2024-11-18 05:15:00+00:00,2024-11-18 05:30:00+00:00,90809.35,90854.754675,2024-11-18 13:00:00+00:00,89946.20712825,89901.23402468588,0.00019281815906140018,17.518446538408643,0.17518446538408644,89946.20712825,92671.8497685,SL,-0.16642961953780705,0.017518446538408644,0.017334590441988044,0.008754845846280786,0.008671631036510575,0.01742647688279136,-0.2187091334009951,-1.2484504999999981,0 days 07:30:00
15m,VALIDATION,110,CLOSED,BTCUSDT,LONG,2024-11-18 15:45:00+00:00,2024-11-18 16:00:00+00:00,92309.51,92355.66475499999,2024-11-18 16:45:00+00:00,91432.10810745,91386.39205339628,0.00018731883898560556,17.29995589565041,0.1729995589565041,91432.10810745,94202.7780501,SL,-0.16435390383623877,0.01729995589565041,0.01711839285852556,0.008645655120264311,0.008563478168345117,0.01720913328860943,-0.21598138587902418,-1.2484504999999837,0 days 00:45:00
15m,VALIDATION,111,CLOSED,BTCUSDT,LONG,2024-11-18 21:00:00+00:00,2024-11-18 21:15:00+00:00,91964.16,92010.14208,2024-11-18 22:00:00+00:00,91090.0406592,91044.49563887042,0.00018567725132450578,17.084190275391645,0.17084190275391645,91090.0406592,93850.3449216,SL,-0.16230407652933224,0.017084190275391646,0.016904891698451413,0.008537826224583826,0.00845667418631726,0.016994500410901087,-0.2132876589140764,-1.2484504999999884,0 days 00:45:00
15m,VALIDATION,112,CLOSED,BTCUSDT,LONG,2024-11-19 02:45:00+00:00,2024-11-19 03:00:00+00:00,91236.0,91281.618,2024-11-19 17:30:00+00:00,93107.25036,93060.69673482001,0.00018482489750632923,16.8711156910619,0.168711156910619,90368.80182000001,93107.25036,TP,0.3458536559956827,0.016871115691061898,0.017199933735880694,0.008431342174444136,0.008604269002440294,0.01703561117688443,0.2947469953918556,1.7470510000000106,0 days 14:30:00
15m,VALIDATION,113,CLOSED,BTCUSDT,LONG,2024-11-19 17:30:00+00:00,2024-11-19 17:45:00+00:00,92756.01,92802.38800499999,2024-11-19 21:15:00+00:00,91874.36412494999,91828.42694288753,0.0001849690358505221,17.165568233910903,0.17165568233910905,91874.36412494999,94658.43576509999,SL,-0.1630771874695888,0.017165568233910904,0.01698541559529601,0.0085784948695191,0.008496956275784156,0.017075451145303254,-0.21430362244409898,-1.2484504999999833,0 days 03:30:00
15m,VALIDATION,114,CLOSED,BTCUSDT,LONG,2024-11-20 07:15:00+00:00,2024-11-20 07:30:00+00:00,92678.61,92724.949305,2024-11-20 13:45:00+00:00,94579.44829110001,94532.15856695446,0.00018281464512038986,16.951478700999715,0.16951478700999714,91797.69981195,94579.44829110001,TP,0.3475010776186963,0.016951478700999716,0.017281863020882204,0.00847150359870075,0.008645254137509906,0.017116757736210658,0.2961509781606037,1.747051000000007,0 days 06:15:00
15m,VALIDATION,115,CLOSED,BTCUSDT,LONG,2024-11-20 13:45:00+00:00,2024-11-20 14:00:00+00:00,94382.87,94430.061435,2024-11-20 16:30:00+00:00,93485.76082065,93439.01794023968,0.00018264664410823575,17.247333824037284,0.17247333824037284,93485.76082065,96318.6626637,SL,-0.16385398100696988,0.017247333824037283,0.01706632305555401,0.008619357233402057,0.008537430242898564,0.017156787476300624,-0.2153244253628618,-1.2484504999999955,0 days 02:30:00
15m,VALIDATION,116,CLOSED,BTCUSDT,LONG,2024-11-20 19:45:00+00:00,2024-11-20 20:00:00+00:00,94000.0,94047.0,2024-11-21 04:00:00+00:00,95927.94,95879.97603,0.00018110332608153867,17.032224507990467,0.17032224507990468,93106.53,95927.94,TP,0.3491563464856421,0.017032224507990468,0.0173641825636512,0.008511856325832318,0.008686434499074606,0.017198290824906926,0.2975616485890935,1.7470510000000057,0 days 08:00:00
15m,VALIDATION,117,CLOSED,BTCUSDT,LONG,2024-11-21 04:00:00+00:00,2024-11-21 04:15:00+00:00,96940.8,96989.2704,2024-11-21 15:30:00+00:00,96019.377696,95971.368007152,0.000178674288616933,17.329488892195357,0.17329488892195358,96019.377696,98929.05580799999,SL,-0.16463447468297662,0.017329488892195356,0.017147615906271767,0.008660414238976592,0.008578097001634793,0.017238511240611383,-0.21635009072205513,-1.2484504999999868,0 days 11:15:00
15m,VALIDATION,118,CLOSED,BTCUSDT,LONG,2024-11-21 16:15:00+00:00,2024-11-21 16:30:00+00:00,97147.99,97196.563995,2024-11-22 03:15:00+00:00,99140.49527490001,99090.92502726256,0.0001760695464122622,17.113354935430067,0.17113354935430067,96224.59835505001,99140.49527490001,TP,0.35081949997568324,0.017113354935430067,0.0174468942231216,0.008552401267081285,0.008727811017068042,0.017280212284149325,0.2989790385329822,1.7470510000000108,0 days 10:45:00
15m,VALIDATION,119,CLOSED,BTCUSDT,LONG,2024-11-22 04:30:00+00:00,2024-11-22 04:45:00+00:00,99022.58,99072.09129,2024-11-22 13:15:00+00:00,98081.3703771,98032.32969191145,0.00017575116328812562,17.412035293604877,0.17412035293604877,98081.3703771,101053.5331158,SL,-0.16541868612265334,0.017412035293604876,0.017229295983198493,0.008701666813394848,0.008618957470334258,0.017320624283729106,-0.21738064168318583,-1.248450499999996,0 days 08:30:00
15m,VALIDATION,120,CLOSED,BTCUSDT,LONG,2024-11-22 17:00:00+00:00,2024-11-22 17:15:00+00:00,99143.99,99193.561995,2024-11-23 16:15:00+00:00,98201.62637505,98152.52556186248,0.00017334665143153776,17.194871815399896,0.17194871815399895,98201.62637505,101177.4332349,SL,-0.16335557881597015,0.017194871815399897,0.017014411635697276,0.008593139338029398,0.008511461548620914,0.017104600886650313,-0.21466946315371765,-1.2484504999999917,0 days 23:00:00
15m,VALIDATION,121,CLOSED,BTCUSDT,LONG,2024-11-24 02:15:00+00:00,2024-11-24 02:30:00+00:00,98525.79,98575.05289499999,2024-11-24 10:30:00+00:00,97589.30236604999,97540.50771486697,0.0001722587643482322,16.980416807254326,0.16980416807254325,97589.30236604999,100546.5539529,SL,-0.1613182026516273,0.016980416807254328,0.016802207332862192,0.008485965420915426,0.008405306319590588,0.016891271740506014,-0.21199209853224985,-1.2484504999999952,0 days 08:00:00
15m,VALIDATION,122,CLOSED,BTCUSDT,LONG,2024-11-24 23:00:00+00:00,2024-11-24 23:15:00+00:00,98252.0,98301.12599999999,2024-11-25 01:15:00+00:00,97318.11473999999,97269.45568263,0.00017058437854557528,16.76863648904029,0.1676863648904029,97318.11473999999,100267.14851999999,SL,-0.1593062367099747,0.01676863648904029,0.016592649649087816,0.008380128180428104,0.008300475062073941,0.016680603242502045,-0.20934812609060485,-1.2484504999999935,0 days 02:00:00
15m,VALIDATION,123,CLOSED,BTCUSDT,LONG,2024-11-25 03:30:00+00:00,2024-11-25 03:45:00+00:00,97735.59,97784.457795,2024-11-25 14:30:00+00:00,96806.61321704999,96758.20991044147,0.00016934692767487563,16.559497501936793,0.16559497501936793,96806.61321704999,99740.1469509,SL,-0.15731936407387315,0.016559497501936794,0.016385705575653966,0.00827561094549536,0.008196951263458692,0.01647256220895405,-0.20673712936041796,-1.2484505000000035,0 days 10:45:00
15m,VALIDATION,124,CLOSED,BTCUSDT,LONG,2024-11-27 04:15:00+00:00,2024-11-27 04:30:00+00:00,93018.98,93065.48948999999,2024-11-27 15:30:00+00:00,94926.79927979999,94879.3358801601,0.0001757146176610642,16.352966903175137,0.16352966903175137,92134.8345951,94926.79927979999,TP,0.3352317353164629,0.016352966903175135,0.01667168622811802,0.008172397252960513,0.00834001312061784,0.016512410373578354,0.28569467181159136,1.7470510000000068,0 days 11:00:00
15m,VALIDATION,125,CLOSED,BTCUSDT,LONG,2024-11-27 15:30:00+00:00,2024-11-27 15:45:00+00:00,95571.13,95618.915565,2024-11-28 10:00:00+00:00,94662.72640935,94615.39504614534,0.00017400716236332667,16.63837616572418,0.16638376165724178,94662.72640935,97531.2938763,SL,-0.15806873108966465,0.016638376165724177,0.016463756407864908,0.008315030567578006,0.008235996202031366,0.016551026769609373,-0.2077218904328631,-1.2484504999999926,0 days 18:15:00
15m,VALIDATION,126,CLOSED,BTCUSDT,LONG,2024-11-28 23:00:00+00:00,2024-11-28 23:15:00+00:00,95700.0,95747.84999999999,2024-11-29 14:45:00+00:00,97662.80699999999,97613.9755965,0.00017160554299305286,16.430861789667375,0.16430861789667375,94790.3715,97662.80699999999,TP,0.33682856102556274,0.016430861789667375,0.01675109928594799,0.008211325232216082,0.008379739512729165,0.016591064744945247,0.28705553520500215,1.7470510000000024,0 days 15:30:00
15m,VALIDATION,127,CLOSED,BTCUSDT,LONG,2024-11-29 14:45:00+00:00,2024-11-29 15:00:00+00:00,98002.01,98051.011005,2024-11-29 17:15:00+00:00,97070.50089494999,97021.96564450252,0.00017049931851547602,16.717630556105938,0.1671763055610594,97070.50089494999,100012.0312251,SL,-0.15882166760198682,0.01671763055610594,0.016542179023419607,0.008354637959073137,0.008275227125271964,0.0166298650843451,-0.2087113422658575,-1.2484505000000008,0 days 02:15:00
15m,VALIDATION,128,CLOSED,BTCUSDT,LONG,2024-11-29 22:30:00+00:00,2024-11-29 22:45:00+00:00,97430.1,97478.81505,2024-11-30 01:45:00+00:00,96504.02689950001,96455.77488605026,0.00016936118589676584,16.509127716679508,0.1650912771667951,96504.02689950001,99428.39135100001,SL,-0.15684083852777447,0.01650912771667951,0.016335864421292957,0.008250438639020054,0.008172018219755729,0.01642245685877578,-0.2061082875245227,-1.2484504999999928,0 days 03:00:00
15m,VALIDATION,129,CLOSED,BTCUSDT,LONG,2024-11-30 18:45:00+00:00,2024-11-30 19:00:00+00:00,96966.37,97014.85318499999,2024-12-01 01:45:00+00:00,96044.70465314998,95996.6823008234,0.00016804875538440603,16.303225331540126,0.16303225331540128,96044.70465314998,98955.15024869998,SL,-0.15488471441908197,0.016303225331540126,0.016132122981685613,0.008147538896320231,0.008070096539112202,0.016217635435432434,-0.20353769816774014,-1.2484505000000046,0 days 06:45:00
15m,VALIDATION,130,CLOSED,BTCUSDT,LONG,2024-12-01 11:00:00+00:00,2024-12-01 11:15:00+00:00,96973.37,97021.85668499999,2024-12-02 07:15:00+00:00,96051.63811814999,96003.61229909092,0.00016594086649988123,16.099890967736194,0.16099890967736194,96051.63811814999,98962.2938187,SL,-0.15295298715475616,0.016099890967736195,0.015930922612029802,0.008045922522606165,0.00796944602902833,0.016015368551634497,-0.2009991692861567,-1.248450499999996,0 days 20:00:00
15m,VALIDATION,131,CLOSED,BTCUSDT,LONG,2024-12-02 15:45:00+00:00,2024-12-02 16:00:00+00:00,97048.01,97096.534005,2024-12-02 16:30:00+00:00,96125.56866495,96077.50588061752,0.00016374521253253207,15.899092596820951,0.15899092596820952,96125.56866495,99038.4646851,SL,-0.15104535245655426,0.01589909259682095,0.015732231620017318,0.007945573511654536,0.007870050835426608,0.015815624347081142,-0.1984923010204737,-1.248450499999997,0 days 00:30:00
15m,VALIDATION,132,CLOSED,BTCUSDT,LONG,2024-12-03 21:00:00+00:00,2024-12-03 21:15:00+00:00,95867.98,95915.91398999999,2024-12-04 16:15:00+00:00,94956.75485009998,94909.27647267494,0.00016369336366272265,15.700798589807494,0.15700798589807494,94956.75485009998,97834.23226979999,SL,-0.14916150984120166,0.015700798589807493,0.015536018708607467,0.007846476056873747,0.007771895301952922,0.015618371358826669,-0.19601669849844328,-1.2484504999999915,0 days 19:00:00
15m,VALIDATION,133,CLOSED,BTCUSDT,LONG,2024-12-04 19:45:00+00:00,2024-12-04 20:00:00+00:00,97209.64,97258.24481999999,2024-12-05 02:15:00+00:00,99203.4097164,99153.8080115418,0.00015942070249038942,15.504977712186676,0.15504977712186677,96285.66237179999,99203.4097164,TP,0.31784816879255223,0.015504977712186676,0.015807169727797197,0.0077486145488178445,0.007907538633215175,0.01565615318203302,0.2708798681705353,1.7470510000000052,0 days 06:15:00
15m,VALIDATION,134,CLOSED,BTCUSDT,LONG,2024-12-05 02:15:00+00:00,2024-12-05 02:30:00+00:00,99211.99,99261.595995,2024-12-05 02:30:00+00:00,101246.8279149,101196.20450094256,0.00015892941084579123,15.775586971098301,0.15775586971098302,98268.98003505,101246.8279149,TP,0.3233955909817346,0.0157755869710983,0.01608305316116501,0.007883851559767804,0.008045549355258091,0.015929400915025895,0.2756075499344454,1.747051000000018,0 days 00:00:00
15m,VALIDATION,135,CLOSED,BTCUSDT,LONG,2024-12-05 02:30:00+00:00,2024-12-05 02:45:00+00:00,101312.02,101362.67601,2024-12-05 03:00:00+00:00,103389.9295302,103338.2345654349,0.00015835137568025057,16.05091918881503,0.1605091918881503,100349.0492499,103389.9295302,TP,0.3290398326462718,0.01605091918881503,0.01636375160380504,0.008021448869971186,0.008185968786294217,0.016207417656265405,0.28041774419738635,1.7470510000000092,0 days 00:15:00
15m,VALIDATION,136,CLOSED,BTCUSDT,LONG,2024-12-05 03:00:00+00:00,2024-12-05 03:15:00+00:00,102919.98,102971.43998999998,2024-12-05 05:45:00+00:00,101941.72559009999,101890.75472730494,0.0001585979257645791,16.33105679540583,0.1633105679540583,101941.72559009999,105030.86878979999,SL,-0.1551491202801936,0.016331056795405828,0.016159662354338047,0.008161447673864154,0.008083873113725226,0.01624532078758938,-0.20388516021752687,-1.2484504999999928,0 days 02:30:00
15m,VALIDATION,137,CLOSED,BTCUSDT,LONG,2024-12-05 08:15:00+00:00,2024-12-05 08:30:00+00:00,102690.22,102741.56511,2024-12-05 15:15:00+00:00,101714.14945889999,101663.29238417055,0.00015697030991692904,16.12737531666704,0.16127375316667042,101714.14945889999,104796.3964122,SL,-0.15321409533725305,0.016127375316667043,0.015958118512718625,0.008059657829417989,0.007983050781749152,0.01604270861116714,-0.20134229777780588,-1.2484504999999977,0 days 06:45:00
15m,VALIDATION,138,CLOSED,BTCUSDT,LONG,2024-12-06 14:15:00+00:00,2024-12-06 14:30:00+00:00,99254.59,99304.217295,2024-12-06 18:00:00+00:00,101290.3016409,101239.65649007955,0.00016037822555646638,15.926234160045858,0.15926234160045857,98311.17512205,101290.3016409,TP,0.3264838207121846,0.01592623416004586,0.016236636463825154,0.007959137511267042,0.008122379421623097,0.016081516932890137,0.2782394331554235,1.7470510000000046,0 days 03:30:00
15m,VALIDATION,139,CLOSED,BTCUSDT,LONG,2024-12-06 18:00:00+00:00,2024-12-06 18:15:00+00:00,101439.99,101490.709995,2024-12-06 21:45:00+00:00,100475.80289505,100425.56499360249,0.0001596618609972076,16.204195631729597,0.16204195631729598,100475.80289505,103520.5241949,SL,-0.15394390752582757,0.016204195631729597,0.0160341325985746,0.008098048791467818,0.00802107683770463,0.01611912562917245,-0.2023013613853042,-1.2484504999999868,0 days 03:30:00
15m,VALIDATION,140,CLOSED,BTCUSDT,LONG,2024-12-07 00:15:00+00:00,2024-12-07 00:30:00+00:00,100240.0,100290.12,2024-12-07 03:45:00+00:00,99287.21879999999,99237.5751906,0.00015955805387017605,16.00209636960642,0.1600209636960642,99287.21879999999,102295.9224,SL,-0.15202391403609292,0.01600209636960642,0.0158341543682074,0.00799704965997248,0.007921037702954317,0.015918087362926797,-0.19977825213683353,-1.2484505000000021,0 days 03:15:00
15m,VALIDATION,141,CLOSED,BTCUSDT,LONG,2024-12-07 18:30:00+00:00,2024-12-07 18:45:00+00:00,99980.0,100029.98999999999,2024-12-08 08:45:00+00:00,99029.69009999999,98980.17525495,0.00015797779941938465,15.80251769614305,0.1580251769614305,99029.69009999999,102030.58979999999,SL,-0.15012786676845666,0.01580251769614305,0.01563667027292203,0.007897310192973567,0.007822246259590536,0.015719556452564103,-0.19728661119008586,-1.2484504999999966,0 days 14:00:00
15m,VALIDATION,142,CLOSED,BTCUSDT,LONG,2024-12-08 13:15:00+00:00,2024-12-08 13:30:00+00:00,100226.63,100276.743315,2024-12-09 02:15:00+00:00,99273.97588185,99224.33889390908,0.0001556236038245997,15.605428174474635,0.15605428174474636,99273.97588185,102282.2781813,SL,-0.14825546706485007,0.015605428174474635,0.015441649205783526,0.007798814679896599,0.007724686946363794,0.015523501626260393,-0.19482604607136864,-1.2484504999999946,0 days 12:45:00
15m,VALIDATION,143,CLOSED,BTCUSDT,LONG,2024-12-10 10:30:00+00:00,2024-12-10 10:45:00+00:00,97732.01,97780.87600499998,2024-12-10 15:15:00+00:00,96803.06724494998,96754.66571132751,0.000157605427456284,15.410796759817925,0.15410796759817927,96803.06724494998,99736.49352509998,SL,-0.14640641999207515,0.015410796759817927,0.015249060447823638,0.007701547606104169,0.007628344396108974,0.015329892002213144,-0.1923961692019299,-1.2484504999999948,0 days 04:30:00
15m,VALIDATION,144,CLOSED,BTCUSDT,LONG,2024-12-11 03:00:00+00:00,2024-12-11 03:15:00+00:00,97299.06,97347.70953,2024-12-11 14:45:00+00:00,99294.6637206,99245.0163887397,0.00015633231503912545,15.218592794581234,0.15218592794581234,96374.2324347,99294.6637206,TP,0.31197734954209067,0.015218592794581234,0.015515203168147624,0.0076054936504646245,0.007761482325235616,0.01536697597570024,0.26587657760366157,1.7470510000000143,0 days 11:30:00
15m,VALIDATION,145,CLOSED,BTCUSDT,LONG,2024-12-11 14:45:00+00:00,2024-12-11 15:00:00+00:00,99515.99,99565.747995,2024-12-11 20:30:00+00:00,101557.0629549,101506.28442342256,0.0001555173749309436,15.484203761218259,0.1548420376121826,98570.09051505,101557.0629549,TP,0.31742230798859145,0.015484203761218259,0.01578599089252441,0.007738232764225875,0.007896943918219346,0.01563517668244522,0.27051693665240356,1.747051000000015,0 days 05:30:00
15m,VALIDATION,146,CLOSED,BTCUSDT,LONG,2024-12-11 20:30:00+00:00,2024-12-11 20:45:00+00:00,101588.98,101639.77449,2024-12-12 00:45:00+00:00,100623.3767451,100573.06505672746,0.00015500280800731934,15.754450451180704,0.15754450451180704,100623.3767451,103672.5699798,SL,-0.14967121593050636,0.015754450451180704,0.015589107493695563,0.007873288581299737,0.007798452973333701,0.01567174155463344,-0.19668651543001608,-1.2484504999999895,0 days 04:00:00
15m,VALIDATION,147,CLOSED,BTCUSDT,LONG,2024-12-12 02:45:00+00:00,2024-12-12 03:00:00+00:00,101824.77,101875.682385,2024-12-12 03:45:00+00:00,100856.92556115,100806.49709836942,0.00015271515303309343,15.557960425776095,0.15557960425776096,100856.92556115,103913.1960327,SL,-0.1478045115912072,0.015557960425776096,0.015394679631107576,0.007775092666553047,0.007701190410759244,0.01547628307731229,-0.19423343472540314,-1.2484504999999957,0 days 00:45:00
15m,VALIDATION,148,CLOSED,BTCUSDT,LONG,2024-12-12 07:15:00+00:00,2024-12-12 07:30:00+00:00,100780.0,100830.39,2024-12-12 19:30:00+00:00,99822.0861,99772.17505695,0.0001523739125718548,15.363921030446024,0.15363921030446023,99822.0861,102846.9978,SL,-0.1459610888499644,0.015363921030446025,0.015202676679231492,0.007678121454495675,0.007605140910070849,0.015283262364566525,-0.19181094892420847,-1.2484504999999997,0 days 12:00:00
15m,VALIDATION,149,CLOSED,BTCUSDT,LONG,2024-12-13 10:45:00+00:00,2024-12-13 11:00:00+00:00,100457.62,100507.84881,2024-12-14 01:15:00+00:00,102518.0057862,102466.7467833069,0.00015095638679455897,15.172301700851413,0.15172301700851415,99502.7703219,102518.0057862,TP,0.31102839368761875,0.015172301700851414,0.015468009861001006,0.007582359670590491,0.007737873867434348,0.015320233538024839,0.26506784858774146,1.7470509999999988,0 days 14:15:00
15m,VALIDATION,150,CLOSED,BTCUSDT,LONG,2024-12-14 01:15:00+00:00,2024-12-14 01:30:00+00:00,102580.81,102632.10040499999,2024-12-14 04:30:00+00:00,101605.77940094999,101554.97651124952,0.00015041205125371822,15.437104746393613,0.15437104746393612,101605.77940094999,104684.74241309999,SL,-0.146656352438253,0.015437104746393614,0.015275092332080213,0.0077146950256828314,0.007641366849464039,0.01535606187514687,-0.19272461139187372,-1.248450499999993,0 days 03:00:00
15m,VALIDATION,151,CLOSED,BTCUSDT,LONG,2024-12-14 06:00:00+00:00,2024-12-14 06:15:00+00:00,101858.82,101909.74941,2024-12-14 13:15:00+00:00,100890.6519159,100840.20658994206,0.00014958895253239788,15.244572667081053,0.15244572667081055,100890.6519159,103947.94439820001,SL,-0.14482724957581827,0.015244572667081053,0.015084580876940038,0.007618477094992582,0.007546063470204508,0.01516454056519709,-0.19032094368503644,-1.248450499999998,0 days 07:00:00
15m,VALIDATION,152,CLOSED,BTCUSDT,LONG,2024-12-15 01:15:00+00:00,2024-12-15 01:30:00+00:00,101585.08,101635.87254,2024-12-15 23:00:00+00:00,103668.5899908,103616.7556958046,0.0001481213421794951,15.05444185420889,0.1505444185420889,100619.5138146,103668.5899908,TP,0.30861229628168313,0.01505444185420889,0.015347852925947423,0.007523459197504939,0.007677765345645776,0.015201224543150715,0.2630087769583761,1.7470510000000077,0 days 21:30:00
15m,VALIDATION,153,CLOSED,BTCUSDT,LONG,2024-12-15 23:00:00+00:00,2024-12-15 23:15:00+00:00,103640.02,103691.84001,2024-12-16 00:30:00+00:00,105765.6768102,105712.7939717949,0.00014771835357207624,15.317187885136342,0.1531718788513634,102654.9216099,105765.6768102,TP,0.31399852426201563,0.015317187885136342,0.01561571987701765,0.007654766559287909,0.007811765821419713,0.015466532380707622,0.267599084119154,1.7470510000000046,0 days 01:15:00
15m,VALIDATION,154,CLOSED,BTCUSDT,LONG,2024-12-16 00:30:00+00:00,2024-12-16 00:45:00+00:00,105897.99,105950.938995,2024-12-16 02:15:00+00:00,104891.42960505,104838.98389024747,0.00014709185010846002,15.584519637503131,0.15584519637503133,104891.42960505,108069.9577749,SL,-0.14805683073909878,0.015584519637503132,0.015420960103907536,0.007788365635933427,0.007714337220564034,0.01550270285649746,-0.1945650133370069,-1.2484505000000055,0 days 01:30:00
15m,VALIDATION,155,CLOSED,BTCUSDT,LONG,2024-12-16 05:30:00+00:00,2024-12-16 05:45:00+00:00,104994.25,105046.747125,2024-12-16 11:45:00+00:00,103996.27965375,103944.28151392312,0.0001465076208071,15.39014899480882,0.1539014899480882,103996.27965375,107147.68206749999,SL,-0.14621026106512583,0.01539014899480882,0.015228629381108302,0.00769122888296211,0.007618123752429915,0.015309352635392025,-0.192138392076435,-1.2484504999999955,0 days 06:00:00
15m,VALIDATION,156,CLOSED,BTCUSDT,LONG,2024-12-16 14:45:00+00:00,2024-12-16 15:00:00+00:00,105487.01,105539.75350499999,2024-12-16 18:15:00+00:00,107650.5485751,107596.72330081245,0.00014400452952031953,15.198202549178017,0.15198202549178016,104484.35596994999,107650.5485751,TP,0.31155935460633793,0.015198202549178018,0.015494415516861497,0.007595303622776364,0.0077510833000805565,0.01534638692285692,0.2655203496174415,1.7470510000000095,0 days 03:15:00
15m,VALIDATION,157,CLOSED,BTCUSDT,LONG,2024-12-16 18:15:00+00:00,2024-12-16 18:30:00+00:00,107750.47,107804.345235,2024-12-16 19:00:00+00:00,106726.30178265,106672.93863175868,0.0001434400219211251,15.463457643700938,0.15463457643700937,106726.30178265,109960.4321397,SL,-0.1469067115476038,0.015463457643700938,0.015301168655730295,0.007727864889405697,0.007654411533631826,0.015382276423037522,-0.19305361427007256,-1.2484505,0 days 00:30:00
15m,VALIDATION,158,CLOSED,BTCUSDT,LONG,2024-12-16 21:45:00+00:00,2024-12-16 22:00:00+00:00,106057.78,106110.80889,2024-12-17 14:45:00+00:00,108233.0250678,108178.90855526611,0.00014391179418879634,15.27059689018438,0.15270596890184382,105049.7008011,108233.0250678,TP,0.3130434205074283,0.01527059689018438,0.015568220823574078,0.0076314827037405235,0.007788004413992373,0.015419487117732895,0.2667851156759369,1.7470510000000115,0 days 16:45:00
15m,VALIDATION,159,CLOSED,BTCUSDT,LONG,2024-12-17 14:45:00+00:00,2024-12-17 15:00:00+00:00,108258.38,108312.50919,2024-12-17 15:00:00+00:00,107229.3840981,107175.76940605095,0.00014344710138704562,15.53711548726324,0.1553711548726324,107229.3840981,110478.7593738,SL,-0.14760647946670502,0.015537115487263239,0.015374053460224413,0.007764675405927563,0.00769087216619427,0.015455547572121833,-0.19397319598631452,-1.2484504999999946,0 days 00:00:00
15m,VALIDATION,160,CLOSED,BTCUSDT,LONG,2024-12-17 17:15:00+00:00,2024-12-17 17:30:00+00:00,107537.14,107590.90857,2024-12-17 18:45:00+00:00,106514.9994843,106461.74198455786,0.00014260810950128682,15.343336070693498,0.15343336070693497,106514.9994843,109742.7267414,SL,-0.14576552658864697,0.015343336070693499,0.015182307758631572,0.0076678341182876315,0.007594951354992861,0.015262785473280492,-0.19155395589125254,-1.248450499999995,0 days 01:15:00
15m,VALIDATION,161,CLOSED,BTCUSDT,LONG,2024-12-19 10:30:00+00:00,2024-12-19 10:45:00+00:00,102483.39,102534.63169499999,2024-12-19 14:45:00+00:00,101509.28537804999,101458.53073536097,0.00014777420298798827,15.151973477395545,0.15151973477395544,101509.28537804999,104585.3243289,SL,-0.14394753413557881,0.015151973477395546,0.014992953515750279,0.0075722006383770624,0.007500226871309836,0.0150724275096869,-0.18916488863841155,-1.2484504999999966,0 days 04:00:00
15m,VALIDATION,162,CLOSED,BTCUSDT,LONG,2024-12-20 19:15:00+00:00,2024-12-20 19:30:00+00:00,97584.34,97633.13217,2024-12-20 20:30:00+00:00,96656.8008483,96608.47244787586,0.0001532573751563773,14.962997564669859,0.14962997564669858,96656.8008483,99585.7948134,SL,-0.14215221574431414,0.01496299756466986,0.01480596090522865,0.007477759902383834,0.007406683794510536,0.01488444369689437,-0.18680561791110703,-1.248450499999989,0 days 01:00:00
15m,VALIDATION,163,CLOSED,BTCUSDT,LONG,2024-12-20 22:45:00+00:00,2024-12-20 23:00:00+00:00,97463.93,97512.66196499999,2024-12-21 07:30:00+00:00,99462.91520429999,99413.18374669785,0.00015153292165340863,14.776378565757664,0.14776378565757664,96537.53534534998,99462.91520429999,TP,0.30291206834951484,0.014776378565757664,0.015064370184004281,0.007384497034361505,0.00753595306853571,0.014920450102897215,0.2581508694968557,1.747051000000005,0 days 08:30:00
15m,VALIDATION,164,CLOSED,BTCUSDT,LONG,2024-12-21 07:30:00+00:00,2024-12-21 07:45:00+00:00,99495.99,99545.737995,2024-12-21 08:30:00+00:00,98550.28061505,98501.00547474247,0.00015102878179508943,15.034271542277999,0.15034271542278,98550.28061505,101536.6527549,SL,-0.1428293363411831,0.015034271542277999,0.014876486862441791,0.007513379081597883,0.007441964413427389,0.014955343495025272,-0.18769543824092816,-1.248450500000005,0 days 00:45:00
15m,VALIDATION,165,CLOSED,BTCUSDT,LONG,2024-12-23 10:45:00+00:00,2024-12-23 11:00:00+00:00,96392.4,96440.59619999999,2024-12-23 13:30:00+00:00,95476.19023799998,95428.45214288098,0.00015394724003134466,14.846763611967384,0.14846763611967384,95476.19023799998,98369.40812399998,SL,-0.14104796414967719,0.014846763611967385,0.014690946827859786,0.007419671969997342,0.007349147987923687,0.01476881995792103,-0.1853544945474254,-1.2484505000000035,0 days 02:30:00
15m,VALIDATION,166,CLOSED,BTCUSDT,LONG,2024-12-24 05:30:00+00:00,2024-12-24 05:45:00+00:00,94541.32,94588.59066,2024-12-24 14:15:00+00:00,96480.3624732,96432.1222919634,0.00015500383486467714,14.661594286745183,0.14661594286745183,93642.7047534,96480.3624732,TP,0.30055901931148726,0.014661594286745183,0.014947348759393847,0.007327133576583474,0.007477413086240139,0.014804546662823614,0.2561455296025246,1.7470510000000001,0 days 08:30:00
15m,VALIDATION,167,CLOSED,BTCUSDT,LONG,2024-12-24 14:15:00+00:00,2024-12-24 14:30:00+00:00,96833.86,96882.27692999999,2024-12-24 17:00:00+00:00,98819.9224686,98770.5125073657,0.00015397536473555452,14.917483926707748,0.14917483926707747,95913.4541607,98819.9224686,TP,0.30580469299027985,0.014917483926707747,0.015208225688439284,0.007455014456124601,0.007607916802620637,0.015062931258745239,0.2606160521163876,1.7470510000000044,0 days 02:30:00
15m,VALIDATION,168,CLOSED,BTCUSDT,LONG,2024-12-24 17:00:00+00:00,2024-12-24 17:15:00+00:00,98893.73,98943.17686499999,2024-12-24 19:30:00+00:00,97953.74509634999,97904.76822380182,0.00015339955825187076,15.177839623127717,0.15177839623127717,97953.74509634999,100922.04040229999,SL,-0.14419326898333867,0.015177839623127718,0.015018548196282993,0.007585127247938477,0.007513030613447442,0.015098157861385918,-0.1894878146641353,-1.2484504999999948,0 days 02:15:00
15m,VALIDATION,169,CLOSED,BTCUSDT,LONG,2024-12-24 21:15:00+00:00,2024-12-24 21:30:00+00:00,98128.51,98177.57425499998,2024-12-26 08:00:00+00:00,97195.79851244998,97147.20061319377,0.00015266766591777342,14.98854110697973,0.1498854110697973,97195.79851244998,100141.12574009999,SL,-0.1423948857789547,0.01498854110697973,0.01483123636806198,0.007490525290842952,0.007419327847953578,0.01490985313879653,-0.18712451639279293,-1.248450499999993,1 days 10:30:00
15m,VALIDATION,170,CLOSED,BTCUSDT,LONG,2024-12-27 04:00:00+00:00,2024-12-27 04:15:00+00:00,96481.35,96529.590675,2024-12-27 07:15:00+00:00,95564.29476825,95516.51262086588,0.00015333747325211843,14.801603528165753,0.14801603528165752,95564.29476825,98460.1824885,SL,-0.14061893206918263,0.014801603528165752,0.014646260699137655,0.007397103212475663,0.00732679374644093,0.014723896958916592,-0.18479069325540265,-1.248450499999998,0 days 03:00:00
15m,VALIDATION,171,CLOSED,BTCUSDT,LONG,2024-12-27 09:00:00+00:00,2024-12-27 09:15:00+00:00,97298.55,97347.19927499999,2024-12-27 10:30:00+00:00,96373.72728225,96325.54041860887,0.00015015324066700042,14.616997440997523,0.14616997440997523,96373.72728225,99294.14326049999,SL,-0.1388651281126264,0.014616997440997523,0.014463592052854255,0.007304846297348412,0.0072354137332935695,0.014540260030641981,-0.18248597763712016,-1.2484504999999957,0 days 01:15:00
15m,VALIDATION,172,CLOSED,BTCUSDT,LONG,2024-12-27 11:45:00+00:00,2024-12-27 12:00:00+00:00,96952.38,97000.85619,2024-12-27 14:30:00+00:00,96030.8476281,95982.83220428597,0.00014880996244775896,14.434693767034368,0.14434693767034368,96030.8476281,98940.87331380001,SL,-0.13713319765683335,0.014434693767034368,0.014283201655949346,0.007213740013510611,0.007145173414680303,0.014358913428190914,-0.180210006508008,-1.2484504999999904,0 days 02:30:00
15m,VALIDATION,173,CLOSED,BTCUSDT,LONG,2024-12-28 14:00:00+00:00,2024-12-28 14:15:00+00:00,94881.73,94929.170865,2024-12-29 16:15:00+00:00,93979.87915635,93932.88921677183,0.0001501610480805172,14.254663790502896,0.14254663790502897,93979.87915635,96827.7542823,SL,-0.1354228678947823,0.014254663790502897,0.01410506109402157,0.007123770010245852,0.007056058576297966,0.014179828586543819,-0.17796242136585058,-1.2484504999999875,1 days 02:00:00
15m,VALIDATION,174,CLOSED,BTCUSDT,LONG,2024-12-30 10:00:00+00:00,2024-12-30 10:15:00+00:00,94024.65,94071.66232499998,2024-12-30 13:30:00+00:00,93130.94570174998,93084.38022889911,0.0001496399532639361,14.076879153773776,0.14076879153773778,93130.94570174998,95953.09557149999,SL,-0.13373386942191082,0.014076879153773775,0.013929142307054922,0.0070349221158272955,0.006968055181116835,0.01400297729694413,-0.17574286817968365,-1.2484504999999941,0 days 03:15:00
15m,VALIDATION,175,CLOSED,BTCUSDT,LONG,2024-12-30 20:00:00+00:00,2024-12-30 20:15:00+00:00,94774.69,94822.077345,2024-12-30 21:15:00+00:00,93873.85657155,93826.91964326423,0.00014660416900925442,13.901311852894974,0.13901311852894974,93873.85657155,96718.5188919,SL,-0.13206593619367013,0.013901311852894975,0.013755417584998843,0.006947182335279195,0.0068811493671817,0.013828331702460894,-0.17355099733402485,-1.2484504999999877,0 days 01:00:00
15m,VALIDATION,176,CLOSED,BTCUSDT,LONG,2024-12-31 08:30:00+00:00,2024-12-31 08:45:00+00:00,94258.39,94305.519195,2024-12-31 14:30:00+00:00,96191.6295789,96143.53376411056,0.00014556872546128254,13.727934233180667,0.13727934233180666,93362.46400305,96191.6295789,TP,0.2814192215117796,0.013727934233180668,0.01399549167138536,0.0068605368481664455,0.007001246458920924,0.013861783307087368,0.2398340123001262,1.7470510000000075,0 days 05:45:00
1h,DEVELOPMENT,1,CLOSED,BTCUSDT,LONG,2024-01-03 01:00:00+00:00,2024-01-03 02:00:00+00:00,45317.58,45340.238789999996,2024-01-03 11:00:00+00:00,44886.836402099994,44864.39298389895,0.0004406686094566108,19.980019980019982,0.19980019980019983,44886.836402099994,46247.0435658,SL,-0.18981518231893377,0.019980019980019983,0.019770329670329677,0.009985017481266732,0.009890109890107492,0.019875127371374222,-0.24944065934065765,-1.2484504999999912,0 days 09:00:00
1h,DEVELOPMENT,2,CLOSED,BTCUSDT,LONG,2024-01-06 14:00:00+00:00,2024-01-06 15:00:00+00:00,43828.2,43850.11409999999,2024-01-08 02:00:00+00:00,43411.61295899999,43389.90715252049,0.0004499607108695575,19.730828512147202,0.19730828512147203,43411.61295899999,44727.11638199999,SL,-0.18744780110740827,0.019730828512147202,0.01952375346691222,0.009860484014064098,0.009766760113512093,0.01962724412757619,-0.24632962721404386,-1.2484504999999977,1 days 11:00:00
1h,DEVELOPMENT,3,CLOSED,BTCUSDT,LONG,2024-01-08 11:00:00+00:00,2024-01-08 12:00:00+00:00,44636.0,44658.318,2024-01-08 17:00:00+00:00,45551.48436,45528.708617820004,0.00043630718399373733,19.484744968476832,0.19484744968476833,44211.73482,45551.48436,TP,0.3994324031019098,0.019484744968476832,0.019864502647912445,0.009737503732371925,0.00993721993392227,0.019674723666294195,0.3404084318192263,1.7470510000000108,0 days 05:00:00
1h,DEVELOPMENT,4,CLOSED,BTCUSDT,LONG,2024-01-08 17:00:00+00:00,2024-01-08 18:00:00+00:00,45648.01,45670.834005,2024-01-08 18:00:00+00:00,46584.2506851,46560.958559757455,0.000434080387710069,19.824813331932603,0.19824813331932603,45214.12566495,46584.2506851,TP,0.4064037195781477,0.019824813331932603,0.020211198943771973,0.009907452939494358,0.01011065479928335,0.020018107738777706,0.3463495995636654,1.747051000000018,0 days 00:00:00
1h,DEVELOPMENT,5,CLOSED,BTCUSDT,LONG,2024-01-08 18:00:00+00:00,2024-01-08 19:00:00+00:00,46970.02,46993.50500999999,2024-01-09 00:00:00+00:00,46523.56995989999,46500.30817492004,0.00042922563285305163,20.1708169279003,0.201708169279003,46523.56995989999,47933.375110199995,SL,-0.19162780099919455,0.020170816927900303,0.019959124204241986,0.010080368279808826,0.009984554379310598,0.020064922659119425,-0.25182266479045623,-1.2484505000000015,0 days 05:00:00
1h,DEVELOPMENT,6,CLOSED,BTCUSDT,LONG,2024-01-10 18:00:00+00:00,2024-01-10 19:00:00+00:00,46527.32,46550.58366,2024-01-10 19:00:00+00:00,46085.077823399995,46062.035284488295,0.0004279053938333272,19.919245834203544,0.19919245834203544,46085.077823399995,47481.5953332,SL,-0.1892378127477327,0.019919245834203545,0.019710193349173576,0.009954645594303289,0.00986002668793111,0.0198146722822344,-0.24868192421334417,-1.2484505000000043,0 days 00:00:00
1h,DEVELOPMENT,7,CLOSED,BTCUSDT,LONG,2024-01-10 19:00:00+00:00,2024-01-10 20:00:00+00:00,46489.19,46512.434595,2024-01-10 20:00:00+00:00,46047.310249049995,46024.28659392547,0.00042291513043257256,19.670812343480925,0.19670812343480926,46047.310249049995,47442.6832869,SL,-0.186877632508535,0.019670812343480927,0.01946436716793609,0.009830490926275835,0.009737052110023164,0.019567543036299,-0.24558035505625103,-1.2484505000000086,0 days 00:00:00
1h,DEVELOPMENT,8,CLOSED,BTCUSDT,LONG,2024-01-10 22:00:00+00:00,2024-01-10 23:00:00+00:00,46902.69,46926.141345,2024-01-10 23:00:00+00:00,46456.87993154999,46433.65149158422,0.00041395854776613776,19.425477323444714,0.19425477323444715,46456.87993154999,47864.664171899996,SL,-0.18454688851508844,0.019425477323444715,0.01922160693893516,0.009707884719360207,0.009615611275104243,0.01932349599446445,-0.24251746877193275,-1.248450500000003,0 days 00:00:00
1h,DEVELOPMENT,9,CLOSED,BTCUSDT,LONG,2024-01-11 10:00:00+00:00,2024-01-11 11:00:00+00:00,46859.9,46883.32995,2024-01-11 14:00:00+00:00,47820.996549,47797.086050725506,0.0004091689338262621,19.183202129866363,0.19183202129866364,46414.4966505,47820.996549,TP,0.39325085025843054,0.019183202129866364,0.019557082739377462,0.009586807661101777,0.009783433086230827,0.019370240747332602,0.33514032464185417,1.7470510000000132,0 days 03:00:00
1h,DEVELOPMENT,10,CLOSED,BTCUSDT,LONG,2024-01-11 14:00:00+00:00,2024-01-11 15:00:00+00:00,48571.21,48595.495605,2024-01-11 15:00:00+00:00,48109.540648949995,48085.48587862552,0.0004016423210833739,19.518007648989094,0.19518007648989094,48109.540648949995,49567.4055171,SL,-0.18542594972877874,0.019518007648989096,0.019313166158712952,0.009754126761112907,0.009661413786249117,0.019415540547362026,-0.2436726640838428,-1.248450500000001,0 days 00:00:00
1h,DEVELOPMENT,11,CLOSED,BTCUSDT,LONG,2024-01-16 15:00:00+00:00,2024-01-16 16:00:00+00:00,43252.45,43274.076225,2024-01-16 18:00:00+00:00,42841.335462749994,42819.91479501862,0.00044540704494588207,19.2745784141401,0.19274578414140103,42841.335462749994,44139.557749499996,SL,-0.1831133111708177,0.0192745784141401,0.0190722917136837,0.009632472970584748,0.009540916314997339,0.019173389285582085,-0.24063357058422358,-1.2484504999999968,0 days 02:00:00
1h,DEVELOPMENT,12,CLOSED,BTCUSDT,LONG,2024-01-16 21:00:00+00:00,2024-01-16 22:00:00+00:00,43434.71,43456.427355,2024-01-17 01:00:00+00:00,43021.86308145,43000.352149909275,0.0004380062143912816,19.034185236733283,0.19034185236733284,43021.86308145,44325.5559021,SL,-0.18082951591719118,0.019034185236733284,0.018834421462673768,0.00951233645014187,0.009421921692182719,0.01893425814232459,-0.23763238075892285,-1.2484505,0 days 03:00:00
1h,DEVELOPMENT,13,CLOSED,BTCUSDT,LONG,2024-01-21 13:00:00+00:00,2024-01-21 14:00:00+00:00,41859.52,41880.449759999996,2024-01-22 01:00:00+00:00,41461.645262399994,41440.9144397688,0.0004488201621204399,18.796790250960136,0.18796790250960135,41461.645262399994,42718.0587552,SL,-0.17857420423326076,0.018796790250960135,0.01859951793727631,0.009393698276341485,0.009304411174222716,0.0186981094505642,-0.23466862187206144,-1.2484504999999915,0 days 11:00:00
1h,DEVELOPMENT,14,CLOSED,BTCUSDT,LONG,2024-01-25 11:00:00+00:00,2024-01-25 12:00:00+00:00,40178.07,40198.159035,2024-01-25 13:00:00+00:00,39796.17744465,39776.279355927676,0.0004617712977132551,18.56235606327576,0.18562356063275762,39796.17744465,41002.1222157,SL,-0.17634702087100115,0.01856235606327576,0.018367544136391682,0.009276539761755727,0.009188366251320313,0.01846490601307604,-0.23174182708374463,-1.2484504999999897,0 days 01:00:00
1h,DEVELOPMENT,15,CLOSED,BTCUSDT,LONG,2024-01-26 10:00:00+00:00,2024-01-26 11:00:00+00:00,40692.64,40712.986319999996,2024-01-26 14:00:00+00:00,41527.246046399996,41506.4824233768,0.00045024566860387425,18.330845746508786,0.18330845746508787,40305.85645679999,41527.246046399996,TP,0.37577775738220254,0.018330845746508787,0.018688113930108243,0.009160842452026993,0.00934873133071708,0.018509573782744072,0.32024922392284144,1.7470510000000121,0 days 03:00:00
1h,DEVELOPMENT,16,CLOSED,BTCUSDT,LONG,2024-01-26 14:00:00+00:00,2024-01-26 15:00:00+00:00,41588.0,41608.793999999994,2024-01-28 04:00:00+00:00,42440.96988,42419.74939506,0.00044824118288881444,18.650775041137003,0.18650775041137002,41192.70606,42440.96988,TP,0.3823362279797287,0.018650775041137,0.019014278646688764,0.009320727156987502,0.009511895270980078,0.01883262242796758,0.3258385518639354,1.7470510000000052,1 days 13:00:00
1h,DEVELOPMENT,17,CLOSED,BTCUSDT,LONG,2024-01-28 04:00:00+00:00,2024-01-28 05:00:00+00:00,42720.33,42741.690165,2024-01-28 06:00:00+00:00,42314.27326335,42293.11612671833,0.0004439760806534805,18.976288079962114,0.18976288079962114,42314.27326335,43596.5239683,SL,-0.18027947846081108,0.018976288079962114,0.018777131936562913,0.009483402338810867,0.009393262599579543,0.01887666493839041,-0.23690956341572653,-1.2484504999999952,0 days 01:00:00
1h,DEVELOPMENT,18,CLOSED,BTCUSDT,LONG,2024-01-28 23:00:00+00:00,2024-01-29 00:00:00+00:00,42031.05,42052.065525,2024-01-29 16:00:00+00:00,42893.1068355,42871.66028208225,0.0004456288877961582,18.73961518943692,0.1873961518943692,41631.544869749996,42893.1068355,TP,0.3841574288209405,0.01873961518943692,0.019104850289479045,0.009365125032200241,0.009557203746613136,0.018922328778813377,0.32739063456321116,1.7470510000000083,0 days 16:00:00
1h,DEVELOPMENT,19,CLOSED,BTCUSDT,LONG,2024-01-29 16:00:00+00:00,2024-01-29 17:00:00+00:00,43200.01,43221.610005,2024-01-30 23:00:00+00:00,42789.393904950004,42767.999207997535,0.0004411376336564845,19.066678760429138,0.19066678760429137,42789.393904950004,44086.042205100006,SL,-0.18113821251162224,0.01906667876042914,0.018866573966838437,0.00952857509266834,0.00943800598641001,0.01896658107907835,-0.23803804631796815,-1.2484504999999833,1 days 06:00:00
1h,DEVELOPMENT,20,CLOSED,BTCUSDT,LONG,2024-01-31 15:00:00+00:00,2024-01-31 16:00:00+00:00,43361.11,43382.790555,2024-01-31 20:00:00+00:00,42948.96264945,42927.488168125274,0.00043401722834049357,18.828878514357243,0.18828878514357242,42948.96264945,44250.4463661,SL,-0.1788790507535903,0.018828878514357245,0.018631269434349063,0.009409734389983196,0.009320294864606164,0.01873002925458936,-0.23506922795688598,-1.2484505000000024,0 days 04:00:00
1h,DEVELOPMENT,21,CLOSED,BTCUSDT,LONG,2024-02-02 15:00:00+00:00,2024-02-02 16:00:00+00:00,43242.1,43263.72104999999,2024-02-02 18:00:00+00:00,42831.083839499996,42809.66829758025,0.0004297837465091072,18.59404412079392,0.1859404412079392,42831.083839499996,44128.995470999995,SL,-0.1766480653354798,0.01859404412079392,0.018398899627746188,0.009292375872458274,0.009204051839792412,0.018496427712250685,-0.2321374367962706,-1.2484504999999908,0 days 02:00:00
1h,DEVELOPMENT,22,CLOSED,BTCUSDT,LONG,2024-02-02 22:00:00+00:00,2024-02-02 23:00:00+00:00,43202.6,43224.20129999999,2024-02-04 06:00:00+00:00,42791.95928699999,42770.56330735649,0.00042481151848441256,18.362138589528918,0.18362138589528917,42791.95928699999,44088.68532599999,SL,-0.17444490484105524,0.01836213858952892,0.01816942794503181,0.009176481054235136,0.009089258601817262,0.018265739656052396,-0.22924221103166836,-1.248450500000009,1 days 07:00:00
1h,DEVELOPMENT,23,CLOSED,BTCUSDT,LONG,2024-02-05 13:00:00+00:00,2024-02-05 14:00:00+00:00,43447.67,43469.393834999995,2024-02-05 15:00:00+00:00,43034.699896649996,43013.182546701675,0.0004171469577083208,18.133125391695085,0.18133125391695085,43034.699896649996,44338.781711699994,SL,-0.1722692222369443,0.018133125391695086,0.017942818240709247,0.00906203168000631,0.008975897068887304,0.018037928748893615,-0.22638309461824227,-1.248450499999989,0 days 01:00:00
1h,DEVELOPMENT,24,CLOSED,BTCUSDT,LONG,2024-02-06 15:00:00+00:00,2024-02-06 16:00:00+00:00,43244.89,43266.512445,2024-02-07 03:00:00+00:00,42833.84732055,42812.43039688972,0.00041387593873616933,17.906968454014528,0.1790696845401453,42833.84732055,44131.8426939,SL,-0.1701206748179998,0.01790696845401453,0.017719034820089644,0.008949009722146555,0.008863949384737457,0.017812959106884012,-0.22355963719898797,-1.2484505000000072,0 days 11:00:00
1h,DEVELOPMENT,25,CLOSED,BTCUSDT,LONG,2024-02-07 09:00:00+00:00,2024-02-07 10:00:00+00:00,43146.01,43167.583005,2024-02-07 20:00:00+00:00,44030.9346651,44008.919197767456,0.00040965073608749847,17.683632153116438,0.17683632153116438,42735.90717495,44030.9346651,TP,0.3625100404401978,0.017683632153116437,0.018028286143780683,0.008837397377868619,0.00901865239808737,0.01785604977595599,0.3089420723673448,1.7470510000000141,0 days 10:00:00
1h,DEVELOPMENT,26,CLOSED,BTCUSDT,LONG,2024-02-07 20:00:00+00:00,2024-02-07 21:00:00+00:00,44131.37,44153.435685,2024-02-08 14:00:00+00:00,45036.504398699995,45013.98614650065,0.00040749412390930366,17.99226559204486,0.1799226559204486,43711.901328149994,45036.504398699995,TP,0.3688369488184279,0.017992265592044858,0.018342934848433814,0.008991636977531267,0.009176055451942208,0.018167692429473477,0.31433405594847574,1.7470510000000006,0 days 17:00:00
1h,DEVELOPMENT,27,CLOSED,BTCUSDT,LONG,2024-02-08 14:00:00+00:00,2024-02-08 15:00:00+00:00,45077.99,45100.52899499999,2024-02-09 02:00:00+00:00,46002.539574899994,45979.53830511255,0.00040589957669868846,18.306285627957422,0.18306285627957422,44649.52370504999,46002.539574899994,TP,0.37527428108886096,0.01830628562795742,0.018663075134846312,0.009148568529711965,0.00933620567025752,0.018484774199969484,0.31982014612608767,1.7470510000000068,0 days 11:00:00
1h,DEVELOPMENT,28,CLOSED,BTCUSDT,LONG,2024-02-09 02:00:00+00:00,2024-02-09 03:00:00+00:00,46285.22,46308.36261,2024-02-09 11:00:00+00:00,47234.5298622,47210.9125972689,0.0004022121539969092,18.62578627343803,0.1862578627343803,45845.278983899996,47234.5298622,TP,0.3818239644859695,0.01862578627343803,0.018988802847907337,0.009308239017208533,0.009499150999452371,0.018807390016660902,0.3254019853479632,1.7470510000000075,0 days 08:00:00
1h,DEVELOPMENT,29,CLOSED,BTCUSDT,LONG,2024-02-09 11:00:00+00:00,2024-02-09 12:00:00+00:00,47180.01,47203.600005,2024-02-09 14:00:00+00:00,46731.56400495,46708.198222947525,0.000401470717908596,18.950863181877555,0.18950863181877556,46731.56400495,48147.6720051,SL,-0.18003793557595907,0.018950863181877557,0.01875197387278375,0.009470696242816646,0.009380677275029224,0.018851373517845868,-0.23659214614846624,-1.2484505,0 days 02:00:00
1h,DEVELOPMENT,30,CLOSED,BTCUSDT,LONG,2024-02-10 03:00:00+00:00,2024-02-10 04:00:00+00:00,47376.62,47400.30831,2024-02-10 10:00:00+00:00,46926.305226899996,46902.84207428655,0.0003948182629768099,18.714507391519447,0.18714507391519447,46926.305226899996,48348.3144762,SL,-0.17779249650814075,0.018714507391519447,0.018518098636445452,0.009352577407055298,0.009263681158801006,0.018616258565856303,-0.23364136110196196,-1.2484505000000026,0 days 06:00:00
1h,DEVELOPMENT,31,CLOSED,BTCUSDT,LONG,2024-02-10 19:00:00+00:00,2024-02-10 20:00:00+00:00,47531.09,47554.85554499999,2024-02-11 03:00:00+00:00,48505.95265589999,48481.69967957205,0.00038862697040226374,18.481099438370638,0.18481099438370638,47079.306989549994,48505.95265589999,TP,0.37885792052072026,0.01848109943837064,0.018841296066424488,0.009235931753306625,0.009425360713567225,0.018661292466873848,0.3228742325490513,1.7470510000000146,0 days 07:00:00
1h,DEVELOPMENT,32,CLOSED,BTCUSDT,LONG,2024-02-11 03:00:00+00:00,2024-02-11 04:00:00+00:00,48519.6,48543.8598,2024-02-11 10:00:00+00:00,48058.421202,48034.391991399,0.0003873538527160716,18.80365111923883,0.1880365111923883,48058.421202,49514.736996,SL,-0.17863938419626724,0.018803651119238828,0.018606306800742416,0.009397126996121281,0.009307807304021167,0.01870493430014245,-0.23475427641639093,-1.2484504999999904,0 days 06:00:00
1h,DEVELOPMENT,33,CLOSED,BTCUSDT,LONG,2024-02-11 11:00:00+00:00,2024-02-11 12:00:00+00:00,48411.71,48435.915855,2024-02-11 14:00:00+00:00,47951.556696449996,47927.580918101776,0.00038337525026198554,18.5691313625791,0.185691313625791,47951.556696449996,49404.6341721,SL,-0.17641138790736194,0.0185691313625791,0.01837424832892883,0.009279925718430395,0.009191720024474754,0.01847164574290515,-0.231826413341775,-1.2484504999999968,0 days 02:00:00
1h,DEVELOPMENT,34,CLOSED,BTCUSDT,LONG,2024-02-12 00:00:00+00:00,2024-02-12 01:00:00+00:00,48604.01,48628.312005,2024-02-12 02:00:00+00:00,48142.02888495,48117.957870507526,0.0003770958889580698,18.33753654405585,0.18337536544055852,48142.02888495,49600.8782451,SL,-0.17421117926162108,0.01833753654405585,0.018145084098025985,0.009164186178937602,0.009077080589307203,0.018241266768244807,-0.2289350666719477,-1.2484504999999984,0 days 01:00:00
1h,DEVELOPMENT,35,CLOSED,BTCUSDT,LONG,2024-02-12 07:00:00+00:00,2024-02-12 08:00:00+00:00,48203.98,48228.08199,2024-02-12 10:00:00+00:00,47745.8011701,47721.92826951495,0.0003754831093531575,18.108830183744217,0.18108830183744218,47745.8011701,49192.6436298,SL,-0.17203841169064482,0.018108830183744217,0.017918778010965825,0.009049890146797045,0.00896387094095238,0.018013761087749425,-0.22607978097310427,-1.2484504999999926,0 days 02:00:00
1h,DEVELOPMENT,36,CLOSED,BTCUSDT,LONG,2024-02-12 14:00:00+00:00,2024-02-12 15:00:00+00:00,48797.99,48822.388994999994,2024-02-12 15:00:00+00:00,49798.836774899995,49773.93735651255,0.00036628638263747385,17.88297625669816,0.1788297625669816,48334.16510504999,49798.836774899995,TP,0.3665965447525021,0.01788297625669816,0.018231515463941212,0.008937019618538317,0.00912031789091446,0.01805733750945278,0.31242471552240997,1.7470510000000123,0 days 00:00:00
1h,DEVELOPMENT,37,CLOSED,BTCUSDT,LONG,2024-02-12 15:00:00+00:00,2024-02-12 16:00:00+00:00,49917.8,49942.7589,2024-02-12 16:00:00+00:00,49443.331311,49418.609645344506,0.0003643188574353599,18.195088859617652,0.18195088859617653,49443.331311,50941.614078,SL,-0.17285789066533352,0.018195088859617653,0.018004131402035967,0.009092997930842606,0.009006568985509134,0.018099566916351742,-0.2271566778433389,-1.248450499999989,0 days 00:00:00
1h,DEVELOPMENT,38,CLOSED,BTCUSDT,LONG,2024-02-14 06:00:00+00:00,2024-02-14 07:00:00+00:00,49637.83,49662.648915,2024-02-14 08:00:00+00:00,50655.9018933,50630.57394235335,0.0003618042835829352,17.968159111522407,0.17968159111522408,49166.022425849995,50655.9018933,TP,0.36834277199132726,0.017968159111522407,0.01831835853260598,0.008979589760879389,0.009163761146874514,0.018143350907753902,0.31391290343944495,1.7470510000000088,0 days 01:00:00
1h,DEVELOPMENT,39,CLOSED,BTCUSDT,LONG,2024-02-14 08:00:00+00:00,2024-02-14 09:00:00+00:00,50758.0,50783.379,2024-02-14 12:00:00+00:00,51799.04658,51773.147056710004,0.00035999491911827523,18.281758415657716,0.18281758415657717,50275.545210000004,51799.04658,TP,0.37477147936545774,0.018281758415657715,0.018638069887178886,0.009136311052303,0.009323696791984675,0.018460007844287675,0.3193916432183335,1.7470510000000066,0 days 03:00:00
1h,DEVELOPMENT,40,CLOSED,BTCUSDT,LONG,2024-02-14 14:00:00+00:00,2024-02-14 15:00:00+00:00,51908.45,51934.40422499999,2024-02-14 15:00:00+00:00,51415.06018274999,51389.35265265862,0.0003581600918289038,18.600830986305407,0.18600830986305408,51415.06018274999,52973.09230949999,SL,-0.1767125422537078,0.018600830986305408,0.018405615265104133,0.009295767609345897,0.0092074113382198,0.018503178947565695,-0.23222216745268304,-1.2484504999999906,0 days 00:00:00
1h,DEVELOPMENT,41,CLOSED,BTCUSDT,LONG,2024-02-15 00:00:00+00:00,2024-02-15 01:00:00+00:00,52321.19,52347.350594999996,2024-02-15 01:00:00+00:00,51823.877089049995,51797.96515050547,0.00035090297026005583,18.36884080903,0.18368840809030001,51823.877089049995,53394.2976069,SL,-0.1745085776010324,0.01836884080903,0.01817605982473923,0.009179830489268232,0.009092576200469098,0.018272406689737328,-0.22932588492453893,-1.248450499999999,0 days 00:00:00
1h,DEVELOPMENT,42,CLOSED,BTCUSDT,LONG,2024-02-15 09:00:00+00:00,2024-02-15 10:00:00+00:00,52166.0,52192.083,2024-02-15 20:00:00+00:00,51670.162169999996,51644.327088915,0.00034755738760021513,18.1397440208936,0.18139744020893597,51670.162169999996,53235.92466,SL,-0.17233210086816098,0.0181397440208936,0.01794936740739432,0.009065339340775967,0.008979173290340656,0.018044512631116623,-0.2264657249275655,-1.2484504999999961,0 days 10:00:00
1h,DEVELOPMENT,43,CLOSED,BTCUSDT,LONG,2024-02-16 10:00:00+00:00,2024-02-16 11:00:00+00:00,52299.99,52326.139995,2024-02-16 14:00:00+00:00,51802.878595049995,51776.97715575247,0.00034234332089397757,17.913504535451477,0.17913504535451477,51802.878595049995,53372.662794899996,SL,-0.17018276922485487,0.01791350453545148,0.017725502305351915,0.008952276129660828,0.008867184745047559,0.017819460874708384,-0.22364123694036667,-1.2484505000000001,0 days 03:00:00
1h,DEVELOPMENT,44,CLOSED,BTCUSDT,LONG,2024-02-16 23:00:00+00:00,2024-02-17 00:00:00+00:00,52124.1,52150.16205,2024-02-17 10:00:00+00:00,51628.6604295,51602.846099285256,0.00033921441508407037,17.690086716330235,0.17690086716330236,51628.6604295,53193.165291,SL,-0.16806024411666015,0.017690086716330235,0.01750442925624235,0.00884062304664195,0.008756592924581322,0.01759721597122327,-0.220851976060456,-1.2484504999999864,0 days 10:00:00
1h,DEVELOPMENT,45,CLOSED,BTCUSDT,LONG,2024-02-18 14:00:00+00:00,2024-02-18 15:00:00+00:00,51882.0,51907.941,2024-02-20 01:00:00+00:00,51388.86159,51363.167159205004,0.00033654687577791797,17.469455371614494,0.17469455371614495,51388.86159,52946.09982,SL,-0.16596419121158984,0.017469455371614494,0.0172861134374894,0.008730362504554598,0.00864738040894788,0.017377742913502477,-0.2180975029341962,-1.2484504999999895,1 days 10:00:00
1h,DEVELOPMENT,46,CLOSED,BTCUSDT,LONG,2024-02-20 11:00:00+00:00,2024-02-20 12:00:00+00:00,52286.8,52312.9434,2024-02-20 14:00:00+00:00,51789.813965999994,51763.919059017,0.0003297764305937259,17.251575748303612,0.17251575748303613,51789.813965999994,53359.202268,SL,-0.16389428034745496,0.01725157574830361,0.017070520460825165,0.008621477135581892,0.008539529995409557,0.01716100713099145,-0.21537738368757517,-1.2484505,0 days 02:00:00
1h,DEVELOPMENT,47,CLOSED,BTCUSDT,LONG,2024-02-20 23:00:00+00:00,2024-02-21 00:00:00+00:00,52258.82,52284.949409999994,2024-02-21 06:00:00+00:00,51762.09991589999,51736.21886594204,0.00032583781220182505,17.036413526837503,0.17036413526837504,51762.09991589999,53330.64839819999,SL,-0.16185018547985333,0.017036413526837504,0.01685761636687334,0.008513949788522565,0.008433024695784096,0.01694697448430666,-0.21269118985787083,-1.2484505000000021,0 days 06:00:00
1h,DEVELOPMENT,48,CLOSED,BTCUSDT,LONG,2024-02-25 01:00:00+00:00,2024-02-25 02:00:00+00:00,51684.01,51709.852005,2024-02-26 09:00:00+00:00,51192.75348495,51167.15710820753,0.00032535260039158524,16.823934815690777,0.16823934815690778,51192.75348495,52744.0490451,SL,-0.15983158463082586,0.016823934815690778,0.016647367619800103,0.008407763526081895,0.00832784773376503,0.016735611259846926,-0.21003849832616367,-1.2484504999999886,1 days 07:00:00
1h,DEVELOPMENT,49,CLOSED,BTCUSDT,LONG,2024-02-26 15:00:00+00:00,2024-02-26 16:00:00+00:00,52842.33,52868.751165,2024-02-26 19:00:00+00:00,53926.126188300004,53899.16312520586,0.00031425191213960596,16.61410614603427,0.16614106146034271,52340.06365335,53926.126188300004,TP,0.34058502454289225,0.01661410614603427,0.01693791507482048,0.008302901622205953,0.008473194134476376,0.01677609575668233,0.29025690756535516,1.747051000000012,0 days 03:00:00
1h,DEVELOPMENT,50,CLOSED,BTCUSDT,LONG,2024-02-26 19:00:00+00:00,2024-02-26 20:00:00+00:00,54487.1,54514.34355,2024-02-27 01:00:00+00:00,55604.630421,55576.82810578951,0.00031008486915291866,16.904073086659004,0.16904073086659005,53969.200114499996,55604.630421,TP,0.34652927437019204,0.016904073086659005,0.01723353347111799,0.008447812637010759,0.008621077274194316,0.017068889911205073,0.29532277790121,1.7470510000000175,0 days 05:00:00
1h,DEVELOPMENT,51,CLOSED,BTCUSDT,LONG,2024-02-27 01:00:00+00:00,2024-02-27 02:00:00+00:00,55768.41,55796.294205,2024-02-27 02:00:00+00:00,56912.220089099996,56883.763979055446,0.0003082480849645535,17.199100836810064,0.17199100836810063,55238.33126295,56912.220089099996,TP,0.35257726952820795,0.017199100836810064,0.017534311312119494,0.008595252792007436,0.00877154142677309,0.017366794218780526,0.3004770631604978,1.7470509999999957,0 days 00:00:00
1h,DEVELOPMENT,52,CLOSED,BTCUSDT,LONG,2024-02-27 02:00:00+00:00,2024-02-27 03:00:00+00:00,56298.47,56326.619235,2024-02-27 03:00:00+00:00,55763.35304265,55735.47136612868,0.00031067509395647634,17.49927772308429,0.17499277723084292,55763.35304265,57453.1516197,SL,-0.1662475110024153,0.01749927772308429,0.017315622803380525,0.008745266228427041,0.00866214247292505,0.01740740870135209,-0.21846982023023223,-1.2484504999999873,0 days 00:00:00
1h,DEVELOPMENT,53,CLOSED,BTCUSDT,LONG,2024-02-27 09:00:00+00:00,2024-02-27 10:00:00+00:00,56615.94,56644.24797,2024-02-28 07:00:00+00:00,57777.132929399995,57748.2443629353,0.000305079982058816,17.281026154422722,0.17281026154422724,56077.805490299994,57777.132929399995,TP,0.35425671806817377,0.017281026154422723,0.017617833354172423,0.008636194979719788,0.008813323338754073,0.017449518318473863,0.30190834024110474,1.747051000000006,0 days 21:00:00
1h,DEVELOPMENT,54,CLOSED,BTCUSDT,LONG,2024-02-28 07:00:00+00:00,2024-02-28 08:00:00+00:00,58241.09,58270.210544999994,2024-02-28 08:00:00+00:00,59435.614755899995,59405.89694852205,0.0003017430814730262,17.582632887930323,0.17582632887930325,57687.508439549994,59435.614755899995,TP,0.36043958074107985,0.017582632887930324,0.01792531840291609,0.008786922982473305,0.008967142772842426,0.017754065755315733,0.30717756369491767,1.7470510000000117,0 days 00:00:00
1h,DEVELOPMENT,55,CLOSED,BTCUSDT,LONG,2024-02-28 08:00:00+00:00,2024-02-28 09:00:00+00:00,59448.42,59478.14421,2024-02-28 09:00:00+00:00,58883.3627679,58853.92108651605,0.00030077440744905585,17.889503580932242,0.17889503580932242,58883.3627679,60667.7070942,SL,-0.16995475415968112,0.017889503580932244,0.017701753240850358,0.008940281649641394,0.008855304272561126,0.01779558592220252,-0.22334159690366623,-1.2484504999999986,0 days 00:00:00
1h,DEVELOPMENT,56,CLOSED,BTCUSDT,LONG,2024-02-28 13:00:00+00:00,2024-02-28 14:00:00+00:00,60454.76,60484.98738,2024-02-28 14:00:00+00:00,59880.1375062,59850.19743744691,0.00029207884249883435,17.666385102507004,0.17666385102507004,59880.1375062,61694.6871276,SL,-0.16783507286289803,0.017666385102507003,0.017480976390856197,0.008828778162171431,0.008744860625739283,0.017573638787910715,-0.22055607314417194,-1.2484504999999873,0 days 00:00:00
1h,DEVELOPMENT,57,CLOSED,BTCUSDT,LONG,2024-02-28 14:00:00+00:00,2024-02-28 15:00:00+00:00,60971.11,61001.595555,2024-02-28 16:00:00+00:00,62221.6274661,62190.516652366954,0.0002859933286395863,17.446049365100244,0.17446049365100244,60391.57959945,62221.6274661,TP,0.3576396526518795,0.017446049365100243,0.017786072867226048,0.008718665349874982,0.008897485176199631,0.01761615052607461,0.30479137989347865,1.7470510000000068,0 days 01:00:00
1h,DEVELOPMENT,58,CLOSED,BTCUSDT,LONG,2024-02-28 16:00:00+00:00,2024-02-28 17:00:00+00:00,62412.0,62443.206,2024-02-28 17:00:00+00:00,61818.77394,61787.864553030005,0.00028426689459379653,17.750536258100723,0.17750536258100724,61818.77394,63692.07012,SL,-0.16863452986831345,0.017750536258100722,0.01756424438007196,0.008870832712693535,0.008786515447758053,0.017657348160451586,-0.2216066586669377,-1.2484504999999884,0 days 00:00:00
1h,DEVELOPMENT,59,CLOSED,BTCUSDT,LONG,2024-02-28 17:00:00+00:00,2024-02-28 18:00:00+00:00,61358.59,61389.26929499999,2024-02-28 18:00:00+00:00,60775.37660204999,60744.988913748966,0.00028554096157216985,17.52915098470718,0.17529150984707179,60775.37660204999,62617.05468089999,SL,-0.16653131445241748,0.01752915098470718,0.01734518254512268,0.008760195394654679,0.00867692973742961,0.01743712513208429,-0.21884277311433162,-1.2484504999999995,0 days 00:00:00
1h,DEVELOPMENT,60,CLOSED,BTCUSDT,LONG,2024-02-29 04:00:00+00:00,2024-02-29 05:00:00+00:00,62443.89,62475.111945,2024-02-29 05:00:00+00:00,61850.36082554999,61819.43564513722,0.0002770787645963908,17.31052683574182,0.17310526835741818,61850.36082554999,63724.6141839,SL,-0.1644543304085235,0.01731052683574182,0.01712885285660071,0.00865093794889577,0.008568710783691013,0.017219648732586783,-0.2161133588334528,-1.2484504999999995,0 days 00:00:00
1h,DEVELOPMENT,61,CLOSED,BTCUSDT,LONG,2024-02-29 06:00:00+00:00,2024-02-29 07:00:00+00:00,63000.01,63031.510005,2024-02-29 08:00:00+00:00,62401.194904949996,62369.99430749752,0.0002712076764940853,17.094629374369738,0.17094629374369738,62401.194904949996,64292.1402051,SL,-0.1624032505780969,0.01709462937436974,0.016915221239085728,0.008543043165600554,0.008461841540312404,0.017004884705912958,-0.2134179858974653,-1.2484504999999968,0 days 01:00:00
1h,DEVELOPMENT,62,CLOSED,BTCUSDT,LONG,2024-03-01 08:00:00+00:00,2024-03-01 09:00:00+00:00,61908.63,61939.58431499999,2024-03-01 15:00:00+00:00,61320.18847184999,61289.52837761407,0.0002725466239392439,16.881424593253392,0.1688142459325339,61320.18847184999,63178.37600129999,SL,-0.16037775188293318,0.016881424593253393,0.016704254042147197,0.008436494049600644,0.008356305173659574,0.01679279922326022,-0.210756229741594,-1.2484504999999946,0 days 06:00:00
1h,DEVELOPMENT,63,CLOSED,BTCUSDT,LONG,2024-03-01 20:00:00+00:00,2024-03-01 21:00:00+00:00,62861.1,62892.530549999996,2024-03-01 21:00:00+00:00,62263.605244499995,62232.47344187775,0.0002650692977911327,16.670878909195856,0.16670878909195858,62263.605244499995,64150.381161,SL,-0.15837751527427044,0.016670878909195858,0.01649591803504385,0.008331273817688372,0.008252085060050204,0.016583358877738576,-0.20812767109624872,-1.248450499999991,0 days 00:00:00
1h,DEVELOPMENT,64,CLOSED,BTCUSDT,LONG,2024-03-02 18:00:00+00:00,2024-03-02 19:00:00+00:00,62024.29,62055.302144999994,2024-03-03 07:00:00+00:00,61434.74912354999,61404.03174898822,0.00026529496414960945,16.462959157850957,0.16462959157850957,61434.74912354999,63296.40818789999,SL,-0.15640222568253467,0.016462959157850957,0.01629018040148931,0.00822736589597572,0.008149164783134698,0.016376530679110417,-0.20553189592098536,-1.2484504999999957,0 days 12:00:00
1h,DEVELOPMENT,65,CLOSED,BTCUSDT,LONG,2024-03-03 12:00:00+00:00,2024-03-03 13:00:00+00:00,62184.03,62215.12201499999,2024-03-04 00:00:00+00:00,63459.424455299995,63427.69474307235,0.0002613131994594437,16.25763258849932,0.1625763258849932,61592.97079484999,63459.424455299995,TP,0.33327740568727654,0.01625763258849932,0.016574493847649172,0.008124753917289635,0.00829139262013287,0.016416146537422505,0.2840291327137055,1.7470510000000137,0 days 11:00:00
1h,DEVELOPMENT,66,CLOSED,BTCUSDT,LONG,2024-03-04 00:00:00+00:00,2024-03-04 01:00:00+00:00,63459.29,63491.019645,2024-03-04 08:00:00+00:00,64760.8400379,64728.45961788105,0.0002605309864027102,16.5413779758257,0.165413779758257,62856.10944855,64760.8400379,TP,0.33909411522657196,0.0165413779758257,0.016863769432574543,0.008266555710057674,0.008436102767670565,0.01670265847772824,0.28898630934044345,1.7470510000000048,0 days 07:00:00
1h,DEVELOPMENT,67,CLOSED,BTCUSDT,LONG,2024-03-04 08:00:00+00:00,2024-03-04 09:00:00+00:00,65241.08,65273.70054,2024-03-04 14:00:00+00:00,64620.9635346,64588.653052832706,0.00025783853907962326,16.830075587554415,0.16830075587554416,64620.9635346,66579.1745508,SL,-0.1598899234979563,0.016830075587554415,0.016653443944263036,0.008410832377587447,0.008330887415837844,0.016741719793425293,-0.21011516282319906,-1.2484504999999881,0 days 05:00:00
1h,DEVELOPMENT,68,CLOSED,BTCUSDT,LONG,2024-03-04 14:00:00+00:00,2024-03-04 15:00:00+00:00,66169.41,66202.494705,2024-03-04 20:00:00+00:00,67526.5445991,67492.78132680045,0.00025105051409389756,16.62017032998878,0.16620170329988782,65540.46975795,67526.5445991,TP,0.34070933879867005,0.016620170329988783,0.016944097449720263,0.008305932198895225,0.008476286868293695,0.016782219067188922,0.2903628519517721,1.7470509999999986,0 days 05:00:00
1h,DEVELOPMENT,69,CLOSED,BTCUSDT,LONG,2024-03-04 22:00:00+00:00,2024-03-04 23:00:00+00:00,67929.12,67963.08455999999,2024-03-05 04:00:00+00:00,67283.45371439999,67249.8119875428,0.00024881512101223837,16.910243109161385,0.16910243109161385,67283.45371439999,69322.34625119998,SL,-0.16065153498508744,0.016910243109161387,0.016732770107730742,0.008450896106525706,0.008370570339034085,0.01682146644555979,-0.21111601464753937,-1.2484504999999912,0 days 05:00:00
1h,DEVELOPMENT,70,CLOSED,BTCUSDT,LONG,2024-03-05 12:00:00+00:00,2024-03-05 13:00:00+00:00,67325.03,67358.69251499999,2024-03-05 14:00:00+00:00,68705.86636529998,68671.51343211734,0.00024791659956737794,16.69933799962339,0.1669933799962339,66685.10558984999,68705.86636529998,TP,0.3423322562441496,0.01669933799962339,0.01702480809723605,0.008345496251683144,0.008516662379806202,0.016862158631489346,0.2917459515158008,1.7470510000000021,0 days 01:00:00
1h,DEVELOPMENT,71,CLOSED,BTCUSDT,LONG,2024-03-05 14:00:00+00:00,2024-03-05 15:00:00+00:00,68710.41,68744.765205,2024-03-05 15:00:00+00:00,68057.31755295,68023.28889417353,0.00024715761914343386,16.990792496642175,0.16990792496642176,68057.31755295,70119.66050910001,SL,-0.16141677429343793,0.016990792496642176,0.016812474129389916,0.008491150672984556,0.008410442285836955,0.016901592958821512,-0.2121216338782915,-1.2484504999999986,0 days 00:00:00
1h,DEVELOPMENT,72,CLOSED,BTCUSDT,LONG,2024-03-06 08:00:00+00:00,2024-03-06 09:00:00+00:00,66941.22,66974.69060999999,2024-03-06 09:00:00+00:00,66304.94370389999,66271.79123204804,0.00025052572277180153,16.778882772488036,0.16778882772488035,66304.94370389999,68314.18442219999,SL,-0.15940357896302024,0.016778882772488037,0.016602788397790776,0.00838524876186043,0.008305546972381679,0.01669079573424211,-0.20947604586754115,-1.2484505000000024,0 days 00:00:00
1h,DEVELOPMENT,73,CLOSED,BTCUSDT,LONG,2024-03-06 17:00:00+00:00,2024-03-06 18:00:00+00:00,67324.84,67358.50241999999,2024-03-06 18:00:00+00:00,66684.91739579999,66651.5749371021,0.00024599145465086474,16.56961599339959,0.16569615993399592,66684.91739579999,68705.6724684,SL,-0.15741549227112958,0.01656961599339959,0.016395717873548862,0.008280667662866711,0.008201959916731439,0.01648262757959815,-0.20686345371767617,-1.248450499999994,0 days 00:00:00
1h,DEVELOPMENT,74,CLOSED,BTCUSDT,LONG,2024-03-07 08:00:00+00:00,2024-03-07 09:00:00+00:00,66665.4,66698.7327,2024-03-08 14:00:00+00:00,68032.707354,67998.691000323,0.0002453263882850181,16.362959196478833,0.16362959196478832,66031.745373,68032.707354,TP,0.3354365748323657,0.016362959196478833,0.016681873271218204,0.008177390902787783,0.00834510919020367,0.016522500092991454,0.2858692422716772,1.747051000000011,1 days 05:00:00
1h,DEVELOPMENT,75,CLOSED,BTCUSDT,LONG,2024-03-08 14:00:00+00:00,2024-03-08 15:00:00+00:00,68422.0,68456.211,2024-03-08 15:00:00+00:00,67771.64889,67737.763065555,0.000243199888102073,16.648542855091897,0.16648542855091897,67771.64889,69825.33522,SL,-0.15816531717905974,0.016648542855091895,0.016473816397827707,0.008320111371858972,0.008241028713269224,0.016561140085128198,-0.20784881651710757,-1.248450499999991,0 days 00:00:00
1h,DEVELOPMENT,76,CLOSED,BTCUSDT,LONG,2024-03-09 06:00:00+00:00,2024-03-09 07:00:00+00:00,68426.01,68460.22300499999,2024-03-10 09:00:00+00:00,69829.42746509999,69794.51275136744,0.00024015261648431047,16.440901679750134,0.16440901679750133,67775.62077494999,69829.42746509999,TP,0.3370343762635416,0.016440901679750135,0.01676133485348846,0.008216342668540266,0.008384859856672327,0.01660120252521259,0.28723093720509035,1.747050999999993,1 days 02:00:00
1h,DEVELOPMENT,77,CLOSED,BTCUSDT,LONG,2024-03-10 09:00:00+00:00,2024-03-10 10:00:00+00:00,69776.32,69811.20816000001,2024-03-10 14:00:00+00:00,69113.0960784,69078.53953036081,0.0002396154731289499,16.72784567296201,0.16727845672962013,69113.0960784,71207.43232320002,SL,-0.15891871376462197,0.01672784567296201,0.016552286932624272,0.008359742964999042,0.00828028360811525,0.016640026573114294,-0.20883887294332257,-1.2484504999999997,0 days 04:00:00
1h,DEVELOPMENT,78,CLOSED,BTCUSDT,LONG,2024-03-11 06:00:00+00:00,2024-03-11 07:00:00+00:00,69319.79,69354.44989499998,2024-03-11 07:00:00+00:00,70741.53889289999,70706.16812345355,0.0002381853717428493,16.519215430261387,0.16519215430261386,68660.90539604999,70741.53889289999,TP,0.3386397885803699,0.016519215430261386,0.016841174938997186,0.008255479975140688,0.008424799869430743,0.016680279844571433,0.28859911836653995,1.7470510000000248,0 days 00:00:00
1h,DEVELOPMENT,79,CLOSED,BTCUSDT,LONG,2024-03-11 07:00:00+00:00,2024-03-11 08:00:00+00:00,71019.99,71055.499995,2024-03-11 15:00:00+00:00,72476.6099949,72440.37168990256,0.00023654082004915977,16.80752623782037,0.1680752623782037,70344.94499505,72476.6099949,TP,0.34455008809364895,0.01680752623782037,0.01713510492419549,0.008399563337241645,0.008571838381287224,0.01697140171852887,0.2936360552131042,1.7470510000000063,0 days 07:00:00
1h,DEVELOPMENT,80,CLOSED,BTCUSDT,LONG,2024-03-13 01:00:00+00:00,2024-03-13 02:00:00+00:00,72005.38,72041.38269,2024-03-13 08:00:00+00:00,73482.2103438,73445.46923862811,0.00023737563483348757,17.100868950320972,0.17100868950320972,71320.9688631,73482.2103438,TP,0.3505635404008828,0.017100868950320973,0.01743416488616273,0.008546161394461805,0.008721443164662621,0.017267604559124426,0.29876090200527466,1.7470510000000155,0 days 06:00:00
1h,DEVELOPMENT,81,CLOSED,BTCUSDT,LONG,2024-03-13 08:00:00+00:00,2024-03-13 09:00:00+00:00,73433.49,73470.206745,2024-03-13 12:00:00+00:00,72735.50467755001,72699.13692521123,0.0002368215928706474,17.399331389886683,0.17399331389886682,72735.50467755001,74939.6108799,SL,-0.16529799586294064,0.017399331389886682,0.017216725406949823,0.008695318035924882,0.008612669037993707,0.01730798707391859,-0.21722203973369572,-1.2484504999999912,0 days 03:00:00
1h,DEVELOPMENT,82,CLOSED,BTCUSDT,LONG,2024-03-13 18:00:00+00:00,2024-03-13 19:00:00+00:00,73133.59,73170.15679499999,2024-03-14 12:00:00+00:00,72438.45522704998,72402.23599943647,0.00023482697192145179,17.182326355187687,0.17182326355187688,72438.45522704998,74633.5599309,SL,-0.16323639380915725,0.017182326355187686,0.017001997840089992,0.008586869742720498,0.008505251545816129,0.017092121288536627,-0.21451283929297155,-1.2484504999999946,0 days 17:00:00
1h,DEVELOPMENT,83,CLOSED,BTCUSDT,LONG,2024-03-20 22:00:00+00:00,2024-03-20 23:00:00+00:00,67681.94,67715.78096999999,2024-03-21 03:00:00+00:00,67038.62316029999,67005.10384871984,0.0002505771560391925,16.96802781443547,0.16968027814435468,67038.62316029999,69070.0965894,SL,-0.16120050412415005,0.01696802781443547,0.016789948362522972,0.008479774020205175,0.008399173768146093,0.016878947788351268,-0.21183742808945977,-1.2484505000000063,0 days 04:00:00
1h,DEVELOPMENT,84,CLOSED,BTCUSDT,LONG,2024-03-22 04:00:00+00:00,2024-03-22 05:00:00+00:00,66144.85,66177.922425,2024-03-22 09:00:00+00:00,65516.14320075,65483.385129149625,0.00025320229765657084,16.756402012148303,0.16756402012148303,65516.14320075,67501.4808735,SL,-0.15919000612241066,0.016756402012148303,0.01658054357303081,0.008374013999072387,0.008294418996012702,0.016668432995085088,-0.20919538470267487,-1.248450499999996,0 days 04:00:00
1h,DEVELOPMENT,85,CLOSED,BTCUSDT,LONG,2024-03-24 12:00:00+00:00,2024-03-24 13:00:00+00:00,65646.76,65679.58338,2024-03-24 17:00:00+00:00,65022.787546199994,64990.2761524269,0.0002519415435098933,16.54741561384393,0.16547415613843933,65022.787546199994,66993.1750476,SL,-0.15720458311802782,0.01654741561384393,0.016373750486976642,0.008269573020412173,0.008190970728850985,0.01646054374926316,-0.20658629296811154,-1.2484504999999932,0 days 04:00:00
1h,DEVELOPMENT,86,CLOSED,BTCUSDT,LONG,2024-03-24 18:00:00+00:00,2024-03-24 19:00:00+00:00,65846.01,65878.93300499998,2024-03-24 23:00:00+00:00,67196.51166509998,67162.91340926744,0.00024804645362954883,16.341035700788883,0.16341035700788883,65220.143674949984,67196.51166509998,TP,0.33498714864885304,0.016341035700788882,0.01665952248659726,0.008166434633075335,0.008333928207401985,0.01650036284047732,0.28548622762098963,1.7470510000000026,0 days 04:00:00
1h,DEVELOPMENT,87,CLOSED,BTCUSDT,LONG,2024-03-24 23:00:00+00:00,2024-03-25 00:00:00+00:00,67210.0,67243.605,2024-03-25 00:00:00+00:00,66571.16894999999,66537.88336552499,0.00024725379799883245,16.62623672738328,0.16626236727383278,66571.16894999999,68588.4771,SL,-0.157953403392084,0.01662623672738328,0.01645174437292939,0.008308963881749757,0.008229987180054993,0.016538951061804752,-0.20757033555420143,-1.2484505000000075,0 days 00:00:00
1h,DEVELOPMENT,88,CLOSED,BTCUSDT,LONG,2024-03-25 13:00:00+00:00,2024-03-25 14:00:00+00:00,67984.01,68018.00200499999,2024-03-25 14:00:00+00:00,69378.36204509999,69343.67286407744,0.00024139012130339722,16.418873754801663,0.16418873754801663,67337.82198494999,69378.36204509999,TP,0.33658280930632734,0.016418873754801663,0.016738877604282748,0.008205334210293944,0.008373625614948789,0.016578959825242733,0.28684609812200024,1.7470510000000015,0 days 00:00:00
1h,DEVELOPMENT,89,CLOSED,BTCUSDT,LONG,2024-03-25 14:00:00+00:00,2024-03-25 15:00:00+00:00,69377.2,69411.88859999999,2024-03-25 17:00:00+00:00,70800.126372,70764.726308814,0.00024067106702215684,16.70543329338508,0.1670543329338508,68717.769714,70800.126372,TP,0.3424572082432069,0.016705433293385082,0.01703102218827316,0.008348542375503355,0.008519770979625493,0.016868313355128846,0.29185243940641975,1.7470510000000166,0 days 02:00:00
1h,DEVELOPMENT,90,CLOSED,BTCUSDT,LONG,2024-03-25 17:00:00+00:00,2024-03-25 18:00:00+00:00,70559.08,70594.35954,2024-03-25 21:00:00+00:00,69888.4159446,69853.4717366277,0.0002407698615394645,16.996994171912977,0.16996994171912977,69888.4159446,72006.2467308,SL,-0.16147569175815474,0.01699699417191298,0.016818610718078747,0.008494249960976766,0.008413512115095466,0.01690776207607223,-0.21219905872421868,-1.2484505000000015,0 days 03:00:00
1h,DEVELOPMENT,91,CLOSED,BTCUSDT,LONG,2024-03-27 00:00:00+00:00,2024-03-27 01:00:00+00:00,70619.99,70655.29999500001,2024-03-27 07:00:00+00:00,69948.74699505001,69913.77262155249,0.00023756189700487038,16.78500710026041,0.16785007100260413,69948.74699505001,72068.40599490001,SL,-0.1594617616071707,0.016785007100260412,0.016608848450743178,0.00838830939543326,0.008308578514627712,0.01669688791006097,-0.20955250506823525,-1.248450499999992,0 days 06:00:00
1h,DEVELOPMENT,92,CLOSED,BTCUSDT,LONG,2024-03-27 22:00:00+00:00,2024-03-27 23:00:00+00:00,69440.15,69474.87007499998,2024-03-28 08:00:00+00:00,70864.36747649999,70828.93529276174,0.00023858502967274653,16.57566393835408,0.1657566393835408,68780.12137424998,70864.36747649999,TP,0.3397969688911954,0.01657566393835408,0.016898723628512607,0.00828369012411264,0.008453588608559373,0.016737278732672015,0.2895853025916567,1.7470510000000143,0 days 09:00:00
1h,DEVELOPMENT,93,CLOSED,BTCUSDT,LONG,2024-03-28 08:00:00+00:00,2024-03-28 09:00:00+00:00,70578.1,70613.38905,2024-03-29 07:00:00+00:00,69907.2551595,69872.30153192025,0.00023883515820204295,16.864959944939155,0.16864959944939156,69907.2551595,72025.656831,SL,-0.16022133360984392,0.016864959944939157,0.016687962190317023,0.008428265839547925,0.00834815517274336,0.016776421012291286,-0.2105506767573914,-1.2484504999999928,0 days 22:00:00
1h,DEVELOPMENT,94,CLOSED,BTCUSDT,LONG,2024-03-29 13:00:00+00:00,2024-03-29 14:00:00+00:00,70426.7,70461.91334999999,2024-03-29 15:00:00+00:00,69757.29421649998,69722.41556939174,0.00023636343120276895,16.65461960851819,0.1665461960851819,69757.29421649998,71871.151617,SL,-0.158223047855041,0.01665461960851819,0.01647982937572679,0.008323148230141872,0.008244036706214649,0.01656718493635652,-0.20792468177564247,-1.2484504999999946,0 days 01:00:00
1h,DEVELOPMENT,95,CLOSED,BTCUSDT,LONG,2024-03-31 12:00:00+00:00,2024-03-31 13:00:00+00:00,70500.0,70535.25,2024-04-01 05:00:00+00:00,69829.8975,69794.98255125001,0.00023317281279512528,16.44690264370736,0.16446902643707362,69829.8975,71945.955,SL,-0.15624968478604395,0.01644690264370736,0.016274292400461653,0.008219341651028167,0.00814121680863427,0.016360558459662437,-0.2053314382898754,-1.2484504999999857,0 days 16:00:00
1h,DEVELOPMENT,96,CLOSED,BTCUSDT,LONG,2024-04-04 17:00:00+00:00,2024-04-04 18:00:00+00:00,68849.18,68883.60458999999,2024-04-04 20:00:00+00:00,68194.76854409999,68160.67115982795,0.00023578580749950077,16.241776331729465,0.16241776331729466,68194.76854409999,70261.2766818,SL,-0.15430093356630564,0.016241776331729466,0.016071318889127967,0.008116829750988078,0.008039679284204054,0.016156509035192133,-0.2027705378223552,-1.2484504999999817,0 days 02:00:00
1h,DEVELOPMENT,97,CLOSED,BTCUSDT,LONG,2024-04-05 13:00:00+00:00,2024-04-05 14:00:00+00:00,67500.01,67533.76000499999,2024-04-06 22:00:00+00:00,68884.43520509999,68849.99298749745,0.00023749911689634144,16.03920836187696,0.16039208361876958,66858.42240494999,68884.43520509999,TP,0.32879976362028474,0.016039208361876958,0.016351812532849945,0.008015596382745783,0.008179996264554885,0.016195592647300666,0.28021315007825714,1.7470510000000132,1 days 08:00:00
1h,DEVELOPMENT,98,CLOSED,BTCUSDT,LONG,2024-04-06 22:00:00+00:00,2024-04-06 23:00:00+00:00,69056.0,69090.52799999999,2024-04-08 07:00:00+00:00,70472.33855999999,70437.10239072,0.00023619940462371862,16.31914157873836,0.1631914157873836,68399.62271999998,70472.33855999999,TP,0.33453832461761246,0.01631914157873836,0.01663720164810797,0.008155493042845666,0.008322762205154096,0.016478255247999764,0.28510372614276636,1.7470510000000126,1 days 08:00:00
1h,DEVELOPMENT,99,CLOSED,BTCUSDT,LONG,2024-04-08 07:00:00+00:00,2024-04-08 08:00:00+00:00,70698.64,70733.98932,2024-04-08 09:00:00+00:00,72148.66910639999,72112.5947718468,0.00023473807494241145,16.60396048597389,0.1660396048597389,70026.6494268,72148.66910639999,TP,0.34037704104679883,0.01660396048597389,0.01692757167584552,0.00829783132732185,0.00846801984784563,0.016765851175167483,0.2900796577098119,1.7470510000000012,0 days 01:00:00
1h,DEVELOPMENT,100,CLOSED,BTCUSDT,LONG,2024-04-08 09:00:00+00:00,2024-04-08 10:00:00+00:00,72197.26,72233.35862999999,2024-04-08 14:00:00+00:00,71511.02504369999,71475.26953117814,0.0002338774033802097,16.893750353815857,0.1689375035381586,71511.02504369999,73678.0258026,SL,-0.16049484968817626,0.016893750353815858,0.016716450443852563,0.008442653849981333,0.008362406425138757,0.01680506027512009,-0.21091011076096478,-1.2484504999999935,0 days 04:00:00
1h,DEVELOPMENT,101,CLOSED,BTCUSDT,LONG,2024-04-11 19:00:00+00:00,2024-04-11 20:00:00+00:00,70459.67,70494.89983499999,2024-04-12 13:00:00+00:00,69789.95083665,69755.05586123167,0.00023665614082032195,16.68305094246625,0.1668305094246625,69789.95083665,71904.7978317,SL,-0.1584931526318268,0.01668305094246625,0.016507962322825066,0.008337356792834576,0.008258110216521218,0.016595467009355797,-0.20827963290647392,-1.248450499999996,0 days 17:00:00
1h,DEVELOPMENT,102,CLOSED,BTCUSDT,LONG,2024-04-19 06:00:00+00:00,2024-04-19 07:00:00+00:00,64624.37,64656.682185,2024-04-19 14:00:00+00:00,64010.11536315,63978.11030546843,0.00025480706439563066,16.47497938112112,0.16474979381121121,64010.11536315,65949.8158287,SL,-0.15651642080715378,0.01647497938112112,0.01630207447251626,0.008233373004057314,0.008155114793653726,0.01638848779771104,-0.20568196245850218,-1.2484504999999917,0 days 07:00:00
1h,DEVELOPMENT,103,CLOSED,BTCUSDT,LONG,2024-04-20 04:00:00+00:00,2024-04-20 05:00:00+00:00,64133.08,64165.14654,2024-04-20 09:00:00+00:00,63523.4950746,63491.733327062706,0.00025355670130054677,16.26950289514859,0.1626950289514859,63523.4950746,65448.449470800006,SL,-0.15456434284696352,0.016269502895148592,0.016098754462264008,0.008130686104521985,0.008053403933097843,0.01618409003761983,-0.20311669024199594,-1.248450499999993,0 days 04:00:00
1h,DEVELOPMENT,104,CLOSED,BTCUSDT,LONG,2024-04-20 15:00:00+00:00,2024-04-20 16:00:00+00:00,64808.35,64840.754174999995,2024-04-22 05:00:00+00:00,66137.56925849999,66104.50047387075,0.00024778535233135364,16.066589118683062,0.1606658911868306,64192.346633249996,66137.56925849999,TP,0.32936106229304163,0.016066589118683063,0.016379726940606198,0.008029279919380858,0.008193960450526417,0.016223240369907275,0.28069150586384506,1.747051000000009,1 days 13:00:00
1h,DEVELOPMENT,105,CLOSED,BTCUSDT,LONG,2024-04-22 05:00:00+00:00,2024-04-22 06:00:00+00:00,66377.99,66411.178995,2024-04-22 11:00:00+00:00,65747.06720505,65714.19367144747,0.0002461483211235097,16.34700021345214,0.16347000213452142,65747.06720505,67739.4025749,SL,-0.1553005867354962,0.016347000213452142,0.01617543844621196,0.008169415399023978,0.008091765105659416,0.016261180504683392,-0.20408420589984372,-1.2484504999999961,0 days 05:00:00
1h,DEVELOPMENT,106,CLOSED,BTCUSDT,LONG,2024-04-22 17:00:00+00:00,2024-04-22 18:00:00+00:00,66540.01,66573.280005,2024-04-23 11:00:00+00:00,65907.54720495,65874.59343134753,0.00024248647335185292,16.143119887877873,0.16143119887877874,65907.54720495,67904.74560509999,SL,-0.1533636726979302,0.016143119887877873,0.015973697844654598,0.008067526180848147,0.007990844344497108,0.016058370525345256,-0.20153886095580792,-1.2484504999999824,0 days 17:00:00
1h,DEVELOPMENT,107,CLOSED,BTCUSDT,LONG,2024-04-23 13:00:00+00:00,2024-04-23 14:00:00+00:00,66509.3,66542.55465,2024-04-24 13:00:00+00:00,65877.1291035,65844.19053894826,0.00023957274331134354,15.941782364445501,0.159417823644455,65877.1291035,67873.40574300001,SL,-0.15145091591609638,0.015941782364445503,0.015774473358530647,0.00796690772835919,0.00789118227039976,0.01585808999875895,-0.19902526163783146,-1.2484504999999988,0 days 23:00:00
1h,DEVELOPMENT,108,CLOSED,BTCUSDT,LONG,2024-05-03 12:00:00+00:00,2024-05-03 13:00:00+00:00,60641.0,60671.320499999994,2024-05-03 14:00:00+00:00,61884.746909999994,61853.804536544994,0.000259479368497392,15.742955929242873,0.15742955929242874,60064.607294999994,61884.746909999994,TP,0.3227266627773812,0.015742955929242873,0.016049786140303817,0.00786754419252371,0.00802890752391388,0.01589645171643759,0.2750374689913969,1.747051,0 days 01:00:00
1h,DEVELOPMENT,109,CLOSED,BTCUSDT,LONG,2024-05-03 14:00:00+00:00,2024-05-03 15:00:00+00:00,61618.16,61648.96908,2024-05-03 20:00:00+00:00,62881.948461600005,62850.50748736921,0.0002598213542669672,16.017718635527988,0.1601771863552799,61032.4793892,62881.948461600005,TP,0.32835922959987934,0.016017718635527988,0.01632990397173443,0.008004856889319095,0.008169036504118758,0.016173893393437853,0.279837713599179,1.747051000000006,0 days 05:00:00
1h,DEVELOPMENT,110,CLOSED,BTCUSDT,LONG,2024-05-03 20:00:00+00:00,2024-05-03 21:00:00+00:00,62899.99,62931.43999499999,2024-05-04 10:00:00+00:00,64190.06879489999,64157.973760502544,0.0002589687569880265,16.297276790971726,0.16297276790971726,62302.12559504999,64190.06879489999,TP,0.33409010193186245,0.016297276790971725,0.016614910715627765,0.008144566112428456,0.008311611163394883,0.01645617727582334,0.2847217371494396,1.7470510000000008,0 days 13:00:00
1h,DEVELOPMENT,111,CLOSED,BTCUSDT,LONG,2024-05-04 10:00:00+00:00,2024-05-04 11:00:00+00:00,64420.9,64453.11045,2024-05-04 11:00:00+00:00,63808.5793455,63776.675055827254,0.0002572678645770666,16.58171409082132,0.16581714090821317,63808.5793455,65742.172659,SL,-0.15753042721964663,0.01658171409082132,0.016407689001438148,0.008286713688566033,0.008207948474955996,0.01649466216352203,-0.20701449247542814,-1.2484504999999937,0 days 00:00:00
1h,DEVELOPMENT,112,CLOSED,BTCUSDT,LONG,2024-05-04 11:00:00+00:00,2024-05-04 12:00:00+00:00,63873.3,63905.23665,2024-05-05 01:00:00+00:00,63266.1842835,63234.55119135825,0.0002562373173847042,16.374906406030682,0.16374906406030681,63266.1842835,65183.341383,SL,-0.15556570253805366,0.016374906406030683,0.016203051763299392,0.00818336152225319,0.008105578670984317,0.016288940193237508,-0.2044326009006212,-1.2484504999999948,0 days 13:00:00
1h,DEVELOPMENT,113,CLOSED,BTCUSDT,LONG,2024-05-05 07:00:00+00:00,2024-05-05 08:00:00+00:00,63736.86,63768.728429999996,2024-05-06 08:00:00+00:00,65044.1029986,65011.5809471007,0.000253583197150519,16.170678033502593,0.16170678033502595,63131.041145699994,65044.1029986,TP,0.3314948590376191,0.016170678033502594,0.01648584454837556,0.008081298367566242,0.008247045797085805,0.016328344164652047,0.282509992291089,1.7470510000000097,1 days 00:00:00
1h,DEVELOPMENT,114,CLOSED,BTCUSDT,LONG,2024-05-06 08:00:00+00:00,2024-05-06 09:00:00+00:00,65143.04,65175.61152,2024-05-06 10:00:00+00:00,64523.8554048,64491.5934770976,0.0002524396076127397,16.452905798029157,0.16452905798029158,64523.8554048,66479.1237504,SL,-0.15630671625214115,0.016452905798029157,0.016280232551678844,0.008222341728149922,0.0081441883700241,0.01636653009817402,-0.2054063847000232,-1.248450499999995,0 days 01:00:00
1h,DEVELOPMENT,115,CLOSED,BTCUSDT,LONG,2024-05-06 21:00:00+00:00,2024-05-06 22:00:00+00:00,63550.29,63582.065145,2024-05-07 03:00:00+00:00,62946.24449355,62914.77137130323,0.00025553911433136815,16.247704614512653,0.16247704614512654,62946.24449355,64853.706447900004,SL,-0.1543572537340753,0.016247704614512654,0.016077184954583344,0.008119792411050701,0.00804261378418362,0.01616240619523432,-0.20284454949840564,-1.248450499999996,0 days 05:00:00
1h,DEVELOPMENT,116,CLOSED,BTCUSDT,LONG,2024-05-07 08:00:00+00:00,2024-05-07 09:00:00+00:00,64231.99,64264.10599499999,2024-05-07 11:00:00+00:00,63621.46493504999,63589.65420258247,0.00024967378692189717,16.045062706921843,0.16045062706921845,63621.46493504999,65549.3881149,SL,-0.15243210497680587,0.016045062706921843,0.015876669773812697,0.008018522092412926,0.007942306039925571,0.015960828132338498,-0.2003146655898789,-1.2484504999999975,0 days 02:00:00
1h,DEVELOPMENT,117,CLOSED,BTCUSDT,LONG,2024-05-10 06:00:00+00:00,2024-05-10 07:00:00+00:00,63166.0,63197.583,2024-05-10 14:00:00+00:00,62565.607169999996,62534.324366415,0.000250720793481659,15.844948155883005,0.15844948155883004,62565.607169999996,64461.53466,SL,-0.1505309667382999,0.015844948155883005,0.015678655424987014,0.007918514820530916,0.00784324933716112,0.015761764157692038,-0.19781633447686195,-1.2484504999999988,0 days 07:00:00
1h,DEVELOPMENT,118,CLOSED,BTCUSDT,LONG,2024-05-13 07:00:00+00:00,2024-05-13 08:00:00+00:00,62334.36,62365.52718,2024-05-14 06:00:00+00:00,61741.871908199995,61711.0009722459,0.00025089709247482877,15.647329440121906,0.15647329440121907,61741.871908199995,63612.8377236,SL,-0.1486535395585808,0.015647329440121906,0.015483110717647828,0.007819754842638815,0.007745428072859172,0.015565182915497987,-0.19534916263184848,-1.2484504999999957,0 days 22:00:00
1h,DEVELOPMENT,119,CLOSED,BTCUSDT,LONG,2024-05-15 09:00:00+00:00,2024-05-15 10:00:00+00:00,62649.98,62681.30499,2024-05-15 12:00:00+00:00,63934.9310898,63902.9636242551,0.00024651968292561683,15.452175431498683,0.15452175431498683,62054.49194009999,63934.9310898,TP,0.3167657352324202,0.015452175431498683,0.015753338330658593,0.007722226602446566,0.007880609470063837,0.015602836072510402,0.2699573853977525,1.7470510000000028,0 days 02:00:00
1h,DEVELOPMENT,120,CLOSED,BTCUSDT,LONG,2024-05-15 12:00:00+00:00,2024-05-15 13:00:00+00:00,63757.57,63789.44878499999,2024-05-15 16:00:00+00:00,65065.237760699994,65032.70514181965,0.00024646494723898154,15.721863129198738,0.15721863129198738,63151.554297149996,65065.237760699994,TP,0.32229426564704133,0.015721863129198738,0.01602828224158682,0.007857003063066238,0.008018150195890044,0.015875153258956283,0.2746689670172995,1.7470510000000103,0 days 03:00:00
1h,DEVELOPMENT,121,CLOSED,BTCUSDT,LONG,2024-05-15 16:00:00+00:00,2024-05-15 17:00:00+00:00,64759.26,64791.63963,2024-05-15 19:00:00+00:00,66087.4724226,66054.4286863887,0.0002468876816977011,15.996257701643597,0.15996257701643596,64143.723233699995,66087.4724226,TP,0.32791928581779983,0.015996257701643597,0.01630802476424863,0.0079941317849283,0.00815809142783841,0.016152223212766707,0.2794627801391409,1.7470509999999964,0 days 02:00:00
1h,DEVELOPMENT,122,CLOSED,BTCUSDT,LONG,2024-05-15 19:00:00+00:00,2024-05-15 20:00:00+00:00,66006.23,66039.233115,2024-05-16 15:00:00+00:00,65378.84078384999,65346.15136345807,0.0002464510947582374,16.275441298186195,0.16275441298186194,65378.84078384999,67360.0177773,SL,-0.15462075915968101,0.016275441298186196,0.01610463054176173,0.00813365382218189,0.008056343442601399,0.01618999726478329,-0.20319082826441223,-1.2484505000000012,0 days 19:00:00
1h,DEVELOPMENT,123,CLOSED,BTCUSDT,LONG,2024-05-17 00:00:00+00:00,2024-05-17 01:00:00+00:00,65508.7,65541.45435,2024-05-17 15:00:00+00:00,66852.283437,66818.85729528152,0.0002452257676787761,16.072453457762208,0.1607245345776221,64886.0398065,66852.283437,TP,0.32948127977881553,0.016072453457762207,0.016385705575653997,0.008032210623570027,0.008196951263456228,0.016229161887026257,0.2807939588583731,1.747051000000024,0 days 14:00:00
1h,DEVELOPMENT,124,CLOSED,BTCUSDT,LONG,2024-05-17 15:00:00+00:00,2024-05-17 16:00:00+00:00,67195.09,67228.687545,2024-05-17 18:00:00+00:00,66556.40066955,66523.12246921523,0.000243243881449109,16.35296690317517,0.1635296690317517,66556.40066955,68573.2612959,SL,-0.1553572717787899,0.01635296690317517,0.01618134251552635,0.00817239725296035,0.008094718617069875,0.016267115870030227,-0.20415869706752168,-1.2484504999999801,0 days 02:00:00
1h,DEVELOPMENT,125,CLOSED,BTCUSDT,LONG,2024-05-19 02:00:00+00:00,2024-05-19 03:00:00+00:00,67211.6,67245.2058,2024-05-19 16:00:00+00:00,66572.753742,66539.467365129,0.00024015113001334552,16.149012160849974,0.16149012160849974,66572.753742,68590.109916,SL,-0.15341965076349848,0.016149012160849973,0.01597952827822186,0.00807047084500015,0.007993761019619294,0.016064231864619444,-0.20161242306718974,-1.2484504999999841,0 days 13:00:00
1h,DEVELOPMENT,126,CLOSED,BTCUSDT,LONG,2024-05-20 04:00:00+00:00,2024-05-20 05:00:00+00:00,67132.44,67166.00622,2024-05-20 06:00:00+00:00,66494.3461578,66461.0989847211,0.00023743560241707703,15.947601148794842,0.15947601148794843,66494.3461578,68509.3263444,SL,-0.15150619582138514,0.015947601148794843,0.015780231074738242,0.007969815666562557,0.00789406256865264,0.015863878235215196,-0.19909790628013344,-1.2484504999999904,0 days 01:00:00
1h,DEVELOPMENT,127,CLOSED,BTCUSDT,LONG,2024-05-20 10:00:00+00:00,2024-05-20 11:00:00+00:00,67110.0,67143.555,2024-05-20 17:00:00+00:00,68486.4261,68452.18288695,0.00023455270042704748,15.748702141521985,0.15748702141521986,66472.11945,68486.4261,TP,0.3228444586932686,0.015748702141521985,0.01605564434626025,0.00787041586282794,0.008031838092174962,0.0159022539550029,0.2751378582504834,1.7470510000000137,0 days 06:00:00
1h,DEVELOPMENT,128,CLOSED,BTCUSDT,LONG,2024-05-20 17:00:00+00:00,2024-05-20 18:00:00+00:00,68331.51,68365.67575499999,2024-05-20 19:00:00+00:00,69732.98927009999,69698.12277546494,0.0002343802640699462,16.023565136777215,0.16023565136777215,67682.01899745,69732.98927009999,TP,0.32847908141459276,0.016023565136777215,0.016335864421293006,0.008007778679047804,0.008172018219755743,0.01617979689880355,0.279939854957719,1.7470510000000081,0 days 01:00:00
1h,DEVELOPMENT,129,CLOSED,BTCUSDT,LONG,2024-05-20 19:00:00+00:00,2024-05-20 20:00:00+00:00,70000.0,70035.0,2024-05-20 20:00:00+00:00,69334.65,69299.98267499999,0.00023278682560919791,16.303225331540176,0.16303225331540178,69334.65,71435.7,SL,-0.1548847144190812,0.016303225331540175,0.016132122981685662,0.008147538896321927,0.00807009653911289,0.016217635435434818,-0.2035376981677418,-1.248450500000011,0 days 00:00:00
1h,DEVELOPMENT,130,CLOSED,BTCUSDT,LONG,2024-05-20 20:00:00+00:00,2024-05-20 21:00:00+00:00,69499.99,69534.739995,2024-05-20 23:00:00+00:00,70925.4347949,70889.97207750255,0.0002315373720947821,16.09989096773624,0.1609989096773624,68839.39259505,70925.4347949,TP,0.3300437418773288,0.01609989096773624,0.01641367784269742,0.008045922522604741,0.00821094439354411,0.016256866916148853,0.2812733061507463,1.747051000000004,0 days 02:00:00
1h,DEVELOPMENT,131,CLOSED,BTCUSDT,LONG,2024-05-20 23:00:00+00:00,2024-05-21 00:00:00+00:00,71446.62,71482.34331,2024-05-21 01:00:00+00:00,70767.5198769,70732.13611696156,0.00022915985295184855,16.380883281573155,0.16380883281573155,70767.5198769,72911.9901762,SL,-0.15562248434917764,0.016380883281573156,0.016208965911533046,0.00818634846655358,0.008108537224376966,0.016294885690930544,-0.20450721923321438,-1.2484504999999873,0 days 01:00:00
1h,DEVELOPMENT,132,CLOSED,BTCUSDT,LONG,2024-05-21 22:00:00+00:00,2024-05-21 23:00:00+00:00,70222.21,70257.321105,2024-05-22 04:00:00+00:00,69554.74789395,69519.97052000303,0.00023024761136394967,16.176580365256257,0.16176580365256257,69554.74789395,71662.4675271,SL,-0.1536815555939653,0.01617658036525626,0.016006807154322896,0.008084248058596305,0.008007407280800773,0.016091655339397076,-0.20195659845294153,-1.2484504999999875,0 days 05:00:00
1h,DEVELOPMENT,133,CLOSED,BTCUSDT,LONG,2024-05-22 15:00:00+00:00,2024-05-22 16:00:00+00:00,70455.89,70491.11794499999,2024-05-22 17:00:00+00:00,69786.20676554998,69751.31366216722,0.0002266218211223594,15.974825521646927,0.15974825521646926,69786.20676554998,71900.94030389999,SL,-0.15176483416617426,0.01597482552164693,0.015807169727797242,0.007983421050296377,0.007907538633213747,0.015890959683510127,-0.19943778909912854,-1.2484504999999992,0 days 01:00:00
1h,DEVELOPMENT,134,CLOSED,BTCUSDT,LONG,2024-05-23 07:00:00+00:00,2024-05-23 08:00:00+00:00,69734.05,69768.917025,2024-05-23 12:00:00+00:00,69071.22785475,69036.69224082264,0.0002261119656686881,15.77558697109835,0.15775586971098352,69071.22785475,71164.2953655,SL,-0.14987201815121423,0.015775586971098352,0.015610022185836675,0.00788385155976919,0.007808915550691301,0.01569276711046049,-0.19695039441860976,-1.2484504999999844,0 days 04:00:00
1h,DEVELOPMENT,135,CLOSED,BTCUSDT,LONG,2024-05-25 09:00:00+00:00,2024-05-25 10:00:00+00:00,69095.27,69129.817635,2024-05-26 21:00:00+00:00,68438.51945865,68404.30019892068,0.00022535620464928077,15.578833330320519,0.15578833330320518,68438.51945865,70512.4139877,SL,-0.1480028093999974,0.01557883333032052,0.015415333474518808,0.007785523903207608,0.007711522498507047,0.015497046401714655,-0.19449402260655138,-1.2484504999999886,1 days 11:00:00
1h,DEVELOPMENT,136,CLOSED,BTCUSDT,LONG,2024-05-27 15:00:00+00:00,2024-05-27 16:00:00+00:00,70373.86,70409.04693,2024-05-27 19:00:00+00:00,69704.95646069999,69670.10398246965,0.00021850222774257984,15.384533607436852,0.15384533607436854,69704.95646069999,71817.22786859999,SL,-0.14615691348194818,0.015384533607436853,0.015223072927226803,0.0076884225924213866,0.007615344135679705,0.015303766728101091,-0.19206828674471293,-1.2484504999999968,0 days 03:00:00
1h,DEVELOPMENT,137,CLOSED,BTCUSDT,LONG,2024-05-30 17:00:00+00:00,2024-05-30 18:00:00+00:00,69315.1,69349.75755,2024-05-30 19:00:00+00:00,68656.25997449999,68621.93184451274,0.0002190729677194448,15.192657197102474,0.15192657197102474,68656.25997449999,70736.75270099999,SL,-0.14433403963864322,0.015192657197102473,0.015033210259818882,0.007592532332382632,0.007520365312565054,0.015112897644947686,-0.18967280474051226,-1.2484505000000028,0 days 01:00:00
1h,DEVELOPMENT,138,CLOSED,BTCUSDT,LONG,2024-05-31 02:00:00+00:00,2024-05-31 03:00:00+00:00,68539.99,68574.259995,2024-05-31 09:00:00+00:00,67888.51739505,67854.57313635248,0.00021878725161273804,15.003173875683382,0.15003173875683382,67888.51739505,69945.7451949,SL,-0.14253390073800204,0.015003173875683383,0.014845715565858087,0.007497838018831204,0.007426571068462208,0.014924409087293412,-0.18730719926683695,-1.2484504999999892,0 days 06:00:00
1h,DEVELOPMENT,139,CLOSED,BTCUSDT,LONG,2024-06-03 01:00:00+00:00,2024-06-03 02:00:00+00:00,68476.01,68510.24800499999,2024-06-03 13:00:00+00:00,69880.45296509999,69845.51273861744,0.0002162604023184157,14.816053796495734,0.14816053796495735,67825.14552494998,69880.45296509999,TP,0.3037254006657937,0.014816053796495733,0.015104818684989436,0.007404324735878192,0.007556187436212303,0.014960512172090495,0.258844016012218,1.747051000000009,0 days 11:00:00
1h,DEVELOPMENT,140,CLOSED,BTCUSDT,LONG,2024-06-03 13:00:00+00:00,2024-06-03 14:00:00+00:00,69795.33,69830.227665,2024-06-03 14:00:00+00:00,69131.92538834999,69097.35942565581,0.00021587555606141916,15.07463922707737,0.1507463922707737,69131.92538834999,71226.8322183,SL,-0.14321283943365581,0.01507463922707737,0.014916430888389192,0.00753355283711943,0.007461946417403918,0.01499549925452335,-0.18819940880364572,-1.2484505000000143,0 days 00:00:00
1h,DEVELOPMENT,141,CLOSED,BTCUSDT,LONG,2024-06-04 13:00:00+00:00,2024-06-04 14:00:00+00:00,69527.99,69562.753995,2024-06-04 16:00:00+00:00,70954.00907490001,70918.53207036256,0.00021400285317543848,14.886627829671133,0.14886627829671134,68867.12645505,70954.00907490001,TP,0.30517215071119996,0.014886627829671133,0.015176768206071424,0.007439594117776925,0.007592180193131462,0.015031774310908387,0.26007698036454896,1.7470510000000075,0 days 02:00:00
1h,DEVELOPMENT,142,CLOSED,BTCUSDT,LONG,2024-06-04 16:00:00+00:00,2024-06-04 17:00:00+00:00,70800.0,70835.4,2024-06-04 19:00:00+00:00,70127.04599999999,70091.982477,0.00021382592591941997,15.14644499287248,0.1514644499287248,70127.04599999999,72252.108,SL,-0.14389501215118,0.01514644499287248,0.014987483052672284,0.007569437777546223,0.007497490271469697,0.01506692804901592,-0.1890958682457407,-1.2484504999999952,0 days 02:00:00
1h,DEVELOPMENT,143,CLOSED,BTCUSDT,LONG,2024-06-05 00:00:00+00:00,2024-06-05 01:00:00+00:00,70775.99,70811.377995,2024-06-07 17:00:00+00:00,70103.26421505,70068.21258294248,0.00021123071538932877,14.957538031588024,0.14957538031588025,70103.26421505,72227.6055549,SL,-0.14210034881583666,0.014957538031588025,0.014800558669946508,0.007475031500043423,0.007403981325636394,0.014879012825679817,-0.18673745834305103,-1.2484505000000012,2 days 16:00:00
1h,DEVELOPMENT,144,CLOSED,BTCUSDT,LONG,2024-06-12 15:00:00+00:00,2024-06-12 16:00:00+00:00,69734.0,69768.867,2024-06-12 18:00:00+00:00,69071.17833,69036.642740835,0.00021171315744818403,14.77098712415241,0.1477098712415241,69071.17833,71164.24434,SL,-0.14032806858077929,0.014770987124152412,0.01461596561428443,0.007381802660745488,0.007311638626454608,0.014693441287200095,-0.18440846260641625,-1.248450499999999,0 days 02:00:00
1h,DEVELOPMENT,145,CLOSED,BTCUSDT,LONG,2024-06-16 22:00:00+00:00,2024-06-16 23:00:00+00:00,66755.99,66789.36799500001,2024-06-17 06:00:00+00:00,66121.47431505,66088.41357789248,0.00021839947470196692,14.586762885784363,0.14586762885784363,66121.47431505,68125.15535490001,SL,-0.1385778922832399,0.014586762885784364,0.014433674809298056,0.007289736574605437,0.007220447628461511,0.014510184203066948,-0.1821085141813893,-1.2484505,0 days 07:00:00
1h,DEVELOPMENT,146,CLOSED,BTCUSDT,LONG,2024-06-20 10:00:00+00:00,2024-06-20 11:00:00+00:00,66209.49,66242.594745,2024-06-20 13:00:00+00:00,65580.16879755,65547.37871315122,0.000217455797944537,14.404836298190567,0.14404836298190568,65580.16879755,67567.4466399,SL,-0.1368495442421824,0.014404836298190567,0.014253657541241058,0.007198818739723167,0.00713039396760403,0.014329212707327198,-0.17983725078894122,-1.248450499999997,0 days 02:00:00
1h,DEVELOPMENT,147,CLOSED,BTCUSDT,LONG,2024-06-28 01:00:00+00:00,2024-06-28 02:00:00+00:00,62091.99,62123.03599499999,2024-06-28 04:00:00+00:00,61501.80563504999,61471.05473223247,0.00022898395864200433,14.225178704994825,0.14225178704994826,61501.80563504999,63365.49671489999,SL,-0.13514275221487018,0.014225178704994824,0.014075885454485905,0.007109034835078299,0.007041463458971086,0.014150498294049386,-0.1775943146684003,-1.2484504999999921,0 days 02:00:00
1h,DEVELOPMENT,148,CLOSED,BTCUSDT,LONG,2024-06-30 13:00:00+00:00,2024-06-30 14:00:00+00:00,61719.61,61750.469805,2024-06-30 23:00:00+00:00,62985.4792011,62953.98646149946,0.00022749238753300518,14.047761807224195,0.14047761807224196,61132.96510695,62985.4792011,TP,0.2879756068627373,0.014047761807224194,0.014321552684846996,0.007020370718252983,0.007164358521683009,0.014184729239935991,0.24542156313073019,1.7470510000000128,0 days 09:00:00
1h,DEVELOPMENT,149,CLOSED,BTCUSDT,LONG,2024-06-30 23:00:00+00:00,2024-07-01 00:00:00+00:00,62772.01,62803.396004999995,2024-07-02 14:00:00+00:00,62175.362044949994,62144.27436392752,0.00022758225037433123,14.292938193968183,0.14292938193968183,62175.362044949994,64059.4639251,SL,-0.13578648429152365,0.014292938193968183,0.014142933807622488,0.007142897648158423,0.007075004406013723,0.014217902054172147,-0.17844025834728647,-1.2484504999999981,1 days 14:00:00
1h,DEVELOPMENT,150,CLOSED,BTCUSDT,LONG,2024-07-09 06:00:00+00:00,2024-07-09 07:00:00+00:00,57476.0,57504.738,2024-07-09 13:00:00+00:00,56929.690619999994,56901.22577469,0.0002454524042456684,14.11467619761725,0.1411467619761725,56929.690619999994,58654.83276,SL,-0.13409295078296196,0.01411467619761725,0.013966542670923258,0.007053811193211419,0.006986764717819168,0.014040575911030587,-0.17621474556253305,-1.2484504999999964,0 days 06:00:00
1h,DEVELOPMENT,151,CLOSED,BTCUSDT,LONG,2024-07-09 18:00:00+00:00,2024-07-09 19:00:00+00:00,57907.5,57936.45374999999,2024-07-10 01:00:00+00:00,57357.089212499995,57328.410667893746,0.00024058492690815712,13.938637490761574,0.13938637490761574,57357.089212499995,59095.182824999996,SL,-0.13242053908014978,0.013938637490761574,0.013792351490296033,0.0069658358274654435,0.006899625557926857,0.0138654613853923,-0.17401698944659968,-1.2484504999999955,0 days 06:00:00
1h,DEVELOPMENT,152,CLOSED,BTCUSDT,LONG,2024-07-10 04:00:00+00:00,2024-07-10 05:00:00+00:00,59347.43,59377.103715,2024-07-10 08:00:00+00:00,58783.33267785,58753.94101151107,0.00023181990166664152,13.764794344461274,0.13764794344461273,58783.33267785,60564.6457893,SL,-0.13076898575122942,0.013764794344461274,0.013620332827816153,0.006878957693383291,0.006813573200508227,0.013692530893891518,-0.17184664381739834,-1.248450499999999,0 days 03:00:00
1h,DEVELOPMENT,153,CLOSED,BTCUSDT,LONG,2024-07-11 01:00:00+00:00,2024-07-11 02:00:00+00:00,58280.35,58309.49017499999,2024-07-11 03:00:00+00:00,57726.39527324999,57697.532075613366,0.00023312018909472015,13.593119375612725,0.13593119375612725,57726.39527324999,59475.67997849999,SL,-0.1291380306498762,0.013593119375612726,0.01345045958776567,0.006793163106251647,0.006728594090927886,0.013521757197179532,-0.16970336681043413,-1.2484505000000015,0 days 01:00:00
1h,DEVELOPMENT,154,CLOSED,BTCUSDT,LONG,2024-07-11 07:00:00+00:00,2024-07-11 08:00:00+00:00,58191.5,58220.59575,2024-07-11 12:00:00+00:00,59385.007665000005,59355.315161167506,0.00023056420790120943,13.423585542635271,0.13423585542635272,57638.3897925,59385.007665000005,TP,0.2751801494047481,0.013423585542635272,0.013685211224861233,0.006708438552041708,0.006846028626743737,0.013554467178785445,0.23451688545846613,1.7470510000000088,0 days 04:00:00
1h,DEVELOPMENT,155,CLOSED,BTCUSDT,LONG,2024-07-11 12:00:00+00:00,2024-07-11 13:00:00+00:00,58816.35,58845.758174999995,2024-07-11 13:00:00+00:00,58257.300593249995,58228.17194295337,0.0002320960519341781,13.657868145490884,0.13657868145490884,58257.300593249995,60022.6733385,SL,-0.12975316014282037,0.013657868145490883,0.013514528819303958,0.006825521312088666,0.006760644732017984,0.013586166044106649,-0.17051172315172186,-1.2484505000000015,0 days 00:00:00
1h,DEVELOPMENT,156,CLOSED,BTCUSDT,LONG,2024-07-13 05:00:00+00:00,2024-07-13 06:00:00+00:00,58076.02,58105.05800999999,2024-07-13 22:00:00+00:00,59267.15917019999,59237.525590614896,0.00023212310985731578,13.487526763720934,0.13487526763720933,57524.00742989999,59267.15917019999,TP,0.2764909284596857,0.013487526763720935,0.013750398660345857,0.0067403931852670395,0.006878638649497056,0.013619031834764095,0.2356339712008548,1.7470510000000044,0 days 16:00:00
1h,DEVELOPMENT,157,CLOSED,BTCUSDT,LONG,2024-07-13 22:00:00+00:00,2024-07-13 23:00:00+00:00,59464.53,59494.262265,2024-07-14 21:00:00+00:00,60684.1475103,60653.80543654485,0.00023065964370184741,13.722925336349165,0.13722925336349165,58899.31964235,60684.1475103,TP,0.2813165403783319,0.013722925336349166,0.01399038515115461,0.006858033651348616,0.006998691921537985,0.013856725572886601,0.23974650431794156,1.7470510000000008,0 days 22:00:00
1h,DEVELOPMENT,158,CLOSED,BTCUSDT,LONG,2024-07-14 21:00:00+00:00,2024-07-14 22:00:00+00:00,61276.36,61306.998179999995,2024-07-15 00:00:00+00:00,60693.928198199996,60663.5812341009,0.00022774614233558594,13.962432333669787,0.13962432333669786,60693.928198199996,62533.138143599994,SL,-0.1326465960335157,0.013962432333669787,0.013815896606327923,0.0069777273031820415,0.006911404005165453,0.013889131308347494,-0.1743140562818609,-1.2484504999999912,0 days 02:00:00
1h,DEVELOPMENT,159,CLOSED,BTCUSDT,LONG,2024-07-15 02:00:00+00:00,2024-07-15 03:00:00+00:00,62482.0,62513.240999999995,2024-07-15 19:00:00+00:00,63763.50582,63731.62406709,0.0002205659504568687,13.788292417304293,0.13788292417304293,61888.108589999996,63763.50582,TP,0.2826565492043086,0.013788292417304292,0.014057026236517554,0.006890700858221828,0.007032029132824724,0.013922729991046552,0.24088850055944017,1.7470510000000097,0 days 16:00:00
1h,DEVELOPMENT,160,CLOSED,BTCUSDT,LONG,2024-07-15 22:00:00+00:00,2024-07-15 23:00:00+00:00,64343.6,64375.771799999995,2024-07-16 05:00:00+00:00,63732.014081999994,63700.148074959,0.0002179226730453122,14.028940270011027,0.14028940270011028,63732.014081999994,65663.28723599999,SL,-0.13327843804743206,0.014028940270011028,0.013881706541877262,0.007010964652678399,0.006944325433654788,0.013955290086333186,-0.17514437494565352,-1.2484504999999964,0 days 06:00:00
1h,DEVELOPMENT,161,CLOSED,BTCUSDT,LONG,2024-07-16 15:00:00+00:00,2024-07-16 16:00:00+00:00,64878.24,64910.67911999999,2024-07-16 16:00:00+00:00,64261.57232879999,64229.4415426356,0.00021343130363586492,13.853970864470915,0.13853970864470916,64261.57232879999,66208.8927024,SL,-0.13161618497430985,0.013853970864470915,0.013708573440248294,0.006923523670399288,0.006857715577911935,0.013781239248311223,-0.17295996852734027,-1.2484504999999915,0 days 00:00:00
1h,DEVELOPMENT,162,CLOSED,BTCUSDT,LONG,2024-07-16 16:00:00+00:00,2024-07-16 17:00:00+00:00,64500.0,64532.25,2024-07-17 01:00:00+00:00,65822.895,65789.98355250001,0.00021200537224604635,13.681183683124924,0.13681183683124926,63886.9275,65822.895,TP,0.28046084691743434,0.013681183683124924,0.013947829953109033,0.006837173254934995,0.006977403678392677,0.013814576933327672,0.23901725634787271,1.7470510000000137,0 days 08:00:00
1h,DEVELOPMENT,163,CLOSED,BTCUSDT,LONG,2024-07-17 01:00:00+00:00,2024-07-17 02:00:00+00:00,65670.18,65703.01508999999,2024-07-17 08:00:00+00:00,65045.98493909999,65013.46194663044,0.00021186184746510288,13.91996216099493,0.1391996216099493,65045.98493909999,67017.07539179998,SL,-0.13224311878086747,0.01391996216099493,0.01377387215811529,0.006956502829081487,0.00689038126969143,0.013846884098772917,-0.1737838371987506,-1.2484504999999897,0 days 06:00:00
1h,DEVELOPMENT,164,CLOSED,BTCUSDT,LONG,2024-07-19 14:00:00+00:00,2024-07-19 15:00:00+00:00,65747.04,65779.91351999999,2024-07-19 19:00:00+00:00,67095.51179039999,67061.9640345048,0.00020897491648181715,13.746351934023153,0.13746351934023154,65122.114384799985,67095.51179039999,TP,0.28179677977692624,0.013746351934023153,0.014014268333217264,0.006869741096462036,0.007010639486351191,0.013880380582813226,0.24015577892687265,1.747051000000013,0 days 04:00:00
1h,DEVELOPMENT,165,CLOSED,BTCUSDT,LONG,2024-07-19 19:00:00+00:00,2024-07-19 20:00:00+00:00,67157.25,67190.828625,2024-07-20 00:00:00+00:00,66518.92033874999,66485.66087858062,0.0002081573941459479,13.986267797086962,0.13986267797086963,66518.92033874999,68534.6451975,SL,-0.13287303889186827,0.013986267797086963,0.013839481916556533,0.006989639079002865,0.006923202559557187,0.01391284163856005,-0.17461163024407184,-1.2484505000000048,0 days 04:00:00
1h,DEVELOPMENT,166,CLOSED,BTCUSDT,LONG,2024-07-20 15:00:00+00:00,2024-07-20 16:00:00+00:00,66824.99,66858.402495,2024-07-21 18:00:00+00:00,66189.81847005,66156.72356081498,0.00020658331770743185,13.81183060403594,0.1381183060403594,66189.81847005,68195.57054490001,SL,-0.13121584197037775,0.01381183060403594,0.013666875441846584,0.006902464069982328,0.006836856148996792,0.013739320218979119,-0.1724338682352394,-1.2484504999999977,1 days 02:00:00
1h,DEVELOPMENT,167,CLOSED,BTCUSDT,LONG,2024-07-21 20:00:00+00:00,2024-07-21 21:00:00+00:00,67723.91,67757.771955,2024-07-22 08:00:00+00:00,67080.19423545,67046.65413833229,0.0002012989595712472,13.639568997407334,0.13639568997407334,67080.19423545,69112.9273941,SL,-0.1295793136635244,0.013639568997407335,0.013496421720779547,0.006816376310548454,0.006751586653714626,0.01356796296426308,-0.17028326734597438,-1.248450499999982,0 days 11:00:00
1h,DEVELOPMENT,168,CLOSED,BTCUSDT,LONG,2024-07-22 19:00:00+00:00,2024-07-22 20:00:00+00:00,68232.08,68266.19604,2024-07-22 22:00:00+00:00,67583.5340796,67549.74231256019,0.00019730784230782746,13.469455843215554,0.13469455843215555,67583.5340796,69631.5199608,SL,-0.12796319619166943,0.013469455843215555,0.013328093904141006,0.006731362240486255,0.00666738064239208,0.013398742882878335,-0.16815948882190432,-1.2484505000000037,0 days 02:00:00
1h,DEVELOPMENT,169,CLOSED,BTCUSDT,LONG,2024-07-26 03:00:00+00:00,2024-07-26 04:00:00+00:00,67042.0,67075.521,2024-07-27 12:00:00+00:00,68417.03142,68382.82290429,0.0001983057924498414,13.301464345890976,0.13301464345890976,66404.76578999999,68417.03142,TP,0.27267669538653055,0.013301464345890976,0.013560709885992393,0.006647408468709817,0.0067837468164031415,0.013431155285112958,0.23238336586953423,1.7470510000000186,1 days 08:00:00
1h,DEVELOPMENT,170,CLOSED,BTCUSDT,LONG,2024-07-27 12:00:00+00:00,2024-07-27 13:00:00+00:00,68400.0,68434.2,2024-07-27 19:00:00+00:00,67749.858,67715.983071,0.00019776099611810847,13.533615560545858,0.13533615560545859,67749.858,69802.884,SL,-0.1285727295382207,0.013533615560545859,0.013391580265237929,0.006763426067238734,0.006699139702469764,0.013462565769708498,-0.16896049113371298,-1.248450500000003,0 days 06:00:00
1h,DEVELOPMENT,171,CLOSED,BTCUSDT,LONG,2024-07-28 11:00:00+00:00,2024-07-28 12:00:00+00:00,67836.01,67869.928005,2024-07-29 02:00:00+00:00,69227.3265651,69192.71290181745,0.0001969181971156208,13.364823861111581,0.13364823861111583,67191.22872495,69227.3265651,TP,0.2739755496165906,0.013364823861111581,0.013625304278164647,0.006679072394358522,0.006816060169167102,0.013495132563525624,0.2334902889137888,1.7470510000000021,0 days 14:00:00
1h,DEVELOPMENT,172,CLOSED,BTCUSDT,LONG,2024-07-29 02:00:00+00:00,2024-07-29 03:00:00+00:00,69558.99,69593.769495,2024-07-29 14:00:00+00:00,68897.83180005,68863.38288414998,0.00019539221674104678,13.59808089299349,0.13598080892993492,68897.83180005,70985.6448849,SL,-0.12918516630475171,0.01359808089299349,0.013455369034021525,0.00679564262518322,0.006731050042031242,0.01352669266721446,-0.1697653088989812,-1.2484504999999961,0 days 11:00:00
1h,DEVELOPMENT,173,CLOSED,BTCUSDT,LONG,2024-08-07 08:00:00+00:00,2024-08-07 09:00:00+00:00,57348.0,57376.674,2024-08-07 13:00:00+00:00,56802.90726,56774.505806370005,0.0002340408434934325,13.428485179807698,0.13428485179807698,56802.90726,58524.20748,SL,-0.1275739646517463,0.013428485179807699,0.013287553227845618,0.0067108871463304656,0.006647100164003558,0.013357987310334024,-0.16764799036973363,-1.248450499999989,0 days 04:00:00
1h,DEVELOPMENT,174,CLOSED,BTCUSDT,LONG,2024-08-08 12:00:00+00:00,2024-08-08 13:00:00+00:00,57924.63,57953.592314999994,2024-08-08 13:00:00+00:00,57374.05639185,57345.36936365408,0.00022882109874861905,13.261004669947823,0.13261004669947823,57374.05639185,59112.664161299996,SL,-0.12598285795887462,0.013261004669947823,0.013121830425936724,0.006627188740602932,0.006564197311623028,0.013191386052225959,-0.16555707910698514,-1.2484504999999864,0 days 00:00:00
1h,DEVELOPMENT,175,CLOSED,BTCUSDT,LONG,2024-08-08 14:00:00+00:00,2024-08-08 15:00:00+00:00,58922.25,58951.711124999994,2024-08-08 21:00:00+00:00,60130.74534749999,60100.67997482625,0.00022214135489232183,13.09561298252826,0.1309561298252826,58362.19401374999,60130.74534749999,TP,0.2684567938747157,0.013095612982528261,0.013350846479557739,0.006544534224150801,0.006678762621088013,0.013223296845238814,0.2287870375673909,1.7470510000000086,0 days 06:00:00
1h,DEVELOPMENT,176,CLOSED,BTCUSDT,LONG,2024-08-08 21:00:00+00:00,2024-08-08 22:00:00+00:00,61170.44,61201.025219999996,2024-08-08 22:00:00+00:00,62425.0457244,62393.833201537804,0.0002177115728653241,13.324171461616567,0.13324171461616569,60589.014967799994,62425.0457244,TP,0.2731421855849626,0.013324171461616567,0.013583859563403475,0.006658756352630568,0.006795327445423433,0.013454083798054,0.23278007076188856,1.7470510000000126,0 days 00:00:00
1h,DEVELOPMENT,177,CLOSED,BTCUSDT,LONG,2024-08-08 22:00:00+00:00,2024-08-08 23:00:00+00:00,62332.0,62363.166,2024-08-08 23:00:00+00:00,61739.53434,61708.66457283,0.0002173834308677532,13.556718984855216,0.13556718984855218,61739.53434,63610.429319999996,SL,-0.12879221784212813,0.013556718984855217,0.01341444121910916,0.0067749720064238395,0.00671057589750317,0.01348554790392701,-0.1692489259500195,-1.2484504999999972,0 days 00:00:00
1h,DEVELOPMENT,178,CLOSED,BTCUSDT,LONG,2024-08-08 23:00:00+00:00,2024-08-09 00:00:00+00:00,61686.0,61716.84299999999,2024-08-09 00:00:00+00:00,61099.674569999996,61069.124732715,0.00021692034925946074,13.387639138751304,0.13387639138751303,61099.674569999996,62951.17986,SL,-0.12718591705530446,0.013387639138751304,0.01324713586599011,0.0066904743322081335,0.0066268813736814446,0.013317355705889579,-0.16713804776593544,-1.2484504999999932,0 days 00:00:00
1h,DEVELOPMENT,179,CLOSED,BTCUSDT,LONG,2024-08-10 17:00:00+00:00,2024-08-10 18:00:00+00:00,60767.81,60798.19390499999,2024-08-11 13:00:00+00:00,60190.211965949995,60160.11685996702,0.00021745165790154833,13.22066806206206,0.1322066806206206,60190.211965949995,62014.157783099996,SL,-0.12559965010484805,0.01322066806206206,0.01308191715075072,0.006607030515772086,0.006544230690720704,0.01315126120649279,-0.16505349652415363,-1.2484504999999964,0 days 19:00:00
1h,DEVELOPMENT,180,CLOSED,BTCUSDT,LONG,2024-08-13 17:00:00+00:00,2024-08-13 18:00:00+00:00,61167.58,61198.16379,2024-08-13 19:00:00+00:00,60586.182152099995,60555.88906102395,0.00021333613045885512,13.055779454145823,0.13055779454145822,60586.182152099995,62422.1270658,SL,-0.12403316712809351,0.013055779454145823,0.012918759048774563,0.006524627413365579,0.006462610829801726,0.012987238243167304,-0.1629949438741812,-1.2484505000000032,0 days 01:00:00
1h,DEVELOPMENT,181,CLOSED,BTCUSDT,LONG,2024-08-14 03:00:00+00:00,2024-08-14 04:00:00+00:00,60952.83,60983.306415,2024-08-14 13:00:00+00:00,60373.47335085,60343.286614174576,0.00021141765017864203,12.892947342383406,0.12892947342383407,60373.47335085,62202.9725433,SL,-0.12248622137866544,0.012892947342383406,0.012757635860025094,0.006443252045168561,0.006382008934479397,0.012825260979647958,-0.1609620655607219,-1.2484504999999966,0 days 09:00:00
1h,DEVELOPMENT,182,CLOSED,BTCUSDT,LONG,2024-08-17 08:00:00+00:00,2024-08-17 09:00:00+00:00,59279.09,59308.729544999995,2024-08-18 23:00:00+00:00,58715.642249549994,58686.28442842522,0.00021467575137360808,12.732146078086982,0.12732146078086984,58715.642249549994,60494.9041359,SL,-0.12095856918762357,0.012732146078086983,0.01259852220499746,0.006362891593246478,0.006302412308652667,0.012665303901899145,-0.15895454137260717,-1.2484504999999986,1 days 14:00:00
1h,DEVELOPMENT,183,CLOSED,BTCUSDT,LONG,2024-08-20 00:00:00+00:00,2024-08-20 01:00:00+00:00,60482.77,60513.01138499999,2024-08-20 14:00:00+00:00,59907.88127114999,59877.92733051442,0.00020777928654822645,12.573350332460002,0.12573350332460004,59907.88127114999,61723.271612699995,SL,-0.11944996992507076,0.012573350332460003,0.012441393020720837,0.006283533399528969,0.006223808414566429,0.012507341814095397,-0.156972055092347,-1.2484504999999873,0 days 13:00:00
1h,DEVELOPMENT,184,CLOSED,BTCUSDT,LONG,2024-08-21 18:00:00+00:00,2024-08-21 19:00:00+00:00,60771.28,60801.66563999999,2024-08-22 02:00:00+00:00,60193.64898359999,60163.55215910819,0.00020421373266522755,12.41653509260751,0.12416535092607511,60193.64898359999,62017.69895279999,SL,-0.11796018596225524,0.012416535092607511,0.012286223556810595,0.006205164963820445,0.006146184870840049,0.012351349834660495,-0.15501429444633383,-1.248450499999999,0 days 07:00:00
1h,DEVELOPMENT,185,CLOSED,BTCUSDT,LONG,2024-08-22 07:00:00+00:00,2024-08-22 08:00:00+00:00,60984.31,61014.802155,2024-08-22 13:00:00+00:00,60404.65413345,60374.45180638328,0.00020096231118552234,12.26167565759619,0.1226167565759619,60404.65413345,62235.0981981,SL,-0.11648898263413429,0.012261675657596189,0.012132989371569718,0.0061277739418271636,0.0060695294505090265,0.012197303392336191,-0.1530809510556364,-1.2484504999999877,0 days 05:00:00
1h,DEVELOPMENT,186,CLOSED,BTCUSDT,LONG,2024-08-22 20:00:00+00:00,2024-08-22 21:00:00+00:00,60680.0,60710.34,2024-08-23 14:00:00+00:00,61924.5468,61893.5845266,0.0001994511583127946,12.108747634563587,0.12108747634563587,60103.2366,61924.5468,TP,0.24822630083448122,0.012108747634563587,0.012344747125961232,0.006051348143209492,0.00617546129362606,0.012226809436835552,0.21154599663712084,1.7470510000000112,0 days 17:00:00
1h,DEVELOPMENT,187,CLOSED,BTCUSDT,LONG,2024-08-23 17:00:00+00:00,2024-08-23 18:00:00+00:00,62999.88,63031.37993999999,2024-08-23 21:00:00+00:00,64292.00753879999,64259.86153503059,0.0001954595045874976,12.320082296538734,0.12320082296538734,62401.06614059999,64292.00753879999,TP,0.25255860859770907,0.012320082296538734,0.012560200700498273,0.006156962666934773,0.006283241971234324,0.012440204638169097,0.21523812096250297,1.7470510000000004,0 days 03:00:00
1h,DEVELOPMENT,188,CLOSED,BTCUSDT,LONG,2024-08-23 21:00:00+00:00,2024-08-23 22:00:00+00:00,64392.58,64424.77629,2024-08-24 01:00:00+00:00,63780.5285271,63748.63826283646,0.00019456963789797542,12.535105394403372,0.12535105394403373,63780.5285271,65713.2718158,SL,-0.11908663345707528,0.012535105394403372,0.01240354946328911,0.00626442048695818,0.00620487717022849,0.01246929765718667,-0.15649458597195443,-1.2484504999999884,0 days 03:00:00
1h,DEVELOPMENT,189,CLOSED,BTCUSDT,LONG,2024-08-24 16:00:00+00:00,2024-08-24 17:00:00+00:00,64298.01,64330.159005,2024-08-24 21:00:00+00:00,63686.85741495,63655.01398624253,0.00019242556427875475,12.378767146679142,0.12378767146679141,63686.85741495,65616.7621851,SL,-0.11760138103866664,0.012378767146679142,0.012248851985474743,0.006186290428125374,0.0061274897376053265,0.0123137801657307,-0.15454278033655122,-1.248450499999998,0 days 04:00:00
1h,DEVELOPMENT,190,CLOSED,BTCUSDT,LONG,2024-08-25 13:00:00+00:00,2024-08-25 14:00:00+00:00,64082.03,64114.071014999994,2024-08-26 06:00:00+00:00,63472.93030484999,63441.193839697575,0.00019066608251836864,12.224378754734536,0.12224378754734536,63472.93030484999,65396.352435299996,SL,-0.11613465273738414,0.012224378754734536,0.012096083899703597,0.00610913480996138,0.006051067483592363,0.012160202293553742,-0.152615317685376,-1.2484504999999912,0 days 16:00:00
1h,VALIDATION,1,CLOSED,BTCUSDT,LONG,2024-09-02 22:00:00+00:00,2024-09-02 23:00:00+00:00,59349.99,59379.66499499999,2024-09-03 08:00:00+00:00,58785.86834504999,58756.475410877465,0.0003364791630552712,19.980019980019982,0.19980019980019983,58785.86834504999,60567.25829489999,SL,-0.1898151823189337,0.019980019980019983,0.019770329670329673,0.00998501748126732,0.009890109890109348,0.01987512737137667,-0.24944065934066004,-1.2484505000000032,0 days 09:00:00
1h,VALIDATION,2,CLOSED,BTCUSDT,LONG,2024-09-09 08:00:00+00:00,2024-09-09 09:00:00+00:00,55244.0,55271.621999999996,2024-09-09 16:00:00+00:00,56377.05444,56348.865912780006,0.00035697936478410564,19.7308285121472,0.197308285121472,54718.905779999994,56377.05444,TP,0.4044770542570105,0.0197308285121472,0.02011538235984895,0.009860484014065049,0.010062722541193031,0.01992320655525808,0.3447076368297563,1.747051000000018,0 days 07:00:00
1h,VALIDATION,3,CLOSED,BTCUSDT,LONG,2024-09-09 16:00:00+00:00,2024-09-09 17:00:00+00:00,56430.11,56458.325054999994,2024-09-09 21:00:00+00:00,57587.491556099994,57558.697810321944,0.0003555754047989691,20.075191785703403,0.20075191785703403,55893.741804449994,57587.491556099994,TP,0.41153641531711604,0.020075191785703404,0.02046645727360676,0.010032579603047794,0.010238347810708709,0.020270927413756502,0.3507238388440494,1.7470510000000012,0 days 04:00:00
1h,VALIDATION,4,CLOSED,BTCUSDT,LONG,2024-09-09 21:00:00+00:00,2024-09-09 22:00:00+00:00,57454.27,57482.99713499999,2024-09-10 00:00:00+00:00,56908.16716364999,56879.71308006817,0.000355332294228017,20.425565251082073,0.20425565251082073,56908.16716364999,58632.657077699994,SL,-0.1940479737246757,0.020425565251082075,0.02021119894377197,0.010207678786145735,0.010110654799283443,0.02031833358542918,-0.25500307150495893,-1.2484504999999928,0 days 02:00:00
1h,VALIDATION,5,CLOSED,BTCUSDT,LONG,2024-09-10 07:00:00+00:00,2024-09-10 08:00:00+00:00,57218.56,57247.169279999995,2024-09-10 13:00:00+00:00,56674.6975872,56646.3602384064,0.0003523461016778557,20.170816927900297,0.20170816927900298,56674.6975872,58392.1126656,SL,-0.1916278009991931,0.0201708169279003,0.019959124204241986,0.010080368279809166,0.009984554379309556,0.020064922659118724,-0.2518226647904541,-1.248450499999991,0 days 05:00:00
1h,VALIDATION,6,CLOSED,BTCUSDT,LONG,2024-09-10 18:00:00+00:00,2024-09-10 19:00:00+00:00,57581.99,57610.780994999994,2024-09-11 01:00:00+00:00,57034.67318504999,57006.15584845747,0.0003457555250975042,19.91924583420354,0.19919245834203542,57034.67318504999,58762.996614899996,SL,-0.1892378127477326,0.01991924583420354,0.019710193349173573,0.009954645594303148,0.00986002668792973,0.019814672282232878,-0.2486819242133426,-1.2484504999999966,0 days 06:00:00
1h,VALIDATION,7,CLOSED,BTCUSDT,LONG,2024-09-11 11:00:00+00:00,2024-09-11 12:00:00+00:00,56798.0,56826.399,2024-09-11 13:00:00+00:00,56258.13501,56230.005942495,0.0003461562352997402,19.67081234348092,0.19670812343480923,56258.13501,57962.92698,SL,-0.18687763250853254,0.019670812343480924,0.01946436716793609,0.009830490926276497,0.009737052110021942,0.01956754303629844,-0.245580355056248,-1.2484504999999935,0 days 01:00:00
1h,VALIDATION,8,CLOSED,BTCUSDT,LONG,2024-09-11 16:00:00+00:00,2024-09-11 17:00:00+00:00,57311.99,57340.64599499999,2024-09-12 14:00:00+00:00,58487.458914899995,58458.21518544255,0.0003387732556263594,19.425477323444714,0.19425477323444715,56767.239535049994,58487.458914899995,TP,0.3982174311882559,0.019425477323444715,0.019804079876478652,0.009707884719360545,0.009906993434956247,0.01961487815431679,0.33937299583401576,1.7470510000000083,0 days 21:00:00
1h,VALIDATION,9,CLOSED,BTCUSDT,LONG,2024-09-13 07:00:00+00:00,2024-09-13 08:00:00+00:00,58109.31,58138.364655,2024-09-13 15:00:00+00:00,59301.131948099995,59271.48138212595,0.0003399564367281713,19.764511285316857,0.19764511285316858,57556.98100845,59301.131948099995,TP,0.40516754269050276,0.01976451128531686,0.020149721610267683,0.009877316984166315,0.01007990075550931,0.019957217739675626,0.3452960920552426,1.747051000000008,0 days 07:00:00
1h,VALIDATION,10,CLOSED,BTCUSDT,LONG,2024-09-13 15:00:00+00:00,2024-09-13 16:00:00+00:00,59666.01,59695.843004999995,2024-09-15 23:00:00+00:00,59098.884574949996,59069.33513266253,0.0003368653730971998,20.109462426231186,0.20109462426231187,59098.884574949996,60889.75986509999,SL,-0.1910449179023783,0.020109462426231187,0.019898413618067892,0.010049706359933314,0.009954183900982414,0.02000389026091573,-0.2510566842075931,-1.2484504999999886,2 days 07:00:00
1h,VALIDATION,11,CLOSED,BTCUSDT,LONG,2024-09-17 15:00:00+00:00,2024-09-17 16:00:00+00:00,61135.49,61166.05774499999,2024-09-17 18:00:00+00:00,60554.39716754999,60524.119968966224,0.0003246679168157648,19.858656547901923,0.19858656547901923,60554.39716754999,62389.378899899995,SL,-0.18866219938811554,0.019858656547901924,0.019650239947431695,0.00992436609090324,0.009830034991209194,0.019754401082112433,-0.2479254969655616,-1.2484504999999864,0 days 02:00:00
1h,VALIDATION,12,CLOSED,BTCUSDT,LONG,2024-09-18 02:00:00+00:00,2024-09-18 03:00:00+00:00,60352.0,60382.176,2024-09-18 09:00:00+00:00,59778.35424,59748.46506288,0.00032478092092533257,19.610978728755512,0.19610978728755513,59778.35424,61589.81952,SL,-0.1863091982177121,0.019610978728755512,0.019405161506997226,0.009800589069842665,0.009707434470733868,0.019508023540576534,-0.24483336199404138,-1.2484504999999977,0 days 06:00:00
1h,VALIDATION,13,CLOSED,BTCUSDT,LONG,2024-09-18 18:00:00+00:00,2024-09-18 19:00:00+00:00,60629.79,60660.104895,2024-09-18 19:00:00+00:00,60053.50384604999,60023.477094126974,0.0003192607396419289,19.36638995553469,0.1936638995553469,60053.50384604999,61873.3069929,SL,-0.1839855437554821,0.01936638995553469,0.019163139692951355,0.009678355799866098,0.009586363027987536,0.019264718827853633,-0.2417797922318218,-1.2484504999999957,0 days 00:00:00
1h,VALIDATION,14,CLOSED,BTCUSDT,LONG,2024-09-18 23:00:00+00:00,2024-09-19 00:00:00+00:00,61759.98,61790.85999,2024-09-19 12:00:00+00:00,63026.6771898,62995.16385120511,0.00030950939515410434,19.124851701556846,0.19124851701556847,61172.951390099995,63026.6771898,TP,0.3920546810584009,0.019124851701556846,0.01949759506122019,0.009557647027262932,0.009753674367792092,0.019311321395055023,0.33412091290056883,1.7470510000000152,0 days 12:00:00
1h,VALIDATION,15,CLOSED,BTCUSDT,LONG,2024-09-19 12:00:00+00:00,2024-09-19 13:00:00+00:00,62924.06,62955.52202999999,2024-09-23 03:00:00+00:00,64214.632470599994,64182.525154364695,0.00030908549718734887,19.458638827331644,0.19458638827331645,62325.966809699996,64214.632470599994,TP,0.3988972337317051,0.019458638827331644,0.01983788769807634,0.009724457185071783,0.009923905801938719,0.019648362987010504,0.33995234421928666,1.7470510000000046,3 days 14:00:00
1h,VALIDATION,16,CLOSED,BTCUSDT,LONG,2024-09-23 03:00:00+00:00,2024-09-23 04:00:00+00:00,64354.0,64386.176999999996,2024-09-23 05:00:00+00:00,63742.31522999999,63710.444072385,0.0003074922674601327,19.79825155881944,0.1979825155881944,63742.31522999999,65673.90054,SL,-0.18808833689813192,0.01979825155881944,0.01959046890870963,0.009894178690063472,0.009800134521613916,0.01969431321167739,-0.2471713705773384,-1.2484504999999964,0 days 01:00:00
1h,VALIDATION,17,CLOSED,BTCUSDT,LONG,2024-09-24 05:00:00+00:00,2024-09-24 06:00:00+00:00,63216.0,63247.60799999999,2024-09-24 20:00:00+00:00,64512.56015999999,64480.30387992,0.0003091235816015088,19.551327112688238,0.19551327112688238,62615.13191999999,64512.56015999999,TP,0.4007973204210233,0.019551327112688238,0.019932382478114533,0.009770778167258295,0.009971176827468932,0.019741954994727227,0.3415716558354933,1.747051000000012,0 days 14:00:00
1h,VALIDATION,18,CLOSED,BTCUSDT,LONG,2024-09-24 20:00:00+00:00,2024-09-24 21:00:00+00:00,64215.02,64247.12750999999,2024-09-25 09:00:00+00:00,63604.656234899994,63572.85390678255,0.00030962563322386777,19.892557538098323,0.19892557538098324,63604.656234899994,65532.07006019999,SL,-0.1889842672659924,0.019892557538098325,0.019683785146735983,0.009941308114989921,0.009846815981357572,0.019788124096347493,-0.2483487340471742,-1.24845049999999,0 days 12:00:00
1h,VALIDATION,19,CLOSED,BTCUSDT,LONG,2024-09-25 14:00:00+00:00,2024-09-25 15:00:00+00:00,63936.51,63968.478255,2024-09-25 17:00:00+00:00,63328.79347245,63297.12907571378,0.00030709589223578386,19.644456904684564,0.19644456904684565,63328.79347245,65247.8478201,SL,-0.18662724925439989,0.019644456904684564,0.0194382883294699,0.009817319792445989,0.009724006167816678,0.019541325960262666,-0.245251320448817,-1.24845049999999,0 days 02:00:00
1h,VALIDATION,20,CLOSED,BTCUSDT,LONG,2024-09-26 10:00:00+00:00,2024-09-26 11:00:00+00:00,64391.99,64424.18599499999,2024-09-26 17:00:00+00:00,65712.6697149,65679.81338004254,0.00030112061628618,19.399450590549886,0.19399450590549885,63779.94413504999,65712.6697149,TP,0.3976838896673438,0.019399450590549885,0.019777545882559703,0.009694877856345138,0.00989371980118149,0.01958859765752663,0.3389182955367076,1.7470509999999997,0 days 06:00:00
1h,VALIDATION,21,CLOSED,BTCUSDT,LONG,2024-09-26 17:00:00+00:00,2024-09-26 18:00:00+00:00,65132.54,65165.10627,2024-09-27 14:00:00+00:00,66468.4083954,66435.1741912023,0.0003028926282202283,19.738030306370778,0.1973803030637078,64513.455207299994,66468.4083954,TP,0.40462468923904316,0.01973803030637078,0.020122724517041946,0.009864083111628275,0.010066395456247693,0.01993047856787597,0.3448334558477545,1.7470510000000037,0 days 20:00:00
1h,VALIDATION,22,CLOSED,BTCUSDT,LONG,2024-09-27 14:00:00+00:00,2024-09-27 15:00:00+00:00,66242.65,66275.771325,2024-09-27 18:00:00+00:00,65613.01361175,65580.20710494411,0.0003030144934077334,20.082519273251656,0.20082519273251656,65613.01361175,67601.2867515,SL,-0.19078895121664896,0.020082519273251657,0.01987175323347888,0.010036241515867916,0.009940847040260662,0.019977088556128578,-0.2507203122795081,-1.248450500000007,0 days 03:00:00
1h,VALIDATION,23,CLOSED,BTCUSDT,LONG,2024-09-28 01:00:00+00:00,2024-09-28 02:00:00+00:00,65994.0,66026.997,2024-09-30 00:00:00+00:00,65366.72703,65334.043666485006,0.0003003627354249443,19.832049430814592,0.19832049430814594,65366.72703,67347.53694,SL,-0.18840942512732847,0.019832049430814593,0.01962391207203819,0.009911069180817796,0.009816864468252025,0.019727933649069822,-0.24759332027925107,-1.2484504999999955,1 days 22:00:00
1h,VALIDATION,24,CLOSED,BTCUSDT,LONG,2024-10-04 16:00:00+00:00,2024-10-04 17:00:00+00:00,62243.99,62275.11199499999,2024-10-07 00:00:00+00:00,63520.61423489999,63488.85392778255,0.0003144868444087597,19.584703456509647,0.19584703456509647,61652.36087504999,63520.61423489999,TP,0.4014815271294466,0.019584703456509648,0.019966409326877023,0.009787457999253329,0.009988198762818454,0.019775656762071783,0.3421547575839881,1.747051000000009,2 days 07:00:00
1h,VALIDATION,25,CLOSED,BTCUSDT,LONG,2024-10-07 00:00:00+00:00,2024-10-07 01:00:00+00:00,63677.98,63709.81899,2024-10-07 10:00:00+00:00,63072.720800099996,63041.18443969995,0.00031276994216977293,19.926516401149,0.19926516401149003,63072.720800099996,64984.0153698,SL,-0.1893068849504482,0.019926516401149,0.019717387611518946,0.009958279061042902,0.009863625618567174,0.019821904679610078,-0.24877269364272622,-1.2484504999999975,0 days 09:00:00
1h,VALIDATION,26,CLOSED,BTCUSDT,LONG,2024-10-07 14:00:00+00:00,2024-10-07 15:00:00+00:00,63991.89,64023.885944999995,2024-10-07 18:00:00+00:00,63383.647085549994,63351.95526200722,0.00030735391863874397,19.677992231675752,0.19677992231675753,63383.647085549994,65304.363663899996,SL,-0.18694584324045954,0.019677992231675753,0.019471471703204315,0.009834079076298225,0.009740606154678855,0.01957468523097708,-0.24566999240631668,-1.248450499999998,0 days 03:00:00
1h,VALIDATION,27,CLOSED,BTCUSDT,LONG,2024-10-11 17:00:00+00:00,2024-10-11 18:00:00+00:00,62918.0,62949.458999999995,2024-10-13 14:00:00+00:00,62319.96440999999,62288.804427794996,0.00030870110676943665,19.432567663837272,0.19432567663837272,62319.96440999999,64208.44818,SL,-0.18461424852051514,0.01943256766383727,0.019228622866205303,0.009711428117858252,0.00961912099359868,0.019330549111456933,-0.24260598816201465,-1.2484504999999995,1 days 20:00:00
1h,VALIDATION,28,CLOSED,BTCUSDT,LONG,2024-10-13 21:00:00+00:00,2024-10-13 22:00:00+00:00,62895.11,62926.557555,2024-10-14 03:00:00+00:00,64185.0887061,64152.99616174696,0.00030496192362861887,19.1902040392998,0.19190204039299802,62297.29197945,64185.0887061,TP,0.3933943876522135,0.019190204039299802,0.019564221116025755,0.009590306866216433,0.009787004060040823,0.019377310926257257,0.33526265157063073,1.7470510000000163,0 days 05:00:00
1h,VALIDATION,29,CLOSED,BTCUSDT,LONG,2024-10-14 03:00:00+00:00,2024-10-14 04:00:00+00:00,64300.0,64332.149999999994,2024-10-14 14:00:00+00:00,65618.79299999999,65585.98360349999,0.00030350504006389635,19.525131763146586,0.19525131763146586,63688.828499999996,65618.79299999999,TP,0.4002603223009832,0.019525131763146585,0.019905676581210317,0.009757687038052501,0.009957817199204981,0.019715504237257483,0.3411140097193688,1.7470509999999935,0 days 10:00:00
1h,VALIDATION,30,CLOSED,BTCUSDT,LONG,2024-10-14 14:00:00+00:00,2024-10-14 15:00:00+00:00,65922.0,65954.961,2024-10-15 05:00:00+00:00,65295.411389999994,65262.763684305,0.00030120410501993135,19.865904999629475,0.19865904999629475,65295.411389999994,67274.06022,SL,-0.18873106149073465,0.019865904999629477,0.019657412326658363,0.00992798850556066,0.009833622974815156,0.019761611480375814,-0.24801599029739832,-1.2484504999999957,0 days 14:00:00
1h,VALIDATION,31,CLOSED,BTCUSDT,LONG,2024-10-15 13:00:00+00:00,2024-10-15 14:00:00+00:00,67658.0,67691.829,2024-10-15 14:00:00+00:00,67014.91071,66981.403254645,0.00028981543367005426,19.618136777554156,0.19618136777554157,67014.91071,69045.66558,SL,-0.18637720146991832,0.019618136777554158,0.019412244432073723,0.009804166305623658,0.009710977704887278,0.019515144010510938,-0.24492272669005716,-1.248450499999992,0 days 00:00:00
1h,VALIDATION,32,CLOSED,BTCUSDT,LONG,2024-10-16 01:00:00+00:00,2024-10-16 02:00:00+00:00,67376.0,67409.688,2024-10-17 13:00:00+00:00,66735.59112,66702.22332444,0.00028739873011892204,19.373458728912738,0.19373458728912737,66735.59112,68757.88175999999,SL,-0.1840526988688819,0.01937345872891274,0.0191701342795528,0.009681888420244707,0.009589862070811705,0.01927175049105641,-0.24186804236840387,-1.2484504999999957,1 days 11:00:00
1h,VALIDATION,33,CLOSED,BTCUSDT,LONG,2024-10-17 15:00:00+00:00,2024-10-17 16:00:00+00:00,67590.67,67624.465335,2024-10-17 18:00:00+00:00,66948.22068165,66914.74657130918,0.00028291288098448503,19.131832312960288,0.1913183231296029,66948.22068165,68976.95464170001,SL,-0.18175718754091758,0.019131832312960288,0.018931043732835773,0.009561135588686516,0.009470256994912787,0.019031392583599302,-0.23885145617031292,-1.2484504999999928,0 days 02:00:00
1h,VALIDATION,34,CLOSED,BTCUSDT,LONG,2024-10-17 22:00:00+00:00,2024-10-17 23:00:00+00:00,67444.02,67477.74201,2024-10-18 15:00:00+00:00,68827.2968502,68792.88320177491,0.0002799918744588903,18.89321946963331,0.1889321946963331,66802.9645899,68827.2968502,TP,0.38730627818308655,0.018893219469633307,0.019261448317096464,0.009441888790420794,0.009635541929510777,0.019077430719931572,0.33007417967642516,1.747051000000009,0 days 16:00:00
1h,VALIDATION,35,CLOSED,BTCUSDT,LONG,2024-10-18 15:00:00+00:00,2024-10-18 16:00:00+00:00,68735.34,68769.70766999999,2024-10-19 16:00:00+00:00,68082.01059329999,68047.96958800334,0.00027952661944003425,19.22296390487449,0.1922296390487449,68082.01059329999,70145.1018234,SL,-0.182622960435617,0.01922296390487449,0.019021218898692835,0.009606678613128547,0.009515367132912091,0.019122045746040636,-0.23998918898522492,-1.248450499999999,1 days 00:00:00
1h,VALIDATION,36,CLOSED,BTCUSDT,LONG,2024-10-19 23:00:00+00:00,2024-10-20 00:00:00+00:00,68377.99,68412.178995,2024-10-21 13:00:00+00:00,67728.05720504999,67694.19317644747,0.0002774829678603898,18.98321446532882,0.1898321446532882,67728.05720504999,69780.42257489999,SL,-0.1803452808525283,0.018983214465328822,0.018783985629515193,0.00948686380076112,0.009396691160335927,0.018883554961097046,-0.23699603590846935,-1.2484504999999966,1 days 13:00:00
1h,VALIDATION,37,CLOSED,BTCUSDT,LONG,2024-10-24 13:00:00+00:00,2024-10-24 14:00:00+00:00,67906.0,67939.953,2024-10-25 07:00:00+00:00,67260.55347,67226.923193265,0.00027592682009504755,18.746455188696984,0.18746455188696984,67260.55347,69298.75206,SL,-0.178096008564283,0.018746455188696984,0.01854971114149161,0.009368543322685512,0.00927949531840471,0.01864803864109022,-0.23404021353556181,-1.2484504999999912,0 days 17:00:00
1h,VALIDATION,38,CLOSED,BTCUSDT,LONG,2024-10-25 13:00:00+00:00,2024-10-25 14:00:00+00:00,68334.01,68368.17700499999,2024-10-25 15:00:00+00:00,67684.49523495,67650.65298733252,0.0002707787393572694,18.512648781568554,0.18512648781568555,67684.49523495,69735.5405451,SL,-0.1758747892741721,0.018512648781568556,0.01831835853260599,0.009251698541512357,0.009163761146876337,0.018415459688388695,-0.23112125627673535,-1.2484504999999937,0 days 01:00:00
1h,VALIDATION,39,CLOSED,BTCUSDT,LONG,2024-10-27 15:00:00+00:00,2024-10-27 16:00:00+00:00,67792.0,67825.896,2024-10-28 13:00:00+00:00,69182.41391999999,69147.82271303999,0.0002695395047292516,18.281758415657727,0.18281758415657728,67147.63703999999,69182.41391999999,TP,0.3747714793654551,0.018281758415657726,0.018638069887178893,0.009136311052300925,0.009323696791985907,0.018460007844286832,0.3193916432183316,1.747050999999995,0 days 21:00:00
1h,VALIDATION,40,CLOSED,BTCUSDT,LONG,2024-10-28 19:00:00+00:00,2024-10-28 20:00:00+00:00,69629.99,69664.804995,2024-10-29 02:00:00+00:00,71058.1010949,71022.57204435256,0.0002670047090154123,18.600830986305414,0.18600830986305414,68968.15694505,71058.1010949,TP,0.3813123873354562,0.018600830986305415,0.01896336118222851,0.009295767609346261,0.009486423803013204,0.018782191412359463,0.32496600375456275,1.7470510000000223,0 days 06:00:00
1h,VALIDATION,41,CLOSED,BTCUSDT,LONG,2024-10-29 02:00:00+00:00,2024-10-29 03:00:00+00:00,71190.05,71225.645025,2024-10-29 16:00:00+00:00,72650.15792550001,72613.83284653726,0.0002657114911638188,18.925472348697582,0.18925472348697583,70513.38857475,72650.15792550001,TP,0.38796745414471706,0.018925472348697583,0.0192943298047737,0.009458007170764034,0.009651990897835527,0.01910999806859956,0.33063765392264627,1.7470510000000088,0 days 13:00:00
1h,VALIDATION,42,CLOSED,BTCUSDT,LONG,2024-10-29 16:00:00+00:00,2024-10-29 17:00:00+00:00,72739.43,72775.79971499999,2024-10-29 20:00:00+00:00,72048.04171784999,72012.01769699107,0.00026459042388653827,19.255779695273656,0.19255779695273656,72048.04171784999,74231.31570929999,SL,-0.18293471864425428,0.019255779695273655,0.019053690287371763,0.009623078308480856,0.009531610949160172,0.01915468925764103,-0.24039887788454073,-1.2484504999999912,0 days 03:00:00
1h,VALIDATION,43,CLOSED,BTCUSDT,LONG,2024-10-30 20:00:00+00:00,2024-10-30 21:00:00+00:00,72857.14,72893.56856999999,2024-10-30 21:00:00+00:00,72164.6328843,72128.55056785785,0.0002608682953674782,19.01562097610828,0.1901562097610828,72164.6328843,74351.43994139999,SL,-0.18065315080250946,0.01901562097610828,0.018816052033964026,0.009503058958572017,0.009412732383172397,0.018915791341744412,-0.2374006151543262,-1.2484504999999868,0 days 00:00:00
1h,VALIDATION,44,CLOSED,BTCUSDT,LONG,2024-10-30 21:00:00+00:00,2024-10-30 22:00:00+00:00,72388.1,72424.29405,2024-10-31 13:00:00+00:00,71700.0511095,71664.20108394526,0.0002592839567264744,18.778457524405656,0.18778457524405656,71700.0511095,73872.779931,SL,-0.1784000387501031,0.018778457524405656,0.018581377612687022,0.009384536493953507,0.009295336474578354,0.01867987296853186,-0.23443974685572766,-1.2484504999999873,0 days 15:00:00
1h,VALIDATION,45,CLOSED,BTCUSDT,LONG,2024-11-05 14:00:00+00:00,2024-11-05 15:00:00+00:00,69964.01,69998.992005,2024-11-05 15:00:00+00:00,69299.00208494999,69264.35258390752,0.0002649217003262938,18.544251983091243,0.18544251983091242,69299.00208494999,71398.9718451,SL,-0.17617502758549208,0.018544251983091245,0.0183496300585287,0.009267492245422388,0.009179404731628746,0.018446896977051132,-0.23151580660416315,-1.2484505000000035,0 days 00:00:00
1h,VALIDATION,46,CLOSED,BTCUSDT,LONG,2024-11-06 00:00:00+00:00,2024-11-06 01:00:00+00:00,71096.03,71131.57801499999,2024-11-06 02:00:00+00:00,72554.20957529999,72517.93247051234,0.0002574520061560758,18.312967461009162,0.18312967461009164,70420.26223484999,72554.20957529999,TP,0.3754112569967969,0.01831296746100916,0.01866988719682423,0.00915190777661448,0.009339613405113368,0.01849152118172785,0.3199368811572357,1.7470510000000026,0 days 01:00:00
1h,VALIDATION,47,CLOSED,BTCUSDT,LONG,2024-11-06 02:00:00+00:00,2024-11-06 03:00:00+00:00,73077.05,73113.588525,2024-11-06 03:00:00+00:00,74575.8602955,74538.57236535224,0.0002548443470057744,18.632584724902504,0.18632584724902504,72382.45263975,74575.8602955,TP,0.38196333104222724,0.018632584724902503,0.01899573380119085,0.009311636544178218,0.00950261820970065,0.018814254753878868,0.32552075776225503,1.7470509999999924,0 days 00:00:00
1h,VALIDATION,48,CLOSED,BTCUSDT,LONG,2024-11-06 03:00:00+00:00,2024-11-06 04:00:00+00:00,74348.53,74385.704265,2024-11-06 05:00:00+00:00,73641.84722235,73605.02629873883,0.0002548578449908229,18.957780287102562,0.18957780287102563,73641.84722235,75873.4183503,SL,-0.18010364980400773,0.01895778028710256,0.018758818382989425,0.009474153067016293,0.009384101242115125,0.01885825430913142,-0.23667850278323116,-1.2484504999999884,0 days 01:00:00
1h,VALIDATION,49,CLOSED,BTCUSDT,LONG,2024-11-06 11:00:00+00:00,2024-11-06 12:00:00+00:00,74272.0,74309.136,2024-11-06 14:00:00+00:00,73566.04464,73529.26161768,0.0002519385802895092,18.72133822638006,0.1872133822638006,73566.04464,75795.31872,SL,-0.1778573911461712,0.018721338226380058,0.018524857781694198,0.009355991117630863,0.009267062422058096,0.01862305353968896,-0.2337266406939344,-1.2484505000000075,0 days 02:00:00
1h,VALIDATION,50,CLOSED,BTCUSDT,LONG,2024-11-06 18:00:00+00:00,2024-11-06 19:00:00+00:00,75229.99,75267.604995,2024-11-07 06:00:00+00:00,74514.92894505001,74477.67148057748,0.00024562818333414237,18.48784507883367,0.1848784507883367,74514.92894505001,76772.9570949,SL,-0.17563914790036333,0.018487845078833668,0.01829381514473131,0.009239302887971932,0.009151483314022565,0.018390786201994497,-0.2308115943259228,-1.2484504999999917,0 days 11:00:00
1h,VALIDATION,51,CLOSED,BTCUSDT,LONG,2024-11-07 15:00:00+00:00,2024-11-07 16:00:00+00:00,76059.68,76097.70984,2024-11-10 04:00:00+00:00,77619.6640368,77580.8542047816,0.0002399187058836338,18.257264065521063,0.18257264065521064,75336.73274159999,77619.6640368,TP,0.37426935130818306,0.018257264065521063,0.018613098142158068,0.009124069997762342,0.009311204673413974,0.018435274671176317,0.3189637144293276,1.7470510000000063,2 days 12:00:00
1h,VALIDATION,52,CLOSED,BTCUSDT,LONG,2024-11-10 04:00:00+00:00,2024-11-10 05:00:00+00:00,79122.02,79161.58101,2024-11-10 18:00:00+00:00,80744.8126302,80704.4402238849,0.00023465813716548248,18.57590913488103,0.1857590913488103,78369.96519989999,80744.8126302,TP,0.38080149560860516,0.01857590913488103,0.018937953603919866,0.009283312910982758,0.009473713658789826,0.018757026569772586,0.32453060630003167,1.7470510000000068,0 days 13:00:00
1h,VALIDATION,53,CLOSED,BTCUSDT,LONG,2024-11-10 18:00:00+00:00,2024-11-10 19:00:00+00:00,80538.04,80578.30901999999,2024-11-10 19:00:00+00:00,79772.52592979999,79732.6396668351,0.0002345558719790217,18.90011553478117,0.1890011553478117,79772.52592979999,82189.87520039998,SL,-0.1795558202479725,0.01890011553478117,0.01870175882224364,0.009445335099838895,0.009355557189715232,0.018800892289554127,-0.23595858689455143,-1.2484504999999906,0 days 00:00:00
1h,VALIDATION,54,CLOSED,BTCUSDT,LONG,2024-11-11 10:00:00+00:00,2024-11-11 11:00:00+00:00,81984.19,82025.182095,2024-11-11 15:00:00+00:00,83665.68573689999,83623.85289403154,0.00022754466608966386,18.664392670750647,0.18664392670750649,81204.93027405,83665.68573689999,TP,0.3826153859841014,0.018664392670750648,0.01902816168390358,0.009327532569089449,0.009518840262082192,0.01884637283117164,0.32607645879827546,1.7470509999999975,0 days 04:00:00
1h,VALIDATION,55,CLOSED,BTCUSDT,LONG,2024-11-11 15:00:00+00:00,2024-11-11 16:00:00+00:00,84059.53,84101.559765,2024-11-11 18:00:00+00:00,85783.5909603,85740.69916481986,0.00022580013298093246,18.990143378840838,0.18990143378840837,83260.54416735,85783.5909603,TP,0.3892931941029752,0.018990143378840838,0.01936026127329445,0.009490326526157186,0.009684973123207388,0.019175299649364576,0.33176748980147536,1.7470510000000143,0 days 02:00:00
1h,VALIDATION,56,CLOSED,BTCUSDT,LONG,2024-11-11 18:00:00+00:00,2024-11-11 19:00:00+00:00,85831.99,85874.905995,2024-11-11 21:00:00+00:00,87592.4041149,87548.60791284255,0.0002249968044647822,19.321579432588567,0.19321579432588568,85016.15693504999,87592.4041149,TP,0.39608755038719606,0.019321579432588568,0.01969815701572972,0.009655961735423976,0.009854005510619874,0.019509967246043848,0.3375578466928339,1.7470510000000052,0 days 02:00:00
1h,VALIDATION,57,CLOSED,BTCUSDT,LONG,2024-11-11 21:00:00+00:00,2024-11-11 22:00:00+00:00,87900.0,87943.95,2024-11-11 22:00:00+00:00,87064.51049999999,87020.97824474999,0.00022353783357076116,19.65880005865534,0.19658800058655343,87064.51049999999,89702.829,SL,-0.18676351280112083,0.01965880005865534,0.01945248095203975,0.009824487785434302,0.00973110602903443,0.01955559381446873,-0.24543038762628464,-1.2484505000000088,0 days 00:00:00
1h,VALIDATION,58,CLOSED,BTCUSDT,LONG,2024-11-11 23:00:00+00:00,2024-11-12 00:00:00+00:00,88648.0,88692.324,2024-11-12 00:00:00+00:00,87805.40075999999,87761.49805961999,0.00021888720444659317,19.41361485623148,0.1941361485623148,87805.40075999999,90466.17048,SL,-0.18443419211242632,0.01941361485623148,0.019209868968315332,0.009701956449889318,0.00960973935383462,0.01931169580372394,-0.24236937174069706,-1.2484505000000046,0 days 00:00:00
1h,VALIDATION,59,CLOSED,BTCUSDT,LONG,2024-11-12 06:00:00+00:00,2024-11-12 07:00:00+00:00,89545.46,89590.23273,2024-11-12 09:00:00+00:00,88694.3304027,88649.98323749866,0.00021399082274418021,19.171487611735284,0.19171487611735283,88694.3304027,91382.0373846,SL,-0.18213392278815166,0.019171487611735285,0.018970282849250123,0.009580953329202387,0.009489886367806722,0.01907083969700911,-0.2393465329461462,-1.2484504999999948,0 days 02:00:00
1h,VALIDATION,60,CLOSED,BTCUSDT,LONG,2024-11-12 20:00:00+00:00,2024-11-12 21:00:00+00:00,89472.01,89516.746005,2024-11-12 21:00:00+00:00,88621.57854495,88577.26775567753,0.00021149540204641918,18.93238018621466,0.18932380186214662,88621.57854495,91307.08092509999,SL,-0.17986234249872068,0.01893238018621466,0.01873368485616034,0.009461459363425373,0.009371528192174275,0.01883298755559965,-0.23636139509669532,-1.2484504999999866,0 days 00:00:00
1h,VALIDATION,61,CLOSED,BTCUSDT,LONG,2024-11-13 13:00:00+00:00,2024-11-13 14:00:00+00:00,89152.0,89196.576,2024-11-13 14:00:00+00:00,90980.50752,90935.01726624,0.00020960731627621887,18.696254916387794,0.18696254916387794,88304.61024,90980.50752,TP,0.3832685540580844,0.018696254916387794,0.019060644924708194,0.009343455730328928,0.009535090007357602,0.01887854573768653,0.3266331084793019,1.7470509999999986,0 days 00:00:00
1h,VALIDATION,62,CLOSED,BTCUSDT,LONG,2024-11-13 14:00:00+00:00,2024-11-13 15:00:00+00:00,91508.0,91553.754,2024-11-13 15:00:00+00:00,90638.21646,90592.89735177,0.0002077747867997354,19.022561718065422,0.19022561718065423,90638.21646,93384.82908,SL,-0.18071908958541996,0.019022561718065423,0.018822919932834328,0.009506527595235263,0.009416168050440113,0.018922695645675378,-0.2374872668819951,-1.2484504999999932,0 days 00:00:00
1h,VALIDATION,63,CLOSED,BTCUSDT,LONG,2024-11-13 15:00:00+00:00,2024-11-13 16:00:00+00:00,92540.0,92586.26999999999,2024-11-13 16:00:00+00:00,91660.40729999999,91614.57709635,0.00020289522087022513,18.785311701200296,0.18785311701200297,91660.40729999999,94437.99539999999,SL,-0.17846515514233938,0.018785311701200298,0.018588159854896202,0.00938796186966319,0.009298729292093211,0.018686691161756402,-0.23452531786019226,-1.2484504999999928,0 days 00:00:00
1h,VALIDATION,64,CLOSED,BTCUSDT,LONG,2024-11-13 16:00:00+00:00,2024-11-13 17:00:00+00:00,92256.01,92302.13800499999,2024-11-13 19:00:00+00:00,91379.11662494998,91333.42706663751,0.00020098148401895128,18.551020674366942,0.18551020674366941,91379.11662494998,94148.18076509998,SL,-0.17623933184393875,0.018551020674366942,0.01835632771238946,0.009270874899731874,0.009182755233810931,0.018453630133542807,-0.23160031036423798,-1.2484505000000028,0 days 02:00:00
1h,VALIDATION,65,CLOSED,BTCUSDT,LONG,2024-11-14 07:00:00+00:00,2024-11-14 08:00:00+00:00,90769.42,90814.80471,2024-11-14 14:00:00+00:00,89906.6566629,89861.70333456855,0.00020172538818361707,18.319651732944124,0.18319651732944123,89906.6566629,92631.1008042,SL,-0.17404126908708986,0.018319651732944125,0.018127386988006877,0.009155248242350575,0.009068227607807788,0.018223475850158363,-0.2287117836581992,-1.248450499999998,0 days 06:00:00
1h,VALIDATION,66,CLOSED,BTCUSDT,LONG,2024-11-15 11:00:00+00:00,2024-11-15 12:00:00+00:00,89741.24,89786.11062,2024-11-15 14:00:00+00:00,88888.24951380001,88843.80538904312,0.0002014918377426235,18.091168432586286,0.18091168432586288,88888.24951380001,91581.8328324,SL,-0.17187062064141126,0.018091168432586287,0.017901301619886293,0.00904106368445122,0.008955128374128242,0.017996192058579462,-0.2258592827524633,-1.2484504999999868,0 days 02:00:00
1h,VALIDATION,67,CLOSED,BTCUSDT,LONG,2024-11-15 19:00:00+00:00,2024-11-15 20:00:00+00:00,90377.89,90423.078945,2024-11-17 02:00:00+00:00,89518.84815555,89474.08873147223,0.00019757715609694808,17.865534783482925,0.17865534783482925,89518.84815555,92231.5405239,SL,-0.16972704459470697,0.017865534783482927,0.017678035995930274,0.008928303240121737,0.008843439717822848,0.017771742957944585,-0.22304235833206473,-1.2484504999999901,1 days 06:00:00
1h,VALIDATION,68,CLOSED,BTCUSDT,LONG,2024-11-17 08:00:00+00:00,2024-11-17 09:00:00+00:00,90985.11,91030.60255499999,2024-11-17 14:00:00+00:00,90120.29652944999,90075.23638118527,0.00019381081470959242,17.642715244689654,0.17642715244689655,90120.29652944999,92851.2146061,SL,-0.167610203299128,0.017642715244689654,0.01745755494819664,0.008816949147768966,0.008733144046120024,0.01755009319388899,-0.22026056668590333,-1.2484504999999948,0 days 05:00:00
1h,VALIDATION,69,CLOSED,BTCUSDT,LONG,2024-11-18 06:00:00+00:00,2024-11-18 07:00:00+00:00,92061.84,92107.87091999999,2024-11-18 11:00:00+00:00,91186.79221079999,91141.1988146946,0.0001891551128530842,17.422674718529912,0.17422674718529912,91186.79221079999,93950.02833839999,SL,-0.16551976331796886,0.017422674718529912,0.01723982374735894,0.008706983867329427,0.008624223985671569,0.017331207853000997,-0.2175134696368587,-1.2484504999999908,0 days 04:00:00
1h,VALIDATION,70,CLOSED,BTCUSDT,LONG,2024-11-18 15:00:00+00:00,2024-11-18 16:00:00+00:00,92309.51,92355.66475499999,2024-11-18 16:00:00+00:00,91432.10810745,91386.39205339628,0.00018629478322427476,17.205378545066516,0.17205378545066516,91432.10810745,94202.7780501,SL,-0.16345539537317041,0.017205378545066517,0.017024808097236048,0.008598390077493754,0.0085166623798061,0.017115052457299853,-0.2148006344727728,-1.2484504999999835,0 days 00:00:00
1h,VALIDATION,71,CLOSED,BTCUSDT,LONG,2024-11-19 12:00:00+00:00,2024-11-19 13:00:00+00:00,92467.99,92514.223995,2024-11-19 13:00:00+00:00,91589.08175504999,91543.28721417247,0.00018365600188745518,16.990792496642168,0.16990792496642168,91589.08175504999,94364.5084749,SL,-0.16141677429343948,0.01699079249664217,0.01681247412938991,0.008491150672982348,0.008410442285838194,0.016901592958820544,-0.2121216338782921,-1.2484505000000028,0 days 00:00:00
1h,VALIDATION,72,CLOSED,BTCUSDT,LONG,2024-11-19 17:00:00+00:00,2024-11-19 18:00:00+00:00,92853.75,92900.17687499999,2024-11-19 21:00:00+00:00,91971.17510624998,91925.18951869686,0.00018061195723087295,16.77888277248803,0.1677888277248803,91971.17510624998,94758.18041249999,SL,-0.1594035789630204,0.01677888277248803,0.01660278839779077,0.008385248761861298,0.008305546972380881,0.01669079573424218,-0.2094760458675414,-1.2484505000000043,0 days 03:00:00
1h,VALIDATION,73,CLOSED,BTCUSDT,LONG,2024-11-20 05:00:00+00:00,2024-11-20 06:00:00+00:00,92505.47,92551.722735,2024-11-20 13:00:00+00:00,94402.7571897,94355.55581110515,0.0001790308759658938,16.56961599339958,0.1656961599339958,91626.20550765,94402.7571897,TP,0.33967298753086,0.01656961599339958,0.016892557809110937,0.008280667662868687,0.008450504156633986,0.016731171819502674,0.28947964190884684,1.7470509999999972,0 days 07:00:00
1h,VALIDATION,74,CLOSED,BTCUSDT,LONG,2024-11-20 13:00:00+00:00,2024-11-20 14:00:00+00:00,94382.87,94430.061435,2024-11-20 16:00:00+00:00,93485.76082065,93439.01794023968,0.0001785321982074698,16.85880644485697,0.16858806444856972,93485.76082065,96318.6626637,SL,-0.1601628738214538,0.01685880644485697,0.016681873271218197,0.008425190627115041,0.008345109190204307,0.016770299817319347,-0.2104738533548483,-1.2484504999999952,0 days 02:00:00
1h,VALIDATION,75,CLOSED,BTCUSDT,LONG,2024-11-20 16:00:00+00:00,2024-11-20 17:00:00+00:00,94048.0,94095.02399999999,2024-11-20 18:00:00+00:00,93154.07375999998,93107.49672311998,0.00017693329729202143,16.64854285509189,0.1664854285509189,93154.07375999998,95976.92447999999,SL,-0.1581653171790616,0.01664854285509189,0.016473816397827697,0.008320111371858306,0.008241028713270553,0.016561140085128857,-0.20784881651711,-1.2484505000000061,0 days 01:00:00
1h,VALIDATION,76,CLOSED,BTCUSDT,LONG,2024-11-21 00:00:00+00:00,2024-11-21 01:00:00+00:00,94709.62,94756.97480999999,2024-11-21 04:00:00+00:00,96652.11430619999,96603.78824904689,0.0001735059789816661,16.44090167975012,0.1644090167975012,93809.40506189999,96652.11430619999,TP,0.3370343762635423,0.016440901679750118,0.016761334853488453,0.008216342668539024,0.008384859856672406,0.016601202525211432,0.28723093720509235,1.7470510000000066,0 days 03:00:00
1h,VALIDATION,77,CLOSED,BTCUSDT,LONG,2024-11-21 04:00:00+00:00,2024-11-21 05:00:00+00:00,97554.22,97602.99711,2024-11-21 14:00:00+00:00,96626.9671389,96578.65365533055,0.00017138659844747882,16.727845672962005,0.16727845672962005,96626.9671389,99555.0570522,SL,-0.15891871376462183,0.016727845672962004,0.01655228693262427,0.008359742964997722,0.008280283608116348,0.016640026573114072,-0.20883887294332215,-1.248450499999998,0 days 09:00:00
1h,VALIDATION,78,CLOSED,BTCUSDT,LONG,2024-11-22 03:00:00+00:00,2024-11-22 04:00:00+00:00,98836.49,98885.908245,2024-11-22 13:00:00+00:00,97897.04916255,97848.10063796873,0.00016705328113418677,16.519215430261383,0.16519215430261383,97897.04916255,100863.6264099,SL,-0.1569366743274716,0.016519215430261382,0.01634584626432079,0.00825547997514203,0.008177011637978286,0.016432491613120315,-0.2062342276351741,-1.2484504999999921,0 days 09:00:00
1h,VALIDATION,79,CLOSED,BTCUSDT,LONG,2024-11-23 12:00:00+00:00,2024-11-23 13:00:00+00:00,98598.74,98648.03937,2024-11-23 16:00:00+00:00,97661.5589763,97612.72819681186,0.00016536757684194455,16.313187230825648,0.1631318723082565,97661.5589763,100621.0001574,SL,-0.15497935495152246,0.016313187230825647,0.016141980330838135,0.008152517356733358,0.008075027679257083,0.016227545035990443,-0.20366206754917668,-1.248450499999986,0 days 03:00:00
1h,VALIDATION,80,CLOSED,BTCUSDT,LONG,2024-11-24 01:00:00+00:00,2024-11-24 02:00:00+00:00,98182.4,98231.49119999999,2024-11-24 11:00:00+00:00,97249.17628799999,97200.55169985599,0.00016399759817435625,16.10972862188541,0.1610972862188541,97249.17628799999,100196.121024,SL,-0.1530464473273582,0.01610972862188541,0.015940657019998722,0.008050838891496185,0.007974315667832826,0.016025154559329013,-0.20112198752857136,-1.248450499999999,0 days 09:00:00
1h,VALIDATION,81,CLOSED,BTCUSDT,LONG,2024-11-25 09:00:00+00:00,2024-11-25 10:00:00+00:00,98492.95,98542.19647499999,2024-11-25 13:00:00+00:00,97556.77451024999,97507.99612299487,0.00016144157654796485,15.908807555423303,0.15908807555423304,97556.77451024999,100513.04040449999,SL,-0.1511376469908042,0.015908807555423305,0.015741844620129137,0.007950428563428749,0.007874859739934157,0.015825288303362904,-0.19861358746971958,-1.2484504999999972,0 days 03:00:00
1h,VALIDATION,82,CLOSED,BTCUSDT,LONG,2024-11-27 19:00:00+00:00,2024-11-27 20:00:00+00:00,96627.99,96676.303995,2024-11-28 02:00:00+00:00,95709.54095504999,95661.68618457246,0.00016250509932546044,15.710392383125882,0.15710392383125882,95709.54095504999,98609.83007489999,SL,-0.14925265327497653,0.015710392383125882,0.015545511815064975,0.007851270556283096,0.007776644229647551,0.015627914785930647,-0.19613647225909803,-1.2484505000000066,0 days 06:00:00
1h,VALIDATION,83,CLOSED,BTCUSDT,LONG,2024-11-28 22:00:00+00:00,2024-11-28 23:00:00+00:00,95651.78,95699.60588999999,2024-11-29 14:00:00+00:00,97613.5980078,97564.7912087961,0.0001621161519644218,15.514451851398515,0.15514451851398517,94742.6098311,97613.5980078,TP,0.31804238627904413,0.015514451851398516,0.015816828517982273,0.007753349251072553,0.007912370444212927,0.01566571969528548,0.27104538621437785,1.74705100000001,0 days 15:00:00
1h,VALIDATION,84,CLOSED,BTCUSDT,LONG,2024-11-29 14:00:00+00:00,2024-11-29 15:00:00+00:00,98002.01,98051.011005,2024-11-29 17:00:00+00:00,97070.50089494999,97021.96564450252,0.0001609899408604399,15.78522646300129,0.1578522646300129,97070.50089494999,100012.0312251,SL,-0.1499635957329616,0.01578522646300129,0.015619560511272093,0.00788866889705184,0.007813687099185191,0.01570235599623703,-0.19707073870347203,-1.2484505000000008,0 days 02:00:00
1h,VALIDATION,85,CLOSED,BTCUSDT,LONG,2024-11-30 19:00:00+00:00,2024-11-30 20:00:00+00:00,97019.69,97068.199845,2024-12-01 01:00:00+00:00,96097.51784654999,96049.46908762673,0.00016059175531280465,15.588352598162661,0.1558835259816266,96097.51784654999,99009.5638419,SL,-0.1480932448231262,0.015588352598162662,0.015424752837644946,0.0077902811585009914,0.007716234536088955,0.015506515694589947,-0.19461286595352373,-1.2484504999999935,0 days 05:00:00
1h,VALIDATION,86,CLOSED,BTCUSDT,LONG,2024-12-01 08:00:00+00:00,2024-12-01 09:00:00+00:00,97048.0,97096.52399999999,2024-12-02 04:00:00+00:00,96125.55875999999,96077.49598061999,0.00015854258748394172,15.393934150656644,0.15393934150656644,96125.55875999999,99038.45447999999,SL,-0.146246220991498,0.015393934150656645,0.015232374811745504,0.007693120515069256,0.007619997404574093,0.015313117919643349,-0.1921856478735435,-1.2484504999999992,0 days 19:00:00
1h,VALIDATION,87,CLOSED,BTCUSDT,LONG,2024-12-04 09:00:00+00:00,2024-12-04 10:00:00+00:00,96815.78,96864.18788999999,2024-12-04 12:00:00+00:00,95895.54601109998,95847.59823809443,0.00015694077272088223,15.201940496437322,0.15201940496437322,95895.54601109998,98801.47164779999,SL,-0.14442223330198797,0.015201940496437322,0.015042396130927211,0.007597171662385533,0.007524960545736699,0.015122132208122231,-0.18978870213747473,-1.2484505000000032,0 days 02:00:00
1h,VALIDATION,88,CLOSED,BTCUSDT,LONG,2024-12-04 19:00:00+00:00,2024-12-04 20:00:00+00:00,97209.64,97258.24481999999,2024-12-05 02:00:00+00:00,99203.4097164,99153.8080115418,0.00015435546283183363,15.012341393402885,0.15012341393402884,96285.66237179999,99203.4097164,TP,0.3077492473550154,0.015012341393402885,0.015304931927160308,0.007502419486956914,0.007656294110635443,0.015158713597592357,0.26227326043685983,1.7470510000000055,0 days 06:00:00
1h,VALIDATION,89,CLOSED,BTCUSDT,LONG,2024-12-05 02:00:00+00:00,2024-12-05 03:00:00+00:00,101248.19,101298.814095,2024-12-05 03:00:00+00:00,103324.7903769,103273.12798171156,0.000150785108187604,15.274352642590559,0.15274352642590558,100285.82595405,103324.7903769,TP,0.31312041249328487,0.015274352642590559,0.01557204977559465,0.007633359641473327,0.007789919847719587,0.015423279489192913,0.2668507305859067,1.7470510000000126,0 days 00:00:00
1h,VALIDATION,90,CLOSED,BTCUSDT,LONG,2024-12-05 03:00:00+00:00,2024-12-05 04:00:00+00:00,102964.0,103015.48199999999,2024-12-05 05:00:00+00:00,101985.32718,101934.33451641,0.00015086020554687138,15.540936789030027,0.15540936789030027,101985.32718,105075.79164,SL,-0.1476427827883373,0.015540936789030027,0.01537783465742916,0.007766585101962382,0.007692763710568373,0.015459348812530756,-0.19402090304732728,-1.2484504999999868,0 days 01:00:00
1h,VALIDATION,91,CLOSED,BTCUSDT,LONG,2024-12-05 14:00:00+00:00,2024-12-05 15:00:00+00:00,103508.0,103559.754,2024-12-05 15:00:00+00:00,102524.15646,102472.89438177,0.00014819569495171526,15.347109713058675,0.15347109713058676,102524.15646,105630.94908,SL,-0.14580137713405592,0.015347109713058676,0.015186041796620125,0.007669719996531192,0.007596819307962971,0.015266539304494163,-0.19160106794822887,-1.2484504999999952,0 days 00:00:00
1h,VALIDATION,92,CLOSED,BTCUSDT,LONG,2024-12-06 16:00:00+00:00,2024-12-06 17:00:00+00:00,99004.06,99053.56202999999,2024-12-06 17:00:00+00:00,101034.63327059998,100984.11595396469,0.0001530050988997103,15.155700054768738,0.1515570005476874,98063.02640969999,101034.63327059998,TP,0.3106880640912587,0.01515570005476874,0.015451084648836181,0.007574062995884703,0.007729407027930623,0.015303470023815326,0.2647778093638385,1.7470510000000046,0 days 00:00:00
1h,VALIDATION,93,CLOSED,BTCUSDT,LONG,2024-12-06 17:00:00+00:00,2024-12-06 18:00:00+00:00,100844.06,100894.48203,2024-12-06 23:00:00+00:00,99885.53720969999,99835.59444109515,0.0001528350514377135,15.42021335083651,0.15420213350836512,99885.53720969999,102912.3716706,SL,-0.14649587995972194,0.015420213350836511,0.015258378211719482,0.007706253548644169,0.007633005608663137,0.015339259157307307,-0.19251373067958524,-1.2484505000000004,0 days 05:00:00
1h,VALIDATION,94,CLOSED,BTCUSDT,LONG,2024-12-07 15:00:00+00:00,2024-12-07 16:00:00+00:00,99756.0,99805.878,2024-12-08 09:00:00+00:00,98807.81921999999,98758.41531039,0.00015257510125371774,15.227891941566199,0.152278919415662,98807.81921999999,101801.99556,SL,-0.14466877851533055,0.015227891941566199,0.015068075215639463,0.007610140900332471,0.0075378065110734,0.015147947411405871,-0.19011269308394207,-1.2484504999999944,0 days 17:00:00
1h,VALIDATION,95,CLOSED,BTCUSDT,LONG,2024-12-08 12:00:00+00:00,2024-12-08 13:00:00+00:00,99922.49,99972.451245,2024-12-09 03:00:00+00:00,98972.72673255,98923.24036918372,0.00015042113086133493,15.037969171252572,0.15037969171252571,98972.72673255,101971.90026990001,SL,-0.14286446474038633,0.015037969171252571,0.014880145684800276,0.007515226972140005,0.007443794739770072,0.014959021711910075,-0.18774160130834927,-1.2484505000000046,0 days 14:00:00
1h,VALIDATION,96,CLOSED,BTCUSDT,LONG,2024-12-11 14:00:00+00:00,2024-12-11 15:00:00+00:00,99515.99,99565.747995,2024-12-11 20:00:00+00:00,101557.0629549,101506.28442342256,0.000149151846122195,14.850415123991485,0.14850415123991487,98570.09051505,101557.0629549,TP,0.30442979929341796,0.014850415123991486,0.015139849714758081,0.007421496813587853,0.007573711713233771,0.014995208526821624,0.2594443259278468,1.7470510000000152,0 days 05:00:00
1h,VALIDATION,97,CLOSED,BTCUSDT,LONG,2024-12-11 20:00:00+00:00,2024-12-11 21:00:00+00:00,101271.57,101322.205785,2024-12-12 11:00:00+00:00,100308.98372715,100258.82923528644,0.0001491242728848626,15.109600264778543,0.15109600264778542,100308.98372715,103348.6499007,SL,-0.14354497802770724,0.015109600264778544,0.014951025009999695,0.007551024620077935,0.0074792521310635485,0.015030276751141484,-0.18863588005362694,-1.2484504999999861,0 days 14:00:00
1h,VALIDATION,98,CLOSED,BTCUSDT,LONG,2024-12-12 14:00:00+00:00,2024-12-12 15:00:00+00:00,101702.04,101752.89101999998,2024-12-12 15:00:00+00:00,100735.36210979999,100684.99442874509,0.0001466410701709175,14.921152832157539,0.1492115283215754,100735.36210979999,103787.94884039999,SL,-0.14175468032949384,0.014921152832157539,0.014764555333184047,0.007456847992080871,0.0073859706519169835,0.014842818643997856,-0.18628320713883326,-1.2484504999999886,0 days 00:00:00
1h,VALIDATION,99,CLOSED,BTCUSDT,LONG,2024-12-12 15:00:00+00:00,2024-12-12 16:00:00+00:00,101797.14,101848.03856999999,2024-12-12 19:00:00+00:00,100829.55818429998,100779.14340520784,0.00014467687280989074,14.735055722128735,0.14735055722128734,100829.55818429998,103884.99934139999,SL,-0.1399867112831946,0.014735055722128736,0.014580411312324994,0.007363845938093915,0.007293852582452501,0.014657698520546415,-0.18395987683819473,-1.2484504999999995,0 days 03:00:00
1h,VALIDATION,100,CLOSED,BTCUSDT,LONG,2024-12-13 08:00:00+00:00,2024-12-13 09:00:00+00:00,100271.99,100322.125995,2024-12-14 01:00:00+00:00,102328.56851489999,102277.40423064254,0.00014504556673885187,14.551279621391277,0.14551279621391278,99318.90473504999,102328.56851489999,TP,0.2982975962366147,0.014551279621391277,0.014834884061212193,0.00727200380878974,0.007421152606909708,0.014693156415699448,0.2542182761383118,1.7470509999999952,0 days 16:00:00
1h,VALIDATION,101,CLOSED,BTCUSDT,LONG,2024-12-14 01:00:00+00:00,2024-12-14 02:00:00+00:00,102145.28,102196.35264,2024-12-14 13:00:00+00:00,101174.3891136,101123.80191904321,0.00014487057072742283,14.805243933217763,0.14805243933217763,101174.3891136,104240.2796928,SL,-0.14065351682682098,0.014805243933217764,0.014649862898138645,0.007398922505355987,0.00732859574694169,0.014727518252297678,-0.18483614191047507,-1.2484504999999881,0 days 11:00:00
1h,VALIDATION,102,CLOSED,BTCUSDT,LONG,2024-12-14 23:00:00+00:00,2024-12-15 00:00:00+00:00,101420.0,101470.70999999999,2024-12-15 23:00:00+00:00,103500.12419999999,103448.3741379,0.00014408682508280183,14.62059244279771,0.1462059244279771,100456.00289999999,103500.12419999999,TP,0.2997184917559018,0.01462059244279771,0.014905547789507837,0.007306642899947707,0.007456502145825773,0.01476314504577348,0.2554292064778228,1.7470510000000066,0 days 23:00:00
1h,VALIDATION,103,CLOSED,BTCUSDT,LONG,2024-12-15 23:00:00+00:00,2024-12-16 00:00:00+00:00,104463.99,104516.221995,2024-12-16 00:00:00+00:00,106606.5464349,106553.24316168255,0.00014232973782725075,14.875766475243088,0.14875766475243088,103471.05977505,106606.5464349,TP,0.3049494956594047,0.014875766475243088,0.015165695163845578,0.007434166154543509,0.007586640902373546,0.015020807056917055,0.259887226963399,1.7470509999999992,0 days 00:00:00
1h,VALIDATION,104,CLOSED,BTCUSDT,LONG,2024-12-16 00:00:00+00:00,2024-12-16 01:00:00+00:00,105444.95,105497.67247499998,2024-12-16 03:00:00+00:00,104442.69575024999,104390.47440237486,0.00014346661608286942,15.135394074607124,0.15135394074607125,104442.69575024999,107607.62592449998,SL,-0.14379002566630913,0.015135394074607124,0.014976548113794123,0.0075639150797619245,0.007492020066930077,0.015055935146692002,-0.18895790300140236,-1.2484504999999957,0 days 02:00:00
1h,VALIDATION,105,CLOSED,BTCUSDT,LONG,2024-12-16 14:00:00+00:00,2024-12-16 15:00:00+00:00,105487.01,105539.75350499999,2024-12-16 18:00:00+00:00,107650.5485751,107596.72330081245,0.000141620805851432,14.946624940739591,0.14946624940739592,104484.35596994999,107650.5485751,TP,0.30640207649632084,0.01494662494073959,0.015237934660834607,0.007469577681527797,0.007622778719776964,0.015092356401304761,0.2611251604934418,1.7470510000000092,0 days 03:00:00
1h,VALIDATION,106,CLOSED,BTCUSDT,LONG,2024-12-17 01:00:00+00:00,2024-12-17 02:00:00+00:00,106376.01,106429.19800499998,2024-12-17 22:00:00+00:00,105364.90602494999,105312.22357193752,0.00014288831938978248,15.207489236936837,0.1520748923693684,105364.90602494999,108557.78196509999,SL,-0.1444749477232239,0.015207489236936838,0.015047886637395187,0.007599944646143784,0.007527707172283343,0.015127651818427127,-0.18985797541598304,-1.2484504999999928,0 days 20:00:00
1h,VALIDATION,107,CLOSED,BTCUSDT,LONG,2024-12-24 16:00:00+00:00,2024-12-24 17:00:00+00:00,98496.23,98545.47811499999,2024-12-24 19:00:00+00:00,97560.02333385,97511.24332218307,0.0001523948253851137,15.017820929827966,0.15017820929827966,97560.02333385,100516.3876773,SL,-0.1426730514123086,0.015017820929827966,0.014860208899169424,0.007505157885970217,0.007433821360264709,0.014938979246234926,-0.18749006048754088,-1.2484504999999932,0 days 02:00:00
1h,VALIDATION,108,CLOSED,BTCUSDT,LONG,2024-12-25 19:00:00+00:00,2024-12-25 20:00:00+00:00,99018.52,99068.02926,2024-12-26 05:00:00+00:00,98077.3489674,98028.3102929163,0.0001497003451353218,14.83051817209816,0.1483051817209816,98077.3489674,101049.3898452,SL,-0.14089362841158765,0.01483051817209816,0.01467487188388199,0.007411553309393129,0.007341106495188809,0.014752659804581937,-0.18515167827214973,-1.248450499999996,0 days 09:00:00
1h,VALIDATION,109,CLOSED,BTCUSDT,LONG,2024-12-31 14:00:00+00:00,2024-12-31 15:00:00+00:00,95679.17,95727.00958499999,2024-12-31 16:00:00+00:00,94769.73948914999,94722.35461940542,0.0001529928859579926,14.64555146053757,0.1464555146053757,94769.73948914999,97641.54977669999,SL,-0.13913639843319486,0.01464555146053757,0.014491846397959229,0.007319116172181815,0.007249547972964512,0.014568664145146328,-0.18284246043683797,-1.2484504999999957,0 days 01:00:00
