investigation,regime,month,horizon,n,median_forward_return,mean_forward_return,mfe_median,mae_median,p_plus_1R_before_minus_1R,p_minus_1R_before_plus_1R,p_neither,future_vol_median
06_mean_reversion,ALL,2024-01,1h,8879,4.517988518859539e-05,2.124765258139537e-05,0.002436590629568691,0.0025849353161649935,0.06160603671584638,0.06994030859331006,0.8684536546908436,0.006044419303772644
06_mean_reversion,ALL,2024-01,4h,8879,0.00010970119415509849,4.231866353943963e-05,0.004969630310632134,0.0055054863312613556,0.22795359837819573,0.2545331681495664,0.5175132334722379,0.012988063661384148
06_mean_reversion,ALL,2024-01,12h,8879,0.00016819784970056872,4.586004963755207e-05,0.009669893447409983,0.011107498180053299,0.37673161392048654,0.4631152156774411,0.1601531704020723,0.024114561654695024
06_mean_reversion,ALL,2024-02,1h,8352,0.00017945023415866235,0.0005433406629831935,0.0022698596686994144,0.0020405115673953755,0.06297892720306514,0.04645593869731801,0.8905651340996169,0.005123814417060886
06_mean_reversion,ALL,2024-02,4h,8352,0.0007985761364643906,0.002183776461520156,0.0054436066594754084,0.0041934029314550925,0.24952107279693486,0.14212164750957854,0.6083572796934866,0.01106414300615369
06_mean_reversion,ALL,2024-02,12h,8352,0.002661702422199097,0.006682677324324979,0.010881310864947258,0.006887750125684822,0.47701149425287354,0.2855603448275862,0.23742816091954022,0.020447628455453313
06_mean_reversion,ALL,2024-03,1h,8928,0.0002679720546627795,0.00022015766293167994,0.0034250420186016095,0.0031974183236427867,0.11727150537634409,0.131160394265233,0.7515681003584229,0.007938271928965625
06_mean_reversion,ALL,2024-03,4h,8928,0.0012179394258780007,0.0008858192643981964,0.007437259817941966,0.0061336376404526605,0.34408602150537637,0.299171146953405,0.35674283154121866,0.016347866563686718
06_mean_reversion,ALL,2024-03,12h,8928,0.001785981503882983,0.002374695251074401,0.013753420211916834,0.012328929774779063,0.49988799283154123,0.3949372759856631,0.1051747311827957,0.0315724724549345
06_mean_reversion,ALL,2024-04,1h,8640,-0.0001445815801738859,-0.00020323636028925674,0.002852860207444574,0.0030299879090880943,0.08391203703703703,0.10844907407407407,0.8076388888888889,0.007169258802101146
06_mean_reversion,ALL,2024-04,4h,8640,-0.0004773396933082652,-0.000835285028169492,0.005935189096255122,0.00678445560706431,0.2520833333333333,0.3453703703703704,0.4025462962962963,0.015315792013244355
06_mean_reversion,ALL,2024-04,12h,8640,-0.0005990701567146206,-0.0026435425941208116,0.010227333160891527,0.013709022211331412,0.3980324074074074,0.5255787037037037,0.0763888888888889,0.028979508989723762
06_mean_reversion,ALL,2024-05,1h,8928,5.3028772750152164e-05,0.00016262376096854396,0.0024534526000256074,0.0022518415072591558,0.053651433691756276,0.05566756272401434,0.8906810035842294,0.005599268509785955
06_mean_reversion,ALL,2024-05,4h,8928,0.0006720940673013986,0.0006802306579643823,0.005338688862189356,0.004763678783120839,0.23342293906810035,0.2152777777777778,0.5512992831541219,0.012234504380231468
06_mean_reversion,ALL,2024-05,12h,8928,0.0012175374272261896,0.002356799343243412,0.010009598558474608,0.00814051845994962,0.44388440860215056,0.3695116487455197,0.18660394265232974,0.021387283825588046
06_mean_reversion,ALL,2024-06,1h,8640,-1.1613444137748008e-05,-9.607194153252308e-05,0.001578532011611511,0.0016678557526418336,0.026851851851851852,0.03796296296296296,0.9351851851851852,0.0041490436285499055
06_mean_reversion,ALL,2024-06,4h,8640,-6.94159747712253e-05,-0.00034052088523477294,0.003329482478948931,0.0034543502410479543,0.14675925925925926,0.15324074074074073,0.7,0.008793547706301148
06_mean_reversion,ALL,2024-06,12h,8640,0.00014919508487587496,-0.0010608554561317908,0.006766770883388951,0.006338762115017049,0.3091435185185185,0.3013888888888889,0.3894675925925926,0.01753239627059972
06_mean_reversion,ALL,2024-07,1h,8928,0.00012583094258877825,5.418547772505353e-05,0.0027619755115640965,0.0025798164551133485,0.06720430107526881,0.07291666666666667,0.8598790322580645,0.006435237454059118
06_mean_reversion,ALL,2024-07,4h,8928,0.0006059299830347697,0.00013975625557154404,0.005969261624468203,0.005647612798597601,0.26366487455197135,0.2743055555555556,0.4620295698924731,0.013851019663836001
06_mean_reversion,ALL,2024-07,12h,8928,0.0009171033336692336,0.00046748474194255806,0.011274454465948325,0.011191202233273023,0.4718862007168459,0.4536290322580645,0.0744847670250896,0.025206341433060477
06_mean_reversion,ALL,2024-08,1h,8928,2.8429475890434652e-05,-9.730011695970736e-05,0.0028323226949705793,0.002891856131382209,0.08400537634408602,0.11391129032258064,0.8020833333333334,0.006903259783145106
06_mean_reversion,ALL,2024-08,4h,8928,2.4318743931939224e-06,-0.00037658477043061027,0.005914462376664598,0.006428608245282352,0.23823924731182797,0.31899641577060933,0.44276433691756273,0.014543240644356904
06_mean_reversion,ALL,2024-08,12h,8928,0.00019847778189685528,-0.001239405739014651,0.011123342036194694,0.013063659255172222,0.396505376344086,0.4807347670250896,0.12275985663082438,0.02909111262468804
06_mean_reversion,ALL,2024-09,1h,8640,1.900958799316843e-05,0.00010957111289747723,0.0022327355503837243,0.0022829560575167718,0.048726851851851855,0.04583333333333333,0.9054398148148148,0.005443627924990688
06_mean_reversion,ALL,2024-09,4h,8640,0.00022184879455400264,0.00046990086950369895,0.0047363018157805525,0.004980874296895588,0.21354166666666666,0.20590277777777777,0.5805555555555556,0.011490070813354267
06_mean_reversion,ALL,2024-09,12h,8640,0.0009091241292048524,0.0015858753452226708,0.009026299686663686,0.008833858399672379,0.39143518518518516,0.3940972222222222,0.2144675925925926,0.02190367771475559
06_mean_reversion,ALL,2024-10,1h,8928,0.00011152585916929247,0.0001496506893653184,0.0020370569858961796,0.0019581306959067235,0.035842293906810034,0.038418458781362005,0.925739247311828,0.004837495015192324
06_mean_reversion,ALL,2024-10,4h,8928,0.0004403619224778721,0.00053955112863744,0.0045382125699198195,0.0040039492843494395,0.18906810035842295,0.16263440860215053,0.6482974910394266,0.010431959975830846
06_mean_reversion,ALL,2024-10,12h,8928,0.00118509825569868,0.0015165804951164767,0.008753990473147066,0.007261577464001967,0.4128584229390681,0.33747759856630827,0.24966397849462366,0.019963731799554678
06_mean_reversion,ALL,2024-11,1h,8640,0.00032556245366266445,0.0004565900402762749,0.0028840030038950193,0.0027323271457819764,0.08854166666666667,0.08564814814814815,0.8258101851851852,0.006631207977840114
06_mean_reversion,ALL,2024-11,4h,8640,0.0007812257834576286,0.001856080087506661,0.006176265761134392,0.005436195674401179,0.30162037037037037,0.24328703703703702,0.4550925925925926,0.01424106450695732
06_mean_reversion,ALL,2024-11,12h,8640,0.0025056931875048205,0.005630719834768837,0.013134286818384577,0.009689756394243076,0.4681712962962963,0.39837962962962964,0.13344907407407408,0.027072766375069262
06_mean_reversion,ALL,2024-12,1h,8916,7.052709658628142e-05,-2.448424385296507e-05,0.0026018396634464036,0.0027019738786142056,0.063257065948856,0.08221175414984298,0.854531179901301,0.006224717838626221
06_mean_reversion,ALL,2024-12,4h,8880,0.00025695799177738454,-7.855735157109397e-05,0.00568323889113187,0.005589231396545824,0.22274774774774775,0.2768018018018018,0.5004504504504504,0.013088951799035095
06_mean_reversion,ALL,2024-12,12h,8784,0.0006071651724317562,-0.0001810362299560422,0.010848320711293158,0.010685975687733273,0.44364754098360654,0.41928506375227687,0.13706739526411657,0.027823828688815153
06_mean_reversion,ret3_Q1,2024-01,1h,2264,0.00028545536267599037,-0.0001027548705504293,0.003148255309362913,0.0030498236284249858,0.07773851590106007,0.11616607773851591,0.806095406360424,0.0073349085990607465
06_mean_reversion,ret3_Q1,2024-01,4h,2264,0.00040199183330724697,0.00015174938229110292,0.005896091731769859,0.0064090977013331885,0.2676678445229682,0.303886925795053,0.4284452296819788,0.01489166442474656
06_mean_reversion,ret3_Q1,2024-01,12h,2264,0.00044820476097262585,1.3714511390045903e-05,0.010753695668797025,0.012072477742575416,0.4015017667844523,0.4920494699646643,0.10644876325088339,0.026451718272767787
06_mean_reversion,ret3_Q1,2024-02,1h,1774,0.0006656927873130991,0.0007524806127275005,0.0028453464206604773,0.0024827268021631044,0.06482525366403608,0.07046223224351747,0.8647125140924464,0.006260679367260508
06_mean_reversion,ret3_Q1,2024-02,4h,1774,0.001803732136334557,0.002671988316518541,0.006369270421910711,0.004636908111785687,0.29255918827508454,0.16910935738444194,0.5383314543404735,0.012803247072930922
06_mean_reversion,ret3_Q1,2024-02,12h,1774,0.004019047030826672,0.0074493742935055835,0.012556114784346706,0.006848504755667173,0.5208568207440811,0.2750845546786922,0.2040586245772266,0.021729467250077135
06_mean_reversion,ret3_Q1,2024-03,1h,2645,0.0007525815762425836,0.0002678308864754933,0.003991255770200652,0.0037113958791983315,0.14064272211720227,0.19168241965973534,0.6676748582230624,0.009764802125865531
06_mean_reversion,ret3_Q1,2024-03,4h,2645,0.0016644209975427149,0.0009663609973345104,0.008431487813425509,0.007326070520103589,0.3587901701323251,0.3587901701323251,0.2824196597353497,0.01951144199430891
06_mean_reversion,ret3_Q1,2024-03,12h,2645,0.001913401923385738,0.0027032525611083514,0.015162325919372943,0.014766820413602444,0.4941398865784499,0.4374291115311909,0.06843100189035917,0.034941482886640264
06_mean_reversion,ret3_Q1,2024-04,1h,2460,0.00015528203203873936,-0.00014621925811888125,0.0032213664904506834,0.0036417143176991074,0.09552845528455285,0.14959349593495935,0.7548780487804878,0.00824754291609832
06_mean_reversion,ret3_Q1,2024-04,4h,2460,8.542558649538012e-05,-0.0007470107230851013,0.006536735331614141,0.007756580021766546,0.266260162601626,0.3902439024390244,0.3434959349593496,0.01672437676642735
06_mean_reversion,ret3_Q1,2024-04,12h,2460,-0.0010213667131951376,-0.002400279503683283,0.010759227916353198,0.015179100355237785,0.3967479674796748,0.5382113821138211,0.06504065040650407,0.03140897885049333
06_mean_reversion,ret3_Q1,2024-05,1h,2077,0.0002193406435984091,8.989606523680624e-05,0.002856018341941713,0.0026226798574487953,0.05922002888781897,0.07944150216658642,0.8613384689455946,0.006508135577720746
06_mean_reversion,ret3_Q1,2024-05,4h,2077,0.0007237923858056661,0.0007761247219425234,0.005720488004969493,0.00550746429569815,0.2773230621088108,0.25806451612903225,0.46461242176215695,0.013780965807491153
06_mean_reversion,ret3_Q1,2024-05,12h,2077,0.0012264536620647526,0.0026427347195235274,0.010549260577046304,0.00884987809125748,0.4626865671641791,0.3832450649975927,0.15406836783822822,0.022849894525737935
06_mean_reversion,ret3_Q1,2024-06,1h,1609,0.00024773029622049414,-1.220970206996748e-06,0.0024551171486340007,0.0023751040612222107,0.04288377874456184,0.08079552517091361,0.8763206960845246,0.005692875308161
06_mean_reversion,ret3_Q1,2024-06,4h,1609,-0.0002224079354888886,-0.0008613677531720452,0.004368216785270107,0.005043175256601029,0.18210068365444376,0.2442510876320696,0.5736482287134866,0.011896899642596525
06_mean_reversion,ret3_Q1,2024-06,12h,1609,-0.0004189446508018335,-0.001743165595469753,0.0076947269608662605,0.0092911583138795,0.3418272218769422,0.4195152268489745,0.23865755127408328,0.02159652330134558
06_mean_reversion,ret3_Q1,2024-07,1h,2328,0.0004374528714581327,0.00025554360946534755,0.0032679746323721615,0.003001013733463842,0.08462199312714777,0.10824742268041238,0.8071305841924399,0.007614029840856041
06_mean_reversion,ret3_Q1,2024-07,4h,2328,0.0009081836643529684,0.00029163455671124674,0.0065954936011727305,0.006218728398059481,0.30283505154639173,0.30584192439862545,0.3913230240549828,0.015201793391742664
06_mean_reversion,ret3_Q1,2024-07,12h,2328,0.000830299742473728,0.0007836770036116987,0.01135853953079946,0.011588260129577033,0.47121993127147765,0.4699312714776632,0.058848797250859106,0.02645360858531843
06_mean_reversion,ret3_Q1,2024-08,1h,2509,0.00016600689567103366,-0.00028165630616407996,0.003539709361270793,0.0036505033532733266,0.11040255081705859,0.16381028298126743,0.7257871662016739,0.008615909449049998
06_mean_reversion,ret3_Q1,2024-08,4h,2509,0.00033623087809897534,-0.0003733145690329442,0.006683318001086125,0.007689117996783401,0.26345157433240335,0.37106416899163014,0.3654842566759665,0.016845552619529736
06_mean_reversion,ret3_Q1,2024-08,12h,2509,0.0013160909009550803,-0.0008355021898421461,0.012385568032084127,0.014270770767867647,0.3997608609007573,0.5137504982064568,0.08648864089278598,0.03219555976640707
06_mean_reversion,ret3_Q1,2024-09,1h,1984,0.0002488896088124193,0.00031474226175978574,0.0026702541538079494,0.0026609430002160206,0.06098790322580645,0.07056451612903226,0.8684475806451613,0.006349617346455581
06_mean_reversion,ret3_Q1,2024-09,4h,1984,0.00045917984027143977,0.0009330728199177165,0.005486649594254045,0.0053956496545221055,0.24546370967741934,0.23891129032258066,0.515625,0.01252643400032189
06_mean_reversion,ret3_Q1,2024-09,12h,1984,0.0014881142361699018,0.002050713309623364,0.010499058238356174,0.009480426315743029,0.4430443548387097,0.4117943548387097,0.14516129032258066,0.023103344264659993
06_mean_reversion,ret3_Q1,2024-10,1h,1930,0.00029522039848239867,0.00027846423358852056,0.002615615233219515,0.0025117489881221755,0.057512953367875645,0.07461139896373056,0.8678756476683938,0.005893412467945034
06_mean_reversion,ret3_Q1,2024-10,4h,1930,0.0008397518846753327,0.0008237047683880761,0.005526115588233793,0.004651954875142916,0.24145077720207253,0.20880829015544042,0.549740932642487,0.012113971971051327
06_mean_reversion,ret3_Q1,2024-10,12h,1930,0.0017545462021574254,0.002049328404850483,0.010067960180702218,0.008234219094779616,0.44455958549222796,0.3689119170984456,0.18652849740932642,0.02171688790917892
06_mean_reversion,ret3_Q1,2024-11,1h,2329,0.0007356399819085091,0.0008465251126904833,0.0034096648301193966,0.0030909209467441245,0.1210820094461142,0.12322885358522971,0.755689136968656,0.007943676885978248
06_mean_reversion,ret3_Q1,2024-11,4h,2329,0.0015750037150892293,0.0026784481349248538,0.007271880038019818,0.005912268878676685,0.34435379991412624,0.2820953198797767,0.37355088020609706,0.01618485620376965
06_mean_reversion,ret3_Q1,2024-11,12h,2329,0.004151339193509518,0.006948653541779817,0.015282372573703684,0.00977874874705209,0.49892657793044226,0.39587805925289826,0.1051953628166595,0.028522440787380997
06_mean_reversion,ret3_Q1,2024-12,1h,2427,0.0005998959417272687,0.00011471198285647444,0.0032421966770195265,0.0029965776951142997,0.08446641944787804,0.11660486196950968,0.7989287185826123,0.007504452468384795
06_mean_reversion,ret3_Q1,2024-12,4h,2415,0.0007482312584863315,0.0002708533355646651,0.006521465809439464,0.006299248853354533,0.2587991718426501,0.3167701863354037,0.4244306418219462,0.014835617211967246
06_mean_reversion,ret3_Q1,2024-12,12h,2382,0.000906665778575344,0.00045452115134402926,0.01176459405161645,0.011502534934036857,0.4596977329974811,0.4345088161209068,0.10579345088161209,0.029472407354604026
06_mean_reversion,ret3_Q1_bull,2024-01,1h,1024,-0.0001472342305893215,-0.0002512208398614457,0.0026906323538682386,0.002663132548252567,0.0732421875,0.091796875,0.8349609375,0.006387342708815608
06_mean_reversion,ret3_Q1_bull,2024-01,4h,1024,-0.0005577618633701431,-0.00042977561911366666,0.004739128027728912,0.005825856997005718,0.2392578125,0.27734375,0.4833984375,0.01314207900615838
06_mean_reversion,ret3_Q1_bull,2024-01,12h,1024,-0.0013442369401694965,0.0004398042102920005,0.010159070806505577,0.01215004456534069,0.3701171875,0.501953125,0.1279296875,0.026410687274254243
06_mean_reversion,ret3_Q1_bull,2024-02,1h,1046,0.0004882960731702468,0.0007766204776905116,0.0028967334192705474,0.0024433341106748774,0.07934990439770555,0.07074569789674952,0.8499043977055449,0.006197744133454579
06_mean_reversion,ret3_Q1_bull,2024-02,4h,1046,0.0012986600686905048,0.002595722890549257,0.0065542031452929805,0.004620113076547472,0.32122370936902483,0.16443594646271512,0.51434034416826,0.012879726761884395
06_mean_reversion,ret3_Q1_bull,2024-02,12h,1046,0.0040698964578975705,0.007274278705320667,0.012761387541016855,0.00718668902918701,0.5344168260038241,0.28489483747609945,0.1806883365200765,0.021874069061824812
06_mean_reversion,ret3_Q1_bull,2024-03,1h,1336,0.0005188865996730296,0.0001597463955659429,0.0037514487090433146,0.003286735428350007,0.1317365269461078,0.12949101796407186,0.7387724550898204,0.008854798247417646
06_mean_reversion,ret3_Q1_bull,2024-03,4h,1336,0.001331643313777664,0.00020776438479625433,0.008499758223878273,0.007199524118656042,0.37799401197604793,0.3413173652694611,0.280688622754491,0.018360172787159856
06_mean_reversion,ret3_Q1_bull,2024-03,12h,1336,0.0011115637090516328,0.0023105616539795173,0.014196795716452826,0.014283373959174894,0.5014970059880239,0.4453592814371258,0.0531437125748503,0.03240475064106764
06_mean_reversion,ret3_Q1_bull,2024-04,1h,1106,-0.00023017373250339146,4.8631780898052773e-05,0.002746851495916136,0.003113084876696981,0.06690777576853527,0.10126582278481013,0.8318264014466547,0.007047676800123855
06_mean_reversion,ret3_Q1_bull,2024-04,4h,1106,-0.0004987514953020411,-0.0006696138657413891,0.005796993614062607,0.006597642452553898,0.24321880650994576,0.3553345388788427,0.4014466546112116,0.015108922640699959
06_mean_reversion,ret3_Q1_bull,2024-04,12h,1106,-0.001842562175871254,-0.0037123066577005445,0.010115358457649326,0.012819510113701083,0.3860759493670886,0.5216998191681737,0.0922242314647378,0.028743861782076677
06_mean_reversion,ret3_Q1_bull,2024-05,1h,1065,-0.00011807298388144538,-0.00014522952907796826,0.002525029910992904,0.0023915751457634915,0.05727699530516432,0.07323943661971831,0.8694835680751174,0.005964718933523012
06_mean_reversion,ret3_Q1_bull,2024-05,4h,1065,-0.00018681672641140956,0.00017328654004861963,0.005087878696506287,0.005400361008192189,0.28450704225352114,0.2591549295774648,0.4563380281690141,0.013760969282386104
06_mean_reversion,ret3_Q1_bull,2024-05,12h,1065,0.0006464211852175161,0.0017627657864013669,0.010066649479121947,0.00867323936301434,0.431924882629108,0.415962441314554,0.15211267605633802,0.024347606482597484
06_mean_reversion,ret3_Q1_bull,2024-06,1h,691,8.673792578539619e-05,0.00012228047168424296,0.0020857175494264357,0.002063414180937473,0.04341534008683068,0.03328509406657019,0.9232995658465991,0.004986478205808999
06_mean_reversion,ret3_Q1_bull,2024-06,4h,691,-8.739961808457153e-05,-0.0007135454122724798,0.004112269993604478,0.004422952211330378,0.20260492040520983,0.17655571635311143,0.6208393632416788,0.010342073374516758
06_mean_reversion,ret3_Q1_bull,2024-06,12h,691,-0.00022289747304904406,-0.0017953488986735236,0.008023976676490685,0.007376033876643651,0.3704775687409551,0.33719247467438496,0.29232995658465993,0.02016430391324235
06_mean_reversion,ret3_Q1_bull,2024-07,1h,1190,0.0001886523675689311,0.0003373368455846543,0.0031166695941060585,0.0024790743711121666,0.08739495798319327,0.08739495798319327,0.8252100840336134,0.006919852152590224
06_mean_reversion,ret3_Q1_bull,2024-07,4h,1190,0.0009589184280173191,0.0007283999179746083,0.006858092033812047,0.00547969770875778,0.3226890756302521,0.27310924369747897,0.4042016806722689,0.015050944584406752
06_mean_reversion,ret3_Q1_bull,2024-07,12h,1190,0.0011467163228265909,-0.00032129382419734444,0.011618960782935561,0.010847483271915315,0.49411764705882355,0.4495798319327731,0.05630252100840336,0.028386410767057585
06_mean_reversion,ret3_Q1_bull,2024-08,1h,1111,0.000154847898048871,8.81748630060904e-06,0.003231741284009493,0.0030698684012845368,0.10081008100810081,0.11971197119711971,0.7794779477947795,0.007688460914148334
06_mean_reversion,ret3_Q1_bull,2024-08,4h,1111,-0.0006737726536766298,-0.001387854870552876,0.006072633759901747,0.007072961232281627,0.2583258325832583,0.34743474347434744,0.39423942394239425,0.016509387428015183
06_mean_reversion,ret3_Q1_bull,2024-08,12h,1111,0.00032854932371906287,-0.0005231786860758954,0.011330052318745176,0.014828921649987392,0.41134113411341133,0.4734473447344735,0.1152115211521152,0.033190888683613536
06_mean_reversion,ret3_Q1_bull,2024-09,1h,940,3.3499149537985495e-05,0.00017469531400542498,0.0025024572966595438,0.002595737812454424,0.07872340425531915,0.06808510638297872,0.8531914893617021,0.00604048891842864
06_mean_reversion,ret3_Q1_bull,2024-09,4h,940,-0.00057386302021456,0.00035957407177042043,0.00483260785703965,0.0055840148271143475,0.2574468085106383,0.25,0.4925531914893617,0.012454116291859964
06_mean_reversion,ret3_Q1_bull,2024-09,12h,940,0.0011586974280554108,0.001720036380858293,0.010540699242190255,0.00978049957616689,0.4340425531914894,0.4553191489361702,0.11063829787234042,0.02210308572988802
06_mean_reversion,ret3_Q1_bull,2024-10,1h,974,-5.2535222281602234e-05,0.00010735758796600559,0.002260938340987617,0.0022296859168866034,0.060574948665297744,0.053388090349075976,0.8860369609856262,0.0053169096597961985
06_mean_reversion,ret3_Q1_bull,2024-10,4h,974,0.0002772931339269924,0.0006503424451091947,0.004875335367023781,0.004523261556720226,0.22073921971252566,0.1837782340862423,0.5954825462012321,0.01133647521128053
06_mean_reversion,ret3_Q1_bull,2024-10,12h,974,0.0018391344887237482,0.002824212707697118,0.010725950874984735,0.0073536129135488015,0.45585215605749485,0.3408624229979466,0.2032854209445585,0.021339436828866153
06_mean_reversion,ret3_Q1_bull,2024-11,1h,1225,0.0003984187946786122,0.0005543327637807711,0.0032309462410846645,0.002996020523594045,0.10530612244897959,0.12,0.7746938775510204,0.007478658911084608
06_mean_reversion,ret3_Q1_bull,2024-11,4h,1225,0.000782776001697183,0.002021376201469474,0.007249899379550895,0.0058519889316472895,0.3510204081632653,0.276734693877551,0.3722448979591837,0.01609075962413111
06_mean_reversion,ret3_Q1_bull,2024-11,12h,1225,0.002801077159446441,0.005755309221084523,0.014614856234850482,0.010551005713028583,0.5061224489795918,0.4114285714285714,0.08244897959183674,0.029215311232383682
06_mean_reversion,ret3_Q1_bull,2024-12,1h,1093,3.6046776769271816e-05,-0.0003133804203025234,0.002698164407646697,0.0028514652166693466,0.056724611161939616,0.10247026532479414,0.8408051235132662,0.006664450094715831
06_mean_reversion,ret3_Q1_bull,2024-12,4h,1093,-0.00031362447741190014,-0.001035849134528247,0.005868362054107346,0.006193715153555379,0.21866422689844464,0.31473010064043916,0.46660567246111617,0.014150960566228502
06_mean_reversion,ret3_Q1_bull,2024-12,12h,1073,-0.0019612430343923792,-0.0018166874919555785,0.01091369130191433,0.012167227162091399,0.4603914259086673,0.4482758620689655,0.09133271202236719,0.029146212425704792
06_mean_reversion,ret3_Q1_bear,2024-01,1h,1240,0.0008168577610631056,1.9849284751571344e-05,0.003605082493213785,0.003484218433731756,0.0814516129032258,0.13629032258064516,0.782258064516129,0.008131763595740513
06_mean_reversion,ret3_Q1_bear,2024-01,4h,1240,0.00161850896357274,0.0006319764802253644,0.0069275754491916475,0.007163135422232514,0.2911290322580645,0.3258064516129032,0.38306451612903225,0.015856208515085485
06_mean_reversion,ret3_Q1_bear,2024-01,12h,1240,0.0015288082444888662,-0.0003381531109289874,0.01101383250902177,0.011870092089005857,0.4274193548387097,0.4838709677419355,0.08870967741935484,0.026471887625023248
06_mean_reversion,ret3_Q1_bear,2024-02,1h,728,0.0008680206378162136,0.0007177961364207562,0.002809581916331738,0.0025518856418833002,0.04395604395604396,0.07005494505494506,0.885989010989011,0.006331754083449619
06_mean_reversion,ret3_Q1_bear,2024-02,4h,728,0.0026110190309915904,0.0027815674862491334,0.006253195178218984,0.004702257031237667,0.25137362637362637,0.17582417582417584,0.5728021978021978,0.012594967330522483
06_mean_reversion,ret3_Q1_bear,2024-02,12h,728,0.0039216292092161265,0.00770095394356248,0.012057069504898599,0.006388792147912992,0.5013736263736264,0.260989010989011,0.23763736263736263,0.02074663787080186
06_mean_reversion,ret3_Q1_bear,2024-03,1h,1309,0.0010245542239111227,0.00037814477482932013,0.004286974459089654,0.004428782449351409,0.1497326203208556,0.25515660809778457,0.5951107715813598,0.010950883963838628
06_mean_reversion,ret3_Q1_bear,2024-03,4h,1309,0.001977042152058406,0.0017406047516134334,0.00838279723749813,0.007474809071638111,0.3391902215431627,0.37662337662337664,0.28418640183346067,0.021396597565453545
06_mean_reversion,ret3_Q1_bear,2024-03,12h,1309,0.0027614190808309402,0.0031040432806836936,0.016255048381679904,0.015497918939841093,0.48663101604278075,0.4293353705118411,0.08403361344537816,0.03807960414969296
06_mean_reversion,ret3_Q1_bear,2024-04,1h,1354,0.0004123458297361493,-0.00030538118511498836,0.003642844042422766,0.004231241760012439,0.1189069423929099,0.18906942392909898,0.6920236336779911,0.009573782852512518
06_mean_reversion,ret3_Q1_bear,2024-04,4h,1354,0.0007763847753506914,-0.0008102314942979122,0.007273259348309358,0.008653681548889847,0.28508124076809455,0.41875923190546527,0.2961595273264402,0.019501594036105394
06_mean_reversion,ret3_Q1_bear,2024-04,12h,1354,3.348274547410046e-05,-0.0013285645610369816,0.011376199442401314,0.017099369746796655,0.4054652880354505,0.551698670605613,0.04283604135893648,0.033581868425220554
06_mean_reversion,ret3_Q1_bear,2024-05,1h,1012,0.0005608915719835794,0.0003373355493724138,0.0033120864565232555,0.00285030392864305,0.06126482213438735,0.08596837944664032,0.8527667984189723,0.00722043114023772
06_mean_reversion,ret3_Q1_bear,2024-05,4h,1012,0.0014829694238502888,0.0014105344686984598,0.006303053115695345,0.0056557019837905065,0.26976284584980237,0.25691699604743085,0.4733201581027668,0.013781978274842387
06_mean_reversion,ret3_Q1_bear,2024-05,12h,1012,0.0017482969324627007,0.0035687889821471447,0.0108518109312008,0.008924002709027767,0.4950592885375494,0.34881422924901184,0.15612648221343872,0.021128875098772162
06_mean_reversion,ret3_Q1_bear,2024-06,1h,918,0.0004969261635411337,-9.418338452818046e-05,0.00284693290672855,0.0026104254668017357,0.042483660130718956,0.11655773420479303,0.840958605664488,0.006595716726844107
06_mean_reversion,ret3_Q1_bear,2024-06,4h,918,-0.00034997650610796294,-0.000972637075134572,0.004565108485341418,0.005783648633008731,0.16666666666666666,0.29520697167755994,0.5381263616557734,0.012460755904394775
06_mean_reversion,ret3_Q1_bear,2024-06,12h,918,-0.00046772462961880423,-0.0017038860066747583,0.007549390213068663,0.011225898925864342,0.3202614379084967,0.48148148148148145,0.19825708061002179,0.021728122415554378
06_mean_reversion,ret3_Q1_bear,2024-07,1h,1138,0.0006258615164879133,0.00017001289682740808,0.003349881874420979,0.0035393671620397305,0.08172231985940245,0.13005272407732865,0.7882249560632689,0.00813115088651073
06_mean_reversion,ret3_Q1_bear,2024-07,4h,1138,0.0009045532660874045,-0.00016508844847627527,0.006256542400853715,0.007096655302756494,0.2820738137082601,0.3400702987697715,0.37785588752196836,0.015482585020326779
06_mean_reversion,ret3_Q1_bear,2024-07,12h,1138,0.0005818817200166082,0.0019391385898092051,0.010908412360277953,0.012308801144139736,0.44727592267135324,0.4912126537785589,0.061511423550087874,0.025177410058511616
06_mean_reversion,ret3_Q1_bear,2024-08,1h,1398,0.00019871852917596744,-0.0005124977821499665,0.0037711611499943176,0.004148575055895276,0.11802575107296137,0.1988555078683834,0.6831187410586552,0.009286910924090161
06_mean_reversion,ret3_Q1_bear,2024-08,4h,1398,0.0014906441546327365,0.0004329474302436251,0.0069903836296290045,0.008222022457066158,0.2675250357653791,0.3898426323319027,0.3426323319027182,0.017549141543676337
06_mean_reversion,ret3_Q1_bear,2024-08,12h,1398,0.0025048182983171685,-0.001083707778314467,0.01301746281815841,0.014010694135777824,0.3905579399141631,0.5457796852646638,0.06366237482117311,0.03174561245369212
06_mean_reversion,ret3_Q1_bear,2024-09,1h,1044,0.0003915662924882657,0.0004408381725730991,0.002831423433246827,0.0027430768294722796,0.045019157088122604,0.07279693486590039,0.882183908045977,0.006667697775959309
06_mean_reversion,ret3_Q1_bear,2024-09,4h,1044,0.0011153184422092455,0.0014494414245714122,0.005813046722511039,0.005176674399511583,0.23467432950191572,0.2289272030651341,0.5363984674329502,0.012559825825899037
06_mean_reversion,ret3_Q1_bear,2024-09,12h,1044,0.0019372855185405546,0.0023484492416532173,0.010467856406129683,0.009178072341167687,0.4511494252873563,0.3726053639846743,0.17624521072796934,0.023770138952511635
06_mean_reversion,ret3_Q1_bear,2024-10,1h,956,0.0005478421241382758,0.0004527925524549741,0.0029572315832059326,0.002763974456931051,0.05439330543933055,0.09623430962343096,0.8493723849372385,0.006878284439306473
06_mean_reversion,ret3_Q1_bear,2024-10,4h,956,0.0015144813197601747,0.0010003312358291122,0.006207966210809879,0.004881409039326434,0.2625523012552301,0.23430962343096234,0.5031380753138075,0.013428667068912619
06_mean_reversion,ret3_Q1_bear,2024-10,12h,956,0.0016896183754300242,0.0012598542301929287,0.009495588959895884,0.00953728076847643,0.4330543933054393,0.39748953974895396,0.1694560669456067,0.02230124178820545
06_mean_reversion,ret3_Q1_bear,2024-11,1h,1104,0.0010655834314694523,0.0011707421665078724,0.0036621848097383447,0.003278989239215546,0.13858695652173914,0.12681159420289856,0.7346014492753623,0.00866675786057585
06_mean_reversion,ret3_Q1_bear,2024-11,4h,1104,0.0022708337199829343,0.003407536104565108,0.00729020894395338,0.0060000567659975745,0.33695652173913043,0.28804347826086957,0.375,0.016417409925092306
06_mean_reversion,ret3_Q1_bear,2024-11,12h,1104,0.005548835379361461,0.008272790129507839,0.016372139443854072,0.00879568975113404,0.49094202898550726,0.3786231884057971,0.13043478260869565,0.028155729043480716
06_mean_reversion,ret3_Q1_bear,2024-12,1h,1334,0.0011625742499755676,0.0004654653536606608,0.0037232060227871955,0.003123101727961708,0.10719640179910045,0.12818590704647675,0.7646176911544228,0.008138892251749182
06_mean_reversion,ret3_Q1_bear,2024-12,4h,1322,0.0016533341161742987,0.0013512056803540395,0.007176838403803565,0.006450134566642229,0.291981845688351,0.3184568835098336,0.3895612708018154,0.015581871182287245
06_mean_reversion,ret3_Q1_bear,2024-12,12h,1309,0.0023778219619943197,0.0023162529116652515,0.01235738045738044,0.011077262907997931,0.45912910618792974,0.4232238349885409,0.11764705882352941,0.029724837477711343
06_mean_reversion,ret3_Q2,2024-01,1h,2199,4.7683934532027905e-06,-7.133477821617873e-05,0.0020640715089899064,0.0022066337768126276,0.031832651205093224,0.047748976807639835,0.920418371987267,0.004985936308161667
06_mean_reversion,ret3_Q2,2024-01,4h,2199,3.4915472920893365e-05,-1.3131875528199194e-05,0.004203851426757499,0.004921194954921604,0.17871759890859482,0.21919054115507047,0.6020918599363347,0.011157919765710704
06_mean_reversion,ret3_Q2,2024-01,12h,2199,0.00028971009534095593,-0.00027706494459916114,0.008667148109274603,0.010230808044886075,0.339699863574352,0.45020463847203274,0.2100954979536153,0.021078781233730106
06_mean_reversion,ret3_Q2,2024-02,1h,2330,5.150916130125527e-05,0.00018637991234657164,0.001819645054022767,0.0017733284072295463,0.02703862660944206,0.030901287553648068,0.9420600858369099,0.0042608601163316995
06_mean_reversion,ret3_Q2,2024-02,4h,2330,0.00043489028679055686,0.001549123337729849,0.004419674748817326,0.0038068485181152467,0.19098712446351931,0.11502145922746781,0.6939914163090128,0.009526747077557718
06_mean_reversion,ret3_Q2,2024-02,12h,2330,0.0016412624821168231,0.005775414458412857,0.009226576568434619,0.006902480704437219,0.4369098712446352,0.27424892703862663,0.2888412017167382,0.01784141448450094
06_mean_reversion,ret3_Q2,2024-03,1h,1746,0.0003382011498135329,0.0003581512771993224,0.002791864132717925,0.0024375933406607375,0.0715922107674685,0.09564719358533791,0.8327605956471936,0.006379211971808957
06_mean_reversion,ret3_Q2,2024-03,4h,1746,0.0013104685119863513,0.0011637165291285315,0.0063077915904511395,0.004586177654619605,0.3006872852233677,0.24856815578465064,0.4507445589919817,0.013912710835918236
06_mean_reversion,ret3_Q2,2024-03,12h,1746,0.0021434793030925547,0.002729314358448185,0.012292580963485511,0.009211208262828452,0.49026345933562426,0.349942726231386,0.15979381443298968,0.02696260372697436
06_mean_reversion,ret3_Q2,2024-04,1h,1893,-7.932864845672238e-05,-0.0001941561027230115,0.002475917354864965,0.002647992231941898,0.05916534601162177,0.09403063919704173,0.8468040147913365,0.006039292751769259
06_mean_reversion,ret3_Q2,2024-04,4h,1893,-0.0005868860330380254,-0.0009072821840831674,0.005449959105850999,0.006133123009322117,0.22609614368726888,0.3127311146328579,0.4611727416798732,0.013698122606556904
06_mean_reversion,ret3_Q2,2024-04,12h,1893,-0.0003077438427401269,-0.0028700624497902194,0.009625507595127036,0.012203894949564864,0.3993660855784469,0.5124141574220814,0.08821975699947174,0.02684893889053343
06_mean_reversion,ret3_Q2,2024-05,1h,2393,8.095190241896866e-05,0.00026548182522484915,0.002139429906247159,0.0019927826444187113,0.03384872544922691,0.03343083994985374,0.9327204346009194,0.004941139184956302
06_mean_reversion,ret3_Q2,2024-05,4h,2393,0.0009870046038829017,0.0007441969250531555,0.004987310318622207,0.004196449045107631,0.19640618470539073,0.17927287923109067,0.6243209360635186,0.010917993749069828
06_mean_reversion,ret3_Q2,2024-05,12h,2393,0.0011508235554691382,0.002167392238637189,0.009642764680356963,0.007412888657905015,0.44045131633932305,0.33932302549101545,0.22022565816966153,0.020262358856881654
06_mean_reversion,ret3_Q2,2024-06,1h,2807,0.00010624137761006125,6.791533823777714e-05,0.0013176774667651436,0.0013489096573208181,0.014250089063056644,0.020306376914855716,0.9654435340220876,0.003295491776470709
06_mean_reversion,ret3_Q2,2024-06,4h,2807,0.00014773325270800441,-5.134260342586364e-05,0.0030389605198122283,0.0026571903582353062,0.11970074812967581,0.1040256501603135,0.7762736017100107,0.0074046300981098385
06_mean_reversion,ret3_Q2,2024-06,12h,2807,0.000759366338400902,-0.0004030193675572694,0.006577650990253314,0.005277010787733349,0.30245814036337726,0.23619522622016387,0.4613466334164589,0.014843351339769559
06_mean_reversion,ret3_Q2,2024-07,1h,2112,0.00013404340916667312,1.2708911117689719e-05,0.002344704206422521,0.0022386447860615055,0.043087121212121215,0.05160984848484849,0.9053030303030303,0.005439597089686025
06_mean_reversion,ret3_Q2,2024-07,4h,2112,0.0004468355428266513,-5.581862379042786e-05,0.0056257322881412275,0.005365454123363644,0.2315340909090909,0.25615530303030304,0.5123106060606061,0.01267211736405165
06_mean_reversion,ret3_Q2,2024-07,12h,2112,0.0011472281435428444,0.0007909939669957851,0.011081488322564836,0.010614961818380009,0.48390151515151514,0.4356060606060606,0.08049242424242424,0.02424707649136912
06_mean_reversion,ret3_Q2,2024-08,1h,1969,0.0001788076440183417,3.933676328717191e-05,0.0024129791312033078,0.002262534048273146,0.04418486541391569,0.07567293042153378,0.8801422041645506,0.00549768216656436
06_mean_reversion,ret3_Q2,2024-08,4h,1969,0.0002722602254463524,-0.00035375544468924027,0.005277049826793556,0.005094016448015548,0.20010157440325038,0.26358557643473846,0.5363128491620112,0.012463530567649695
06_mean_reversion,ret3_Q2,2024-08,12h,1969,-0.00020554936896810538,-0.0014503990217515864,0.009622503546315553,0.011245389817137963,0.3890299644489589,0.4418486541391569,0.1691213814118842,0.024829345763467937
06_mean_reversion,ret3_Q2,2024-09,1h,2348,3.2999894576946076e-06,-3.213860533616831e-05,0.001883151438323738,0.0020474948382193103,0.02938671209540034,0.0379045996592845,0.9327086882453152,0.004855464614118915
06_mean_reversion,ret3_Q2,2024-09,4h,2348,0.0002506763169430881,0.0002370052056936055,0.004400629607544393,0.004603086985072002,0.18100511073253833,0.18781942078364566,0.631175468483816,0.010654294469076231
06_mean_reversion,ret3_Q2,2024-09,12h,2348,0.0004701073610147155,0.0009630333705417428,0.0074161289906110595,0.008301760723625484,0.33560477001703576,0.37265758091993184,0.29173764906303234,0.02106575691649408
06_mean_reversion,ret3_Q2,2024-10,1h,2565,0.00021125124460685818,0.00027437648982625665,0.001706481261842363,0.0016226698037593579,0.02456140350877193,0.025341130604288498,0.9500974658869396,0.004055159603582302
06_mean_reversion,ret3_Q2,2024-10,4h,2565,0.00038618975154358637,0.0006047523175910597,0.0040541835677938565,0.0033071963383367597,0.1645224171539961,0.12631578947368421,0.7091617933723197,0.009129249791341986
06_mean_reversion,ret3_Q2,2024-10,12h,2565,0.0010800096508973844,0.0011641901223875136,0.007966427892144745,0.0059994412047845724,0.39142300194931773,0.3060428849902534,0.3025341130604289,0.017887770186189214
06_mean_reversion,ret3_Q2,2024-11,1h,1932,8.606949092382354e-05,0.0001230618283762644,0.002390134623750928,0.002372741998969252,0.04710144927536232,0.049689440993788817,0.9032091097308489,0.005500977466866043
06_mean_reversion,ret3_Q2,2024-11,4h,1932,0.000104012601750747,0.0011153602448205728,0.004981557242338619,0.004977733468605194,0.2443064182194617,0.1972049689440994,0.5584886128364389,0.012017494877770584
06_mean_reversion,ret3_Q2,2024-11,12h,1932,0.0012911865279419121,0.004415319853606781,0.009985296377043817,0.00943143649306638,0.42132505175983437,0.4057971014492754,0.17287784679089027,0.023878354016237467
06_mean_reversion,ret3_Q2,2024-12,1h,2044,0.00016636413566895047,6.333686637116729e-06,0.002241710776895167,0.0023254935221077577,0.036203522504892366,0.050880626223091974,0.9129158512720157,0.005476416025284727
06_mean_reversion,ret3_Q2,2024-12,4h,2033,0.00048644135333364424,0.000172259376824903,0.00533456464875659,0.004816093828977519,0.19626168224299065,0.2321692080668962,0.5715691096901131,0.011553352911410998
06_mean_reversion,ret3_Q2,2024-12,12h,2018,0.0012197035894612185,0.0002900916002814818,0.010647269021146322,0.009530663246375581,0.44598612487611494,0.37710604558969274,0.17690782953419226,0.023198895994067797
06_mean_reversion,ret3_Q3,2024-01,1h,2182,-1.631954100200783e-05,4.0392560205032484e-05,0.0019619257177247995,0.0021892697443276488,0.034372135655362054,0.034830430797433545,0.9307974335472043,0.004947303061119215
06_mean_reversion,ret3_Q3,2024-01,4h,2182,2.5511257867094628e-05,-0.00021833406095254782,0.003981568623036225,0.00479412686946179,0.1773602199816682,0.20623281393217233,0.6164069660861595,0.01062950310128455
06_mean_reversion,ret3_Q3,2024-01,12h,2182,0.0004044473108363311,0.00044794956751179066,0.008752647838611738,0.00958281324822513,0.3556370302474794,0.4298808432630614,0.21448212648945922,0.021742652023526106
06_mean_reversion,ret3_Q3,2024-02,1h,2290,0.00014019082143434947,0.0006054921565136279,0.0019496824895097742,0.0017407357662060363,0.04716157205240175,0.022707423580786028,0.9301310043668122,0.004402808415775674
06_mean_reversion,ret3_Q3,2024-02,4h,2290,0.0004926553379626109,0.002164331464936807,0.004812961806423877,0.0037305102053911132,0.21921397379912663,0.10393013100436681,0.6768558951965066,0.009686612361559033
06_mean_reversion,ret3_Q3,2024-02,12h,2290,0.002150814161630654,0.006371854233459361,0.009811738068431608,0.006520929577123746,0.45109170305676854,0.28078602620087334,0.26812227074235806,0.01822415719778637
06_mean_reversion,ret3_Q3,2024-03,1h,1823,0.00017348157130259168,0.0002576507701518234,0.002785766175755544,0.0024887250152689777,0.08831596269884805,0.07131102578167856,0.8403730115194734,0.006315519478560031
06_mean_reversion,ret3_Q3,2024-03,4h,1823,0.0008764237649323547,0.000627981966006897,0.006164304643392127,0.005098121017495294,0.29292375205704885,0.23861766319253977,0.4684585847504114,0.013792179282986679
06_mean_reversion,ret3_Q3,2024-03,12h,1823,0.001635649376046544,0.0018575448373455501,0.01228236881309308,0.009450919406033154,0.48930334613274823,0.3483269336258914,0.1623697202413604,0.027634991572666263
06_mean_reversion,ret3_Q3,2024-04,1h,1942,-0.00026281680814177477,-0.00024959992344118325,0.002368772390956897,0.0025873929442294386,0.05252317198764161,0.06797116374871266,0.8795056642636457,0.006022372085157917
06_mean_reversion,ret3_Q3,2024-04,4h,1942,-0.000510527637534397,-0.0008320399767792875,0.005536022014497655,0.005834024157500839,0.22296601441812564,0.3043254376930999,0.4727085478887745,0.013480947356539605
06_mean_reversion,ret3_Q3,2024-04,12h,1942,-0.0003528672344464412,-0.0029840692150213937,0.009878086078049186,0.012630395668213557,0.40113285272914523,0.5108135942327497,0.08805355303810504,0.026417735911865137
06_mean_reversion,ret3_Q3,2024-05,1h,2341,1.0581049250335539e-05,0.00019241145490591063,0.0021457886655613656,0.0019780367548184463,0.037590773173857325,0.04228961982058949,0.9201196070055532,0.004964499896369221
06_mean_reversion,ret3_Q3,2024-05,4h,2341,0.0004959620800817355,0.0005242770208649628,0.004965087504547272,0.004331326066123187,0.19777872703972663,0.18880820162323794,0.6134130713370355,0.01119804631530498
06_mean_reversion,ret3_Q3,2024-05,12h,2341,0.0010781126339569624,0.0019280436319178752,0.009369257022840749,0.007517344014710714,0.4143528406663819,0.36437419906023066,0.22127296027338744,0.020232301101741044
06_mean_reversion,ret3_Q3,2024-06,1h,2724,-0.0001064198736842048,-7.035000710020942e-05,0.0012505577316305194,0.0014409140985603974,0.019823788546255508,0.018722466960352423,0.961453744493392,0.0032254273433701807
06_mean_reversion,ret3_Q3,2024-06,4h,2724,-3.5424951606521926e-05,3.100578619394968e-05,0.002839813760710852,0.0028659603807950074,0.12738619676945667,0.10462555066079295,0.7679882525697503,0.007509609623015336
06_mean_reversion,ret3_Q3,2024-06,12h,2724,0.00011812826466950366,-0.0007969453621955865,0.0059178946362389295,0.005500845944261368,0.2749632892804699,0.2444933920704846,0.48054331864904554,0.01465573378626139
06_mean_reversion,ret3_Q3,2024-07,1h,2134,2.9964472431420752e-05,-8.25895133036534e-05,0.0024097005457727194,0.002215905021133391,0.04732895970009372,0.05857544517338332,0.8940955951265229,0.0055591662055333455
06_mean_reversion,ret3_Q3,2024-07,4h,2134,0.0004530494358594428,-5.14235577766689e-05,0.005523242769274961,0.005181638295410185,0.23289597000937207,0.2582005623242737,0.5089034676663543,0.012725260447259728
06_mean_reversion,ret3_Q3,2024-07,12h,2134,0.0004935625639036489,-7.924532097703719e-05,0.010662902078948155,0.011465152676613743,0.46719775070290537,0.45173383317713217,0.08106841611996252,0.024734135374959415
06_mean_reversion,ret3_Q3,2024-08,1h,2050,6.067274393051214e-05,-7.734539898530787e-05,0.002248874920052546,0.0023271745518041453,0.042439024390243905,0.06731707317073171,0.8902439024390244,0.005517019502249748
06_mean_reversion,ret3_Q3,2024-08,4h,2050,-0.00014362901602582578,-0.0007172578785810717,0.005387339623478371,0.0053230586067188335,0.19707317073170733,0.26097560975609757,0.5419512195121952,0.012564791662712554
06_mean_reversion,ret3_Q3,2024-08,12h,2050,-0.0010477851588183151,-0.0025498679761288543,0.009776351997448418,0.01187679884075532,0.3824390243902439,0.4453658536585366,0.1721951219512195,0.027231838303877348
06_mean_reversion,ret3_Q3,2024-09,1h,2365,-9.899198903629003e-05,4.208320880159353e-05,0.0019262183121755427,0.00199329241283297,0.028329809725158563,0.026215644820295984,0.9454545454545454,0.004671457905544148
06_mean_reversion,ret3_Q3,2024-09,4h,2365,-3.173494970010182e-05,2.1736164603406277e-05,0.004183400267737669,0.004662502271935098,0.1788583509513742,0.1839323467230444,0.6372093023255814,0.01065756790050832
06_mean_reversion,ret3_Q3,2024-09,12h,2365,0.00034906209565921387,0.0011323192075672426,0.007718064856753859,0.008422007950861898,0.3471458773784355,0.3784355179704017,0.2744186046511628,0.02096533367704345
06_mean_reversion,ret3_Q3,2024-10,1h,2524,4.6572396401156624e-05,0.0001188542482152816,0.0017437478982692545,0.0016754070907190055,0.021394611727416798,0.020206022187004756,0.9583993660855784,0.003962626809968386
06_mean_reversion,ret3_Q3,2024-10,4h,2524,0.00027276036270729165,0.0004519910527135058,0.00391563788503102,0.003564224509344016,0.15451664025356576,0.13510301109350237,0.7103803486529319,0.009266325010057908
06_mean_reversion,ret3_Q3,2024-10,12h,2524,0.0010855840968376773,0.0012779788188305276,0.007603182502455952,0.00638512725792606,0.3827258320126783,0.32408874801901744,0.2931854199683043,0.018241937413128143
06_mean_reversion,ret3_Q3,2024-11,1h,1875,0.0002903244124781157,0.00035409519154077393,0.0024084280742617814,0.002309350992092285,0.05973333333333333,0.05973333333333333,0.8805333333333333,0.005544237691391097
06_mean_reversion,ret3_Q3,2024-11,4h,1875,0.0002611471276101618,0.0013675310538577143,0.00510714447353644,0.004840773495994211,0.248,0.2,0.552,0.011995362183739165
06_mean_reversion,ret3_Q3,2024-11,12h,1875,0.0008984233112374618,0.0042151245669709,0.009804905728027169,0.009323547347329875,0.41813333333333336,0.3989333333333333,0.18293333333333334,0.023507327799924538
06_mean_reversion,ret3_Q3,2024-12,1h,2086,-7.990917882216841e-05,-7.18540778645806e-05,0.0021430411323247744,0.002443999012242626,0.04458293384467881,0.052732502396931925,0.9026845637583892,0.005391776319333918
06_mean_reversion,ret3_Q3,2024-12,4h,2080,0.00026617042064769336,8.388800263118461e-05,0.005111070272337814,0.00465976023706971,0.20048076923076924,0.22067307692307692,0.5788461538461539,0.011227997664950442
06_mean_reversion,ret3_Q3,2024-12,12h,2065,0.0009238005654057524,-0.00037043106288815714,0.010682936861183823,0.009570079239202944,0.4493946731234867,0.3864406779661017,0.16416464891041163,0.023403669537312863
06_mean_reversion,ret3_Q4,2024-01,1h,2234,-6.80364222600538e-05,0.000219348050638486,0.0028522646659200346,0.0029429370292669566,0.10116383169203223,0.0792300805729633,0.8196060877350044,0.006914849366538348
06_mean_reversion,ret3_Q4,2024-01,4h,2234,0.00011297718861791317,0.00024058582244610406,0.005993386926549937,0.006310123483144248,0.2855863921217547,0.2864816472694718,0.4279319606087735,0.01481841389418052
06_mean_reversion,ret3_Q4,2024-01,12h,2234,-0.0007442645923935176,3.5727769953401265e-06,0.010293942861447358,0.012281194448568677,0.40868397493285585,0.4789615040286482,0.11235452103849597,0.02601910977315376
06_mean_reversion,ret3_Q4,2024-02,1h,1958,1.515872548318864e-06,0.0007059440122948551,0.0027679311987751642,0.002470073322386135,0.12257405515832483,0.07099080694586313,0.806435137895812,0.006443501300482494
06_mean_reversion,ret3_Q4,2024-02,4h,1958,0.0010464408605088682,0.002519416395044236,0.006539165399388813,0.004923951618367728,0.31562819203268644,0.19458631256384065,0.48978549540347294,0.013409136385380804
06_mean_reversion,ret3_Q4,2024-02,12h,1958,0.003293629255843644,0.00743118954717029,0.012567674233418091,0.007540083435749356,0.5153217568947907,0.31409601634320733,0.17058222676200205,0.022588708032495637
06_mean_reversion,ret3_Q4,2024-03,1h,2714,-8.82043516258757e-05,5.97367118458246e-05,0.003838777986408859,0.0037328794054302117,0.14333087693441415,0.13522476050110538,0.7214443625644805,0.008833779260713583
06_mean_reversion,ret3_Q4,2024-03,4h,2714,0.0008952722809210112,0.0008017352139676964,0.008278095215702108,0.007123952932949651,0.3920412675018423,0.31429624170965365,0.29366249078850404,0.01845699195044388
06_mean_reversion,ret3_Q4,2024-03,12h,2714,0.0012594300976862538,0.0021737247859724388,0.015480581753051337,0.01406703807487264,0.5187914517317612,0.4137803979366249,0.06742815033161385,0.03310518103449988
06_mean_reversion,ret3_Q4,2024-04,1h,2345,-0.00030567935294822934,-0.00023198389089522037,0.003294357952528859,0.003250058473982742,0.11769722814498934,0.11044776119402985,0.7718550106609808,0.007993560794033199
06_mean_reversion,ret3_Q4,2024-04,4h,2345,-0.0009722971472090336,-0.0008724560576632195,0.006083707602516419,0.007420989618540652,0.2823027718550107,0.35863539445629,0.35906183368869937,0.016336845619076733
06_mean_reversion,ret3_Q4,2024-04,12h,2345,-0.0006844303068074264,-0.0024338719834194064,0.01022753176747293,0.014541722806699076,0.3957356076759062,0.535181236673774,0.06908315565031983,0.029971957456176673
06_mean_reversion,ret3_Q4,2024-05,1h,2117,-0.00011482496696968436,8.476976227327025e-05,0.002840738912723406,0.00264459735179734,0.08833254605573926,0.07227208313651394,0.8393953708077468,0.006420980426830718
06_mean_reversion,ret3_Q4,2024-05,4h,2117,0.0003768348683261813,0.0006862978362467191,0.006068642407544456,0.005451340262886406,0.271610769957487,0.2432687765706188,0.4851204534718942,0.013743261425947863
06_mean_reversion,ret3_Q4,2024-05,12h,2117,0.0014154727793695976,0.0027644897282230875,0.010596352883193605,0.008938689290396096,0.4619744922059518,0.3958431743032593,0.14218233349078885,0.023466949533688292
06_mean_reversion,ret3_Q4,2024-06,1h,1500,-0.0005183090634475196,-0.0005514013125802745,0.002081819650218142,0.002571900283631523,0.046,0.06,0.894,0.005914295570183241
06_mean_reversion,ret3_Q4,2024-06,4h,1500,-0.0007674880955209074,-0.0009976672049003582,0.004033041596540943,0.0052629559320832575,0.19466666666666665,0.236,0.5693333333333334,0.011631333212004363
06_mean_reversion,ret3_Q4,2024-06,12h,1500,-0.0006365542677369551,-0.002039255444342537,0.007373929259895773,0.009061024539659013,0.3486666666666667,0.4,0.25133333333333335,0.021566348669615695
06_mean_reversion,ret3_Q4,2024-07,1h,2354,-2.3098790427111826e-05,1.6256254631854083e-05,0.0030728051217090435,0.0029006355052299537,0.08963466440101954,0.07009345794392523,0.8402718776550552,0.007162067826558125
06_mean_reversion,ret3_Q4,2024-07,4h,2354,0.0007398947938356271,0.0003383370464994727,0.006274470499331608,0.006012246112435893,0.2816482582837723,0.2740016992353441,0.4443500424808836,0.014487663878315401
06_mean_reversion,ret3_Q4,2024-07,12h,2354,0.0014020555310461091,0.0003601673612255815,0.011799480307236099,0.011096829041991607,0.46601529311809686,0.45539507221750214,0.07858963466440103,0.02665109102427523
06_mean_reversion,ret3_Q4,2024-08,1h,2400,-0.0003072337534447134,-3.371491293464627e-05,0.0030461358522270165,0.003467915096538654,0.12458333333333334,0.13291666666666666,0.7425,0.007957846139228607
06_mean_reversion,ret3_Q4,2024-08,4h,2400,-0.0002948190456535382,-0.00010774143959021691,0.006235389954498682,0.007488702969261074,0.2783333333333333,0.3595833333333333,0.3620833333333333,0.016690637729457357
06_mean_reversion,ret3_Q4,2024-08,12h,2400,0.0006779465173923915,-0.0003691976744649294,0.012199201868119958,0.014380948898200907,0.41125,0.5083333333333333,0.08041666666666666,0.033007620260384896
06_mean_reversion,ret3_Q4,2024-09,1h,1943,-7.524759779420354e-05,0.00015346393443970292,0.0026893364872049297,0.0026079216859372645,0.08440555841482245,0.05404014410705095,0.8615542974781266,0.0063516355212057335
06_mean_reversion,ret3_Q4,2024-09,4h,1943,0.00039982853639797256,0.0008238974706842864,0.005665981442982471,0.00541419736876525,0.2624806999485332,0.22079258878023675,0.51672671127123,0.012638679641539379
06_mean_reversion,ret3_Q4,2024-09,12h,1943,0.001780398837140984,0.002415960111426957,0.011321277869726476,0.009574883130520018,0.46011322696860524,0.42099845599588265,0.1188883170355121,0.02422512880484426
06_mean_reversion,ret3_Q4,2024-10,1h,1909,-2.4154778703100455e-05,-0.00010744810637611379,0.002417266953147701,0.002548267740218546,0.04819277108433735,0.043478260869565216,0.9083289680460974,0.005778781374828689
06_mean_reversion,ret3_Q4,2024-10,4h,1909,0.0004821206772569475,0.0002804332958701526,0.005163627348355293,0.004970662450977437,0.214772132006286,0.20115243583027764,0.5840754321634364,0.011752310191916086
06_mean_reversion,ret3_Q4,2024-10,12h,1909,0.000998046393131835,0.0017669254250320826,0.009839961980521617,0.008517082209199334,0.44944997380827656,0.36563645887899426,0.18491356731272918,0.021424235329638594
06_mean_reversion,ret3_Q4,2024-11,1h,2504,0.00019259031665275206,0.000427994019156943,0.0032952937639603164,0.0031656404841962082,0.11182108626198083,0.09784345047923322,0.7903354632587859,0.007786221043224852
06_mean_reversion,ret3_Q4,2024-11,4h,2504,0.001304569263349431,0.00202852617046366,0.0072944573196197515,0.005931576468906463,0.3462460063897764,0.2751597444089457,0.37859424920127793,0.01568249169000154
06_mean_reversion,ret3_Q4,2024-11,12h,2504,0.0033413895908993574,0.006402655252938822,0.01511891371191143,0.010243511557889606,0.5131789137380192,0.39456869009584666,0.09225239616613419,0.02894365117619245
06_mean_reversion,ret3_Q4,2024-12,1h,2359,-0.00021453640370294735,-0.00015250782096076795,0.0027656119009720204,0.0030912069119373164,0.08139041966935143,0.10004239084357779,0.8185671894870707,0.00708407533253291
06_mean_reversion,ret3_Q4,2024-12,4h,2352,-0.00037880615208291113,-0.0007977850535280072,0.0056068595481699735,0.006548410158809137,0.22831632653061223,0.3239795918367347,0.4477040816326531,0.014535752048344314
06_mean_reversion,ret3_Q4,2024-12,12h,2319,-0.0005545178014169094,-0.0010751859986801798,0.010459857672563189,0.012124662168787714,0.42000862440707204,0.46959896507115134,0.11039241052177663,0.029345810375215896
06_mean_reversion,ret6_Q1,2024-01,1h,2240,0.0002675402253895509,-0.00027091678036600614,0.00319819505578689,0.0031913757673723286,0.07946428571428571,0.1263392857142857,0.7941964285714286,0.00742349166782563
06_mean_reversion,ret6_Q1,2024-01,4h,2240,0.0007224278483575208,0.00020851741282641704,0.005891392741201207,0.006376899043567974,0.26964285714285713,0.30625,0.42410714285714285,0.014826098522770613
06_mean_reversion,ret6_Q1,2024-01,12h,2240,0.0007368953210062923,-0.000375783542341711,0.010686735927116331,0.011990355615196124,0.40223214285714287,0.49107142857142855,0.10669642857142857,0.02648965280146106
06_mean_reversion,ret6_Q1,2024-02,1h,1743,0.0006467236532701204,0.0007356727267549713,0.0028275960584087656,0.0024453126614507603,0.05737234652897304,0.07401032702237521,0.8686173264486517,0.00628646641651769
06_mean_reversion,ret6_Q1,2024-02,4h,1743,0.002187249053473561,0.002827622829249449,0.006563323842665891,0.00451217247295721,0.2983362019506598,0.168100975329891,0.5335628227194492,0.01273358913281207
06_mean_reversion,ret6_Q1,2024-02,12h,1743,0.004533131642535881,0.0074815564061923865,0.01245220848781825,0.006824656782574157,0.5232358003442341,0.2707974756167527,0.2059667240390132,0.021766950069131832
06_mean_reversion,ret6_Q1,2024-03,1h,2593,0.0007466312074009274,0.00017333570621881313,0.0040916745345898065,0.0038708396137012713,0.1407635942923255,0.21712302352487467,0.6421133821827999,0.010198714565156567
06_mean_reversion,ret6_Q1,2024-03,4h,2593,0.0017310064335818165,0.0010566154799169832,0.00857228365447904,0.00777094738446793,0.36058619359814886,0.3690705746239877,0.27034323177786346,0.020264653479491666
06_mean_reversion,ret6_Q1,2024-03,12h,2593,0.0019663935450129344,0.0026851849267969536,0.015275527756059448,0.014855355746677068,0.4909371384496722,0.44118781334361745,0.06787504820671038,0.035985507504504535
06_mean_reversion,ret6_Q1,2024-04,1h,2514,0.0002466745830282946,2.141226980751521e-05,0.003251607535824985,0.0037114283308212204,0.09984089101034209,0.16388225934765313,0.7362768496420048,0.008517054532671842
06_mean_reversion,ret6_Q1,2024-04,4h,2514,-0.00019696247046219195,-0.0008554965815347613,0.006603044579351791,0.008290827988971405,0.26929196499602226,0.4001591089896579,0.3305489260143198,0.017373598550029665
06_mean_reversion,ret6_Q1,2024-04,12h,2514,-0.0013870914538012813,-0.0026394547147724277,0.010744796658949451,0.015306957992455295,0.39618138424821003,0.5409705648369133,0.06284805091487669,0.032392026252439615
06_mean_reversion,ret6_Q1,2024-05,1h,2095,0.0004368947624908692,0.00024654161645206596,0.0030005587859249783,0.0025535798167060086,0.05536992840095466,0.07255369928400955,0.8720763723150358,0.006547596141972561
06_mean_reversion,ret6_Q1,2024-05,4h,2095,0.0007935749301526407,0.0008897298444812733,0.005659998555643808,0.005232880845087329,0.2801909307875895,0.2477326968973747,0.4720763723150358,0.013581468235924266
06_mean_reversion,ret6_Q1,2024-05,12h,2095,0.0015866065444094524,0.0028816415968070668,0.010678634630494344,0.008492435219193295,0.4711217183770883,0.3742243436754177,0.15465393794749405,0.022342494618690555
06_mean_reversion,ret6_Q1,2024-06,1h,1603,0.00033244777176855145,4.916872236685535e-05,0.0024798500468603546,0.0024518015177936725,0.036805988771054274,0.08172177167810356,0.8814722395508422,0.005660950519117439
06_mean_reversion,ret6_Q1,2024-06,4h,1603,-0.0001942281264315504,-0.0008477042736160989,0.00440173890663087,0.005103741177181709,0.17404865876481598,0.24079850280723644,0.5851528384279476,0.011678332056220377
06_mean_reversion,ret6_Q1,2024-06,12h,1603,-0.0004245298340208592,-0.0015250675611636802,0.007925410706403069,0.00893809060945705,0.34747348721147847,0.42046163443543355,0.23206487835308795,0.021693949259467823
06_mean_reversion,ret6_Q1,2024-07,1h,2344,0.0004141904562176002,0.00021329383161667695,0.0031791986110299986,0.0030683922253537665,0.08831058020477815,0.12244027303754267,0.7892491467576792,0.0077470409114871255
06_mean_reversion,ret6_Q1,2024-07,4h,2344,0.0006545106107684884,0.0001338183422329442,0.006711438930288138,0.006542974952754743,0.29266211604095566,0.3101535836177474,0.3971843003412969,0.015078026140181753
06_mean_reversion,ret6_Q1,2024-07,12h,2344,0.0001838353864380693,0.00048514960802495296,0.010876460752412664,0.011713390073012642,0.4513651877133106,0.47952218430034127,0.06911262798634812,0.026253702767206767
06_mean_reversion,ret6_Q1,2024-08,1h,2441,0.00024267715729875405,-0.0003207310674462743,0.0036353778780744417,0.0037167685082266644,0.10651372388365424,0.17083162638263008,0.7226546497337157,0.008771061430538246
06_mean_reversion,ret6_Q1,2024-08,4h,2441,0.00039438828592452957,4.9939278662910087e-05,0.00673768291144583,0.007835239698547825,0.2634166325276526,0.36952068824252354,0.36706267922982383,0.016832335279366898
06_mean_reversion,ret6_Q1,2024-08,12h,2441,0.0013641261067129928,-0.0008507840837399007,0.012106811626703573,0.0141410769335093,0.4006554690700533,0.5178205653420729,0.08152396558787382,0.031446809124922405
06_mean_reversion,ret6_Q1,2024-09,1h,2045,0.00046683705667049935,0.0004893653825546556,0.002827044001016077,0.0025918917824436782,0.06797066014669927,0.06943765281173594,0.8625916870415647,0.006435152137721789
06_mean_reversion,ret6_Q1,2024-09,4h,2045,0.0007206473628014187,0.0011911999122541336,0.005788001144564792,0.005189536073608614,0.26356968215158927,0.2410757946210269,0.4953545232273839,0.012726984341060385
06_mean_reversion,ret6_Q1,2024-09,12h,2045,0.0018093556859068993,0.0024886490014678713,0.01066846676150135,0.009397532943073439,0.4528117359413203,0.4073349633251834,0.13985330073349633,0.0236057220089299
06_mean_reversion,ret6_Q1,2024-10,1h,1910,0.00023837568468199066,0.0002855498716833431,0.0025897523435437497,0.0025732483403863027,0.05654450261780105,0.07801047120418848,0.8654450261780104,0.005978101836553963
06_mean_reversion,ret6_Q1,2024-10,4h,1910,0.0004226008786490931,0.00042442426756787596,0.005317245040575291,0.004968773471867416,0.22303664921465968,0.22774869109947643,0.5492146596858639,0.01227095471323904
06_mean_reversion,ret6_Q1,2024-10,12h,1910,0.001510314172172067,0.0014166288211812056,0.009472846519991251,0.008831726599445533,0.41832460732984295,0.39267015706806285,0.18900523560209423,0.021541662311969655
06_mean_reversion,ret6_Q1,2024-11,1h,2340,0.0009199028942346033,0.0009093817066691815,0.0034760436351704005,0.0030964821575376056,0.11965811965811966,0.12307692307692308,0.7572649572649572,0.008055005311939908
06_mean_reversion,ret6_Q1,2024-11,4h,2340,0.0016746225707497953,0.0025845328124254417,0.007276563838011674,0.005927502109685123,0.33418803418803417,0.288034188034188,0.37777777777777777,0.016007820575609594
06_mean_reversion,ret6_Q1,2024-11,12h,2340,0.004540935961371839,0.007236740528641508,0.015577849494469387,0.009752727220030344,0.4931623931623932,0.39871794871794874,0.10811965811965812,0.028506843015783462
06_mean_reversion,ret6_Q1,2024-12,1h,2468,0.0007266246942850829,0.0001815043950988026,0.003365015730354304,0.0029766236404891733,0.08670988654781199,0.12277147487844409,0.7905186385737439,0.007495434477166572
06_mean_reversion,ret6_Q1,2024-12,4h,2454,0.0010051785553381043,0.00033982637758215385,0.006770079361234638,0.006313028751693317,0.267318663406683,0.3162184189079055,0.41646291768541155,0.014842415884175243
06_mean_reversion,ret6_Q1,2024-12,12h,2420,0.0010257732954217502,0.0007784674414283286,0.012152524097627349,0.011404101864376681,0.47024793388429753,0.42644628099173554,0.10330578512396695,0.029397767924204607
06_mean_reversion,ret6_Q1_bull,2024-01,1h,891,-0.00014578559647371314,-0.00036401631694440436,0.002694087581318838,0.002753935551216169,0.07856341189674523,0.10325476992143659,0.8181818181818182,0.006407514697111692
06_mean_reversion,ret6_Q1_bull,2024-01,4h,891,-5.873444544901574e-05,-0.00011915250257149848,0.004622918772672291,0.005594373865698721,0.24242424242424243,0.27946127946127947,0.4781144781144781,0.01296186639486149
06_mean_reversion,ret6_Q1_bull,2024-01,12h,891,-0.0010018386055001827,0.00044275022960169,0.010072683125911919,0.012312336759427,0.36363636363636365,0.5095398428731762,0.12682379349046016,0.026365270610940447
06_mean_reversion,ret6_Q1_bull,2024-02,1h,935,0.00033991683991674293,0.0006490216239948481,0.0027962873454305814,0.002469644729367615,0.06951871657754011,0.0748663101604278,0.8556149732620321,0.006154964011521788
06_mean_reversion,ret6_Q1_bull,2024-02,4h,935,0.0015920075623159224,0.002629781752363951,0.00659287938590869,0.004484833730209914,0.3358288770053476,0.1657754010695187,0.4983957219251337,0.012902639013933022
06_mean_reversion,ret6_Q1_bull,2024-02,12h,935,0.003962610616242701,0.006538559861396096,0.012470106042441698,0.00721554591202378,0.5358288770053476,0.27807486631016043,0.18609625668449198,0.02183482496947632
06_mean_reversion,ret6_Q1_bull,2024-03,1h,1193,0.0004040845083834732,-0.00011181117152831133,0.003693121931505061,0.003271424917287824,0.11902766135792121,0.1567476948868399,0.7242246437552389,0.00886623424534221
06_mean_reversion,ret6_Q1_bull,2024-03,4h,1193,0.0016279519108173268,0.0003721042875428717,0.008576217640219097,0.007469653626235195,0.3704945515507125,0.34450963956412406,0.28499580888516346,0.018054049693449467
06_mean_reversion,ret6_Q1_bull,2024-03,12h,1193,0.0013270951330313085,0.0023977055630835537,0.014009552113505075,0.013870469758095916,0.49958088851634536,0.44341994970662196,0.05699916177703269,0.0323324591633587
06_mean_reversion,ret6_Q1_bull,2024-04,1h,1013,-0.00018062257369577672,-8.241693275114789e-05,0.0027080778860735233,0.00313420550934973,0.05824284304047384,0.12043435340572557,0.8213228035538006,0.0069440108915984
06_mean_reversion,ret6_Q1_bull,2024-04,4h,1013,-0.0010645260122889022,-0.0012419331313024322,0.0054938040811245425,0.007108751096898125,0.23395853899308983,0.36327739387956565,0.4027640671273445,0.015571856414494725
06_mean_reversion,ret6_Q1_bull,2024-04,12h,1013,-0.002656561085972897,-0.0046568325434739165,0.009984352279193365,0.013396337436239247,0.3820335636722606,0.5241855873642646,0.09378084896347483,0.029444060635017314
06_mean_reversion,ret6_Q1_bull,2024-05,1h,932,-0.0001447399665642779,-7.120562802373903e-05,0.002528540415139835,0.0024437013054790513,0.05042918454935622,0.06974248927038626,0.8798283261802575,0.005962970496318051
06_mean_reversion,ret6_Q1_bull,2024-05,4h,932,-0.00048752870733176357,0.0003199807971867234,0.004765838077924078,0.005258293362049138,0.27896995708154504,0.25643776824034337,0.4645922746781116,0.013586082573216814
06_mean_reversion,ret6_Q1_bull,2024-05,12h,932,0.0008592542157908056,0.0019104455908415317,0.009956848766447424,0.00888132796556973,0.4184549356223176,0.41952789699570814,0.16201716738197425,0.02378014725057947
06_mean_reversion,ret6_Q1_bull,2024-06,1h,624,0.00014646834291687227,0.00014618557366418905,0.001986365415995839,0.0021458247277684195,0.03205128205128205,0.03365384615384615,0.9342948717948718,0.004992133706485622
06_mean_reversion,ret6_Q1_bull,2024-06,4h,624,-2.1321621238024058e-05,-0.0008721159992056748,0.004235173592867625,0.004426180885172437,0.1875,0.1794871794871795,0.6330128205128205,0.010263131359132451
06_mean_reversion,ret6_Q1_bull,2024-06,12h,624,0.00027495728800353003,-0.001525307693211222,0.00824713733243776,0.007380036926672162,0.3782051282051282,0.34455128205128205,0.27724358974358976,0.020375101575086912
06_mean_reversion,ret6_Q1_bull,2024-07,1h,1051,0.00035438372669927,0.0005460634485344722,0.0031110235251581297,0.002477735634954681,0.10371075166508087,0.09324452901998097,0.8030447193149381,0.0070357037231940055
06_mean_reversion,ret6_Q1_bull,2024-07,4h,1051,0.0006178755580044104,0.0008318926166820473,0.007118625944804169,0.005603864861066121,0.3235014272121789,0.2730732635585157,0.4034253092293054,0.015032120856556166
06_mean_reversion,ret6_Q1_bull,2024-07,12h,1051,0.0008610124562036248,-0.0007511738911257878,0.011185882356280485,0.01076376132901602,0.4785918173168411,0.4548049476688868,0.06660323501427212,0.028412539023027164
06_mean_reversion,ret6_Q1_bull,2024-08,1h,949,0.0001299381415695855,-7.2119312507689e-05,0.003282716404114261,0.0031034945785357593,0.08956796628029505,0.12750263435194942,0.7829293993677555,0.00789008174402832
06_mean_reversion,ret6_Q1_bull,2024-08,4h,949,-0.0007795743960268275,-0.0009693619240798293,0.005818474190536271,0.0069056231502795384,0.24973656480505796,0.3519494204425711,0.39831401475237094,0.016487931563043328
06_mean_reversion,ret6_Q1_bull,2024-08,12h,949,0.0007034453114667105,0.0003282551975497902,0.010738302397610422,0.0141410769335093,0.40463645943098,0.47523709167544786,0.12012644889357219,0.031028008455345243
06_mean_reversion,ret6_Q1_bull,2024-09,1h,865,0.0003200356523140879,0.0004925097075921176,0.002732693209145598,0.0023537932283179686,0.08901734104046242,0.06705202312138728,0.8439306358381503,0.006103316975043468
06_mean_reversion,ret6_Q1_bull,2024-09,4h,865,0.000204881132512158,0.0007859191756131724,0.005518315195578438,0.00529205336661509,0.2809248554913295,0.23930635838150288,0.4797687861271676,0.012619392714586829
06_mean_reversion,ret6_Q1_bull,2024-09,12h,865,0.0013502486516774326,0.0020070100359989625,0.010972692928558736,0.009856025284655567,0.4508670520231214,0.4508670520231214,0.09826589595375723,0.0226824066632584
06_mean_reversion,ret6_Q1_bull,2024-10,1h,836,-9.938387901159418e-05,-2.8522972338181917e-05,0.002243820505596239,0.002369996969335264,0.05382775119617225,0.05980861244019139,0.8863636363636364,0.005136025668267031
06_mean_reversion,ret6_Q1_bull,2024-10,4h,836,-0.0001915127399691463,0.0001511943387677632,0.004484603410915167,0.004973444345694689,0.18660287081339713,0.2069377990430622,0.6064593301435407,0.011330618822038499
06_mean_reversion,ret6_Q1_bull,2024-10,12h,836,0.0012511734686344589,0.002128896414892577,0.010207003378762125,0.007358807253144917,0.41866028708133973,0.36363636363636365,0.21770334928229665,0.021160418215400642
06_mean_reversion,ret6_Q1_bull,2024-11,1h,1107,0.00045291496068688986,0.0005442668315521416,0.0032024221956972188,0.0029870092838476525,0.0993676603432701,0.12104787714543812,0.7795844625112918,0.007438608692149571
06_mean_reversion,ret6_Q1_bull,2024-11,4h,1107,0.0006782325824643554,0.0015336343235298716,0.007140098691267971,0.005879031326440409,0.33604336043360433,0.2836495031616983,0.3803071364046974,0.015649329162581035
06_mean_reversion,ret6_Q1_bull,2024-11,12h,1107,0.003362397513944515,0.005942500518925377,0.01450778519016227,0.011024952546349054,0.4959349593495935,0.4146341463414634,0.08943089430894309,0.029263029107653007
06_mean_reversion,ret6_Q1_bull,2024-12,1h,997,0.00010969648911318686,-0.0003745444511848537,0.0027506646672983415,0.0027970123385465673,0.055165496489468405,0.10531594784353059,0.839518555667001,0.006550019249331635
06_mean_reversion,ret6_Q1_bull,2024-12,4h,997,9.361717109857004e-05,-0.00099581274368984,0.0060017824129317,0.0061534300059694624,0.22367101303911735,0.3229689067201605,0.45336008024072216,0.013794466403162143
06_mean_reversion,ret6_Q1_bull,2024-12,12h,974,-0.0020096942273785667,-0.0017443634089479875,0.011150651407787593,0.012226220082879824,0.46611909650924027,0.4404517453798768,0.09342915811088295,0.02789659269361362
06_mean_reversion,ret6_Q1_bear,2024-01,1h,1349,0.0007095932428411444,-0.0002094255371552183,0.0036250175290981623,0.003610329227698328,0.08005930318754632,0.14158636026686433,0.7783543365455893,0.008335420098846812
06_mean_reversion,ret6_Q1_bear,2024-01,4h,1349,0.0014572947911886125,0.00042493986992022195,0.006783991958395186,0.007043628048995165,0.2876204595997035,0.323943661971831,0.38843587842846555,0.015622115307525183
06_mean_reversion,ret6_Q1_bear,2024-01,12h,1349,0.001594707321122213,-0.0009164163005341273,0.010950222482794203,0.011779181391148641,0.42772424017790955,0.4788732394366197,0.09340252038547071,0.026531176064640817
06_mean_reversion,ret6_Q1_bear,2024-02,1h,808,0.000993415908371098,0.000835943495419223,0.00288118311634622,0.0024141094164859545,0.043316831683168314,0.07301980198019802,0.8836633663366337,0.0063941996580035056
06_mean_reversion,ret6_Q1_bear,2024-02,4h,808,0.002685790861749471,0.0030565602140117526,0.00650728350589036,0.0045465941192663895,0.25495049504950495,0.1707920792079208,0.5742574257425742,0.012603497231723227
06_mean_reversion,ret6_Q1_bear,2024-02,12h,808,0.005245933897539801,0.008572771467311857,0.012375157712917417,0.006420810327154469,0.5086633663366337,0.2623762376237624,0.22896039603960397,0.02133038008346728
06_mean_reversion,ret6_Q1_bear,2024-03,1h,1400,0.0009988394680827684,0.00041632158132761277,0.004347206749546695,0.004585515196161183,0.15928571428571428,0.26857142857142857,0.5721428571428572,0.011421501355109089
06_mean_reversion,ret6_Q1_bear,2024-03,4h,1400,0.0017745399892001856,0.0016399168031329223,0.00856497052288141,0.00844674498474296,0.35214285714285715,0.39,0.25785714285714284,0.021751259320910356
06_mean_reversion,ret6_Q1_bear,2024-03,12h,1400,0.002498271022584153,0.002930158413161301,0.016640183717786083,0.015930462182511762,0.4835714285714286,0.4392857142857143,0.07714285714285714,0.04018925201584694
06_mean_reversion,ret6_Q1_bear,2024-04,1h,1501,0.0006497670096659025,9.148487619787212e-05,0.0036487266956570785,0.004224151294372924,0.1279147235176549,0.1932045303131246,0.6788807461692206,0.009621790978171627
06_mean_reversion,ret6_Q1_bear,2024-04,4h,1501,0.0005162368131652606,-0.0005946969646695707,0.007378951403722356,0.009105927378716627,0.2931379080612925,0.42504996668887407,0.28181212524983346,0.019641902791671807
06_mean_reversion,ret6_Q1_bear,2024-04,12h,1501,-0.00022406449650125282,-0.0012779598843429745,0.011405279746825148,0.01681321091659982,0.4057295136575616,0.5522984676882079,0.04197201865423051,0.0338291302203537
06_mean_reversion,ret6_Q1_bear,2024-05,1h,1163,0.0009712284170042551,0.0005011765535556345,0.003443668985119608,0.0026420111001950186,0.05932932072226999,0.07480653482373173,0.8658641444539983,0.007082887608655905
06_mean_reversion,ret6_Q1_bear,2024-05,4h,1163,0.0015744658197798245,0.001346312915915943,0.006338888004900456,0.005183645390919311,0.28116938950988823,0.2407566638005159,0.47807394668959585,0.013571799676006559
06_mean_reversion,ret6_Q1_bear,2024-05,12h,1163,0.002035172084614123,0.003659934526781168,0.011116746164013591,0.008281560727570136,0.5133276010318143,0.3379191745485813,0.14875322441960448,0.021156067860039526
06_mean_reversion,ret6_Q1_bear,2024-06,1h,979,0.00049380453565262,-1.2668371820617803e-05,0.0028506985583560684,0.002603758447249027,0.03983656792645557,0.11235955056179775,0.8478038815117467,0.006478816498012248
06_mean_reversion,ret6_Q1_bear,2024-06,4h,979,-0.0002499343163426815,-0.0008321446037816806,0.004519823245623167,0.005591185088395845,0.16547497446373852,0.27987742594484166,0.5546475995914198,0.012337499184232891
06_mean_reversion,ret6_Q1_bear,2024-06,12h,979,-0.0005639982460954318,-0.001524914504577709,0.007822219318598167,0.010835091325636759,0.32788559754851887,0.46884576098059244,0.20326864147088866,0.021781750488142952
06_mean_reversion,ret6_Q1_bear,2024-07,1h,1293,0.00043684473290062087,-5.719407819044049e-05,0.0032762857200563378,0.003578059610919171,0.07579273008507348,0.14617169373549885,0.7780355761794276,0.008214472852839475
06_mean_reversion,ret6_Q1_bear,2024-07,4h,1293,0.000654672921284627,-0.0004336032064491961,0.006161005933719821,0.007195259593679504,0.2675947409126063,0.3402938901778809,0.39211136890951276,0.015119434736362175
06_mean_reversion,ret6_Q1_bear,2024-07,12h,1293,-0.0002959017606154468,0.001490080774001309,0.010603455429374353,0.012421057407295377,0.42923433874709976,0.49961330239752516,0.0711523588553751,0.0252346307813389
06_mean_reversion,ret6_Q1_bear,2024-08,1h,1492,0.00037307907512074134,-0.0004788628070151198,0.003916377975347052,0.004102640154545312,0.11729222520107238,0.19839142091152814,0.6843163538873994,0.009288250458213135
06_mean_reversion,ret6_Q1_bear,2024-08,4h,1492,0.0015189379360865951,0.0006982749632492768,0.007127714467819679,0.008238122565367767,0.27211796246648795,0.3806970509383378,0.34718498659517427,0.01752726465269798
06_mean_reversion,ret6_Q1_bear,2024-08,12h,1492,0.0019248507107492152,-0.0016007226078309975,0.01295268666431848,0.01415307051747694,0.39812332439678283,0.5449061662198391,0.05697050938337802,0.03205988287409607
06_mean_reversion,ret6_Q1_bear,2024-09,1h,1180,0.0005903551896485615,0.0004870604324212616,0.002907986199247259,0.0027804607233899437,0.05254237288135593,0.0711864406779661,0.8762711864406779,0.0067118922214822905
06_mean_reversion,ret6_Q1_bear,2024-09,4h,1180,0.0010988382158957366,0.0014882912997070412,0.0059375441500016946,0.005182265200629366,0.25084745762711863,0.2423728813559322,0.5067796610169492,0.012994852194862514
06_mean_reversion,ret6_Q1_bear,2024-09,12h,1180,0.0021027942944433775,0.00284171485327347,0.010376887969336446,0.00906849146991845,0.4542372881355932,0.37542372881355934,0.17033898305084746,0.024224687662845017
06_mean_reversion,ret6_Q1_bear,2024-10,1h,1074,0.0006363359038658034,0.000530023705577193,0.002894415825728802,0.002768471734490574,0.05865921787709497,0.09217877094972067,0.8491620111731844,0.006648490987788327
06_mean_reversion,ret6_Q1_bear,2024-10,4h,1074,0.0011330946510840212,0.0006371060370994349,0.005896579814941738,0.004948992558361287,0.25139664804469275,0.24394785847299813,0.5046554934823091,0.013225800720954143
06_mean_reversion,ret6_Q1_bear,2024-10,12h,1074,0.0016513971066005606,0.0008622007873425595,0.009206380255063373,0.009736042357572416,0.4180633147113594,0.41527001862197394,0.16666666666666666,0.022215520829076338
06_mean_reversion,ret6_Q1_bear,2024-11,1h,1233,0.0012992580617221527,0.0012371855726501738,0.003808583395273457,0.0032608856098809147,0.137875101378751,0.12489862124898621,0.7372262773722628,0.008660183844175804
06_mean_reversion,ret6_Q1_bear,2024-11,4h,1233,0.002529721103353255,0.0035280402148645308,0.007397775348484181,0.005934201723592714,0.33252230332522303,0.291970802919708,0.37550689375506896,0.016298995961583587
06_mean_reversion,ret6_Q1_bear,2024-11,12h,1233,0.005688166525366967,0.008398722435174973,0.016502364066193875,0.009048746617291048,0.4906731549067315,0.3844282238442822,0.12489862124898621,0.027965173875299922
06_mean_reversion,ret6_Q1_bear,2024-12,1h,1471,0.0012218859421526673,0.0005583777463869095,0.0038167326642044586,0.003115028671305975,0.10808973487423522,0.13460231135282122,0.7573079537729436,0.008141383289571352
06_mean_reversion,ret6_Q1_bear,2024-12,4h,1457,0.0016651547736745709,0.0012537812189741765,0.007319876702944317,0.0064668840956477736,0.29718599862731643,0.31159917638984214,0.39121482498284144,0.015570968688176562
06_mean_reversion,ret6_Q1_bear,2024-12,12h,1446,0.0027884592893722138,0.0024778016380165246,0.012632442889367823,0.011076702333097044,0.4730290456431535,0.4170124481327801,0.10995850622406639,0.029829009771061718
06_mean_reversion,ret6_Q2,2024-01,1h,2214,-1.8253053538086483e-06,3.326824171757322e-05,0.0020267782268339474,0.0021894960906438943,0.03342366757000903,0.04697380307136405,0.919602529358627,0.004927023335920065
06_mean_reversion,ret6_Q2,2024-01,4h,2214,-9.394483741054227e-05,6.12529523184737e-05,0.004079075088474049,0.004963741601421878,0.16892502258355918,0.21183378500451672,0.6192411924119241,0.010788802239656194
06_mean_reversion,ret6_Q2,2024-01,12h,2214,0.0006103880368102388,0.0005930117951467003,0.008817300494782798,0.010132507225226628,0.34372177055103886,0.44579945799457993,0.2104787714543812,0.02086087192246194
06_mean_reversion,ret6_Q2,2024-02,1h,2360,0.00012090146376553257,0.000321971211806576,0.0018218656535183841,0.0017666142493993897,0.027966101694915254,0.021610169491525423,0.9504237288135593,0.004275583339205901
06_mean_reversion,ret6_Q2,2024-02,4h,2360,0.0002823485410299309,0.0015973183840374441,0.004306341716939999,0.00396337908016936,0.17542372881355933,0.10550847457627119,0.7190677966101695,0.009462363699670039
06_mean_reversion,ret6_Q2,2024-02,12h,2360,0.0012209351993797135,0.005729671431220777,0.00889101938218173,0.006757358407931069,0.4271186440677966,0.2796610169491525,0.29322033898305083,0.01771484502475397
06_mean_reversion,ret6_Q2,2024-03,1h,1758,0.0005221021208371424,0.0005358443145900487,0.002757988504509923,0.0024952844322323475,0.0813424345847554,0.07281001137656427,0.8458475540386803,0.006139043672835456
06_mean_reversion,ret6_Q2,2024-03,4h,1758,0.0014250752433829783,0.0008999924211627506,0.0063602320665576695,0.004716067324175288,0.30887372013651876,0.23890784982935154,0.4522184300341297,0.013889829742976518
06_mean_reversion,ret6_Q2,2024-03,12h,1758,0.0019758664020431693,0.002693981216979668,0.012314614328056028,0.009002049547594537,0.5056882821387941,0.34186575654152446,0.15244596131968147,0.026990470410579896
06_mean_reversion,ret6_Q2,2024-04,1h,1904,-7.19860430571928e-05,-0.0005382713892143311,0.00246785347226397,0.0028142999211369646,0.05357142857142857,0.08823529411764706,0.8581932773109243,0.006148415747111313
06_mean_reversion,ret6_Q2,2024-04,4h,1904,-0.0005514638120944215,-0.0011988718264113517,0.005323025850952456,0.005903941086145836,0.21743697478991597,0.32037815126050423,0.46218487394957986,0.013387067294918752
06_mean_reversion,ret6_Q2,2024-04,12h,1904,-0.00040855455307003963,-0.002820814785889106,0.010019641625124365,0.012499728008080468,0.4054621848739496,0.5141806722689075,0.08035714285714286,0.026354815871298242
06_mean_reversion,ret6_Q2,2024-05,1h,2368,-7.946597596619753e-08,4.642353882154943e-06,0.0019575124387848364,0.0020101106814380265,0.02956081081081081,0.04560810810810811,0.924831081081081,0.004867671366898529
06_mean_reversion,ret6_Q2,2024-05,4h,2368,0.0010293524544391364,0.0005549040600215961,0.004895135763675285,0.004403598880535764,0.1875,0.20185810810810811,0.6106418918918919,0.011217645358762626
06_mean_reversion,ret6_Q2,2024-05,12h,2368,0.0010913982224927121,0.0021134134212275274,0.009517645283402154,0.007420672700628073,0.42440878378378377,0.35388513513513514,0.22170608108108109,0.020207455364293282
06_mean_reversion,ret6_Q2,2024-06,1h,2801,0.0001236730367029093,0.00010274896690632339,0.0013530962273651248,0.0012796723161278,0.017493752231345947,0.019635844341306677,0.9628704034273474,0.0031723981900452754
06_mean_reversion,ret6_Q2,2024-06,4h,2801,0.0001191400604025894,8.662361796578285e-05,0.0030088300097681486,0.0026852895822087053,0.12852552659764369,0.10639057479471617,0.7650838986076401,0.007342881339871756
06_mean_reversion,ret6_Q2,2024-06,12h,2801,0.0006804189974993768,-0.0004905469098352388,0.0063063490896648755,0.00542809102221431,0.30346304891110315,0.24134237772224207,0.45519457336665475,0.015542887440087487
06_mean_reversion,ret6_Q2,2024-07,1h,2104,0.00013550154906616374,1.9812543893475325e-05,0.0023471355802666682,0.0021686480196974056,0.034695817490494295,0.039923954372623575,0.9253802281368821,0.005379689883908231
06_mean_reversion,ret6_Q2,2024-07,4h,2104,0.0007643989672339035,0.000170079539987031,0.0057255066334599425,0.005161397325290307,0.2338403041825095,0.2523764258555133,0.5137832699619772,0.012582653707016906
06_mean_reversion,ret6_Q2,2024-07,12h,2104,0.001509861812101665,0.0011411853037679805,0.011160573629648951,0.010842243155449294,0.4876425855513308,0.435361216730038,0.07699619771863118,0.02422555789992238
06_mean_reversion,ret6_Q2,2024-08,1h,2062,0.0001248383355694216,-3.760482222313202e-05,0.002267191228091159,0.0024301215091813155,0.0489815712900097,0.07807953443258972,0.8729388942774006,0.0055672615310388435
06_mean_reversion,ret6_Q2,2024-08,4h,2062,0.0003934361445502299,-0.0005199359987556208,0.005236749414448627,0.005088230467542532,0.20077594568380214,0.26285160038797284,0.5363724539282251,0.012489407158985538
06_mean_reversion,ret6_Q2,2024-08,12h,2062,0.00011375498612675727,-0.0014042185979493947,0.010082382216251462,0.011229574839253298,0.3957322987390883,0.42919495635305527,0.17507274490785646,0.0258459194865189
06_mean_reversion,ret6_Q2,2024-09,1h,2361,6.441424902581261e-06,-6.648202734224097e-06,0.0018438844499077955,0.0020416367778399724,0.0241423125794155,0.033460398136382886,0.9423972892842016,0.0047169657957092884
06_mean_reversion,ret6_Q2,2024-09,4h,2361,0.00010924941825107837,0.00020278326871163058,0.004196352583586638,0.004547607356884975,0.17407878017789072,0.17534942820838628,0.650571791613723,0.010540152948631384
06_mean_reversion,ret6_Q2,2024-09,12h,2361,0.0001898137523412835,0.00025739274144472057,0.007244214477431177,0.00822033071941064,0.3354510800508259,0.35747564591274883,0.30707327403642526,0.020023756999830306
06_mean_reversion,ret6_Q2,2024-10,1h,2562,0.0002963171065144543,0.00033310618177705164,0.0017275494704855898,0.0015754295260092532,0.02966432474629196,0.02419984387197502,0.9461358313817331,0.004074138261461456
06_mean_reversion,ret6_Q2,2024-10,4h,2562,0.0007096843839485834,0.0010497186604338212,0.004326041851235862,0.0030855898427767925,0.18462138953942234,0.10811865729898516,0.7072599531615925,0.009162178155214265
06_mean_reversion,ret6_Q2,2024-10,12h,2562,0.0012920102198061834,0.0018670198379657447,0.008320576981286743,0.0057432686741293315,0.41451990632318503,0.28415300546448086,0.3013270882123341,0.018228955218220003
06_mean_reversion,ret6_Q2,2024-11,1h,1857,0.00016967903221165592,0.00013316783152147717,0.002284882068313232,0.00235271278150051,0.053850296176628974,0.06569736133548734,0.8804523424878837,0.005473644573556719
06_mean_reversion,ret6_Q2,2024-11,4h,1857,1.4630580036367746e-07,0.0012063568468036756,0.004855227105220461,0.004840774654652935,0.24394184168012925,0.2035541195476575,0.5525040387722132,0.012099101931555238
06_mean_reversion,ret6_Q2,2024-11,12h,1857,0.0010569913535234399,0.004023854605193627,0.00951029036749218,0.009449171823807778,0.4114162627894453,0.4044157242864836,0.1841680129240711,0.0233687300566652
06_mean_reversion,ret6_Q2,2024-12,1h,1985,0.00022638594809110124,6.95202243329864e-05,0.00235579970420452,0.0022852499784746794,0.04130982367758186,0.0508816120906801,0.9078085642317381,0.005469535525992898
06_mean_reversion,ret6_Q2,2024-12,4h,1978,0.0005327436767650351,0.0003978171982827557,0.00529503005978138,0.0047659060129260356,0.2032355915065723,0.2345803842264914,0.5621840242669363,0.01152319609827238
06_mean_reversion,ret6_Q2,2024-12,12h,1959,0.0012751480955752736,0.00026842518742337807,0.010472110936420531,0.009361483312731678,0.43644716692189894,0.38029606942317506,0.183256763654926,0.023358170955329677
06_mean_reversion,ret6_Q3,2024-01,1h,2233,-0.00011714740071699925,-3.8984633375594375e-05,0.0019135229158837586,0.002155054890120023,0.03000447828034035,0.03672189879086431,0.9332736229287953,0.0048827321163744854
06_mean_reversion,ret6_Q3,2024-01,4h,2233,4.609814318068395e-05,-0.0001573902670278089,0.00395915375370226,0.004882141602514545,0.18271383788625167,0.22122704881325572,0.5960591133004927,0.011127589057851463
06_mean_reversion,ret6_Q3,2024-01,12h,2233,0.00014738400590696976,0.0003615849705211253,0.008898639649596474,0.010199450863909498,0.3510971786833856,0.44603672189879084,0.20286609941782355,0.022027863443347565
06_mean_reversion,ret6_Q3,2024-02,1h,2231,4.4675782986836055e-05,0.00044898602700284306,0.0019386298670975854,0.0018230788927203756,0.05154639175257732,0.02689376961004034,0.9215598386373823,0.004404095116230634
06_mean_reversion,ret6_Q3,2024-02,4h,2231,0.0004394746052442944,0.0019399509666725135,0.0047631810613779635,0.003834292913669768,0.22904527117884357,0.11071268489466607,0.6602420439264903,0.00998155326753213
06_mean_reversion,ret6_Q3,2024-02,12h,2231,0.002122295820271791,0.006248398676966114,0.01011353608030885,0.0065523673328590215,0.4603316898251905,0.27610936799641417,0.2635589421783953,0.018605153244211543
06_mean_reversion,ret6_Q3,2024-03,1h,1902,0.00012807093623423693,0.0003713021822554111,0.0028283033989332518,0.0024759484232311224,0.08675078864353312,0.06466876971608833,0.8485804416403786,0.006316635026166621
06_mean_reversion,ret6_Q3,2024-03,4h,1902,0.001134886053695161,0.0009102299083587606,0.006014447896925734,0.004857189691234609,0.2949526813880126,0.23449001051524712,0.4705573080967403,0.013715646502526446
06_mean_reversion,ret6_Q3,2024-03,12h,1902,0.0018170319452897044,0.002568294135391394,0.012278771715335313,0.009013138827000833,0.49842271293375395,0.3312302839116719,0.17034700315457413,0.02708061397996712
06_mean_reversion,ret6_Q3,2024-04,1h,1882,-0.00030797441750729515,-0.00022770080476130412,0.0023368089541085935,0.0025319876110961315,0.05791710945802338,0.07013815090329437,0.8719447396386822,0.005978616970851185
06_mean_reversion,ret6_Q3,2024-04,4h,1882,-0.0004691148311083415,-0.0011298596757954931,0.005456438575721201,0.005810656994647834,0.22051009564293306,0.30605738575983,0.473432518597237,0.013604803996003022
06_mean_reversion,ret6_Q3,2024-04,12h,1882,-0.00024223949632445896,-0.0030892309609559508,0.00954098862378916,0.012332729863709813,0.39744952178533477,0.5154091392136025,0.0871413390010627,0.026826963267691226
06_mean_reversion,ret6_Q3,2024-05,1h,2286,4.593922418438812e-05,0.0002295114906512979,0.002239646958148489,0.0019851536060781494,0.04068241469816273,0.04024496937882765,0.9190726159230096,0.004977778223987039
06_mean_reversion,ret6_Q3,2024-05,4h,2286,0.000425415198971657,0.00045129833135319964,0.0049753063953769106,0.004275452009255776,0.19203849518810148,0.178915135608049,0.6290463692038495,0.01115230669211028
06_mean_reversion,ret6_Q3,2024-05,12h,2286,0.0008943068628513018,0.0015053556019980355,0.009375665516945353,0.007572738650195754,0.4199475065616798,0.3670166229221347,0.21303587051618547,0.02080594298253175
06_mean_reversion,ret6_Q3,2024-06,1h,2806,-0.00012660005257159046,-0.00011714961323189677,0.001228477902317504,0.0014267432198166174,0.01781895937277263,0.021382751247327157,0.9607982893799002,0.0032907142436258896
06_mean_reversion,ret6_Q3,2024-06,4h,2806,-9.08342656490424e-05,-8.653057814003628e-05,0.0028510967927070086,0.0028633290013959645,0.12829650748396293,0.10548823948681398,0.7662152530292231,0.0075817686525187535
06_mean_reversion,ret6_Q3,2024-06,12h,2806,0.0001181573742481401,-0.0007970715827035263,0.00608096163504479,0.00545194872927246,0.27904490377761937,0.23093371347113328,0.49002138275124735,0.014367936012027089
06_mean_reversion,ret6_Q3,2024-07,1h,2128,5.349928144771088e-05,2.2973030064477863e-05,0.002443709541022465,0.002256403805110052,0.050281954887218046,0.046992481203007516,0.9027255639097744,0.005639496867280843
06_mean_reversion,ret6_Q3,2024-07,4h,2128,0.0006198228364209246,8.68204292059318e-05,0.005682745479578477,0.005062656596588722,0.24342105263157895,0.24906015037593984,0.5075187969924813,0.012804842306295335
06_mean_reversion,ret6_Q3,2024-07,12h,2128,0.0018162496977063292,0.00031852943326916513,0.011381462585934421,0.01066621370440618,0.49107142857142855,0.4299812030075188,0.07894736842105263,0.0246872290795005
06_mean_reversion,ret6_Q3,2024-08,1h,2104,2.134963842281845e-05,-6.123264062285694e-05,0.002267729694959808,0.0022700274336808213,0.046102661596958174,0.06701520912547529,0.8868821292775665,0.0054598172401091865
06_mean_reversion,ret6_Q3,2024-08,4h,2104,-0.00019787771832402434,-0.0007176120738620492,0.005428331792600605,0.005351355687426673,0.2005703422053232,0.2723384030418251,0.5270912547528517,0.012659811469959745
06_mean_reversion,ret6_Q3,2024-08,12h,2104,-0.0009999328871171942,-0.002112059712576756,0.009593623718018307,0.012258899785147104,0.3754752851711027,0.4629277566539924,0.16159695817490494,0.027355341312993657
06_mean_reversion,ret6_Q3,2024-09,1h,2208,-0.00010701355688752523,-0.00011204769897184768,0.0019241887642801325,0.0019700544773457174,0.03125,0.035778985507246376,0.9329710144927537,0.004777646745790525
06_mean_reversion,ret6_Q3,2024-09,4h,2208,2.279012513151102e-07,2.000741673980322e-05,0.004092181306129872,0.004787737770031331,0.17119565217391305,0.19067028985507245,0.6381340579710145,0.010636687282111715
06_mean_reversion,ret6_Q3,2024-09,12h,2208,0.0005641588127938135,0.0014221224397743058,0.007682367927397626,0.008437798427437526,0.34103260869565216,0.38315217391304346,0.2758152173913043,0.02131758449749218
06_mean_reversion,ret6_Q3,2024-10,1h,2514,8.300871060173964e-05,0.00016686272627320237,0.0017276802447270256,0.0016467878549474846,0.02545743834526651,0.018297533810660304,0.9562450278440732,0.0039934425453726444
06_mean_reversion,ret6_Q3,2024-10,4h,2514,0.0003141707232927615,0.0005171875044686024,0.0039406630527623054,0.003650146989852554,0.1575178997613365,0.1280827366746221,0.7143993635640413,0.009226116559817605
06_mean_reversion,ret6_Q3,2024-10,12h,2514,0.0011108766897628408,0.0012581616893892872,0.007802522246140864,0.006552706370184458,0.3898170246618934,0.31742243436754175,0.29276054097056486,0.01796831680372371
06_mean_reversion,ret6_Q3,2024-11,1h,1910,0.00011947098351250407,0.0002965212301717998,0.0023640551689504408,0.0022782728898110838,0.059162303664921465,0.04502617801047121,0.8958115183246074,0.00533747682230752
06_mean_reversion,ret6_Q3,2024-11,4h,1910,0.00035135592477597566,0.001276340952404306,0.0051013338092800176,0.004798971997477142,0.256020942408377,0.18272251308900522,0.5612565445026177,0.011702338293236426
06_mean_reversion,ret6_Q3,2024-11,12h,1910,0.0006180849545767142,0.004067453766688301,0.009555378076123278,0.009556016046950389,0.42094240837696334,0.3968586387434555,0.18219895287958116,0.023903882856748
06_mean_reversion,ret6_Q3,2024-12,1h,2132,-0.00012261490903575645,-0.00016727011356465607,0.002037861492796056,0.0023767604657585206,0.038461538461538464,0.04924953095684803,0.9122889305816135,0.00534393125939822
06_mean_reversion,ret6_Q3,2024-12,4h,2123,0.0002318544538200129,-6.093096128467322e-05,0.005214556916317781,0.004797003969575386,0.18134715025906736,0.22091380122468204,0.5977390485162506,0.01113118561362323
06_mean_reversion,ret6_Q3,2024-12,12h,2108,0.0010446391944763933,2.6894142803044272e-05,0.010637766730407394,0.009801336384399395,0.4416508538899431,0.3937381404174573,0.16461100569259962,0.023476607093595336
06_mean_reversion,ret6_Q4,2024-01,1h,2192,0.00018518584625559775,0.000369027506594461,0.0029240316448073678,0.002940480956349356,0.10401459854014598,0.06934306569343066,0.8266423357664233,0.00694343733035265
06_mean_reversion,ret6_Q4,2024-01,4h,2192,-7.424393475186086e-05,5.680056508919082e-05,0.006146314571278455,0.006122933819832421,0.29105839416058393,0.27874087591240876,0.4302007299270073,0.014968762665128556
06_mean_reversion,ret6_Q4,2024-01,12h,2192,-0.0009964469080305238,-0.0003975368786729969,0.01006920756472951,0.012140163049523756,0.4101277372262774,0.46943430656934304,0.12043795620437957,0.02544727881716356
06_mean_reversion,ret6_Q4,2024-02,1h,2018,2.0897500093597365e-05,0.0007404181211074601,0.0028143771995358113,0.0024328256548993843,0.12140733399405351,0.07333994053518335,0.8052527254707631,0.0064429212684277625
06_mean_reversion,ret6_Q4,2024-02,4h,2018,0.000942322835186471,0.002583078504588605,0.006501572332432537,0.004788257316596711,0.3166501486620416,0.19722497522299307,0.4861248761149653,0.01345266153285185
06_mean_reversion,ret6_Q4,2024-02,12h,2018,0.003284306564556916,0.007587297408709841,0.012330773399536143,0.00747422869545139,0.5138751238850346,0.31565906838453917,0.17046580773042616,0.022585035288770733
06_mean_reversion,ret6_Q4,2024-03,1h,2675,-0.00017850897645144137,-4.939174851231454e-05,0.0037135634482550195,0.003813191978891295,0.13981308411214954,0.13345794392523364,0.7267289719626169,0.008758217778023178
06_mean_reversion,ret6_Q4,2024-03,4h,2675,0.0005704096369896217,0.0006935874732784604,0.00829773180044624,0.007108919058035235,0.38616822429906544,0.31700934579439255,0.29682242990654206,0.01842552530898389
06_mean_reversion,ret6_Q4,2024-03,12h,2675,0.0012535540729234906,0.0017262356117544186,0.015241593099889705,0.014204246549452071,0.5057943925233644,0.4302803738317757,0.06392523364485982,0.03305319331576383
06_mean_reversion,ret6_Q4,2024-04,1h,2340,-0.0002840197688400159,-0.00015230382887624394,0.0033062711556729463,0.003085575131672069,0.1123931623931624,0.09615384615384616,0.7914529914529914,0.007890322566408835
06_mean_reversion,ret6_Q4,2024-04,4h,2340,-0.0006629510746960499,-0.0002808104145605513,0.0063790014427717034,0.007094100698040839,0.28717948717948716,0.3384615384615385,0.37435897435897436,0.01601312613629241
06_mean_reversion,ret6_Q4,2024-04,12h,2340,-0.00016194697905058675,-0.002145237110860673,0.010266896632179057,0.014194626395597376,0.39444444444444443,0.5264957264957265,0.07905982905982906,0.029257749479207187
06_mean_reversion,ret6_Q4,2024-05,1h,2179,-0.00026088307028837576,0.00018345290951733478,0.0028258426966292216,0.0025675206087877323,0.09178522257916476,0.06654428636989444,0.8416704910509408,0.006451060056518995
06_mean_reversion,ret6_Q4,2024-05,4h,2179,0.00037413643014572173,0.000855178747367225,0.006136069448280379,0.005367449426728399,0.2817806333180358,0.23680587425424507,0.48141349242771914,0.013913400602826519
06_mean_reversion,ret6_Q4,2024-05,12h,2179,0.0013051596442612556,0.003009940111763231,0.010624289536755649,0.00883602353869617,0.4639743001376778,0.38458008260670035,0.15144561725562183,0.023691223336518186
06_mean_reversion,ret6_Q4,2024-06,1h,1430,-0.0007415407679929875,-0.0006069629918678168,0.0020319667940977837,0.0026721881896161204,0.05174825174825175,0.057342657342657345,0.8909090909090909,0.0060304551546294044
06_mean_reversion,ret6_Q4,2024-06,4h,1430,-0.0008149279046060776,-0.001107033880757376,0.0038921936580920136,0.00537196129437012,0.18811188811188811,0.24055944055944056,0.5713286713286714,0.011631333212004363
06_mean_reversion,ret6_Q4,2024-06,12h,1430,-0.0006794911327218656,-0.002175176982460624,0.007295678864693178,0.009489897461537888,0.33636363636363636,0.42377622377622376,0.23986013986013985,0.021639437502277065
06_mean_reversion,ret6_Q4,2024-07,1h,2352,-4.002656048690545e-05,-4.539328082878139e-05,0.0030379552319618197,0.002830587745898394,0.09056122448979592,0.07653061224489796,0.8329081632653061,0.007130417474604693
06_mean_reversion,ret6_Q4,2024-07,4h,2352,0.0004344909280257214,0.00016644235972184898,0.006007941150892426,0.006095201136010642,0.27976190476190477,0.2810374149659864,0.43920068027210885,0.01440963144600894
06_mean_reversion,ret6_Q4,2024-07,12h,2352,0.000460272443389087,-1.8015058789094628e-05,0.011774503140638992,0.011448333018318324,0.4608843537414966,0.4655612244897959,0.07355442176870748,0.0266771566943969
06_mean_reversion,ret6_Q4,2024-08,1h,2321,-0.00024469324687159677,5.1953343694389296e-05,0.0031570405338807728,0.0033890342930004147,0.12580784144765186,0.12839293408013788,0.7457992244722103,0.007731797870942329
06_mean_reversion,ret6_Q4,2024-08,4h,2321,-0.00042114849074281757,-0.000388662980086519,0.006175360305824773,0.00743468510321621,0.2791900043084877,0.3580353295993106,0.36277466609220166,0.016576992673285225
06_mean_reversion,ret6_Q4,2024-08,12h,2321,0.00042194674408380095,-0.0007106325313574129,0.012096972035960274,0.014227453741582297,0.4118914261094356,0.5036622145626884,0.08444635932787592,0.032275878914455707
06_mean_reversion,ret6_Q4,2024-09,1h,2026,-0.00021017109273735457,0.0001031786446669672,0.002536389795830374,0.002633959500853933,0.0769990128331688,0.04738400789733465,0.8756169792694966,0.006005868140857454
06_mean_reversion,ret6_Q4,2024-09,4h,2026,0.00014692326447440784,0.0005434314009687126,0.0055911053154872326,0.005498124944419369,0.255182625863771,0.2226061204343534,0.5222112537018756,0.0126156401932997
06_mean_reversion,ret6_Q4,2024-09,12h,2026,0.0017502433967520048,0.002401246379639398,0.011292328165665722,0.009722323307113201,0.44965449160908194,0.4353405725567621,0.11500493583415597,0.024172739417238364
06_mean_reversion,ret6_Q4,2024-10,1h,1942,-0.00021890527524193182,-0.0002483160822993099,0.0023572293068776506,0.002494421151697901,0.037075180226570546,0.044284243048403706,0.9186405767250257,0.00563761559948415
06_mean_reversion,ret6_Q4,2024-10,4h,1942,0.00016720584728069365,8.688739008705388e-06,0.0049103740251481565,0.004990177380665151,0.2023686920700309,0.21524201853759012,0.582389289392379,0.011635330868542995
06_mean_reversion,ret6_Q4,2024-10,12h,1942,0.000805433180120052,0.0014870990216019025,0.009527873869421777,0.008387831468130436,0.4351184346035015,0.37950566426364574,0.18537590113285274,0.02139498714073366
06_mean_reversion,ret6_Q4,2024-11,1h,2533,0.00017303033798587997,0.0003961060172197432,0.003330588498292153,0.0031775220252164837,0.10738255033557047,0.09632846427161469,0.7962889853928149,0.00790272193522754
06_mean_reversion,ret6_Q4,2024-11,4h,2533,0.0012393102601602202,0.002096608484554033,0.0072429254590509196,0.005889480116051282,0.3482037110146072,0.276746940386893,0.3750493485984998,0.01563361006940057
06_mean_reversion,ret6_Q4,2024-11,12h,2533,0.003941823239257847,0.0065038736040909555,0.015163514053549987,0.010018725126005656,0.5223055665219107,0.3947887879984208,0.08290564547966837,0.02897578995334954
06_mean_reversion,ret6_Q4,2024-12,1h,2331,-0.0003385242907625319,-0.00019203437515144265,0.0026512571455843403,0.003094662135739057,0.07979407979407979,0.0960960960960961,0.8241098241098241,0.007065263428591897
06_mean_reversion,ret6_Q4,2024-12,4h,2325,-0.0005333416333286323,-0.0009415265376059569,0.005501434957112972,0.006411903282713793,0.23010752688172043,0.3221505376344086,0.447741935483871,0.014482780671079958
06_mean_reversion,ret6_Q4,2024-12,12h,2297,-0.0011523884352873104,-0.0017660649749158227,0.010197103573701183,0.012175487071921176,0.4235959947757945,0.46843709185894644,0.10796691336525903,0.029342871082180602
06_mean_reversion,ret12_Q1,2024-01,1h,2247,0.00026909008621589514,-0.0002498232903627963,0.0032019814254478085,0.0033723228171734787,0.0796617712505563,0.1303960836671117,0.789942145082332,0.007542491603103285
06_mean_reversion,ret12_Q1,2024-01,4h,2247,0.001284109706727543,0.0003749504131781967,0.006228896882375823,0.006584679918013259,0.27414330218068533,0.30262572318647085,0.4232309746328438,0.01520353289480071
06_mean_reversion,ret12_Q1,2024-01,12h,2247,0.0011308649347814281,-3.011289180876285e-05,0.010784395022672255,0.01188019032468568,0.40809968847352024,0.48375611927013795,0.1081441922563418,0.02647370278856336
06_mean_reversion,ret12_Q1,2024-02,1h,1745,0.0007601219065822562,0.0007894351435136197,0.0028215057463132354,0.0023826189566936717,0.05845272206303725,0.07507163323782234,0.8664756446991404,0.00611001246721981
06_mean_reversion,ret12_Q1,2024-02,4h,1745,0.0025009711235111087,0.0028170337298087057,0.00659917067121385,0.004556738019619089,0.2836676217765043,0.1512893982808023,0.5650429799426934,0.012620409302031637
06_mean_reversion,ret12_Q1,2024-02,12h,1745,0.004497188528965301,0.007593670860484417,0.012746034370410664,0.006696844379866618,0.5461318051575931,0.2521489971346705,0.2017191977077364,0.021291914061944753
06_mean_reversion,ret12_Q1,2024-03,1h,2530,0.0010532172615851376,0.0005355215439197294,0.004194763718849082,0.004051564136984431,0.15256916996047432,0.21936758893280633,0.6280632411067194,0.010330558157067652
06_mean_reversion,ret12_Q1,2024-03,4h,2530,0.0020883584974163982,0.0014905626495814775,0.008667213558758657,0.007659183231687183,0.36640316205533596,0.36205533596837947,0.27154150197628457,0.020377864658460823
06_mean_reversion,ret12_Q1,2024-03,12h,2530,0.0014041500930591644,0.0022771963006037728,0.015354818905280232,0.015286948765543817,0.49525691699604746,0.4359683794466403,0.06877470355731226,0.036638911427101434
06_mean_reversion,ret12_Q1,2024-04,1h,2603,0.0005325265221882702,0.00032386248440323845,0.0035581066710057563,0.003520877652539056,0.1133307721859393,0.1517479830964272,0.7349212447176335,0.008631401055972033
06_mean_reversion,ret12_Q1,2024-04,4h,2603,-1.540832269142367e-05,-0.0007241970361622927,0.00697587632930774,0.008241400007210742,0.2931233192470227,0.39031886285055706,0.31655781790242027,0.018043212033635278
06_mean_reversion,ret12_Q1,2024-04,12h,2603,-0.0009011487041501454,-0.0021284174748462345,0.011062661247434047,0.015153608101515337,0.4256626968882059,0.5163273146369574,0.058009988474836724,0.03289620018674398
06_mean_reversion,ret12_Q1,2024-05,1h,2080,0.00046614691841406763,0.00011869342517918871,0.0030850988390930256,0.0026085266000824836,0.051923076923076926,0.08269230769230769,0.8653846153846154,0.0067793699457141055
06_mean_reversion,ret12_Q1,2024-05,4h,2080,0.0007812945424967577,0.0007569169997152461,0.005770357905680701,0.0054551650246214,0.25817307692307695,0.2668269230769231,0.475,0.013348678884083618
06_mean_reversion,ret12_Q1,2024-05,12h,2080,0.0012207604410531259,0.0023182469058129923,0.01053851978499143,0.008911056501350323,0.4639423076923077,0.3894230769230769,0.1466346153846154,0.02227634618106428
06_mean_reversion,ret12_Q1,2024-06,1h,1548,0.000255519772088153,-0.00016390559883206827,0.002629809740402056,0.002573226017465957,0.0355297157622739,0.09431524547803617,0.8701550387596899,0.0060345751564850145
06_mean_reversion,ret12_Q1,2024-06,4h,1548,-2.5717106446276894e-05,-0.0007207528557449355,0.0045858999569795555,0.005287030401449844,0.1821705426356589,0.2525839793281654,0.5652454780361758,0.012313446569993731
06_mean_reversion,ret12_Q1,2024-06,12h,1548,-0.00023555092419991208,-0.0012822398771313213,0.008186400045014142,0.009227237295267143,0.3649870801033592,0.4263565891472868,0.208656330749354,0.021816462330312966
06_mean_reversion,ret12_Q1,2024-07,1h,2380,0.0005120534618980876,-2.8482691847464547e-05,0.0030954356841853548,0.0031591133720057507,0.0865546218487395,0.13991596638655462,0.7735294117647059,0.007674862339715927
06_mean_reversion,ret12_Q1,2024-07,4h,2380,0.0007700941153923058,-0.00023693497739870934,0.006425092585920833,0.006530755226009655,0.2710084033613445,0.3126050420168067,0.41638655462184876,0.0148512438037629
06_mean_reversion,ret12_Q1,2024-07,12h,2380,-0.0009619119240865115,-9.125582645885512e-05,0.01032505172266418,0.012422637758352062,0.43865546218487395,0.49369747899159666,0.06764705882352941,0.025351331369345004
06_mean_reversion,ret12_Q1,2024-08,1h,2551,0.0003042339110121972,-0.0002462014160125068,0.003617360779813117,0.003802697480994266,0.11642493139945119,0.18384947079576636,0.6997255978047824,0.008871544593495945
06_mean_reversion,ret12_Q1,2024-08,4h,2551,0.0005356523185429118,4.532261177899494e-05,0.006704142299405413,0.007835239698547825,0.262250098000784,0.3676989415915327,0.37005096040768326,0.01686036449469119
06_mean_reversion,ret12_Q1,2024-08,12h,2551,0.0018893253201948124,-0.00037327558206198943,0.012074308648456489,0.014226453822613894,0.39905919247353977,0.5209721677773422,0.079968639749118,0.03136721633826457
06_mean_reversion,ret12_Q1,2024-09,1h,2075,0.0004434934598782636,0.00045968793129432136,0.002852541563257649,0.00266649596452051,0.06506024096385542,0.06602409638554217,0.8689156626506024,0.006416811256113139
06_mean_reversion,ret12_Q1,2024-09,4h,2075,0.0005698250929624393,0.0010013378385228956,0.005508578646363338,0.00518455616763791,0.24,0.23421686746987952,0.5257831325301204,0.012536773945503465
06_mean_reversion,ret12_Q1,2024-09,12h,2075,0.0013880584443213273,0.0019265716185639366,0.009974745065109314,0.009529224699933114,0.4346987951807229,0.4130120481927711,0.15228915662650602,0.0232421923410584
06_mean_reversion,ret12_Q1,2024-10,1h,1897,0.00037656804247698794,0.00032793288692096713,0.002641087622405225,0.002556183441963733,0.0521876647337902,0.08328940432261465,0.8645229309435951,0.0060126799409596435
06_mean_reversion,ret12_Q1,2024-10,4h,1897,0.0006447769325732544,0.0008607879665613923,0.005496360570304448,0.0048795211909506975,0.23405376910911965,0.22667369530838166,0.5392725355824987,0.012366852508854574
06_mean_reversion,ret12_Q1,2024-10,12h,1897,0.0017068622182885296,0.0018410274115803552,0.009738189329980385,0.008374243555751004,0.42962572482867684,0.38323668950975226,0.1871375856615709,0.02167511082963901
06_mean_reversion,ret12_Q1,2024-11,1h,2257,0.0009291435458356201,0.0007952858746840163,0.0035585308937007287,0.0031952060780269242,0.12494461674789543,0.13203367301727958,0.743021710234825,0.008326293110121669
06_mean_reversion,ret12_Q1,2024-11,4h,2257,0.0017727742964523951,0.0023029859419573945,0.007144971169616987,0.006122038254729456,0.331856446610545,0.30128489144882586,0.36685866194062916,0.01633887159281618
06_mean_reversion,ret12_Q1,2024-11,12h,2257,0.004613720777802088,0.007583431178462899,0.015268515178514575,0.009820593980447878,0.4864864864864865,0.4045192733717324,0.10899424014178112,0.028518272203459847
06_mean_reversion,ret12_Q1,2024-12,1h,2423,0.00043682475373385543,0.00012849839355587114,0.003434238857041194,0.00316859014961135,0.0821295914156005,0.1300041271151465,0.787866281469253,0.007801011978521242
06_mean_reversion,ret12_Q1,2024-12,4h,2411,0.0010153410208872948,0.00043549751232855666,0.0066957953074662235,0.006898342995031226,0.269182911654915,0.3309829946080465,0.3998340937370386,0.015247826548542495
06_mean_reversion,ret12_Q1,2024-12,12h,2372,0.0012605407964354498,0.000904853326638935,0.012163011730297213,0.011656847138646287,0.46037099494097805,0.4325463743676223,0.10708263069139966,0.029261095248513697
06_mean_reversion,ret12_Q1_bull,2024-01,1h,655,-0.0005270719393752898,-0.0006952565275412919,0.002527380129971002,0.0030286896137777797,0.06717557251908397,0.11603053435114503,0.816793893129771,0.00657395944503731
06_mean_reversion,ret12_Q1_bull,2024-01,4h,655,0.00017552152004385313,0.00019922415107085555,0.004995255200659576,0.006129711539289762,0.24885496183206107,0.2748091603053435,0.4763358778625954,0.013397655794834526
06_mean_reversion,ret12_Q1_bull,2024-01,12h,655,-0.0007230508663115254,0.0015537217719916784,0.010263533926544888,0.012338507296217105,0.36793893129770994,0.500763358778626,0.13129770992366413,0.028463669387120166
06_mean_reversion,ret12_Q1_bull,2024-02,1h,712,0.0005537585732637851,0.0009740460315140649,0.0029702846450405662,0.002509142741036585,0.08426966292134831,0.0702247191011236,0.8455056179775281,0.00617011933810532
06_mean_reversion,ret12_Q1_bull,2024-02,4h,712,0.0018409774575127713,0.0028234617040483628,0.0074210999990156346,0.004484805170947848,0.37219101123595505,0.125,0.5028089887640449,0.012870751669678361
06_mean_reversion,ret12_Q1_bull,2024-02,12h,712,0.004371087644557514,0.006874563694277689,0.013090659690654372,0.006363716913765305,0.5955056179775281,0.21629213483146068,0.18820224719101122,0.02174185932106289
06_mean_reversion,ret12_Q1_bull,2024-03,1h,874,0.0009324101536993812,0.00023612803306216103,0.0038113261067176385,0.003444039703238755,0.13844393592677345,0.16590389016018306,0.6956521739130435,0.009070134292862964
06_mean_reversion,ret12_Q1_bull,2024-03,4h,874,0.001572658920267922,0.00038369683398960876,0.008552954522517364,0.00807694196621167,0.3684210526315789,0.36041189931350115,0.2711670480549199,0.018478602152120258
06_mean_reversion,ret12_Q1_bull,2024-03,12h,874,0.00027665650344099735,0.0020437294809738447,0.014459057298803368,0.015415913151890559,0.4794050343249428,0.4668192219679634,0.05377574370709382,0.03312063271839617
06_mean_reversion,ret12_Q1_bull,2024-04,1h,755,3.0346094422650793e-05,0.0004860289639191778,0.0028053660677869185,0.002954729050877236,0.06357615894039735,0.09801324503311258,0.83841059602649,0.007033124035380279
06_mean_reversion,ret12_Q1_bull,2024-04,4h,755,-0.00047477982398425045,-0.00018483164006397322,0.005934499928118342,0.006581248830843323,0.2543046357615894,0.33245033112582784,0.41324503311258276,0.015455952958837263
06_mean_reversion,ret12_Q1_bull,2024-04,12h,755,-0.0016184261122982324,-0.0038895508369458254,0.01040064428466736,0.012324212143712376,0.42251655629139073,0.48079470198675495,0.09668874172185431,0.028601380595065347
06_mean_reversion,ret12_Q1_bull,2024-05,1h,719,-6.221440098319597e-05,-6.069654963908762e-05,0.0025533659680574416,0.0026510653984632704,0.05702364394993046,0.08623087621696801,0.8567454798331016,0.005970147816024383
06_mean_reversion,ret12_Q1_bull,2024-05,4h,719,-0.0006703190177536067,0.0006667135226079806,0.004773351238436252,0.005458294685410925,0.2726008344923505,0.26008344923504867,0.4673157162726008,0.01358846233618464
06_mean_reversion,ret12_Q1_bull,2024-05,12h,719,0.000740537068793623,0.0014960036182038658,0.009346951773266943,0.008966656025811037,0.4019471488178025,0.42141863699582754,0.17663421418636996,0.02433425037872776
06_mean_reversion,ret12_Q1_bull,2024-06,1h,414,0.0005188077920338374,0.0004877456839277609,0.0023506358952171125,0.0018470528267170994,0.028985507246376812,0.043478260869565216,0.927536231884058,0.005215074582932914
06_mean_reversion,ret12_Q1_bull,2024-06,4h,414,0.0002565051563460097,-0.0002832734229528932,0.004546943216357402,0.003951687389480374,0.19082125603864733,0.17632850241545894,0.6328502415458938,0.009798619853807446
06_mean_reversion,ret12_Q1_bull,2024-06,12h,414,0.001278158734728807,-0.0011650411159125275,0.008287219592247541,0.006829168517130335,0.391304347826087,0.33816425120772947,0.27053140096618356,0.019371910642687815
06_mean_reversion,ret12_Q1_bull,2024-07,1h,801,0.0010066987195451738,0.0005382128687621036,0.003235259170963678,0.002285267132103863,0.11610486891385768,0.10861423220973783,0.7752808988764045,0.007216072884732669
06_mean_reversion,ret12_Q1_bull,2024-07,4h,801,0.0009475864750390084,0.00048388235779644843,0.007012402589595235,0.005601104469136864,0.2983770287141074,0.2784019975031211,0.4232209737827715,0.014710099692776814
06_mean_reversion,ret12_Q1_bull,2024-07,12h,801,-0.001414819381654553,-0.0014292973505507036,0.010600618038058007,0.011084884167225972,0.4756554307116105,0.46441947565543074,0.0599250936329588,0.028045032514178007
06_mean_reversion,ret12_Q1_bull,2024-08,1h,771,2.8220747758433973e-05,-3.6072637716160155e-05,0.0032790869006802392,0.003242688162080287,0.10116731517509728,0.14915693904020752,0.7496757457846952,0.008039184193076475
06_mean_reversion,ret12_Q1_bull,2024-08,4h,771,-0.00109516274377075,-0.001580303279954091,0.005626768470693877,0.0071593785462067405,0.251621271076524,0.3437094682230869,0.4046692607003891,0.016077897071675173
06_mean_reversion,ret12_Q1_bull,2024-08,12h,771,0.0013173565873008108,0.0007366291896465341,0.010270067228511426,0.01442145855122301,0.4046692607003891,0.47470817120622566,0.12062256809338522,0.03065808082338472
06_mean_reversion,ret12_Q1_bull,2024-09,1h,636,0.00017742289265698652,0.00039187846661667587,0.002658249167922455,0.0024908546366835815,0.08647798742138364,0.0660377358490566,0.8474842767295597,0.006034904113939037
06_mean_reversion,ret12_Q1_bull,2024-09,4h,636,8.217196187765285e-05,0.0007441389444514109,0.005077229157603003,0.005386880267867988,0.26257861635220126,0.23270440251572327,0.5047169811320755,0.012265324636497859
06_mean_reversion,ret12_Q1_bull,2024-09,12h,636,0.0010601585873371011,0.0017325936807643181,0.01083030196943846,0.01017936418379356,0.4418238993710692,0.46540880503144655,0.09276729559748427,0.022656507370777304
06_mean_reversion,ret12_Q1_bull,2024-10,1h,602,-2.6107180087886483e-05,4.8330476379782145e-05,0.002248181022999285,0.002369996969335264,0.04817275747508306,0.0681063122923588,0.8837209302325582,0.005106761460709115
06_mean_reversion,ret12_Q1_bull,2024-10,4h,602,0.00021125320966375316,0.0005519187063813741,0.004588248115782845,0.004747661583079432,0.19933554817275748,0.2009966777408638,0.5996677740863787,0.011346855539406543
06_mean_reversion,ret12_Q1_bull,2024-10,12h,602,0.0023265521507485065,0.0030423336450752674,0.011258278746662076,0.006938680665917796,0.44518272425249167,0.3588039867109635,0.19601328903654486,0.021453059101603895
06_mean_reversion,ret12_Q1_bull,2024-11,1h,819,6.228071996505768e-05,0.00015211616467173398,0.0031552795749762996,0.003148062789867123,0.11233211233211234,0.1343101343101343,0.7533577533577533,0.007614900569018933
06_mean_reversion,ret12_Q1_bull,2024-11,4h,819,0.0007691203538784386,0.0011119850576792492,0.006878903774780509,0.006140527320251277,0.3235653235653236,0.2954822954822955,0.38095238095238093,0.015558043363052186
06_mean_reversion,ret12_Q1_bull,2024-11,12h,819,0.0030569762991821126,0.0059678354898147785,0.013045970626313963,0.01168386621644435,0.4884004884004884,0.4236874236874237,0.08791208791208792,0.031037236313946455
06_mean_reversion,ret12_Q1_bull,2024-12,1h,724,-0.00035154318724583966,-0.0005893849879392331,0.0025528710801976384,0.0032195166332777414,0.04143646408839779,0.11602209944751381,0.8425414364640884,0.006816750049410973
06_mean_reversion,ret12_Q1_bull,2024-12,4h,724,0.00044047827409243734,-0.0004243896867449589,0.005809137548234089,0.006514558779992852,0.23342541436464087,0.34392265193370164,0.42265193370165743,0.014781318015009263
06_mean_reversion,ret12_Q1_bull,2024-12,12h,707,-0.0015191479644647288,-0.0017123902737179182,0.010835709765297574,0.012125737218259602,0.44413012729844414,0.44837340876944837,0.1074964639321075,0.024983435299698674
06_mean_reversion,ret12_Q1_bear,2024-01,1h,1592,0.0007739957518398954,-6.655773109651829e-05,0.0035694241299387697,0.003609705948895481,0.08479899497487438,0.13630653266331658,0.7788944723618091,0.00809679926987458
06_mean_reversion,ret12_Q1_bear,2024-01,4h,1592,0.0019443024008000132,0.00044724984890703385,0.006762012146218854,0.006942144556905838,0.28454773869346733,0.314070351758794,0.40138190954773867,0.015544485849531959
06_mean_reversion,ret12_Q1_bear,2024-01,12h,1592,0.0015282086567923736,-0.0006817534098924874,0.010920205150654838,0.01178457848781711,0.42462311557788945,0.47675879396984927,0.0986180904522613,0.026409973609386277
06_mean_reversion,ret12_Q1_bear,2024-02,1h,1033,0.0008677290368788171,0.0006621912400709122,0.0027946527422353373,0.0022635215630212313,0.04065827686350436,0.07841239109390126,0.8809293320425944,0.006075049049728233
06_mean_reversion,ret12_Q1_bear,2024-02,4h,1033,0.002760907905835275,0.002812603219006542,0.006373053997282385,0.004590477007371696,0.22265246853823814,0.16940948693126814,0.6079380445304937,0.01249103877793188
06_mean_reversion,ret12_Q1_bear,2024-02,12h,1033,0.004658327947881347,0.008089318781432325,0.012047195117210308,0.00684642448370143,0.5121006776379478,0.27686350435624396,0.2110358180058083,0.020647138092270107
06_mean_reversion,ret12_Q1_bear,2024-03,1h,1656,0.0011483209998660593,0.0006935347857612238,0.004359750157829301,0.004417591522497155,0.16002415458937197,0.24758454106280192,0.592391304347826,0.01093375557653866
06_mean_reversion,ret12_Q1_bear,2024-03,4h,1656,0.002350221249143969,0.0020747418300327415,0.008687283479041574,0.007299696894200902,0.36533816425120774,0.36292270531400966,0.2717391304347826,0.021398940902990785
06_mean_reversion,ret12_Q1_bear,2024-03,12h,1656,0.0018956350268745092,0.0024004148998529014,0.016171600863311042,0.015154480269959747,0.5036231884057971,0.4196859903381642,0.07669082125603864,0.038047315097119574
06_mean_reversion,ret12_Q1_bear,2024-04,1h,1848,0.0008089265142112723,0.000257609404297971,0.0038288587093427973,0.003934364398560486,0.13365800865800867,0.1737012987012987,0.6926406926406926,0.009468845726792394
06_mean_reversion,ret12_Q1_bear,2024-04,4h,1848,0.0003051280693366909,-0.0009445546519925045,0.007481666448878155,0.00878162892768003,0.30898268398268397,0.413961038961039,0.27705627705627706,0.019906715621305707
06_mean_reversion,ret12_Q1_bear,2024-04,12h,1848,-0.00036244528823148325,-0.0014089068209581425,0.011401595970709444,0.016553090221148203,0.42694805194805197,0.5308441558441559,0.04220779220779221,0.03435512160649122
06_mean_reversion,ret12_Q1_bear,2024-05,1h,1361,0.0008357829955776275,0.0002134630004138255,0.0033793645944482087,0.0026031773338399677,0.04922850844966936,0.08082292432035268,0.8699485672299779,0.007056350723841484
06_mean_reversion,ret12_Q1_bear,2024-05,4h,1361,0.001383403533636196,0.0008045704163501641,0.006156243433417696,0.0054527623256506175,0.2505510653930933,0.2703894195444526,0.4790595150624541,0.013285107862544315
06_mean_reversion,ret12_Q1_bear,2024-05,12h,1361,0.001487389696591901,0.0027526281870701285,0.010999015407675339,0.008855456976889609,0.4966936076414401,0.3725202057310801,0.1307861866274798,0.021094378112968888
06_mean_reversion,ret12_Q1_bear,2024-06,1h,1134,0.00011379706365000075,-0.0004018100353951805,0.0027658622528587973,0.002730006242082361,0.03791887125220458,0.1128747795414462,0.8492063492063492,0.0065973456589689256
06_mean_reversion,ret12_Q1_bear,2024-06,4h,1134,-0.00022173558388044468,-0.0008804675693039351,0.00460136667857991,0.005815464548104499,0.17901234567901234,0.2804232804232804,0.5405643738977073,0.012576875370665049
06_mean_reversion,ret12_Q1_bear,2024-06,12h,1134,-0.0005006950501649232,-0.0013250267264651662,0.008167360806376811,0.010750560257406616,0.35537918871252205,0.4585537918871252,0.18606701940035272,0.022257249232615822
06_mean_reversion,ret12_Q1_bear,2024-07,1h,1579,0.0003851166629462721,-0.0003159577672421853,0.0030602275340112506,0.0036303076335186812,0.07156428119062698,0.155794806839772,0.772640911969601,0.007916289108539807
06_mean_reversion,ret12_Q1_bear,2024-07,4h,1579,0.000654672921284627,-0.0006025934229283619,0.006107852326671326,0.006917950208475077,0.2571247625079164,0.3299556681443952,0.4129195693476884,0.014870475898199502
06_mean_reversion,ret12_Q1_bear,2024-07,12h,1579,-0.0007350110251653774,0.0005875100131849511,0.010118037141925385,0.012938430384442978,0.41988600379987334,0.5085497150094996,0.07156428119062698,0.025222305054420805
06_mean_reversion,ret12_Q1_bear,2024-08,1h,1780,0.00043342956931247123,-0.00033721786998244124,0.0038279427555041323,0.004099330807724566,0.12303370786516854,0.19887640449438201,0.6780898876404494,0.009137265336279916
06_mean_reversion,ret12_Q1_bear,2024-08,4h,1780,0.0012806771155937646,0.0007494560738723707,0.007025095184763797,0.008066302325050623,0.26685393258426965,0.37808988764044943,0.3550561797752809,0.017496265025476153
06_mean_reversion,ret12_Q1_bear,2024-08,12h,1780,0.002218305787688002,-0.0008540264691334903,0.01279374598910299,0.014172194772728353,0.39662921348314606,0.5410112359550562,0.062359550561797754,0.032035816931210444
06_mean_reversion,ret12_Q1_bear,2024-09,1h,1439,0.0005822467614042814,0.0004896579240218977,0.0029511119699408006,0.002738799661876623,0.05559416261292564,0.0660180681028492,0.8783877692842251,0.006643554454097874
06_mean_reversion,ret12_Q1_bear,2024-09,4h,1439,0.00072036761351435,0.0011150129577928503,0.005679497909863773,0.005133721006326586,0.23002084781097984,0.23488533703961084,0.5350938151494093,0.012589280022247129
06_mean_reversion,ret12_Q1_bear,2024-09,12h,1439,0.0014950578886840926,0.0020123047446518848,0.00978629379527507,0.009304862245008594,0.4315496872828353,0.3898540653231411,0.17859624739402363,0.023580248594520122
06_mean_reversion,ret12_Q1_bear,2024-10,1h,1295,0.0006053632115412544,0.00045791022371308556,0.0028066676328757367,0.0026712459733658767,0.05405405405405406,0.09034749034749034,0.8555984555984556,0.006500695067738589
06_mean_reversion,ret12_Q1_bear,2024-10,4h,1295,0.0010860183628997877,0.0010043704334558872,0.0059156617136228995,0.004985074626865704,0.2501930501930502,0.2386100386100386,0.5111969111969112,0.012920664414976525
06_mean_reversion,ret12_Q1_bear,2024-10,12h,1295,0.0015539190178261997,0.0012825823516854225,0.009409093316980366,0.009035060272986284,0.4223938223938224,0.3945945945945946,0.18301158301158302,0.021789080941634637
06_mean_reversion,ret12_Q1_bear,2024-11,1h,1438,0.0014090322738448124,0.0011615974132793288,0.0038647447765746135,0.0032318308199469348,0.13212795549374132,0.13073713490959665,0.7371349095966621,0.00866675786057585
06_mean_reversion,ret12_Q1_bear,2024-11,4h,1438,0.002518686642967616,0.0029813098113758933,0.007296252712338802,0.006111771771848906,0.33657858136300417,0.3045897079276773,0.3588317107093185,0.01655920726852641
06_mean_reversion,ret12_Q1_bear,2024-11,12h,1438,0.005418141008683874,0.008503579209758319,0.016226392113754873,0.009052539910531898,0.4853963838664812,0.39360222531293465,0.12100139082058414,0.028144014927966803
06_mean_reversion,ret12_Q1_bear,2024-12,1h,1699,0.0009020797956424964,0.00043441220650610975,0.0037848581105512924,0.003131021194604955,0.09947027663331372,0.13596233078281342,0.7645673925838729,0.008064632757560171
06_mean_reversion,ret12_Q1_bear,2024-12,4h,1687,0.001383647501275842,0.000804530311456728,0.007134696156432918,0.007032210892944923,0.2845287492590397,0.3254297569650267,0.3900414937759336,0.015569612477147438
06_mean_reversion,ret12_Q1_bear,2024-12,12h,1665,0.002101446505979432,0.0020161994079916645,0.01276772239613777,0.011502701858814635,0.46726726726726725,0.42582582582582584,0.1069069069069069,0.02962971399789794
06_mean_reversion,ret12_Q2,2024-01,1h,2222,-3.2526227897677895e-05,-2.210911268141443e-06,0.0019732399559495573,0.002131733402903513,0.0351035103510351,0.046804680468046804,0.918091809180918,0.00491222946540956
06_mean_reversion,ret12_Q2,2024-01,4h,2222,-2.4021875975721585e-05,0.0001839448596449015,0.003970172954633089,0.0049613160933631995,0.17641764176417643,0.22772277227722773,0.5958595859585959,0.010991507933491473
06_mean_reversion,ret12_Q2,2024-01,12h,2222,0.0005048219739716142,0.0007175588388116925,0.008868708746382015,0.010146016492576404,0.342034203420342,0.45544554455445546,0.20252025202520252,0.020954473326890884
06_mean_reversion,ret12_Q2,2024-02,1h,2326,0.00012412294675112623,0.00044907721244597133,0.0018651290561698675,0.001702443910947371,0.04213241616509028,0.023215821152192607,0.9346517626827171,0.004278750009677571
06_mean_reversion,ret12_Q2,2024-02,4h,2326,0.00025729608708224827,0.0016895469800991803,0.004526539020343279,0.003769662589503453,0.2003439380911436,0.10963026655202064,0.6900257953568357,0.009601828568265724
06_mean_reversion,ret12_Q2,2024-02,12h,2326,0.0014195177127820369,0.005753662483866534,0.008903900305342494,0.0067371336708824114,0.42562338779019776,0.28417884780739466,0.2901977644024076,0.018263259692489014
06_mean_reversion,ret12_Q2,2024-03,1h,1759,0.00043646775854910835,0.00042576765644705624,0.0028704445341736218,0.0023747881330132836,0.07674815235929505,0.07220011370096646,0.8510517339397385,0.0062241541549513885
06_mean_reversion,ret12_Q2,2024-03,4h,1759,0.0013250087724829829,0.0009625794422936828,0.006330723903254176,0.004550958793094195,0.3001705514496873,0.2274019329164298,0.4724275156338829,0.013863975241778162
06_mean_reversion,ret12_Q2,2024-03,12h,1759,0.0023312108003805676,0.0031404342537446244,0.012474609342379983,0.008468228381632859,0.5002842524161455,0.32006822057987494,0.17964752700397954,0.025170784599755067
06_mean_reversion,ret12_Q2,2024-04,1h,1917,-7.086384175347682e-05,-0.0002047669406457136,0.002467740590232692,0.0026259103497794367,0.05268648930620762,0.08972352634324465,0.8575899843505478,0.006008419487480793
06_mean_reversion,ret12_Q2,2024-04,4h,1917,-0.0005173318786338976,-0.0008925989213185526,0.005262107406883265,0.005504355098497782,0.21074595722483047,0.31664058424621805,0.4726134585289515,0.013505810252593358
06_mean_reversion,ret12_Q2,2024-04,12h,1917,-0.00038552261298929746,-0.0031412905595483817,0.009998174112486158,0.01222905539707042,0.40897235263432447,0.5059989567031821,0.08502869066249348,0.026408490886653837
06_mean_reversion,ret12_Q2,2024-05,1h,2423,9.960962375021865e-05,0.000213559217886966,0.0019747787163248987,0.001970421096923025,0.035905901774659514,0.03755674783326455,0.926537350392076,0.004839250494540652
06_mean_reversion,ret12_Q2,2024-05,4h,2423,0.001018743607961392,0.0009388404172587483,0.004983962440103795,0.004331326066123187,0.19603796945934793,0.18241848947585637,0.6215435410647957,0.010776863178623412
06_mean_reversion,ret12_Q2,2024-05,12h,2423,0.0012264536620647526,0.002513120802027083,0.009524879674888131,0.007121173972322925,0.4275691291787041,0.3425505571605448,0.22988031366075112,0.020099506299352126
06_mean_reversion,ret12_Q2,2024-06,1h,2956,0.0001444444276199608,0.00011212208478951706,0.0013193340883204119,0.001308333554025154,0.01725304465493911,0.018944519621109608,0.9638024357239513,0.0032922167933415497
06_mean_reversion,ret12_Q2,2024-06,4h,2956,5.9920915614242176e-05,-0.00027394086055260283,0.0029883738217582057,0.00286216087331459,0.12043301759133965,0.12516914749661706,0.7543978349120433,0.007488498579549986
06_mean_reversion,ret12_Q2,2024-06,12h,2956,0.00032860563210623805,-0.0009844376174397039,0.006332846151629545,0.005624490782009384,0.2861975642760487,0.2662381596752368,0.44756427604871446,0.015915443464057634
06_mean_reversion,ret12_Q2,2024-07,1h,2033,0.00016565477580243737,0.0002805354422096839,0.0023199936318007985,0.002188059041958068,0.05263157894736842,0.034923757993113626,0.912444663059518,0.005435884834994176
06_mean_reversion,ret12_Q2,2024-07,4h,2033,0.0007964318578477236,0.0005456162225602182,0.005924697669928536,0.005232503815367329,0.2606984751598623,0.25528775209050664,0.4840137727496311,0.01284079177031686
06_mean_reversion,ret12_Q2,2024-07,12h,2033,0.0020053416048904094,0.0016935368327349086,0.011330708860242789,0.010399682359363283,0.4869650762420069,0.4254795868175111,0.08755533694048205,0.024220084742740552
06_mean_reversion,ret12_Q2,2024-08,1h,1965,8.189858677210005e-05,-0.00021616917685229604,0.002277767002844655,0.002485341838019739,0.03867684478371501,0.07124681933842239,0.8900763358778626,0.005751691474966185
06_mean_reversion,ret12_Q2,2024-08,4h,1965,0.00031015029856584775,-0.00035677637829339406,0.005285117808818018,0.0051541163464841055,0.19745547073791347,0.2681933842239186,0.5343511450381679,0.012454788415831206
06_mean_reversion,ret12_Q2,2024-08,12h,1965,-3.1232436634498484e-05,-0.0017313033661305675,0.009761196259552296,0.011101699899210615,0.3852417302798982,0.4366412213740458,0.178117048346056,0.025342338618376325
06_mean_reversion,ret12_Q2,2024-09,1h,2323,5.573837602934617e-05,6.787754869216783e-05,0.001915739753161505,0.0019347686226256489,0.026259147653895823,0.04089539388721481,0.9328454584588893,0.0047169657957092884
06_mean_reversion,ret12_Q2,2024-09,4h,2323,0.00021798202075751227,0.00023926252510566917,0.004348989208086351,0.0045686899268410075,0.17864829961256995,0.18854928971157986,0.6328024106758502,0.010718094248220537
06_mean_reversion,ret12_Q2,2024-09,12h,2323,0.000218665843563004,0.0005523391928327028,0.007393205783063905,0.008280854861903109,0.3340507963839862,0.35772707705553164,0.30822212656048215,0.019999108590892413
06_mean_reversion,ret12_Q2,2024-10,1h,2519,0.00020593803796420396,0.00020522837665256597,0.0016696444745112338,0.0016891076971160546,0.03017070265978563,0.028582770940849545,0.9412465263993648,0.0041301108831519355
06_mean_reversion,ret12_Q2,2024-10,4h,2519,0.00041602254689054874,0.0005354190385562759,0.004051517395189164,0.0034490777081219726,0.16435093290988487,0.12663755458515283,0.7090115125049623,0.009353153131994798
06_mean_reversion,ret12_Q2,2024-10,12h,2519,0.0013296852874311593,0.0014286675145647198,0.008037449286331544,0.005973896229455322,0.39658594680428744,0.315204446208813,0.28820960698689957,0.018334351823347715
06_mean_reversion,ret12_Q2,2024-11,1h,1849,0.00019776112781166866,0.00026921946976933743,0.002302316456570308,0.0021798706434736914,0.05300162249864792,0.06327744726879395,0.8837209302325582,0.005242888151608761
06_mean_reversion,ret12_Q2,2024-11,4h,1849,8.066646347670847e-05,0.0014420022929866475,0.004777727879136329,0.004723316907412345,0.2449972958355868,0.19415900486749593,0.5608436992969172,0.011967508843359167
06_mean_reversion,ret12_Q2,2024-11,12h,1849,0.0012176506711114587,0.0044200908552989625,0.009609098766118374,0.009454152690616557,0.4121146565711195,0.39967550027041643,0.18820984315846404,0.02326997251204881
06_mean_reversion,ret12_Q2,2024-12,1h,2044,0.0004961393426453631,8.010931517700989e-05,0.0024633647969866113,0.0021982847385561555,0.03522504892367906,0.05430528375733855,0.9104696673189824,0.005362552056629322
06_mean_reversion,ret12_Q2,2024-12,4h,2034,0.0007221830037578147,0.00037557638219950823,0.005454941886060882,0.004579225427333855,0.19075712881022616,0.22713864306784662,0.5821042281219272,0.01136519052466213
06_mean_reversion,ret12_Q2,2024-12,12h,2021,0.0017172730995289598,0.0004454491216678486,0.010651716596371097,0.00906527018117953,0.44433448787728846,0.37902028698664025,0.17664522513607125,0.023380629955228646
06_mean_reversion,ret12_Q3,2024-01,1h,2256,-9.468884468438743e-05,-1.5854262065619782e-05,0.0019308240005009303,0.0021016469752456746,0.034131205673758866,0.0350177304964539,0.9308510638297872,0.0047688628464550905
06_mean_reversion,ret12_Q3,2024-01,4h,2256,-0.0003050519775364413,-0.00033375886901983566,0.0038315605176957312,0.004917378170262943,0.16799645390070922,0.22074468085106383,0.6112588652482269,0.011011100578339848
06_mean_reversion,ret12_Q3,2024-01,12h,2256,0.00016014169813538537,1.6169345242638142e-05,0.008733940458005574,0.010269575361234295,0.337322695035461,0.45390070921985815,0.20877659574468085,0.021771997667420055
06_mean_reversion,ret12_Q3,2024-02,1h,2238,8.054760421261076e-05,0.0005584480136224807,0.0019491209321265135,0.0017383654530661041,0.03932082216264522,0.024128686327077747,0.936550491510277,0.00438809008801533
06_mean_reversion,ret12_Q3,2024-02,4h,2238,0.0005405612849561647,0.002226019075047104,0.004711473147294032,0.0037999306275674494,0.21983914209115282,0.12064343163538874,0.6595174262734584,0.010066286320453668
06_mean_reversion,ret12_Q3,2024-02,12h,2238,0.001831426251547641,0.006473686785347352,0.009883588638128216,0.006622711478285859,0.450402144772118,0.27926720285969614,0.2703306523681859,0.018524759071314047
06_mean_reversion,ret12_Q3,2024-03,1h,1826,0.00021393490733667697,0.00033007343531958686,0.0027243571475105144,0.0023406568711744624,0.07721796276013143,0.06681270536692223,0.8559693318729463,0.006062375703771168
06_mean_reversion,ret12_Q3,2024-03,4h,1826,0.0010014398141170444,0.000999028922456785,0.006139723107899453,0.004822992430277451,0.3088718510405257,0.23493975903614459,0.45618838992332966,0.01416481560581193
06_mean_reversion,ret12_Q3,2024-03,12h,1826,0.0018275435780344962,0.0031044537236604958,0.012396163874621835,0.009019601780485498,0.5027382256297919,0.33953997809419495,0.15772179627601315,0.02710112322989991
06_mean_reversion,ret12_Q3,2024-04,1h,1831,-0.00027398875278528134,-0.0003719600566833322,0.002249059432246181,0.0025849551975248852,0.05243036592026215,0.07209175314036045,0.8754778809393774,0.005726655348047464
06_mean_reversion,ret12_Q3,2024-04,4h,1831,-0.0006685624674576118,-0.001378988227843969,0.005303665399134738,0.005878594593805797,0.22119060622610595,0.3145821955215729,0.4642271982523211,0.01339059489137336
06_mean_reversion,ret12_Q3,2024-04,12h,1831,-0.0008358612205021654,-0.0033190328775796335,0.009258842996300531,0.012829576194207881,0.3730202075368651,0.5319497542326598,0.09503003823047515,0.026727338891534384
06_mean_reversion,ret12_Q3,2024-05,1h,2278,3.0411552904285877e-05,0.0001240861074911796,0.0021886909070889526,0.0019421582594401077,0.03731343283582089,0.038191395961369626,0.9244951712028094,0.0049417418635072236
06_mean_reversion,ret12_Q3,2024-05,4h,2278,0.0006658133107149133,0.0005230822759044125,0.005073312094865057,0.004082822682532683,0.21553994732221246,0.17032484635645304,0.6141352063213346,0.011136998139833484
06_mean_reversion,ret12_Q3,2024-05,12h,2278,0.0010007565854595057,0.0017517527963833597,0.009541873555762193,0.007566606168172785,0.4376646180860404,0.35030728709394204,0.21202809482001755,0.020440765345150498
06_mean_reversion,ret12_Q3,2024-06,1h,2737,-9.915468385301995e-05,-3.507556336858504e-05,0.0012452912603468924,0.001377542488972372,0.020460358056265986,0.016441359152356595,0.9630982827913774,0.0031631552899911157
06_mean_reversion,ret12_Q3,2024-06,4h,2737,-8.211869920915493e-05,-1.1608015189047863e-05,0.00277399776817977,0.0027719442884639456,0.1351845085860431,0.09097552064303982,0.773839970770917,0.007463126119714359
06_mean_reversion,ret12_Q3,2024-06,12h,2737,0.000353530035009042,-0.0005050054286594403,0.0060247033408324935,0.005254138852155199,0.2849835586408476,0.21300694190719766,0.5020094994519547,0.014138967299617444
06_mean_reversion,ret12_Q3,2024-07,1h,2160,5.201894474604618e-05,7.655843302770832e-05,0.002557113283025547,0.0021597577186838746,0.04675925925925926,0.03935185185185185,0.9138888888888889,0.005418396478691183
06_mean_reversion,ret12_Q3,2024-07,4h,2160,0.00044659468926022683,-0.00019080553708502462,0.005620476857486012,0.005143444589706614,0.22777777777777777,0.26296296296296295,0.5092592592592593,0.013195488956550172
06_mean_reversion,ret12_Q3,2024-07,12h,2160,0.0018980438357003582,0.0008191686075603068,0.011611241288151941,0.010933327474071108,0.48518518518518516,0.4425925925925926,0.07222222222222222,0.025080250394184843
06_mean_reversion,ret12_Q3,2024-08,1h,2086,3.2104399654175886e-05,-0.00024159559310999433,0.0022339798100923236,0.0022176020513559602,0.03691275167785235,0.05992329817833174,0.9031639501438159,0.005265783720879018
06_mean_reversion,ret12_Q3,2024-08,4h,2086,-0.00042860013027534727,-0.0010710682831266726,0.0050589583623913414,0.005311800226668828,0.20421860019175456,0.2670182166826462,0.5287631831255992,0.012398886907737982
06_mean_reversion,ret12_Q3,2024-08,12h,2086,-0.0008653202262448589,-0.002042568676181028,0.009744567270794535,0.01229484189728458,0.3815915627996165,0.45302013422818793,0.1653883029721956,0.026518484247662996
06_mean_reversion,ret12_Q3,2024-09,1h,2262,-4.1223847329630026e-05,-3.289076658081183e-05,0.001877466313078835,0.0019618943130335076,0.03227232537577365,0.025198938992042442,0.9425287356321839,0.004724110085209381
06_mean_reversion,ret12_Q3,2024-09,4h,2262,0.00032012718187313105,0.0005948464135345559,0.00423673381203582,0.004599442434596368,0.20380194518125552,0.1794871794871795,0.616710875331565,0.011019547017231898
06_mean_reversion,ret12_Q3,2024-09,12h,2262,0.0007400806202954024,0.001890956941854055,0.007867566531409409,0.008233150610006235,0.3687002652519894,0.372236958443855,0.25906277630415564,0.02134996266165501
06_mean_reversion,ret12_Q3,2024-10,1h,2565,4.61686511974424e-05,0.00023478831610949515,0.0017704150991115775,0.0015357362960971566,0.023781676413255362,0.0152046783625731,0.9610136452241715,0.00392569833944556
06_mean_reversion,ret12_Q3,2024-10,4h,2565,0.0002568391211905663,0.00045664965775366647,0.0039055144794932772,0.0034042641332264756,0.15828460038986356,0.13450292397660818,0.7072124756335283,0.009144989211220374
06_mean_reversion,ret12_Q3,2024-10,12h,2565,0.0007077250314222461,0.0009005254451294504,0.007542100486585435,0.006482218583831689,0.3875243664717349,0.3115009746588694,0.30097465886939573,0.017709436151868214
06_mean_reversion,ret12_Q3,2024-11,1h,2003,0.00013618146932281583,0.00023472150300270987,0.0022599212789491396,0.002167926219027949,0.05341987019470794,0.0509236145781328,0.8956565152271593,0.0054585093803128
06_mean_reversion,ret12_Q3,2024-11,4h,2003,0.00018832012146763333,0.001261739852843648,0.004972512135544616,0.004770298688086649,0.2511233150274588,0.1982026959560659,0.5506739890164752,0.01187135649330615
06_mean_reversion,ret12_Q3,2024-11,12h,2003,0.0006671288073689663,0.00452030398098649,0.009547281227582305,0.009330857168373119,0.418372441337993,0.3964053919121318,0.18522216674987518,0.02443666090887194
06_mean_reversion,ret12_Q3,2024-12,1h,2093,-0.00012504330594453883,-0.00018858954930071293,0.002046522970654996,0.002232451502915067,0.03870043000477783,0.045389393215480175,0.915910176779742,0.005165462992663271
06_mean_reversion,ret12_Q3,2024-12,4h,2080,0.0002685791511207736,0.00010034792566320905,0.005160236980746635,0.004513176355142201,0.19278846153846155,0.2076923076923077,0.5995192307692307,0.0109400896444374
06_mean_reversion,ret12_Q3,2024-12,12h,2071,0.0009175488265222853,-0.00022235515569895339,0.010527735465854393,0.009594176758688011,0.4437469821342347,0.3766296475132786,0.1796233703524867,0.023468236674555328
06_mean_reversion,ret12_Q4,2024-01,1h,2154,0.00017885368731618279,0.00036708017677495886,0.0029761568241570835,0.002891411272135491,0.0988857938718663,0.06731662024141133,0.8337975858867224,0.006916590380038681
06_mean_reversion,ret12_Q4,2024-01,4h,2154,-9.694801515253149e-05,-5.688562417221275e-05,0.006106737382048033,0.006047027018274753,0.2957288765088208,0.26740947075208915,0.43686165273909006,0.014955735611740496
06_mean_reversion,ret12_Q4,2024-01,12h,2154,-0.0014872560215234976,-0.0005366939341136752,0.010216666385747475,0.012105783271201154,0.42107706592386257,0.45914577530176415,0.11977715877437325,0.02585662561340559
06_mean_reversion,ret12_Q4,2024-02,1h,2043,-0.00016061947579926183,0.0004239141660146474,0.002717895804523307,0.002592678083608413,0.11649534997552619,0.07293196279980421,0.8105726872246696,0.00655531420797508
06_mean_reversion,ret12_Q4,2024-02,4h,2043,0.0005497342627651669,0.002159305033007361,0.006306759823091257,0.004948242335627628,0.3088595203132648,0.19481155163974548,0.49632892804698975,0.013371500226123446
06_mean_reversion,ret12_Q4,2024-02,12h,2043,0.0030292137357170734,0.007191206753860004,0.012110561402838504,0.007633587786259555,0.5056289769946157,0.3225648556045032,0.17180616740088106,0.022517794484424532
06_mean_reversion,ret12_Q4,2024-03,1h,2813,-0.0003807871988719125,-0.00026339896624486816,0.0035808798671865816,0.003923766816143481,0.13686455741201564,0.13046569498755778,0.7326697476004266,0.008841959407976614
06_mean_reversion,ret12_Q4,2024-03,4h,2813,0.0003329523823412117,0.00022042902158026388,0.008143699640741797,0.007302475347216841,0.37433345183078565,0.3291859225026662,0.29648062566654815,0.01826801540387967
06_mean_reversion,ret12_Q4,2024-03,12h,2813,0.0013218358015765208,0.0015098529005772665,0.015289811098560424,0.01457850661081761,0.5019552079630288,0.4408105225737647,0.05723426946320654,0.032878790548922295
06_mean_reversion,ret12_Q4,2024-04,1h,2289,-0.0006851106727201461,-0.0006663954175604167,0.0029688141299351045,0.0032948028942864083,0.1017911751856706,0.10397553516819572,0.7942332896461337,0.007739140878958278
06_mean_reversion,ret12_Q4,2024-04,4h,2289,-0.0007047957848219655,-0.0004786973267383096,0.005973959733648115,0.007232771015352801,0.26474442988204455,0.34294451725644387,0.3923110528615116,0.01564194490323082
06_mean_reversion,ret12_Q4,2024-04,12h,2289,-0.0003138445932244771,-0.002272142474738538,0.010156817091097503,0.014337425294310702,0.37745740498034075,0.5474006116207951,0.07514198339886413,0.028913530301510063
06_mean_reversion,ret12_Q4,2024-05,1h,2147,-0.0003637741981280529,0.00018858895004630752,0.002851519166184646,0.0026268511464264677,0.09268747088961342,0.06846762925011644,0.8388448998602701,0.00644888112917554
06_mean_reversion,ret12_Q4,2024-05,4h,2147,-5.5275443748614705e-05,0.0004808198413461079,0.0058354527156698754,0.0055390109020864164,0.2706101537028412,0.2501164415463437,0.4792734047508151,0.013988160593924052
06_mean_reversion,ret12_Q4,2024-05,12h,2147,0.0014230623825735034,0.002859695574715064,0.010512031873538108,0.008997632415475354,0.44946436888681884,0.4010246856078249,0.14951094550535632,0.024353893241106577
06_mean_reversion,ret12_Q4,2024-06,1h,1399,-0.000743200720823789,-0.0005802478724424253,0.0019776218573590576,0.002690231974925239,0.05003573981415296,0.057898498927805575,0.8920657612580415,0.005880417978840045
06_mean_reversion,ret12_Q4,2024-06,4h,1399,-0.0005146186691971089,-0.0007039561875406433,0.004106770369387114,0.00494952059355569,0.18584703359542531,0.22444603288062903,0.5897069335239457,0.011149261494704216
06_mean_reversion,ret12_Q4,2024-06,12h,1399,-0.0007052892957577495,-0.002064822270040553,0.007396142305031939,0.009239397119404691,0.3431022158684775,0.41029306647605435,0.24660471765546818,0.021570855125780126
06_mean_reversion,ret12_Q4,2024-07,1h,2355,-0.00022668665667158194,-7.819024103010356e-05,0.0029793162799132134,0.0028995386235042275,0.07898089171974522,0.06878980891719745,0.8522292993630574,0.007057027658061209
06_mean_reversion,ret12_Q4,2024-07,4h,2355,0.000514199981814123,0.00047327018071779313,0.006018504270245195,0.0059675178288157715,0.2917197452229299,0.2624203821656051,0.445859872611465,0.01426001186298997
06_mean_reversion,ret12_Q4,2024-07,12h,2355,0.0007100601125917816,-0.00034882035254569013,0.012190870970839596,0.011250128787328117,0.4802547770700637,0.4475583864118896,0.07218683651804671,0.02671449569538742
06_mean_reversion,ret12_Q4,2024-08,1h,2326,-0.0002262342149929042,0.00029583198958462923,0.003144071516943958,0.0033271375945521098,0.1289767841788478,0.12166809974204643,0.7493551160791058,0.007987621942576306
06_mean_reversion,ret12_Q4,2024-08,4h,2326,-0.0003173646898759763,-0.0002332127218847577,0.006517308841495817,0.007212467526322486,0.2768701633705933,0.355116079105761,0.36801375752364573,0.016520943128961803
06_mean_reversion,ret12_Q4,2024-08,12h,2326,-0.00015182125003998515,-0.001053473368496335,0.012334121614634097,0.014118022110483464,0.4165950128976784,0.49871023215821153,0.08469475494411006,0.03368672706004171
06_mean_reversion,ret12_Q4,2024-09,1h,1980,-0.00043052804203586037,-4.567609778162785e-05,0.0024548954120096056,0.0027709069926120655,0.07676767676767676,0.05404040404040404,0.8691919191919192,0.005998609428933202
06_mean_reversion,ret12_Q4,2024-09,4h,1980,-0.0003674938373700587,4.081720421278586e-05,0.005272168339508387,0.00565303039358217,0.23787878787878788,0.22676767676767676,0.5353535353535354,0.01230799147078718
06_mean_reversion,ret12_Q4,2024-09,12h,1980,0.001409171722350222,0.002092877942817911,0.01102564999768485,0.009814060902147148,0.4393939393939394,0.44191919191919193,0.11868686868686869,0.024089353177858652
06_mean_reversion,ret12_Q4,2024-10,1h,1947,-0.00020367185628000772,-0.0002081200017689681,0.0023889075140683946,0.0025427209497542735,0.04314329738058552,0.03800719054956343,0.9188495120698511,0.00567136227556407
06_mean_reversion,ret12_Q4,2024-10,4h,1947,0.0006270350071644337,0.00034112520474919916,0.005115994759100184,0.004843088955700292,0.21777092963533642,0.18387262455059064,0.5983564458140729,0.01153014326648498
06_mean_reversion,ret12_Q4,2024-10,12h,1947,0.0013286668727712225,0.0021258040188425267,0.009774499348733867,0.008076158854473436,0.4509501797637391,0.3559322033898305,0.19311761684643042,0.021339208378622875
06_mean_reversion,ret12_Q4,2024-11,1h,2531,0.00013028122551350663,0.00046702637641535266,0.0033756954855015397,0.0032710737055113848,0.10983800869221652,0.08810746740418807,0.8020545239035954,0.007868178611233245
06_mean_reversion,ret12_Q4,2024-11,4h,2531,0.0012134361233480107,0.0022304091347615856,0.007757239571839936,0.005924415576668118,0.3559857763729751,0.26313709996048995,0.380877123666535,0.015847227798920106
06_mean_reversion,ret12_Q4,2024-11,12h,2531,0.0031674208144796268,0.005652587252962566,0.014977021366292531,0.010296907456637583,0.5322007111813513,0.3935203476886606,0.07427894112998815,0.029081659452625377
06_mean_reversion,ret12_Q4,2024-12,1h,2356,-0.0004205170288993365,-0.00012677361600777948,0.0025188211411621975,0.0031807892108945968,0.0899830220713073,0.0899830220713073,0.8200339558573854,0.007159945290480528
06_mean_reversion,ret12_Q4,2024-12,4h,2355,-0.0008605100938677834,-0.001155082730763796,0.005371639833610775,0.006600754769047645,0.22929936305732485,0.32526539278131633,0.4454352441613588,0.01437001914297757
06_mean_reversion,ret12_Q4,2024-12,12h,2320,-0.0017456326719549886,-0.0018001247767929387,0.01008409455377235,0.012709287544128256,0.42586206896551726,0.4788793103448276,0.09525862068965517,0.029289839471642307
06_mean_reversion,ret24_Q1,2024-01,1h,2344,0.00037021812907145346,-0.00010278482803456612,0.0031552325304031736,0.0032823281970529306,0.06655290102389079,0.12372013651877133,0.8097269624573379,0.007415437471094872
06_mean_reversion,ret24_Q1,2024-01,4h,2344,0.001407536231657791,0.0010195552591702735,0.006436050387898962,0.006765179631399831,0.27986348122866894,0.3152730375426621,0.40486348122866894,0.015513445435340688
06_mean_reversion,ret24_Q1,2024-01,12h,2344,0.0012182418001137618,8.101636373219825e-05,0.010921961685681714,0.012142841643254743,0.41723549488054607,0.4970136518771331,0.08575085324232082,0.026227280357260276
06_mean_reversion,ret24_Q1,2024-02,1h,1670,0.0007694853109073696,0.0007148009298732378,0.0028147478329261233,0.0022711417948272916,0.05149700598802395,0.06646706586826347,0.8820359281437126,0.005898064260565982
06_mean_reversion,ret24_Q1,2024-02,4h,1670,0.00256337840598575,0.0029681809541081796,0.006397007310695035,0.004363343373931183,0.2652694610778443,0.1664670658682635,0.5682634730538922,0.012748128596816396
06_mean_reversion,ret24_Q1,2024-02,12h,1670,0.005024555119572227,0.008124147316703027,0.01330550366003036,0.006765183405660069,0.5407185628742515,0.27365269461077846,0.18562874251497005,0.02180772046109797
06_mean_reversion,ret24_Q1,2024-03,1h,2366,0.0006063205725409526,9.675256225265886e-05,0.004144879378731203,0.004385832671234491,0.15342349957734572,0.23668639053254437,0.6098901098901099,0.010691994729995314
06_mean_reversion,ret24_Q1,2024-03,4h,2366,0.0017557858786679814,0.0010189140775693662,0.008221049908437306,0.008475151231317035,0.3508030431107354,0.3871513102282333,0.26204564666103125,0.02159901568813135
06_mean_reversion,ret24_Q1,2024-03,12h,2366,0.0017756576632524945,0.0025115643892501954,0.015511637285793745,0.015154480269959747,0.4814032121724429,0.45097210481825867,0.0676246830092984,0.037316913151829584
06_mean_reversion,ret24_Q1,2024-04,1h,2658,0.00033062909603731594,3.435865537973671e-05,0.003397375091567234,0.00392977471474476,0.11286681715575621,0.15914221218961624,0.7279909706546276,0.008922838910920113
06_mean_reversion,ret24_Q1,2024-04,4h,2658,0.00024058733065512872,-0.0010371130006907698,0.006922035128395176,0.008589045897822556,0.2975921745673439,0.41384499623777277,0.28856282919488335,0.01941955324084057
06_mean_reversion,ret24_Q1,2024-04,12h,2658,-0.0011119505239204908,-0.002033582706451441,0.011205276091037386,0.016520537176362704,0.41572610985703534,0.5346124905944319,0.04966139954853273,0.03363689940791313
06_mean_reversion,ret24_Q1,2024-05,1h,2154,0.00022365361840326337,2.9802378794346096e-05,0.0029696170077192496,0.002812658736715712,0.05246053853296193,0.08960074280408542,0.8579387186629527,0.0068887923502744895
06_mean_reversion,ret24_Q1,2024-05,4h,2154,0.000719358424773775,0.0008544971535658863,0.005583333438106797,0.005641551359702346,0.23073351903435468,0.27715877437325903,0.4921077065923863,0.01309095287473895
06_mean_reversion,ret24_Q1,2024-05,12h,2154,0.001240729291267395,0.002620422865557118,0.010214789784589118,0.009270643735373396,0.4503249767873723,0.40668523676880225,0.14298978644382543,0.021639656318033464
06_mean_reversion,ret24_Q1,2024-06,1h,1651,0.000395356990757767,-8.17671273858722e-05,0.002755974078837209,0.0027089077897362035,0.03513022410660206,0.09630526953361598,0.868564506359782,0.006376341164288563
06_mean_reversion,ret24_Q1,2024-06,4h,1651,-0.00024003542408201906,-0.0009013500457000353,0.004745918158641116,0.005550211819364992,0.19442761962447003,0.27316777710478496,0.532404603270745,0.012593687113529695
06_mean_reversion,ret24_Q1,2024-06,12h,1651,-0.0008729343425216696,-0.0017504777119834278,0.008305502735698411,0.01037168766098584,0.37976983646274987,0.45124167171411267,0.1689884918231375,0.02204179113429229
06_mean_reversion,ret24_Q1,2024-07,1h,2311,0.0002933851221853523,-3.381781684407892e-05,0.0029310132049857884,0.003214447002093279,0.07485936823885764,0.11596711380354825,0.8091735179575941,0.0073356280993801554
06_mean_reversion,ret24_Q1,2024-07,4h,2311,0.0004918790415309182,-0.0004264905053000918,0.005955172658471453,0.006707529542579693,0.2475118996105582,0.303331890956296,0.4491562094331458,0.014229030640476769
06_mean_reversion,ret24_Q1,2024-07,12h,2311,-0.0008152664859980563,0.00022967050162489084,0.009933862433862517,0.01271774897049227,0.4180008654262224,0.49675465166594546,0.08524448290783211,0.02522940209382579
06_mean_reversion,ret24_Q1,2024-08,1h,2547,0.0003129326995419124,-0.00031640341326511645,0.0035705560761936095,0.003923791089823436,0.10679230467216333,0.1751079701609737,0.7180997251668629,0.008771671687132603
06_mean_reversion,ret24_Q1,2024-08,4h,2547,0.0007159527914293307,0.00012268817690590784,0.006802287607729385,0.007871410733450324,0.26030624263839813,0.3710247349823322,0.36866902237926974,0.016816716558511018
06_mean_reversion,ret24_Q1,2024-08,12h,2547,0.0016707038197678603,-0.0010733891902270653,0.011643549342753579,0.014646965418444124,0.38633686690223795,0.5386729485669415,0.07499018453082057,0.03083097171767128
06_mean_reversion,ret24_Q1,2024-09,1h,2094,0.000495141716954639,0.00029034461320302584,0.0027996466302189216,0.0025666549957920615,0.04823304680038205,0.06829035339063992,0.8834765998089781,0.006224257659118987
06_mean_reversion,ret24_Q1,2024-09,4h,2094,0.0007687858330059916,0.0012983706067499488,0.005390659470325576,0.0053516677669406265,0.224450811843362,0.23782234957020057,0.5377268385864374,0.01262560909590169
06_mean_reversion,ret24_Q1,2024-09,12h,2094,0.0017201609200637735,0.002098894994910515,0.009981157512971794,0.009335710311624779,0.42406876790830944,0.4049665711556829,0.17096466093600765,0.02344743943394291
06_mean_reversion,ret24_Q1,2024-10,1h,1915,0.00040455671183470265,0.0003023838912033674,0.002723857950255093,0.002614060685371067,0.05221932114882506,0.0793733681462141,0.8684073107049608,0.006222748035178663
06_mean_reversion,ret24_Q1,2024-10,4h,1915,0.0010567184334908664,0.0009150763830384187,0.005648940168723415,0.004775203882297352,0.22610966057441254,0.21723237597911227,0.5566579634464752,0.012204051663382995
06_mean_reversion,ret24_Q1,2024-10,12h,1915,0.0018305600052306303,0.0018834109907178449,0.009599151065957212,0.008246426245512528,0.4287206266318538,0.38694516971279375,0.18433420365535247,0.022167176800984508
06_mean_reversion,ret24_Q1,2024-11,1h,2182,0.000984555600556991,0.0007030336467051668,0.0036771061359184287,0.003235006091076853,0.1232813932172319,0.14069660861594868,0.7360219981668195,0.008419362013088936
06_mean_reversion,ret24_Q1,2024-11,4h,2182,0.0021708927520233123,0.0027815781481334797,0.007243618893708059,0.006006367083675079,0.34417965169569203,0.3015582034830431,0.3542621448212649,0.016812995378674308
06_mean_reversion,ret24_Q1,2024-11,12h,2182,0.004952768995599599,0.008176541484471868,0.015216081598512399,0.009052539910531898,0.48166819431714025,0.3904674610449129,0.12786434463794683,0.028172085051665477
06_mean_reversion,ret24_Q1,2024-12,1h,2443,0.0006704788245122106,0.00019642824093766536,0.0034826594599228766,0.003293258102055052,0.09005321326238232,0.13057715923045435,0.7793696275071633,0.0077592538249573245
06_mean_reversion,ret24_Q1,2024-12,4h,2432,0.0011616259851933153,0.0009286860100116186,0.006697735620211698,0.0066394880895713215,0.28289473684210525,0.3199013157894737,0.3972039473684211,0.015552377903481445
06_mean_reversion,ret24_Q1,2024-12,12h,2390,0.001946571018231702,0.0016532188471996634,0.012391578322940133,0.011279051113222083,0.4702928870292887,0.42301255230125523,0.10669456066945607,0.02943587400031568
06_mean_reversion,ret24_Q1_bull,2024-01,1h,381,-9.628545806394939e-05,-0.0003762088874445756,0.002718796851909344,0.002634521133076162,0.05774278215223097,0.10761154855643044,0.8346456692913385,0.0059533250927761095
06_mean_reversion,ret24_Q1_bull,2024-01,4h,381,0.00072617605695946,0.002885133577987924,0.0051690806226241115,0.005131154801573223,0.2650918635170604,0.2335958005249344,0.5013123359580053,0.012792953463215994
06_mean_reversion,ret24_Q1_bull,2024-01,12h,381,-0.00026870941128198655,0.0037040389067024716,0.010072683125911919,0.011021929914518114,0.3937007874015748,0.4645669291338583,0.14173228346456693,0.024871437130399136
06_mean_reversion,ret24_Q1_bull,2024-02,1h,356,0.0006381016376534321,0.0009578931014503013,0.0030308583358534813,0.0028985464726249965,0.0702247191011236,0.06179775280898876,0.8679775280898876,0.006557218411981451
06_mean_reversion,ret24_Q1_bull,2024-02,4h,356,0.0032821083828652453,0.004414230535258517,0.008420566115786565,0.004396786969602662,0.40168539325842695,0.1348314606741573,0.46348314606741575,0.013734473251623736
06_mean_reversion,ret24_Q1_bull,2024-02,12h,356,0.005615522057776046,0.007791533933398906,0.014807148236070433,0.005787196174593112,0.6179775280898876,0.2050561797752809,0.17696629213483145,0.02406092498480822
06_mean_reversion,ret24_Q1_bull,2024-03,1h,379,0.0002840873444718284,-0.00071246274428644,0.003900459487371055,0.0038459042230005736,0.12137203166226913,0.1820580474934037,0.6965699208443272,0.008514672383860411
06_mean_reversion,ret24_Q1_bull,2024-03,4h,379,0.0004283626067058677,-0.0011757254496825387,0.008628126146760229,0.008499714765907607,0.36675461741424803,0.35092348284960423,0.28232189973614774,0.02020491819830295
06_mean_reversion,ret24_Q1_bull,2024-03,12h,379,0.000637903890234881,0.0022397988309059737,0.014630531114968592,0.013735579716159019,0.46437994722955145,0.46437994722955145,0.0712401055408971,0.03498449909976328
06_mean_reversion,ret24_Q1_bull,2024-04,1h,356,-0.00027003087326110675,0.0002987461306768372,0.0025582131590180524,0.003742715676839481,0.0702247191011236,0.13764044943820225,0.7921348314606742,0.007065279966408071
06_mean_reversion,ret24_Q1_bull,2024-04,4h,356,0.0003768710680749354,0.00015559528779722452,0.004698174195229887,0.007515247492658417,0.25280898876404495,0.3595505617977528,0.38764044943820225,0.01384278269508662
06_mean_reversion,ret24_Q1_bull,2024-04,12h,356,-0.004289353494037529,-0.005586337587873382,0.011058169515199223,0.0136847946477891,0.41292134831460675,0.5028089887640449,0.08426966292134831,0.03052475199575521
06_mean_reversion,ret24_Q1_bull,2024-05,1h,364,5.3651610001037575e-05,0.00019847799449776804,0.0026730562242476275,0.002642596235984229,0.057692307692307696,0.08241758241758242,0.8598901098901099,0.005911734183937132
06_mean_reversion,ret24_Q1_bull,2024-05,4h,364,-0.0006890077453792776,0.001067414529053602,0.004430071352404141,0.005317322628511145,0.23076923076923078,0.23901098901098902,0.5302197802197802,0.012115148173989319
06_mean_reversion,ret24_Q1_bull,2024-05,12h,364,0.0013524225583111393,0.001532241245293602,0.008230607536395596,0.008601347614379917,0.38461538461538464,0.42857142857142855,0.18681318681318682,0.02229613816168511
06_mean_reversion,ret24_Q1_bull,2024-06,1h,206,0.0008761009880710047,0.0005319523842841401,0.003091749534710919,0.00228852418785902,0.02912621359223301,0.05825242718446602,0.912621359223301,0.005542419506895334
06_mean_reversion,ret24_Q1_bull,2024-06,4h,206,0.00013048049096275882,-0.0018672659281715033,0.00538622659596677,0.005530526971560312,0.2669902912621359,0.24271844660194175,0.49029126213592233,0.013977542857905024
06_mean_reversion,ret24_Q1_bull,2024-06,12h,206,-0.0004341192490632806,-0.0036496199373015825,0.009260868126932609,0.007667544406702309,0.441747572815534,0.36893203883495146,0.18932038834951456,0.022563615958166992
06_mean_reversion,ret24_Q1_bull,2024-07,1h,364,0.00011545604744322979,0.00023458232238503013,0.003351058755865166,0.0025952095345257997,0.10989010989010989,0.09615384615384616,0.7939560439560439,0.0070100277603184664
06_mean_reversion,ret24_Q1_bull,2024-07,4h,364,0.00022125407323181356,-0.00018059342378150435,0.006420809449657727,0.0065403173642413215,0.29395604395604397,0.2692307692307692,0.4368131868131868,0.015468078392972815
06_mean_reversion,ret24_Q1_bull,2024-07,12h,364,0.00014088996594507908,0.0001990376090641241,0.009442092102977306,0.009525228586890255,0.43956043956043955,0.4532967032967033,0.10714285714285714,0.027489298680846437
06_mean_reversion,ret24_Q1_bull,2024-08,1h,406,-0.0006080674452274004,-0.0006370018392175438,0.0031122567591175265,0.004053865017951075,0.06403940886699508,0.16009852216748768,0.7758620689655172,0.007572191565600675
06_mean_reversion,ret24_Q1_bull,2024-08,4h,406,-0.001923860657884302,-0.0015427095849034718,0.005096766304911515,0.008121272056494322,0.20935960591133004,0.39408866995073893,0.39655172413793105,0.01608525398223774
06_mean_reversion,ret24_Q1_bull,2024-08,12h,406,0.00177370348046757,0.002739216952679929,0.00960208501048676,0.017062211308427777,0.34236453201970446,0.5123152709359606,0.14532019704433496,0.030697555040910214
06_mean_reversion,ret24_Q1_bull,2024-09,1h,300,-0.00026760402399550465,-0.0004118742093404278,0.0022490248516783273,0.002684187902256052,0.06,0.08333333333333333,0.8566666666666667,0.005773939467981043
06_mean_reversion,ret24_Q1_bull,2024-09,4h,300,-0.0001824407299496067,0.0014754475747072266,0.005105316237821955,0.005944721709384815,0.2633333333333333,0.26,0.4766666666666667,0.012475857670896078
06_mean_reversion,ret24_Q1_bull,2024-09,12h,300,0.0017875276640809679,0.0024575716077487454,0.00989355084081922,0.010696253236002207,0.42,0.47333333333333333,0.10666666666666667,0.02264046336053628
06_mean_reversion,ret24_Q1_bull,2024-10,1h,295,6.3155583701624e-05,0.00048319433843488726,0.0023723573560203715,0.002385935018829999,0.06440677966101695,0.04067796610169491,0.8949152542372881,0.005257485195639012
06_mean_reversion,ret24_Q1_bull,2024-10,4h,295,0.0009059641627331416,0.001653002727174373,0.005211267605633729,0.004092472628480004,0.23389830508474577,0.14576271186440679,0.6203389830508474,0.010502309281520893
06_mean_reversion,ret24_Q1_bull,2024-10,12h,295,0.002447355407442675,0.00492672395403599,0.013489470840847506,0.0067491739261039685,0.5152542372881356,0.3220338983050847,0.16271186440677965,0.021451069471681846
06_mean_reversion,ret24_Q1_bull,2024-11,1h,410,0.0002714679190631841,-0.00014784300566579475,0.003140061764282276,0.003093963525444665,0.1024390243902439,0.17073170731707318,0.7268292682926829,0.007456084898544862
06_mean_reversion,ret24_Q1_bull,2024-11,4h,410,0.0012198363911101184,0.002603745848549763,0.007316881686409427,0.005762918907443015,0.34146341463414637,0.2731707317073171,0.3853658536585366,0.01559460090293991
06_mean_reversion,ret24_Q1_bull,2024-11,12h,410,0.004480953925452891,0.007867917268960039,0.013898116203492239,0.010301027059291146,0.47317073170731705,0.4268292682926829,0.1,0.028479572838236877
06_mean_reversion,ret24_Q1_bull,2024-12,1h,382,5.1862945530833926e-05,-0.00015935543723999063,0.0028228316020678657,0.0032972066838286573,0.049738219895287955,0.12041884816753927,0.8298429319371727,0.007078832650503241
06_mean_reversion,ret24_Q1_bull,2024-12,4h,382,0.0010963192703496993,0.0006018921914342506,0.006879192500371056,0.006534755765117917,0.29581151832460734,0.3193717277486911,0.38481675392670156,0.01564904535489338
06_mean_reversion,ret24_Q1_bull,2024-12,12h,370,-0.0011442883005374216,-0.0024829339314990763,0.011705725552081492,0.012616697467078053,0.4648648648648649,0.40540540540540543,0.12972972972972974,0.027065040642030753
06_mean_reversion,ret24_Q1_bear,2024-01,1h,1963,0.0005163839900554912,-4.971576708947513e-05,0.0032791442063309084,0.0034737788634980893,0.06826286296484972,0.12684666327050434,0.804890473764646,0.007808615950226645
06_mean_reversion,ret24_Q1_bear,2024-01,4h,1963,0.0017181150172269621,0.0006574638992774945,0.006662572989320381,0.007075421461819387,0.282730514518594,0.33112582781456956,0.38614365766683645,0.015862521294633225
06_mean_reversion,ret24_Q1_bear,2024-01,12h,1963,0.0013121670679698827,-0.0006221785363552565,0.011034549704566077,0.01245136500672206,0.4218033622007132,0.5033112582781457,0.0748853795211411,0.026414502089937418
06_mean_reversion,ret24_Q1_bear,2024-02,1h,1314,0.000824245433116988,0.0006489403415312023,0.0027825606340224907,0.0021496034417250454,0.04642313546423135,0.06773211567732115,0.8858447488584474,0.005723726899152865
06_mean_reversion,ret24_Q1_bear,2024-02,4h,1314,0.0024075000597900686,0.002576404964085714,0.006182853552688661,0.004318485400935712,0.228310502283105,0.1750380517503805,0.5966514459665144,0.01255739848783476
06_mean_reversion,ret24_Q1_bear,2024-02,12h,1314,0.004846568234665116,0.008214261749318146,0.012776224687906512,0.007047461189722548,0.5197869101978692,0.2922374429223744,0.18797564687975646,0.021340352350439927
06_mean_reversion,ret24_Q1_bear,2024-03,1h,1987,0.0006440332010491101,0.0002511021350650989,0.004187747594793567,0.004475455474504009,0.159536990437846,0.2471061902365375,0.5933568193256165,0.010950883963838628
06_mean_reversion,ret24_Q1_bear,2024-03,4h,1987,0.0018982943773011574,0.0014375192012877718,0.00817519439896297,0.008453635412348781,0.3477604428787116,0.39406139909411175,0.25817815802717664,0.02173369581725947
06_mean_reversion,ret24_Q1_bear,2024-03,12h,1987,0.002062299707752846,0.0025634008998754896,0.015864180350681822,0.015455838919526066,0.48465022647206846,0.44841469552088575,0.0669350780070458,0.03807960414969296
06_mean_reversion,ret24_Q1_bear,2024-04,1h,2302,0.0004431830725305508,-6.5283738147757815e-06,0.0035913065393357035,0.00394691365718014,0.11946133796698523,0.16246741963509992,0.7180712423979149,0.009230340539468532
06_mean_reversion,ret24_Q1_bear,2024-04,4h,2302,0.000197740220574949,-0.0012215631095968196,0.0072041496986787745,0.008852176150757174,0.3045178105994787,0.42224152910512597,0.2732406602953953,0.02025056646421723
06_mean_reversion,ret24_Q1_bear,2024-04,12h,2302,-0.0004316770212984822,-0.0014841558003757633,0.011252709576836883,0.016852937055928052,0.4161598609904431,0.5395308427454387,0.044309296264118156,0.03476718210543854
06_mean_reversion,ret24_Q1_bear,2024-05,1h,1790,0.0002724968154004248,-4.498137471601159e-06,0.003042038579568751,0.0028388717076806014,0.05139664804469274,0.09106145251396648,0.8575418994413407,0.006975608293302897
06_mean_reversion,ret24_Q1_bear,2024-05,4h,1790,0.0011231235680989604,0.0008111999889415686,0.005819382498361447,0.005756819025542648,0.23072625698324023,0.2849162011173184,0.48435754189944136,0.013324541512750702
06_mean_reversion,ret24_Q1_bear,2024-05,12h,1790,0.0012104857346464382,0.0028417067257671294,0.01049437804342257,0.009418468532526203,0.46368715083798884,0.4022346368715084,0.1340782122905028,0.0215548448028563
06_mean_reversion,ret24_Q1_bear,2024-06,1h,1445,0.0003311260310479014,-0.00016925932074505736,0.002723787528868371,0.0027507634410675053,0.035986159169550176,0.10173010380622838,0.8622837370242215,0.00660663062472903
06_mean_reversion,ret24_Q1_bear,2024-06,4h,1445,-0.00027912998548917933,-0.0007636485427317846,0.004677581636951311,0.005554160219362281,0.18408304498269895,0.2775086505190311,0.5384083044982699,0.01248097892504322
06_mean_reversion,ret24_Q1_bear,2024-06,12h,1445,-0.0009499577641247647,-0.0014797349449138504,0.008212097373963667,0.010809653639523131,0.37093425605536334,0.4629757785467128,0.16608996539792387,0.02186111142869413
06_mean_reversion,ret24_Q1_bear,2024-07,1h,1947,0.00034333050654988817,-8.399637394700429e-05,0.002892459401309999,0.0033291422184967834,0.06831022085259374,0.11967128916281458,0.8120184899845917,0.007366622193124696
06_mean_reversion,ret24_Q1_bear,2024-07,4h,1947,0.0005926782081389081,-0.0004724620192563144,0.005878135354264069,0.006725774267378526,0.23882896764252695,0.30970724191063176,0.4514637904468413,0.014109152566889365
06_mean_reversion,ret24_Q1_bear,2024-07,12h,1947,-0.0008910621313322764,0.00023539745226285624,0.010021175028165574,0.013002730858801104,0.4139702105803801,0.504879301489471,0.08115048793014895,0.025210591143945124
06_mean_reversion,ret24_Q1_bear,2024-08,1h,2141,0.0005271317829458333,-0.00025560800881080283,0.003648224452633686,0.0038643715979728155,0.11489957963568426,0.1779542269967305,0.7071461933675852,0.008884575323174496
06_mean_reversion,ret24_Q1_bear,2024-08,4h,2141,0.001346972951326908,0.00043849924243351545,0.007114638507472737,0.007824468586405064,0.26996730499766464,0.3666510976179355,0.3633815973843998,0.016955682549554544
06_mean_reversion,ret24_Q1_bear,2024-08,12h,2141,0.0016627392355523796,-0.0017963775573546885,0.012306579224840908,0.014270770767867647,0.3946753853339561,0.5436711816907986,0.06165343297524521,0.030834859030929015
06_mean_reversion,ret24_Q1_bear,2024-09,1h,1794,0.0006643625168486489,0.00040777250994942273,0.0028902967158906945,0.002539742280942503,0.04626532887402453,0.06577480490523968,0.8879598662207357,0.006346558915876431
06_mean_reversion,ret24_Q1_bear,2024-09,4h,1794,0.0009393082272903808,0.001268759073646725,0.0054195705011200745,0.005298285517689572,0.21794871794871795,0.23411371237458195,0.5479375696767002,0.012635374654225647
06_mean_reversion,ret24_Q1_bear,2024-09,12h,1794,0.0017018400321139326,0.0020389156282151592,0.009999047636191083,0.009185225473975378,0.42474916387959866,0.3935340022296544,0.18171683389074694,0.023923725473357294
06_mean_reversion,ret24_Q1_bear,2024-10,1h,1620,0.0004591525088391002,0.0002694585319852819,0.0028049315556266663,0.002661011132632285,0.05,0.08641975308641975,0.8635802469135803,0.006429221471823667
06_mean_reversion,ret24_Q1_bear,2024-10,4h,1620,0.0010877956262815847,0.0007807009067914393,0.0056809014805144775,0.004913346691781173,0.22469135802469137,0.2302469135802469,0.5450617283950617,0.012359849551363947
06_mean_reversion,ret24_Q1_bear,2024-10,12h,1620,0.0016994356552215706,0.0013292274572741087,0.009064641467700585,0.008694643375722122,0.412962962962963,0.3987654320987654,0.1882716049382716,0.022439123468309286
06_mean_reversion,ret24_Q1_bear,2024-11,1h,1772,0.0012545936018493187,0.0008999069127729401,0.0038203209348144362,0.0032609663020491397,0.1281038374717833,0.13374717832957111,0.7381489841986456,0.008663881162448725
06_mean_reversion,ret24_Q1_bear,2024-11,4h,1772,0.0022793747920837326,0.0028227244476985605,0.007212261062024994,0.0060819850006047504,0.3448081264108352,0.30812641083521447,0.34706546275395034,0.01684431030087847
06_mean_reversion,ret24_Q1_bear,2024-11,12h,1772,0.005094861114985916,0.008247950021920991,0.015543967430367123,0.00893213900353279,0.48363431151241537,0.38205417607223474,0.1343115124153499,0.028144014927966803
06_mean_reversion,ret24_Q1_bear,2024-12,1h,2061,0.0007290968596547209,0.0002623716495081965,0.0035780371896025898,0.003293258102055052,0.0975254730713246,0.1324599708879185,0.7700145560407569,0.00784809050815569
06_mean_reversion,ret24_Q1_bear,2024-12,4h,2050,0.0011637406414389817,0.0009895812484001813,0.006644099119745284,0.006681919096423683,0.2804878048780488,0.32,0.39951219512195124,0.01554436037781461
06_mean_reversion,ret24_Q1_bear,2024-12,12h,2020,0.0022765279207291877,0.002410830989832601,0.01253179360853629,0.01108061932013188,0.47128712871287126,0.4262376237623762,0.10247524752475247,0.029498569832976718
06_mean_reversion,ret24_Q2,2024-01,1h,2184,4.6976609899829214e-05,-0.00012939001111929478,0.0019953050796027716,0.0022287547309255973,0.027014652014652016,0.039377289377289376,0.9336080586080586,0.00488300443069791
06_mean_reversion,ret24_Q2,2024-01,4h,2184,0.00017825994821307756,-0.0003249133688881944,0.0041490063953691925,0.0047994528369669776,0.15979853479853479,0.21978021978021978,0.6204212454212454,0.01095079767109489
06_mean_reversion,ret24_Q2,2024-01,12h,2184,0.0008867777511285535,0.0009526319722084922,0.008581909421484846,0.00965412528869286,0.3342490842490842,0.4468864468864469,0.21886446886446886,0.01916605293294216
06_mean_reversion,ret24_Q2,2024-02,1h,2306,6.179172589271253e-05,0.00034923481159861706,0.001799640683616044,0.0016582780838693134,0.034258456201214225,0.026019080659150044,0.9397224631396357,0.004098754320984631
06_mean_reversion,ret24_Q2,2024-02,4h,2306,0.0005865172011306763,0.0017446652821058231,0.004582000673409858,0.003729297487420291,0.19080659150043366,0.10581092801387684,0.7033824804856895,0.009590736270937886
06_mean_reversion,ret24_Q2,2024-02,12h,2306,0.0013710668668223125,0.005604242554436952,0.008680068168883226,0.006353073753136207,0.41153512575888984,0.26279271465741544,0.3256721595836947,0.01778455615996217
06_mean_reversion,ret24_Q2,2024-03,1h,1800,0.000412587360554606,0.0003320396971680207,0.002702610292312113,0.002325059065355961,0.08166666666666667,0.08166666666666667,0.8366666666666667,0.006253994298017765
06_mean_reversion,ret24_Q2,2024-03,4h,1800,0.0012108168647064765,0.0014256394169242675,0.00579737720011031,0.004709879051454924,0.27944444444444444,0.24166666666666667,0.47888888888888886,0.013410477861569462
06_mean_reversion,ret24_Q2,2024-03,12h,1800,0.0015103516811195705,0.0028844184269807534,0.01178675929501416,0.00898785700997523,0.4661111111111111,0.3411111111111111,0.19277777777777777,0.02505740161408554
06_mean_reversion,ret24_Q2,2024-04,1h,1902,-0.00017640115562789216,-0.0004294152362653309,0.002301381536212843,0.0024951092148188803,0.046267087276550996,0.08412197686645637,0.8696109358569927,0.005707281342999136
06_mean_reversion,ret24_Q2,2024-04,4h,1902,5.875871155736068e-05,-0.0008122479329204219,0.00542194156624165,0.005462273340951784,0.176130389064143,0.3049421661409043,0.5189274447949527,0.012900128194920403
06_mean_reversion,ret24_Q2,2024-04,12h,1902,0.000527218159038223,-0.0031487301874789826,0.009871771283742614,0.012426669655059508,0.38696109358569925,0.5210304942166141,0.09200841219768664,0.025509255290685037
06_mean_reversion,ret24_Q2,2024-05,1h,2299,0.00034461023655940615,0.00027996905891995423,0.002193665319705218,0.001852262466518928,0.030882992605480643,0.04132231404958678,0.9277946933449326,0.0047974183598832945
06_mean_reversion,ret24_Q2,2024-05,4h,2299,0.001348851454823885,0.0012043183989935708,0.005371339052880009,0.004007756043338029,0.21052631578947367,0.17703349282296652,0.6124401913875598,0.011383670544069047
06_mean_reversion,ret24_Q2,2024-05,12h,2299,0.001253232023578743,0.002173691204797246,0.009722711420252272,0.007033433391988364,0.4436711613745107,0.3201391909525881,0.23618964767290127,0.01999867890375882
06_mean_reversion,ret24_Q2,2024-06,1h,3023,0.00010964781273781199,1.0390013442090306e-05,0.0012879805191328142,0.0012796723161278,0.02150181938471717,0.02216341382732385,0.956334766787959,0.0031423370010538083
06_mean_reversion,ret24_Q2,2024-06,4h,3023,2.9865145293905826e-05,-0.00033315370373072114,0.002625360230547491,0.002737593373110969,0.10982467747270923,0.11677141912007939,0.7734039034072114,0.007133110621208026
06_mean_reversion,ret24_Q2,2024-06,12h,3023,0.00026998441614556334,-0.000970011280441811,0.005997318350843273,0.005555604211218035,0.2676149520344029,0.2543830631822693,0.47800198478332784,0.014712231539322234
06_mean_reversion,ret24_Q2,2024-07,1h,2044,0.000378115959984493,0.00012381135131153806,0.0026118949355721233,0.0020272786457984915,0.049902152641878667,0.05821917808219178,0.8918786692759295,0.005560684780597042
06_mean_reversion,ret24_Q2,2024-07,4h,2044,0.000988355200963853,0.0001512521321254635,0.005901832599144674,0.005171602718239965,0.25048923679060664,0.26418786692759294,0.48532289628180036,0.013223483448861689
06_mean_reversion,ret24_Q2,2024-07,12h,2044,0.0019475072449995912,0.001275443057166947,0.011275356772884937,0.010378359285572125,0.49217221135029354,0.4349315068493151,0.07289628180039139,0.024350132024271783
06_mean_reversion,ret24_Q2,2024-08,1h,1999,-9.980354543470682e-06,-0.00046162738321772057,0.0020909681712981687,0.002533937329393998,0.03551775887943972,0.08854427213606804,0.8759379689844923,0.005645140942171813
06_mean_reversion,ret24_Q2,2024-08,4h,1999,-6.87957491740665e-06,-0.0008444605726227147,0.00482093109497872,0.005529354119349406,0.16758379189594796,0.2766383191595798,0.5557778889444722,0.01238420447471394
06_mean_reversion,ret24_Q2,2024-08,12h,1999,-2.203139025858114e-05,-0.0017117262122870176,0.009308415837264272,0.01122121130582654,0.3696848424212106,0.4517258629314657,0.17858929464732365,0.02388467146732167
06_mean_reversion,ret24_Q2,2024-09,1h,2280,-6.206265686042878e-05,8.232216527435636e-05,0.001830472656851878,0.001953276805836013,0.034210526315789476,0.031140350877192982,0.9346491228070175,0.004649948111877555
06_mean_reversion,ret24_Q2,2024-09,4h,2280,6.415054624020478e-05,0.00021769083367054412,0.004227909137540009,0.004548599867648051,0.18289473684210528,0.1736842105263158,0.6434210526315789,0.010434203700441062
06_mean_reversion,ret24_Q2,2024-09,12h,2280,0.00016532469010166473,0.000873347413659145,0.007214665689830424,0.008414027262127644,0.3232456140350877,0.35833333333333334,0.31842105263157894,0.019728647373722378
06_mean_reversion,ret24_Q2,2024-10,1h,2514,0.0002762051021080181,0.00028113506815950415,0.0017384591464025823,0.0015746937880676826,0.02386634844868735,0.025059665871121718,0.951073985680191,0.003975962695029485
06_mean_reversion,ret24_Q2,2024-10,4h,2514,0.0004588707528696556,0.0007520358812297746,0.004045313231670233,0.0034704638597299886,0.16706443914081145,0.12688941925218775,0.7060461416070007,0.009194929593406457
06_mean_reversion,ret24_Q2,2024-10,12h,2514,0.0010284311271109292,0.0009154446940522193,0.007328246162795704,0.006280939722746237,0.37828162291169454,0.32100238663484487,0.30071599045346065,0.01827593507836437
06_mean_reversion,ret24_Q2,2024-11,1h,1932,0.0001821517023826713,0.00017615661829230395,0.0021787087531557336,0.0022109983668768818,0.042443064182194616,0.05538302277432712,0.9021739130434783,0.005309410786137751
06_mean_reversion,ret24_Q2,2024-11,4h,1932,0.00044037369529892345,0.001162734912312987,0.0044873146029812405,0.004584216536919872,0.22308488612836438,0.19513457556935818,0.5817805383022774,0.011673508608597012
06_mean_reversion,ret24_Q2,2024-11,12h,1932,0.0016284677440833173,0.00434221311772607,0.009263792126385617,0.009162960691569244,0.4001035196687371,0.39855072463768115,0.2013457556935818,0.023306293701496693
06_mean_reversion,ret24_Q2,2024-12,1h,2054,0.00020655733588514913,-0.0001061693829120592,0.002286971253884662,0.0023642976488587597,0.034079844206426485,0.06572541382667965,0.9001947419668939,0.005447138908097976
06_mean_reversion,ret24_Q2,2024-12,4h,2034,0.0006591052021429622,-0.0003058952141592245,0.005321905692307283,0.004572642258561799,0.1976401179941003,0.26597836774827927,0.5363815142576205,0.011879380804161656
06_mean_reversion,ret24_Q2,2024-12,12h,2027,0.0009113558328448512,-0.0010017277731928567,0.010607725088334075,0.010051736956905755,0.42525900345337936,0.4070054267390232,0.16773556980759743,0.023358372299694726
06_mean_reversion,ret24_Q3,2024-01,1h,2144,-0.00016759928666781887,3.40250896934764e-05,0.0018978323438099132,0.002098619865453899,0.04151119402985075,0.04197761194029851,0.9165111940298507,0.0047519674225353125
06_mean_reversion,ret24_Q3,2024-01,4h,2144,-0.0001490869293672703,-0.00014050207118061883,0.004004342259279148,0.004432641620611244,0.18470149253731344,0.21128731343283583,0.6040111940298507,0.011126166802219353
06_mean_reversion,ret24_Q3,2024-01,12h,2144,-0.00021279017233549746,-0.0004146614297520095,0.008675942903309308,0.010343076338615254,0.34375,0.43656716417910446,0.2196828358208955,0.021420722212067256
06_mean_reversion,ret24_Q3,2024-02,1h,2231,9.194991110872408e-05,0.000615453886594592,0.001942536819019569,0.0018100682461622553,0.049305244285073956,0.023756163155535633,0.9269385925593904,0.004424962457526292
06_mean_reversion,ret24_Q3,2024-02,4h,2231,2.752635385383506e-05,0.001937134011194741,0.004525269613026017,0.0038393922719054396,0.22097714029583146,0.11026445540116539,0.6687584043030032,0.00979831926732899
06_mean_reversion,ret24_Q3,2024-02,12h,2231,0.0014932722428069312,0.006312480084341017,0.009822361546499403,0.006894692242508271,0.45943523083818916,0.2837292693859256,0.25683549977588527,0.01786242582906775
06_mean_reversion,ret24_Q3,2024-03,1h,1982,0.00018425384742826179,0.0003997137412810508,0.0027313432854373376,0.0023634848707244083,0.07669021190716448,0.06256306760847628,0.8607467204843592,0.006056403916480846
06_mean_reversion,ret24_Q3,2024-03,4h,1982,0.0012190309015004397,0.001518022737053095,0.006468503573552442,0.004780512951110538,0.3355196770938446,0.2063572149344097,0.4581231079717457,0.014043314486937917
06_mean_reversion,ret24_Q3,2024-03,12h,1982,0.0016308859000246922,0.002679072693614659,0.012396163874621835,0.008705343088088513,0.5232088799192735,0.31281533804238143,0.16397578203834512,0.026598353759148395
06_mean_reversion,ret24_Q3,2024-04,1h,1872,-0.00021546727705340496,-0.00024707207062947724,0.0023054323946659627,0.0025875407824121344,0.052884615384615384,0.06944444444444445,0.8776709401709402,0.0058725864478655805
06_mean_reversion,ret24_Q3,2024-04,4h,1872,-0.0009130549075657135,-0.0012045393130597885,0.005270527222257737,0.006133065550127492,0.234508547008547,0.31463675213675213,0.45085470085470086,0.013731450101837954
06_mean_reversion,ret24_Q3,2024-04,12h,1872,-0.0003540032445106811,-0.002993966105128309,0.009158235084357202,0.012316709659951186,0.37393162393162394,0.5240384615384616,0.10202991452991453,0.025383394995518616
06_mean_reversion,ret24_Q3,2024-05,1h,2323,4.5732425164812796e-05,0.0003275291839986161,0.0021342895310412224,0.0018713071047702368,0.04390873869995695,0.030994403788204908,0.9250968575118381,0.004800784887588239
06_mean_reversion,ret24_Q3,2024-05,4h,2323,0.0004592623425334619,0.00033929350475072424,0.005041287109954107,0.00397691263842459,0.2074903142488162,0.1592767972449419,0.6332328885062419,0.010852222132148412
06_mean_reversion,ret24_Q3,2024-05,12h,2323,0.0015633285290812537,0.0020310265080099835,0.009634322478991653,0.00713880043334103,0.4421007318123117,0.34739560912613,0.21050365906155832,0.020958423824326854
06_mean_reversion,ret24_Q3,2024-06,1h,2654,-0.0001328241417754561,-6.595729469212419e-06,0.001253368751518824,0.0014066833925042155,0.015071590052750565,0.01281085154483798,0.9721175584024114,0.003178489650474733
06_mean_reversion,ret24_Q3,2024-06,4h,2654,2.071588832208704e-05,0.00016176402430111972,0.0029121850578247566,0.0027902669461690177,0.12773172569706104,0.08892238131122833,0.7833458929917106,0.007550382105464671
06_mean_reversion,ret24_Q3,2024-06,12h,2654,0.0004924238032235628,-6.693246390749886e-05,0.006114621995142122,0.005118355160422139,0.2905048982667671,0.20987189148455163,0.4996232102486812,0.01405908720137257
06_mean_reversion,ret24_Q3,2024-07,1h,2129,6.926601116830078e-05,4.8568775757541314e-05,0.0024630033782775396,0.0021269037923770107,0.05307656176608737,0.050728041333959605,0.896195396899953,0.005372708901848737
06_mean_reversion,ret24_Q3,2024-07,4h,2129,0.0005000319580472645,-6.217614541132783e-05,0.005795815027724638,0.005046754775124174,0.24847346171911697,0.28088304368248,0.470643494598403,0.013767225885782395
06_mean_reversion,ret24_Q3,2024-07,12h,2129,0.0030037430586355995,0.0008442348213983534,0.012720648281927316,0.010826032131820096,0.4833255049318929,0.4495068107092532,0.06716768435885392,0.02518647462715468
06_mean_reversion,ret24_Q3,2024-08,1h,2113,6.772314777192534e-05,0.00011906312876801392,0.0022889205259191137,0.0021830510356199984,0.0506389020350213,0.06152389966871746,0.8878371982962613,0.005238811011653353
06_mean_reversion,ret24_Q3,2024-08,4h,2113,-0.00018992260218364532,-0.00016289889013211702,0.005573118054906567,0.005212673815850888,0.24136299100804542,0.25319451017510647,0.5054424988168481,0.012724006610620169
06_mean_reversion,ret24_Q3,2024-08,12h,2113,-0.00020554936896810538,-0.0010694045090843003,0.010995278773090478,0.011529126213592256,0.41741599621391384,0.4193090392806436,0.1632749645054425,0.026688122533589216
06_mean_reversion,ret24_Q3,2024-09,1h,2246,-6.504910440646716e-05,2.124871261345892e-05,0.0019297366555370843,0.002003162122398039,0.028495102404274265,0.02804986642920748,0.9434550311665183,0.004710687196357876
06_mean_reversion,ret24_Q3,2024-09,4h,2246,0.00016670674458529877,0.0002718219840483949,0.0041622887871758385,0.004534641334329403,0.1892252894033838,0.18165627782724844,0.6291184327693677,0.01072048156972178
06_mean_reversion,ret24_Q3,2024-09,12h,2246,0.0003652379580758591,0.0011679601484067261,0.007708146986423414,0.008212217503417774,0.3579697239536955,0.3757791629563669,0.26625111308993765,0.02136637420542834
06_mean_reversion,ret24_Q3,2024-10,1h,2510,-3.305615295440267e-05,0.00017737650492870744,0.0016872093025066537,0.0016337384719307124,0.026294820717131476,0.017928286852589643,0.9557768924302789,0.00395877757361276
06_mean_reversion,ret24_Q3,2024-10,4h,2510,2.1921663726720553e-05,0.00028656833028440585,0.0038312334983909846,0.003497623458711019,0.15776892430278885,0.14262948207171314,0.699601593625498,0.009215125384179563
06_mean_reversion,ret24_Q3,2024-10,12h,2510,0.0006052364513250419,0.0011594776142065239,0.008012387295673551,0.006487552528280982,0.38764940239043827,0.3207171314741036,0.29163346613545815,0.017352505168281702
06_mean_reversion,ret24_Q3,2024-11,1h,1900,5.614972028389342e-05,0.0001992766915544877,0.0022030070238829857,0.002181067181225793,0.05210526315789474,0.04631578947368421,0.901578947368421,0.005306277619391219
06_mean_reversion,ret24_Q3,2024-11,4h,1900,-8.781287100922963e-05,0.0013258348569557797,0.004694318207795978,0.0047135585133216695,0.2536842105263158,0.18894736842105264,0.5573684210526316,0.012011271978619342
06_mean_reversion,ret24_Q3,2024-11,12h,1900,0.00039622200283961906,0.0036990001176870737,0.009671465105860366,0.009539703150968748,0.42473684210526313,0.4110526315789474,0.16421052631578947,0.023242944442593984
06_mean_reversion,ret24_Q3,2024-12,1h,2231,-8.359595163376365e-05,-9.144711306151238e-05,0.0020572999142869364,0.0022669816867562087,0.03854773644105782,0.043478260869565216,0.917974002689377,0.005163464652455098
06_mean_reversion,ret24_Q3,2024-12,4h,2226,0.0006172802992508997,0.0004985494249633147,0.00538943538243053,0.004336990970839172,0.18238993710691823,0.197214734950584,0.6203953279424977,0.010873744261042801
06_mean_reversion,ret24_Q3,2024-12,12h,2219,0.0015403752232967527,0.000958529453569289,0.01077676101633429,0.00870403976165679,0.4569625957638576,0.36953582694907616,0.17350157728706625,0.02449174981891716
06_mean_reversion,ret24_Q4,2024-01,1h,2207,2.62540468152217e-05,0.000289634588203425,0.002981260647359374,0.002895050784904152,0.11010421386497508,0.07023108291798821,0.8196647032170367,0.007147344921775712
06_mean_reversion,ret24_Q4,2024-01,4h,2207,-0.0009053915057134487,-0.00045457311992087596,0.005429235266631638,0.006265443951913641,0.2822836429542365,0.266425011327594,0.4512913457181695,0.014808274021352288
06_mean_reversion,ret24_Q4,2024-01,12h,2207,-0.0021094696469480256,-0.0004414250556282222,0.010166037171384756,0.012495512860405844,0.4077933846850929,0.4689623923878568,0.1232442229270503,0.02663957841962703
06_mean_reversion,ret24_Q4,2024-02,1h,2145,-0.00010835900690786548,0.0005435200782323448,0.0028665078363350194,0.002695508512127187,0.11701631701631701,0.07645687645687646,0.8065268065268065,0.006453114484746202
06_mean_reversion,ret24_Q4,2024-02,4h,2145,0.00048204794164830034,0.0023016758478993874,0.006511884270988366,0.005128712226546095,0.3300699300699301,0.19533799533799534,0.4745920745920746,0.013522133152089303
06_mean_reversion,ret24_Q4,2024-02,12h,2145,0.0035601712051953616,0.007104833843902913,0.012323270920901797,0.007730004387706546,0.5160839160839161,0.3212121212121212,0.1627039627039627,0.022635785331269996
06_mean_reversion,ret24_Q4,2024-03,1h,2780,-1.563635667312102e-05,0.0001247291231089093,0.00374004137715811,0.003790996410975578,0.13848920863309352,0.1223021582733813,0.7392086330935251,0.008923691888935676
06_mean_reversion,ret24_Q4,2024-03,4h,2780,0.0007426444936471377,-2.7708032476596302e-05,0.008473287461646328,0.0071540934825429225,0.38633093525179857,0.3276978417266187,0.28597122302158273,0.01801849873801533
06_mean_reversion,ret24_Q4,2024-03,12h,2780,0.00236731363055398,0.0017111664062290232,0.015848328654776145,0.014510625293336799,0.520863309352518,0.44064748201438847,0.038489208633093526,0.032694365155710364
06_mean_reversion,ret24_Q4,2024-04,1h,2208,-0.0004983329141565185,-0.00025725578048164753,0.003204170623196889,0.0031711895370539755,0.10778985507246377,0.10144927536231885,0.7907608695652174,0.00788091720354077
06_mean_reversion,ret24_Q4,2024-04,4h,2208,-0.001318726655528013,-0.0002991046762163848,0.0059429422917369745,0.006862946323141272,0.2776268115942029,0.32382246376811596,0.39855072463768115,0.015246460492978125
06_mean_reversion,ret24_Q4,2024-04,12h,2208,-0.0011970779020984978,-0.00264554158245954,0.010119867656745107,0.013126025723385337,0.4067028985507246,0.519927536231884,0.07336956521739131,0.028823413528371755
06_mean_reversion,ret24_Q4,2024-05,1h,2152,-0.0005082557452099068,-7.801369368782998e-06,0.0026330218076945355,0.0027237154585774137,0.08968401486988847,0.06366171003717472,0.8466542750929368,0.006419156275978959
06_mean_reversion,ret24_Q4,2024-05,4h,2152,-0.0003923964680942471,0.00031394313880247875,0.005526273522571068,0.005769512515970687,0.28856877323420077,0.25464684014869887,0.45678438661710036,0.014106185759252508
06_mean_reversion,ret24_Q4,2024-05,12h,2152,0.0007726194410813125,0.0026402058671612873,0.010426813420665981,0.009044940016850522,0.4395910780669145,0.40892193308550184,0.15148698884758363,0.02407850318788464
06_mean_reversion,ret24_Q4,2024-06,1h,1312,-0.0006810619181403799,-0.0005403719452370988,0.0022420212320972688,0.0026836304531889232,0.052591463414634144,0.051829268292682924,0.895579268292683,0.005828740907286406
06_mean_reversion,ret24_Q4,2024-06,4h,1312,-0.0006172386158187493,-0.0006678121929076839,0.004240330685393978,0.004615328170045063,0.21036585365853658,0.21646341463414634,0.573170731707317,0.011617934820013165
06_mean_reversion,ret24_Q4,2024-06,12h,1312,-0.00026155790021070713,-0.0024129341299603153,0.007750212126860556,0.00901002164590553,0.35365853658536583,0.40625,0.24009146341463414,0.021689257889996635
06_mean_reversion,ret24_Q4,2024-07,1h,2444,-0.000228185647159318,8.406202708156916e-05,0.0029890759945152556,0.0029384733175273903,0.0867430441898527,0.06382978723404255,0.8494271685761048,0.007036544182032808
06_mean_reversion,ret24_Q4,2024-07,4h,2444,0.0004987977713151182,0.0008414799766806579,0.006285481526043024,0.005580809603401904,0.30319148936170215,0.24959083469721768,0.4472176759410802,0.01409297915832346
06_mean_reversion,ret24_Q4,2024-07,12h,2444,0.000307200861358492,-0.00031155740458195644,0.011828895789260385,0.011111425972984978,0.4959083469721768,0.4320785597381342,0.07201309328968904,0.026750460785631883
06_mean_reversion,ret24_Q4,2024-08,1h,2269,-0.00022557360144370708,0.00026813433113062775,0.0033549411155606723,0.0032702999633784646,0.13221683561040107,0.11635081533715293,0.751432349052446,0.00821882271820444
06_mean_reversion,ret24_Q4,2024-08,4h,2269,-0.0005642572234653143,-0.0007238226432180988,0.006542134918180675,0.007014799089286816,0.2728074041427942,0.3591890700749229,0.36800352578228296,0.01679234842355613
06_mean_reversion,ret24_Q4,2024-08,12h,2269,-0.0002822163565916469,-0.0011679593408363115,0.012066493576867732,0.014696004899811155,0.4120758043190833,0.498457470251212,0.08946672542970471,0.03465226963389169
06_mean_reversion,ret24_Q4,2024-09,1h,2020,-0.00028571388958376076,5.113547031272568e-05,0.0024914107362928872,0.002858783307060242,0.08811881188118811,0.05891089108910891,0.852970297029703,0.006354320166115383
06_mean_reversion,ret24_Q4,2024-09,4h,2020,-0.00018956306629547282,0.0001159941510079361,0.0055562389574387305,0.005569080033612284,0.2638613861386139,0.23613861386138613,0.5,0.012535775990091518
06_mean_reversion,ret24_Q4,2024-09,12h,2020,0.00194860998929558,0.00232297339946381,0.012101412404343481,0.00983762809108718,0.47178217821782176,0.44356435643564357,0.08465346534653466,0.024092043944164886
06_mean_reversion,ret24_Q4,2024-10,1h,1989,-0.0001484075645710181,-0.0001985783739190221,0.0023223876777307417,0.002591105365934099,0.04725992961287079,0.04172951231774761,0.9110105580693816,0.005652670623145478
06_mean_reversion,ret24_Q4,2024-10,4h,1989,0.0004932924210694356,0.00022867596205680332,0.005153527542187675,0.004713860109913037,0.22071392659627953,0.1804927099044746,0.5987933634992458,0.011366653624203091
06_mean_reversion,ret24_Q4,2024-10,12h,1989,0.0017582498905492905,0.002373847079270777,0.010220010013842762,0.007925472644386478,0.47310206133735544,0.33182503770739064,0.1950729009552539,0.0213648915564466
06_mean_reversion,ret24_Q4,2024-11,1h,2626,0.00016314247717275077,0.0006443100648827431,0.003484651346147616,0.003311518355669174,0.11995430312261995,0.09063214013709063,0.7894135567402895,0.00800782104206451
06_mean_reversion,ret24_Q4,2024-11,4h,2626,0.0008072856904977055,0.001980821918516993,0.0077499538247843835,0.006098313168468428,0.3587204874333587,0.26961157654226964,0.37166793602437165,0.016021553590979714
06_mean_reversion,ret24_Q4,2024-11,12h,2626,0.002977651057788133,0.00586098624761345,0.015476419829037913,0.011079781500247965,0.5384615384615384,0.39565879664889564,0.06587966488956588,0.030213513814817503
06_mean_reversion,ret24_Q4,2024-12,1h,2188,-0.00036523850948577685,-0.00012618157635381602,0.002755068521822168,0.003070638232033962,0.08592321755027423,0.08318098720292505,0.8308957952468007,0.007125627295511604
06_mean_reversion,ret24_Q4,2024-12,4h,2188,-0.0015502071939670348,-0.0015739185615484676,0.0053540571604288045,0.007037303044475862,0.2202925045703839,0.31992687385740404,0.45978062157221206,0.014407161644059106
06_mean_reversion,ret24_Q4,2024-12,12h,2148,-0.0024094014430749433,-0.0026247159915965554,0.009629423242596413,0.012583399531131911,0.4175977653631285,0.4781191806331471,0.1042830540037244,0.029047451303533336
