trade_id,status,symbol,side,signal_timestamp,entry_timestamp,entry_reference_price,entry_price,exit_timestamp,exit_reference_price,exit_price,quantity,position_value,risk_amount,stop_loss,take_profit,exit_reason,gross_pnl,entry_fee,exit_fee,entry_slippage,exit_slippage,slippage,net_pnl,R,holding_time
1,CLOSED,BTCUSDT,LONG,2024-01-01 09:10:00+00:00,2024-01-01 09:15:00+00:00,42574.24,42595.52712,2024-01-01 19:45:00+00:00,43447.4376624,43425.7139435688,0.00046906380389969885,19.980019980019982,0.19980019980019983,42169.5718488,43447.4376624,TP,0.40958541708166984,0.019980019980019983,0.020369430569430573,0.009985017481269764,0.010189810189809826,0.02017482767107959,0.3490611388611397,1.747051000000004,0 days 10:30:00
2,CLOSED,BTCUSDT,LONG,2024-01-02 08:15:00+00:00,2024-01-02 08:20:00+00:00,45727.33,45750.193665,2024-01-02 11:40:00+00:00,45292.69172835,45270.04538248583,0.0004443419967860521,20.32873240645469,0.20328732406454691,45292.69172835,46665.1975383,SL,-0.19312803750460003,0.02032873240645469,0.02011538235984895,0.010159286559946095,0.01006272254119453,0.020222009101140623,-0.2537941613720443,-1.2484504999999935,0 days 03:20:00
3,CLOSED,BTCUSDT,LONG,2024-01-02 14:10:00+00:00,2024-01-02 14:15:00+00:00,45768.78,45791.66439,2024-01-02 14:40:00+00:00,45333.747746099994,45311.08087222695,0.0004384027541503259,20.075191785703403,0.20075191785703403,45333.747746099994,46707.4976778,SL,-0.1907193382539858,0.020075191785703404,0.019864502647912445,0.010032579603049851,0.009937219933920596,0.019969799536970447,-0.2506288322245721,-1.2484504999999952,0 days 00:25:00
4,CLOSED,BTCUSDT,LONG,2024-01-03 01:50:00+00:00,2024-01-03 01:55:00+00:00,45297.37,45320.018685,2024-01-03 11:10:00+00:00,44866.81849815,44844.385088900926,0.0004374405374747608,19.824813331932603,0.19824813331932603,44866.81849815,46226.419058700005,SL,-0.18834068037982987,0.019824813331932603,0.01961675191601397,0.009907452939496603,0.009813282599306786,0.019720735538803387,-0.24750298116657987,-1.2484505000000032,0 days 09:15:00
5,CLOSED,BTCUSDT,LONG,2024-01-04 02:45:00+00:00,2024-01-04 02:50:00+00:00,43066.93,43088.463465,2024-01-04 10:25:00+00:00,42657.57883035,42636.25004093483,0.00045435729269840345,19.577557606491467,0.1957755760649147,42657.57883035,43950.2327343,SL,-0.18599168920509843,0.019577557606491467,0.01937209113941134,0.009783886859816023,0.00969089101521221,0.019474777875028233,-0.24441611582602948,-1.2484504999999935,0 days 07:35:00
6,CLOSED,BTCUSDT,LONG,2024-01-04 14:50:00+00:00,2024-01-04 14:55:00+00:00,43602.74,43624.54137,2024-01-04 20:35:00+00:00,44497.032197399996,44474.7836813013,0.00044317682330764004,19.333385662609324,0.19333385662609323,43188.2959563,44497.032197399996,TP,0.3963295751525402,0.019333385662609323,0.01971019334917358,0.009661861900354946,0.009860026687929877,0.019521888588284825,0.33776410755247244,1.7470509999999981,0 days 05:40:00
7,CLOSED,BTCUSDT,LONG,2024-01-04 20:35:00+00:00,2024-01-04 20:40:00+00:00,44441.1,44463.32055,2024-01-05 00:35:00+00:00,44018.687344499995,43996.67800082775,0.00044240538268752695,19.67081234348093,0.19670812343480928,44018.687344499995,45352.586961,SL,-0.1868776325085337,0.01967081234348093,0.0194643671679361,0.009830490926276523,0.009737052110021047,0.01956754303629757,-0.24558035505624828,-1.2484504999999946,0 days 03:55:00
8,CLOSED,BTCUSDT,LONG,2024-01-05 06:50:00+00:00,2024-01-05 06:55:00+00:00,43874.0,43895.937,2024-01-05 10:55:00+00:00,43456.97763,43435.249141185006,0.0004425347458341013,19.425477323444724,0.19425477323444726,43456.97763,44773.85574,SL,-0.18454688851508402,0.019425477323444726,0.019221606938935175,0.00970788471936183,0.009615611275103022,0.019323495994464854,-0.24251746877192878,-1.248450499999982,0 days 04:00:00
9,CLOSED,BTCUSDT,LONG,2024-01-06 14:00:00+00:00,2024-01-06 14:05:00+00:00,43789.96,43811.85498,2024-01-08 02:50:00+00:00,43373.7364302,43352.0495619849,0.0004378541410452367,19.183202129866373,0.19183202129866372,43373.7364302,44688.0920796,SL,-0.1822452136375613,0.019183202129866374,0.01898187442351343,0.009586807661101456,0.009495685054282185,0.01908249271538364,-0.23949278290632475,-1.2484504999999864,1 days 12:45:00
10,CLOSED,BTCUSDT,LONG,2024-01-08 10:50:00+00:00,2024-01-08 10:55:00+00:00,44078.01,44100.049005,2024-01-08 12:00:00+00:00,44982.0499851,44959.55896010745,0.0004295675181300046,18.94394860048943,0.18943948600489433,43659.04851495,44982.0499851,TP,0.3883462126896919,0.01894394860048943,0.01931316615871297,0.009467240679904215,0.009661413786247519,0.019128654466151734,0.33096044346433773,1.7470510000000057,0 days 01:05:00
11,CLOSED,BTCUSDT,LONG,2024-01-11 10:15:00+00:00,2024-01-11 10:20:00+00:00,46372.97,46396.156485,2024-01-11 12:40:00+00:00,47324.0796147,47300.41757489265,0.00041543480913923636,19.27457841414012,0.1927457841414012,45932.194920149996,47324.0796147,TP,0.3951240412533867,0.01927457841414012,0.019650239947431713,0.009632472970584083,0.009830034991211494,0.019462507961795578,0.33673671493001933,1.7470510000000012,0 days 02:20:00
12,CLOSED,BTCUSDT,LONG,2024-01-11 14:00:00+00:00,2024-01-11 14:05:00+00:00,47639.36,47663.17968,2024-01-11 14:45:00+00:00,48616.4432736,48592.1350519632,0.00041144923314850754,19.610978728755526,0.19610978728755527,47186.5478832,48616.4432736,TP,0.40202016364495385,0.019610978728755526,0.019993196704178973,0.009800589069843055,0.010001599151664663,0.01980218822150772,0.3426137999905116,1.7470510000000046,0 days 00:40:00
13,CLOSED,BTCUSDT,LONG,2024-01-12 11:25:00+00:00,2024-01-12 11:30:00+00:00,46221.83,46244.940915,2024-01-12 12:40:00+00:00,45782.49150585,45759.600260097075,0.0004314688236685702,19.953250257217583,0.19953250257217583,45782.49150585,47169.8397333,SL,-0.1895608632632234,0.019953250257217583,0.019743840895768083,0.009971639308953225,0.009876858877321521,0.019848498186274745,-0.24910645260248382,-1.2484504999999981,0 days 01:10:00
14,CLOSED,BTCUSDT,LONG,2024-01-13 05:20:00+00:00,2024-01-13 05:25:00+00:00,42942.71,42964.18135499999,2024-01-13 11:50:00+00:00,42534.539541449994,42513.27227167927,0.00045862371959094696,19.704392662210108,0.19704392662210107,42534.539541449994,43823.46498209999,SL,-0.18719665392734558,0.019704392662210107,0.019497595061220212,0.009847272694755025,0.00975367436779352,0.019600947062548543,-0.24599958871332445,-1.2484504999999952,0 days 06:25:00
15,CLOSED,BTCUSDT,LONG,2024-01-13 14:45:00+00:00,2024-01-13 14:50:00+00:00,42930.0,42951.465,2024-01-14 20:00:00+00:00,42521.95035,42500.689374825,0.00045303783764608877,19.45863882733166,0.19458638827331662,42521.95035,43810.4943,SL,-0.18486193108824372,0.019458638827331662,0.01925442041283882,0.009724457185071714,0.009632026219528607,0.01935648340460032,-0.24293147373301455,-1.2484504999999912,1 days 05:10:00
16,CLOSED,BTCUSDT,LONG,2024-01-15 05:00:00+00:00,2024-01-15 05:05:00+00:00,42704.29,42725.642145,2024-01-15 14:35:00+00:00,42298.385723549996,42277.23653068822,0.0004497521646876491,19.2159500423836,0.192159500423836,42298.385723549996,43580.1549879,SL,-0.1825563269893635,0.0192159500423836,0.019014278646688785,0.009603173434473262,0.009511895270980376,0.01911506870545364,-0.2399016243838895,-1.2484505000000063,0 days 09:30:00
17,CLOSED,BTCUSDT,LONG,2024-01-16 03:55:00+00:00,2024-01-16 04:00:00+00:00,42924.57,42946.032284999994,2024-01-16 14:35:00+00:00,42516.571962149996,42495.313676168924,0.00044186359182219706,18.976288079962135,0.18976288079962136,42516.571962149996,43804.9529307,SL,-0.1802794784608115,0.018976288079962135,0.018777131936562934,0.00948340233880908,0.009393262599579854,0.018876664938388934,-0.2369095634157255,-1.2484504999999884,0 days 10:35:00
18,CLOSED,BTCUSDT,LONG,2024-01-17 20:30:00+00:00,2024-01-17 20:35:00+00:00,42761.1,42782.48054999999,2024-01-18 12:20:00+00:00,42354.65574449999,42333.478416627746,0.0004380207727211118,18.739615189436932,0.18739615189436934,42354.65574449999,43638.130160999994,SL,-0.17803102686216962,0.018739615189436933,0.018542942928023796,0.009365125032199915,0.009276109518769829,0.01864123455096974,-0.2339548195306001,-1.2484504999999932,0 days 15:45:00
19,CLOSED,BTCUSDT,LONG,2024-01-18 15:15:00+00:00,2024-01-18 15:20:00+00:00,42784.44,42805.83222,2024-01-18 16:35:00+00:00,42377.7738978,42356.5850108511,0.00043232179194400375,18.50589409100477,0.1850589409100477,42377.7738978,43661.948864399994,SL,-0.17581061802598927,0.01850589409100477,0.018311674732519677,0.009248322884057877,0.009160417575046308,0.018408740459104185,-0.2310369273086179,-1.2484504999999912,0 days 01:15:00
20,CLOSED,BTCUSDT,LONG,2024-01-20 06:30:00+00:00,2024-01-20 06:35:00+00:00,41683.28,41704.12164,2024-01-22 01:20:00+00:00,41287.0804236,41266.436883388196,0.0004382081974432238,18.275087969817342,0.1827508796981734,41287.0804236,42538.2040728,SL,-0.17361790220201376,0.018275087969817343,0.018083290921574107,0.009132977496160035,0.009046168545059772,0.018179146041219806,-0.228155427134625,-1.248450500000003,1 days 18:45:00
21,CLOSED,BTCUSDT,LONG,2024-01-23 02:30:00+00:00,2024-01-23 02:35:00+00:00,40040.01,40060.030005,2024-01-23 08:10:00+00:00,39659.42970495,39639.59999009753,0.00045050291944189353,18.04716047018235,0.18047160470182352,39659.42970495,40861.2306051,SL,-0.17145253400208227,0.01804716047018235,0.01785775552104779,0.009019070699740625,0.008933344432739155,0.01795241513247978,-0.2253098651257922,-1.2484504999999904,0 days 05:35:00
22,CLOSED,BTCUSDT,LONG,2024-01-23 15:40:00+00:00,2024-01-23 15:45:00+00:00,39290.7,39310.345349999996,2024-01-24 00:45:00+00:00,40096.552256999996,40076.5039808715,0.00045336858608485643,17.822075689836907,0.17822075689836908,38917.241896499996,40096.552256999996,TP,0.36534809834937976,0.01782207568983691,0.018169427945031832,0.008906584552641622,0.00908925860181445,0.01799584315445607,0.3113607515600549,1.7470510000000128,0 days 09:00:00
23,CLOSED,BTCUSDT,LONG,2024-01-24 07:10:00+00:00,2024-01-24 07:15:00+00:00,39925.98,39945.94299,2024-01-24 20:50:00+00:00,39546.4835601,39526.71031831995,0.00045394160293661163,18.133125391695106,0.18133125391695107,39546.4835601,40744.86184980001,SL,-0.17226922223694435,0.018133125391695107,0.017942818240709264,0.009062031680007545,0.008975897068889412,0.018037928748896957,-0.22638309461824568,-1.2484505000000063,0 days 13:35:00
24,CLOSED,BTCUSDT,LONG,2024-01-26 02:10:00+00:00,2024-01-26 02:15:00+00:00,40062.23,40082.261115,2024-01-26 11:00:00+00:00,40883.9063373,40863.46438413135,0.000446755446321695,17.906968454014546,0.17906968454014546,39681.438503850004,40883.9063373,TP,0.36708837880243683,0.017906968454014547,0.018255975269183287,0.008949009722145285,0.009132553911547775,0.018081563633693058,0.31284387144554593,1.7470510000000015,0 days 08:45:00
25,CLOSED,BTCUSDT,LONG,2024-01-26 20:10:00+00:00,2024-01-26 20:15:00+00:00,42209.59,42230.694794999996,2024-01-26 23:55:00+00:00,41808.38784705,41787.483653126474,0.00043142789581281354,18.219499794119987,0.18219499794119987,41808.38784705,43075.3086909,SL,-0.1730898006427882,0.01821949979411999,0.018028286143780697,0.00910519729841048,0.009018652398089338,0.018123849696499817,-0.2274614362771887,-1.2484504999999932,0 days 03:40:00
26,CLOSED,BTCUSDT,LONG,2024-01-27 14:40:00+00:00,2024-01-27 14:45:00+00:00,41818.38,41839.289189999996,2024-01-28 04:55:00+00:00,42676.074973799994,42654.73693631309,0.0004300327739875945,17.992265592044873,0.17992265592044873,41420.89629809999,42676.074973799994,TP,0.36883694881842977,0.017992265592044875,0.01834293484843383,0.00899163697753302,0.009176055451943384,0.018167692429476405,0.31433405594847463,1.747050999999993,0 days 14:10:00
27,CLOSED,BTCUSDT,LONG,2024-01-29 01:25:00+00:00,2024-01-29 01:30:00+00:00,42193.19,42214.286595,2024-01-29 16:30:00+00:00,43058.5723269,43037.04304073656,0.0004336514271480238,18.30628562795744,0.1830628562795744,41792.143729049996,43058.5723269,TP,0.375274281088862,0.01830628562795744,0.018663075134846333,0.009148568529711881,0.009336205670255839,0.01848477419996772,0.31982014612609055,1.747051000000021,0 days 15:00:00
28,CLOSED,BTCUSDT,LONG,2024-01-29 23:35:00+00:00,2024-01-29 23:40:00+00:00,43265.99,43287.622995,2024-01-30 23:40:00+00:00,42854.74676505,42833.31939166747,0.0004302797193458613,18.625786273438052,0.18625786273438052,42854.74676505,44153.3754549,SL,-0.17694962371717068,0.018625786273438052,0.01843030864649832,0.009308239017210394,0.009219764205351758,0.01852800322256215,-0.2325337218596692,-1.2484505000000026,1 days 00:00:00
29,CLOSED,BTCUSDT,LONG,2024-01-31 05:45:00+00:00,2024-01-31 05:50:00+00:00,43041.09,43062.610544999996,2024-01-31 09:55:00+00:00,42631.98443955,42610.66844733022,0.00042713352999762565,18.393484852998828,0.1839348485299883,42631.98443955,43923.862755899994,SL,-0.17474270217666543,0.01839348485299883,0.018200445229466608,0.009192146353322498,0.009104775002233891,0.01829692135555639,-0.22963355361468724,-1.248450499999995,0 days 04:05:00
30,CLOSED,BTCUSDT,LONG,2024-02-01 07:45:00+00:00,2024-02-01 07:50:00+00:00,42295.73,42316.877865,2024-02-01 17:25:00+00:00,43163.2154223,43141.63381458886,0.00042923962305255496,18.164080703533607,0.18164080703533608,41893.709086350005,43163.2154223,TP,0.37235911567163854,0.018164080703533605,0.01851809863644548,0.009077501600965892,0.00926368115879995,0.01834118275976584,0.31733575357189364,1.7470510000000148,0 days 09:35:00
31,CLOSED,BTCUSDT,LONG,2024-02-01 19:45:00+00:00,2024-02-01 19:50:00+00:00,43171.1,43192.685549999995,2024-02-02 13:45:00+00:00,42760.75869449999,42739.378315152746,0.0004278756739257827,18.481099438370666,0.18481099438370666,42760.75869449999,44056.539261,SL,-0.17557506263040037,0.018481099438370667,0.018287140299764963,0.00923593175330703,0.009148144221992227,0.018384075975299258,-0.23072737834383528,-1.2484504999999972,0 days 17:55:00
32,CLOSED,BTCUSDT,LONG,2024-02-02 22:20:00+00:00,2024-02-02 22:25:00+00:00,43109.94,43131.49497,2024-02-04 19:05:00+00:00,42700.1800203,42678.82993028985,0.0004231386500653977,18.25060255690829,0.1825060255690829,42700.1800203,43994.1248694,SL,-0.17338528466108288,0.01825060255690829,0.01805906248307354,0.00912074090799905,0.00903404826566955,0.018154789173668598,-0.2278497388747333,-1.2484504999999944,1 days 20:40:00
33,CLOSED,BTCUSDT,LONG,2024-02-05 13:15:00+00:00,2024-02-05 13:20:00+00:00,43358.49,43380.169245,2024-02-05 15:15:00+00:00,42946.36755255,42924.89436877373,0.0004154658857682454,18.02298044015032,0.1802298044015032,42946.36755255,44247.7726299,SL,-0.17122281767479045,0.01802298044015032,0.017833829260430947,0.009006986726711536,0.00892137531787391,0.017928362044585446,-0.22500798941995717,-1.2484504999999906,0 days 01:55:00
34,CLOSED,BTCUSDT,LONG,2024-02-06 02:05:00+00:00,2024-02-06 02:10:00+00:00,42787.23,42808.623615000004,2024-02-07 17:35:00+00:00,43664.796087300005,43642.96368925636,0.0004157619594127793,17.798197233936577,0.17798197233936577,42380.53737885,43664.796087300005,TP,0.36485859597005477,0.017798197233936577,0.018145084098026003,0.008894651291322987,0.009077080589306456,0.017971731880629442,0.31094358275746276,1.7470510000000081,1 days 15:25:00
35,CLOSED,BTCUSDT,LONG,2024-02-07 20:00:00+00:00,2024-02-07 20:05:00+00:00,43737.94,43759.80897,2024-02-08 00:25:00+00:00,44635.0051494,44612.6876468253,0.0004138233372124393,18.108830183744235,0.18108830183744234,43322.2108803,44635.0051494,TP,0.37122649382168244,0.018108830183744234,0.018461771284025413,0.00904989014679702,0.009235503393708254,0.018285393540505276,0.31637049881340756,1.7470510000000115,0 days 04:20:00
36,CLOSED,BTCUSDT,LONG,2024-02-08 08:40:00+00:00,2024-02-08 08:45:00+00:00,44706.0,44728.352999999996,2024-02-09 02:15:00+00:00,45622.92006,45600.10859997,0.00041192852837915303,18.424884628113272,0.18424884628113272,44281.069469999995,45622.92006,TP,0.37770553095712334,0.018424884628113272,0.018783985629515203,0.009207838394857362,0.009396691160336099,0.018604529555193462,0.32189213114430143,1.7470510000000121,0 days 17:30:00
37,CLOSED,BTCUSDT,LONG,2024-02-09 10:55:00+00:00,2024-02-09 11:00:00+00:00,46779.53,46802.919765,2024-02-09 18:00:00+00:00,47738.9781603,47715.10867121985,0.0004005402928454883,18.74645518869699,0.18746455188696992,46334.89056735,47738.9781603,TP,0.3842976470966279,0.01874645518869699,0.0191118236003247,0.009368543322687111,0.009560692146235035,0.018929235468922147,0.3275101328386841,1.7470510000000075,0 days 07:00:00
38,CLOSED,BTCUSDT,LONG,2024-02-10 03:05:00+00:00,2024-02-10 03:10:00+00:00,47377.91,47401.598955,2024-02-10 10:50:00+00:00,46927.58296545,46904.11917396727,0.0004023838553778125,19.07363813858579,0.19073638138585788,46927.58296545,48349.6309341,SL,-0.18120432834308875,0.01907363813858579,0.01887346030632133,0.009532053042770624,0.009441450878600108,0.018973503921370732,-0.2381249307093666,-1.2484505000000086,0 days 07:40:00
39,CLOSED,BTCUSDT,LONG,2024-02-10 13:45:00+00:00,2024-02-10 13:50:00+00:00,47333.0,47356.6665,2024-02-11 03:35:00+00:00,48303.79983,48279.647930085004,0.00039774233464933795,18.83575109492009,0.18835751094920092,46883.099835,48303.79983,TP,0.3861281908613818,0.01883575109492009,0.01920285988376009,0.009413168962978303,0.009606233058408999,0.0190194020213873,0.3290701778613143,1.7470510000000101,0 days 13:45:00
40,CLOSED,BTCUSDT,LONG,2024-02-11 11:25:00+00:00,2024-02-11 11:30:00+00:00,48361.11,48385.290555,2024-02-12 06:45:00+00:00,47901.437649449996,47877.48693062527,0.0003960809641012806,19.164492531344987,0.19164492531344987,47901.437649449996,49352.9963661,SL,-0.18206746777654778,0.019164492531344987,0.018963361182228522,0.009577457536903648,0.009486423803014806,0.019063881339918452,-0.23925920283003976,-1.2484505000000032,0 days 19:15:00
41,CLOSED,BTCUSDT,LONG,2024-02-12 14:10:00+00:00,2024-02-12 14:15:00+00:00,48109.2,48133.25459999999,2024-02-12 15:10:00+00:00,49095.919691999996,49071.371732153995,0.0003931891268515551,18.925472348697596,0.18925472348697597,47651.922053999995,49095.919691999996,TP,0.3879674541447149,0.018925472348697597,0.019294329804773712,0.009458007170761782,0.009651990897836008,0.01910999806859779,0.3306376539226458,1.747051000000005,0 days 00:55:00
42,CLOSED,BTCUSDT,LONG,2024-02-13 09:55:00+00:00,2024-02-13 10:00:00+00:00,50204.98,50230.08249,2024-02-13 11:10:00+00:00,49727.7816651,49702.91777426746,0.00038335154434809425,19.255779695273667,0.19255779695273667,49727.7816651,51234.6841398,SL,-0.18293471864425415,0.019255779695273666,0.019053690287371774,0.00962307830848163,0.009531610949158439,0.019154689257640068,-0.24039887788453967,-1.248450499999985,0 days 01:10:00
43,CLOSED,BTCUSDT,LONG,2024-02-13 20:35:00+00:00,2024-02-13 20:40:00+00:00,49302.01,49326.661005,2024-02-14 08:55:00+00:00,50313.1942251,50288.037627987454,0.00038550391590829093,19.015620976108295,0.19015620976108294,48833.39439495,50313.1942251,TP,0.38981547848073994,0.019015620976108295,0.019386235428932648,0.009503058958574749,0.009697966697813521,0.01920102565638827,0.3322125964193107,1.7470510000000052,0 days 12:15:00
44,CLOSED,BTCUSDT,LONG,2024-02-14 20:05:00+00:00,2024-02-14 20:10:00+00:00,51783.32,51809.21165999999,2024-02-17 13:30:00+00:00,51291.1195434,51265.4739836283,0.00037343748480059204,19.347501691811903,0.19347501691811902,51291.1195434,52845.395893199995,SL,-0.18380610053040816,0.019347501691811902,0.019144449661556342,0.009668916387709805,0.0095770133374467,0.019245929725156506,-0.24154398160893292,-1.2484504999999937,2 days 17:20:00
45,CLOSED,BTCUSDT,LONG,2024-02-17 19:15:00+00:00,2024-02-17 19:20:00+00:00,51411.08,51436.78554,2024-02-19 06:30:00+00:00,52465.5212508,52439.2884901746,0.00037145009767423936,19.106199012881902,0.19106199012881903,50922.4176846,52465.5212508,TP,0.39167230560140526,0.0191061990128819,0.01947857883164297,0.009548325343767351,0.009744161496568515,0.019292486840335868,0.33379504091654455,1.747051000000006,1 days 11:10:00
46,CLOSED,BTCUSDT,LONG,2024-02-20 23:05:00+00:00,2024-02-20 23:10:00+00:00,52366.73,52392.913365,2024-02-21 04:30:00+00:00,51868.98423135,51843.049739234324,0.00037103606850016045,19.439660592219113,0.19439660592219113,51868.98423135,53440.7716323,SL,-0.1846816331124885,0.01943966059221911,0.019235641354303775,0.009714972809703641,0.0096226319931479,0.019337604802851543,-0.24269453986186293,-1.2484505000000024,0 days 05:20:00
47,CLOSED,BTCUSDT,LONG,2024-02-22 06:30:00+00:00,2024-02-22 06:35:00+00:00,51708.0,51733.854,2024-02-22 13:15:00+00:00,51216.51546,51190.907202270006,0.0003710763266244388,19.19720850444503,0.1919720850444503,51216.51546,52768.53108,SL,-0.18237827769590118,0.01919720850444503,0.018995733801190882,0.009593807348548002,0.009502618209699063,0.019096425558247067,-0.23966764555978415,-1.248450499999988,0 days 06:40:00
48,CLOSED,BTCUSDT,LONG,2024-02-24 05:20:00+00:00,2024-02-24 05:25:00+00:00,51031.51,51057.025755,2024-02-26 15:15:00+00:00,52078.1662701,52052.12718696496,0.00037130600552551886,18.95778028710259,0.1895778028710259,50546.45549745,52078.1662701,TP,0.38862975880906964,0.018957780287102592,0.01932726742489822,0.009474153067017916,0.009668467946420492,0.01914262101343841,0.33120209008363044,1.7470510000000092,2 days 09:50:00
49,CLOSED,BTCUSDT,LONG,2024-02-26 19:10:00+00:00,2024-02-26 19:15:00+00:00,53821.06,53847.97052999999,2024-02-27 01:40:00+00:00,54924.92994059999,54897.467475629695,0.0003582057283889871,19.28865150596736,0.19288651505967358,53309.49082469999,54924.92994059999,TP,0.3954125361193288,0.01928865150596736,0.019664587323818667,0.009639505999981448,0.009837212268042073,0.01947671826802352,0.3369825790215193,1.747051000000008,0 days 06:25:00
50,CLOSED,BTCUSDT,LONG,2024-02-27 09:30:00+00:00,2024-02-27 09:35:00+00:00,56562.63,56590.911315,2024-02-28 07:35:00+00:00,57722.729541299996,57693.86817652935,0.0003467923909162054,19.62529743905579,0.1962529743905579,56025.002201849995,57722.729541299996,TP,0.40231369362821956,0.019625297439055788,0.02000779448614299,0.009807744847104404,0.010008901693916472,0.019816646541020874,0.3428639551619999,1.747051000000007,0 days 22:00:00
51,CLOSED,BTCUSDT,LONG,2024-02-28 14:55:00+00:00,2024-02-28 15:00:00+00:00,60971.11,61001.595555,2024-02-28 16:55:00+00:00,62221.6274661,62190.516652366954,0.00032733273107226783,19.967818872784065,0.19967818872784066,60391.57959945,62221.6274661,TP,0.4093352974320845,0.019967818872784066,0.020356991662614624,0.0099789199764036,0.010183587625118163,0.020162507601521763,0.3488479792951641,1.7470510000000068,0 days 01:55:00
52,CLOSED,BTCUSDT,LONG,2024-02-29 11:35:00+00:00,2024-02-29 11:40:00+00:00,63168.79,63200.374395,2024-02-29 12:05:00+00:00,62568.37065105,62537.086465724475,0.00032145882911425777,20.316318352599417,0.20316318352599416,62568.37065105,64464.3818829,SL,-0.19301010089101292,0.02031631835259942,0.02010309859148889,0.010153082634981587,0.010056577584536113,0.0202096602195177,-0.25363917805461894,-1.2484504999999988,0 days 00:25:00
53,CLOSED,BTCUSDT,LONG,2024-02-29 14:30:00+00:00,2024-02-29 14:35:00+00:00,63403.2,63434.90159999999,2024-02-29 14:45:00+00:00,62800.55258399999,62769.15230770799,0.0003162759309827174,20.062932560337064,0.20062932560337066,62800.55258399999,64703.59963199999,SL,-0.1906028725497312,0.020062932560337064,0.01985237208311633,0.010026453053639516,0.009931151617366544,0.01995760467100606,-0.25047578186419067,-1.2484504999999988,0 days 00:10:00
54,CLOSED,BTCUSDT,LONG,2024-03-01 06:15:00+00:00,2024-03-01 06:20:00+00:00,61740.0,61770.869999999995,2024-03-01 15:55:00+00:00,61153.16129999999,61122.584719349994,0.0003207451506515804,19.812707004029185,0.19812707004029187,61153.16129999999,63006.287399999994,SL,-0.18822566723968,0.019812707004029186,0.0196047726440219,0.009901402800612793,0.009807289966993968,0.019708692767606763,-0.24735183965533786,-1.2484505000000024,0 days 09:35:00
55,CLOSED,BTCUSDT,LONG,2024-03-01 20:30:00+00:00,2024-03-01 20:35:00+00:00,62532.33,62563.596164999995,2024-03-02 05:15:00+00:00,61937.96020335,61906.991223248326,0.0003127314200019463,19.565602269108773,0.19565602269108773,61937.96020335,63814.8680883,SL,-0.18587811051262382,0.019565602269108775,0.019360261273294477,0.009777912178463162,0.009684973123207923,0.019462885301671083,-0.24426685935669817,-1.2484504999999917,0 days 08:40:00
56,CLOSED,BTCUSDT,LONG,2024-03-02 18:55:00+00:00,2024-03-02 19:00:00+00:00,62024.29,62055.302144999994,2024-03-03 07:25:00+00:00,61434.74912354999,61404.03174898822,0.00031136065355771375,19.321579432588596,0.19321579432588595,61434.74912354999,63296.40818789999,SL,-0.18355983259046244,0.019321579432588595,0.01911879945644358,0.009655961735424507,0.009564181819129564,0.01922014355455407,-0.24122035503404865,-1.2484504999999957,0 days 12:25:00
57,CLOSED,BTCUSDT,LONG,2024-03-03 12:00:00+00:00,2024-03-03 12:05:00+00:00,61900.0,61930.95,2024-03-03 22:20:00+00:00,63169.568999999996,63137.9842155,0.00030809474191709007,19.08060005693021,0.19080600056930208,61311.640499999994,63169.568999999996,TP,0.39114753340093683,0.01908060005693021,0.019452480952039778,0.009535532262333042,0.009731106029032956,0.019266638291365996,0.3333478141006009,1.747051000000006,0 days 10:15:00
58,CLOSED,BTCUSDT,LONG,2024-03-04 07:35:00+00:00,2024-03-04 07:40:00+00:00,63862.43,63894.361215,2024-03-04 08:35:00+00:00,65172.2484393,65139.66231508035,0.00030383925102414074,19.413614856231508,0.1941361485623151,63255.41760284999,65172.2484393,TP,0.39797425357452015,0.01941361485623151,0.01979198620977946,0.009701956449889861,0.00990094357667743,0.01960290002656729,0.3391657524819419,1.747051000000004,0 days 00:55:00
59,CLOSED,BTCUSDT,LONG,2024-03-04 13:40:00+00:00,2024-03-04 13:45:00+00:00,65579.32,65612.10966,2024-03-04 14:00:00+00:00,64955.9885634,64923.510569118305,0.0003010487223188594,19.752441781787894,0.19752441781787894,64955.9885634,66924.3518532,SL,-0.1876531325696106,0.019752441781787894,0.019545139905288028,0.00987128524826828,0.009777458681984024,0.019648743930252302,-0.24659945818693882,-1.2484504999999946,0 days 00:15:00
60,CLOSED,BTCUSDT,LONG,2024-03-04 14:35:00+00:00,2024-03-04 14:40:00+00:00,65901.11,65934.060555,2024-03-04 17:25:00+00:00,67252.7417661,67219.11539521696,0.00029584236906560164,19.50608867670604,0.1950608867670604,65274.71994945,67252.7417661,TP,0.39986994378734914,0.01950608867670604,0.019886262345015043,0.009748170253227316,0.009948105225120673,0.01969627547834799,0.34078131728728,1.747051000000002,0 days 02:45:00
61,CLOSED,BTCUSDT,LONG,2024-03-04 17:25:00+00:00,2024-03-04 17:30:00+00:00,67314.43,67348.08721499999,2024-03-04 18:10:00+00:00,66674.60634284999,66641.26903967858,0.00029468586820824547,19.84652955311691,0.1984652955311691,66674.60634284999,68695.0489593,SL,-0.1885469899074231,0.019846529553116908,0.01963824022545695,0.009918305623746368,0.009824032128789786,0.019742337752536154,-0.24777409743853313,-1.2484504999999864,0 days 00:40:00
62,CLOSED,BTCUSDT,LONG,2024-03-04 20:35:00+00:00,2024-03-04 20:40:00+00:00,67704.01,67737.86200499999,2024-03-04 21:10:00+00:00,67060.48338494998,67026.95314325752,0.00028933601389430585,19.59900298224925,0.1959900298224925,67060.48338494998,69092.6192451,SL,-0.18619542563346536,0.01959900298224925,0.019393311445950544,0.009794604189028193,0.009701506476211303,0.019496110665239496,-0.24468385072690466,-1.2484504999999948,0 days 00:30:00
63,CLOSED,BTCUSDT,LONG,2024-03-04 23:00:00+00:00,2024-03-04 23:05:00+00:00,68147.14,68181.21356999999,2024-03-04 23:30:00+00:00,67499.40143429999,67465.65173358284,0.0002838694496257801,19.354563570933667,0.19354563570933667,67499.40143429999,69544.83784139999,SL,-0.18387319014665468,0.019354563570933667,0.019151437426256718,0.009672445562683561,0.00958050896761154,0.019252954530295102,-0.24163214567414018,-1.248450500000005,0 days 00:25:00
64,CLOSED,BTCUSDT,LONG,2024-03-05 01:50:00+00:00,2024-03-05 01:55:00+00:00,68656.28,68690.60814,2024-03-05 02:15:00+00:00,68003.7020586,67969.7002075707,0.00027825016160956716,19.113172816014448,0.19113172816014448,68003.7020586,70064.4203028,SL,-0.18157991765738835,0.019113172816014448,0.018912580067310378,0.009551810502755236,0.00946102054392748,0.019012831046682714,-0.2386185015873959,-1.248450499999997,0 days 00:20:00
65,CLOSED,BTCUSDT,LONG,2024-03-05 14:40:00+00:00,2024-03-05 14:45:00+00:00,68360.96,68395.14048,2024-03-05 15:05:00+00:00,67711.1890752,67677.3334806624,0.0002759668678517863,18.87479269454852,0.18874792694548523,67711.1890752,69763.0432896,SL,-0.17931524693821535,0.01887479269454852,0.018676701745219234,0.009432680007269366,0.00934302238380131,0.018775702391070674,-0.2356424437690538,-1.2484504999999964,0 days 00:20:00
66,CLOSED,BTCUSDT,LONG,2024-03-05 23:45:00+00:00,2024-03-05 23:50:00+00:00,64299.72,64331.86986,2024-03-05 23:55:00+00:00,63688.5511614,63656.7068858193,0.00028973797432562613,18.639385657816202,0.18639385657816201,63688.5511614,65618.5072572,SL,-0.1770788212669102,0.018639385657816202,0.018443765305337423,0.009315035311251812,0.009226495900618234,0.018541531211870046,-0.23270350344193388,-1.248450499999996,0 days 00:05:00
67,CLOSED,BTCUSDT,LONG,2024-03-06 07:55:00+00:00,2024-03-06 08:00:00+00:00,66676.46,66709.79823,2024-03-06 09:55:00+00:00,66042.7002477,66009.67889757616,0.0002759252031005083,18.406914625406678,0.18406914625406678,66042.7002477,68043.9941946,SL,-0.17487028837030544,0.018406914625406678,0.01821373405641304,0.009198857883759784,0.00911142273957542,0.0183102806233352,-0.22980121767546036,-1.2484504999999868,0 days 01:55:00
68,CLOSED,BTCUSDT,LONG,2024-03-06 18:00:00+00:00,2024-03-06 18:05:00+00:00,67391.36,67425.05567999999,2024-03-06 18:35:00+00:00,66750.80512319999,66717.42972063839,0.00026959329578676367,18.177342979377247,0.18177342979377248,66750.80512319999,68773.55679359999,SL,-0.1726893003688005,0.01817734297937725,0.017986571764808685,0.00908412942497339,0.008997784774789753,0.01808191419976314,-0.2269351293127496,-1.248450499999997,0 days 00:30:00
69,CLOSED,BTCUSDT,LONG,2024-03-07 07:35:00+00:00,2024-03-07 07:40:00+00:00,66349.18,66382.35458999999,2024-03-07 14:35:00+00:00,67710.00168179999,67676.1466809591,0.00027041274250295304,17.95063455848539,0.1795063455848539,65718.53104409999,67710.00168179999,TP,0.36798352303301696,0.01795063455848539,0.01830049242603027,0.00897083186330971,0.00915482362482563,0.018125655488135342,0.31360674056036597,1.7470510000000077,0 days 06:55:00
70,CLOSED,BTCUSDT,LONG,2024-03-08 13:45:00+00:00,2024-03-08 13:50:00+00:00,67776.42,67810.30820999999,2024-03-08 15:25:00+00:00,69166.5143742,69131.9311170129,0.0002693385192858519,18.263928005598643,0.18263928005598642,67132.20512789999,69166.5143742,TP,0.37440596041461943,0.018263928005598645,0.018619891962427762,0.009127400302645323,0.009314603282855218,0.018442003585500542,0.3190801368610925,1.7470510000000075,0 days 01:35:00
71,CLOSED,BTCUSDT,LONG,2024-03-09 06:40:00+00:00,2024-03-09 06:45:00+00:00,68385.98,68420.17298999999,2024-03-10 09:45:00+00:00,69788.57644979999,69753.6821615751,0.000271596644220707,18.582689381084254,0.18582689381084255,67735.97126009999,69788.57644979999,TP,0.38094048896155613,0.018582689381084254,0.018944865997121585,0.009286701339871082,0.009477171584351808,0.01876387292422289,0.3246490606591274,1.747051000000006,1 days 03:00:00
72,CLOSED,BTCUSDT,LONG,2024-03-11 06:50:00+00:00,2024-03-11 06:55:00+00:00,69007.97,69042.473985,2024-03-11 07:10:00+00:00,70423.3234647,70388.11180296766,0.00027384612725660945,18.90701411700746,0.1890701411700746,68352.04924515,70423.3234647,TP,0.3875890650073207,0.01890701411700746,0.019275511822147935,0.009448782667170969,0.009642577199673296,0.019091359866844265,0.33031517920132103,1.7470510000000055,0 days 00:15:00
73,CLOSED,BTCUSDT,LONG,2024-03-11 11:40:00+00:00,2024-03-11 11:45:00+00:00,72042.0,72078.021,2024-03-11 11:55:00+00:00,71357.24079,71321.562169605,0.00026689133586249233,19.236999311014774,0.19236999311014774,71357.24079,73519.58141999999,SL,-0.18275630030104595,0.019236999311014774,0.019035107003245674,0.009613692809101066,0.009522314658953177,0.019136007468054245,-0.24016441408336062,-1.2484505000000006,0 days 00:10:00
74,CLOSED,BTCUSDT,LONG,2024-03-12 14:00:00+00:00,2024-03-12 14:05:00+00:00,72536.49,72572.758245,2024-03-12 14:05:00+00:00,71847.03066255001,71811.10714721873,0.0002617659198963936,18.99707482142101,0.1899707482142101,71847.03066255001,74024.21340990001,SL,-0.18047695769875635,0.01899707482142101,0.018797700521170198,0.009493790515452594,0.009403552036603811,0.018897342552056405,-0.23716907559340397,-1.2484504999999961,0 days 00:00:00
75,CLOSED,BTCUSDT,LONG,2024-03-13 00:05:00+00:00,2024-03-13 00:10:00+00:00,71603.71,71639.511855,2024-03-13 07:15:00+00:00,73072.3020921,73035.76594105395,0.00026186865588841547,18.760142677971057,0.1876014267797106,70923.11673645,73072.3020921,TP,0.3845782372065811,0.018760142677971058,0.019125777858764712,0.009375383647161393,0.009567672765765181,0.018943056412926575,0.32774926025691875,1.7470509999999924,0 days 07:05:00
76,CLOSED,BTCUSDT,LONG,2024-03-13 19:55:00+00:00,2024-03-13 20:00:00+00:00,73349.24,73385.91462,2024-03-14 01:00:00+00:00,72652.05547379999,72615.7294460631,0.0002600984755075545,19.087564516389556,0.19087564516389555,72652.05547379999,74853.6329124,SL,-0.18133663241208017,0.019087564516389557,0.018887240526790045,0.009539012751816445,0.00944834443561211,0.018987357187428555,-0.23829879464268836,-1.248450500000002,0 days 05:00:00
77,CLOSED,BTCUSDT,LONG,2024-03-14 03:25:00+00:00,2024-03-14 03:30:00+00:00,73243.77,73280.391885,2024-03-14 12:25:00+00:00,72547.58796615001,72511.31417216694,0.00025722438564550226,18.849503782480774,0.18849503782480775,72547.58796615001,74745.99972270001,SL,-0.1790749959545016,0.018849503782480775,0.01865167824028364,0.009420041870305356,0.009330504372326564,0.01875054624263192,-0.23532672421989792,-1.2484504999999881,0 days 08:55:00
78,CLOSED,BTCUSDT,LONG,2024-03-14 22:00:00+00:00,2024-03-14 22:05:00+00:00,71322.84,71358.50141999999,2024-03-15 02:30:00+00:00,70644.91640579999,70609.5939475971,0.0002608576662832821,18.614412149893468,0.1861441214989347,70644.91640579999,72785.67144839998,SL,-0.176841566701389,0.01861441214989347,0.018419053894380342,0.00930255479754521,0.009214134014195298,0.018516688811740508,-0.2323917215574033,-1.2484504999999868,0 days 04:25:00
79,CLOSED,BTCUSDT,LONG,2024-03-17 14:55:00+00:00,2024-03-17 15:00:00+00:00,67609.99,67643.794995,2024-03-18 01:00:00+00:00,66967.35704505,66933.87336652748,0.00027175075835495063,18.382252587898066,0.18382252587898065,66967.35704505,68996.6708949,SL,-0.17463599285154746,0.018382252587898065,0.018189330846988074,0.009186533027434933,0.00909921503100812,0.018285748058443053,-0.22949332434487665,-1.2484505000000017,0 days 10:00:00
80,CLOSED,BTCUSDT,LONG,2024-03-18 04:35:00+00:00,2024-03-18 04:40:00+00:00,68320.59,68354.75029499999,2024-03-18 08:20:00+00:00,67671.20279205,67637.36719065398,0.0002655702558969238,18.152988527613473,0.18152988527613473,67671.20279205,69721.8453009,SL,-0.17245792699147028,0.018152988527613476,0.017962472913016177,0.009071958284662871,0.00898572932116593,0.0180576876058288,-0.22663107603792876,-1.2484504999999764,0 days 03:40:00
81,CLOSED,BTCUSDT,LONG,2024-03-18 12:50:00+00:00,2024-03-18 12:55:00+00:00,68595.63,68629.927815,2024-03-18 13:20:00+00:00,67943.62853685,67909.65672258158,0.0002612065089820598,17.926583856246914,0.17926583856246914,67943.62853685,70002.5263713,SL,-0.17030702604060893,0.017926583856246913,0.017738444358675602,0.008958812521862024,0.00887365900883939,0.017832471530701416,-0.22380452578623286,-1.2484504999999944,0 days 00:25:00
82,CLOSED,BTCUSDT,LONG,2024-03-19 00:15:00+00:00,2024-03-19 00:20:00+00:00,68117.2,68151.25859999999,2024-03-19 00:40:00+00:00,67469.74601399999,67436.011140993,0.00025976046921319113,17.703002911405523,0.17703002911405524,67469.74601399999,69514.28377199998,SL,-0.16818295119731289,0.017703002911405523,0.017517209895850327,0.008847077916741634,0.008762986441144031,0.017610064357885667,-0.2210132283624544,-1.2484504999999864,0 days 00:20:00
83,CLOSED,BTCUSDT,LONG,2024-03-20 18:50:00+00:00,2024-03-20 18:55:00+00:00,65318.3,65350.95915,2024-03-20 20:20:00+00:00,66657.978333,66624.64934383352,0.00026751268386669116,17.482210475479,0.17482210475479001,64697.449558500004,66657.978333,TP,0.35838094637888573,0.017482210475479,0.017822938757646088,0.008736736869304713,0.008915927342491593,0.017652664211796308,0.3054231329339644,1.7470510000000214,0 days 01:25:00
84,CLOSED,BTCUSDT,LONG,2024-03-21 08:05:00+00:00,2024-03-21 08:10:00+00:00,67340.03,67373.700015,2024-03-21 09:45:00+00:00,66699.96301485,66666.61303334258,0.00026400996956435366,17.787328490398043,0.17787328490398044,66699.96301485,68721.1740153,SL,-0.1689840652685988,0.017787328490398043,0.01760065047789132,0.00888921963538029,0.008804727602745024,0.017693947238125313,-0.2220659914750135,-1.2484504999999813,0 days 01:35:00
85,CLOSED,BTCUSDT,LONG,2024-03-22 03:30:00+00:00,2024-03-22 03:35:00+00:00,66072.01,66105.046005,2024-03-22 09:40:00+00:00,65443.99554495,65411.27354717752,0.00026572077934476824,17.565484343070356,0.17565484343070356,65443.99554495,67427.1469251,SL,-0.1668764904356652,0.017565484343070356,0.017381134584889837,0.008778352995038126,0.008694914749819675,0.0174732677448578,-0.21929637710848315,-1.2484504999999977,0 days 06:05:00
86,CLOSED,BTCUSDT,LONG,2024-03-23 01:25:00+00:00,2024-03-23 01:30:00+00:00,63933.37,63965.336685,2024-03-23 03:30:00+00:00,63325.683318150004,63294.020476490936,0.00027118448744645554,17.346407043261685,0.17346407043261686,63325.683318150004,65244.643418700005,SL,-0.1647952013455291,0.017346407043261687,0.017164356501342657,0.00866886908708714,0.008586471486412733,0.017255340573499874,-0.21656130546363334,-1.2484504999999861,0 days 02:00:00
87,CLOSED,BTCUSDT,LONG,2024-03-23 12:50:00+00:00,2024-03-23 12:55:00+00:00,64850.0,64882.424999999996,2024-03-23 23:50:00+00:00,64233.60075,64201.483949625,0.0002640169827616424,17.130062082758556,0.17130062082758557,64233.60075,66180.0735,SL,-0.1627398701615399,0.017130062082758555,0.016950282081200006,0.008560750666045103,0.008479380730965222,0.017040131397010327,-0.21386034572250878,-1.248450499999995,0 days 10:55:00
88,CLOSED,BTCUSDT,LONG,2024-03-24 07:55:00+00:00,2024-03-24 08:00:00+00:00,64583.44,64615.731719999996,2024-03-24 14:20:00+00:00,65908.0463544,65875.0923312228,0.0002618002602994445,16.91641538373507,0.1691641538373507,63969.5744028,65908.0463544,TP,0.34678228837621605,0.016916415383735072,0.017246116319564072,0.008453980701515155,0.008627371845704125,0.017081352547219278,0.29553840412569765,1.7470510000000017,0 days 06:20:00
89,CLOSED,BTCUSDT,LONG,2024-03-24 14:20:00+00:00,2024-03-24 14:25:00+00:00,65895.88,65928.82794,2024-03-24 16:55:00+00:00,65269.5396606,65236.9048907697,0.00026106422762988687,17.211658544699805,0.17211658544699807,65269.5396606,67247.40449880001,SL,-0.16351505693890356,0.017211658544699804,0.01703102218827318,0.008601528508095384,0.008519770979626345,0.01712129948772173,-0.21487903715959827,-1.2484505000000048,0 days 02:30:00
90,CLOSED,BTCUSDT,LONG,2024-03-24 18:30:00+00:00,2024-03-24 18:35:00+00:00,66012.12,66045.12606,2024-03-24 23:10:00+00:00,67366.0285812,67332.3455669094,0.00025735425436953125,16.996994171912995,0.16996994171912996,65384.674799399996,67366.0285812,TP,0.34843413339923535,0.016996994171912996,0.017328265588323583,0.008494249960975935,0.008668467027674721,0.017162716988650656,0.2969461566503481,1.7470510000000024,0 days 04:35:00
91,CLOSED,BTCUSDT,LONG,2024-03-25 05:30:00+00:00,2024-03-25 05:35:00+00:00,67662.01,67695.841005,2024-03-25 06:35:00+00:00,67018.88259494999,66985.37315365252,0.00025546094741298655,17.293643679056203,0.17293643679056203,67018.88259494999,69049.7578251,SL,-0.16429393620133032,0.017293643679056205,0.017112146888644507,0.008642500589233486,0.00856035362113211,0.017202854210365597,-0.21590258097939663,-1.2484505000000061,0 days 01:00:00
92,CLOSED,BTCUSDT,LONG,2024-03-25 16:35:00+00:00,2024-03-25 16:40:00+00:00,70123.34,70158.40166999999,2024-03-26 14:30:00+00:00,69456.8176533,69422.08924447335,0.00024341998076437781,17.07795678497089,0.1707795678497089,69456.8176533,71561.56970339999,SL,-0.16224485681274275,0.017077956784970892,0.016898723628512625,0.008534711036965868,0.00845358860855963,0.0169882996455255,-0.2132098368717518,-1.2484504999999928,0 days 21:50:00
93,CLOSED,BTCUSDT,LONG,2024-03-27 00:35:00+00:00,2024-03-27 00:40:00+00:00,70420.01,70455.220005,2024-03-27 07:35:00+00:00,69750.66780494999,69715.79247104752,0.00023937133322048131,16.864959944939176,0.16864959944939176,69750.66780494999,71864.3244051,SL,-0.16022133360984317,0.016864959944939178,0.016687962190317037,0.00842826583955001,0.008348155172743628,0.016776421012293638,-0.210550676757393,-1.2484505000000008,0 days 06:55:00
94,CLOSED,BTCUSDT,LONG,2024-03-27 11:35:00+00:00,2024-03-27 11:40:00+00:00,70304.33,70339.482165,2024-03-27 13:30:00+00:00,71746.27180829999,71710.39867239585,0.00023677483961923913,16.654619608518203,0.16654619608518204,69636.08734335,71746.27180829999,TP,0.34141554040050603,0.016654619608518204,0.016979218144688224,0.008323148230142192,0.00849385600034221,0.016817004230484402,0.29096469841681516,1.7470510000000108,0 days 01:50:00
95,CLOSED,BTCUSDT,LONG,2024-03-27 22:35:00+00:00,2024-03-27 22:40:00+00:00,69390.0,69424.69499999999,2024-03-28 08:45:00+00:00,70813.1889,70777.78230555,0.0002440816431805805,16.94529363291063,0.1694529363291063,68730.44804999999,70813.1889,TP,0.34737428526836134,0.01694529363291063,0.017275557405816058,0.008468412610148393,0.008642099752781716,0.01711051236293011,0.2960429218667045,1.747051000000018,0 days 10:05:00
96,CLOSED,BTCUSDT,LONG,2024-03-28 08:45:00+00:00,2024-03-28 08:50:00+00:00,70790.0,70825.39499999999,2024-03-29 06:05:00+00:00,70117.14104999999,70082.082479475,0.0002434302104153834,17.24104080760264,0.17241040807602642,70117.14104999999,72241.90289999999,SL,-0.16379419577837612,0.01724104080760264,0.01706009608432685,0.008616212297649944,0.008534315199762768,0.017150527497412714,-0.21524586016771832,-1.2484504999999948,0 days 21:15:00
97,CLOSED,BTCUSDT,LONG,2024-03-29 13:30:00+00:00,2024-03-29 13:35:00+00:00,70350.0,70385.175,2024-03-29 15:35:00+00:00,69681.32325,69646.482588375,0.0002418976720348321,17.026009978264266,0.17026009978264267,69681.32325,71792.8785,SL,-0.16175134916881712,0.017026009978264266,0.01684732200354238,0.008508750613825923,0.008427874939240685,0.01693662555306661,-0.21256130670369036,-1.2484505000000012,0 days 02:00:00
98,CLOSED,BTCUSDT,LONG,2024-03-30 01:15:00+00:00,2024-03-30 01:20:00+00:00,70050.01,70085.035005,2024-04-01 05:50:00+00:00,69384.18465495,69349.49256262253,0.0002399037257999344,16.813661020518325,0.16813661020518325,69384.18465495,71486.7357051,SL,-0.15973398100951963,0.016813661020518324,0.016637201648107985,0.008402629195662085,0.008322762205156282,0.016725391400818367,-0.2099102350789643,-1.2484504999999892,2 days 04:30:00
99,CLOSED,BTCUSDT,LONG,2024-04-01 13:25:00+00:00,2024-04-01 13:30:00+00:00,70015.99,70050.997995,2024-04-01 14:30:00+00:00,69350.48801505,69315.81277104247,0.00023702675138417072,16.603960485973907,0.16603960485973907,69350.48801505,71452.0179549,SL,-0.15774177353241803,0.016603960485973908,0.01642970192067361,0.008297831327321552,0.008218960440556264,0.016516791767877816,-0.20729222770694336,-1.2484504999999981,0 days 01:00:00
100,CLOSED,BTCUSDT,LONG,2024-04-03 03:50:00+00:00,2024-04-03 03:55:00+00:00,66190.0,66223.095,2024-04-03 11:05:00+00:00,65560.86405,65528.083617975004,0.0002476005590407626,16.39687534340953,0.1639687534340953,65560.86405,67547.5569,SL,-0.15577441293264033,0.01639687534340953,0.016224790136680448,0.008194340501454326,0.008116453294987657,0.016310793796441982,-0.20470687220917227,-1.2484504999999955,0 days 07:10:00
101,CLOSED,BTCUSDT,LONG,2024-04-03 14:25:00+00:00,2024-04-03 14:30:00+00:00,66764.87,66798.25243499999,2024-04-03 15:30:00+00:00,66130.26991065,66097.20477569467,0.0002424071346675823,16.192372973570198,0.161923729735702,66130.26991065,68134.21748369999,SL,-0.15383158931912574,0.016192372973570197,0.01602243401921258,0.008092140416574935,0.008015224621916697,0.016107365038491632,-0.20215376135040017,-1.2484504999999886,0 days 01:00:00
102,CLOSED,BTCUSDT,LONG,2024-04-04 10:20:00+00:00,2024-04-04 10:25:00+00:00,66446.18,66479.40308999999,2024-04-04 14:40:00+00:00,67808.9911518,67775.0866562241,0.0002405319605890785,15.99042116402934,0.15990421164029342,65814.6090591,67808.9911518,TP,0.32779963825511615,0.01599042116402934,0.016302074472516276,0.007991214974527287,0.008155114793655402,0.01614632976818269,0.27936081285038783,1.74705100000001,0 days 04:15:00
103,CLOSED,BTCUSDT,LONG,2024-04-04 16:20:00+00:00,2024-04-04 16:25:00+00:00,68023.44,68057.45172,2024-04-04 20:15:00+00:00,67376.8772028,67343.1887641986,0.00023905542279314441,16.269502895148612,0.16269502895148613,67376.8772028,69418.6007544,SL,-0.15456434284696588,0.016269502895148613,0.01609875446226403,0.008130686104520843,0.008053403933098315,0.016184090037619156,-0.20311669024199766,-1.248450500000002,0 days 03:50:00
104,CLOSED,BTCUSDT,LONG,2024-04-05 00:55:00+00:00,2024-04-05 01:00:00+00:00,68606.01,68640.31300499999,2024-04-05 01:25:00+00:00,67953.90987494998,67919.9329200125,0.00023406928691471356,16.066589118683087,0.16066589118683086,67953.90987494998,70013.11926509999,SL,-0.15263661126745187,0.016066589118683087,0.015897970265882508,0.00802927991938052,0.007952961613748356,0.015982241533128876,-0.20058341218514636,-1.248450500000011,0 days 00:25:00
105,CLOSED,BTCUSDT,LONG,2024-04-06 00:35:00+00:00,2024-04-06 00:40:00+00:00,68028.12,68062.13406,2024-04-06 23:05:00+00:00,69423.3767412,69388.66505282941,0.00023311355585089774,15.866206089527099,0.158662060895271,67381.5127194,69423.3767412,TP,0.3252532602660692,0.0158662060895271,0.016175438446211984,0.007929138475526098,0.008091765105656349,0.016020903581182445,0.2771907121491477,1.7470510000000228,0 days 22:25:00
106,CLOSED,BTCUSDT,LONG,2024-04-07 14:50:00+00:00,2024-04-07 14:55:00+00:00,69608.65,69643.45432499998,2024-04-07 19:50:00+00:00,68947.01978174999,68912.54627185912,0.00023179665690538535,16.143119887877898,0.161431198878779,68947.01978174999,71036.32341149998,SL,-0.15336367269793225,0.016143119887877897,0.01597369784465462,0.008067526180846222,0.007990844344498716,0.016058370525344937,-0.2015388609558097,-1.2484504999999915,0 days 04:55:00
107,CLOSED,BTCUSDT,LONG,2024-04-08 06:00:00+00:00,2024-04-08 06:05:00+00:00,69810.0,69844.905,2024-04-08 08:10:00+00:00,71241.8031,71206.18219845001,0.00022824545848327123,15.941782364445523,0.15941782364445523,69146.45595,71241.8031,TP,0.3268025550172701,0.015941782364445524,0.01625248770272857,0.007966907728358317,0.00813030900586532,0.016097216734223638,0.27851106821587235,1.7470510000000201,0 days 02:05:00
108,CLOSED,BTCUSDT,LONG,2024-04-08 18:40:00+00:00,2024-04-08 18:45:00+00:00,72064.14,72100.17207,2024-04-09 00:45:00+00:00,71379.1703493,71343.48076412534,0.00022496499986266976,16.220015199826015,0.16220015199826016,71379.1703493,73542.1755114,SL,-0.15409419737565944,0.016220015199826014,0.01604978614030384,0.008105954622601958,0.008028907523914365,0.016134862146516323,-0.20249886086230562,-1.2484505000000106,0 days 06:00:00
109,CLOSED,BTCUSDT,LONG,2024-04-09 22:35:00+00:00,2024-04-09 22:40:00+00:00,69389.8,69424.4949,2024-04-10 01:15:00+00:00,68730.249951,68695.88482602451,0.00023072142849004737,16.01771863552801,0.16017718635528008,68730.249951,70812.984798,SL,-0.1521723294659602,0.01601771863552801,0.015849612678448147,0.00800485688931986,0.007928770724584333,0.015933627613904194,-0.19997328839384054,-1.2484504999999873,0 days 02:35:00
110,CLOSED,BTCUSDT,LONG,2024-04-10 16:35:00+00:00,2024-04-10 16:40:00+00:00,69180.0,69214.59,2024-04-10 22:15:00+00:00,70598.8818,70563.58235910001,0.00022853483811215313,15.817945120649052,0.15817945120649052,68522.4441,70598.8818,TP,0.32426392246328106,0.015817945120649053,0.016126236871050505,0.007905020050298578,0.00806715201152983,0.01597217206182841,0.2763475684097531,1.7470510000000168,0 days 05:35:00
111,CLOSED,BTCUSDT,LONG,2024-04-11 19:40:00+00:00,2024-04-11 19:45:00+00:00,70502.54,70537.79126999999,2024-04-11 23:25:00+00:00,69832.41335729999,69797.49715062133,0.0002281616184430593,16.094016617561895,0.16094016617561896,69832.41335729999,71948.54709539999,SL,-0.1528971793602476,0.016094016617561897,0.01592510991316058,0.008042986815371753,0.007966538225693617,0.01600952504106537,-0.20092583093203548,-1.2484505000000057,0 days 03:40:00
112,CLOSED,BTCUSDT,LONG,2024-04-12 02:05:00+00:00,2024-04-12 02:10:00+00:00,70416.0,70451.208,2024-04-12 13:45:00+00:00,69746.69592,69711.82257204001,0.00022559288850995554,15.893291511735688,0.15893291511735688,69746.69592,71860.23216,SL,-0.15099024069869876,0.01589329151173569,0.015726491417320024,0.007942674418658226,0.007867179298307022,0.01580985371696525,-0.1984198773447197,-1.248450499999987,0 days 11:35:00
113,CLOSED,BTCUSDT,LONG,2024-04-13 11:05:00+00:00,2024-04-13 11:10:00+00:00,67772.0,67805.886,2024-04-13 17:10:00+00:00,67127.82714,67094.26322643,0.00023147061091490878,15.69506985604666,0.1569506985604666,67127.82714,69162.00372,SL,-0.14910708543900542,0.01569506985604666,0.015530350097907451,0.007843613121462275,0.007769059578740639,0.015612672700202914,-0.19594517809316242,-1.2484504999999912,0 days 06:00:00
114,CLOSED,BTCUSDT,LONG,2024-04-14 06:35:00+00:00,2024-04-14 06:40:00+00:00,64737.3,64769.66865,2024-04-14 09:35:00+00:00,64121.9719635,64089.91097751825,0.00023929905386944054,15.499320427382164,0.15499320427382166,64121.9719635,66065.062023,SL,-0.14724741695379123,0.015499320427382165,0.015336655059496789,0.007745787320030278,0.007672163611553854,0.015417950931584132,-0.19350134337225433,-1.248450499999997,0 days 02:55:00
115,CLOSED,BTCUSDT,LONG,2024-04-15 09:20:00+00:00,2024-04-15 09:25:00+00:00,66610.04,66643.34502,2024-04-15 11:40:00+00:00,65976.9115698,65943.9231140151,0.00022967053030504154,15.306012392045247,0.15306012392045248,65976.9115698,67976.21192039999,SL,-0.14541094231523213,0.015306012392045248,0.015145375791990734,0.007649181605219965,0.007576476134062398,0.015225657739282363,-0.19108798823855047,-1.2484504999999975,0 days 02:15:00
116,CLOSED,BTCUSDT,LONG,2024-04-17 05:15:00+00:00,2024-04-17 05:20:00+00:00,64424.38,64456.592189999996,2024-04-17 06:00:00+00:00,63812.026268099995,63780.12025496595,0.00023450068933744927,15.115115300897848,0.1511511530089785,63812.026268099995,65745.7240338,SL,-0.14359737224891017,0.015115115300897848,0.014956482165814926,0.0075537807600685085,0.007481982073943209,0.015035762834011718,-0.18870473254963469,-1.2484504999999932,0 days 00:40:00
117,CLOSED,BTCUSDT,LONG,2024-04-18 10:55:00+00:00,2024-04-18 11:00:00+00:00,61821.76,61852.67088,2024-04-18 14:05:00+00:00,63089.7242976,63058.1794354512,0.00024132505310115962,14.926599084564549,0.14926599084564549,61234.144171199994,63089.7242976,TP,0.30599155144869356,0.014926599084564549,0.015217518500722714,0.007459569757402563,0.007612565533126906,0.015072135290529469,0.2607752985728768,1.7470510000000068,0 days 03:05:00
118,CLOSED,BTCUSDT,LONG,2024-04-18 14:05:00+00:00,2024-04-18 14:10:00+00:00,63175.31,63206.89765499999,2024-04-18 18:10:00+00:00,62574.828678449994,62543.541264110776,0.0002402762108535833,15.187113868353638,0.15187113868353638,62574.828678449994,64471.03560809999,SL,-0.14428137663038698,0.015187113868353638,0.01502772510830527,0.007589762053149217,0.007517621364833425,0.015107383417982642,-0.18960359902502855,-1.2484504999999881,0 days 04:00:00
119,CLOSED,BTCUSDT,LONG,2024-04-19 06:35:00+00:00,2024-04-19 06:40:00+00:00,62911.76,62943.215879999996,2024-04-19 06:50:00+00:00,64202.0801976,64169.979157501206,0.00023827348942745906,14.997699683513453,0.14997699683513452,62313.783721199994,64202.0801976,TP,0.30744909596088005,0.014997699683513454,0.015290004850345132,0.007495102290610007,0.00764882683859051,0.015143929129200517,0.26201746229782097,1.747051000000016,0 days 00:10:00
120,CLOSED,BTCUSDT,LONG,2024-04-19 11:35:00+00:00,2024-04-19 11:40:00+00:00,65332.04,65364.70602,2024-04-19 13:05:00+00:00,64711.0589598,64678.70343032011,0.00023345099089768209,15.259455390104685,0.15259455390104687,64711.0589598,66672.00014039999,SL,-0.14496863916336342,0.015259455390104686,0.015099307405785538,0.007625914737682785,0.0075534304181002895,0.015179345155783074,-0.1905067471150367,-1.2484504999999855,0 days 01:25:00
121,CLOSED,BTCUSDT,LONG,2024-04-20 04:35:00+00:00,2024-04-20 04:40:00+00:00,64122.88,64154.941439999995,2024-04-20 09:05:00+00:00,63513.39202559999,63481.635329587196,0.00023488664506869723,15.069138959420334,0.15069138959420333,63513.39202559999,65438.040268799996,SL,-0.14316058551653352,0.015069138959420334,0.014910988346041218,0.007530804077670786,0.007459223784911926,0.014990027862582713,-0.18813074068457777,-1.2484504999999988,0 days 04:25:00
122,CLOSED,BTCUSDT,LONG,2024-04-20 13:00:00+00:00,2024-04-20 13:05:00+00:00,63980.89,64012.880444999995,2024-04-20 17:15:00+00:00,65293.138053899995,65260.49148487305,0.00023247190343699033,14.881196161533646,0.14881196161533647,63372.75164054999,65293.138053899995,TP,0.3050608028716182,0.014881196161533647,0.015171230674721937,0.007436879640945377,0.007589410042381454,0.01502628968332683,0.2599820863520358,1.747051000000004,0 days 04:10:00
123,CLOSED,BTCUSDT,LONG,2024-04-22 01:15:00+00:00,2024-04-22 01:20:00+00:00,65222.71,65255.32135499999,2024-04-22 02:05:00+00:00,64602.76814144999,64570.46675737927,0.00023202580588259667,15.140918525521693,0.15140918525521693,64602.76814144999,66560.4277821,SL,-0.14384250933042078,0.015140918525521694,0.014982014585596344,0.007566675924796972,0.007494754670132268,0.01506143059492924,-0.18902687303646803,-1.2484504999999988,0 days 00:45:00
124,CLOSED,BTCUSDT,LONG,2024-04-22 14:25:00+00:00,2024-04-22 14:30:00+00:00,66455.04,66488.26752,2024-04-22 15:05:00+00:00,65823.38484479999,65790.4731523776,0.00022488299136419175,14.95208049052023,0.1495208049052023,65823.38484479999,67818.0328704,SL,-0.14204850081198922,0.01495208049052023,0.014795158405772222,0.007472304093213591,0.007401279842805864,0.014873583936019456,-0.18666932364430114,-1.2484504999999924,0 days 00:35:00
125,CLOSED,BTCUSDT,LONG,2024-04-23 13:40:00+00:00,2024-04-23 13:45:00+00:00,66409.36,66442.56468,2024-04-24 14:20:00+00:00,65778.1390332,65745.24996368341,0.0002222310008776852,14.765597649716735,0.14765597649716736,65778.1390332,67771.4159736,SL,-0.140276867226944,0.014765597649716735,0.01461063270238296,0.007379109270222207,0.007308970836607583,0.01468808010682979,-0.18434117768587352,-1.2484504999999775,1 days 00:35:00
126,CLOSED,BTCUSDT,LONG,2024-04-25 20:00:00+00:00,2024-04-25 20:05:00+00:00,64986.03,65018.523015,2024-04-26 00:15:00+00:00,64368.337784849995,64336.15361595757,0.0002242659468854366,14.581440629051526,0.14581440629051526,64368.337784849995,66318.8934753,SL,-0.13852732951437843,0.014581440629051527,0.014428408409649629,0.0072870767761376975,0.007217813111380523,0.01450488988751822,-0.18204206844059784,-1.2484505000000063,0 days 04:10:00
127,CLOSED,BTCUSDT,LONG,2024-04-27 14:10:00+00:00,2024-04-27 14:15:00+00:00,63305.59,63337.24279499999,2024-04-29 02:40:00+00:00,62703.87036704999,62672.51843186647,0.0002273477623177481,14.399580420819161,0.1439958042081916,62703.87036704999,64603.987650899995,SL,-0.13679961209384092,0.014399580420819161,0.014248456824302664,0.007196192114351158,0.007127792308304407,0.014323984422655565,-0.17977163376161834,-1.248450499999996,1 days 12:25:00
128,CLOSED,BTCUSDT,LONG,2024-04-29 22:00:00+00:00,2024-04-29 22:05:00+00:00,63185.21,63216.802605,2024-04-30 00:45:00+00:00,64481.1386571,64448.89808777145,0.0002249400126727473,14.219988379099263,0.14219988379099263,62584.63457895,64481.1386571,TP,0.2915062085510498,0.014219988379099264,0.014497135952607909,0.00710644096906465,0.007252194073340013,0.014358635042404663,0.248430449176938,1.7470510000000037,0 days 02:40:00
129,CLOSED,BTCUSDT,LONG,2024-04-30 22:25:00+00:00,2024-04-30 22:30:00+00:00,60790.54,60820.935269999994,2024-05-01 00:30:00+00:00,60212.72591729999,60182.61955434134,0.0002378814232596278,14.468170646009293,0.14468170646009293,60212.72591729999,62037.353975399994,SL,-0.1374512363721346,0.014468170646009294,0.014316327195079427,0.007230470087959148,0.007161744469774529,0.014392214557733676,-0.180627948770957,-1.2484505000000052,0 days 02:00:00
130,CLOSED,BTCUSDT,LONG,2024-05-01 23:40:00+00:00,2024-05-01 23:45:00+00:00,58369.14,58398.32457,2024-05-02 00:35:00+00:00,57814.341324299996,57785.43415363785,0.0002446598125878324,14.287723144739608,0.14287723144739609,57814.341324299996,59566.2910614,SL,-0.13573694002074047,0.01428772314473961,0.014137773490335565,0.007140291426655894,0.007072422956645399,0.014212714383301293,-0.17837515103911694,-1.248450499999997,0 days 00:50:00
131,CLOSED,BTCUSDT,LONG,2024-05-02 07:05:00+00:00,2024-05-02 07:10:00+00:00,57814.76,57843.66738,2024-05-02 12:15:00+00:00,59000.5407276,58971.0404572362,0.00024392516639657396,14.109526190654577,0.14109526190654578,57265.230706199996,59000.5407276,TP,0.28924176128967927,0.014109526190654578,0.014384520856110436,0.007051237476588243,0.007195858357232542,0.014247095833820785,0.24650061840909346,1.7470510000000052,0 days 05:05:00
132,CLOSED,BTCUSDT,LONG,2024-05-02 18:45:00+00:00,2024-05-02 18:50:00+00:00,59541.66,59571.43083,2024-05-02 20:35:00+00:00,58975.7165217,58946.22866343916,0.00024098431672166752,14.35578055469963,0.1435578055469963,58975.7165217,60762.8594466,SL,-0.13638350242121017,0.01435578055469963,0.014205116637778058,0.00717430312578548,0.007106111374574749,0.014280414500360229,-0.17922481411404811,-1.2484504999999848,0 days 01:45:00
133,CLOSED,BTCUSDT,LONG,2024-05-04 05:55:00+00:00,2024-05-04 06:00:00+00:00,63384.01,63415.702005,2024-05-06 08:15:00+00:00,64684.0160451,64651.67403707745,0.00022355243793147897,14.17673478635393,0.14176734786353928,62781.54498495,64684.0160451,TP,0.29061952070776415,0.01417673478635393,0.014453039347339967,0.007084824980685985,0.007230134741040015,0.014314959721726,0.24767478685234426,1.7470510000000006,2 days 02:15:00
134,CLOSED,BTCUSDT,LONG,2024-05-06 21:25:00+00:00,2024-05-06 21:30:00+00:00,63545.58,63577.35279,2024-05-07 03:25:00+00:00,62941.5792621,62910.10847246895,0.0002268757900866162,14.424162145846783,0.14424162145846783,62941.5792621,64848.8998458,SL,-0.13703314462396207,0.014424162145846783,0.014272780564126121,0.007208476834505103,0.007139960262194189,0.014348437096699293,-0.18007852443063427,-1.2484504999999957,0 days 05:55:00
135,CLOSED,BTCUSDT,LONG,2024-05-08 03:40:00+00:00,2024-05-08 03:45:00+00:00,62922.01,62953.471005,2024-05-08 06:20:00+00:00,62323.93629495,62292.77432680253,0.00022626653133884584,14.244263520041955,0.14244263520041955,62323.93629495,64212.5404251,SL,-0.13532406272663614,0.014244263520041954,0.014094769974399115,0.007118572473783494,0.007050910442419512,0.014169482916203006,-0.1778325791372802,-1.2484504999999917,0 days 02:35:00
136,CLOSED,BTCUSDT,LONG,2024-05-11 01:10:00+00:00,2024-05-11 01:15:00+00:00,61052.0,61082.526,2024-05-13 07:50:00+00:00,62304.17652,62273.02443174001,0.00023028858688373317,14.066608595828889,0.1406660859582889,60471.70074,62304.17652,TP,0.28836196131979086,0.01406660859582889,0.014340766797361598,0.007029789403212383,0.007173970383871431,0.014203759787083815,0.24575082613951657,1.7470510000000143,2 days 06:35:00
137,CLOSED,BTCUSDT,LONG,2024-05-14 21:35:00+00:00,2024-05-14 21:40:00+00:00,61739.65,61770.519824999996,2024-05-15 12:30:00+00:00,63005.9302215,62974.42725638925,0.0002316981297420641,14.312113916647592,0.14312113916647592,61152.81462675,63005.9302215,TP,0.29339475905091605,0.014312113916647592,0.014591057016883055,0.007152480717963494,0.007299178097489583,0.014451658815453077,0.2500399293019323,1.7470510000000097,0 days 14:50:00
138,CLOSED,BTCUSDT,LONG,2024-05-15 18:10:00+00:00,2024-05-15 18:15:00+00:00,65208.25,65240.854125,2024-05-16 00:05:00+00:00,66545.6712075,66512.39837189626,0.00022320222889648386,14.561904055810363,0.14561904055810362,64588.44558375,66545.6712075,TP,0.2985153944874259,0.014561904055810364,0.01484571556585811,0.00727731337121913,0.007426571068461172,0.014703884439680303,0.25440389042607714,1.7470510000000112,0 days 05:50:00
139,CLOSED,BTCUSDT,LONG,2024-05-16 00:05:00+00:00,2024-05-16 00:10:00+00:00,66561.1,66594.38055,2024-05-16 01:35:00+00:00,65928.4367445,65895.47252612775,0.00022248204239052352,14.816053796495755,0.14816053796495754,65928.4367445,67926.268161,SL,-0.14075621322907997,0.014816053796495756,0.014660559311901532,0.007404324735879015,0.007333946629264565,0.01473827136514358,-0.18497109770262082,-1.2484505000000041,0 days 01:25:00
140,CLOSED,BTCUSDT,LONG,2024-05-16 07:30:00+00:00,2024-05-16 07:35:00+00:00,66156.0,66189.078,2024-05-16 15:00:00+00:00,65527.18721999999,65494.423626389995,0.00022105259549172945,14.631267485104528,0.1463126748510453,65527.18721999999,67512.85956,SL,-0.1390006970973715,0.01463126748510453,0.014477712332848355,0.007311977753674114,0.007242477405126249,0.014554455158800363,-0.18266413207412477,-1.248450499999999,0 days 07:25:00
141,CLOSED,BTCUSDT,LONG,2024-05-17 00:55:00+00:00,2024-05-17 01:00:00+00:00,65508.7,65541.45435,2024-05-17 15:10:00+00:00,66852.283437,66818.85729528152,0.0002204526276991415,14.448785834680828,0.1444878583468083,64886.0398065,66852.283437,TP,0.29619649921969576,0.014448785834680828,0.01473039267059876,0.007220782526078011,0.007368880775684978,0.014589663301762989,0.25242765741265316,1.7470510000000234,0 days 14:10:00
142,CLOSED,BTCUSDT,LONG,2024-05-17 15:10:00+00:00,2024-05-17 15:15:00+00:00,66897.99,66931.438995,2024-05-17 18:05:00+00:00,66262.12460505,66228.99354274748,0.00021964209252560315,14.700961316611554,0.14700961316611555,66262.12460505,68270.0677749,SL,-0.13966280591143718,0.014700961316611555,0.014546674727593717,0.007346807254678181,0.007276975851721653,0.014623783106399835,-0.18353422506204228,-1.2484504999999915,0 days 02:50:00
143,CLOSED,BTCUSDT,LONG,2024-05-18 11:00:00+00:00,2024-05-18 11:05:00+00:00,67341.59,67375.260795,2024-05-18 14:40:00+00:00,66701.50818705,66668.15743295648,0.00021547390349398206,14.517610442423702,0.14517610442423703,66701.50818705,68722.7660109,SL,-0.13792092679184068,0.014517610442423702,0.014365248120830468,0.007255177632395262,0.0071862171689995825,0.014441394801394844,-0.18124518015648966,-1.2484504999999912,0 days 03:35:00
144,CLOSED,BTCUSDT,LONG,2024-05-19 02:25:00+00:00,2024-05-19 02:30:00+00:00,67060.01,67093.54000499999,2024-05-19 19:00:00+00:00,66422.60460494999,66389.39330264751,0.0002136799805959688,14.336546326383255,0.14336546326383257,66422.60460494999,68435.4108051,SL,-0.1362007724460518,0.014336546326383256,0.014186084272687863,0.007164690817781295,0.007096590431559109,0.014261281249340403,-0.17898468429446332,-1.2484504999999995,0 days 16:30:00
145,CLOSED,BTCUSDT,LONG,2024-05-20 02:05:00+00:00,2024-05-20 02:10:00+00:00,66637.9,66671.21895,2024-05-20 16:35:00+00:00,68004.643329,67970.64100733551,0.00021235160644932546,14.157740447967209,0.1415774044796721,66004.5067605,68004.643329,TP,0.2902301415170499,0.014157740447967209,0.014433674809298094,0.007075332557704916,0.0072204476284614336,0.01429578018616635,0.24734294607361829,1.7470510000000188,0 days 14:25:00
146,CLOSED,BTCUSDT,LONG,2024-05-20 16:35:00+00:00,2024-05-20 16:40:00+00:00,68071.84,68105.87591999999,2024-05-20 19:25:00+00:00,69467.9934384,69433.2594416808,0.0002115065125234,14.404836298190604,0.14404836298190604,67424.8171608,69467.9934384,TP,0.2952955447035369,0.014404836298190605,0.014685586557642342,0.007198818739724342,0.007346466512076087,0.01454528525180043,0.2516598365959035,1.747051000000011,0 days 02:45:00
147,CLOSED,BTCUSDT,LONG,2024-05-21 11:30:00+00:00,2024-05-21 11:35:00+00:00,71313.3,71348.95665,2024-05-21 13:50:00+00:00,70635.46708349999,70600.14934995824,0.00020541638468876398,14.656244726358343,0.14656244726358345,70635.46708349999,72775.935783,SL,-0.13923798713047447,0.014656244726358344,0.014502427437955212,0.0073244601331105405,0.007254841139545778,0.014579301272656319,-0.18297596056744436,-1.2484505,0 days 02:15:00
148,CLOSED,BTCUSDT,LONG,2024-05-21 22:35:00+00:00,2024-05-21 22:40:00+00:00,70100.0,70135.05,2024-05-22 04:40:00+00:00,69433.6995,69398.98265025001,0.0002063654557736581,14.473451558958299,0.144734515589583,69433.6995,71537.751,SL,-0.13750140636471578,0.0144734515589583,0.014321552684847033,0.007233109224867317,0.00716435852168336,0.014397467746550676,-0.18069387835507178,-1.2484504999999937,0 days 06:00:00
149,CLOSED,BTCUSDT,LONG,2024-05-22 08:30:00+00:00,2024-05-22 08:35:00+00:00,70070.16,70105.19508,2024-05-22 18:20:00+00:00,69404.1431292,69369.44105763541,0.00020387844549405994,14.29293819396822,0.14292938193968222,69404.1431292,71507.2989816,SL,-0.13578648429152182,0.014292938193968222,0.014142933807622524,0.00714289764816033,0.007075004406012676,0.014217902054173006,-0.17844025834728558,-1.2484504999999884,0 days 09:45:00
150,CLOSED,BTCUSDT,LONG,2024-05-23 06:50:00+00:00,2024-05-23 06:55:00+00:00,69606.01,69640.81300499999,2024-05-23 13:35:00+00:00,68944.40487494999,68909.93267251253,0.0002026782225618747,14.114676197617285,0.14114676197617285,68944.40487494999,71033.6292651,SL,-0.1340929507829613,0.014114676197617285,0.013966542670923295,0.007053811193210882,0.006986764717818358,0.014040575911029241,-0.17621474556253108,-1.2484504999999795,0 days 06:40:00
151,CLOSED,BTCUSDT,LONG,2024-05-24 03:00:00+00:00,2024-05-24 03:05:00+00:00,68014.18,68048.18708999999,2024-05-24 05:25:00+00:00,67367.7052191,67334.02136649044,0.00020483481025477548,13.93863749076161,0.1393863749076161,67367.7052191,69409.1508318,SL,-0.1324205390801483,0.01393863749076161,0.013792351490296069,0.006965835827466899,0.006899625557927522,0.01386546138539442,-0.1740169894466004,-1.2484504999999975,0 days 02:20:00
152,CLOSED,BTCUSDT,LONG,2024-05-24 10:40:00+00:00,2024-05-24 10:45:00+00:00,67518.02,67551.77901,2024-05-24 17:55:00+00:00,68902.8145902,68868.3631829049,0.00020376657056542723,13.764794344461311,0.13764794344461312,66876.2612199,68902.8145902,TP,0.28217484458260855,0.013764794344461312,0.014033070186234863,0.006878957693382803,0.007020045115675016,0.01389900280905782,0.24047797724285455,1.7470509999999981,0 days 07:10:00
153,CLOSED,BTCUSDT,LONG,2024-05-25 10:40:00+00:00,2024-05-25 10:45:00+00:00,69216.0,69250.608,2024-05-26 21:10:00+00:00,68558.10191999999,68523.82286903998,0.0002022369548577056,14.005032083964664,0.14005032083964664,68558.10191999999,70635.62015999999,SL,-0.13305130430593393,0.014005032083964664,0.013858049272243454,0.006999016533714039,0.006932490881562867,0.013931507415276906,-0.17484589307741896,-1.2484505000000121,1 days 10:25:00
154,CLOSED,BTCUSDT,LONG,2024-05-27 14:20:00+00:00,2024-05-27 14:25:00+00:00,69073.99,69108.52699500001,2024-05-27 15:45:00+00:00,70490.69753490001,70455.45218613256,0.0002001252445028922,13.830360862109101,0.138303608621091,68417.44172505001,70490.69753490001,TP,0.2835189418109538,0.013830360862109101,0.01409991459531161,0.006911724568770606,0.00705348403967568,0.013965208608446286,0.24162345774508676,1.747051000000008,0 days 01:20:00
155,CLOSED,BTCUSDT,LONG,2024-05-28 19:50:00+00:00,2024-05-28 19:55:00+00:00,68484.15,68518.392075,2024-05-29 08:00:00+00:00,67833.20815425,67799.29155017287,0.00020537176240761223,14.07174293777852,0.1407174293777852,67833.20815425,69888.7599165,SL,-0.13368507408654148,0.01407174293777852,0.013924059995646535,0.0070323552912440355,0.006965512754200026,0.013997868045444062,-0.1756787450654106,-1.2484505,0 days 12:05:00
156,CLOSED,BTCUSDT,LONG,2024-05-30 02:05:00+00:00,2024-05-30 02:10:00+00:00,67920.27,67954.230135,2024-05-30 08:10:00+00:00,67274.68783365001,67241.05048973318,0.00020449410828947997,13.896239695954934,0.13896239695954934,67274.68783365001,69313.31473770001,SL,-0.13201774943533306,0.013896239695954934,0.01375039866034589,0.006944647524215599,0.0068786386494974336,0.013823286173713032,-0.17348767396534692,-1.2484504999999932,0 days 06:00:00
157,CLOSED,BTCUSDT,LONG,2024-05-30 11:25:00+00:00,2024-05-30 11:30:00+00:00,68092.46,68126.50623,2024-05-30 17:55:00+00:00,69489.0363546,69454.29183642271,0.00020143298248730986,13.722925336349196,0.13722925336349195,67445.2411677,69489.0363546,TP,0.2813165403783317,0.013722925336349195,0.013990385151154642,0.0068580336513474425,0.006998691921536635,0.013856725572884077,0.2397465043179438,1.7470510000000132,0 days 06:25:00
158,CLOSED,BTCUSDT,LONG,2024-05-31 02:15:00+00:00,2024-05-31 02:20:00+00:00,68673.97,68708.306985,2024-05-31 09:15:00+00:00,68021.22391515,67987.21330319243,0.00020321316222677435,13.962432333669819,0.1396243233366982,68021.22391515,70082.4731247,SL,-0.1326465960335159,0.01396243233366982,0.013815896606327956,0.0069777273031836696,0.006911404005164494,0.013889131308348164,-0.1743140562818618,-1.2484504999999948,0 days 06:55:00
159,CLOSED,BTCUSDT,LONG,2024-05-31 12:20:00+00:00,2024-05-31 12:25:00+00:00,68525.75,68560.012875,2024-05-31 14:00:00+00:00,67874.41274625,67840.47553987688,0.00020111274544891666,13.788292417304325,0.13788292417304324,67874.41274625,69931.21313250001,SL,-0.13099222331481944,0.013788292417304325,0.013643584288384716,0.006890700858223121,0.0068252047465662425,0.013715905604789363,-0.17214000562529785,-1.2484504999999995,0 days 01:35:00
160,CLOSED,BTCUSDT,LONG,2024-06-01 04:00:00+00:00,2024-06-01 04:05:00+00:00,67758.8,67792.6794,2024-06-03 06:35:00+00:00,69148.53298799999,69113.958721506,0.00020085242979371923,13.616324379716614,0.13616324379716616,67114.752606,69148.53298799999,TP,0.2791312474042834,0.013616324379716615,0.013881706541877294,0.006804759809951466,0.006944325433653436,0.013749085243604901,0.2378841312390846,1.7470510000000123,2 days 02:30:00
161,CLOSED,BTCUSDT,LONG,2024-06-03 12:20:00+00:00,2024-06-03 12:25:00+00:00,69424.0,69458.712,2024-06-03 14:55:00+00:00,68764.12488,68729.74281756,0.0001994562016132828,13.853970864470945,0.13853970864470946,68764.12488,70847.88624,SL,-0.13161618497430858,0.013853970864470945,0.013708573440248324,0.00692352367040018,0.006857715577912307,0.013781239248312486,-0.1729599685273403,-1.2484504999999888,0 days 02:30:00
162,CLOSED,BTCUSDT,LONG,2024-06-04 01:55:00+00:00,2024-06-04 02:00:00+00:00,69215.41,69250.017705,2024-06-04 16:00:00+00:00,70635.01805910001,70599.70055007047,0.00019756216874060296,13.681183683124953,0.13681183683124953,68557.51752795001,70635.01805910001,TP,0.28046084691743534,0.013681183683124954,0.01394782995310906,0.0068371732549354376,0.006977403678391911,0.013814576933327348,0.23901725634787396,1.7470510000000192,0 days 14:00:00
163,CLOSED,BTCUSDT,LONG,2024-06-04 18:20:00+00:00,2024-06-04 18:25:00+00:00,71040.01,71075.530005,2024-06-04 19:35:00+00:00,70364.77470494999,70329.59231759752,0.0001958474619888972,13.919962160994958,0.1391996216099496,70364.77470494999,72497.04060509999,SL,-0.1322431187808679,0.013919962160994958,0.013773872158115315,0.006956502829082643,0.0068903812696915175,0.01384688409877416,-0.17378383719875232,-1.2484504999999997,0 days 01:10:00
164,CLOSED,BTCUSDT,LONG,2024-06-05 00:30:00+00:00,2024-06-05 00:35:00+00:00,70770.0,70805.385,2024-06-07 17:55:00+00:00,70097.33115,70062.282484425,0.00019414274682671637,13.74635193402318,0.1374635193402318,70097.33115,72221.4927,SL,-0.1305937782437688,0.01374635193402318,0.013602083970475609,0.006869741096462342,0.006804444207341315,0.013674185303803658,-0.17161639945207124,-1.2484504999999941,2 days 17:20:00
165,CLOSED,BTCUSDT,LONG,2024-06-09 06:15:00+00:00,2024-06-09 06:20:00+00:00,69362.69,69397.37134499999,2024-06-11 01:55:00+00:00,68703.39763154999,68669.04593273423,0.00019561125610997174,13.574906979525608,0.13574906979525608,68703.39763154999,70785.3187719,SL,-0.12896500833622532,0.013574906979525608,0.013432438330775488,0.006784061459031324,0.006719578954863102,0.013503640413894426,-0.16947599406042083,-1.2484504999999888,1 days 19:35:00
166,CLOSED,BTCUSDT,LONG,2024-06-12 04:35:00+00:00,2024-06-12 04:40:00+00:00,67606.62,67640.42331,2024-06-12 12:30:00+00:00,68993.2317762,68958.7351603119,0.00019818918386589504,13.405600292152563,0.13405600292152564,66964.0190769,68993.2317762,TP,0.27481145626391845,0.013405600292152563,0.013666875441846617,0.006699450420866436,0.006836856148997761,0.013536306569864197,0.23420267396005506,1.7470510000000057,0 days 07:50:00
167,CLOSED,BTCUSDT,LONG,2024-06-14 21:25:00+00:00,2024-06-14 21:30:00+00:00,66116.0,66149.05799999999,2024-06-17 13:05:00+00:00,65487.56741999999,65454.82363629,0.00020619445551903955,13.639568997407364,0.13639568997407364,65487.56741999999,67472.03915999999,SL,-0.12957931366352687,0.013639568997407365,0.013496421720779576,0.006816376310546345,0.006751586653715264,0.013567962964261607,-0.17028326734597546,-1.248450499999987,2 days 15:35:00
168,CLOSED,BTCUSDT,LONG,2024-06-17 17:30:00+00:00,2024-06-17 17:35:00+00:00,66206.01,66239.11300499999,2024-06-18 00:45:00+00:00,65576.72187494999,65543.93351401252,0.00020334595727752053,13.469455843215583,0.13469455843215583,65576.72187494999,67563.8952651,SL,-0.12796319619166968,0.013469455843215582,0.013328093904141036,0.006731362240486981,0.006667380642390577,0.013398742882877557,-0.16815948882190382,-1.2484504999999975,0 days 07:10:00
169,CLOSED,BTCUSDT,LONG,2024-06-19 01:00:00+00:00,2024-06-19 01:05:00+00:00,65347.89,65380.563944999994,2024-06-19 20:15:00+00:00,64726.75830554999,64694.394926397224,0.00020344676679571894,13.301464345891004,0.13301464345891004,64726.75830554999,66688.17522389999,SL,-0.12636723499020028,0.013301464345891004,0.01316186547758088,0.00664740846871013,0.006584224851214659,0.01323163331992479,-0.16606219813359693,-1.2484504999999921,0 days 19:10:00
170,CLOSED,BTCUSDT,LONG,2024-06-20 05:45:00+00:00,2024-06-20 05:50:00+00:00,65455.02,65487.747509999994,2024-06-20 14:10:00+00:00,64832.87003489999,64800.453599882545,0.00020058054435378826,13.13556804405924,0.1313556804405924,64832.87003489999,66797.50246019999,SL,-0.12479117866944936,0.013135568044059241,0.01299771025743684,0.006564501771143444,0.006502106181808708,0.013066607952952152,-0.1639910649238976,-1.2484504999999984,0 days 08:20:00
171,CLOSED,BTCUSDT,LONG,2024-06-22 02:05:00+00:00,2024-06-22 02:10:00+00:00,64322.0,64354.161,2024-06-23 20:30:00+00:00,63710.61939,63678.764080305,0.00020156801991984684,12.971740806373031,0.1297174080637303,63710.61939,65641.24422000001,SL,-0.12323477897508814,0.012971740806373032,0.012835602386610146,0.006482629088642206,0.006421011699154275,0.012903640787796482,-0.1619457629558678,-1.2484504999999975,1 days 18:20:00
172,CLOSED,BTCUSDT,LONG,2024-06-24 23:40:00+00:00,2024-06-24 23:45:00+00:00,60403.81,60434.01190499999,2024-06-25 14:20:00+00:00,61642.692143099994,61611.870797028445,0.0002119660175388143,12.80995682739614,0.1280995682739614,59829.67178594999,61642.692143099994,TP,0.2626009140728576,0.01280995682739614,0.013059622885962092,0.006401777524934425,0.0065330779819717695,0.012934855506906194,0.22379647885259316,1.7470510000000048,0 days 14:35:00
173,CLOSED,BTCUSDT,LONG,2024-06-25 14:20:00+00:00,2024-06-25 14:25:00+00:00,61626.42,61657.23320999999,2024-06-26 17:00:00+00:00,61040.660877899994,61010.14054746105,0.00021138687311757158,13.033529733342789,0.13033529733342789,61040.660877899994,62890.37787419999,SL,-0.12382178922081363,0.01303352973334279,0.012896742838791359,0.006513508112613604,0.006451597218003275,0.012965105330616879,-0.16271716712356465,-1.2484504999999841,1 days 02:35:00
174,CLOSED,BTCUSDT,LONG,2024-06-27 03:20:00+00:00,2024-06-27 03:25:00+00:00,61212.12,61242.72606,2024-06-27 06:45:00+00:00,60630.2987994,60599.9836500003,0.00021016332793909168,12.870975120831737,0.12870975120831737,60630.2987994,62467.5805812,SL,-0.12227747978361449,0.012870975120831737,0.012735894236938607,0.006432271424703149,0.0063711326848115615,0.01280340410951471,-0.16068775325089954,-1.2484505000000008,0 days 03:20:00
175,CLOSED,BTCUSDT,LONG,2024-06-27 13:05:00+00:00,2024-06-27 13:10:00+00:00,61710.0,61740.854999999996,2024-06-28 14:15:00+00:00,61123.446449999996,61092.884726775,0.0002058677012944972,12.710447894806864,0.12710447894806864,61123.446449999996,62975.672099999996,SL,-0.1207524310246278,0.012710447894806864,0.012577051744150866,0.006352047923440873,0.006291671707928025,0.012643719631368898,-0.1586836502949544,-1.2484504999999892,1 days 01:05:00
176,CLOSED,BTCUSDT,LONG,2024-06-29 07:10:00+00:00,2024-06-29 07:15:00+00:00,60952.01,60982.486005,2024-06-30 20:20:00+00:00,62202.1357251,62171.034657237455,0.00020582832206295982,12.55192276963708,0.1255192276963708,60372.66114495,62202.1357251,TP,0.2573112803650737,0.012551922769637082,0.012796559744417306,0.006272824972331716,0.006401480612514126,0.012674305584845842,0.2192884922661735,1.7470510000000095,1 days 13:05:00
177,CLOSED,BTCUSDT,LONG,2024-07-01 16:10:00+00:00,2024-07-01 16:15:00+00:00,63282.0,63313.640999999996,2024-07-02 07:05:00+00:00,62680.50459,62649.164337705,0.00020170996314175662,12.77099219248041,0.1277099219248041,62680.50459,64579.913819999994,SL,-0.12132761698103643,0.01277099219248041,0.012636960629420328,0.006382304943767511,0.006321641135277442,0.012703946079044954,-0.1594395158819821,-1.2484504999999957,0 days 14:50:00
178,CLOSED,BTCUSDT,LONG,2024-07-02 12:45:00+00:00,2024-07-02 12:50:00+00:00,62967.92,62999.403959999996,2024-07-02 14:10:00+00:00,62369.409920399994,62338.225215439794,0.0002001877980439559,12.611711956834075,0.12611711956834076,62369.409920399994,64259.3920392,SL,-0.11981441494223762,0.012611711956834075,0.0124793520398471,0.0063027046261035355,0.006242797418632903,0.012545502044736439,-0.15745098098365523,-1.2484505000000032,0 days 01:20:00
179,CLOSED,BTCUSDT,LONG,2024-07-03 00:05:00+00:00,2024-07-03 00:10:00+00:00,62208.71,62239.814354999995,2024-07-03 01:55:00+00:00,61617.41621144999,61586.60750334427,0.0002001037181521927,12.454418269537715,0.12454418269537716,61617.41621144999,63484.61064209999,SL,-0.1183200856091528,0.012454418269537715,0.012323709149798917,0.006224097086224915,0.006164937043420926,0.012389034129645841,-0.15548724715813528,-1.2484505000000026,0 days 01:45:00
180,CLOSED,BTCUSDT,LONG,2024-07-04 00:15:00+00:00,2024-07-04 00:20:00+00:00,60400.0,60430.2,2024-07-04 01:30:00+00:00,59825.897999999994,59795.985050999996,0.00020352549477405048,12.299086354294825,0.12299086354294826,59825.897999999994,61638.804,SL,-0.1168443936007732,0.012299086354294825,0.012170007443006501,0.006146469942175732,0.006088047745375481,0.012234517687551214,-0.15354800508562574,-1.2484505000000017,0 days 01:10:00
181,CLOSED,BTCUSDT,LONG,2024-07-04 15:45:00+00:00,2024-07-04 15:50:00+00:00,57991.09,58020.085544999994,2024-07-04 23:40:00+00:00,57439.884689549996,57411.16474720522,0.00020933598476685384,12.145691743819675,0.12145691743819675,57439.884689549996,59180.48725589999,SL,-0.11538710647177035,0.012145691743819676,0.012018222708968289,0.006069810966426195,0.006012117413190658,0.012081928379616854,-0.15163294930417517,-1.2484504999999977,0 days 07:50:00
182,CLOSED,BTCUSDT,LONG,2024-07-05 15:00:00+00:00,2024-07-05 15:05:00+00:00,56038.0,56066.019,2024-07-06 13:45:00+00:00,57187.33938,57158.74571031,0.00021393012184409488,11.994210275983338,0.11994210275983339,55505.35881,57187.33938,TP,0.24587831360361595,0.011994210275983339,0.012227977434262254,0.0059941080839497445,0.006117047240750496,0.01211115532470024,0.20954497056867014,1.747051000000004,0 days 22:40:00
183,CLOSED,BTCUSDT,LONG,2024-07-07 10:30:00+00:00,2024-07-07 10:35:00+00:00,57886.01,57914.953004999996,2024-07-07 12:40:00+00:00,57335.80347494999,57307.13557321252,0.0002107149410941161,12.203545910917077,0.12203545910917077,57335.80347494999,59073.252065099994,SL,-0.11593673551551098,0.012203545910917078,0.012075469696582002,0.006098723593660384,0.0060407552259028885,0.012139478819563274,-0.1523552299425733,-1.248450499999996,0 days 02:05:00
184,CLOSED,BTCUSDT,LONG,2024-07-07 18:05:00+00:00,2024-07-07 18:10:00+00:00,57354.01,57382.687005,2024-07-07 21:10:00+00:00,56808.86013495,56780.45570488253,0.00021001705414999713,12.051342884001421,0.12051342884001422,56808.86013495,58530.3407451,SL,-0.11449076872806943,0.012051342884001422,0.011924864040433828,0.006022660111944263,0.005965414727580131,0.011988074839524394,-0.15045505049202906,-1.2484504999999908,0 days 03:00:00
185,CLOSED,BTCUSDT,LONG,2024-07-08 08:00:00+00:00,2024-07-08 08:05:00+00:00,55972.0,55999.986,2024-07-08 08:40:00+00:00,57119.98572,57091.42572714,0.00021251859131277533,11.901038138255139,0.11901038138255139,55439.98613999999,57119.98572,TP,0.24396830806158148,0.01190103813825514,0.012132989371569732,0.005947545296478725,0.0060695294505098245,0.01201707474698855,0.20791720580476808,1.7470510000000024,0 days 00:35:00
186,CLOSED,BTCUSDT,LONG,2024-07-08 21:25:00+00:00,2024-07-08 21:30:00+00:00,56603.44,56631.74172,2024-07-09 08:35:00+00:00,57764.3765544,57735.4943661228,0.00021381556114646725,12.1087476345636,0.12108747634563599,56065.4243028,57764.3765544,TP,0.24822630083448127,0.0121087476345636,0.012344747125961245,0.006051348143209305,0.006175461293626449,0.012226809436835753,0.2115459966371207,1.7470510000000083,0 days 11:05:00
187,CLOSED,BTCUSDT,LONG,2024-07-09 18:35:00+00:00,2024-07-09 18:40:00+00:00,58023.02,58052.03150999999,2024-07-10 00:55:00+00:00,57471.51119489999,57442.775439302546,0.00021222482617884783,12.320082296538747,0.12320082296538747,57471.51119489999,59213.07214019999,SL,-0.11704386029845278,0.012320082296538746,0.012190783032836572,0.006156962666935191,0.006098440736785608,0.0122554034037208,-0.1538101290315489,-1.2484504999999952,0 days 06:15:00
188,CLOSED,BTCUSDT,LONG,2024-07-11 07:15:00+00:00,2024-07-11 07:20:00+00:00,58168.01,58197.094005,2024-07-11 12:30:00+00:00,59361.0358851,59331.35536715745,0.00020905555564225387,12.166425823979756,0.12166425823979755,57615.12306495,59361.0358851,TP,0.24940868930517143,0.012166425823979756,0.012403549463289122,0.006080172825576458,0.00620487717022969,0.012285049995806149,0.2125536640220964,1.7470509999999988,0 days 05:10:00
189,CLOSED,BTCUSDT,LONG,2024-07-12 13:10:00+00:00,2024-07-12 13:15:00+00:00,57501.56,57530.31077999999,2024-07-13 09:55:00+00:00,58680.9169956,58651.5765371022,0.00021516948159756069,12.378767146679156,0.12378767146679157,56955.007672199994,58680.9169956,TP,0.2537616333617085,0.012378767146679156,0.012620029318367934,0.006186290428124407,0.00631317124480593,0.012499461672930336,0.21626337522373107,1.7470510000000112,0 days 20:40:00
190,CLOSED,BTCUSDT,LONG,2024-07-15 14:00:00+00:00,2024-07-15 14:05:00+00:00,63010.0,63041.505,2024-07-15 22:10:00+00:00,64302.3351,64270.18393245,0.00019978606910756638,12.59481447457499,0.12594814474574992,62411.089949999994,64302.3351,TP,0.258190549598733,0.012594814474574991,0.012840287408684458,0.006294260107233355,0.0064233553820318996,0.012717615489265255,0.22003783222620832,1.7470510000000095,0 days 08:05:00
191,CLOSED,BTCUSDT,LONG,2024-07-16 11:20:00+00:00,2024-07-16 11:25:00+00:00,63679.99,63711.82999499999,2024-07-16 14:05:00+00:00,63074.71169504999,63043.17433920247,0.0002011342711360302,12.81463248878699,0.1281463248878699,63074.71169504999,64986.066594899996,SL,-0.12174221070057141,0.01281463248878699,0.012680142920817171,0.006404114187298803,0.0063432430819482495,0.012747357269247053,-0.15998434337942266,-1.2484504999999926,0 days 02:40:00
192,CLOSED,BTCUSDT,LONG,2024-07-16 23:25:00+00:00,2024-07-16 23:30:00+00:00,65227.9,65260.51395,2024-07-17 11:35:00+00:00,64607.9088105,64575.60485609475,0.0001939121714490639,12.654807969926427,0.12654807969926427,64607.9088105,66565.724229,SL,-0.12022383783523387,0.012654807969926428,0.01252199576028205,0.006324241864031008,0.006264129945112503,0.01258837180914351,-0.15798901337458585,-1.2484504999999961,0 days 12:05:00
193,CLOSED,BTCUSDT,LONG,2024-07-17 15:35:00+00:00,2024-07-17 15:40:00+00:00,65354.01,65386.687005,2024-07-17 15:50:00+00:00,64732.82013495,64700.45372488253,0.00019112417772104609,12.496976787734035,0.12496976787734035,64732.82013495,66694.4207451,SL,-0.11872440216632896,0.012496976787734034,0.012365821016346767,0.006245365711011078,0.006186003509927834,0.012431369220938912,-0.15601856919134865,-1.2484504999999932,0 days 00:10:00
194,CLOSED,BTCUSDT,LONG,2024-07-18 22:15:00+00:00,2024-07-18 22:20:00+00:00,63952.01,63983.986005,2024-07-19 01:15:00+00:00,63344.14614495,63312.47407187753,0.00019287816923885894,12.341114081249172,0.12341114081249173,63344.14614495,65263.6657251,SL,-0.11724366750851982,0.012341114081249173,0.012211594088966462,0.006167473303971983,0.006108851470217392,0.012276324774189374,-0.15407270045292482,-1.2484504999999928,0 days 02:55:00
195,CLOSED,BTCUSDT,LONG,2024-07-19 06:05:00+00:00,2024-07-19 06:10:00+00:00,64461.29,64493.520645,2024-07-19 07:10:00+00:00,63848.58543855,63816.66114583073,0.00018896774711155045,12.187195299577917,0.12187195299577917,63848.58543855,65783.3910579,SL,-0.11578140062217741,0.012187195299577918,0.012059290684908849,0.006090552373601402,0.00603266167328977,0.012123214046891172,-0.15215110065355536,-1.2484504999999866,0 days 01:00:00
196,CLOSED,BTCUSDT,LONG,2024-07-19 12:40:00+00:00,2024-07-19 12:45:00+00:00,64258.32,64290.44916,2024-07-19 14:10:00+00:00,65576.2581432,65543.4700141284,0.00018720037509885578,12.035196198025917,0.12035196198025917,63647.5446684,65576.2581432,TP,0.24671851476412968,0.012035196198025917,0.012269762171925443,0.006014590803610549,0.006137950060993813,0.012152540864604362,0.21026101552957396,1.7470510000000017,0 days 01:25:00
197,CLOSED,BTCUSDT,LONG,2024-07-19 19:00:00+00:00,2024-07-19 19:05:00+00:00,66932.0,66965.466,2024-07-20 00:35:00+00:00,66295.81134,66262.66343433001,0.00018285913462606125,12.245247162590928,0.12245247162590929,66295.81134,68304.77532,SL,-0.11633290782651347,0.01224524716259093,0.012116733293619538,0.00611956379939583,0.00606139734548068,0.01218096114487651,-0.15287584942760044,-1.248450499999985,0 days 05:30:00
198,CLOSED,BTCUSDT,LONG,2024-07-20 16:00:00+00:00,2024-07-20 16:05:00+00:00,66832.01,66865.42600499999,2024-07-21 18:05:00+00:00,66196.77174494999,66163.67335907753,0.0001808486800844638,12.092524036289628,0.12092524036289629,66196.77174494999,68202.7345251,SL,-0.11488199996495123,0.012092524036289628,0.011965612996528771,0.006043240397944369,0.0059857993979615335,0.012029039795905902,-0.15096917679367552,-1.248450499999979,1 days 02:00:00
199,CLOSED,BTCUSDT,LONG,2024-07-21 20:15:00+00:00,2024-07-21 20:20:00+00:00,67728.0,67761.864,2024-07-22 08:45:00+00:00,67084.24536,67050.70323732,0.00017623047792567203,11.94170567785439,0.1194170567785439,67084.24536,69117.10128,SL,-0.11344918787406881,0.011941705677854391,0.011816377476765309,0.005967868904475204,0.0059111443105371074,0.01187901321501231,-0.1490862842437008,-1.248450499999994,0 days 12:25:00
200,CLOSED,BTCUSDT,LONG,2024-07-22 18:00:00+00:00,2024-07-22 18:05:00+00:00,67570.0,67603.785,2024-07-23 05:00:00+00:00,66927.74715,66894.283276425,0.00017443946860309058,11.792768330957585,0.11792768330957586,66927.74715,68955.8607,SL,-0.11203424586282121,0.011792768330957586,0.011669003227324186,0.005893437446756024,0.0058374203238223355,0.011730857770578359,-0.14722687519168134,-1.2484504999999975,0 days 10:55:00
201,CLOSED,BTCUSDT,LONG,2024-07-24 08:35:00+00:00,2024-07-24 08:40:00+00:00,66357.35,66390.52867500001,2024-07-24 18:50:00+00:00,65726.62338825001,65693.76007655589,0.0001754118963650699,11.645688535561302,0.11645688535561302,65726.62338825001,67718.33924850001,SL,-0.11063695105498209,0.011645688535561301,0.011523467034380588,0.005819934300630833,0.005764615825101977,0.01158455012573281,-0.1453906567506568,-1.2484504999999917,0 days 10:10:00
202,CLOSED,BTCUSDT,LONG,2024-07-26 02:55:00+00:00,2024-07-26 03:00:00+00:00,67014.0,67047.507,2024-07-27 12:00:00+00:00,68388.45714,68354.26291143,0.00017152678211021307,11.500443124221984,0.11500443124221985,66377.03193,68388.45714,TP,0.23575621037260638,0.011500443124221984,0.011724586760713073,0.00574734788816653,0.005865225993351761,0.01161257388151829,0.20091860660615302,1.747051000000014,1 days 09:00:00
203,CLOSED,BTCUSDT,LONG,2024-07-27 13:05:00+00:00,2024-07-27 13:10:00+00:00,68530.0,68564.265,2024-07-27 19:40:00+00:00,67878.62235,67844.68303882501,0.00017065976005050767,11.701161012939421,0.1170116101293942,67878.62235,69935.5503,SL,-0.1111639534512627,0.011701161012939422,0.011578357328108623,0.005847656678130546,0.005792074701404325,0.011639731379534871,-0.14608320317184562,-1.248450499999986,0 days 06:30:00
204,CLOSED,BTCUSDT,LONG,2024-07-28 11:20:00+00:00,2024-07-28 11:25:00+00:00,67762.84,67796.72141999999,2024-07-29 02:15:00+00:00,69152.65584839998,69118.07952047579,0.00017043927058727504,11.555223747033484,0.11555223747033484,67118.75420579998,69152.65584839998,TP,0.2368791994519286,0.011555223747033484,0.011780435057863166,0.005774724511259512,0.005893164110986162,0.011667888622245675,0.20187565202478625,1.7470510000000026,0 days 14:50:00
205,CLOSED,BTCUSDT,LONG,2024-07-29 02:15:00+00:00,2024-07-29 02:20:00+00:00,69130.0,69164.565,2024-07-29 14:45:00+00:00,68472.91935,68438.682890325,0.0001699844092864637,11.756897725080222,0.11756897725080222,68472.91935,70547.8563,SL,-0.1116934661438162,0.011756897725080222,0.011633509083455505,0.005875511106987013,0.005819664373914303,0.011695175480901316,-0.14677904843325323,-1.248450500000005,0 days 12:25:00
206,CLOSED,BTCUSDT,LONG,2024-07-30 07:00:00+00:00,2024-07-30 07:05:00+00:00,66837.54,66870.95876999998,2024-07-30 14:00:00+00:00,66202.24918229999,66169.14805770884,0.00017362193577926755,11.610265309062985,0.11610265309062985,66202.24918229999,68208.37794539999,SL,-0.11030042155186887,0.011610265309062985,0.011488415574644369,0.005802231538760257,0.005747081327986255,0.01154931286674651,-0.14494841530232272,-1.2484504999999944,0 days 06:55:00
207,CLOSED,BTCUSDT,LONG,2024-07-31 13:15:00+00:00,2024-07-31 13:20:00+00:00,66398.15,66431.34907499999,2024-07-31 19:25:00+00:00,65767.03558424998,65734.15206645786,0.0001725911314013512,11.465461697372353,0.11465461697372353,65767.03558424998,67759.97605649999,SL,-0.10892475105799684,0.011465461697372354,0.01134513167685843,0.0057298659157277625,0.005675403540199878,0.01140526945592764,-0.14314061388815527,-1.2484505000000143,0 days 06:05:00
208,CLOSED,BTCUSDT,LONG,2024-08-01 08:30:00+00:00,2024-08-01 08:35:00+00:00,64497.96,64530.208979999996,2024-08-01 15:00:00+00:00,63884.90689019999,63852.9644367549,0.00017545990103037896,11.32246408110047,0.11322464081100471,63884.90689019999,65820.8131596,SL,-0.10756623797187519,0.011322464081100471,0.011203634820569321,0.005658402839130085,0.005604619720143936,0.01126302255927402,-0.141355359432819,-1.248450499999998,0 days 06:25:00
209,CLOSED,BTCUSDT,LONG,2024-08-01 20:30:00+00:00,2024-08-01 20:35:00+00:00,63713.96,63745.816979999996,2024-08-01 21:40:00+00:00,65020.733319599996,64988.2229529402,0.0001754036651427813,11.181249935812941,0.11181249935812941,63108.35881019999,65020.733319599996,TP,0.22921282976863863,0.011181249935812942,0.011399172497061938,0.005587831052379726,0.005702437467263437,0.011290268519643163,0.19534213881612061,1.7470510000000115,0 days 01:05:00
210,CLOSED,BTCUSDT,LONG,2024-08-02 10:50:00+00:00,2024-08-02 10:55:00+00:00,64761.97,64794.350985,2024-08-02 12:30:00+00:00,64146.407475149994,64114.33427141242,0.00017557698710912148,11.376396927637238,0.11376396927637238,64146.407475149994,66090.2380047,SL,-0.108078613490448,0.011376396927637238,0.011257001641881684,0.005685355785924979,0.005631316479179734,0.011316672265104712,-0.14202868432507162,-1.248450499999999,0 days 01:35:00
211,CLOSED,BTCUSDT,LONG,2024-08-02 13:30:00+00:00,2024-08-02 13:35:00+00:00,65084.0,65116.541999999994,2024-08-02 14:10:00+00:00,64465.37658,64433.14389171,0.00017252928034952616,11.234510130109694,0.11234510130109694,64465.37658,66418.87284,SL,-0.10673065345996328,0.011234510130109693,0.011116603946294195,0.005614447841133246,0.005561082514403308,0.011175530355536555,-0.14025729789190372,-1.2484504999999875,0 days 00:35:00
212,CLOSED,BTCUSDT,LONG,2024-08-03 11:45:00+00:00,2024-08-03 11:50:00+00:00,61982.01,62013.001005,2024-08-03 15:30:00+00:00,61392.87099495,61362.17455945253,0.00017890430667117662,11.094392949398504,0.11094392949398504,61392.87099495,63253.2610251,SL,-0.10539950523141796,0.011094392949398504,0.010977957295394568,0.005544424262567292,0.005491724509951328,0.01103614877251862,-0.13850800424872967,-1.2484504999999937,0 days 03:40:00
213,CLOSED,BTCUSDT,LONG,2024-08-04 02:05:00+00:00,2024-08-04 02:10:00+00:00,60940.0,60970.469999999994,2024-08-04 07:35:00+00:00,60360.76529999999,60330.584917349996,0.00017969392912313764,10.956023314784389,0.1095602331478439,60360.76529999999,62189.8794,SL,-0.10408495912746336,0.010956023314784388,0.010841039850095728,0.005475274020380906,0.005423231540817612,0.010898505561198518,-0.13678052785354203,-1.2484504999999977,0 days 05:25:00
214,CLOSED,BTCUSDT,LONG,2024-08-05 16:25:00+00:00,2024-08-05 16:30:00+00:00,55461.76,55489.49088,2024-08-05 16:30:00+00:00,54934.5959712,54907.1286732144,0.00019498069380763472,10.819379430814818,0.10819379430814818,54934.5959712,56599.2806976,SL,-0.10278680808585297,0.010819379430814818,0.010705830043688417,0.005406986222295389,0.005355592818252715,0.010762579040548104,-0.13507459660090432,-1.248450499999996,0 days 00:00:00
215,CLOSED,BTCUSDT,LONG,2024-08-06 00:15:00+00:00,2024-08-06 00:20:00+00:00,55414.37,55442.077185,2024-08-06 08:35:00+00:00,54887.65641315,54860.21258494342,0.0001927135546927445,10.68443977387086,0.1068443977387086,54887.65641315,56550.9187287,SL,-0.10150484762682997,0.01068443977387086,0.010572306578444084,0.005339550111879355,0.005288797688066044,0.010628347799945398,-0.1333899417790903,-1.2484505000000063,0 days 08:15:00
216,CLOSED,BTCUSDT,LONG,2024-08-06 16:10:00+00:00,2024-08-06 16:15:00+00:00,56710.0,56738.354999999996,2024-08-06 21:10:00+00:00,56170.97145,56142.885964275,0.00018596209017298555,10.551183088776865,0.10551183088776865,56170.97145,57873.12209999999,SL,-0.10023887582091416,0.010551183088776865,0.010440448422260154,0.005272955066854248,0.005222835628943472,0.01049579069579772,-0.1317262980277489,-1.2484504999999875,0 days 04:55:00
217,CLOSED,BTCUSDT,LONG,2024-08-07 02:25:00+00:00,2024-08-07 02:30:00+00:00,57192.0,57220.596,2024-08-07 02:45:00+00:00,56648.39004,56620.06584498,0.00018209506915049334,10.419588385452442,0.10419588385452443,56648.39004,58365.00792,SL,-0.09898869325709721,0.010419588385452443,0.01031023480534712,0.005207190597427094,0.005157696250798119,0.010364886848225213,-0.13008340329612197,-1.2484504999999906,0 days 00:15:00
218,CLOSED,BTCUSDT,LONG,2024-08-09 20:10:00+00:00,2024-08-09 20:15:00+00:00,60809.96,60840.36498,2024-08-09 21:05:00+00:00,60231.9613302,60201.8453495349,0.00016912513491641068,10.289634935606166,0.10289634935606166,60231.9613302,62057.1722796,SL,-0.0977541030114308,0.010289634935606166,0.010181645216956981,0.005142246344630657,0.0050933692931246465,0.010235615637755303,-0.12846099880174924,-1.248450499999994,0 days 00:50:00
219,CLOSED,BTCUSDT,LONG,2024-08-10 00:20:00+00:00,2024-08-10 00:25:00+00:00,61175.99,61206.57799499999,2024-08-10 00:40:00+00:00,60594.51221504999,60564.214958942466,0.0001660165067601172,10.161302269470557,0.10161302269470557,60594.51221504999,62430.70955489999,SL,-0.09653491061601124,0.010161302269470558,0.010054659402152463,0.005078112078695002,0.005029844623387447,0.010107956702082449,-0.1268588289897167,-1.248450500000002,0 days 00:15:00
220,CLOSED,BTCUSDT,LONG,2024-08-10 07:10:00+00:00,2024-08-10 07:15:00+00:00,60622.02,60652.331009999994,2024-08-11 15:05:00+00:00,60045.8076999,60015.78479605005,0.00016544409762129825,10.034570172577734,0.10034570172577734,60045.8076999,61865.3776302,SL,-0.0953309240283372,0.010034570172577735,0.009929257358616533,0.005014777697439754,0.004967112235425247,0.009981889932865001,-0.12527664149239648,-1.248450499999989,1 days 07:50:00
221,CLOSED,BTCUSDT,LONG,2024-08-12 14:35:00+00:00,2024-08-12 14:40:00+00:00,60394.74,60424.93736999999,2024-08-12 15:20:00+00:00,59820.68799629999,59790.77765230184,0.00016399551433370966,9.909418682575343,0.09909418682575342,59820.68799629999,61633.43611739999,SL,-0.09414195360107969,0.009909418682575343,0.009805419333501713,0.0049522332246744166,0.004905162247874494,0.009857395472548911,-0.12371418708970565,-1.2484505000000037,0 days 00:40:00
222,CLOSED,BTCUSDT,LONG,2024-08-13 00:50:00+00:00,2024-08-13 00:55:00+00:00,59821.99,59851.900994999996,2024-08-13 03:05:00+00:00,59253.38198504999,59223.75529405747,0.00016350070630003272,9.78582808608213,0.09785828086082131,59253.38198504999,61048.939014899996,SL,-0.09296781205218536,0.009785828086082131,0.0096831258203187,0.00489046880863648,0.004843984902610696,0.009734453711247176,-0.12217121966983337,-1.248450500000006,0 days 02:10:00
223,CLOSED,BTCUSDT,LONG,2024-08-13 13:45:00+00:00,2024-08-13 13:50:00+00:00,59333.21,59362.876605,2024-08-13 16:40:00+00:00,60550.1341371,60519.85907003145,0.00016279162109824106,9.663778915582798,0.09663778915582798,58769.247838949996,60550.1341371,TP,0.19810505303208756,0.009663778915582798,0.009852125966647508,0.0048294747204309435,0.004928527246947082,0.009758001967378025,0.16883114618247924,1.7470510000000086,0 days 02:50:00
224,CLOSED,BTCUSDT,LONG,2024-08-14 10:05:00+00:00,2024-08-14 10:10:00+00:00,61066.26,61096.79313,2024-08-14 13:40:00+00:00,60485.8251987,60455.58228610065,0.00016093220111177347,9.83244139928158,0.0983244139928158,60485.8251987,62318.7289926,SL,-0.09341065017508474,0.009832441399281579,0.00972924992679612,0.004913763817731306,0.0048670584926434135,0.00978082231037472,-0.12275316381153716,-1.2484504999999926,0 days 03:30:00
225,CLOSED,BTCUSDT,LONG,2024-08-17 09:25:00+00:00,2024-08-17 09:30:00+00:00,59353.82,59383.496909999994,2024-08-18 23:40:00+00:00,58789.66194089999,58760.26710992954,0.0001635102574157808,9.709810866003322,0.09709810866003321,58789.66194089999,60571.166848199995,SL,-0.09224562946662979,0.009709810866003322,0.009607906400964617,0.004852479193404089,0.004806356378671666,0.009658835572075756,-0.12122218230567348,-1.2484505000000072,1 days 14:10:00
226,CLOSED,BTCUSDT,LONG,2024-08-19 23:25:00+00:00,2024-08-19 23:30:00+00:00,59346.47,59376.143234999996,2024-08-20 00:30:00+00:00,60563.6660997,60533.38426665015,0.0001614909501081689,9.588709784778874,0.09588709784778875,58782.381802649994,60563.6660997,TP,0.19656615460851026,0.009588709784778875,0.009775593738484217,0.004791958912932123,0.0048902419902369845,0.009682200903169107,0.16751965018207807,1.7470510000000092,0 days 01:00:00
227,CLOSED,BTCUSDT,LONG,2024-08-22 07:55:00+00:00,2024-08-22 08:00:00+00:00,60984.31,61014.802155,2024-08-22 13:45:00+00:00,60404.65413345,60374.45180638328,0.00015989664373374665,9.756062082663071,0.09756062082663071,60404.65413345,62235.0981981,SL,-0.09268502758192121,0.009756062082663072,0.009653672211105524,0.004875593244709167,0.0048292507309173555,0.009704843975626522,-0.12179960585131631,-1.2484504999999877,0 days 05:45:00
228,CLOSED,BTCUSDT,LONG,2024-08-23 21:15:00+00:00,2024-08-23 21:20:00+00:00,63959.98,63991.95999,2024-08-26 09:30:00+00:00,63352.0403901,63320.36436990496,0.00015055616605969316,9.634384154739681,0.09634384154739682,63352.0403901,65271.799189800004,SL,-0.09152905686236956,0.009634384154739682,0.009533271293035689,0.004814784685027299,0.004769020156595475,0.009583804841622773,-0.12028051715176771,-1.2484504999999935,2 days 12:10:00
229,CLOSED,BTCUSDT,LONG,2024-08-29 05:15:00+00:00,2024-08-29 05:20:00+00:00,59335.0,59364.667499999996,2024-08-29 13:55:00+00:00,60551.960849999996,60521.684869575,0.0001602674486123368,9.51422379794471,0.09514223797944711,58771.02082499999,60551.960849999996,TP,0.19503921049060005,0.00951422379794471,0.009699656019766653,0.004754734531705849,0.004852254136950919,0.009606988668656767,0.1662183420042319,1.747051000000009,0 days 08:35:00
230,CLOSED,BTCUSDT,LONG,2024-08-30 07:10:00+00:00,2024-08-30 07:15:00+00:00,59423.0,59452.7115,2024-08-30 14:40:00+00:00,58858.184385,58828.7552928075,0.00016282312182951033,9.68027608765923,0.0968027608765923,58858.184385,60641.76573,SL,-0.09196504169235473,0.00968027608765923,0.009578681590119247,0.004837719184237107,0.004791736663391075,0.009629455847628181,-0.12085345521776139,-1.2484504999999928,0 days 07:25:00
231,CLOSED,BTCUSDT,LONG,2024-08-31 00:20:00+00:00,2024-08-31 00:25:00+00:00,59312.0,59341.655999999995,2024-08-31 17:50:00+00:00,58748.23944,58718.86532028,0.0001610933029095778,9.559543365163965,0.09559543365163965,58748.23944,60528.48912,SL,-0.09081805066055361,0.009559543365163965,0.009459215957546568,0.004777382991085699,0.004731973965756119,0.009509356956841818,-0.11934616694010594,-1.2484504999999957,0 days 17:25:00
232,CLOSED,BTCUSDT,LONG,2024-09-02 05:40:00+00:00,2024-09-02 05:45:00+00:00,57816.01,57844.918005,2024-09-02 20:50:00+00:00,59001.8163651,58972.31545691745,0.0001632004461368215,9.440316425163859,0.0944031642516386,57266.468824949996,59001.8163651,TP,0.19352412781620223,0.00944031642516386,0.009624308192290302,0.004717799312925059,0.0048145613768332905,0.00953236068975835,0.16492714250898974,1.747051000000003,0 days 15:05:00
233,CLOSED,BTCUSDT,LONG,2024-09-03 02:00:00+00:00,2024-09-03 02:05:00+00:00,59463.18,59492.911589999996,2024-09-03 06:25:00+00:00,58897.9824741,58868.53348286295,0.00016144912979695571,9.60507880529272,0.0960507880529272,58897.9824741,60682.7698218,SL,-0.09125064871994779,0.009605078805292721,0.009504273503231174,0.004800139332979189,0.004754514008619602,0.00955465334159879,-0.11991465437007048,-1.2484504999999948,0 days 04:20:00
234,CLOSED,BTCUSDT,LONG,2024-09-03 12:20:00+00:00,2024-09-03 12:25:00+00:00,59244.01,59273.632005,2024-09-03 13:35:00+00:00,58680.895684949995,58651.555237107525,0.0001600253540222073,9.485283945782163,0.09485283945782164,58680.895684949995,60459.1046451,SL,-0.09011256762085007,0.009485283945782163,0.009385735890771178,0.004740271836972186,0.004695215553161513,0.009435487390133699,-0.11841907484753711,-1.2484504999999995,0 days 01:10:00
235,CLOSED,BTCUSDT,LONG,2024-09-04 14:40:00+00:00,2024-09-04 14:45:00+00:00,57089.88,57118.42494,2024-09-04 16:00:00+00:00,58260.7934388,58231.6630420806,0.0001639923226445449,9.3669831717087,0.093669831717087,56547.240690599996,58260.7934388,TP,0.1920208144445235,0.0093669831717087,0.009549545673725304,0.004681151010349138,0.004777161417570819,0.009458312427919956,0.16364597317116958,1.747051000000011,0 days 01:15:00
236,CLOSED,BTCUSDT,LONG,2024-09-06 01:35:00+00:00,2024-09-06 01:40:00+00:00,56462.01,56490.241004999996,2024-09-06 07:20:00+00:00,55925.33859494999,55897.37592565252,0.00016870994870681543,9.530465662389192,0.09530465662389193,55925.33859494999,57620.045825099995,SL,-0.09054180521840152,0.009530465662389192,0.009430443425262417,0.0047628514054908686,0.004717580502881926,0.009480431908372795,-0.11898314621442592,-1.2484504999999972,0 days 05:40:00
237,CLOSED,BTCUSDT,LONG,2024-09-06 12:30:00+00:00,2024-09-06 12:35:00+00:00,56414.0,56442.206999999995,2024-09-06 13:40:00+00:00,55877.784929999994,55849.846037535,0.00016674757917344905,9.4116013804567,0.09411601380456701,55877.784929999994,57571.051139999996,SL,-0.08941256483882247,0.0094116013804567,0.009312826623968807,0.004703448965744623,0.0046587426833256465,0.009362191649070269,-0.11749918449231823,-1.2484504999999964,0 days 01:05:00
238,CLOSED,BTCUSDT,LONG,2024-09-07 00:00:00+00:00,2024-09-07 00:05:00+00:00,53976.02,54003.00800999999,2024-09-08 22:20:00+00:00,55083.06817019999,55055.5266361149,0.00017210559041537125,9.294219577767072,0.09294219577767071,53462.97792989999,55083.06817019999,TP,0.19052917895052673,0.009294219577767071,0.009475363917337753,0.004644787395184853,0.0047400519846605045,0.009384839379845357,0.16237475607557655,1.7470510000000126,1 days 22:15:00
239,CLOSED,BTCUSDT,LONG,2024-09-09 13:50:00+00:00,2024-09-09 13:55:00+00:00,55646.0,55673.823,2024-09-09 14:25:00+00:00,55117.084769999994,55089.526227614995,0.00016985419020531636,9.456432121299116,0.09456432121299116,55117.084769999994,56787.299459999995,SL,-0.08983846807890966,0.009456432121299116,0.009357186866186081,0.004725853134081953,0.004680933900042871,0.009406787034124824,-0.11805887410051968,-1.2484505000000028,0 days 00:30:00
240,CLOSED,BTCUSDT,LONG,2024-09-11 13:00:00+00:00,2024-09-11 13:05:00+00:00,57012.0,57040.505999999994,2024-09-11 13:30:00+00:00,56470.10094,56441.86588953,0.0001637168363852131,9.338491188131766,0.09338491188131766,56470.10094,58181.316119999996,SL,-0.08871799974332133,0.009338491188131766,0.009240483723112322,0.004666912137995894,0.00462255313812415,0.009289465276120044,-0.11658643993068546,-1.2484504999999837,0 days 00:25:00
241,CLOSED,BTCUSDT,LONG,2024-09-12 01:55:00+00:00,2024-09-12 02:00:00+00:00,58137.74,58166.80886999999,2024-09-12 12:50:00+00:00,57585.14078129999,57556.348210909346,0.00015854438978734099,9.222021218171042,0.09222021218171042,57585.14078129999,59330.145047399994,SL,-0.08761150592575422,0.009222021218171042,0.009125236105486337,0.004608706255956832,0.0045649005029937085,0.00917360675895054,-0.11513237000836214,-1.2484504999999966,0 days 10:50:00
242,CLOSED,BTCUSDT,LONG,2024-09-13 07:50:00+00:00,2024-09-13 07:55:00+00:00,58061.93,58090.960965,2024-09-13 15:30:00+00:00,59252.7801843,59223.15379420785,0.0001567714445454317,9.107003865515335,0.09107003865515335,57510.05135535,59252.7801843,TP,0.18669130362990422,0.009107003865515335,0.00928449937085423,0.004551226319597572,0.00464457197141245,0.009195798291010021,0.15910400210252462,1.7470510000000032,0 days 07:35:00
243,CLOSED,BTCUSDT,LONG,2024-09-13 21:10:00+00:00,2024-09-13 21:15:00+00:00,60084.01,60114.052005,2024-09-14 18:05:00+00:00,59512.91148495,59483.155029207526,0.0001541394834237778,9.265948922560815,0.09265948922560815,59512.91148495,61316.3330451,SL,-0.08802883009389445,0.009265948922560815,0.00916870278861854,0.004630659131713887,0.004586644716666876,0.009217303848380763,-0.11568078565345458,-1.2484504999999941,0 days 20:50:00
244,CLOSED,BTCUSDT,LONG,2024-09-14 20:25:00+00:00,2024-09-14 20:30:00+00:00,60004.5,60034.50225,2024-09-15 22:05:00+00:00,59434.1572275,59404.44014888625,0.00015241874853935003,9.150383702127794,0.09150383702127794,59434.1572275,61235.192295,SL,-0.08693093162291324,0.009150383702127793,0.009054350425173963,0.004572905398364369,0.00452943993255331,0.00910234533091768,-0.11423801108113268,-1.248450499999997,1 days 01:35:00
245,CLOSED,BTCUSDT,LONG,2024-09-16 07:30:00+00:00,2024-09-16 07:35:00+00:00,58921.07,58950.530535,2024-09-16 13:30:00+00:00,58361.02522965,58331.84471703517,0.000153285470595873,9.036259814933855,0.09036259814933854,58361.02522965,60129.5411457,SL,-0.08584672617785785,0.009036259814933854,0.008941424268176125,0.004515871971480933,0.004472948608392212,0.008988820579873144,-0.11281323084084097,-1.2484505000000021,0 days 05:55:00
246,CLOSED,BTCUSDT,LONG,2024-09-16 23:15:00+00:00,2024-09-16 23:20:00+00:00,58183.99,58213.08199499999,2024-09-17 00:55:00+00:00,57630.951175049995,57602.13569946247,0.00015329130461413782,8.923559284623325,0.08923559284623325,57630.951175049995,59377.3436349,SL,-0.08477604297885574,0.008923559284623326,0.008829906529931205,0.004459549867377242,0.0044171618458881,0.008876711713265342,-0.1114062205066756,-1.248450499999992,0 days 01:35:00
247,CLOSED,BTCUSDT,LONG,2024-09-17 09:05:00+00:00,2024-09-17 09:10:00+00:00,58914.01,58943.467005,2024-09-17 14:20:00+00:00,60122.3363451,60092.27517692745,0.00014950366523731483,8.812264359042231,0.08812264359042231,58354.032334949996,60122.3363451,TP,0.18064921739525777,0.008812264359042232,0.008984015391399964,0.004403930214413396,0.004494254823111466,0.008898185037524861,0.15395475260729072,1.7470509999999981,0 days 05:10:00
248,CLOSED,BTCUSDT,LONG,2024-09-18 02:55:00+00:00,2024-09-18 03:00:00+00:00,60352.0,60382.176,2024-09-18 09:50:00+00:00,59778.35424,59748.46506288,0.0001484886088023371,8.966065310697868,0.08966065310697868,59778.35424,61589.81952,SL,-0.08517986084775928,0.008966065310697867,0.008871966455262096,0.004480792259219247,0.004438202328795394,0.00891899458801464,-0.11193688720173388,-1.2484504999999977,0 days 06:50:00
249,CLOSED,BTCUSDT,LONG,2024-09-18 17:50:00+00:00,2024-09-18 17:55:00+00:00,60100.0,60130.049999999996,2024-09-18 20:10:00+00:00,59528.7495,59498.98512525,0.00014725150317617026,8.854240248558275,0.08854240248558275,59528.7495,61332.651,SL,-0.08411749481513914,0.008854240248558276,0.008761314997149657,0.0044249076704432734,0.004382848923035895,0.008807756593479169,-0.11054080665432624,-1.248450499999991,0 days 02:15:00
250,CLOSED,BTCUSDT,LONG,2024-09-19 09:35:00+00:00,2024-09-19 09:40:00+00:00,62239.08,62270.19954,2024-09-19 16:50:00+00:00,63515.6035308,63483.845729034605,0.00014041724511680003,8.743809872280229,0.0874380987228023,61647.4975446,63515.6035308,TP,0.17924591752170627,0.008743809872280229,0.008914226726690972,0.004369720076102019,0.004459343034862089,0.008829063110964108,0.15275881781177095,1.7470510000000055,0 days 07:10:00
251,CLOSED,BTCUSDT,LONG,2024-09-19 16:50:00+00:00,2024-09-19 16:55:00+00:00,63653.81,63685.63690499999,2024-09-19 20:50:00+00:00,63048.78053594999,63017.25614568202,0.00013969266095510994,8.896416083880402,0.08896416083880401,63048.78053594999,64959.349643099995,SL,-0.0845181757893895,0.008896416083880402,0.008803048197080077,0.004445985049414717,0.004403725961520407,0.008849711010935124,-0.11106735108128511,-1.248450499999998,0 days 03:55:00
252,CLOSED,BTCUSDT,LONG,2024-09-20 03:00:00+00:00,2024-09-20 03:05:00+00:00,63255.24,63286.86762,2024-09-20 14:10:00+00:00,62653.9989438,62622.6719443281,0.00013881963224890927,8.785459689193804,0.08785459689193804,62653.9989438,64552.6049724,SL,-0.08346406231462986,0.008785459689193803,0.008693256289755716,0.004390534577308151,0.004348802546150092,0.008739337123458243,-0.10968211541703762,-1.2484504999999901,0 days 11:05:00
253,CLOSED,BTCUSDT,LONG,2024-09-20 21:05:00+00:00,2024-09-20 21:10:00+00:00,63200.0,63231.6,2024-09-22 10:40:00+00:00,62599.284,62567.984358,0.00013720809130750514,8.675887146319642,0.08675887146319643,62599.284,64496.231999999996,SL,-0.0824230957778793,0.008675887146319642,0.008584833710719018,0.004335775685316963,0.004294564137427966,0.008630339822744929,-0.1083141564576629,-1.2484504999999952,1 days 13:30:00
254,CLOSED,BTCUSDT,LONG,2024-09-22 17:05:00+00:00,2024-09-22 17:10:00+00:00,62865.98,62897.41299,2024-09-23 03:05:00+00:00,64155.3612498,64123.2835691751,0.00013621675023700347,8.567681195812488,0.08567681195812489,62268.438860099996,64155.3612498,TP,0.17563532366428158,0.008567681195812488,0.008734665302318874,0.004281699748031394,0.004369517409864064,0.008651217157895458,0.14968176000825476,1.7470510000000083,0 days 09:55:00
255,CLOSED,BTCUSDT,LONG,2024-09-23 03:05:00+00:00,2024-09-23 03:10:00+00:00,64180.0,64212.09,2024-09-23 06:25:00+00:00,63569.969099999995,63538.18411545,0.00013575657518067024,8.717213423592963,0.08717213423592962,63569.969099999995,65496.3318,SL,-0.08281570573838264,0.008717213423592962,0.008625726268712356,0.004356428497547234,0.004315020644677836,0.00867144914222507,-0.10883009457291304,-1.2484504999999952,0 days 03:15:00
256,CLOSED,BTCUSDT,LONG,2024-09-24 07:05:00+00:00,2024-09-24 07:10:00+00:00,63409.28,63440.984639999995,2024-09-24 14:25:00+00:00,62806.5747936,62775.1715062032,0.00013569291364632342,8.60849205039325,0.0860849205039325,62806.5747936,64709.8043328,SL,-0.08178282552622497,0.008608492050393251,0.008518145926324374,0.004302094977707268,0.004261203564944028,0.008563298542651296,-0.10747276204559389,-1.2484504999999897,0 days 07:15:00
257,CLOSED,BTCUSDT,LONG,2024-09-24 19:45:00+00:00,2024-09-24 19:50:00+00:00,64056.01,64088.038004999995,2024-09-25 10:00:00+00:00,63447.15762494999,63415.43404613752,0.00013264763469715,8.501126653744306,0.08501126653744306,63447.15762494999,65369.79876509999,SL,-0.08076282743012589,0.008501126653744306,0.008411907329513258,0.004248439107317545,0.004208057693603358,0.008456496800920903,-0.10613235821430435,-1.2484505000000035,0 days 14:10:00
258,CLOSED,BTCUSDT,LONG,2024-09-26 07:20:00+00:00,2024-09-26 07:25:00+00:00,63831.98,63863.89599,2024-09-26 14:20:00+00:00,65141.173909799996,65108.6033228451,0.00013145299377251296,8.395100321861884,0.08395100321861884,63225.257030099994,65141.173909799996,TP,0.17209745887195038,0.008395100321861883,0.008558720827134974,0.0041954524347128045,0.00428150116414934,0.008476953598862145,0.14666668412409137,1.7470510000000012,0 days 06:55:00
259,CLOSED,BTCUSDT,LONG,2024-09-26 15:30:00+00:00,2024-09-26 15:35:00+00:00,65399.52,65432.21975999999,2024-09-26 19:55:00+00:00,64777.897562399994,64745.5086136188,0.0001305415056550424,8.541620485822017,0.08541620485822017,64777.897562399994,66740.86415519999,SL,-0.08114752895326201,0.008541620485822018,0.008451976178823315,0.004268675904957991,0.004228102140481578,0.008496778045439569,-0.10663790366334691,-1.2484504999999944,0 days 04:20:00
260,CLOSED,BTCUSDT,LONG,2024-09-27 06:15:00+00:00,2024-09-27 06:20:00+00:00,65516.01,65548.768005,2024-09-30 01:45:00+00:00,64893.28032495001,64860.83368478753,0.0001286841747031392,8.435089113530962,0.08435089113530962,64893.28032495001,66859.7433651,SL,-0.08013545429696271,0.008435089113530962,0.008346562853284454,0.004215436838346734,0.0041753691111977055,0.00839080594954444,-0.10530791221332257,-1.2484504999999966,2 days 19:25:00
261,CLOSED,BTCUSDT,LONG,2024-10-01 03:40:00+00:00,2024-10-01 03:45:00+00:00,63737.19,63769.058595,2024-10-01 13:30:00+00:00,63131.36800905,63099.80232504548,0.0001306258330851425,8.329886404027143,0.08329886404027143,63131.36800905,65044.4397669,SL,-0.07913600226914393,0.008329886404027143,0.008242464246216878,0.004162861771127996,0.004123293769992707,0.008286155541120704,-0.10399450846050864,-1.2484504999999972,0 days 09:45:00
262,CLOSED,BTCUSDT,LONG,2024-10-02 02:35:00+00:00,2024-10-02 02:40:00+00:00,61652.69,61683.516345,2024-10-02 11:05:00+00:00,61066.68118155,61036.147840959224,0.00013335808776166288,8.225995786184477,0.08225995786184477,61066.68118155,62917.186671899995,SL,-0.0781490154399642,0.008225995786184477,0.00813966396040847,0.004110942421880502,0.00407186791416107,0.008182810336041572,-0.10269748552259872,-1.2484504999999961,0 days 08:25:00
263,CLOSED,BTCUSDT,LONG,2024-10-02 16:05:00+00:00,2024-10-02 16:10:00+00:00,62208.01,62239.114004999996,2024-10-02 17:00:00+00:00,61616.722864949996,61585.914503517524,0.0001305192245329828,8.123400895552509,0.08123400895552509,61616.722864949996,63483.896285099996,SL,-0.07717433834305591,0.008123400895552508,0.008038145803153686,0.004059670612469208,0.004021083443298027,0.008080754055767234,-0.10141663909752935,-1.2484504999999948,0 days 00:50:00
264,CLOSED,BTCUSDT,LONG,2024-10-03 00:35:00+00:00,2024-10-03 00:40:00+00:00,61089.56,61120.104779999994,2024-10-03 08:15:00+00:00,60508.90373219999,60478.6492803339,0.00013125117505367528,8.022085571778755,0.08022085571778755,60508.90373219999,62342.5068756,SL,-0.07621181745103216,0.008022085571778755,0.007937893783702937,0.004009038266755545,0.003970932358029738,0.007979970624785282,-0.10015176743129914,-1.2484504999999928,0 days 07:35:00
265,CLOSED,BTCUSDT,LONG,2024-10-03 19:30:00+00:00,2024-10-03 19:35:00+00:00,60904.79,60935.242395,2024-10-04 16:30:00+00:00,62153.9472429,62122.87026927855,0.00013000742336774897,7.9220338560631705,0.07922033856063171,60325.88997105,62153.9472429,TP,0.16239971453059043,0.00792203385606317,0.008076434295917843,0.003959037409326955,0.004040237266592181,0.007999274675919136,0.1384019717026903,1.7470510000000015,0 days 20:55:00
266,CLOSED,BTCUSDT,LONG,2024-10-05 13:10:00+00:00,2024-10-05 13:15:00+00:00,62340.0,62371.17,2024-10-05 20:05:00+00:00,61747.4583,61716.58457085,0.00012923114259453316,8.06029756405787,0.0806029756405787,61747.4583,63618.5934,SL,-0.07657484092590729,0.008060297564057869,0.007975704741123081,0.0040281347146713725,0.003989847294208664,0.008017982008880035,-0.10062882523996827,-1.2484504999999997,0 days 06:50:00
267,CLOSED,BTCUSDT,LONG,2024-10-06 01:25:00+00:00,2024-10-06 01:30:00+00:00,62116.0,62147.058,2024-10-07 00:45:00+00:00,63389.99916,63358.304160420004,0.00012807958290020493,7.959769267114844,0.07959769267114844,61525.587419999996,63389.99916,TP,0.16317328102801137,0.007959769267114844,0.008114905170130913,0.003977895685714214,0.004059482326227938,0.008037378011942152,0.13906122857882347,1.7470510000000115,0 days 23:15:00
268,CLOSED,BTCUSDT,LONG,2024-10-07 14:00:00+00:00,2024-10-07 14:05:00+00:00,63620.0,63651.81,2024-10-07 18:45:00+00:00,63015.2919,62983.78425405,0.00012723426990351717,8.098691573387393,0.08098691573387394,63015.2919,64924.8462,SL,-0.0769395936082435,0.008098691573387393,0.008013695805324692,0.004047322125630585,0.004008852328826483,0.008056174454457068,-0.10110815544141266,-1.2484504999999984,0 days 04:40:00
269,CLOSED,BTCUSDT,LONG,2024-10-08 11:40:00+00:00,2024-10-08 11:45:00+00:00,62600.0,62631.299999999996,2024-10-08 15:30:00+00:00,62004.986999999994,61973.9845065,0.00012769468979718248,7.997684425094275,0.07997684425094274,62004.986999999994,63883.926,SL,-0.07598000046029174,0.007997684425094275,0.007913748727052911,0.0039968437906512545,0.003958853790421218,0.007955697581072473,-0.09984713119351141,-1.2484504999999977,0 days 03:45:00
270,CLOSED,BTCUSDT,LONG,2024-10-09 05:40:00+00:00,2024-10-09 05:45:00+00:00,62504.49,62535.742244999994,2024-10-09 12:35:00+00:00,61910.38482255,61879.42963013872,0.0001262947677240698,7.897937041284574,0.07897937041284574,61910.38482255,63786.457089899995,SL,-0.07503237538971516,0.007897937041284574,0.007815048192036293,0.003946995023130222,0.003909478835435835,0.007856473858566058,-0.09860183448160209,-1.2484504999999952,0 days 06:50:00
271,CLOSED,BTCUSDT,LONG,2024-10-10 05:50:00+00:00,2024-10-10 05:55:00+00:00,61018.0,61048.509,2024-10-10 16:50:00+00:00,60438.023909999996,60407.804898045,0.00012775797210926352,7.799433710134123,0.07799433710134122,60438.023909999996,62269.47918,SL,-0.07409656913026019,0.007799433710134123,0.007717578653346265,0.0038977679710812904,0.003860719686516338,0.007758487657597629,-0.09737206915133821,-1.2484505000000028,0 days 10:55:00
272,CLOSED,BTCUSDT,LONG,2024-10-12 15:10:00+00:00,2024-10-12 15:15:00+00:00,63433.43,63465.146714999995,2024-10-13 01:15:00+00:00,62830.49524785,62799.08000022607,0.00012136045238128687,7.702158915777142,0.07702158915777142,62830.49524785,64734.4496493,SL,-0.07317243427732334,0.007702158915777142,0.007621324757956061,0.0038491548804477425,0.0038125686633096972,0.00766172354375744,-0.09615764149481397,-1.2484504999999955,0 days 10:00:00
273,CLOSED,BTCUSDT,LONG,2024-10-14 13:45:00+00:00,2024-10-14 13:50:00+00:00,65222.0,65254.611,2024-10-15 13:45:00+00:00,66559.70322,66526.42336839,0.00011656030461758854,7.606097335862244,0.07606097335862244,64602.064889999994,66559.70322,TP,0.15592309481112857,0.007606097335862244,0.007754340172938199,0.0038011480938838476,0.003879109641289868,0.0076802577351737155,0.13288239956715442,1.7470509999999964,0 days 23:55:00
274,CLOSED,BTCUSDT,LONG,2024-10-15 23:40:00+00:00,2024-10-15 23:45:00+00:00,67025.0,67058.5125,2024-10-16 11:45:00+00:00,68399.68274999999,68365.482908625,0.00011540439382366978,7.738846985779483,0.07738846985779482,66387.927375,68399.68274999999,TP,0.15864442946360455,0.007738846985779483,0.007889677113532325,0.003867489748015398,0.003946811962747196,0.007814301710762594,0.13520160365353015,1.7470509999999981,0 days 12:00:00
275,CLOSED,BTCUSDT,LONG,2024-10-17 15:35:00+00:00,2024-10-17 15:40:00+00:00,67526.0,67559.76299999999,2024-10-17 18:10:00+00:00,66884.16536999999,66850.72328731499,0.00011654738224726896,7.873913522895897,0.07873913522895898,66884.16536999999,68910.95826,SL,-0.07480414596214585,0.007873913522895898,0.007791276800473105,0.003934989266813579,0.0038975871938330526,0.007832576460646631,-0.0983019127461615,-1.2484505000000006,0 days 02:30:00
276,CLOSED,BTCUSDT,LONG,2024-10-17 22:10:00+00:00,2024-10-17 22:15:00+00:00,67334.0,67367.667,2024-10-18 15:30:00+00:00,68715.02034,68680.66282983,0.00011542198446413133,7.775709813858773,0.07775709813858774,66693.99033,68715.02034,TP,0.1594001082281297,0.007775709813858773,0.00792725839813088,0.0038859119509540574,0.003965612005067641,0.007851523956021698,0.13584561606011833,1.7470510000000063,0 days 17:15:00
277,CLOSED,BTCUSDT,LONG,2024-10-18 15:30:00+00:00,2024-10-18 15:35:00+00:00,68680.0,68714.34,2024-10-19 17:00:00+00:00,68027.1966,67993.1830017,0.0001151349153613749,7.911419720012737,0.07911419720012737,68027.1966,70088.6268,SL,-0.07516046420661826,0.007911419720012736,0.007828389370051205,0.003953732993509212,0.003916152761405469,0.007869885754914681,-0.09877015905159688,-1.2484504999999906,1 days 01:25:00
278,CLOSED,BTCUSDT,LONG,2024-10-19 20:35:00+00:00,2024-10-19 20:40:00+00:00,68259.97,68294.099985,2024-10-21 13:40:00+00:00,67611.15898514999,67577.35340565741,0.00011439858251539569,7.812748232448705,0.07812748232448705,67611.15898514999,69659.98198469999,SL,-0.0742230604192168,0.007812748232448706,0.007730753439749155,0.0039044219052708365,0.0038673103750620987,0.007771732280332936,-0.0975382943717476,-1.2484505000000075,1 days 17:00:00
279,CLOSED,BTCUSDT,LONG,2024-10-21 19:45:00+00:00,2024-10-21 19:50:00+00:00,67760.53,67794.410265,2024-10-22 00:25:00+00:00,67116.46616235,67082.90792926883,0.00011380447663416925,7.7153073789304765,0.07715307378930476,67116.46616235,69150.2984703,SL,-0.07329734796275271,0.007715307378930477,0.007634335227988602,0.0038557258265519375,0.003819077152570468,0.007674802979122406,-0.0963217935487942,-1.248450499999997,0 days 04:35:00
280,CLOSED,BTCUSDT,LONG,2024-10-22 06:00:00+00:00,2024-10-22 06:05:00+00:00,67710.48,67744.33523999999,2024-10-22 08:25:00+00:00,67066.89188759998,67033.35844165618,0.0001124681758844825,7.619081810949664,0.07619081810949664,67066.89188759998,69099.22194479998,SL,-0.07238318102256701,0.007619081810949665,0.007539119547343747,0.003807637086930227,0.0037714454964202847,0.007579082583350511,-0.09512046496421094,-1.2484505000000106,0 days 02:20:00
281,CLOSED,BTCUSDT,LONG,2024-10-23 19:40:00+00:00,2024-10-23 19:45:00+00:00,66475.61,66508.847805,2024-10-24 13:40:00+00:00,67839.0247611,67805.10524871945,0.00011312865310018701,7.5240563714249795,0.0752405637142498,65843.75932694999,67839.0247611,TP,0.15424127554015551,0.00752405637142498,0.007670700230104054,0.003760148111656325,0.003837268749425637,0.007597416861081962,0.13144910207754454,1.7470510000000097,0 days 17:55:00
282,CLOSED,BTCUSDT,LONG,2024-10-24 19:25:00+00:00,2024-10-24 19:30:00+00:00,68094.0,68128.04699999999,2024-10-25 07:10:00+00:00,67446.76653,67413.043146735,0.00011236743885698401,7.655374155718232,0.07655374155718232,67446.76653,69490.60793999999,SL,-0.07272796736641933,0.007655374155718232,0.007575031003953971,0.003825774190762767,0.0037894102070799053,0.0076151843978426725,-0.09557355692393421,-1.248450499999989,0 days 11:40:00
283,CLOSED,BTCUSDT,LONG,2024-10-25 11:05:00+00:00,2024-10-25 11:10:00+00:00,67953.91,67987.886955,2024-10-25 17:40:00+00:00,67308.00808545,67274.35408140728,0.00011119474976295277,7.559896076873145,0.07559896076873146,67308.00808545,69347.64469409999,SL,-0.07182090175980002,0.007559896076873146,0.007480554967546362,0.0037780590089311053,0.003742148558051737,0.007520207566982842,-0.09438156037120236,-1.2484504999999892,0 days 06:30:00
284,CLOSED,BTCUSDT,LONG,2024-10-26 05:00:00+00:00,2024-10-26 05:05:00+00:00,67074.99,67108.527495,2024-10-28 07:10:00+00:00,68450.6980449,68416.47269587756,0.00011124679802177563,7.465608803775042,0.07465608803775042,66437.44222005,68450.6980449,TP,0.15304311500792117,0.007465608803775042,0.007611113519360617,0.00373093893242096,0.0038074604899240843,0.007538399422345044,0.13042799326244048,1.7470510000000075,2 days 02:05:00
285,CLOSED,BTCUSDT,LONG,2024-10-28 12:25:00+00:00,2024-10-28 12:30:00+00:00,68923.07,68957.531535,2024-10-29 01:55:00+00:00,70336.6821657,70301.51382461716,0.00011015339920464737,7.595906499341915,0.07595906499341915,68267.95621965,70336.6821657,TP,0.15571418520889704,0.0075959064993419145,0.007743950717014089,0.0037960552220593666,0.0038739123146633767,0.007669967536722743,0.13270436045581832,1.7470510000000055,0 days 13:25:00
286,CLOSED,BTCUSDT,LONG,2024-10-29 13:50:00+00:00,2024-10-29 13:55:00+00:00,71648.98,71684.80449,2024-10-29 18:50:00+00:00,73118.50057979999,73081.9413295101,0.00010781194624151044,7.7284782880090654,0.07728478288009065,70967.95644509999,73118.50057979999,TP,0.15843187375019033,0.007728478288009066,0.007879106329842362,0.003862307990009427,0.003941523926884021,0.007803831916893447,0.13502045721544545,1.7470510000000026,0 days 04:55:00
287,CLOSED,BTCUSDT,LONG,2024-10-29 18:50:00+00:00,2024-10-29 18:55:00+00:00,73238.94,73275.55947,2024-10-29 19:55:00+00:00,72542.80387529999,72506.53247336234,0.00010731223229857749,7.8633638596528685,0.0786336385965287,72542.80387529999,74741.0706594,SL,-0.0747039215252397,0.007863363859652868,0.007780837855945812,0.0039297170712897745,0.003892365110527476,0.00782208218181725,-0.09817020542265563,-1.248450500000001,0 days 01:00:00
288,CLOSED,BTCUSDT,LONG,2024-10-30 20:45:00+00:00,2024-10-30 20:50:00+00:00,72716.01,72752.368005,2024-10-31 12:50:00+00:00,72024.84432495,71988.83190278753,0.00010673593092983344,7.765291726363504,0.07765291726363505,72024.84432495,74207.4153651,SL,-0.07377221175320818,0.007765291726363504,0.0076837949896953195,0.003880705510426738,0.003843819404549606,0.007724524914976345,-0.09694582338424335,-1.2484504999999941,0 days 16:00:00
289,CLOSED,BTCUSDT,LONG,2024-11-01 12:35:00+00:00,2024-11-01 12:40:00+00:00,70442.02,70477.24101,2024-11-01 15:40:00+00:00,69772.46859989999,69737.58236560004,0.00010880736308712194,7.66844275195367,0.0766844275195367,69772.46859989999,71886.7858302,SL,-0.07285212229617286,0.00766844275195367,0.007587962445271916,0.003832305223364482,0.0037958791622169728,0.007628184385581455,-0.09573671187897989,-1.248450500000007,0 days 03:00:00
290,CLOSED,BTCUSDT,LONG,2024-11-02 00:10:00+00:00,2024-11-02 00:15:00+00:00,69632.0,69666.81599999999,2024-11-03 02:00:00+00:00,68970.14783999999,68935.66276608,0.00010870026959672592,7.572801681145498,0.07572801681145498,68970.14783999999,71060.15232,SL,-0.07194350822517641,0.007572801681145498,0.0074933251275018774,0.0037845085862786986,0.0037485368321659458,0.007533045418444644,-0.09454268045226842,-1.2484504999999875,1 days 01:45:00
291,CLOSED,BTCUSDT,LONG,2024-11-04 02:35:00+00:00,2024-11-04 02:40:00+00:00,69228.0,69262.614,2024-11-04 08:25:00+00:00,68569.98786,68535.70286607,0.0001079709964299853,7.47835344892545,0.0747835344892545,68569.98786,70647.86628,SL,-0.07104622641882766,0.00747835344892545,0.0073998681294789774,0.003737308070427662,0.003701784957217255,0.007439093027644917,-0.093363541024877,-1.2484504999999997,0 days 05:45:00
292,CLOSED,BTCUSDT,LONG,2024-11-04 13:05:00+00:00,2024-11-04 13:10:00+00:00,69189.18,69223.77458999999,2024-11-04 14:00:00+00:00,68531.53684409999,68497.27107567794,0.00010668420238439543,7.385083178171328,0.07385083178171328,68531.53684409999,70608.25008179998,SL,-0.07016013554074862,0.007385083178171328,0.007307576730216421,0.003690696240964471,0.0036556161731944536,0.007346312414158925,-0.0921991078632953,-1.2484504999999926,0 days 00:50:00
293,CLOSED,BTCUSDT,LONG,2024-11-05 05:45:00+00:00,2024-11-05 05:50:00+00:00,68588.01,68622.304005,2024-11-05 14:40:00+00:00,69994.7500851,69959.75271005745,0.00010627705209049103,7.292976177308896,0.07292976177308896,67936.08096495,69994.7500851,TP,0.1495041893019543,0.007292976177308896,0.007435116283004647,0.003644665755776919,0.0037194178504266376,0.0073640836062035565,0.12741201323543722,1.747051000000005,0 days 08:50:00
294,CLOSED,BTCUSDT,LONG,2024-11-06 00:20:00+00:00,2024-11-06 00:25:00+00:00,70100.0,70135.05,2024-11-06 02:15:00+00:00,71537.751,71501.9821245,0.00010579960955065729,7.420260905815827,0.07420260905815827,69433.6995,71537.751,TP,0.15211349443106748,0.0074202609058158266,0.007564881790870177,0.0037082763147508455,0.0037843330619658708,0.007492609376716716,0.12963574235766476,1.747051000000004,0 days 01:50:00
295,CLOSED,BTCUSDT,LONG,2024-11-06 12:00:00+00:00,2024-11-06 12:05:00+00:00,74484.36,74521.60218,2024-11-06 13:15:00+00:00,73776.3861582,73739.4979651209,0.00010130978026615169,7.54976714193737,0.0754976714193737,73776.3861582,76012.0342236,SL,-0.07172467434694176,0.0075497671419373705,0.007470532335782738,0.0037729970724325805,0.003737134735258573,0.007510131807691153,-0.09425510563235301,-1.2484505000000026,0 days 01:10:00
296,CLOSED,BTCUSDT,LONG,2024-11-06 18:05:00+00:00,2024-11-06 18:10:00+00:00,74859.99,74897.419995,2024-11-06 20:55:00+00:00,76395.36839490001,76357.17071070257,9.95442326017028e-05,7.455606197249707,0.07455606197249708,74148.44579505001,76395.36839490001,TP,0.15283806407355532,0.007455606197249707,0.007600915962034106,0.003725940128560433,0.003802359160596278,0.007528299289156711,0.13025324262511478,1.7470510000000241,0 days 02:45:00
297,CLOSED,BTCUSDT,LONG,2024-11-07 20:15:00+00:00,2024-11-07 20:20:00+00:00,76727.27,76765.633635,2024-11-07 21:50:00+00:00,75997.97729865,75959.97831000068,9.881673553068583e-05,7.585729316755317,0.07585729316755317,75997.97729865,78300.94630770001,SL,-0.07206632399376252,0.007585729316755317,0.0075061170875759696,0.003790969173790913,0.003754936011794144,0.007545905185585057,-0.09470407558367885,-1.2484505000000068,0 days 01:30:00
298,CLOSED,BTCUSDT,LONG,2024-11-08 07:50:00+00:00,2024-11-08 07:55:00+00:00,76218.43,76256.53921499998,2024-11-10 04:30:00+00:00,77781.66999929998,77742.77916430033,9.82357700434984e-05,7.491119850637757,0.07491119850637758,75493.97382284998,77781.66999929998,TP,0.15356608509403197,0.007491119850637757,0.007637121776526686,0.0037436880812772074,0.003820471123825167,0.007564159205102374,0.13087368426176518,1.7470509999999964,1 days 20:35:00
299,CLOSED,BTCUSDT,LONG,2024-11-11 03:50:00+00:00,2024-11-11 03:55:00+00:00,81732.0,81772.866,2024-11-11 05:25:00+00:00,80955.13734,80914.65977133,9.320772482106966e-05,7.621862791958203,0.07621862791958203,80955.13734,83408.32332,SL,-0.0724096010370441,0.007621862791958203,0.007541871341956602,0.003809026882537323,0.0037728220820194363,0.0075818489645567595,-0.09515518413551566,-1.2484504999999935,0 days 01:30:00
300,CLOSED,BTCUSDT,LONG,2024-11-11 09:45:00+00:00,2024-11-11 09:50:00+00:00,81661.18,81702.01058999999,2024-11-11 15:20:00+00:00,83336.0508018,83294.3827763991,9.212506049230508e-05,7.5268026679467,0.075268026679467,80884.9904841,83336.0508018,TP,0.15429757393262084,0.0075268026679467,0.007673500051944982,0.0037615205736863003,0.003838669360652543,0.007600189934338843,0.13149708127839033,1.747051000000011,0 days 05:30:00
301,CLOSED,BTCUSDT,LONG,2024-11-11 18:35:00+00:00,2024-11-11 18:40:00+00:00,85084.0,85126.542,2024-11-11 20:10:00+00:00,86829.07284000001,86785.65830358001,8.996216930213761e-05,7.658168383509528,0.07658168383509528,84275.27658,86829.07284000001,TP,0.1569905382766428,0.007658168383509528,0.007807426085304129,0.003827170606451653,0.0039056658755893163,0.0077328364820409695,0.1337921073257882,1.747051000000015,0 days 01:30:00
302,CLOSED,BTCUSDT,LONG,2024-11-12 18:25:00+00:00,2024-11-12 18:30:00+00:00,88360.0,88404.18,2024-11-12 23:20:00+00:00,87520.13819999999,87476.37813089999,8.81386698274498e-05,7.791826832386441,0.0779182683238644,87520.13819999999,90172.26359999999,SL,-0.07402430189088885,0.007791826832386441,0.0077100516097805445,0.0038939664329761168,0.003856954282031029,0.007750920715007145,-0.09727710104806297,-1.2484505000000037,0 days 04:50:00
303,CLOSED,BTCUSDT,LONG,2024-11-13 11:10:00+00:00,2024-11-13 11:15:00+00:00,87858.0,87901.92899999999,2024-11-13 13:45:00+00:00,89659.96758,89615.13759621,8.753672415152012e-05,7.694646911259506,0.07694646911259506,87022.90970999999,89659.96758,TP,0.15773833898044198,0.007694646911259506,0.007844615579559955,0.0038454007552511794,0.0039242699247421416,0.007769670679993321,0.1344294058096292,1.7470510000000115,0 days 02:30:00
304,CLOSED,BTCUSDT,LONG,2024-11-14 11:50:00+00:00,2024-11-14 11:55:00+00:00,91555.98,91601.75798999998,2024-11-14 13:35:00+00:00,90685.74041009998,90640.39753989494,8.546715907802892e-05,7.828942021958436,0.07828942021958436,90685.74041009998,93433.79314979998,SL,-0.07437690546598291,0.007828942021958435,0.007746777275437983,0.003912514753601372,0.0038753263008689275,0.0077878410544703,-0.09774046581784963,-1.2484504999999926,0 days 01:40:00
305,CLOSED,BTCUSDT,LONG,2024-11-14 14:30:00+00:00,2024-11-14 14:35:00+00:00,91699.99,91745.839995,2024-11-14 14:35:00+00:00,90828.38159505,90782.96740425249,8.426866220184943e-05,7.731299198963582,0.07731299198963583,90828.38159505,93580.75679490001,SL,-0.07344927424902484,0.007731299198963582,0.0076501592138704605,0.00386371774061122,0.003826993103486011,0.007690710844097231,-0.09652144350595611,-1.2484504999999904,0 days 00:00:00
306,CLOSED,BTCUSDT,LONG,2024-11-15 09:05:00+00:00,2024-11-15 09:10:00+00:00,88457.14,88501.36856999999,2024-11-15 12:10:00+00:00,90271.3959414,90226.26024342931,8.626843069028164e-05,7.634874180476114,0.07634874180476114,87616.35488429999,90271.3959414,TP,0.15651301293509745,0.007634874180476114,0.007783677878253595,0.0038155293255745823,0.0038937858320420137,0.007709315157616596,0.13338514571875115,1.7470510000000181,0 days 03:00:00
307,CLOSED,BTCUSDT,LONG,2024-11-15 19:35:00+00:00,2024-11-15 19:40:00+00:00,90170.97,90216.05548499999,2024-11-17 21:15:00+00:00,89313.89493015,89269.23798268492,8.610580492063998e-05,7.768126074301041,0.07768126074301042,89313.89493015,92020.37659469999,SL,-0.07379913876684842,0.007768126074301041,0.007686599591151253,0.0038821219761614664,0.003845222406779021,0.007727344382940487,-0.09698120881524121,-1.2484504999999932,2 days 01:35:00
308,CLOSED,BTCUSDT,LONG,2024-11-18 06:15:00+00:00,2024-11-18 06:20:00+00:00,90909.93,90955.38496499999,2024-11-18 13:00:00+00:00,90045.83111535,90000.80819979233,8.434071003890772e-05,7.671241749810291,0.07671241749810291,90045.83111535,92774.49266429999,SL,-0.07287871347520895,0.007671241749810292,0.007590732067646034,0.003833704022893461,0.0037972646661554323,0.007630968689048893,-0.09577165598171417,-1.2484504999999848,0 days 06:40:00
309,CLOSED,BTCUSDT,LONG,2024-11-19 04:25:00+00:00,2024-11-19 04:30:00+00:00,91628.74,91674.55437,2024-11-19 18:15:00+00:00,93508.0454574,93461.29143467131,8.263542508462569e-05,7.575565769808579,0.07575565769808579,90757.8088263,93508.0454574,TP,0.15529720533610575,0.007575565769808579,0.007723213546662149,0.0037858899399337257,0.003863538542601997,0.007649428482535723,0.1323489975370993,1.747051000000011,0 days 13:45:00
310,CLOSED,BTCUSDT,LONG,2024-11-19 18:25:00+00:00,2024-11-19 18:30:00+00:00,93663.48,93710.31173999999,2024-11-19 20:40:00+00:00,92773.2086226,92726.8220182887,8.225116753373125e-05,7.7077825505649225,0.07707782550564922,92773.2086226,95584.5179748,SL,-0.07322586021301311,0.0077077825505649225,0.007626889372696744,0.0038519652926356637,0.003815352362529137,0.007667317655164801,-0.09622784979143958,-1.248450499999988,0 days 02:10:00
311,CLOSED,BTCUSDT,LONG,2024-11-20 05:20:00+00:00,2024-11-20 05:25:00+00:00,92325.11,92371.27255499999,2024-11-20 13:15:00+00:00,94218.69800609999,94171.58865709695,8.24027927942576e-05,7.6116508324915575,0.07611650832491558,91447.55982945,94218.69800609999,TP,0.15603694010434901,0.007611650832491558,0.007760001907216819,0.0038039234545175363,0.003881941924570456,0.007685865379087992,0.13297942198555265,1.7470510000000075,0 days 07:50:00
312,CLOSED,BTCUSDT,LONG,2024-11-20 14:30:00+00:00,2024-11-20 14:35:00+00:00,94607.99,94655.293995,2024-11-20 16:25:00+00:00,93708.74105505,93661.88668452248,8.181790031005335e-05,7.744497407901702,0.07744497407901701,93708.74105505,96548.3998749,SL,-0.07357466053183967,0.0077444974079017015,0.007663218907605775,0.003870313547176833,0.00383352621691113,0.0077038397640879636,-0.09668621661143512,-1.2484504999999908,0 days 01:50:00
313,CLOSED,BTCUSDT,LONG,2024-11-20 20:35:00+00:00,2024-11-20 20:40:00+00:00,94547.64,94594.91381999999,2024-11-21 04:00:00+00:00,96486.81209639998,96438.56869035179,8.084903798813199e-05,7.647907780917251,0.07647907780917251,93648.96468179999,96486.81209639998,TP,0.1567801984873678,0.007647907780917251,0.007796965503567329,0.003822042869023112,0.0039004329682669966,0.007722475837290108,0.13361284936559312,1.7470510000000061,0 days 07:20:00
314,CLOSED,BTCUSDT,LONG,2024-11-21 10:55:00+00:00,2024-11-21 11:00:00+00:00,97756.0,97804.878,2024-11-21 14:35:00+00:00,96826.82922,96778.41580539,7.95603175427799e-05,7.781387150912848,0.07781387150912848,96826.82922,99760.97555999999,SL,-0.07392512230827251,0.007781387150912848,0.0076997214927640185,0.003888749200855755,0.003851786639701608,0.007740535840557363,-0.09714676679250675,-1.2484504999999941,0 days 03:35:00
315,CLOSED,BTCUSDT,LONG,2024-11-21 17:55:00+00:00,2024-11-21 18:00:00+00:00,98048.65,98097.67432499999,2024-11-24 12:25:00+00:00,97116.69758174999,97068.13923295912,7.833353325359193e-05,7.684337433837418,0.07684337433837418,97116.69758174999,100059.62781149999,SL,-0.073003125745752,0.007684337433837418,0.007603690312469294,0.0038402485926217105,0.003803747029749399,0.007643995622371109,-0.09593514911442982,-1.2484504999999924,2 days 18:25:00
316,CLOSED,BTCUSDT,LONG,2024-11-25 05:20:00+00:00,2024-11-25 05:25:00+00:00,98132.0,98181.06599999999,2024-11-25 14:20:00+00:00,97199.25533999999,97150.65571233,7.729085080450027e-05,7.588498124032793,0.07588498124032793,97199.25533999999,100144.68732,SL,-0.0720926283547552,0.0075884981240327935,0.00750885683622107,0.0037923528855729623,0.003756306571395303,0.007548659456968265,-0.09473864277197733,-1.2484504999999908,0 days 08:55:00
317,CLOSED,BTCUSDT,LONG,2024-11-27 00:10:00+00:00,2024-11-27 00:15:00+00:00,92427.99,92474.203995,2024-11-27 14:05:00+00:00,94323.68807490001,94276.52623086257,8.10372385110206e-05,7.493854125259589,0.0749385412525959,91549.46195505,94323.68807490001,TP,0.15362213704055444,0.0074938541252595895,0.0076399093421609,0.0037450545353619716,0.003821865603881912,0.007566920139243883,0.13092145343389006,1.7470510000000152,0 days 13:50:00
318,CLOSED,BTCUSDT,LONG,2024-11-27 16:30:00+00:00,2024-11-27 16:35:00+00:00,96100.76,96148.81038,2024-11-28 03:25:00+00:00,95187.3222762,95139.7286150619,7.930045892296051e-05,7.624644788030708,0.07624644788030709,95187.3222762,98071.7865876,SL,-0.07243603069488457,0.007624644788030708,0.007544624140980327,0.0038104171854226898,0.0037741991700743585,0.007584616355497048,-0.09518991597939265,-1.2484504999999912,0 days 10:50:00
319,CLOSED,BTCUSDT,LONG,2024-11-28 23:00:00+00:00,2024-11-28 23:05:00+00:00,95668.01,95715.84400499999,2024-11-29 14:45:00+00:00,97630.16088509999,97581.34580465745,7.866565922439285e-05,7.529549966872475,0.07529549966872474,94758.68556494999,97630.16088509999,TP,0.15435389287411713,0.007529549966872475,0.0076763008957268205,0.0037628935366676663,0.003840070483104066,0.007602964019771732,0.1315450779917461,1.7470510000000117,0 days 15:40:00
320,CLOSED,BTCUSDT,LONG,2024-11-30 05:45:00+00:00,2024-11-30 05:50:00+00:00,96915.0,96963.45749999999,2024-12-01 02:30:00+00:00,95993.82292499999,95945.82601353749,7.900877122909828e-05,7.660963631199893,0.07660963631199894,95993.82292499999,98902.72665,SL,-0.07278106878016603,0.007660963631199893,0.007580561817890451,0.003828567531833202,0.003792176997443809,0.007620744529277012,-0.09564333875853338,-1.2484505000000021,0 days 20:40:00
321,CLOSED,BTCUSDT,LONG,2024-12-01 13:15:00+00:00,2024-12-01 13:20:00+00:00,97164.0,97212.582,2024-12-02 04:05:00+00:00,96240.45618,96192.33595191,7.782342248899766e-05,7.565415840232329,0.07565415840232328,96240.45618,99156.83364,SL,-0.0718733408909633,0.007565415840232329,0.007486016800989092,0.003780817511360086,0.0037448808409141325,0.007525698352274218,-0.09445047188445894,-1.24845049999999,0 days 14:45:00
322,CLOSED,BTCUSDT,LONG,2024-12-02 15:40:00+00:00,2024-12-02 15:45:00+00:00,97160.0,97208.58,2024-12-02 16:40:00+00:00,96236.4942,96188.37595290001,7.685597016707413e-05,7.471059724463639,0.07471059724463638,96236.4942,99152.7516,SL,-0.07097693421391985,0.007471059724463639,0.0073926509526553935,0.0037336630307165954,0.003698174563608887,0.007431837594325482,-0.09327248248536438,-1.2484504999999928,0 days 00:55:00
323,CLOSED,BTCUSDT,LONG,2024-12-03 02:40:00+00:00,2024-12-03 02:45:00+00:00,96144.0,96192.072,2024-12-03 09:20:00+00:00,95230.15128,95182.53620436,7.66994646012143e-05,7.377880421281458,0.07377880421281457,95230.15128,98115.91344,SL,-0.07009170755050458,0.007377880421281458,0.007300449566260109,0.003687096662309583,0.0036520508085344772,0.007339147470844061,-0.0921091850088902,-1.2484504999999966,0 days 06:35:00
324,CLOSED,BTCUSDT,LONG,2024-12-03 21:15:00+00:00,2024-12-03 21:20:00+00:00,95963.31,96011.291655,2024-12-04 16:15:00+00:00,95051.17873844999,95003.65314908077,7.588548313276423e-05,7.285863253440409,0.0728586325344041,95051.17873844999,97931.5174881,SL,-0.06921752146321998,0.007285863253440409,0.007209398118595552,0.0036411110711843057,0.003606502310452841,0.007247613381637147,-0.09096039621689309,-1.2484505000000004,0 days 18:55:00
325,CLOSED,BTCUSDT,LONG,2024-12-05 02:25:00+00:00,2024-12-05 02:30:00+00:00,99211.99,99261.595995,2024-12-05 02:40:00+00:00,101246.8279149,101196.20450094256,7.24851706707661e-05,7.194993726750208,0.07194993726750208,98268.98003505,101246.8279149,TP,0.14749557354887202,0.007194993726750208,0.0073352241544845705,0.003595699013867503,0.0036694468006416747,0.007265145814509178,0.12570020985312808,1.7470510000000181,0 days 00:10:00
326,CLOSED,BTCUSDT,LONG,2024-12-06 08:15:00+00:00,2024-12-06 08:20:00+00:00,98460.01,98509.24000499999,2024-12-06 12:55:00+00:00,97524.14760494999,97475.38553114752,7.431351984439787e-05,7.320568361968118,0.07320568361968119,97524.14760494999,100479.42480509999,SL,-0.0695472286661742,0.007320568361968118,0.007243738997009264,0.0036584549535065886,0.003623681339173899,0.007282136292680487,-0.09139367231783208,-1.2484504999999901,0 days 04:35:00
327,CLOSED,BTCUSDT,LONG,2024-12-06 13:35:00+00:00,2024-12-06 13:40:00+00:00,98679.74,98729.07987,2024-12-06 17:40:00+00:00,100703.6614674,100653.30963666631,7.322326918815876e-05,7.2292659920202365,0.07229265992020237,97741.7890713,100703.6614674,TP,0.14819814642312318,0.007229265992020236,0.007370164386204711,0.0036128265827184767,0.0036869256559297803,0.007299752238648257,0.12629896380624997,1.747051000000007,0 days 04:00:00
328,CLOSED,BTCUSDT,LONG,2024-12-07 09:25:00+00:00,2024-12-07 09:30:00+00:00,99802.65,99852.551325,2024-12-08 09:45:00+00:00,98854.02581174999,98804.59879884412,7.36630029521729e-05,7.3554387830354715,0.07355438783035471,98854.02581174999,101849.6023515,SL,-0.06987850637956264,0.007355438783035471,0.0072782434530075145,0.003675881450792259,0.0036409421976022916,0.007316823648394551,-0.09182901226400017,-1.2484504999999988,1 days 00:15:00
329,CLOSED,BTCUSDT,LONG,2024-12-08 12:45:00+00:00,2024-12-08 12:50:00+00:00,99989.98,100039.97498999999,2024-12-09 02:50:00+00:00,99039.57524009999,98990.05545247995,7.260799004370544e-05,7.26370150804646,0.0726370150804646,99039.57524009999,102040.7744898,SL,-0.06900697934430976,0.00726370150804646,0.007187468960719514,0.0036300357361545694,0.0035955322464822728,0.007225567982636842,-0.09068371779571259,-1.2484504999999864,0 days 14:00:00
330,CLOSED,BTCUSDT,LONG,2024-12-09 14:35:00+00:00,2024-12-09 14:40:00+00:00,99387.02,99436.71351,2024-12-09 15:25:00+00:00,98442.34637490001,98393.12520171257,7.213742419849833e-05,7.1731083833754195,0.07173108383375419,98442.34637490001,101425.4477802,SL,-0.06814632202297163,0.007173108383375419,0.007097826610891896,0.003584761810782126,0.0035506886497702057,0.007135450460552332,-0.08955270747779126,-1.248450499999985,0 days 00:45:00
331,CLOSED,BTCUSDT,LONG,2024-12-10 00:35:00+00:00,2024-12-10 00:40:00+00:00,97983.47,98032.46173499999,2024-12-10 02:55:00+00:00,97052.13711765,97003.61104909118,7.225815830566691e-05,7.083645139141863,0.07083645139141863,97052.13711765,99993.11096969999,SL,-0.06729639884811972,0.007083645139141863,0.007009302283406571,0.0035400525432984654,0.0035064043438744704,0.007046456887172935,-0.0884358031578411,-1.2484504999999833,0 days 02:15:00
332,CLOSED,BTCUSDT,LONG,2024-12-10 11:50:00+00:00,2024-12-10 11:55:00+00:00,97895.09,97944.03754499998,2024-12-10 12:45:00+00:00,96964.59716954999,96916.11487096522,7.14213734575294e-05,6.995297683439725,0.06995297683439726,96964.59716954999,99902.91829589999,SL,-0.06645707594312349,0.006995297683439725,0.006921882034252026,0.003495900891273381,0.0034626723533024034,0.006958573244575784,-0.08733282890539101,-1.2484504999999906,0 days 00:50:00
333,CLOSED,BTCUSDT,LONG,2024-12-11 02:40:00+00:00,2024-12-11 02:45:00+00:00,97330.65,97379.31532499999,2024-12-11 14:45:00+00:00,99326.90163149999,99277.23818068425,7.093962487887987e-05,6.908052100117658,0.06908052100117658,96405.52217174998,99326.90163149999,TP,0.14161334190246164,0.006908052100117658,0.007042690035548951,0.0034522999001083835,0.00352310657105958,0.006975406471167964,0.12068719329562706,1.7470510000000075,0 days 12:00:00
334,CLOSED,BTCUSDT,LONG,2024-12-12 16:00:00+00:00,2024-12-12 16:05:00+00:00,102243.77,102294.891885,2024-12-12 17:25:00+00:00,101271.94296615,101221.30699466693,6.870938125325158e-05,7.0286187267866165,0.07028618726786616,101271.94296615,104340.7897227,SL,-0.06677363418101633,0.0070286187267866165,0.006954853373248991,0.003512553086849916,0.003479166269759443,0.006991719356609359,-0.08774882563766129,-1.2484505000000021,0 days 01:20:00
335,CLOSED,BTCUSDT,LONG,2024-12-13 07:45:00+00:00,2024-12-13 07:50:00+00:00,100199.99,100250.089995,2024-12-14 01:15:00+00:00,102255.0917949,102203.96424900256,6.923642225817065e-05,6.940957562313429,0.0694095756231343,99247.58909505,102255.0917949,TP,0.1422878956552204,0.006940957562313429,0.007076236825202919,0.0034687444089520204,0.0035398883567792565,0.007008632765731277,0.1212620685019728,1.747051000000006,0 days 17:25:00
336,CLOSED,BTCUSDT,LONG,2024-12-15 01:20:00+00:00,2024-12-15 01:25:00+00:00,101620.28,101671.09014,2024-12-15 23:05:00+00:00,103704.5119428,103652.65968682861,6.946024164945408e-05,7.062098489887829,0.07062098489887829,100654.3792386,103704.5119428,TP,0.14477125440039948,0.007062098489887829,0.007199738789455744,0.003529284602642691,0.003601670229842045,0.007130954832484736,0.12337846228857115,1.7470510000000132,0 days 21:40:00
337,CLOSED,BTCUSDT,LONG,2024-12-15 23:05:00+00:00,2024-12-15 23:10:00+00:00,103547.98,103599.75399,2024-12-16 00:30:00+00:00,105671.7490698,105618.91319526511,6.935686061245752e-05,7.18535369696932,0.0718535369696932,102563.7564501,105671.7490698,TP,0.14729795534716772,0.00718535369696932,0.007325396240523253,0.003590881407780874,0.0036645303854540754,0.00725541179323495,0.1255317936164402,1.7470510000000103,0 days 01:20:00
338,CLOSED,BTCUSDT,LONG,2024-12-16 06:30:00+00:00,2024-12-16 06:35:00+00:00,105244.27,105296.892135,2024-12-16 11:35:00+00:00,104243.92321365,104191.80125204318,6.942997021056886e-05,7.310760084198532,0.07310760084198532,104243.92321365,107402.8299777,SL,-0.0694540475765186,0.007310760084198532,0.0072340336571148686,0.0036535532654663797,0.0036188262416783786,0.007272379507144758,-0.09127122082497675,-1.2484504999999966,0 days 05:00:00
339,CLOSED,BTCUSDT,LONG,2024-12-16 18:15:00+00:00,2024-12-16 18:20:00+00:00,107381.47,107435.160735,2024-12-16 19:00:00+00:00,106360.80912764999,106307.62872308618,6.719941585252695e-05,7.21958004341434,0.0721958004341434,106360.80912764999,109583.8639497,SL,-0.06858781440545127,0.0072195800434143404,0.007143810550858706,0.003607986028692588,0.003573692121489277,0.007181678150181865,-0.09013288314990618,-1.2484504999999948,0 days 00:40:00
340,CLOSED,BTCUSDT,LONG,2024-12-17 03:25:00+00:00,2024-12-17 03:30:00+00:00,106724.0,106777.362,2024-12-17 22:40:00+00:00,105709.58837999999,105656.73358581,6.677011933582648e-05,7.129537203104744,0.07129537203104744,105709.58837999999,108912.90924,SL,-0.06773238492304998,0.007129537203104744,0.007054712710158159,0.003562987107997953,0.003529120915536097,0.00709210802353405,-0.08900874285984693,-1.2484504999999964,0 days 19:10:00
341,CLOSED,BTCUSDT,LONG,2024-12-18 10:45:00+00:00,2024-12-18 10:50:00+00:00,104627.63,104679.943815,2024-12-18 16:15:00+00:00,103633.14437685,103581.32780466159,6.725851317336163e-05,7.040617380067934,0.07040617380067934,103633.14437685,106773.54269130001,SL,-0.06688762438535313,0.007040617380067934,0.0069667261006641215,0.0035185494153263937,0.003485105603132906,0.007003655018459299,-0.08789862288454449,-1.2484504999999924,0 days 05:25:00
342,CLOSED,BTCUSDT,LONG,2024-12-19 07:25:00+00:00,2024-12-19 07:30:00+00:00,101548.55,101599.32427499999,2024-12-19 15:05:00+00:00,100583.33103224999,100533.03936673386,6.843359065239672e-05,6.952806567995462,0.06952806567995462,100583.33103224999,103631.3107605,SL,-0.06605339972893334,0.006952806567995462,0.00687983686306435,0.003474665951021457,0.003441639251157709,0.006916305202179166,-0.08680234836217234,-1.2484505000000021,0 days 07:35:00
343,CLOSED,BTCUSDT,LONG,2024-12-20 14:35:00+00:00,2024-12-20 14:40:00+00:00,96204.01,96252.11200499999,2024-12-20 14:45:00+00:00,95289.59088494998,95241.94608950752,7.133444443182034e-05,6.866090935266019,0.0686609093526602,95289.59088494998,98177.15424509998,SL,-0.0652295795499294,0.006866090935266019,0.0067940313109004025,0.0034313298027311714,0.003398715012956016,0.0068300448156871875,-0.08571974661178303,-1.248450499999996,0 days 00:05:00
344,CLOSED,BTCUSDT,LONG,2024-12-20 15:15:00+00:00,2024-12-20 15:20:00+00:00,96570.83,96619.115415,2024-12-20 21:10:00+00:00,95652.92426084999,95605.09779871957,7.017717760759046e-05,6.780456822766736,0.06780456822766735,95652.92426084999,98551.4977233,SL,-0.06441603408335686,0.006780456822766736,0.006709295928411799,0.003388534144310594,0.0033563261272696104,0.006744860271580205,-0.0846506471061156,-1.2484505000000026,0 days 05:50:00
345,CLOSED,BTCUSDT,LONG,2024-12-21 05:10:00+00:00,2024-12-21 05:15:00+00:00,97752.0,97800.87599999999,2024-12-21 13:20:00+00:00,96822.86723999999,96774.45580637999,6.84645272680548e-05,6.695890741741646,0.06695890741741646,96822.86723999999,99756.89352,SL,-0.06361263518266355,0.006695890741741647,0.006625617368407067,0.0033462722347527133,0.003314465917162117,0.006660738151914831,-0.0835948814447271,-1.2484504999999972,0 days 08:05:00
346,CLOSED,BTCUSDT,LONG,2024-12-22 09:35:00+00:00,2024-12-22 09:40:00+00:00,97002.5,97051.00125,2024-12-22 14:20:00+00:00,96080.4912375,96032.45099188125,6.813303609958372e-05,6.612379371666995,0.06612379371666995,96080.4912375,98992.021275,SL,-0.06281925629954511,0.006612379371666995,0.00654298245016135,0.0033045374171250144,0.0032731277889747495,0.006577665206099764,-0.08255228332747322,-1.2484504999999966,0 days 04:40:00
347,CLOSED,BTCUSDT,LONG,2024-12-23 09:05:00+00:00,2024-12-23 09:10:00+00:00,96091.99,96140.035995,2024-12-23 13:35:00+00:00,95178.63563505,95131.04631723248,6.792081457606944e-05,6.529909558153037,0.06529909558153037,95178.63563505,98062.8367149,SL,-0.062035772464013025,0.006529909558153036,0.006461378157340221,0.0032633231175172926,0.0032323052312852396,0.006495628348802532,-0.08152268852830882,-1.2484504999999915,0 days 04:25:00
348,CLOSED,BTCUSDT,LONG,2024-12-24 13:10:00+00:00,2024-12-24 13:15:00+00:00,94581.56,94628.85078,2024-12-24 14:20:00+00:00,96521.4277956,96473.16708170221,6.81448443864533e-05,6.448468310872009,0.06448468310872009,93682.5622722,96521.4277956,TP,0.13219198906145438,0.006448468310872009,0.006574148958250907,0.0032226228440137062,0.0032887188385441113,0.006511341682557818,0.11265803010977364,1.747051000000017,0 days 01:05:00
349,CLOSED,BTCUSDT,LONG,2024-12-25 06:15:00+00:00,2024-12-25 06:20:00+00:00,98546.79,98596.06339499999,2024-12-26 08:00:00+00:00,97610.10276104999,97561.29770966947,6.654437884819123e-05,6.561013795497159,0.06561013795497159,97610.10276104999,100567.9846629,SL,-0.06233127049095541,0.006561013795497159,0.006492155955713417,0.00327886746401634,0.00324770182877083,0.006526569292787171,-0.08191100953495314,-1.2484504999999984,1 days 01:40:00
350,CLOSED,BTCUSDT,LONG,2024-12-27 01:40:00+00:00,2024-12-27 01:45:00+00:00,96193.36,96241.45667999999,2024-12-27 07:35:00+00:00,95279.04211319999,95231.4025921434,6.73221794292418e-05,6.479184615142561,0.06479184615142561,95279.04211319999,98166.28581359998,SL,-0.0615538728305155,0.006479184615142561,0.00641118557260664,0.003237973320910006,0.0032071963844953664,0.006445169705405372,-0.08088941272367008,-1.2484504999999955,0 days 05:50:00
351,CLOSED,BTCUSDT,LONG,2024-12-27 09:05:00+00:00,2024-12-27 09:10:00+00:00,97146.07,97194.643035,2024-12-27 10:35:00+00:00,96222.69660465,96174.58525634768,6.583054179970537e-05,6.39837601102301,0.0639837601102301,96222.69660465,99138.5358957,SL,-0.06078617089932438,0.00639837601102301,0.006331225054787324,0.0031975892109056556,0.0031671961254561834,0.006364785336361839,-0.07988055730149655,-1.2484504999999957,0 days 01:25:00
352,CLOSED,BTCUSDT,LONG,2024-12-28 22:20:00+00:00,2024-12-28 22:25:00+00:00,95228.45,95276.064225,2024-12-29 14:30:00+00:00,94323.30358275,94276.14193095863,6.631860064618512e-05,6.318575254478059,0.0631857525447806,94323.30358275,97181.5855095,SL,-0.06002804377192787,0.006318575254478059,0.006252261807182313,0.00315770877285244,0.0031276947509659377,0.006285403523818378,-0.07888428435740663,-1.2484504999999846,0 days 16:05:00
353,CLOSED,BTCUSDT,LONG,2024-12-30 01:30:00+00:00,2024-12-30 01:35:00+00:00,93955.61,94002.58780499999,2024-12-30 13:35:00+00:00,93062.56192694999,93016.03064598652,6.637870213257724e-05,6.239769775599532,0.062397697755995324,93062.56192694999,95882.63956109999,SL,-0.059279372031058895,0.0062397697755995326,0.006174283391804616,0.003118325724936482,0.003088686038920996,0.006207011763857477,-0.07790043696232053,-1.2484504999999886,0 days 12:00:00
354,CLOSED,BTCUSDT,LONG,2024-12-31 06:05:00+00:00,2024-12-31 06:10:00+00:00,92899.0,92945.44949999999,2024-12-31 12:25:00+00:00,94804.35848999998,94756.95631075499,6.62963834636311e-05,6.161947161251559,0.061619471612515596,92015.99500499999,94804.35848999998,TP,0.1263183770887241,0.006161947161251559,0.006282043511424353,0.0030794338636931304,0.003142593052237833,0.006222026915930963,0.10765235950011721,1.7470510000000037,0 days 06:15:00
