timeframe,period_role,trade_id,status,symbol,side,signal_timestamp,entry_timestamp,entry_reference_price,entry_price,exit_timestamp,exit_reference_price,exit_price,quantity,position_value,risk_amount,stop_loss,take_profit,exit_reason,gross_pnl,entry_fee,exit_fee,entry_slippage,exit_slippage,slippage,net_pnl,R,holding_time
5m,DEVELOPMENT,1,CLOSED,BTCUSDT,LONG,2024-01-01 08:55:00+00:00,2024-01-01 09:00:00+00:00,42550.0,42571.274999999994,2024-01-01 19:45:00+00:00,43422.70049999999,43400.98914974999,0.0004693310214462683,19.980019980019982,0.19980019980019983,42145.562249999995,43422.70049999999,TP,0.4095854170816652,0.019980019980019983,0.02036943056943057,0.009985017481266626,0.010189810189810036,0.020174827671076662,0.349061138861138,1.7470509999999952,0 days 10:45:00
5m,DEVELOPMENT,2,CLOSED,BTCUSDT,LONG,2024-01-01 19:45:00+00:00,2024-01-01 19:50:00+00:00,43462.04,43483.77102,2024-01-02 00:05:00+00:00,44353.4464404,44331.269717179806,0.00046750159725348234,20.328732406454687,0.2032873240645469,43048.9333098,44353.4464404,TP,0.416733934689042,0.020328732406454688,0.02072493940105649,0.010159286559947025,0.010367653527290225,0.02052694008723725,0.35515332279429357,1.7470510000000141,0 days 04:15:00
5m,DEVELOPMENT,3,CLOSED,BTCUSDT,LONG,2024-01-02 00:05:00+00:00,2024-01-02 00:10:00+00:00,44398.45,44420.649224999994,2024-01-02 01:05:00+00:00,45309.06220949999,45286.40767839525,0.0004656287400474102,20.683530930724714,0.20683530930724714,43976.442732749994,45309.06220949999,TP,0.4240072157812712,0.020683530930724715,0.02108665294856454,0.010336597166777414,0.010548600774667193,0.020885197941444607,0.3613518339605373,1.7470510000000092,0 days 00:55:00
5m,DEVELOPMENT,4,CLOSED,BTCUSDT,LONG,2024-01-02 02:55:00+00:00,2024-01-02 03:00:00+00:00,45378.96,45401.64948,2024-01-02 15:15:00+00:00,44947.6329852,44925.1591687074,0.00046351888124929283,21.04452177384214,0.2104452177384214,44947.6329852,46309.682469600004,SL,-0.19992821535269367,0.02104452177384214,0.02082365951782567,0.010517002385728627,0.010417038278049438,0.020934040663778065,-0.26273043730813955,-1.2484504999999928,0 days 12:15:00
5m,DEVELOPMENT,5,CLOSED,BTCUSDT,LONG,2024-01-03 01:50:00+00:00,2024-01-03 01:55:00+00:00,45297.37,45320.018685,2024-01-03 11:10:00+00:00,44866.81849815,44844.385088900926,0.0004585623397234338,20.78205380450334,0.20782053804503342,44866.81849815,46226.419058700005,SL,-0.19743470405977478,0.02078205380450334,0.02056394614982508,0.010385833985259092,0.010287116633229308,0.020672950618488402,-0.2594536546325916,-1.248450500000003,0 days 09:15:00
5m,DEVELOPMENT,6,CLOSED,BTCUSDT,LONG,2024-01-04 02:45:00+00:00,2024-01-04 02:50:00+00:00,43066.93,43088.463465,2024-01-04 10:25:00+00:00,42657.57883035,42636.25004093483,0.0004762959199276457,20.522859344330925,0.20522859344330927,42657.57883035,43950.2327343,SL,-0.19497229192190405,0.020522859344330926,0.020307471935512175,0.010256301521404967,0.010158815375442689,0.020415116896847656,-0.2562177400985948,-1.2484504999999935,0 days 07:35:00
5m,DEVELOPMENT,7,CLOSED,BTCUSDT,LONG,2024-01-04 11:30:00+00:00,2024-01-04 11:35:00+00:00,43207.98,43229.58399,2024-01-04 15:25:00+00:00,44094.1756698,44072.1285819651,0.0004688200925250369,20.266897566010652,0.20266897566010653,42797.2881501,44094.1756698,TP,0.4154663359109228,0.02026689756601065,0.020661899399572203,0.010128384590708084,0.010336117758665712,0.020464502349373796,0.3540730365959662,1.747051000000007,0 days 03:50:00
5m,DEVELOPMENT,8,CLOSED,BTCUSDT,LONG,2024-01-04 15:25:00+00:00,2024-01-04 15:30:00+00:00,44154.01,44176.087005,2024-01-05 01:45:00+00:00,43734.32613495,43712.45897188253,0.0004667823313765981,20.62061688328934,0.20620616883289342,43734.32613495,45059.6087451,SL,-0.1959010129691803,0.020620616883289342,0.02040420350909922,0.010305155863712435,0.01020720535722709,0.020512361220939523,-0.2574381945825084,-1.2484504999999912,0 days 10:15:00
5m,DEVELOPMENT,9,CLOSED,BTCUSDT,LONG,2024-01-05 06:50:00+00:00,2024-01-05 06:55:00+00:00,43874.0,43895.937,2024-01-05 10:55:00+00:00,43456.97763,43435.249141185006,0.0004639025217691652,20.3634358697204,0.20363435869720403,43456.97763,44773.85574,SL,-0.19345772907715328,0.020363435869720403,0.02014972161026769,0.010176629620049286,0.01007990075550938,0.020256530375558666,-0.2542274169327,-1.2484504999999817,0 days 04:00:00
5m,DEVELOPMENT,10,CLOSED,BTCUSDT,LONG,2024-01-05 20:50:00+00:00,2024-01-05 20:55:00+00:00,44110.0,44132.055,2024-01-05 21:05:00+00:00,43690.734449999996,43668.889082775,0.0004556656703666121,20.109462426231197,0.20109462426231198,43690.734449999996,45014.6961,SL,-0.19104491790237801,0.020109462426231198,0.0198984136180679,0.010049706359935762,0.00995418390098269,0.02000389026091845,-0.2510566842075955,-1.2484505000000001,0 days 00:10:00
5m,DEVELOPMENT,11,CLOSED,BTCUSDT,LONG,2024-01-06 14:00:00+00:00,2024-01-06 14:05:00+00:00,43789.96,43811.85498,2024-01-08 02:50:00+00:00,43373.7364302,43352.0495619849,0.0004532713019562252,19.858656547901926,0.19858656547901926,43373.7364302,44688.0920796,SL,-0.18866219938811396,0.019858656547901928,0.0196502399474317,0.00992436609090429,0.009830034991209725,0.019754401082114015,-0.2479254969655616,-1.2484504999999861,1 days 12:45:00
5m,DEVELOPMENT,12,CLOSED,BTCUSDT,LONG,2024-01-08 06:20:00+00:00,2024-01-08 06:25:00+00:00,44049.74,44071.76487,2024-01-08 12:00:00+00:00,44953.2001674,44930.7235673163,0.0004449782936218392,19.610978728755516,0.19610978728755515,43631.047221299996,44953.2001674,TP,0.4020201636449534,0.019610978728755515,0.019993196704178963,0.009800589069843327,0.010001599151664034,0.01980218822150736,0.34261379999051156,1.7470510000000052,0 days 05:35:00
5m,DEVELOPMENT,13,CLOSED,BTCUSDT,LONG,2024-01-08 12:00:00+00:00,2024-01-08 12:05:00+00:00,44959.34,44981.81967,2024-01-08 12:25:00+00:00,44532.0014733,44509.73547256335,0.00044358477277265675,19.953250257217572,0.19953250257217572,44532.0014733,45881.4560634,SL,-0.18956086326322036,0.019953250257217572,0.019743840895768073,0.009971639308954585,0.009876858877322836,0.019848498186277423,-0.24910645260248343,-1.2484504999999968,0 days 00:20:00
5m,DEVELOPMENT,14,CLOSED,BTCUSDT,LONG,2024-01-08 17:55:00+00:00,2024-01-08 18:00:00+00:00,45648.01,45670.834005,2024-01-08 18:35:00+00:00,46584.2506851,46560.958559757455,0.00043144367935240424,19.7043926622101,0.19704392662210102,45214.12566495,46584.2506851,TP,0.4039351259389587,0.0197043926622101,0.020088431275196578,0.009847272694755488,0.010049240257724886,0.019896512952480374,0.34424578904907166,1.7470510000000175,0 days 00:35:00
5m,DEVELOPMENT,15,CLOSED,BTCUSDT,LONG,2024-01-08 18:35:00+00:00,2024-01-08 18:40:00+00:00,46638.08,46661.39904,2024-01-09 12:55:00+00:00,46194.785049599996,46171.6876570752,0.00042965481022516747,20.04829454937201,0.2004829454937201,46194.785049599996,47594.6270208,SL,-0.19046380778788968,0.02004829454937201,0.019837887698076352,0.010019137705830879,0.009923905801937558,0.01994304350776844,-0.2502930335431065,-1.2484504999999946,0 days 18:15:00
5m,DEVELOPMENT,16,CLOSED,BTCUSDT,LONG,2024-01-09 21:10:00+00:00,2024-01-09 21:15:00+00:00,47914.25,47938.207125,2024-01-09 21:15:00+00:00,47458.82505375,47435.095641223124,0.0004129952442150173,19.798251558819455,0.19798251558819455,47458.82505375,48896.971267500005,SL,-0.18808833689813031,0.019798251558819455,0.019590468908709645,0.009894178690065033,0.00980013452161543,0.019694313211680463,-0.24717137057733987,-1.248450500000003,0 days 00:00:00
5m,DEVELOPMENT,17,CLOSED,BTCUSDT,LONG,2024-01-10 17:35:00+00:00,2024-01-10 17:40:00+00:00,45914.22,45937.17711,2024-01-10 20:10:00+00:00,45477.8053389,45455.06643623055,0.0004256101123904749,19.55132711268825,0.1955132711268825,45477.8053389,46855.920652199995,SL,-0.18574249295962342,0.019551327112688248,0.019346135934640588,0.00977077816725868,0.009677906920781071,0.01944868508803975,-0.244088641094992,-1.2484505,0 days 02:30:00
5m,DEVELOPMENT,18,CLOSED,BTCUSDT,LONG,2024-01-10 22:50:00+00:00,2024-01-10 22:55:00+00:00,46925.01,46948.472505,2024-01-10 23:35:00+00:00,46478.987779949995,46455.74828606002,0.0004112483598765289,19.30748231638956,0.1930748231638956,46478.987779949995,47887.441955099996,SL,-0.18342590646405346,0.01930748231638956,0.01910485028947905,0.009648916699843161,0.009557203746612527,0.01920612044645569,-0.24104435951637776,-1.2484505000000037,0 days 00:40:00
5m,DEVELOPMENT,19,CLOSED,BTCUSDT,LONG,2024-01-11 10:15:00+00:00,2024-01-11 10:20:00+00:00,46372.97,46396.156485,2024-01-11 12:40:00+00:00,47324.0796147,47300.41757489265,0.00041095384197597167,19.06667876042914,0.19066678760429143,45932.194920149996,47324.0796147,TP,0.39086215030125065,0.019066678760429143,0.019438288329469908,0.009528575092667562,0.009724006167818898,0.01925258126048646,0.3331046019508651,1.7470510000000008,0 days 02:20:00
5m,DEVELOPMENT,20,CLOSED,BTCUSDT,LONG,2024-01-11 12:50:00+00:00,2024-01-11 12:55:00+00:00,47357.99,47381.66899499999,2024-01-11 13:30:00+00:00,46907.85230504999,46884.39837889747,0.00040942944818168046,19.399450590549886,0.19399450590549885,46907.85230504999,48329.30237489999,SL,-0.18429962804915395,0.019399450590549885,0.019195853356602066,0.009694877856344625,0.009602728042320385,0.01929760589866501,-0.24219253789497092,-1.2484504999999892,0 days 00:35:00
5m,DEVELOPMENT,21,CLOSED,BTCUSDT,LONG,2024-01-11 14:00:00+00:00,2024-01-11 14:05:00+00:00,47639.36,47663.17968,2024-01-11 14:45:00+00:00,48616.4432736,48592.1350519632,0.00040193499745215115,19.157500003242223,0.19157500003242223,47186.5478832,48616.4432736,TP,0.39272396308495594,0.019157500003242223,0.019530879678305416,0.009573963020111263,0.009770325001652893,0.019344288021764154,0.33469129538164416,1.7470510000000046,0 days 00:40:00
5m,DEVELOPMENT,22,CLOSED,BTCUSDT,LONG,2024-01-11 14:45:00+00:00,2024-01-11 14:50:00+00:00,48883.99,48908.43199499999,2024-01-11 14:55:00+00:00,48419.34767504999,48395.138001212465,0.00039853776018986084,19.491856941685423,0.19491856941685423,48419.34767504999,49886.600634899994,SL,-0.18517751147498554,0.019491856941685422,0.019287289903082434,0.009741057941869294,0.009648469186134594,0.01938952712800389,-0.24334618544775727,-1.2484505000000046,0 days 00:05:00
5m,DEVELOPMENT,23,CLOSED,BTCUSDT,LONG,2024-01-12 06:15:00+00:00,2024-01-12 06:20:00+00:00,46297.83,46320.978915,2024-01-12 07:50:00+00:00,45857.76912585,45834.84024128708,0.00041555153431972833,19.248753859320036,0.19248753859320036,45857.76912585,47247.3984933,SL,-0.1828679714471149,0.019248753859320036,0.019046738187566473,0.009619567146086118,0.009528133160361276,0.019147700306447392,-0.2403111638004488,-1.2484504999999924,0 days 01:30:00
5m,DEVELOPMENT,24,CLOSED,BTCUSDT,LONG,2024-01-12 11:25:00+00:00,2024-01-12 11:30:00+00:00,46221.83,46244.940915,2024-01-12 12:40:00+00:00,45782.49150585,45759.600260097075,0.0004110435085548276,19.0086827666123,0.190086827666123,45782.49150585,47169.8397333,SL,-0.1805872360786124,0.0190086827666123,0.0188091866409767,0.009499591587511355,0.009409297969471962,0.01890888955698332,-0.2373139950431847,-1.248450499999998,0 days 01:10:00
5m,DEVELOPMENT,25,CLOSED,BTCUSDT,LONG,2024-01-13 05:15:00+00:00,2024-01-13 05:20:00+00:00,42888.0,42909.443999999996,2024-01-14 20:00:00+00:00,42480.349559999995,42459.10938522,0.0004374702652517996,18.77160584848724,0.1877160584848724,42480.349559999995,43767.63288,SL,-0.17833494611681497,0.018771605848487243,0.018574597845107368,0.009381112368057783,0.009291944894999377,0.01867305726305716,-0.23435420707346674,-1.2484504999999921,1 days 14:40:00
5m,DEVELOPMENT,26,CLOSED,BTCUSDT,LONG,2024-01-15 03:00:00+00:00,2024-01-15 03:05:00+00:00,42471.1,42492.335549999996,2024-01-15 18:40:00+00:00,43342.182260999994,43320.5111698695,0.0004362548097571155,18.537485761500765,0.18537485761500766,42067.41219449999,43342.182260999994,TP,0.3800138260553512,0.018537485761500765,0.018898781358992412,0.009264110825336668,0.00945411773836456,0.018718228563701228,0.32385933037115683,1.7470510000000004,0 days 15:35:00
5m,DEVELOPMENT,27,CLOSED,BTCUSDT,LONG,2024-01-15 18:40:00+00:00,2024-01-15 18:45:00+00:00,43352.0,43373.676,2024-01-15 19:35:00+00:00,42939.93924,42918.46927038,0.0004348495054022478,18.861021556077343,0.18861021556077343,42939.93924,44241.14952,SL,-0.17918441768167445,0.018861021556077343,0.018663075134846316,0.009425797879098896,0.009336205670256914,0.01876200354935581,-0.23547051792195395,-1.2484504999999926,0 days 00:50:00
5m,DEVELOPMENT,28,CLOSED,BTCUSDT,LONG,2024-01-16 03:15:00+00:00,2024-01-16 03:20:00+00:00,42748.5,42769.87425,2024-01-16 14:35:00+00:00,42342.175507500004,42321.004419746256,0.00043548845069232427,18.625786273438035,0.18625786273438036,42342.175507500004,43625.271735,SL,-0.1769496237171683,0.018625786273438034,0.018430308646498306,0.009308239017210741,0.009219764205350955,0.018528003222561696,-0.23253372185966634,-1.2484504999999881,0 days 11:15:00
5m,DEVELOPMENT,29,CLOSED,BTCUSDT,LONG,2024-01-17 20:30:00+00:00,2024-01-17 20:35:00+00:00,42761.1,42782.48054999999,2024-01-18 12:20:00+00:00,42354.65574449999,42333.478416627746,0.0004299303036321678,18.39348485299881,0.1839348485299881,42354.65574449999,43638.130160999994,SL,-0.17474270217666793,0.018393484852998812,0.018200445229466587,0.009192146353320337,0.009104775002232984,0.01829692135555332,-0.22963355361468665,-1.2484504999999932,0 days 15:45:00
5m,DEVELOPMENT,30,CLOSED,BTCUSDT,LONG,2024-01-18 14:55:00+00:00,2024-01-18 15:00:00+00:00,42738.7,42760.06935,2024-01-18 16:35:00+00:00,42332.4686565,42311.30242217176,0.00042479072133529155,18.16408070353359,0.1816408070353359,42332.4686565,43615.270737,SL,-0.1725633054343679,0.018164080703533588,0.01797344867655001,0.009077501600966674,0.008991219948246653,0.018068721549213327,-0.22676955636366483,-1.2484504999999793,0 days 01:35:00
5m,DEVELOPMENT,31,CLOSED,BTCUSDT,LONG,2024-01-19 06:30:00+00:00,2024-01-19 06:35:00+00:00,41296.48,41317.12824,2024-01-19 14:45:00+00:00,40903.9569576,40883.5049791212,0.00043414289555626873,17.93753769018328,0.1793753769018328,40903.9569576,42143.470804799996,SL,-0.17041109020009368,0.017937537690183282,0.017749283232124807,0.008964286701738593,0.008879081156640286,0.01784336785837888,-0.22394127898078062,-1.2484504999999944,0 days 08:10:00
5m,DEVELOPMENT,32,CLOSED,BTCUSDT,LONG,2024-01-19 18:25:00+00:00,2024-01-19 18:30:00+00:00,41343.35,41364.021674999996,2024-01-19 20:10:00+00:00,42191.3021085,42170.206457445754,0.00042824221174485023,17.713820128763924,0.17713820128763924,40950.38145825,42191.3021085,TP,0.3631288863977499,0.017713820128763925,0.018059062483073537,0.008852483822469774,0.00903404826566769,0.017886532088137466,0.3094694716977749,1.7470510000000197,0 days 01:40:00
5m,DEVELOPMENT,33,CLOSED,BTCUSDT,LONG,2024-01-19 20:10:00+00:00,2024-01-19 20:15:00+00:00,42162.85,42183.931424999995,2024-01-19 20:55:00+00:00,41762.092110749996,41741.211064694624,0.0004272475284147918,18.022980440150313,0.18022980440150313,41762.092110749996,43027.61005349999,SL,-0.17122281767479236,0.018022980440150313,0.01783382926043094,0.00900698672671038,0.008921375317873246,0.017928362044583625,-0.22500798941995723,-1.2484504999999915,0 days 00:40:00
5m,DEVELOPMENT,34,CLOSED,BTCUSDT,LONG,2024-01-20 06:20:00+00:00,2024-01-20 06:25:00+00:00,41668.0,41688.833999999995,2024-01-22 01:20:00+00:00,41271.94566,41251.309687169996,0.0004269296002362785,17.798197233936573,0.17798197233936575,41271.94566,42522.61068,SL,-0.16908732104804414,0.017798197233936573,0.01761140515396641,0.008894651291320613,0.008810107630799145,0.017704758922119757,-0.2222016823580669,-1.2484504999999975,1 days 18:55:00
5m,DEVELOPMENT,35,CLOSED,BTCUSDT,LONG,2024-01-22 13:05:00+00:00,2024-01-22 13:10:00+00:00,41135.87,41156.437935,2024-01-22 14:15:00+00:00,40744.87355565,40724.501118872184,0.00042705876439161187,17.576217531281163,0.17576217531281163,40744.87355565,41979.566693700006,SL,-0.16697845840562436,0.017576217531281163,0.01739175512829037,0.008783716907186614,0.008700227677981839,0.017483944585168453,-0.21943037565036433,-1.2484504999999828,0 days 01:05:00
5m,DEVELOPMENT,36,CLOSED,BTCUSDT,LONG,2024-01-23 02:30:00+00:00,2024-01-23 02:35:00+00:00,40040.01,40060.030005,2024-01-23 08:10:00+00:00,39659.42970495,39639.59999009753,0.00043327492177686614,17.357006366795286,0.17357006366795286,39659.42970495,40861.2306051,SL,-0.16489589756760545,0.017357006366795286,0.01717484458497577,0.008674166100346815,0.008591718151562597,0.017265884251909412,-0.21669363277128595,-1.2484504999999906,0 days 05:35:00
5m,DEVELOPMENT,37,CLOSED,BTCUSDT,LONG,2024-01-23 15:40:00+00:00,2024-01-23 15:45:00+00:00,39290.7,39310.345349999996,2024-01-24 00:45:00+00:00,40096.552256999996,40076.5039808715,0.00043603100045468357,17.140529211179615,0.17140529211179614,38917.241896499996,40096.552256999996,TP,0.3513765658383742,0.017140529211179617,0.01747459812550551,0.008565981614781925,0.008741669897699322,0.017307651512481245,0.2994537869892078,1.7470510000000132,0 days 09:00:00
5m,DEVELOPMENT,38,CLOSED,BTCUSDT,LONG,2024-01-24 00:45:00+00:00,2024-01-24 00:50:00+00:00,40099.21,40119.259605,2024-01-24 02:00:00+00:00,39718.06700895,39698.207975445526,0.00043469605409574875,17.439683843536468,0.1743968384353647,39718.06700895,40921.6447971,SL,-0.16568135425568672,0.017439683843536467,0.017256654361598553,0.008715484179678462,0.008632643502549196,0.017348127682227658,-0.21772582014304942,-1.2484504999999952,0 days 01:10:00
5m,DEVELOPMENT,39,CLOSED,BTCUSDT,LONG,2024-01-24 07:10:00+00:00,2024-01-24 07:15:00+00:00,39925.98,39945.94299,2024-01-24 20:50:00+00:00,39546.4835601,39526.71031831995,0.0004311370377716861,17.22217553170525,0.1722217553170525,39546.4835601,40744.86184980001,SL,-0.1636149709433875,0.017222175531705252,0.017041428799500005,0.008606784373665789,0.008524976888194417,0.017131761261860206,-0.21501033653645296,-1.2484505000000063,0 days 13:35:00
5m,DEVELOPMENT,40,CLOSED,BTCUSDT,LONG,2024-01-24 23:15:00+00:00,2024-01-24 23:20:00+00:00,40068.0,40088.034,2024-01-25 15:45:00+00:00,39687.153659999996,39667.31008317,0.00042425078742224664,17.007379990709797,0.17007379990709798,39687.153659999996,40889.79468,SL,-0.16157435963188224,0.0170073799907098,0.016828887537707296,0.008499440275217141,0.00841865309540003,0.01691809337061717,-0.2123287205309165,-1.2484505000000006,0 days 16:25:00
5m,DEVELOPMENT,41,CLOSED,BTCUSDT,LONG,2024-01-26 02:10:00+00:00,2024-01-26 02:15:00+00:00,40062.23,40082.261115,2024-01-26 11:00:00+00:00,40883.9063373,40863.46438413135,0.0004190198586500778,16.79526338678281,0.1679526338678281,39681.438503850004,40883.9063373,TP,0.34429870271155943,0.016795263386782812,0.017122603070191207,0.008393434975902597,0.008565584327259568,0.016959019303162164,0.2934218169514232,1.7470510000000015,0 days 08:45:00
5m,DEVELOPMENT,42,CLOSED,BTCUSDT,LONG,2024-01-26 11:00:00+00:00,2024-01-26 11:05:00+00:00,40876.0,40896.437999999995,2024-01-26 16:15:00+00:00,41714.36676,41693.50957662,0.0004178454875470077,17.08839207504597,0.17088392075045972,40487.47362,41714.36676,TP,0.35030776757540405,0.01708839207504597,0.01742144483658862,0.008539926074483506,0.00871507995827104,0.017255006032754545,0.29854292463101484,1.7470510000000201,0 days 05:10:00
5m,DEVELOPMENT,43,CLOSED,BTCUSDT,LONG,2024-01-26 16:15:00+00:00,2024-01-26 16:20:00+00:00,41728.01,41748.874005,2024-01-28 04:55:00+00:00,42583.8514851,42562.559559357454,0.000416457621178352,17.386636754997035,0.17386636754997034,41331.38526495,42583.8514851,TP,0.35642170899049314,0.017386636754997034,0.017725502305351932,0.008688973890551498,0.008867184745046644,0.017556158635598142,0.303753411294546,1.7470510000000161,1 days 12:35:00
5m,DEVELOPMENT,44,CLOSED,BTCUSDT,LONG,2024-01-28 04:55:00+00:00,2024-01-28 05:00:00+00:00,42720.33,42741.690165,2024-01-28 06:45:00+00:00,42314.27326335,42293.11612671833,0.0004138836496179596,17.69008671633025,0.1769008671633025,42314.27326335,43596.5239683,SL,-0.16806024411666218,0.01769008671633025,0.017504429256242366,0.008840623046641074,0.008756592924581887,0.017597215971222963,-0.22085197606045776,-1.2484504999999952,0 days 01:45:00
5m,DEVELOPMENT,45,CLOSED,BTCUSDT,LONG,2024-01-29 01:10:00+00:00,2024-01-29 01:15:00+00:00,42084.67,42105.712335,2024-01-29 16:20:00+00:00,42947.8265817,42926.35266840915,0.0004148951389926535,17.469455371614508,0.1746945537161451,41684.655211649995,42947.8265817,TP,0.35811946993684557,0.01746945537161451,0.017809935056807277,0.008730362504554261,0.008909422239523715,0.01763978474407798,0.30520029476434585,1.7470510000000048,0 days 15:05:00
5m,DEVELOPMENT,46,CLOSED,BTCUSDT,LONG,2024-01-29 16:20:00+00:00,2024-01-29 16:25:00+00:00,42992.57,43014.066285,2024-01-30 12:20:00+00:00,43874.3476107,43852.41043689466,0.0004132218203508423,17.774350770979492,0.1777435077097949,42583.92562215,43874.3476107,TP,0.3643697494380715,0.017774350770979493,0.018120772867505883,0.008882734018480953,0.009064918893197509,0.017947652911678463,0.3105269728879076,1.747051000000015,0 days 19:55:00
5m,DEVELOPMENT,47,CLOSED,BTCUSDT,LONG,2024-01-30 12:20:00+00:00,2024-01-30 12:25:00+00:00,43778.01,43799.899005,2024-01-30 12:30:00+00:00,43361.90001495,43340.219064942525,0.00041289062162099547,18.084567527111272,0.18084567527111273,43361.90001495,44675.8969851,SL,-0.17180791038999893,0.01808456752711127,0.017894769990914237,0.009037764881113951,0.008951860925919736,0.017989625807033685,-0.22577687371505814,-1.248450499999999,0 days 00:05:00
5m,DEVELOPMENT,48,CLOSED,BTCUSDT,LONG,2024-01-30 20:25:00+00:00,2024-01-30 20:30:00+00:00,43692.01,43713.856005,2024-01-30 23:05:00+00:00,43276.71744495,43255.07908622753,0.0004085436023460362,17.859016204718607,0.17859016204718609,43276.71744495,44588.1331251,SL,-0.1696651164676167,0.01785901620471861,0.01767158582965009,0.008925045579569283,0.008840213021333669,0.01776525860090295,-0.22296097710288834,-1.248450499999988,0 days 02:35:00
5m,DEVELOPMENT,49,CLOSED,BTCUSDT,LONG,2024-01-31 05:45:00+00:00,2024-01-31 05:50:00+00:00,43041.09,43062.610544999996,2024-01-31 09:55:00+00:00,42631.98443955,42610.66844733022,0.0004095496706458345,17.63627796585459,0.17636277965854588,42631.98443955,43923.862755899994,SL,-0.16754904754167693,0.01763627796585459,0.017451185228602947,0.008813732116868615,0.008729957593097514,0.01754368970996613,-0.2201802004461006,-1.2484504999999952,0 days 04:05:00
5m,DEVELOPMENT,50,CLOSED,BTCUSDT,LONG,2024-01-31 15:25:00+00:00,2024-01-31 15:30:00+00:00,43016.8,43038.3084,2024-01-31 20:55:00+00:00,42607.925316,42586.621353342,0.0004046701269896726,17.416317725648696,0.17416317725648697,42607.925316,43899.074568,SL,-0.16545937029714314,0.017416317725648698,0.01723353347111801,0.008703806959344189,0.008621077274195846,0.017324884233540033,-0.21743410572744987,-1.2484505000000004,0 days 05:25:00
5m,DEVELOPMENT,51,CLOSED,BTCUSDT,LONG,2024-02-01 07:30:00+00:00,2024-02-01 07:35:00+00:00,42268.94,42290.07447,2024-02-01 17:25:00+00:00,43135.8759594,43114.3080214203,0.0004066935575866837,17.199100836810086,0.17199100836810086,41867.173725299996,43135.8759594,TP,0.35257726952820995,0.017199100836810085,0.017534311312119518,0.008595252792007915,0.008771541426773234,0.01736679421878115,0.3004770631604992,1.7470510000000015,0 days 09:50:00
5m,DEVELOPMENT,52,CLOSED,BTCUSDT,LONG,2024-02-01 17:25:00+00:00,2024-02-01 17:30:00+00:00,43096.0,43117.547999999995,2024-02-02 13:45:00+00:00,42686.37252,42665.02933374,0.0004058504839626854,17.499277723084315,0.17499277723084317,42686.37252,43979.89896,SL,-0.1662475110024164,0.017499277723084315,0.017315622803380545,0.008745266228426007,0.008662142472925646,0.017407408701351653,-0.21846982023023293,-1.2484504999999895,0 days 20:15:00
5m,DEVELOPMENT,53,CLOSED,BTCUSDT,LONG,2024-02-02 15:55:00+00:00,2024-02-02 16:00:00+00:00,43242.1,43263.72104999999,2024-02-02 18:05:00+00:00,42831.083839499996,42809.66829758025,0.00039943457786377224,17.281026154422744,0.17281026154422743,42831.083839499996,44128.995470999995,SL,-0.16417406656450717,0.017281026154422743,0.01709966178493208,0.00863619497971923,0.008554107946438719,0.017190302926157947,-0.21574505743001995,-1.248450499999991,0 days 02:05:00
5m,DEVELOPMENT,54,CLOSED,BTCUSDT,LONG,2024-02-02 22:20:00+00:00,2024-02-02 22:25:00+00:00,43109.94,43131.49497,2024-02-04 19:05:00+00:00,42700.1800203,42678.82993028985,0.0003956620710316322,17.065496626520627,0.17065496626520626,42700.1800203,43994.1248694,SL,-0.16212648219398168,0.017065496626520626,0.016886394239425295,0.008528484071223677,0.008447420830127658,0.016975904901351334,-0.21305427796127893,-1.2484504999999944,1 days 20:40:00
5m,DEVELOPMENT,55,CLOSED,BTCUSDT,LONG,2024-02-05 03:50:00+00:00,2024-02-05 03:55:00+00:00,42674.74,42696.07737,2024-02-05 13:35:00+00:00,43549.9989174,43528.2239179413,0.0003947120257430776,16.852655189995872,0.16852655189995872,42269.1165963,43549.9989174,TP,0.34547522033664796,0.01685265518999587,0.017181113439648895,0.008422116536730006,0.008594854146897625,0.017016970683627633,0.29442448102337554,1.7470510000000046,0 days 09:40:00
5m,DEVELOPMENT,56,CLOSED,BTCUSDT,LONG,2024-02-05 13:35:00+00:00,2024-02-05 13:40:00+00:00,43481.11,43502.850555,2024-02-05 15:00:00+00:00,43067.82204945,43046.288138425276,0.0003941531490905443,17.14678554066858,0.17146785540668583,43067.82204945,44372.907566099995,SL,-0.16289874719046055,0.01714678554066858,0.01696683002641927,0.008569108216224867,0.008487658842629895,0.017056767058854762,-0.21406912981640316,-1.2484504999999915,0 days 01:20:00
5m,DEVELOPMENT,57,CLOSED,BTCUSDT,LONG,2024-02-06 02:05:00+00:00,2024-02-06 02:10:00+00:00,42787.23,42808.623615000004,2024-02-07 17:35:00+00:00,43664.796087300005,43642.96368925636,0.00039554951400477817,16.93293026612672,0.16932930266126722,42380.53737885,43664.796087300005,TP,0.34712083933859034,0.01693293026612672,0.017262953077013532,0.008462234016055673,0.008635794435723487,0.01709802845177916,0.2958269275436709,1.747051000000008,1 days 15:25:00
5m,DEVELOPMENT,58,CLOSED,BTCUSDT,LONG,2024-02-07 17:35:00+00:00,2024-02-07 17:40:00+00:00,43686.33,43708.173165,2024-02-08 00:25:00+00:00,44582.3366283,44560.04545998585,0.00039417025271763594,17.228461662274242,0.17228461662274241,43271.09143335,44582.3366283,TP,0.353179159113687,0.017228461662274243,0.01756424438007197,0.008609925868202393,0.008786515447759914,0.017396441315962307,0.3009900117553785,1.7470509999999984,0 days 06:45:00
5m,DEVELOPMENT,59,CLOSED,BTCUSDT,LONG,2024-02-08 00:25:00+00:00,2024-02-08 00:30:00+00:00,44497.54,44519.78877,2024-02-08 15:20:00+00:00,45410.1845454,45387.4794531273,0.00039373841316424536,17.52915098470719,0.1752915098470719,44074.5908823,45410.1845454,TP,0.3593432150887995,0.01752915098470719,0.017870794137399133,0.00876019539465561,0.008939867002200431,0.017700062396856044,0.3062432075698372,1.7470510000000021,0 days 14:50:00
5m,DEVELOPMENT,60,CLOSED,BTCUSDT,LONG,2024-02-08 15:20:00+00:00,2024-02-08 15:25:00+00:00,45311.46,45334.11573,2024-02-09 02:55:00+00:00,46240.7980446,46217.6776455777,0.000393414274610066,17.83508825500673,0.1783508825500673,44880.7745727,46240.7980446,TP,0.3656148526838466,0.01783508825500673,0.018182694125096814,0.008913087583710953,0.009095895010053536,0.01800898259376449,0.31158808770997853,1.747051000000005,0 days 11:30:00
5m,DEVELOPMENT,61,CLOSED,BTCUSDT,LONG,2024-02-09 02:55:00+00:00,2024-02-09 03:00:00+00:00,46285.22,46308.36261,2024-02-09 11:50:00+00:00,47234.5298622,47210.9125972689,0.0003918593541890254,18.146365065905808,0.1814636506590581,45845.278983899996,47234.5298622,TP,0.37199594952696313,0.01814636506590581,0.018500037721040315,0.00906864820884665,0.009254646183610965,0.018323294392457615,0.3170262523475594,1.747051000000007,0 days 08:50:00
5m,DEVELOPMENT,62,CLOSED,BTCUSDT,LONG,2024-02-09 11:50:00+00:00,2024-02-09 11:55:00+00:00,47277.29,47300.928645,2024-02-09 14:20:00+00:00,46827.919358549996,46804.50539887072,0.0003903321803104224,18.463074608710563,0.18463074608710564,46827.919358549996,48246.9472179,SL,-0.17540382224467344,0.018463074608710564,0.01826930464069215,0.00922692384243371,0.009139221931311272,0.01836614577374498,-0.23050234726782115,-1.248450500000006,0 days 02:25:00
5m,DEVELOPMENT,63,CLOSED,BTCUSDT,LONG,2024-02-09 18:00:00+00:00,2024-02-09 18:05:00+00:00,47782.02,47805.911009999996,2024-02-09 19:10:00+00:00,47327.85189989999,47304.187973950044,0.0003813922200897713,18.23280253351794,0.18232802533517942,47327.85189989999,48762.029230199994,SL,-0.17321617999109376,0.01823280253351794,0.01804144927092867,0.009111845344086687,0.009025237254091293,0.018137082598177978,-0.22762751439371837,-1.2484505000000052,0 days 01:05:00
5m,DEVELOPMENT,64,CLOSED,BTCUSDT,LONG,2024-02-10 03:05:00+00:00,2024-02-10 03:10:00+00:00,47377.91,47401.598955,2024-02-10 10:50:00+00:00,46927.58296545,46904.11917396727,0.0003798479970334263,18.005402419238504,0.18005402419238503,46927.58296545,48349.6309341,SL,-0.1710558220838223,0.018005402419238505,0.017816435720848595,0.008998202108564135,0.008912674197523195,0.01791087630608733,-0.22478853652999675,-1.2484505000000088,0 days 07:40:00
5m,DEVELOPMENT,65,CLOSED,BTCUSDT,LONG,2024-02-10 13:45:00+00:00,2024-02-10 13:50:00+00:00,47333.0,47356.6665,2024-02-11 03:35:00+00:00,48303.79983,48279.647930085004,0.0003754664287166637,17.780838446681067,0.17780838446681066,46883.099835,48303.79983,TP,0.36450274516884557,0.017780838446681067,0.018127386988006883,0.008885976235222682,0.00906822760780711,0.017954203843029794,0.3106403158911279,1.7470510000000106,0 days 13:45:00
5m,DEVELOPMENT,66,CLOSED,BTCUSDT,LONG,2024-02-11 03:35:00+00:00,2024-02-11 03:40:00+00:00,48293.98,48318.12699,2024-02-12 06:45:00+00:00,47834.9457201,47811.02824723995,0.0003744178336285774,18.091168432586294,0.18091168432586294,47834.9457201,49284.4895298,SL,-0.17187062064141442,0.018091168432586294,0.0179013016198863,0.009041063684448609,0.008955128374129576,0.017996192058578185,-0.22585928275246517,-1.2484504999999968,1 days 03:05:00
5m,DEVELOPMENT,67,CLOSED,BTCUSDT,LONG,2024-02-12 07:25:00+00:00,2024-02-12 07:30:00+00:00,48355.68,48379.85784,2024-02-12 09:50:00+00:00,47896.0592616,47872.111231969204,0.00036927629763954954,17.865534783482932,0.17865534783482934,47896.0592616,49347.4549968,SL,-0.16972704459470825,0.017865534783482934,0.017678035995930284,0.008928303240120169,0.008843439717822444,0.017771742957942614,-0.2230423583320641,-1.248450499999986,0 days 02:20:00
5m,DEVELOPMENT,68,CLOSED,BTCUSDT,LONG,2024-02-12 14:10:00+00:00,2024-02-12 14:15:00+00:00,48109.2,48133.25459999999,2024-02-12 15:10:00+00:00,49095.919691999996,49071.371732153995,0.0003665390049209277,17.64271524468966,0.1764271524468966,47651.922053999995,49095.919691999996,TP,0.3616712540415638,0.01764271524468966,0.017986571764808668,0.008816949147769424,0.008997784774791948,0.017814733922561374,0.30822723310950406,1.747051000000005,0 days 00:55:00
5m,DEVELOPMENT,69,CLOSED,BTCUSDT,LONG,2024-02-12 15:10:00+00:00,2024-02-12 15:15:00+00:00,49094.69,49119.237345,2024-02-12 17:25:00+00:00,50101.622091900004,50076.571280854056,0.00036545018873980186,17.950634558485373,0.17950634558485373,48628.04497155,50101.622091900004,TP,0.36798352303301923,0.017950634558485373,0.018300492426030258,0.00897083186331068,0.009154823624827047,0.01812565548813773,0.31360674056036586,1.7470510000000088,0 days 02:10:00
5m,DEVELOPMENT,70,CLOSED,BTCUSDT,LONG,2024-02-12 17:30:00+00:00,2024-02-12 17:35:00+00:00,50234.01,50259.127005,2024-02-12 18:35:00+00:00,49756.535734950005,49731.657467082536,0.0003633952496584681,18.26392800559863,0.18263928005598629,49756.535734950005,51264.309545100004,SL,-0.1735118797533374,0.018263928005598628,0.018072248081179874,0.009127400302648013,0.009040644362769077,0.01816804466541709,-0.22801610050553298,-1.2484504999999828,0 days 01:00:00
5m,DEVELOPMENT,71,CLOSED,BTCUSDT,LONG,2024-02-13 08:35:00+00:00,2024-02-13 08:40:00+00:00,50126.34,50151.40316999999,2024-02-13 13:30:00+00:00,49649.889138299994,49625.06419373085,0.00035963379992116174,18.036139693405293,0.18036139693405293,49649.889138299994,51154.43123339999,SL,-0.17134783386888394,0.018036139693405295,0.017846850407323006,0.009013563065167901,0.008927889148234612,0.017941452213402515,-0.22517227618301475,-1.2484504999999884,0 days 04:50:00
5m,DEVELOPMENT,72,CLOSED,BTCUSDT,LONG,2024-02-13 20:35:00+00:00,2024-02-13 20:40:00+00:00,49302.01,49326.661005,2024-02-14 08:55:00+00:00,50313.1942251,50288.037627987454,0.0003610865199804564,17.811192364551133,0.17811192364551132,48833.39439495,50313.1942251,TP,0.3651249929004928,0.017811192364551132,0.018158332503736236,0.008901145609470728,0.009083708105919477,0.017984853715390207,0.3111706143168152,1.7470510000000057,0 days 12:15:00
5m,DEVELOPMENT,73,CLOSED,BTCUSDT,LONG,2024-02-14 08:55:00+00:00,2024-02-14 09:00:00+00:00,50758.0,50783.379,2024-02-14 12:00:00+00:00,51799.04658,51773.147056710004,0.00035685006543407415,18.122052119113388,0.18122052119113388,50275.545210000004,51799.04658,TP,0.3714975401929198,0.01812205211911339,0.01847525091491491,0.009056497810651659,0.009242246580747073,0.01829874439139873,0.3166014927674928,1.7470510000000063,0 days 03:00:00
5m,DEVELOPMENT,74,CLOSED,BTCUSDT,LONG,2024-02-14 20:05:00+00:00,2024-02-14 20:10:00+00:00,51783.32,51809.21165999999,2024-02-17 13:30:00+00:00,51291.1195434,51265.4739836283,0.0003558891698193681,18.438337326673324,0.18438337326673324,51291.1195434,52845.395893199995,SL,-0.1751688118840891,0.018438337326673323,0.018244826976429887,0.009214561382643156,0.009126976976703113,0.01834153835934627,-0.23019351454653858,-1.2484504999999937,2 days 17:20:00
5m,DEVELOPMENT,75,CLOSED,BTCUSDT,LONG,2024-02-17 19:10:00+00:00,2024-02-17 19:15:00+00:00,51306.65,51332.303325,2024-02-18 22:35:00+00:00,52358.9493915,52332.76991680425,0.00035471569745069065,18.20837377567778,0.18208373775677783,50818.98029175,52358.9493915,TP,0.37326711258285883,0.018208373775677782,0.01856325498056574,0.009099637069303996,0.009286270625594157,0.018385907694898153,0.3181095761317171,1.7470510000000035,1 days 03:20:00
5m,DEVELOPMENT,76,CLOSED,BTCUSDT,LONG,2024-02-19 06:05:00+00:00,2024-02-19 06:10:00+00:00,52312.39,52338.546194999995,2024-02-19 16:55:00+00:00,51815.16073305,51789.25315268347,0.00035396790524141444,18.526165560025152,0.1852616556002515,51815.16073305,53385.3171189,SL,-0.1760032020470163,0.018526165560025152,0.018331733452472687,0.009258453553234519,0.00917045195221263,0.01842890550544715,-0.23129000656496126,-1.248450499999997,0 days 10:45:00
5m,DEVELOPMENT,77,CLOSED,BTCUSDT,LONG,2024-02-20 04:45:00+00:00,2024-02-20 04:50:00+00:00,51818.0,51843.909,2024-02-20 13:35:00+00:00,52880.78718,52854.34678641,0.00035288825563689277,18.295106612407807,0.18295106612407808,51325.46991,52880.78718,TP,0.37504511406345215,0.018295106612407807,0.018651678240283635,0.009142981815296132,0.009330504372327013,0.018473486187623143,0.3196248430231376,1.7470510000000048,0 days 08:45:00
5m,DEVELOPMENT,78,CLOSED,BTCUSDT,LONG,2024-02-20 13:35:00+00:00,2024-02-20 13:40:00+00:00,52899.98,52926.42999,2024-02-20 14:05:00+00:00,52397.165690099995,52370.967107254946,0.000351703527961559,18.614412149893457,0.18614412149893458,52397.165690099995,53984.9585898,SL,-0.17684156670138948,0.01861441214989346,0.018419053894380328,0.009302554797545742,0.009214134014196842,0.018516688811742586,-0.23239172155740587,-1.2484505000000012,0 days 00:25:00
5m,DEVELOPMENT,79,CLOSED,BTCUSDT,LONG,2024-02-20 19:45:00+00:00,2024-02-20 19:50:00+00:00,51983.77,52009.76188499999,2024-02-21 07:05:00+00:00,51489.66426614999,51463.91943401692,0.0003534385069584337,18.38225258789805,0.18382252587898051,51489.66426614999,53049.95712269999,SL,-0.17463599285154632,0.01838225258789805,0.01818933084698806,0.009186533027433831,0.009099215031009161,0.01828574805844299,-0.22949332434487543,-1.2484504999999961,0 days 11:15:00
5m,DEVELOPMENT,80,CLOSED,BTCUSDT,LONG,2024-02-21 21:55:00+00:00,2024-02-21 22:00:00+00:00,51385.35,51411.042675,2024-02-23 07:45:00+00:00,50896.93224825,50871.48378212588,0.00035309512476471987,18.152988527613463,0.18152988527613464,50896.93224825,52439.2635285,SL,-0.17245792699146997,0.01815298852761346,0.01796247291301616,0.009071958284663841,0.008985729321167677,0.01805768760583152,-0.22663107603793112,-1.24845049999999,1 days 09:45:00
5m,DEVELOPMENT,81,CLOSED,BTCUSDT,LONG,2024-02-24 04:15:00+00:00,2024-02-24 04:20:00+00:00,50950.0,50975.475,2024-02-26 15:10:00+00:00,51994.9845,51968.98700775,0.0003516707565009821,17.9265838562469,0.179265838562469,50465.72025,51994.9845,TP,0.36749048964680003,0.0179265838562469,0.018275972975605154,0.008958812521862007,0.009142557766684817,0.018101370288546824,0.3131865625264012,1.7470510000000066,2 days 10:50:00
5m,DEVELOPMENT,82,CLOSED,BTCUSDT,LONG,2024-02-26 15:10:00+00:00,2024-02-26 15:15:00+00:00,51925.89,51951.852945,2024-02-26 16:05:00+00:00,52990.8900039,52964.39455889805,0.00035108386922010423,18.239457545084466,0.18239457545084467,51432.33441555,52990.8900039,TP,0.37390432208863833,0.018239457545084468,0.01859494457263816,0.009115171186948516,0.009302123347993229,0.018417294534941744,0.3186526254359739,1.7470510000000015,0 days 00:50:00
5m,DEVELOPMENT,83,CLOSED,BTCUSDT,LONG,2024-02-26 16:05:00+00:00,2024-02-26 16:10:00+00:00,53423.28,53449.99163999999,2024-02-26 20:00:00+00:00,54518.99147279999,54491.731977063595,0.0003471991532051304,18.557791836229296,0.18557791836229295,52915.49172359999,54518.99147279999,TP,0.38043009551330426,0.018557791836229295,0.018919483199117407,0.009274258788718234,0.009464473836476282,0.018738732625194515,0.32421408785276307,1.7470510000000044,0 days 03:50:00
5m,DEVELOPMENT,84,CLOSED,BTCUSDT,LONG,2024-02-26 20:00:00+00:00,2024-02-26 20:05:00+00:00,54593.39,54620.686695,2024-02-27 01:55:00+00:00,55713.1004289,55685.24387868555,0.0003456873792033971,18.88168203388441,0.1888168203388441,54074.479828049996,55713.1004289,TP,0.38706976363315204,0.01888168203388441,0.01924968601672482,0.009436122955463531,0.009629657837280484,0.019065780792744014,0.3298726147897988,1.7470510000000048,0 days 05:50:00
5m,DEVELOPMENT,85,CLOSED,BTCUSDT,LONG,2024-02-27 01:55:00+00:00,2024-02-27 02:00:00+00:00,55768.41,55796.294205,2024-02-27 02:05:00+00:00,56912.220089099996,56883.763979055446,0.00034431005462511423,19.211225105602495,0.19211225105602495,55238.33126295,56912.220089099996,TP,0.3938253142587751,0.019211225105602494,0.019585651882910685,0.009600812146726105,0.009797724803857225,0.01939853695058333,0.3356299003196786,1.7470509999999957,0 days 00:05:00
5m,DEVELOPMENT,86,CLOSED,BTCUSDT,LONG,2024-02-27 02:05:00+00:00,2024-02-27 02:10:00+00:00,56566.57,56594.853285,2024-02-27 03:50:00+00:00,56028.904752149996,56000.89029977392,0.00034537627675937637,19.54651971131646,0.1954651971131646,56028.904752149996,57726.7503507,SL,-0.18569682144534155,0.01954651971131646,0.019341378986946194,0.009768375667823525,0.00967552725710182,0.019443902924925344,-0.24402862306852954,-1.2484505000000032,0 days 01:40:00
5m,DEVELOPMENT,87,CLOSED,BTCUSDT,LONG,2024-02-27 09:30:00+00:00,2024-02-27 09:35:00+00:00,56562.63,56590.911315,2024-02-28 07:35:00+00:00,57722.729541299996,57693.86817652935,0.00034109249037609637,19.30273487308616,0.19302734873086158,56025.002201849995,57722.729541299996,TP,0.3957012416261835,0.01930273487308616,0.01967894517576261,0.00964654416446091,0.009844394785271993,0.019490938949732903,0.3372286226276018,1.7470510000000068,0 days 22:00:00
5m,DEVELOPMENT,88,CLOSED,BTCUSDT,LONG,2024-02-28 07:35:00+00:00,2024-02-28 07:40:00+00:00,57694.0,57722.846999999994,2024-02-28 08:40:00+00:00,58877.30394,58847.86528803,0.00034024008905837353,19.63962660398287,0.19639626603982868,57145.61852999999,58877.30394,TP,0.4026074379287236,0.01963962660398287,0.020022402926494497,0.009814905849064961,0.010016209568030692,0.019831115417095653,0.3431142929811506,1.7470510000000095,0 days 01:00:00
5m,DEVELOPMENT,89,CLOSED,BTCUSDT,LONG,2024-02-28 08:40:00+00:00,2024-02-28 08:45:00+00:00,58841.11,58870.530555,2024-02-28 13:20:00+00:00,60047.9411661,60017.91719551695,0.0003394295573194119,19.98239812544256,0.1998239812544256,58281.82524945,60047.9411661,TP,0.40963416846859163,0.01998239812544256,0.02037185506490744,0.00998620595974038,0.010191023043974458,0.02017722900371484,0.3491026862745268,1.7470510000000063,0 days 04:35:00
5m,DEVELOPMENT,90,CLOSED,BTCUSDT,LONG,2024-02-28 13:20:00+00:00,2024-02-28 13:25:00+00:00,60305.54,60335.692769999994,2024-02-28 16:25:00+00:00,61542.40662539999,61511.635422087296,0.00033696724317539895,20.33115205778475,0.2033115205778475,59732.335842299995,61542.40662539999,TP,0.4167835369366938,0.02033115205778475,0.020727406211390974,0.010160495780999625,0.010368887549468684,0.02052938333046831,0.3551955953370498,1.747051000000004,0 days 03:00:00
5m,DEVELOPMENT,91,CLOSED,BTCUSDT,LONG,2024-02-28 16:25:00+00:00,2024-02-28 16:30:00+00:00,61408.88,61439.58443999999,2024-02-28 17:00:00+00:00,62668.376128799995,62637.0419407356,0.0003366883581800349,20.685992812367218,0.20685992812367218,60825.18859559999,62668.376128799995,TP,0.42405768373978103,0.02068599281236722,0.02108916281228026,0.010337827492435394,0.010549856334304908,0.020887683826740302,0.36139484428839325,1.7470510000000177,0 days 00:30:00
5m,DEVELOPMENT,92,CLOSED,BTCUSDT,LONG,2024-02-28 17:00:00+00:00,2024-02-28 17:05:00+00:00,62763.0,62794.381499999996,2024-02-28 17:25:00+00:00,62166.437685,62135.3544661575,0.00033517372287272443,21.04702662284513,0.2104702662284513,62166.437685,64050.26912999999,SL,-0.19995201204412189,0.02104702662284513,0.02082613807843837,0.010518254184329017,0.010418278178307485,0.0209365323626365,-0.2627617091080419,-1.2484504999999941,0 days 00:20:00
5m,DEVELOPMENT,93,CLOSED,BTCUSDT,LONG,2024-02-28 23:00:00+00:00,2024-02-28 23:05:00+00:00,61504.58,61535.33229,2024-02-29 06:00:00+00:00,62766.0389358,62734.65591633211,0.00033776574594567764,20.784527412946993,0.20784527412946993,60919.978967099996,62766.0389358,TP,0.4260776184303281,0.020784527412946993,0.021189617852225333,0.010387070171386695,0.010600108980601545,0.02098717915198824,0.3631162940131675,1.747051000000014,0 days 06:55:00
5m,DEVELOPMENT,94,CLOSED,BTCUSDT,LONG,2024-02-29 06:00:00+00:00,2024-02-29 06:05:00+00:00,62879.72,62911.15986,2024-02-29 09:30:00+00:00,62282.0482614,62250.907237269304,0.00033614514500257206,21.147280953419692,0.21147280953419692,62282.0482614,64169.3830572,SL,-0.20090445323563697,0.02114728095341969,0.020925340239813555,0.01056835629856009,0.01046790407194102,0.02103626037050111,-0.26401333479937134,-1.2484504999999926,0 days 03:25:00
5m,DEVELOPMENT,95,CLOSED,BTCUSDT,LONG,2024-02-29 11:35:00+00:00,2024-02-29 11:40:00+00:00,63168.79,63200.374395,2024-02-29 12:05:00+00:00,62568.37065105,62537.086465724475,0.00033043366543502163,20.88353136820554,0.20883531368205538,62568.37065105,64464.3818829,SL,-0.1983987662716588,0.02088353136820554,0.02066435870649622,0.010436547410396922,0.010337348027261127,0.02077389543765805,-0.26072055178401865,-1.2484504999999988,0 days 00:25:00
5m,DEVELOPMENT,96,CLOSED,BTCUSDT,LONG,2024-02-29 14:30:00+00:00,2024-02-29 14:35:00+00:00,63403.2,63434.90159999999,2024-02-29 14:45:00+00:00,62800.55258399999,62769.15230770799,0.00032510606553085936,20.623071276513212,0.20623071276513213,62800.55258399999,64703.59963199999,SL,-0.19592433031810136,0.02062307127651321,0.020406632143466205,0.010306382447030832,0.010208420281873727,0.02051480272890456,-0.2574688364669853,-1.2484504999999986,0 days 00:10:00
5m,DEVELOPMENT,97,CLOSED,BTCUSDT,LONG,2024-03-01 06:15:00+00:00,2024-03-01 06:20:00+00:00,61740.0,61770.869999999995,2024-03-01 15:55:00+00:00,61153.16129999999,61122.584719349994,0.00032970006172280026,20.36585965167107,0.2036585965167107,61153.16129999999,63006.287399999994,SL,-0.19348075561133035,0.02036585965167107,0.02015211995462678,0.010177840905381309,0.010081100527576686,0.020258941432957995,-0.2542576766505862,-1.2484505000000021,0 days 09:35:00
5m,DEVELOPMENT,98,CLOSED,BTCUSDT,LONG,2024-03-01 20:25:00+00:00,2024-03-01 20:30:00+00:00,62498.87,62530.119435,2024-03-02 05:15:00+00:00,61904.81824065,61873.86583152968,0.0003216346963737966,20.111855978693463,0.20111855978693463,61904.81824065,63780.721823700005,SL,-0.19106765724885835,0.020111855978693464,0.019900782050197074,0.010050902538077017,0.009955368709451727,0.020006271247528747,-0.2510865665252776,-1.248450499999996,0 days 08:45:00
5m,DEVELOPMENT,99,CLOSED,BTCUSDT,LONG,2024-03-02 18:55:00+00:00,2024-03-02 19:00:00+00:00,62024.29,62055.302144999994,2024-03-03 07:25:00+00:00,61434.74912354999,61404.03174898822,0.000320053558058443,19.861020247898978,0.19861020247898978,61434.74912354999,63296.40818789999,SL,-0.18868465512871857,0.01986102024789898,0.01965257884039728,0.009925547350272216,0.009831205022708154,0.01975675237298037,-0.24795500658999522,-1.248450499999996,0 days 12:25:00
5m,DEVELOPMENT,100,CLOSED,BTCUSDT,LONG,2024-03-03 12:00:00+00:00,2024-03-03 12:05:00+00:00,61900.0,61930.95,2024-03-03 22:20:00+00:00,63169.568999999996,63137.9842155,0.0003166964651536635,19.613312948608275,0.19613312948608275,61311.640499999994,63169.568999999996,TP,0.40206801456867014,0.019613312948608276,0.019995576417976654,0.009801755596504964,0.01000278960378873,0.019804545200293695,0.34265458000179144,1.7470510000000057,0 days 10:15:00
5m,DEVELOPMENT,101,CLOSED,BTCUSDT,LONG,2024-03-03 22:20:00+00:00,2024-03-03 22:25:00+00:00,63165.99,63197.572994999995,2024-03-04 00:45:00+00:00,62565.59726505,62534.314466417476,0.0003157656895767369,19.955625216342337,0.19955625216342338,62565.59726505,64461.5244549,SL,-0.18958342596835004,0.019955625216342338,0.019746190929696827,0.009972826195072695,0.009878034482088198,0.019850860677160895,-0.2491361027915501,-1.2484504999999906,0 days 02:20:00
5m,DEVELOPMENT,102,CLOSED,BTCUSDT,LONG,2024-03-04 07:35:00+00:00,2024-03-04 07:40:00+00:00,63862.43,63894.361215,2024-03-04 08:35:00+00:00,65172.2484393,65139.66231508035,0.000308426872513125,19.706738000766364,0.19706738000766366,63255.41760284999,65172.2484393,TP,0.40398320479332067,0.019706738000766364,0.020090822324401302,0.009848444777993223,0.010050436380390198,0.01989888115838342,0.34428676330976954,1.7470510000000037,0 days 00:55:00
5m,DEVELOPMENT,103,CLOSED,BTCUSDT,LONG,2024-03-04 08:35:00+00:00,2024-03-04 08:40:00+00:00,65138.03,65170.59901499999,2024-03-04 15:40:00+00:00,66474.01099529999,66440.77398980234,0.0003076645162742893,20.050680821255646,0.20050680821255648,64518.89302484999,66474.01099529999,TP,0.41103394667061594,0.020050680821255648,0.02044146859046192,0.010020330245503124,0.010225847218840099,0.02024617746434322,0.35029561979455515,1.7470510000000006,0 days 07:00:00
5m,DEVELOPMENT,104,CLOSED,BTCUSDT,LONG,2024-03-04 15:40:00+00:00,2024-03-04 15:45:00+00:00,66402.71,66435.911355,2024-03-04 20:40:00+00:00,67764.62958210001,67730.74726730897,0.0003070722758112766,20.400626495376084,0.20400626495376084,65771.55224145,67764.62958210001,TP,0.4182077455473907,0.020400626495376085,0.02079823470577097,0.010195215639867316,0.010404319512640064,0.02059953515250738,0.3564093491937363,1.747051000000017,0 days 04:55:00
5m,DEVELOPMENT,105,CLOSED,BTCUSDT,LONG,2024-03-04 22:55:00+00:00,2024-03-04 23:00:00+00:00,67929.12,67963.08455999999,2024-03-05 04:50:00+00:00,67283.45371439999,67249.8119875428,0.00030541109082459704,20.756679791273925,0.20756679791273924,67283.45371439999,69322.34625119998,SL,-0.197193644593763,0.020756679791273925,0.020538838436864507,0.01037315331897536,0.01027455649667961,0.020647709815654967,-0.2591368726375564,-1.248450499999991,0 days 05:50:00
5m,DEVELOPMENT,106,CLOSED,BTCUSDT,LONG,2024-03-05 12:35:00+00:00,2024-03-05 12:40:00+00:00,67179.61,67213.199805,2024-03-05 14:45:00+00:00,68557.46380109999,68523.18506919945,0.0003049669091205234,20.497801796631013,0.20497801796631013,66541.06780695,68557.46380109999,TP,0.42019981494142866,0.020497801796631014,0.02089730395364735,0.010243779008809874,0.010453878916279923,0.020697657925089798,0.35810705126606046,1.747051000000002,0 days 02:05:00
5m,DEVELOPMENT,107,CLOSED,BTCUSDT,LONG,2024-03-05 14:45:00+00:00,2024-03-05 14:50:00+00:00,68519.87,68554.12993499999,2024-03-05 15:05:00+00:00,67868.58863564998,67834.65434133216,0.00030422019969284756,20.855551098595114,0.20855551098595115,67868.58863564998,69925.21253369999,SL,-0.1981329467187909,0.020855551098595115,0.02063667208981536,0.01042256426716233,0.010323497793803024,0.020746062060965353,-0.2603712319681667,-1.2484505000000024,0 days 00:15:00
5m,DEVELOPMENT,108,CLOSED,BTCUSDT,LONG,2024-03-05 23:40:00+00:00,2024-03-05 23:45:00+00:00,64099.6,64131.64979999999,2024-03-06 00:55:00+00:00,63490.33330199999,63458.588135349,0.00032114314916233144,20.5954399777478,0.205954399777478,63490.33330199999,65414.28279599999,SL,-0.1956618260754573,0.020595439977747803,0.020379290835181342,0.010292573702020774,0.010194742788983585,0.02048731649100436,-0.2571238733793908,-1.2484504999999926,0 days 01:10:00
5m,DEVELOPMENT,109,CLOSED,BTCUSDT,LONG,2024-03-06 04:50:00+00:00,2024-03-06 04:55:00+00:00,64263.99,64296.121994999994,2024-03-06 05:20:00+00:00,65582.04443489999,65549.25341268255,0.00031632658922969603,20.338572971374788,0.20338572971374788,63653.16077505,65582.04443489999,TP,0.41693566381098834,0.02033857297137479,0.020734971758586886,0.010164204383494411,0.010372672215397854,0.020536876598892265,0.3553252424821343,1.7470510000000068,0 days 00:25:00
5m,DEVELOPMENT,110,CLOSED,BTCUSDT,LONG,2024-03-06 05:20:00+00:00,2024-03-06 05:25:00+00:00,65655.62,65688.44781,2024-03-06 08:10:00+00:00,67002.2167662,66968.71565781691,0.00031502560851246755,20.693543243584717,0.20693543243584717,65031.5633319,67002.2167662,TP,0.42421246569307725,0.020693543243584717,0.021096860401402188,0.010341600821382455,0.010553707054225203,0.020895307875607658,0.36152675417248265,1.7470510000000166,0 days 02:45:00
5m,DEVELOPMENT,111,CLOSED,BTCUSDT,LONG,2024-03-06 08:10:00+00:00,2024-03-06 08:15:00+00:00,67301.3,67334.95065,2024-03-06 09:30:00+00:00,66661.6011435,66628.27034292826,0.00031268618494440995,21.054708832168615,0.21054708832168614,66661.6011435,68681.649663,SL,-0.2000249949522886,0.021054708832168614,0.02083373966297501,0.010522093369398342,0.0104220808719206,0.02094417424131894,-0.26285761768875116,-1.2484504999999901,0 days 01:15:00
5m,DEVELOPMENT,112,CLOSED,BTCUSDT,LONG,2024-03-06 17:55:00+00:00,2024-03-06 18:00:00+00:00,67324.84,67358.50241999999,2024-03-06 18:45:00+00:00,66684.91739579999,66651.5749371021,0.0003086783859869333,20.792113809502535,0.20792113809502535,66684.91739579999,68705.6724684,SL,-0.19753027662101366,0.020792113809502535,0.02057390057507181,0.010390861474012192,0.01029209633570205,0.020682957809714242,-0.25957924881530225,-1.2484504999999944,0 days 00:45:00
5m,DEVELOPMENT,113,CLOSED,BTCUSDT,LONG,2024-03-07 07:35:00+00:00,2024-03-07 07:40:00+00:00,66349.18,66382.35458999999,2024-03-07 14:35:00+00:00,67710.00168179999,67676.1466809591,0.0003093110210903732,20.53279388061612,0.20532793880616118,65718.53104409999,67710.00168179999,TP,0.4209171439194747,0.02053279388061612,0.020932978033349328,0.01026126630715296,0.010471724879112026,0.02073299118626499,0.3587183808192443,1.7470510000000077,0 days 06:55:00
5m,DEVELOPMENT,114,CLOSED,BTCUSDT,LONG,2024-03-07 14:35:00+00:00,2024-03-07 14:40:00+00:00,67848.49,67882.414245,2024-03-07 14:40:00+00:00,67203.59010255,67169.98830749873,0.00030775502217723997,20.89115390141457,0.2089115390141457,67203.59010255,69240.06252990001,SL,-0.19847118224182425,0.02089115390141457,0.02067190124121922,0.01044035677232173,0.010341121181200513,0.020781477953522243,-0.2608157153379803,-1.248450500000003,0 days 00:00:00
5m,DEVELOPMENT,115,CLOSED,BTCUSDT,LONG,2024-03-08 06:50:00+00:00,2024-03-08 06:55:00+00:00,67371.01,67404.695505,2024-03-08 15:10:00+00:00,68752.7894151,68718.41302039244,0.00030607064666149874,20.630598741236767,0.20630598741236766,66730.64854995,68752.7894151,TP,0.4229221191232039,0.020630598741236766,0.02103268911070347,0.010310144298469543,0.010521605358030593,0.020831749656500136,0.3604270816147635,1.747050999999996,0 days 08:15:00
5m,DEVELOPMENT,116,CLOSED,BTCUSDT,LONG,2024-03-08 15:10:00+00:00,2024-03-08 15:15:00+00:00,68791.92,68826.31595999999,2024-03-08 15:30:00+00:00,68138.0528004,68103.9837739998,0.0003049802312248725,20.990665755836933,0.20990665755836932,68138.0528004,70202.84227919999,SL,-0.19941656972436936,0.020990665755836933,0.020770368718729428,0.010490087833999752,0.010390379549136115,0.020880467383135867,-0.26205807158207156,-1.248450499999984,0 days 00:15:00
5m,DEVELOPMENT,117,CLOSED,BTCUSDT,LONG,2024-03-08 19:55:00+00:00,2024-03-08 20:00:00+00:00,68864.0,68898.432,2024-03-08 21:50:00+00:00,68209.44768,68175.34295616,0.000300861266052182,20.72886948053017,0.2072886948053017,68209.44768,70276.40064,SL,-0.19692943969259372,0.02072886948053017,0.020511319995332008,0.01035925511270894,0.010260790392859875,0.020620045505568816,-0.2587896746740247,-1.2484504999999921,0 days 01:50:00
5m,DEVELOPMENT,118,CLOSED,BTCUSDT,LONG,2024-03-09 04:35:00+00:00,2024-03-09 04:40:00+00:00,68285.17,68319.31258499999,2024-03-10 08:55:00+00:00,69685.69883669999,69650.85598728164,0.00029962740493811837,20.470338336999678,0.20470338336999677,67636.11945915,69685.69883669999,TP,0.4196368208814193,0.02047033833699968,0.020869305231187803,0.01023005414142737,0.01043987255186873,0.0206699266932961,0.3576272506199357,1.7470509999999975,1 days 04:15:00
5m,DEVELOPMENT,119,CLOSED,BTCUSDT,LONG,2024-03-10 08:55:00+00:00,2024-03-10 09:00:00+00:00,69635.35,69670.167675,2024-03-10 14:40:00+00:00,68973.46599825,68938.97926525088,0.0002989458618040993,20.827608317638976,0.20827608317638976,68973.46599825,71063.57102850001,SL,-0.19786748331750098,0.020827608317638975,0.020609022568345358,0.01040859985888957,0.010309666117231232,0.020718265976120802,-0.2600223801796061,-1.2484505000000035,0 days 05:40:00
5m,DEVELOPMENT,120,CLOSED,BTCUSDT,LONG,2024-03-11 06:50:00+00:00,2024-03-11 06:55:00+00:00,69007.97,69042.473985,2024-03-11 07:10:00+00:00,70423.3234647,70388.11180296766,0.0002979013426509811,20.567845700076933,0.20567845700076934,68352.04924515,70423.3234647,TP,0.4216356974598495,0.020567845700076935,0.020968713012771437,0.010278783458310209,0.010489601307038684,0.020768384765348893,0.35933075398165226,1.7470510000000057,0 days 00:15:00
5m,DEVELOPMENT,121,CLOSED,BTCUSDT,LONG,2024-03-11 07:10:00+00:00,2024-03-11 07:15:00+00:00,70447.12,70482.34356,2024-03-11 11:40:00+00:00,71891.9904312,71856.0444359844,0.00029690865009989164,20.926817482276387,0.20926817482276389,69777.52012439999,71891.9904312,TP,0.42899452929684173,0.02092681748227639,0.021334681155005957,0.010458179651312106,0.010672676915961861,0.021130856567273967,0.3656021740922854,1.7470510000000046,0 days 04:25:00
5m,DEVELOPMENT,122,CLOSED,BTCUSDT,LONG,2024-03-11 11:40:00+00:00,2024-03-11 11:45:00+00:00,72042.0,72078.021,2024-03-11 11:55:00+00:00,71357.24079,71321.562169605,0.00029540287211036944,21.29205441943152,0.2129205441943152,71357.24079,73519.58141999999,SL,-0.20227983733802873,0.02129205441943152,0.021068594308299587,0.010640706856285657,0.01053956693761956,0.02118027379390522,-0.2658207598596651,-1.2484505000000008,0 days 00:10:00
5m,DEVELOPMENT,123,CLOSED,BTCUSDT,LONG,2024-03-11 13:20:00+00:00,2024-03-11 13:25:00+00:00,72334.25,72370.41712499999,2024-03-11 13:40:00+00:00,71646.71295374999,71610.88959727311,0.0002905399754496235,21.02649921477651,0.21026499214776512,71646.71295374999,73817.82546749999,SL,-0.19975699653818577,0.02102649921477651,0.02080582610551743,0.010507995609581334,0.010408117111314176,0.02091611272089551,-0.2625054345793752,-1.2484505000000083,0 days 00:15:00
5m,DEVELOPMENT,124,CLOSED,BTCUSDT,LONG,2024-03-11 15:30:00+00:00,2024-03-11 15:35:00+00:00,72500.0,72536.25,2024-03-11 16:00:00+00:00,71810.8875,71774.98205625,0.00028626040115650487,20.764256023388526,0.20764256023388528,71810.8875,73986.975,SL,-0.1972656206919628,0.020764256023388526,0.02054633515642306,0.010376939541923301,0.010278306731577813,0.020655246273501113,-0.2592314581452755,-1.2484505000000061,0 days 00:25:00
5m,DEVELOPMENT,125,CLOSED,BTCUSDT,LONG,2024-03-12 14:00:00+00:00,2024-03-12 14:05:00+00:00,72536.49,72572.758245,2024-03-12 14:05:00+00:00,71847.03066255001,71811.10714721873,0.00028254794269365736,20.50528353772891,0.2050528353772891,71847.03066255001,74024.21340990001,SL,-0.19480531736742857,0.020505283537728913,0.020290080587000447,0.010247518009859326,0.010150115351176256,0.02039763336103558,-0.25599831485319346,-1.2484504999999961,0 days 00:00:00
5m,DEVELOPMENT,126,CLOSED,BTCUSDT,LONG,2024-03-13 00:05:00+00:00,2024-03-13 00:10:00+00:00,71603.71,71639.511855,2024-03-13 07:15:00+00:00,73072.3020921,73035.76594105395,0.00028265883506344274,20.249540965448,0.20249540965447999,70923.11673645,73072.3020921,TP,0.4151105299363681,0.020249540965448,0.020644204518864576,0.010119710627409696,0.010327265892378416,0.020446976519788114,0.35376980793226737,1.7470509999999924,0 days 07:05:00
5m,DEVELOPMENT,127,CLOSED,BTCUSDT,LONG,2024-03-13 08:10:00+00:00,2024-03-13 08:15:00+00:00,73190.03,73226.625015,2024-03-13 12:35:00+00:00,72494.35876485,72458.11158546757,0.0002813588275134672,20.60295735698873,0.2060295735698873,72494.35876485,74691.1575153,SL,-0.1957332430566503,0.02060295735698873,0.02038672931952713,0.010296330513237454,0.01019846389170871,0.020494794404946164,-0.25721772413811234,-1.2484504999999988,0 days 04:20:00
5m,DEVELOPMENT,128,CLOSED,BTCUSDT,LONG,2024-03-13 19:55:00+00:00,2024-03-13 20:00:00+00:00,73349.24,73385.91462,2024-03-14 01:00:00+00:00,72652.05547379999,72615.7294460631,0.0002772466174056385,20.34599659361399,0.2034599659361399,72652.05547379999,74853.6329124,SL,-0.19329205159650645,0.02034599659361399,0.020132465359364013,0.010167914339634593,0.010071268313838158,0.02023918265347275,-0.2540096962029572,-1.248450500000002,0 days 05:00:00
5m,DEVELOPMENT,129,CLOSED,BTCUSDT,LONG,2024-03-14 03:20:00+00:00,2024-03-14 03:25:00+00:00,73228.25,73264.864125,2024-03-14 12:25:00+00:00,72532.21548375,72495.94937600812,0.0002742411508342001,20.0922406533513,0.200922406533513,72532.21548375,74730.1614075,SL,-0.19088130675672618,0.0200922406533513,0.01988137258769438,0.010041099776785278,0.0099456591234087,0.01998675890019398,-0.2508416788979659,-1.2484504999999915,0 days 09:00:00
5m,DEVELOPMENT,130,CLOSED,BTCUSDT,LONG,2024-03-14 22:00:00+00:00,2024-03-14 22:05:00+00:00,71322.84,71358.50141999999,2024-03-15 02:30:00+00:00,70644.91640579999,70609.5939475971,0.0002780558611896526,19.841649565541143,0.19841649565541145,70644.91640579999,72785.67144839998,SL,-0.188500628806068,0.019841649565541145,0.019633411453350794,0.009915866849342968,0.009821616534940769,0.019737483384283737,-0.2477131732092437,-1.248450499999987,0 days 04:25:00
5m,DEVELOPMENT,131,CLOSED,BTCUSDT,LONG,2024-03-15 13:00:00+00:00,2024-03-15 13:05:00+00:00,68211.59,68245.69579499999,2024-03-15 13:30:00+00:00,67563.23883705,67529.45721763148,0.00028711237580311943,19.594183858039404,0.19594183858039405,67563.23883705,69610.6097109,SL,-0.18614964274928963,0.019594183858039405,0.01938854289844929,0.00979219583110296,0.009699121009726438,0.0194913168408294,-0.24462368634660772,-1.248450499999977,0 days 00:25:00
5m,DEVELOPMENT,132,CLOSED,BTCUSDT,LONG,2024-03-15 13:45:00+00:00,2024-03-15 13:50:00+00:00,68368.03,68402.21401499999,2024-03-15 16:05:00+00:00,67718.19187484999,67684.33277891256,0.0002828827228714644,19.34980455099984,0.19349804550999838,67718.19187484999,69770.2582953,SL,-0.1838279782681224,0.019349804550999838,0.019146728352237095,0.009670067241876615,0.009578153252745459,0.019248220494622076,-0.2415727316659814,-1.248450500000006,0 days 02:15:00
5m,DEVELOPMENT,133,CLOSED,BTCUSDT,LONG,2024-03-15 18:40:00+00:00,2024-03-15 18:45:00+00:00,69259.97,69294.599985,2024-03-15 19:50:00+00:00,68601.65398515,68567.35315815742,0.00027575703092117546,19.108473150734127,0.1910847315073413,68601.65398515,70680.4919847,SL,-0.18153526966289724,0.019108473150734127,0.01890792972501717,0.00954946184444272,0.009458694209614123,0.01900815605405684,-0.2385598285927054,-1.2484504999999968,0 days 01:05:00
5m,DEVELOPMENT,134,CLOSED,BTCUSDT,LONG,2024-03-16 00:05:00+00:00,2024-03-16 00:10:00+00:00,69884.64,69919.58232,2024-03-16 01:30:00+00:00,69220.3864968,69185.7763035516,0.0002698836437163732,18.870151643648505,0.18870151643648506,69220.3864968,71317.97396640001,SL,-0.17927115579498193,0.018870151643648504,0.018672109402148414,0.00943036064150402,0.00934072506360645,0.01877108570511047,-0.23558450254588933,-1.2484505000000072,0 days 01:20:00
5m,DEVELOPMENT,135,CLOSED,BTCUSDT,LONG,2024-03-16 07:35:00+00:00,2024-03-16 07:40:00+00:00,69386.7,69421.39335,2024-03-16 10:10:00+00:00,68727.1794165,68692.81582679176,0.0002684302574612039,18.634802490256007,0.18634802490256008,68727.1794165,70809.821217,SL,-0.17703528002986688,0.01863480249025601,0.018439230238120774,0.009312744872692028,0.009224227232674635,0.018536972105366662,-0.2326462848636103,-1.2484504999999824,0 days 02:30:00
5m,DEVELOPMENT,136,CLOSED,BTCUSDT,LONG,2024-03-17 10:15:00+00:00,2024-03-17 10:20:00+00:00,67039.97,67073.489985,2024-03-17 17:50:00+00:00,68414.9597847,68380.75230480765,0.0002743615789692593,18.402388619263398,0.184023886192634,66402.75508515,68414.9597847,TP,0.3772443683968927,0.0184023886192634,0.018761051173452847,0.009196596011623615,0.009385218195822203,0.01858181420744582,0.3214991143967306,1.7470510000000175,0 days 07:30:00
5m,DEVELOPMENT,137,CLOSED,BTCUSDT,LONG,2024-03-17 17:50:00+00:00,2024-03-17 17:55:00+00:00,68627.75,68662.06387499999,2024-03-17 21:50:00+00:00,67975.44323625,67941.45551463187,0.00027269157812981153,18.72356655572367,0.18723566555723672,67975.44323625,70035.30515249999,SL,-0.17787856083173934,0.018723566555723672,0.01852706272472135,0.009357104725497055,0.009268165445081689,0.018625270170578745,-0.23375446028276312,-1.2484504999999901,0 days 03:55:00
5m,DEVELOPMENT,138,CLOSED,BTCUSDT,LONG,2024-03-17 22:35:00+00:00,2024-03-17 22:40:00+00:00,68871.0,68905.43549999999,2024-03-17 22:55:00+00:00,68216.38114499999,68182.27295442749,0.00026833943479510046,18.490045616380247,0.18490045616380246,68216.38114499999,70283.54421,SL,-0.17566005355691794,0.018490045616380246,0.01829599258763634,0.00924040260688462,0.009152572580108348,0.01839297518699297,-0.2308390669479275,-1.2484505000000012,0 days 00:15:00
5m,DEVELOPMENT,139,CLOSED,BTCUSDT,LONG,2024-03-18 04:35:00+00:00,2024-03-18 04:40:00+00:00,68320.59,68354.75029499999,2024-03-18 08:20:00+00:00,67671.20279205,67637.36719065398,0.00026712755264393754,18.259437157890815,0.18259437157890815,67671.20279205,69721.8453009,SL,-0.17346921557796316,0.018259437157890815,0.018067804364918755,0.009125156000943392,0.009038421393153199,0.01816357739409659,-0.22796003449486932,-1.2484504999999761,0 days 03:40:00
5m,DEVELOPMENT,140,CLOSED,BTCUSDT,LONG,2024-03-18 11:30:00+00:00,2024-03-18 11:35:00+00:00,68476.65,68510.88832499999,2024-03-18 13:25:00+00:00,67825.77944175,67791.86655202913,0.00026319473147333683,18.03170485569814,0.1803170485569814,67825.77944175,69881.1060915,SL,-0.1713057018025088,0.01803170485569814,0.017842462113237593,0.009011346754471425,0.008925693903569802,0.017937040658041227,-0.22511690942948573,-1.248450499999989,0 days 01:50:00
5m,DEVELOPMENT,141,CLOSED,BTCUSDT,LONG,2024-03-18 23:15:00+00:00,2024-03-18 23:20:00+00:00,67983.81,68017.801905,2024-03-19 00:45:00+00:00,67337.62388595,67303.95507400703,0.0002617963582997981,17.80681283828607,0.1780681283828607,67337.62388595,69378.1579431,SL,-0.16916917144218718,0.01780681283828607,0.01761993033754826,0.008898956940673376,0.008814372354951493,0.017713329295624868,-0.22230924391364637,-1.2484504999999986,0 days 01:25:00
5m,DEVELOPMENT,142,CLOSED,BTCUSDT,LONG,2024-03-19 15:45:00+00:00,2024-03-19 15:50:00+00:00,64132.0,64164.066,2024-03-19 17:05:00+00:00,65447.34732,65414.623646340006,0.000274058780525679,17.584725681529182,0.1758472568152918,63522.42534,65447.34732,TP,0.3604824824869203,0.017584725681529183,0.01792745198506219,0.00878796885633612,0.008968210097578583,0.0177561789539147,0.3072141258664142,1.7470510000000106,0 days 01:15:00
5m,DEVELOPMENT,143,CLOSED,BTCUSDT,LONG,2024-03-19 17:25:00+00:00,2024-03-19 17:30:00+00:00,65544.0,65576.772,2024-03-19 17:40:00+00:00,64921.004279999994,64888.543777859995,0.0002728349132552141,17.89163290017695,0.17891632900176951,64921.004279999994,66888.30744,SL,-0.16997498322457136,0.01789163290017695,0.017703860212889593,0.008941345777199114,0.008856358285587161,0.017797704062786274,-0.22336818040042417,-1.2484505000000028,0 days 00:10:00
5m,DEVELOPMENT,144,CLOSED,BTCUSDT,LONG,2024-03-20 08:30:00+00:00,2024-03-20 08:35:00+00:00,63221.1,63252.710549999996,2024-03-20 16:25:00+00:00,62620.1834445,62588.87335277775,0.00027933171102359814,17.668487864811897,0.17668487864811896,62620.1834445,64517.764761,SL,-0.16785504963022196,0.0176684878648119,0.017483057084670697,0.008829829017896331,0.008745901493081137,0.017575730510977466,-0.22058232509068204,-1.2484504999999921,0 days 07:50:00
5m,DEVELOPMENT,145,CLOSED,BTCUSDT,LONG,2024-03-20 18:10:00+00:00,2024-03-20 18:15:00+00:00,64779.87,64812.259935,2024-03-20 18:15:00+00:00,64164.137335650004,64132.055266982185,0.0002692102685384372,17.448125901684342,0.17448125901684342,64164.137335650004,66108.5051337,SL,-0.16576155591755043,0.017448125901684344,0.01726500782034617,0.008719703099292321,0.00863682232133236,0.017356525420624682,-0.21783121506020564,-1.2484504999999884,0 days 00:00:00
5m,DEVELOPMENT,146,CLOSED,BTCUSDT,LONG,2024-03-20 18:50:00+00:00,2024-03-20 18:55:00+00:00,65318.3,65350.95915,2024-03-20 20:20:00+00:00,66657.978333,66624.64934383352,0.0002636611998406392,17.230512300225598,0.17230512300225598,64697.449558500004,66657.978333,TP,0.3532211966792883,0.017230512300225598,0.017566334984957,0.00861095067477528,0.008787561273112398,0.017398511947887677,0.301025837446218,1.7470510000000217,0 days 01:25:00
5m,DEVELOPMENT,147,CLOSED,BTCUSDT,LONG,2024-03-20 20:20:00+00:00,2024-03-20 20:25:00+00:00,66650.0,66683.325,2024-03-20 22:15:00+00:00,68016.9915,67982.98300425001,0.0002629028683341673,17.531237412559484,0.17531237412559483,66016.49175,68016.9915,TP,0.35938598633842683,0.017531237412559485,0.017872921229730273,0.00876123808723536,0.008940931080403502,0.017702169167638865,0.3062796585284982,1.7470510000000206,0 days 01:50:00
5m,DEVELOPMENT,148,CLOSED,BTCUSDT,LONG,2024-03-21 08:05:00+00:00,2024-03-21 08:10:00+00:00,67340.03,67373.700015,2024-03-21 09:45:00+00:00,66699.96301485,66666.61303334258,0.0002647503564956635,17.837211097403138,0.17837211097403138,66699.96301485,68721.1740153,SL,-0.16945796249956674,0.01783721109740314,0.017650009566935895,0.008914148474463294,0.008829419493212542,0.017743567967675837,-0.2226887511315816,-1.248450499999981,0 days 01:35:00
5m,DEVELOPMENT,149,CLOSED,BTCUSDT,LONG,2024-03-22 03:30:00+00:00,2024-03-22 03:35:00+00:00,66072.01,66105.046005,2024-03-22 09:40:00+00:00,65443.99554495,65411.27354717752,0.0002664659640540009,17.614744812556406,0.17614744812556407,65443.99554495,67427.1469251,SL,-0.16734447720474555,0.017614744812556406,0.017429878065748628,0.008802970920818262,0.008719298682215269,0.017522269603033533,-0.2199113696860841,-1.2484504999999977,0 days 06:05:00
5m,DEVELOPMENT,150,CLOSED,BTCUSDT,LONG,2024-03-23 01:20:00+00:00,2024-03-23 01:25:00+00:00,63898.69,63930.639344999996,2024-03-23 03:30:00+00:00,63291.33295154999,63259.68728507422,0.00027209258835464466,17.395053134548334,0.17395053134548336,63291.33295154999,65209.25213189999,SL,-0.1652573513682002,0.017395053134548335,0.01721249205190125,0.008693179977283791,0.008610551301600494,0.017303731278884286,-0.21716862783353408,-1.2484504999999984,0 days 02:05:00
5m,DEVELOPMENT,151,CLOSED,BTCUSDT,LONG,2024-03-23 06:25:00+00:00,2024-03-23 06:30:00+00:00,64178.16,64210.24908,2024-03-23 16:30:00+00:00,65494.4540616,65461.7068345692,0.0002675289646827042,17.178101458390962,0.17178101458390962,63568.1465892,65494.4540616,TP,0.3521467875178391,0.017178101458390962,0.017512902655815,0.008584758350019914,0.008760831743779113,0.017345590093799025,0.30011019330983413,1.7470510000000015,0 days 10:00:00
5m,DEVELOPMENT,152,CLOSED,BTCUSDT,LONG,2024-03-23 16:30:00+00:00,2024-03-23 16:35:00+00:00,65482.4,65515.1412,2024-03-23 19:40:00+00:00,64859.989788,64827.559793106004,0.0002667766797290802,17.477911841317866,0.17477911841317867,64859.989788,66825.444024,SL,-0.16604452978683357,0.017477911841317865,0.017294481156543234,0.008734588626344894,0.008651566361451056,0.01738615498779595,-0.2182030777724906,-1.2484504999999912,0 days 03:05:00
5m,DEVELOPMENT,153,CLOSED,BTCUSDT,LONG,2024-03-24 07:55:00+00:00,2024-03-24 08:00:00+00:00,64583.44,64615.731719999996,2024-03-24 14:20:00+00:00,65908.0463544,65875.0923312228,0.0002671164790554515,17.259926748638055,0.17259926748638055,63969.5744028,65908.0463544,TP,0.3538241855218034,0.017259926748638056,0.01759632272096901,0.00862565054904285,0.00880256264180463,0.01742821319084748,0.30153972286134884,1.7470510000000012,0 days 06:20:00
5m,DEVELOPMENT,154,CLOSED,BTCUSDT,LONG,2024-03-24 14:20:00+00:00,2024-03-24 14:25:00+00:00,65895.88,65928.82794,2024-03-24 16:55:00+00:00,65269.5396606,65236.9048907697,0.0002663655002178555,17.56116523301503,0.17561165233015028,65269.5396606,67247.40449880001,SL,-0.16683545781090375,0.017561165233015028,0.017376860803894535,0.00877619451924741,0.008692776790342378,0.017468971309589788,-0.21924245515740312,-1.2484505000000048,0 days 02:30:00
5m,DEVELOPMENT,155,CLOSED,BTCUSDT,LONG,2024-03-24 18:30:00+00:00,2024-03-24 18:35:00+00:00,66012.12,66045.12606,2024-03-24 23:10:00+00:00,67366.0285812,67332.3455669094,0.0002625801907855326,17.34214180128935,0.1734214180128935,65384.674799399996,67366.0285812,TP,0.3555095735576651,0.017342141801289353,0.01768014014499648,0.00866673753187866,0.008844492318656643,0.017511229850535305,0.302976061760844,1.7470510000000024,0 days 04:35:00
5m,DEVELOPMENT,156,CLOSED,BTCUSDT,LONG,2024-03-24 23:10:00+00:00,2024-03-24 23:15:00+00:00,67547.12,67580.89356,2024-03-25 00:00:00+00:00,66905.0846244,66871.6320820878,0.0002610917710639075,17.64481518966182,0.1764481518966182,66905.0846244,68932.5114312,SL,-0.16763015330108424,0.01764481518966182,0.017459632854246322,0.008817998595533524,0.008734183518881524,0.017552182114415046,-0.22028678345940741,-1.2484504999999915,0 days 00:45:00
5m,DEVELOPMENT,157,CLOSED,BTCUSDT,LONG,2024-03-25 04:05:00+00:00,2024-03-25 04:10:00+00:00,67416.23,67449.938115,2024-03-25 07:50:00+00:00,66775.43873385,66742.05101448308,0.0002583360186811516,17.42474847291916,0.1742474847291916,66775.43873385,68798.9368773,SL,-0.1655394645028455,0.01742474847291916,0.01724187573769587,0.008708020226346735,0.008625250494093106,0.01733327072043984,-0.2175393594339004,-1.248450499999993,0 days 03:40:00
5m,DEVELOPMENT,158,CLOSED,BTCUSDT,LONG,2024-03-25 13:50:00+00:00,2024-03-25 13:55:00+00:00,67522.63,67556.391315,2024-03-25 14:15:00+00:00,68907.5191413,68873.06538172935,0.0002547120427923445,17.207426435522652,0.17207426435522652,66880.82740185,68907.5191413,TP,0.3527479422214575,0.017207426435522654,0.01754279917675099,0.00859941351100483,0.008775787482116479,0.017375200993121308,0.30062251561606257,1.7470509999999984,0 days 00:20:00
5m,DEVELOPMENT,159,CLOSED,BTCUSDT,LONG,2024-03-25 14:15:00+00:00,2024-03-25 14:20:00+00:00,68813.53,68847.93676499999,2024-03-25 16:35:00+00:00,70224.89550029999,70189.78305254984,0.0002542959085136398,17.507748628945293,0.17507748628945294,68159.45739735,70224.89550029999,TP,0.3589044721435931,0.017507748628945295,0.01784897464972344,0.008749499564688382,0.008928951800760442,0.017678451365448822,0.30586929749947556,1.747051000000003,0 days 02:15:00
5m,DEVELOPMENT,160,CLOSED,BTCUSDT,LONG,2024-03-25 16:35:00+00:00,2024-03-25 16:40:00+00:00,70123.34,70158.40166999999,2024-03-26 14:30:00+00:00,69456.8176533,69422.08924447335,0.00025390134237234267,17.813312362711006,0.17813312362711006,69456.8176533,71561.56970339999,SL,-0.1692309185482948,0.017813312362711005,0.017626361649464354,0.008902205078814954,0.008817589619540945,0.017719794698355898,-0.22239038725882607,-1.2484504999999926,0 days 21:50:00
5m,DEVELOPMENT,161,CLOSED,BTCUSDT,LONG,2024-03-27 00:35:00+00:00,2024-03-27 00:40:00+00:00,70420.01,70455.220005,2024-03-27 07:35:00+00:00,69750.66780494999,69715.79247104752,0.00024967836510088006,17.59114414367122,0.1759114414367122,69750.66780494999,71864.3244051,SL,-0.16712026495311966,0.01759114414367122,0.01740652508588339,0.008791176483594017,0.008707616351115935,0.017498792834709953,-0.21961672701738422,-1.2484505000000008,0 days 06:55:00
5m,DEVELOPMENT,162,CLOSED,BTCUSDT,LONG,2024-03-27 11:35:00+00:00,2024-03-27 11:40:00+00:00,70304.33,70339.482165,2024-03-27 13:30:00+00:00,71746.27180829999,71710.39867239585,0.0002469700697146656,17.371746813983524,0.17371746813983524,69636.08734335,71746.27180829999,TP,0.3561164689203397,0.017371746813983523,0.017710322159388066,0.00868153264066951,0.008859590875129433,0.017541123515798944,0.3034932764311692,1.7470510000000108,0 days 01:50:00
5m,DEVELOPMENT,163,CLOSED,BTCUSDT,LONG,2024-03-27 22:25:00+00:00,2024-03-27 22:30:00+00:00,69324.6,69359.2623,2024-03-28 08:45:00+00:00,70746.44754600001,70711.07432222701,0.0002548316737262696,17.67493690032835,0.1767493690032835,68665.669677,70746.44754600001,TP,0.36233178993077025,0.017674936900328352,0.018019421420515755,0.008833051924201137,0.009014217819167477,0.017847269743368616,0.30879016186655756,1.747051000000012,0 days 10:15:00
5m,DEVELOPMENT,164,CLOSED,BTCUSDT,LONG,2024-03-28 08:45:00+00:00,2024-03-28 08:50:00+00:00,70790.0,70825.39499999999,2024-03-29 06:05:00+00:00,70117.14104999999,70082.082479475,0.000253912012499397,17.983418580514726,0.17983418580514726,70117.14104999999,72241.90289999999,SL,-0.1708469701227334,0.017983418580514728,0.017794682602512227,0.008987215682413495,0.008901792197354227,0.017889007879767722,-0.22451407918552807,-1.2484504999999948,0 days 21:15:00
5m,DEVELOPMENT,165,CLOSED,BTCUSDT,LONG,2024-03-29 13:30:00+00:00,2024-03-29 13:35:00+00:00,70350.0,70385.175,2024-03-29 15:35:00+00:00,69681.32325,69646.482588375,0.00025231348492233763,17.759128791118595,0.17759128791118595,69681.32325,71792.8785,SL,-0.16871616107904241,0.017759128791118597,0.017572746734455805,0.00887512683214396,0.008790768751603575,0.017665895583747537,-0.22171393218836435,-1.2484505000000017,0 days 02:00:00
5m,DEVELOPMENT,166,CLOSED,BTCUSDT,LONG,2024-03-29 22:55:00+00:00,2024-03-29 23:00:00+00:00,69807.99,69842.893995,2024-03-31 23:30:00+00:00,71239.7518749,71204.13199896255,0.00025110122659902215,17.53763635136998,0.17537636351369978,69144.46505505001,71239.7518749,TP,0.3595171629851046,0.01753763635136998,0.01787944488385818,0.008764435957706282,0.008944194539199415,0.017708630496905697,0.3063914512529708,1.747050999999989,2 days 00:30:00
5m,DEVELOPMENT,167,CLOSED,BTCUSDT,LONG,2024-03-31 23:30:00+00:00,2024-03-31 23:35:00+00:00,71267.44,71303.07372,2024-04-01 03:25:00+00:00,70590.0429828,70554.7479613086,0.00025025178840575046,17.843721717257065,0.17843721717257066,70590.0429828,72729.1351944,SL,-0.1695198150150202,0.017843721717257066,0.017656451857834456,0.008917402157549256,0.008832642250042676,0.017750044407591932,-0.22277003299770368,-1.2484504999999957,0 days 03:50:00
5m,DEVELOPMENT,168,CLOSED,BTCUSDT,LONG,2024-04-01 12:55:00+00:00,2024-04-01 13:00:00+00:00,69841.13,69876.050565,2024-04-01 14:35:00+00:00,69177.29005935,69142.70141432033,0.0002521775928843221,17.621174231744877,0.17621174231744877,69177.29005935,71273.5715763,SL,-0.16740555829359083,0.017621174231744877,0.017436240008182714,0.008806184023858762,0.008722481244711831,0.017528665268570595,-0.21999163780208902,-1.2484504999999941,0 days 01:35:00
5m,DEVELOPMENT,169,CLOSED,BTCUSDT,LONG,2024-04-01 19:15:00+00:00,2024-04-01 19:20:00+00:00,69239.31,69273.929655,2024-04-02 02:25:00+00:00,68581.19035845,68546.89976327078,0.0002511969864055884,17.401402365808725,0.17401402365808724,68581.19035845,70659.40824810001,SL,-0.1653176706516865,0.017401402365808723,0.01721877464797956,0.008696353006401723,0.008613694171074052,0.017310047177475776,-0.21724789484295054,-1.2484504999999984,0 days 07:05:00
5m,DEVELOPMENT,170,CLOSED,BTCUSDT,LONG,2024-04-02 19:35:00+00:00,2024-04-02 19:40:00+00:00,66098.15,66131.199075,2024-04-02 21:25:00+00:00,65469.88708425,65437.152140707876,0.00025985271312472044,17.18437150182975,0.1718437150182975,65469.88708425,67453.8230565,SL,-0.16325582321328458,0.01718437150182975,0.01700402152291805,0.008587891805013053,0.00850626389340447,0.017094155698417525,-0.2145383719364499,-1.2484504999999935,0 days 01:45:00
5m,DEVELOPMENT,171,CLOSED,BTCUSDT,LONG,2024-04-03 03:45:00+00:00,2024-04-03 03:50:00+00:00,66125.06,66158.12253,2024-04-03 18:30:00+00:00,65496.54130469999,65463.793034047645,0.0002565073917604898,16.97004745394119,0.16970047453941192,65496.54130469999,67481.2849806,SL,-0.16121969120411117,0.016970047453941192,0.01679194680591208,0.008480783335301818,0.008400173489699408,0.016880956825001226,-0.21186264228896565,-1.2484504999999975,0 days 14:40:00
5m,DEVELOPMENT,172,CLOSED,BTCUSDT,LONG,2024-04-03 22:40:00+00:00,2024-04-03 22:45:00+00:00,66189.99,66223.084995,2024-04-04 02:30:00+00:00,65560.85414504999,65528.073717977466,0.00025305973685624614,16.75839646264352,0.1675839646264352,65560.85414504999,67547.5466949,SL,-0.15920895390048015,0.016758396462643523,0.016582517091768074,0.008375010725956807,0.008295406249008446,0.016670416974965255,-0.209220284429857,-1.2484505000000097,0 days 03:45:00
5m,DEVELOPMENT,173,CLOSED,BTCUSDT,LONG,2024-04-04 07:10:00+00:00,2024-04-04 07:15:00+00:00,66050.0,66083.025,2024-04-04 13:20:00+00:00,67404.68549999999,67370.98315725,0.0002504332268307455,16.549385189486824,0.16549385189486823,65422.194749999995,67404.68549999999,TP,0.3392582611058199,0.016549385189486825,0.01687193270682992,0.008270557316083912,0.008440186446637103,0.016710743762721015,0.28912619944678214,1.7470510000000041,0 days 06:05:00
5m,DEVELOPMENT,174,CLOSED,BTCUSDT,LONG,2024-04-04 14:05:00+00:00,2024-04-04 14:10:00+00:00,67592.0,67625.796,2024-04-04 18:00:00+00:00,68978.31192000001,68943.82276404001,0.0002489911179983969,16.83822255157152,0.1683822255157152,66949.53804,68978.31192000001,TP,0.34517935485530604,0.01683822255157152,0.017166399509101652,0.008414903823874343,0.008587493501299679,0.017002397325174022,0.2941723354694588,1.7470510000000183,0 days 03:50:00
5m,DEVELOPMENT,175,CLOSED,BTCUSDT,LONG,2024-04-04 18:00:00+00:00,2024-04-04 18:05:00+00:00,69064.96,69099.49248,2024-04-04 19:00:00+00:00,68408.4975552,68374.2933064224,0.0002479338182337974,17.13210100858397,0.1713210100858397,68408.4975552,70481.4823296,SL,-0.16275924046636003,0.01713210100858397,0.016952299608498884,0.008561769619480854,0.008480389999246756,0.017042159618727612,-0.2138858007021705,-1.2484504999999935,0 days 00:55:00
5m,DEVELOPMENT,176,CLOSED,BTCUSDT,LONG,2024-04-05 00:55:00+00:00,2024-04-05 01:00:00+00:00,68606.01,68640.31300499999,2024-04-05 01:25:00+00:00,67953.90987494998,67919.9329200125,0.0002464794832561149,16.91842888001038,0.1691842888001038,67953.90987494998,70013.11926509999,SL,-0.1607293018535749,0.016918428880010383,0.01674086996891467,0.00845498694653052,0.008374622295605377,0.016829609242135897,-0.21121820994463583,-1.2484505000000108,0 days 00:25:00
5m,DEVELOPMENT,177,CLOSED,BTCUSDT,LONG,2024-04-05 13:45:00+00:00,2024-04-05 13:50:00+00:00,67387.99,67421.683995,2024-04-06 22:40:00+00:00,68770.1176749,68735.73261606255,0.00024780487058892676,16.70742167726849,0.16707421677268489,66747.46715504999,68770.1176749,TP,0.34249796961596757,0.016707421677268488,0.017033049325758453,0.008349536070597501,0.008520785055406438,0.016870321126003937,0.2918871774869367,1.7470510000000048,1 days 08:50:00
5m,DEVELOPMENT,178,CLOSED,BTCUSDT,LONG,2024-04-06 22:50:00+00:00,2024-04-06 22:55:00+00:00,69059.85,69094.379925,2024-04-08 07:35:00+00:00,70476.2675235,70441.02938973827,0.0002460260483938849,16.99901725917352,0.1699901725917352,68403.43612575,70476.2675235,TP,0.3484756061825577,0.01699901725917352,0.017330328105554817,0.008495260999086054,0.00866949880217622,0.017164759801262273,0.2969815010165671,1.7470510000000208,1 days 08:40:00
5m,DEVELOPMENT,179,CLOSED,BTCUSDT,LONG,2024-04-08 07:35:00+00:00,2024-04-08 07:40:00+00:00,70805.99,70841.392995,2024-04-08 09:20:00+00:00,72258.2208549,72222.09174447256,0.0002441468376630401,17.295702075373892,0.17295702075373892,70132.97906505,72258.2208549,TP,0.35455757078052846,0.017295702075373894,0.017632795308822932,0.008643529273049623,0.00882080805843882,0.017464337331488444,0.3021647360648432,1.7470510000000163,0 days 01:40:00
5m,DEVELOPMENT,180,CLOSED,BTCUSDT,LONG,2024-04-08 09:20:00+00:00,2024-04-08 09:25:00+00:00,72160.86,72196.94043,2024-04-08 14:25:00+00:00,71474.9710257,71439.23354018715,0.00024374391551436475,17.597564948565545,0.17597564948565544,71474.9710257,73640.8792386,SL,-0.16718126420401438,0.017597564948565545,0.017412878504430348,0.00879438528164239,0.00871079464953841,0.017505179931180802,-0.21969688758819106,-1.2484504999999988,0 days 05:00:00
5m,DEVELOPMENT,181,CLOSED,BTCUSDT,LONG,2024-04-08 18:40:00+00:00,2024-04-08 18:45:00+00:00,72064.14,72100.17207,2024-04-09 00:45:00+00:00,71379.1703493,71343.48076412534,0.00024102699119102857,17.378087538387533,0.17378087538387532,71379.1703493,73542.1755114,SL,-0.1650961739653919,0.017378087538387533,0.017195704509672154,0.008684701418484793,0.008602153331502351,0.017286854749987146,-0.21695682076343872,-1.2484505000000108,0 days 06:00:00
5m,DEVELOPMENT,182,CLOSED,BTCUSDT,LONG,2024-04-09 12:45:00+00:00,2024-04-09 12:50:00+00:00,70931.98,70967.44599,2024-04-09 13:45:00+00:00,70257.7715301,70222.64264433495,0.00024181999532747706,17.161347457704778,0.1716134745770478,70257.7715301,72386.7949098,SL,-0.16303708904096273,0.017161347457704777,0.01698123911613617,0.008576385536083614,0.008494866991564026,0.01707125252764764,-0.21425092814245134,-1.2484504999999926,0 days 00:55:00
5m,DEVELOPMENT,183,CLOSED,BTCUSDT,LONG,2024-04-09 21:35:00+00:00,2024-04-09 21:40:00+00:00,69209.9,69244.50494999999,2024-04-10 02:50:00+00:00,68552.05990049998,68517.78387054974,0.00024474592718499294,16.94731056645358,0.1694731056645358,68552.05990049998,70629.39504899998,SL,-0.16100368509159846,0.016947310566453582,0.01676944854205865,0.008469420572938743,0.00838891873039223,0.01685833930333097,-0.21157878350344164,-1.2484504999999946,0 days 05:10:00
5m,DEVELOPMENT,184,CLOSED,BTCUSDT,LONG,2024-04-10 06:25:00+00:00,2024-04-10 06:30:00+00:00,69457.42,69492.14871,2024-04-10 10:15:00+00:00,68797.2272229,68762.82860928855,0.00024083214378947397,16.735943150366225,0.16735943150366225,68797.2272229,70881.9916842,SL,-0.15899564182332043,0.016735943150366226,0.016560299427003135,0.008363789680341923,0.00828429185942886,0.016648081539770786,-0.20893996594046058,-1.2484504999999861,0 days 03:45:00
5m,DEVELOPMENT,185,CLOSED,BTCUSDT,LONG,2024-04-10 16:30:00+00:00,2024-04-10 16:35:00+00:00,69131.99,69166.555995,2024-04-10 22:10:00+00:00,70549.8871149,70514.61217134255,0.00023894802448823984,16.527211915660473,0.16527211915660472,68474.89043505001,70549.8871149,TP,0.33880371453292957,0.016527211915660475,0.016849327275896695,0.008259476219719708,0.008428878076987193,0.0166883542967069,0.2887388210446655,1.7470510000000001,0 days 05:35:00
5m,DEVELOPMENT,186,CLOSED,BTCUSDT,LONG,2024-04-10 22:20:00+00:00,2024-04-10 22:25:00+00:00,70868.0,70903.434,2024-04-11 11:40:00+00:00,70194.39966,70159.30246017,0.0002371628754445725,16.815662286334465,0.16815662286334465,70194.39966,72321.50267999999,SL,-0.15975299353484276,0.016815662286334465,0.016639181910639386,0.008403629328501519,0.008323752831734085,0.0167273821602356,-0.20993521989205222,-1.248450499999989,0 days 13:15:00
5m,DEVELOPMENT,187,CLOSED,BTCUSDT,LONG,2024-04-11 19:40:00+00:00,2024-04-11 19:45:00+00:00,70502.54,70537.79126999999,2024-04-11 23:25:00+00:00,69832.41335729999,69797.49715062133,0.00023541900721520584,16.60593679193681,0.1660593679193681,69832.41335729999,71948.54709539999,SL,-0.1577605489328949,0.01660593679193681,0.016431657485305434,0.00829881898647361,0.008219938712009215,0.016518757698482826,-0.20731690090861996,-1.2484505000000055,0 days 03:40:00
5m,DEVELOPMENT,188,CLOSED,BTCUSDT,LONG,2024-04-12 02:05:00+00:00,2024-04-12 02:10:00+00:00,70416.0,70451.208,2024-04-12 13:45:00+00:00,69746.69592,69711.82257204001,0.00023276857085004573,16.39882700081931,0.1639882700081931,69746.69592,71860.23216,SL,-0.15579295416570507,0.01639882700081931,0.016226721311445712,0.008195315842488112,0.008117419365403345,0.016312735207891456,-0.20473123768586154,-1.248450499999987,0 days 11:35:00
5m,DEVELOPMENT,189,CLOSED,BTCUSDT,LONG,2024-04-13 04:10:00+00:00,2024-04-13 04:15:00+00:00,67241.57,67275.190785,2024-04-13 17:25:00+00:00,66602.43887715,66569.13765771143,0.00024071727037681156,16.194300289844428,0.1619430028984443,66602.43887715,68620.6946007,SL,-0.15384989930532164,0.016194300289844428,0.01602434110830251,0.008093103593123697,0.00801617864347094,0.016109282236594635,-0.2021778229400632,-1.2484504999999937,0 days 13:10:00
5m,DEVELOPMENT,190,CLOSED,BTCUSDT,LONG,2024-04-14 05:05:00+00:00,2024-04-14 05:10:00+00:00,64231.37,64263.485685,2024-04-14 14:35:00+00:00,63620.850828149996,63589.040402735925,0.00024885554016072136,15.992324442751459,0.1599232444275146,63620.850828149996,65548.7553987,SL,-0.1519310782892096,0.01599232444275146,0.015824484997724785,0.007992166138305837,0.007916200599160922,0.01590836673746676,-0.1996562544671526,-1.2484504999999986,0 days 09:25:00
5m,DEVELOPMENT,191,CLOSED,BTCUSDT,LONG,2024-04-14 23:20:00+00:00,2024-04-14 23:25:00+00:00,65521.91,65554.670955,2024-04-15 04:05:00+00:00,64899.124245449995,64866.67468332728,0.0002409114013541917,15.792867645081976,0.15792867645081976,64899.124245449995,66865.76437409999,SL,-0.15003618887207015,0.015792867645081976,0.015627121499146843,0.00789248757874936,0.00781746948431387,0.015709957063063232,-0.1971661350793622,-1.2484504999999877,0 days 04:40:00
5m,DEVELOPMENT,192,CLOSED,BTCUSDT,LONG,2024-04-15 05:55:00+00:00,2024-04-15 06:00:00+00:00,65466.73,65499.463364999996,2024-04-15 09:20:00+00:00,66809.4526323,66776.04790598385,0.0002381072710818923,15.595898479168527,0.15595898479168527,64844.468731349996,66809.4526323,TP,0.319712021796848,0.015595898479168528,0.015899862540527523,0.007794052213475805,0.007953908224375545,0.01574796043785135,0.2724683003393006,1.747051000000013,0 days 03:20:00
5m,DEVELOPMENT,193,CLOSED,BTCUSDT,LONG,2024-04-15 09:20:00+00:00,2024-04-15 09:25:00+00:00,66610.04,66643.34502,2024-04-15 11:40:00+00:00,65976.9115698,65943.9231140151,0.000238104713661079,15.868094583403595,0.15868094583403594,65976.9115698,67976.21192039999,SL,-0.1507508635834591,0.015868094583403596,0.015701558930750776,0.007930082250576459,0.007854706818784779,0.01578478906936124,-0.19810530616697472,-1.2484504999999977,0 days 02:15:00
5m,DEVELOPMENT,194,CLOSED,BTCUSDT,LONG,2024-04-16 01:30:00+00:00,2024-04-16 01:35:00+00:00,63829.81,63861.724904999995,2024-04-16 01:50:00+00:00,63223.10765594999,63191.49610212202,0.00024537682325283553,15.670187184635388,0.1567018718463539,63223.10765594999,65138.959403099994,SL,-0.14887069384303914,0.01567018718463539,0.01550572857013264,0.007831178003315502,0.007756742656393305,0.015587920659708807,-0.19563453025751598,-1.248450499999997,0 days 00:15:00
5m,DEVELOPMENT,195,CLOSED,BTCUSDT,LONG,2024-04-16 07:30:00+00:00,2024-04-16 07:35:00+00:00,63624.01,63655.822005,2024-04-16 10:15:00+00:00,63019.26378495,62987.75415305753,0.00024310027906408215,15.474748093469042,0.15474748093469043,63019.26378495,64928.9384451,SL,-0.14701397364160235,0.015474748093469043,0.015312340612228087,0.007733507293087921,0.007660000306265904,0.015393507599353824,-0.1931945699466533,-1.2484504999999908,0 days 02:40:00
5m,DEVELOPMENT,196,CLOSED,BTCUSDT,LONG,2024-04-16 21:15:00+00:00,2024-04-16 21:20:00+00:00,63508.7,63540.45434999999,2024-04-17 10:10:00+00:00,62905.04980649999,62873.59728159675,0.00024050420604351206,15.281746525090771,0.15281746525090772,62905.04980649999,64811.263436999994,SL,-0.14518041051573116,0.015281746525090772,0.015121364595309944,0.007637054735176741,0.00756446452991871,0.015201519265095453,-0.1907850409012273,-1.248450499999993,0 days 12:50:00
5m,DEVELOPMENT,197,CLOSED,BTCUSDT,LONG,2024-04-18 02:00:00+00:00,2024-04-18 02:05:00+00:00,61779.99,61810.879994999996,2024-04-18 05:55:00+00:00,61192.771195049994,61162.174809452474,0.0002441504162350828,15.091152078636002,0.15091152078636003,61192.771195049994,63047.0975949,SL,-0.1433697156496113,0.015091152078636002,0.014932770437570717,0.007541805136749072,0.0074701202789237385,0.015011925415672811,-0.18840556358149083,-1.248450499999995,0 days 03:50:00
5m,DEVELOPMENT,198,CLOSED,BTCUSDT,LONG,2024-04-18 10:55:00+00:00,2024-04-18 11:00:00+00:00,61821.76,61852.67088,2024-04-18 14:05:00+00:00,63089.7242976,63058.1794354512,0.00024094246085692634,14.902934732400746,0.14902934732400747,61234.144171199994,63089.7242976,TP,0.3055064381424671,0.014902934732400747,0.01519339293033524,0.007447743494452139,0.00760049671352337,0.01504824020797551,0.26036187027175567,1.7470510000000075,0 days 03:05:00
5m,DEVELOPMENT,199,CLOSED,BTCUSDT,LONG,2024-04-18 14:05:00+00:00,2024-04-18 14:10:00+00:00,63175.31,63206.89765499999,2024-04-18 18:10:00+00:00,62574.828678449994,62543.541264110776,0.00023989528142431347,15.163036500904003,0.15163036500904004,62574.828678449994,64471.03560809999,SL,-0.14405263562328174,0.015163036500904004,0.015003900432827018,0.007577729385758096,0.007505703067945858,0.015083432453703954,-0.18930300501071673,-1.2484504999999881,0 days 04:00:00
5m,DEVELOPMENT,200,CLOSED,BTCUSDT,LONG,2024-04-18 21:15:00+00:00,2024-04-18 21:20:00+00:00,63701.59,63733.440794999995,2024-04-19 00:05:00+00:00,63096.10638704999,63064.55833385647,0.00023494608831725177,14.973922609784406,0.14973922609784407,63096.10638704999,65008.1096109,SL,-0.14225600640280023,0.014973922609784406,0.014816771291994718,0.007483219695044322,0.007412091691843173,0.014895311386887496,-0.18694201169146685,-1.2484505000000026,0 days 02:45:00
5m,DEVELOPMENT,201,CLOSED,BTCUSDT,LONG,2024-04-19 06:35:00+00:00,2024-04-19 06:40:00+00:00,62911.76,62943.215879999996,2024-04-19 06:50:00+00:00,64202.0801976,64169.979157501206,0.00023492869162485786,14.787167353349375,0.14787167353349376,62313.783721199994,64202.0801976,TP,0.30313323579929563,0.014787167353349374,0.015075369245066158,0.00738988873230714,0.0075414553502068495,0.01493134408251399,0.2583393551183661,1.7470510000000155,0 days 00:10:00
5m,DEVELOPMENT,202,CLOSED,BTCUSDT,LONG,2024-04-19 06:50:00+00:00,2024-04-19 06:55:00+00:00,64694.02,64726.367009999994,2024-04-19 14:25:00+00:00,64079.10333989999,64047.06378823004,0.00023244389144951488,15.0452486271939,0.150452486271939,64079.10333989999,66020.89435019999,SL,-0.14293362139078342,0.0150452486271939,0.0148873487428515,0.007518864881155833,0.007447398070460984,0.014966262951616818,-0.18783248171244563,-1.2484505000000017,0 days 07:30:00
5m,DEVELOPMENT,203,CLOSED,BTCUSDT,LONG,2024-04-20 04:35:00+00:00,2024-04-20 04:40:00+00:00,64122.88,64154.941439999995,2024-04-20 09:05:00+00:00,63513.39202559999,63481.635329587196,0.00023158939057272302,14.857603790318333,0.14857603790318333,63513.39202559999,65438.040268799996,SL,-0.14115094855270088,0.014857603790318334,0.01470167323853894,0.0074250893504833855,0.007354513876206451,0.014779603226689836,-0.185489828808248,-1.2484504999999988,0 days 04:25:00
5m,DEVELOPMENT,204,CLOSED,BTCUSDT,LONG,2024-04-20 13:00:00+00:00,2024-04-20 13:05:00+00:00,63980.89,64012.880444999995,2024-04-20 17:15:00+00:00,65293.138053899995,65260.49148487305,0.00022920854621814497,14.67229926603437,0.1467229926603437,63372.75164054999,65293.138053899995,TP,0.30077846871200786,0.014672299266034371,0.01495826237872938,0.007332483391320565,0.007482872625676833,0.014815356016997398,0.2563325510502467,1.7470510000000041,0 days 04:10:00
5m,DEVELOPMENT,205,CLOSED,BTCUSDT,LONG,2024-04-20 17:15:00+00:00,2024-04-20 17:20:00+00:00,65316.31,65348.968154999995,2024-04-20 20:20:00+00:00,64695.47847344999,64663.13073421327,0.0002284408792071775,14.928375740610043,0.14928375740610045,64695.47847344999,66655.9475181,SL,-0.14182329976461752,0.014928375740610044,0.01477170243721234,0.0074604576414836745,0.007389545991600914,0.014850003633084589,-0.1863733815755245,-1.248450499999998,0 days 03:00:00
5m,DEVELOPMENT,206,CLOSED,BTCUSDT,LONG,2024-04-21 02:20:00+00:00,2024-04-21 02:25:00+00:00,65200.0,65232.6,2024-04-21 16:05:00+00:00,64580.274,64547.983863,0.00022599418919725569,14.7421885462289,0.14742188546228902,64580.274,66537.252,SL,-0.14005447489445902,0.0147421885462289,0.014587469277436229,0.007367410567830207,0.007297383330382475,0.014664793898212682,-0.18404892661633684,-1.248450499999996,0 days 13:40:00
5m,DEVELOPMENT,207,CLOSED,BTCUSDT,LONG,2024-04-22 01:15:00+00:00,2024-04-22 01:20:00+00:00,65222.71,65255.32135499999,2024-04-22 02:05:00+00:00,64602.76814144999,64570.46675737927,0.00022309787435532462,14.55832348467412,0.14558323484674118,64602.76814144999,66560.4277821,SL,-0.1383077108663965,0.01455832348467412,0.014405533879702465,0.007275523980345468,0.0072063701249127565,0.014481894105258224,-0.18175346233603132,-1.248450499999999,0 days 00:45:00
5m,DEVELOPMENT,208,CLOSED,BTCUSDT,LONG,2024-04-22 03:40:00+00:00,2024-04-22 03:45:00+00:00,65688.8,65721.6444,2024-04-22 22:50:00+00:00,67036.077288,67002.55924935601,0.00021875215882803648,14.376751594228535,0.14376751594228535,65064.42795600001,67036.077288,TP,0.2947198152899817,0.014376751594228536,0.014656954482800051,0.007184783405411948,0.007332143313054302,0.014516926718466251,0.25116918249448683,1.7470510000000088,0 days 19:05:00
5m,DEVELOPMENT,209,CLOSED,BTCUSDT,LONG,2024-04-22 22:50:00+00:00,2024-04-22 22:55:00+00:00,67146.98,67180.55348999999,2024-04-23 03:35:00+00:00,66508.74795509999,66475.49358112244,0.00021773666780873074,14.627669858458795,0.14627669858458794,66508.74795509999,68524.16455979999,SL,-0.13896651874528057,0.014627669858458795,0.01447415246329427,0.007310179839308702,0.007240696579935549,0.014550876419244251,-0.18261921748627788,-1.2484504999999984,0 days 04:40:00
5m,DEVELOPMENT,210,CLOSED,BTCUSDT,LONG,2024-04-23 13:40:00+00:00,2024-04-23 13:45:00+00:00,66409.36,66442.56468,2024-04-24 14:20:00+00:00,65778.1390332,65745.24996368341,0.0002174093240880181,14.445233077753223,0.14445233077753222,65778.1390332,67771.4159736,SL,-0.13723332374217323,0.014445233077753222,0.014293630356602206,0.007219007035357906,0.007150390373485693,0.0143693974088436,-0.18034158458537222,-1.2484504999999773,1 days 00:35:00
5m,DEVELOPMENT,211,CLOSED,BTCUSDT,LONG,2024-04-25 00:25:00+00:00,2024-04-25 00:30:00+00:00,64484.4,64516.642199999995,2024-04-25 02:00:00+00:00,63871.47577799999,63839.540040110995,0.0002211068519401497,14.265071654591013,0.14265071654591013,63871.47577799999,65806.97504399999,SL,-0.1355217452042874,0.014265071654591014,0.014115359727576082,0.007128971341623218,0.007061210469022136,0.014190181810645354,-0.17809235839709983,-1.2484505000000004,0 days 01:30:00
5m,DEVELOPMENT,212,CLOSED,BTCUSDT,LONG,2024-04-25 16:45:00+00:00,2024-04-25 16:50:00+00:00,64423.98,64456.19199,2024-04-26 13:20:00+00:00,63811.6300701,63779.72425506495,0.00021855397869026158,14.08715721063787,0.14087157210637868,63811.6300701,65745.3158298,SL,-0.13383151353034847,0.01408715721063787,0.013939312495712227,0.007040058576030078,0.00697314281926499,0.014013201395295067,-0.17587118463199364,-1.2484504999999937,0 days 20:30:00
5m,DEVELOPMENT,213,CLOSED,BTCUSDT,LONG,2024-04-26 14:10:00+00:00,2024-04-26 14:15:00+00:00,64725.01,64757.372505,2024-04-26 14:35:00+00:00,64109.79877995,64077.743880560025,0.00021482436954064032,13.911461721495021,0.13911461721495022,64109.79877995,66052.5199551,SL,-0.13216236248157048,0.013911461721495022,0.01376546093072793,0.006952254733380246,0.006886173552139386,0.013838428285519632,-0.17367771341931304,-1.2484504999999988,0 days 00:20:00
5m,DEVELOPMENT,214,CLOSED,BTCUSDT,LONG,2024-04-27 13:20:00+00:00,2024-04-27 13:25:00+00:00,63215.88,63247.48793999999,2024-04-29 02:40:00+00:00,62615.013060599995,62583.7055540697,0.00021720953605805645,13.737957512284918,0.13737957512284918,62615.013060599995,64512.43769879999,SL,-0.1305140291396989,0.013737957512284918,0.01359377764819349,0.006865545983149672,0.00680028896858066,0.013665834951730332,-0.17151159925190765,-1.248450499999993,1 days 13:15:00
5m,DEVELOPMENT,215,CLOSED,BTCUSDT,LONG,2024-04-29 10:20:00+00:00,2024-04-29 10:25:00+00:00,62673.18,62704.51659,2024-04-29 12:30:00+00:00,62077.4714241,62046.43268838795,0.00021635789558826748,13.566617253292005,0.13566617253292004,62077.4714241,63958.6069218,SL,-0.12888625386560854,0.013566617253292005,0.013424235605218705,0.006779918667312126,0.006715475540379315,0.013495394207691441,-0.1693725009318107,-1.248450500000003,0 days 02:05:00
5m,DEVELOPMENT,216,CLOSED,BTCUSDT,LONG,2024-04-29 13:00:00+00:00,2024-04-29 13:05:00+00:00,62683.21,62714.55160499999,2024-04-29 13:40:00+00:00,62087.406088949996,62056.36238590552,0.00021362528492653216,13.397413955657829,0.1339741395565783,62087.406088949996,63968.842637099995,SL,-0.12727878025839914,0.01339741395565783,0.013256808096193201,0.006695359298178578,0.006631719908050339,0.013327079206228918,-0.1672600815164791,-1.2484504999999935,0 days 00:35:00
5m,DEVELOPMENT,217,CLOSED,BTCUSDT,LONG,2024-04-29 14:30:00+00:00,2024-04-29 14:35:00+00:00,62990.0,63021.494999999995,2024-04-30 00:45:00+00:00,64281.9249,64249.783937550004,0.0002099334674166311,13.23032096712988,0.1323032096712988,62391.280049999994,64281.9249,TP,0.27121827389888403,0.01323032096712988,0.013488179922779243,0.006611854556285819,0.006747463693234942,0.01335931824952076,0.2311404547594541,1.7470510000000141,0 days 10:10:00
5m,DEVELOPMENT,218,CLOSED,BTCUSDT,LONG,2024-04-30 00:45:00+00:00,2024-04-30 00:50:00+00:00,64400.39,64432.590195,2024-04-30 01:55:00+00:00,63788.26429304999,63756.37016090347,0.0002089195928893251,13.46123051234412,0.1346123051234412,63788.26429304999,65721.2419989,SL,-0.1278850534930856,0.01346123051234412,0.013319954898117069,0.006727251630356384,0.006663309103610235,0.01339056073396662,-0.16805679963751344,-1.2484505000000055,0 days 01:05:00
5m,DEVELOPMENT,219,CLOSED,BTCUSDT,LONG,2024-04-30 22:25:00+00:00,2024-04-30 22:30:00+00:00,60790.54,60820.935269999994,2024-05-01 00:30:00+00:00,60212.72591729999,60182.61955434134,0.00021856522828208287,13.293341601617334,0.13293341601617334,60212.72591729999,62037.353975399994,SL,-0.12629006688992994,0.013293341601617334,0.01315382798150836,0.0066433491262441495,0.006580204092800515,0.013223553219044663,-0.1659607896921003,-1.248450500000005,0 days 02:00:00
5m,DEVELOPMENT,220,CLOSED,BTCUSDT,LONG,2024-05-01 18:00:00+00:00,2024-05-01 18:05:00+00:00,58063.97,58093.001984999995,2024-05-01 18:50:00+00:00,59254.8620247,59225.23459368765,0.00022597466404489745,13.127546606919935,0.13127546606919935,57512.07196515,59254.8620247,TP,0.26911142519532993,0.013127546606919935,0.013383402490288805,0.006560493056930183,0.006695048769528737,0.013255541826458921,0.22934493427166225,1.747051000000011,0 days 00:45:00
5m,DEVELOPMENT,221,CLOSED,BTCUSDT,LONG,2024-05-01 18:50:00+00:00,2024-05-01 18:55:00+00:00,59446.77,59476.493384999994,2024-05-01 18:55:00+00:00,58881.72845115,58852.28758692442,0.00022457044229076394,13.356662425373145,0.13356662425373145,58881.72845115,60666.0232527,SL,-0.12689163053790287,0.013356662425373145,0.013216484253218854,0.006674993715828099,0.006611547900559263,0.013286541616387362,-0.16675131883288222,-1.248450499999993,0 days 00:00:00
5m,DEVELOPMENT,222,CLOSED,BTCUSDT,LONG,2024-05-01 23:40:00+00:00,2024-05-01 23:45:00+00:00,58369.14,58398.32457,2024-05-02 00:35:00+00:00,57814.341324299996,57785.43415363785,0.00022586397449577314,13.190077691274361,0.1319007769127436,57814.341324299996,59566.2910614,SL,-0.1253090339385943,0.01319007769127436,0.013051647825904438,0.0065917429741495686,0.006529088457180156,0.013120831431329725,-0.16467159088710281,-1.248450499999997,0 days 00:50:00
5m,DEVELOPMENT,223,CLOSED,BTCUSDT,LONG,2024-05-02 07:00:00+00:00,2024-05-02 07:05:00+00:00,57740.28,57769.15014,2024-05-02 12:15:00+00:00,58924.5331428,58895.0708762286,0.00022547623733263153,13.025570607471064,0.13025570607471065,57191.4586386,58924.5331428,TP,0.2670209426878876,0.013025570607471063,0.013279438978610676,0.006509530538466092,0.006643041009809741,0.013152571548275833,0.22756336155353007,1.7470510000000057,0 days 05:10:00
5m,DEVELOPMENT,224,CLOSED,BTCUSDT,LONG,2024-05-02 12:15:00+00:00,2024-05-02 12:20:00+00:00,59061.23,59090.760615,2024-05-02 13:10:00+00:00,58499.85300885,58470.60308234557,0.00022428052194736617,13.252906632999068,0.13252906632999067,58499.85300885,60272.5758273,SL,-0.12590592458436525,0.013252906632999068,0.013113817377885743,0.006623141745625831,0.006560188783334396,0.013183330528960226,-0.1654559791242103,-1.2484505000000021,0 days 00:50:00
5m,DEVELOPMENT,225,CLOSED,BTCUSDT,LONG,2024-05-02 14:40:00+00:00,2024-05-02 14:45:00+00:00,59261.07,59290.700534999996,2024-05-02 20:40:00+00:00,58697.79352964999,58668.44463288517,0.0002207364026140579,13.087615944563296,0.13087615944563297,58697.79352964999,60476.514545699996,SL,-0.12433562174220458,0.013087615944563296,0.012950261415225105,0.006540537703429183,0.006478369892558327,0.013018907595987509,-0.16339240669798047,-1.2484505000000021,0 days 05:55:00
5m,DEVELOPMENT,226,CLOSED,BTCUSDT,LONG,2024-05-03 02:10:00+00:00,2024-05-03 02:15:00+00:00,59751.96,59781.835979999996,2024-05-03 07:40:00+00:00,59184.01762019999,59154.425611389895,0.0002161925366655967,12.924386767042838,0.1292438676704284,59184.01762019999,60977.472699599995,SL,-0.12278490376885909,0.012924386767042838,0.012788745327922723,0.006458963901570001,0.006397571449685658,0.012856535351255659,-0.16135457121508032,-1.2484505000000012,0 days 05:25:00
5m,DEVELOPMENT,227,CLOSED,BTCUSDT,LONG,2024-05-03 12:35:00+00:00,2024-05-03 12:40:00+00:00,60161.99,60192.070994999995,2024-05-03 13:30:00+00:00,61395.9124149,61365.21445869255,0.00021204110737884068,12.763193389205595,0.12763193389205596,59590.15028505,61395.9124149,TP,0.26164227527496936,0.012763193389205596,0.013011948028361215,0.006378407490856653,0.0065092286284945235,0.012887636119351176,0.22297949773805134,1.7470510000000086,0 days 00:50:00
5m,DEVELOPMENT,228,CLOSED,BTCUSDT,LONG,2024-05-03 13:30:00+00:00,2024-05-03 13:35:00+00:00,61480.01,61510.750005,2024-05-03 20:20:00+00:00,62740.965005100006,62709.59452259746,0.00021111675811377796,12.985950130202651,0.1298595013020265,60895.64250495,62740.965005100006,TP,0.2662087328040552,0.012985950130202652,0.013239046298240301,0.0064897302000012525,0.006622834566403107,0.01311256476640436,0.22687117160920794,1.7470510000000095,0 days 06:45:00
5m,DEVELOPMENT,229,CLOSED,BTCUSDT,LONG,2024-05-03 20:20:00+00:00,2024-05-03 20:25:00+00:00,62754.01,62785.387005,2024-05-04 10:50:00+00:00,64041.094745099996,64009.07419772745,0.00021044060230500093,13.212594657284777,0.13212594657284776,62157.53313495,64041.094745099996,TP,0.27085488897642124,0.013212594657284778,0.013470108127155258,0.006602995830725936,0.006738423275213903,0.01334141910593984,0.23083076708604136,1.7470510000000083,0 days 14:25:00
5m,DEVELOPMENT,230,CLOSED,BTCUSDT,LONG,2024-05-04 10:50:00+00:00,2024-05-04 10:55:00+00:00,64055.22,64087.24761,2024-05-04 13:35:00+00:00,63446.3751339,63414.651946333055,0.0002097639596883899,13.443194824203902,0.13443194824203902,63446.3751339,65368.9925622,SL,-0.1277137099490836,0.013443194824203902,0.013302108494523882,0.00671823829295492,0.006654381437980061,0.013372619730934981,-0.16783163299874634,-1.2484504999999897,0 days 02:40:00
5m,DEVELOPMENT,231,CLOSED,BTCUSDT,LONG,2024-05-04 19:50:00+00:00,2024-05-04 19:55:00+00:00,64013.33,64045.336664999995,2024-05-05 01:10:00+00:00,63404.883298349996,63373.18085670083,0.0002072833331271893,13.275530855174186,0.13275530855174186,63404.883298349996,65326.243398299994,SL,-0.1261208603482577,0.013275530855174186,0.013136204158849134,0.006634448203484007,0.006571387773310079,0.013205835976794086,-0.16573843133907512,-1.2484504999999904,0 days 05:15:00
5m,DEVELOPMENT,232,CLOSED,BTCUSDT,LONG,2024-05-05 07:15:00+00:00,2024-05-05 07:20:00+00:00,63686.72,63718.56336,2024-05-06 08:15:00+00:00,64992.934627200004,64960.438159886406,0.0002057478591069978,13.109957996693593,0.13109957996693594,63081.3777264,64992.934627200004,TP,0.26875086308064583,0.013109957996693594,0.013365471078049153,0.006551703146773191,0.006686078578313374,0.013237781725086564,0.22903765228081654,1.7470510000000088,1 days 00:55:00
5m,DEVELOPMENT,233,CLOSED,BTCUSDT,LONG,2024-05-06 08:15:00+00:00,2024-05-06 08:20:00+00:00,64968.01,65000.494005,2024-05-06 10:40:00+00:00,64350.48906495,64318.31382041753,0.00020521023792688286,13.338766840130972,0.13338766840130972,64350.48906495,66300.5038851,SL,-0.12672161800644186,0.013338766840130972,0.0131987764821438,0.006666050394867731,0.006602689585864751,0.013268739980732483,-0.16652790130944908,-1.2484504999999981,0 days 02:20:00
5m,DEVELOPMENT,234,CLOSED,BTCUSDT,LONG,2024-05-06 21:25:00+00:00,2024-05-06 21:30:00+00:00,63545.58,63577.35279,2024-05-07 03:25:00+00:00,62941.5792621,62910.10847246895,0.00020718706775776872,13.172405300361296,0.13172405300361295,62941.5792621,64848.8998458,SL,-0.12514114180902997,0.013172405300361296,0.013034160906734005,0.006582911194582411,0.00652034062367887,0.013103251818261281,-0.16445095983438654,-1.248450499999996,0 days 05:55:00
5m,DEVELOPMENT,235,CLOSED,BTCUSDT,LONG,2024-05-07 07:15:00+00:00,2024-05-07 07:20:00+00:00,63755.83,63787.707915,2024-05-07 13:50:00+00:00,63149.83083585,63118.25592043208,0.0002039282967266041,13.008118627200073,0.13008118627200074,63149.83083585,65063.4620733,SL,-0.12358037736285564,0.013008118627200074,0.012871598422207609,0.006500808909144913,0.00643901872046325,0.012939827629608163,-0.1623999220418715,-1.2484504999999926,0 days 06:30:00
5m,DEVELOPMENT,236,CLOSED,BTCUSDT,LONG,2024-05-08 03:40:00+00:00,2024-05-08 03:45:00+00:00,62922.01,62953.471005,2024-05-08 06:20:00+00:00,62323.93629495,62292.77432680253,0.00020405357699533822,12.845880942842559,0.12845880942842558,62323.93629495,64212.5404251,SL,-0.12203907882230797,0.01284588094284256,0.012711063422347428,0.0064197306061176875,0.006358711066705935,0.012778441672823621,-0.16037446486032159,-1.248450499999992,0 days 02:35:00
5m,DEVELOPMENT,237,CLOSED,BTCUSDT,LONG,2024-05-08 14:40:00+00:00,2024-05-08 14:45:00+00:00,62732.01,62763.376005,2024-05-08 15:15:00+00:00,62135.74224495,62104.67437382753,0.0002021189346351008,12.685666692232848,0.1268566669223285,62135.74224495,64018.6435251,SL,-0.12051700340796948,0.012685666692232849,0.012552530620297868,0.006339663514358481,0.006279405012653887,0.012619068527012368,-0.15837426924751255,-1.2484504999999848,0 days 00:30:00
5m,DEVELOPMENT,238,CLOSED,BTCUSDT,LONG,2024-05-09 02:25:00+00:00,2024-05-09 02:30:00+00:00,61598.99,61629.789495,2024-05-09 09:20:00+00:00,61013.491600049994,60982.984854249975,0.00020326940496940817,12.527450639038532,0.12527450639038532,61013.491600049994,62862.385284899996,SL,-0.1190139113683778,0.012527450639038533,0.012395975044581823,0.006260595022008119,0.006201088066322939,0.012461683088331059,-0.15639902014032922,-1.248450499999996,0 days 06:50:00
5m,DEVELOPMENT,239,CLOSED,BTCUSDT,LONG,2024-05-09 15:05:00+00:00,2024-05-09 15:10:00+00:00,61896.37,61927.318185,2024-05-09 22:45:00+00:00,63165.864548699996,63134.28161642565,0.0001997697982773637,12.371207861675567,0.12371207861675566,61308.04500314999,63165.864548699996,TP,0.2536066699080105,0.012371207861675566,0.012612322702899624,0.0061825126744993,0.006309316009453498,0.012491828683952797,0.21613131065948252,1.7470510000000075,0 days 07:35:00
5m,DEVELOPMENT,240,CLOSED,BTCUSDT,LONG,2024-05-09 22:45:00+00:00,2024-05-09 22:50:00+00:00,63190.99,63222.58549499999,2024-05-10 14:10:00+00:00,62590.35964004999,62559.064460229965,0.00019909219400613169,12.587123256939785,0.12587123256939786,62590.35964004999,64487.03720489999,SL,-0.11958081614914004,0.012587123256939786,0.012455021398358202,0.006290416420258592,0.006230626012184775,0.012521042432443367,-0.15714400323688138,-1.2484505000000026,0 days 15:20:00
5m,DEVELOPMENT,241,CLOSED,BTCUSDT,LONG,2024-05-11 01:10:00+00:00,2024-05-11 01:15:00+00:00,61052.0,61082.526,2024-05-13 07:50:00+00:00,62304.17652,62273.02443174001,0.00020349741660518635,12.430136240719127,0.12430136240719128,60471.70074,62304.17652,TP,0.25481468695367265,0.012430136240719128,0.012672399596050744,0.006211962139289515,0.006339369482765604,0.012551331622055118,0.21716081949484767,1.747051000000014,2 days 06:35:00
5m,DEVELOPMENT,242,CLOSED,BTCUSDT,LONG,2024-05-13 07:50:00+00:00,2024-05-13 07:55:00+00:00,62312.13,62343.28606499999,2024-05-14 06:15:00+00:00,61719.853204349994,61688.993277747824,0.00020286194255388353,12.647080116338357,0.12647080116338358,61719.853204349994,63590.1517863,SL,-0.1201504212951491,0.012647080116338357,0.012514349010517387,0.006320379868234164,0.006260304657586506,0.01258068452582067,-0.1578925349478255,-1.2484504999999897,0 days 22:20:00
5m,DEVELOPMENT,243,CLOSED,BTCUSDT,LONG,2024-05-14 21:35:00+00:00,2024-05-14 21:40:00+00:00,61739.65,61770.519824999996,2024-05-15 12:30:00+00:00,63005.9302215,62974.42725638925,0.00020218941578561796,12.489345316190681,0.12489345316190681,61152.81462675,63005.9302215,TP,0.25602845820596737,0.012489345316190682,0.012732762656403239,0.006241551882153112,0.006369566111256646,0.012611117993409759,0.2181952322399637,1.7470510000000101,0 days 14:50:00
5m,DEVELOPMENT,244,CLOSED,BTCUSDT,LONG,2024-05-15 12:30:00+00:00,2024-05-15 12:35:00+00:00,63763.65,63795.531825,2024-05-15 16:15:00+00:00,65071.4424615,65038.90674026925,0.00019918828494186098,12.70732257117566,0.12707322571175658,63157.576506749996,65071.4424615,TP,0.26049693746608,0.012707322571175659,0.012954988288087874,0.0063504860425659,0.00648073451129957,0.01283122055386547,0.222003406052951,1.7470510000000075,0 days 03:40:00
5m,DEVELOPMENT,245,CLOSED,BTCUSDT,LONG,2024-05-15 18:10:00+00:00,2024-05-15 18:15:00+00:00,65208.25,65240.854125,2024-05-16 00:05:00+00:00,66545.6712075,66512.39837189626,0.00019817496826194693,12.929104195604184,0.12929104195604185,64588.44558375,66545.6712075,TP,0.2650434053491664,0.012929104195604184,0.013181092436376511,0.006461321437083159,0.006593843139756258,0.013055164576839418,0.2258780441403463,1.747051000000011,0 days 05:50:00
5m,DEVELOPMENT,246,CLOSED,BTCUSDT,LONG,2024-05-16 00:05:00+00:00,2024-05-16 00:10:00+00:00,66561.1,66594.38055,2024-05-16 01:35:00+00:00,65928.4367445,65895.47252612775,0.00019753553496118197,13.154756587352782,0.13154756587352784,65928.4367445,67926.268161,SL,-0.12497347462547755,0.013154756587352783,0.013016697416968514,0.006574091248051546,0.006511604510738886,0.013085695758790431,-0.16423062438858926,-1.2484505000000037,0 days 01:25:00
5m,DEVELOPMENT,247,CLOSED,BTCUSDT,LONG,2024-05-16 07:15:00+00:00,2024-05-16 07:20:00+00:00,66088.16,66121.20408,2024-05-16 15:00:00+00:00,65459.9920392,65427.2620431804,0.00019646783827173805,12.990690029522025,0.12990690029522026,65459.9920392,67443.62816159999,SL,-0.12341480132994286,0.012990690029522025,0.012854352737662193,0.006492098965276879,0.006430391564612618,0.012922490529889497,-0.16218233462701656,-1.24845049999999,0 days 07:40:00
5m,DEVELOPMENT,248,CLOSED,BTCUSDT,LONG,2024-05-17 00:55:00+00:00,2024-05-17 01:00:00+00:00,65508.7,65541.45435,2024-05-17 15:10:00+00:00,66852.283437,66818.85729528152,0.00019573367485412418,12.828669715209323,0.12828669715209323,64886.0398065,66852.283437,TP,0.2629845235971463,0.012828669715209323,0.013078700487958755,0.006411129292958747,0.006542621554754761,0.012953750847713509,0.22412340254626467,1.7470510000000237,0 days 14:10:00
5m,DEVELOPMENT,249,CLOSED,BTCUSDT,LONG,2024-05-17 15:10:00+00:00,2024-05-17 15:15:00+00:00,66897.99,66931.438995,2024-05-17 18:05:00+00:00,66262.12460505,66228.99354274748,0.0001950140235178212,13.052569218252547,0.13052569218252547,66262.12460505,68270.0677749,SL,-0.12400266908494803,0.013052569218252546,0.012915582504306987,0.006523023097577256,0.006461021763034064,0.01298404486061132,-0.1629548656681189,-1.2484504999999915,0 days 02:50:00
5m,DEVELOPMENT,250,CLOSED,BTCUSDT,LONG,2024-05-18 07:20:00+00:00,2024-05-18 07:25:00+00:00,67239.74,67273.35987,2024-05-18 14:40:00+00:00,66600.6262713,66567.32595816435,0.00019160299365999275,12.889777144658021,0.1288977714465802,66600.6262713,68618.82706740001,SL,-0.1224561037081208,0.012889777144658022,0.012754498933524835,0.00644166773845882,0.006380439686606235,0.012822107425065055,-0.16092248721136873,-1.2484504999999995,0 days 07:15:00
5m,DEVELOPMENT,251,CLOSED,BTCUSDT,LONG,2024-05-18 20:30:00+00:00,2024-05-18 20:35:00+00:00,67014.87,67048.37743499999,2024-05-19 19:00:00+00:00,66377.89366064999,66344.70471381966,0.00018984822461232971,12.729015419172137,0.12729015419172138,66377.89366064999,68389.3449837,SL,-0.120928827145659,0.012729015419172138,0.012595424402347925,0.006361327046061568,0.006300862632490596,0.012662189678552163,-0.15891545664573123,-1.2484504999999968,0 days 22:25:00
5m,DEVELOPMENT,252,CLOSED,BTCUSDT,LONG,2024-05-20 02:05:00+00:00,2024-05-20 02:10:00+00:00,66637.9,66671.21895,2024-05-20 16:35:00+00:00,68004.643329,67970.64100733551,0.00018854100640717855,12.570258719226352,0.12570258719226352,66004.5067605,68004.643329,TP,0.2576871627499584,0.012570258719226353,0.012815253061664077,0.006281988365430606,0.006410831946803803,0.012692820312234409,0.21960883065683354,1.7470510000000188,0 days 14:25:00
5m,DEVELOPMENT,253,CLOSED,BTCUSDT,LONG,2024-05-20 16:35:00+00:00,2024-05-20 16:40:00+00:00,68071.84,68105.87591999999,2024-05-20 19:25:00+00:00,69467.9934384,69433.2594416808,0.0001877906713286417,12.789648160441972,0.12789648160441972,67424.8171608,69467.9934384,TP,0.26218459147492684,0.012789648160441973,0.013038918403088988,0.006391628266086967,0.00652272056182441,0.012914348827911377,0.2234416760834845,1.7470510000000112,0 days 02:45:00
5m,DEVELOPMENT,254,CLOSED,BTCUSDT,LONG,2024-05-20 19:30:00+00:00,2024-05-20 19:35:00+00:00,69837.21,69872.128605,2024-05-20 20:45:00+00:00,69173.40731895,69138.82061529053,0.0001862383024228725,13.01286661806783,0.1301286661806783,69173.40731895,71269.5711771,SL,-0.12362548446250374,0.013012866618067831,0.012876296582911211,0.006503181718174629,0.006441368975942985,0.012944550694117613,-0.1624591983576004,-1.248450499999996,0 days 01:10:00
5m,DEVELOPMENT,255,CLOSED,BTCUSDT,LONG,2024-05-20 23:20:00+00:00,2024-05-20 23:25:00+00:00,70819.48,70854.88974,2024-05-21 15:35:00+00:00,70146.3408426,70111.2676721787,0.00018136461384339866,12.85056971661169,0.1285056971661169,70146.3408426,72271.9875348,SL,-0.1220836233447219,0.01285056971661169,0.012715702987435849,0.006422073821395652,0.006361032009722024,0.012783105831117678,-0.16043300187988713,-1.2484504999999992,0 days 16:10:00
5m,DEVELOPMENT,256,CLOSED,BTCUSDT,LONG,2024-05-21 22:35:00+00:00,2024-05-21 22:40:00+00:00,70100.0,70135.05,2024-05-22 04:40:00+00:00,69433.6995,69398.98265025001,0.00018094087032747468,12.690296987460954,0.12690296987460953,69433.6995,71537.751,SL,-0.1205609923696311,0.012690296987460953,0.012557112320577553,0.006341977504978514,0.006281697008792297,0.012623674513770812,-0.15843207619144042,-1.248450499999994,0 days 06:00:00
5m,DEVELOPMENT,257,CLOSED,BTCUSDT,LONG,2024-05-22 08:30:00+00:00,2024-05-22 08:35:00+00:00,70070.16,70105.19508,2024-05-22 18:20:00+00:00,69404.1431292,69369.44105763541,0.00017876026406846287,12.532023185071905,0.12532023185071905,69404.1431292,71507.2989816,SL,-0.11905735169825901,0.012532023185071905,0.012400499601744578,0.006262880152459985,0.006203351476609196,0.01246623162906918,-0.15645610611414468,-1.2484504999999884,0 days 09:45:00
5m,DEVELOPMENT,258,CLOSED,BTCUSDT,LONG,2024-05-23 06:45:00+00:00,2024-05-23 06:50:00+00:00,69597.15,69631.94857499999,2024-05-23 13:35:00+00:00,68935.62908924998,68901.16127470536,0.0001777305336419572,12.375723378764068,0.12375723378764068,68935.62908924998,71024.58754649998,SL,-0.11757246448291322,0.012375723378764069,0.012245840161903939,0.006184769304728503,0.006125983072487904,0.012310752377216409,-0.15450478040079765,-1.2484505000000061,0 days 06:45:00
5m,DEVELOPMENT,259,CLOSED,BTCUSDT,LONG,2024-05-24 03:00:00+00:00,2024-05-24 03:05:00+00:00,68014.18,68048.18708999999,2024-05-24 05:25:00+00:00,67367.7052191,67334.02136649044,0.00017959880301630007,12.221372948793242,0.12221372948793242,67367.7052191,69409.1508318,SL,-0.1161060968298642,0.012221372948793241,0.012093109639695659,0.006107632658067436,0.0060495796096531156,0.012157212267720551,-0.15257779168607366,-1.2484504999999975,0 days 02:20:00
5m,DEVELOPMENT,260,CLOSED,BTCUSDT,LONG,2024-05-24 10:40:00+00:00,2024-05-24 10:45:00+00:00,67518.02,67551.77901,2024-05-24 17:55:00+00:00,68902.8145902,68868.3631829049,0.00017866217232690302,12.06894758247349,0.1206894758247349,66876.2612199,68902.8145902,TP,0.24741040971167402,0.01206894758247349,0.012304171370855899,0.006031458062204625,0.0061551632670612585,0.012186621329265884,0.21085066942907874,1.7470509999999984,0 days 07:10:00
5m,DEVELOPMENT,261,CLOSED,BTCUSDT,LONG,2024-05-24 17:55:00+00:00,2024-05-24 18:00:00+00:00,68919.02,68953.47951,2024-05-26 21:30:00+00:00,68263.9447149,68229.81274254256,0.00017808510461161456,12.279587611873172,0.12279587611873172,68263.9447149,70332.5491002,SL,-0.11665915067551669,0.012279587611873172,0.012150713339886566,0.0061367254432150836,0.006078395867875716,0.0122151213110908,-0.15330457293836725,-1.2484504999999884,2 days 03:30:00
5m,DEVELOPMENT,262,CLOSED,BTCUSDT,LONG,2024-05-27 00:55:00+00:00,2024-05-27 01:00:00+00:00,68821.72,68856.13085999999,2024-05-27 15:35:00+00:00,70233.25347719999,70198.1368504614,0.00017611265749177944,12.126436190356323,0.12126436190356323,68167.5695514,70233.25347719999,TP,0.24858891180830256,0.012126436190356324,0.012362780431706367,0.006060188001175644,0.006184482457081679,0.012244670458257324,0.21185502472798257,1.7470510000000044,0 days 14:35:00
5m,DEVELOPMENT,263,CLOSED,BTCUSDT,LONG,2024-05-27 15:35:00+00:00,2024-05-27 15:40:00+00:00,70324.39,70359.552195,2024-05-27 19:45:00+00:00,69655.95667305,69621.12869471348,0.00017535756250278904,12.33807957170296,0.12338079571702959,69655.95667305,71766.7432389,SL,-0.11721483890958286,0.01233807957170296,0.012208591426597937,0.006165956807447258,0.006107349387991072,0.01227330619543833,-0.1540348161033221,-1.248450499999989,0 days 04:05:00
5m,DEVELOPMENT,264,CLOSED,BTCUSDT,LONG,2024-05-28 09:40:00+00:00,2024-05-28 09:45:00+00:00,68405.84,68440.04291999999,2024-05-28 13:55:00+00:00,67755.64249079999,67721.7646695546,0.00017802733774987539,12.184198636534806,0.12184198636534806,67755.64249079999,69808.8437784,SL,-0.11575293157447729,0.012184198636534806,0.012056325471844374,0.00608905479087127,0.006031178325083093,0.012120233115954364,-0.15211368879881082,-1.2484504999999906,0 days 04:10:00
5m,DEVELOPMENT,265,CLOSED,BTCUSDT,LONG,2024-05-28 19:50:00+00:00,2024-05-28 19:55:00+00:00,68484.15,68518.392075,2024-05-29 08:00:00+00:00,67833.20815425,67799.29155017287,0.00017560594382151615,12.032236909463066,0.12032236909463066,67833.20815425,69888.7599165,SL,-0.11430925719584846,0.012032236909463066,0.011905958583098253,0.006013111898782482,0.005955957270183927,0.01196906916896641,-0.1502165218573762,-1.2484505,0 days 12:05:00
5m,DEVELOPMENT,266,CLOSED,BTCUSDT,LONG,2024-05-30 02:05:00+00:00,2024-05-30 02:10:00+00:00,67920.27,67954.230135,2024-05-30 08:10:00+00:00,67274.68783365001,67241.05048973318,0.00017485549362351106,11.882170454061097,0.11882170454061097,67274.68783365001,69313.31473770001,SL,-0.11288358837166411,0.011882170454061097,0.011757467075145727,0.00593811616894628,0.0058816743747600216,0.011819790543706302,-0.14834301644457723,-1.2484504999999932,0 days 06:00:00
5m,DEVELOPMENT,267,CLOSED,BTCUSDT,LONG,2024-05-30 11:25:00+00:00,2024-05-30 11:30:00+00:00,68092.46,68126.50623,2024-05-30 17:55:00+00:00,69489.0363546,69454.29183642271,0.00017223803599766873,11.733975632438142,0.11733975632438143,67445.2411677,69489.0363546,TP,0.2405435684370868,0.011733975632438142,0.011962670817514363,0.0058640557883236424,0.005984327572542208,0.011848383360865852,0.20499853862626843,1.747051000000013,0 days 06:25:00
5m,DEVELOPMENT,268,CLOSED,BTCUSDT,LONG,2024-05-31 02:15:00+00:00,2024-05-31 02:20:00+00:00,68673.97,68708.306985,2024-05-31 09:15:00+00:00,68021.22391515,67987.21330319243,0.00017376020311380883,11.938769377319531,0.11938769377319532,68021.22391515,70082.4731247,SL,-0.11342129228528036,0.011938769377319532,0.011813471992704562,0.005966401487916108,0.0059096908417714,0.011876092329687508,-0.14904962598499194,-1.2484504999999946,0 days 06:55:00
5m,DEVELOPMENT,269,CLOSED,BTCUSDT,LONG,2024-05-31 12:20:00+00:00,2024-05-31 12:25:00+00:00,68525.75,68560.012875,2024-05-31 14:00:00+00:00,67874.41274625,67840.47553987688,0.000171964212923287,11.789868652059798,0.11789868652059798,67874.41274625,69931.21313250001,SL,-0.11200669818873338,0.011789868652059799,0.011666133980556432,0.0058919883318640275,0.005835984982770115,0.011727973314634143,-0.14719067413598375,-1.2484504999999995,0 days 01:35:00
5m,DEVELOPMENT,270,CLOSED,BTCUSDT,LONG,2024-05-31 19:40:00+00:00,2024-05-31 19:45:00+00:00,67854.26,67888.18712999999,2024-06-03 08:25:00+00:00,69245.95087259999,69211.32789716369,0.00017150001368072064,11.642825021554321,0.11642825021554322,67209.30525869998,69245.95087259999,TP,0.23867500369023345,0.011642825021554322,0.011869743681224416,0.0058185032591469696,0.005937840760992911,0.011756344020139881,0.20340609096731482,1.7470509999999986,2 days 12:40:00
5m,DEVELOPMENT,271,CLOSED,BTCUSDT,LONG,2024-06-03 08:25:00+00:00,2024-06-03 08:30:00+00:00,69264.56,69299.19227999999,2024-06-03 14:55:00+00:00,68606.20035719998,68571.89725702138,0.00017094034605439934,11.846027909633557,0.11846027909633558,68606.20035719998,70685.17612559999,SL,-0.11254022516848555,0.011846027909633558,0.011721703846721953,0.005920053927851266,0.005863783815268662,0.011783837743119929,-0.14789179466796099,-1.2484505000000108,0 days 06:25:00
5m,DEVELOPMENT,272,CLOSED,BTCUSDT,LONG,2024-06-04 01:50:00+00:00,2024-06-04 01:55:00+00:00,69182.68,69217.27133999999,2024-06-04 16:00:00+00:00,70601.6167668,70566.3159584166,0.00016900816273951976,11.698283859016215,0.11698283859016215,68525.0986266,70601.6167668,TP,0.23981189600042324,0.011698283859016214,0.011926283411428443,0.005846218820097896,0.005966124768098147,0.011812343588196043,0.20437498514178254,1.74705100000001,0 days 14:05:00
5m,DEVELOPMENT,273,CLOSED,BTCUSDT,LONG,2024-06-04 16:00:00+00:00,2024-06-04 16:05:00+00:00,70592.04,70627.33601999999,2024-06-07 17:55:00+00:00,69921.0626598,69886.1021284701,0.00016852475746746527,11.902454673343671,0.11902454673343671,69921.0626598,72039.88274039999,SL,-0.1130762935233698,0.01190245467334367,0.011777538411546933,0.0059482532100658455,0.005891715063304476,0.011839968273370322,-0.14859625488163072,-1.2484504999999857,3 days 01:50:00
5m,DEVELOPMENT,274,CLOSED,BTCUSDT,LONG,2024-06-08 03:25:00+00:00,2024-06-08 03:30:00+00:00,69508.58,69543.33429,2024-06-11 01:50:00+00:00,68847.9009471,68813.47699662646,0.00016901701631466477,11.754006866269116,0.11754006866269116,68847.9009471,70934.2009758,SL,-0.11166600226275641,0.011754006866269116,0.011630648564207624,0.005874066399934105,0.005818233398802388,0.011692299798736493,-0.14674295749196964,-1.2484504999999875,2 days 22:20:00
5m,DEVELOPMENT,275,CLOSED,BTCUSDT,LONG,2024-06-11 18:35:00+00:00,2024-06-11 18:40:00+00:00,67179.73,67213.319865,2024-06-12 12:30:00+00:00,68557.5862623,68523.30746916885,0.00017269509270561426,11.60741050513828,0.1160741050513828,66541.18666635,68557.5862623,TP,0.23794901495291026,0.01160741050513828,0.011833638935883425,0.005800804850144368,0.005919779357619972,0.01172058420776434,0.20278738130412421,1.7470510000000072,0 days 17:50:00
5m,DEVELOPMENT,276,CLOSED,BTCUSDT,LONG,2024-06-12 12:30:00+00:00,2024-06-12 12:35:00+00:00,69299.89,69334.539945,2024-06-12 18:50:00+00:00,68641.19454555,68606.87394827722,0.00017033350637379638,11.809995301645897,0.11809995301645897,68641.19454555,70721.2307439,SL,-0.11219790638895047,0.011809995301645896,0.011686049400955122,0.005902046627508749,0.005845947674314504,0.011747994301823253,-0.14744194539337474,-1.2484505000000004,0 days 06:15:00
5m,DEVELOPMENT,277,CLOSED,BTCUSDT,LONG,2024-06-13 08:05:00+00:00,2024-06-13 08:10:00+00:00,67735.99,67769.857995,2024-06-13 15:15:00+00:00,67092.15941505,67058.61333534248,0.00017209274146278613,11.662700650903265,0.11662700650903265,67092.15941505,69125.2551549,SL,-0.11079857040163522,0.011662700650903265,0.011540300607572036,0.0058284361073967705,0.00577303682219645,0.01160147292959322,-0.14560304458970372,-1.2484504999999884,0 days 07:05:00
5m,DEVELOPMENT,278,CLOSED,BTCUSDT,LONG,2024-06-13 22:45:00+00:00,2024-06-13 22:50:00+00:00,66976.25,67009.738125,2024-06-14 16:05:00+00:00,66339.64074375,66306.47092337813,0.00017187416913070592,11.517243063900564,0.11517243063900563,66339.64074375,68349.9328875,SL,-0.10941668697888506,0.011517243063900564,0.011396369597944928,0.0057557436601208215,0.005701035316629871,0.011456778976750692,-0.14378707861748125,-1.2484504999999944,0 days 17:15:00
5m,DEVELOPMENT,279,CLOSED,BTCUSDT,LONG,2024-06-14 21:25:00+00:00,2024-06-14 21:30:00+00:00,66116.0,66149.05799999999,2024-06-17 13:05:00+00:00,65487.56741999999,65454.82363629,0.00017193895079682415,11.373599628718265,0.11373599628718266,65487.56741999999,67472.03915999999,SL,-0.1080520384517426,0.011373599628718267,0.011254233700614869,0.005683957835439691,0.005629931816214389,0.01131388965165408,-0.14199376143272982,-1.2484504999999866,2 days 15:35:00
5m,DEVELOPMENT,280,CLOSED,BTCUSDT,LONG,2024-06-17 17:00:00+00:00,2024-06-17 17:05:00+00:00,66087.98,66121.02398999999,2024-06-18 01:20:00+00:00,65459.81375009999,65427.083843224944,0.0001698665120626947,11.231747719195058,0.11231747719195058,65459.81375009999,67443.44446979999,SL,-0.1067044098660175,0.011231747719195058,0.011113870526882109,0.005613067325933039,0.005559715121000455,0.011172782446933493,-0.14022281055902816,-1.24845049999999,0 days 08:15:00
5m,DEVELOPMENT,281,CLOSED,BTCUSDT,LONG,2024-06-18 21:15:00+00:00,2024-06-18 21:20:00+00:00,65147.84,65180.41391999999,2024-06-21 03:55:00+00:00,64528.60978079999,64496.34547590959,0.00017016867988867574,11.091664991363864,0.11091664991363864,64528.60978079999,66484.0221984,SL,-0.10537358894844034,0.011091664991363864,0.010975257967279498,0.005543060965198528,0.005490374170724979,0.011033435135923506,-0.13847394704300722,-1.248450500000001,2 days 06:35:00
5m,DEVELOPMENT,282,CLOSED,BTCUSDT,LONG,2024-06-21 14:45:00+00:00,2024-06-21 14:50:00+00:00,64266.0,64298.132999999994,2024-06-21 15:35:00+00:00,63655.15166999999,63623.32409416499,0.00017035221504693284,10.953329379932288,0.10953329379932289,63655.15166999999,65584.09565999999,SL,-0.10405936607322117,0.010953329379932288,0.0108383741880899,0.0054739277261021315,0.005421898043066338,0.01089582576916847,-0.1367468954104118,-1.2484505000000021,0 days 00:45:00
5m,DEVELOPMENT,283,CLOSED,BTCUSDT,LONG,2024-06-21 19:50:00+00:00,2024-06-21 19:55:00+00:00,64220.0,64252.10999999999,2024-06-23 20:30:00+00:00,63609.588899999995,63577.784105549996,0.00016834807595901528,10.816719094807004,0.10816719094807004,63609.588899999995,65537.1522,SL,-0.10276153422902688,0.010816719094807005,0.010703197627907004,0.005405656719042854,0.005354275951929377,0.01075993267097223,-0.13504138362271312,-1.2484504999999964,2 days 00:35:00
5m,DEVELOPMENT,284,CLOSED,BTCUSDT,LONG,2024-06-24 23:35:00+00:00,2024-06-24 23:40:00+00:00,60317.56,60347.718779999996,2024-06-25 03:40:00+00:00,61554.673155599994,61523.8958190222,0.00017700441431104313,10.681812617661437,0.10681812617661438,59744.24159219999,61554.673155599994,TP,0.21897448954346374,0.010681812617661438,0.01089000114557966,0.005338237190235236,0.005447724435006899,0.010785961625242134,0.1866167141549805,1.7470510000000017,0 days 04:00:00
5m,DEVELOPMENT,285,CLOSED,BTCUSDT,LONG,2024-06-25 03:40:00+00:00,2024-06-25 03:45:00+00:00,61580.88,61611.670439999994,2024-06-25 05:40:00+00:00,60995.55373559999,60965.05595873219,0.00017639909491037894,10.868242901532549,0.10868242901532549,60995.55373559999,62843.90384879999,SL,-0.10325102326743422,0.010868242901532548,0.010754180692280964,0.005431405747891805,0.005379780236258609,0.010811185984150415,-0.13568463284539814,-1.2484505000000048,0 days 01:55:00
5m,DEVELOPMENT,286,CLOSED,BTCUSDT,LONG,2024-06-25 09:50:00+00:00,2024-06-25 09:55:00+00:00,61516.0,61546.757999999994,2024-06-26 17:05:00+00:00,60931.29041999999,60900.824774789995,0.00017438276469039867,10.732693817770912,0.10732693817770912,60931.29041999999,62777.693159999995,SL,-0.10196327310136354,0.010732693817770911,0.010620054196153406,0.0053636650763462974,0.005312683439795777,0.010676348516142076,-0.13399236963142994,-1.248450499999999,1 days 07:10:00
5m,DEVELOPMENT,287,CLOSED,BTCUSDT,LONG,2024-06-27 03:20:00+00:00,2024-06-27 03:25:00+00:00,61212.12,61242.72606,2024-06-27 06:45:00+00:00,60630.2987994,60599.9836500003,0.00017306276171094733,10.598835306650605,0.10598835306650604,60630.2987994,62467.5805812,SL,-0.10069158379781562,0.010598835306650605,0.010487600530107307,0.005296769268690654,0.005246423476791927,0.010543192745482582,-0.13232121238005612,-1.248450500000001,0 days 03:20:00
5m,DEVELOPMENT,288,CLOSED,BTCUSDT,LONG,2024-06-27 09:35:00+00:00,2024-06-27 09:40:00+00:00,61070.01,61100.545005,2024-06-27 14:10:00+00:00,62322.5559051,62291.394627147456,0.00017130201183045742,10.466646283293906,0.10466646283293907,60489.53955495,62322.5559051,TP,0.21456363345363116,0.010466646283293907,0.010670641219355306,0.005230707787752718,0.00533798960447917,0.010568697392231888,0.18285764855875009,1.7470510000000101,0 days 04:30:00
5m,DEVELOPMENT,289,CLOSED,BTCUSDT,LONG,2024-06-27 14:10:00+00:00,2024-06-27 14:15:00+00:00,62360.0,62391.17999999999,2024-06-27 14:50:00+00:00,61767.26819999999,61736.38456589999,0.00017068632548509376,10.649321256879071,0.10649321256879071,61767.26819999999,63639.0036,SL,-0.10117121294016698,0.010649321256879072,0.010537556630288126,0.005321999628624031,0.005271414022154927,0.010593413650778958,-0.13295150447811313,-1.2484505000000008,0 days 00:35:00
5m,DEVELOPMENT,290,CLOSED,BTCUSDT,LONG,2024-06-28 01:20:00+00:00,2024-06-28 01:25:00+00:00,62044.04,62075.06202,2024-06-28 07:40:00+00:00,61454.3113998,61423.5842441001,0.0001694159011504239,10.516502571086754,0.10516502571086754,61454.3113998,63316.5632604,SL,-0.0999094022370617,0.010516502571086755,0.010406131876603197,0.005255623473805915,0.005205668772687381,0.010461292246493295,-0.13129332893124496,-1.2484504999999955,0 days 06:15:00
5m,DEVELOPMENT,291,CLOSED,BTCUSDT,LONG,2024-06-28 11:15:00+00:00,2024-06-28 11:20:00+00:00,61700.83,61731.680414999995,2024-06-28 14:15:00+00:00,61114.36361084999,61083.80642904457,0.0001682335607018203,10.385340404322273,0.10385340404322273,61114.36361084999,62966.314023299994,SL,-0.09866332887864548,0.010385340404322273,0.01027634625677891,0.0051900751645777565,0.005140743500139217,0.010330818664716974,-0.12965583420446364,-1.248450500000002,0 days 02:55:00
5m,DEVELOPMENT,292,CLOSED,BTCUSDT,LONG,2024-06-29 00:20:00+00:00,2024-06-29 00:25:00+00:00,60694.05,60724.397025,2024-06-30 18:45:00+00:00,61938.8849655,61907.915523017255,0.0001688911639946532,10.255814096425706,0.10255814096425706,60117.15305475,61938.8849655,TP,0.2102416263045387,0.010255814096425706,0.010455699913165044,0.005125344376024078,0.005230465189176548,0.010355809565200626,0.1791743027297473,1.7470510000000101,1 days 18:20:00
5m,DEVELOPMENT,293,CLOSED,BTCUSDT,LONG,2024-06-30 18:45:00+00:00,2024-06-30 18:50:00+00:00,61957.39,61988.368695,2024-07-01 01:05:00+00:00,63228.1360689,63196.52200086555,0.00016833495740451238,10.434809403848034,0.10434809403848033,61368.48500805,63228.1360689,TP,0.21391098538023304,0.010434809403848035,0.010638183839129033,0.005214797303272039,0.005321752795961987,0.010536550099234026,0.18230144203802195,1.7470510000000081,0 days 06:15:00
5m,DEVELOPMENT,294,CLOSED,BTCUSDT,LONG,2024-07-01 01:05:00+00:00,2024-07-01 01:10:00+00:00,63306.34,63337.993169999994,2024-07-01 11:20:00+00:00,62704.61323829999,62673.260931680845,0.0001676233836153818,10.61692872656334,0.1061692872656334,62704.61323829999,64604.7530334,SL,-0.1008634758080811,0.01061692872656334,0.01050550405957806,0.005305811457552522,0.005255379719648568,0.01056119117720109,-0.1325470997714236,-1.2484504999999995,0 days 10:10:00
5m,DEVELOPMENT,295,CLOSED,BTCUSDT,LONG,2024-07-01 15:55:00+00:00,2024-07-01 16:00:00+00:00,63132.9,63164.46645,2024-07-02 08:05:00+00:00,62532.8217855,62501.55537460725,0.00016598753430105173,10.484514041477006,0.10484514041477005,62532.8217855,64427.755779,SL,-0.09960550321263344,0.010484514041477006,0.010374479066611706,0.005239637202137175,0.005189834450530996,0.010429471652668172,-0.1308939679733903,-1.2484505000000041,0 days 16:05:00
5m,DEVELOPMENT,296,CLOSED,BTCUSDT,LONG,2024-07-02 12:40:00+00:00,2024-07-02 12:45:00+00:00,62908.57,62940.024285,2024-07-02 14:15:00+00:00,62310.62404215,62279.46873012892,0.0001645018563994408,10.353750836708388,0.10353750836708388,62310.62404215,64198.8247707,SL,-0.09836322009286724,0.010353750836708388,0.010245088221677133,0.005174288274217052,0.0051251066641704495,0.010299394938387501,-0.12926145408964027,-1.2484505000000021,0 days 01:30:00
5m,DEVELOPMENT,297,CLOSED,BTCUSDT,LONG,2024-07-03 00:05:00+00:00,2024-07-03 00:10:00+00:00,62208.71,62239.814354999995,2024-07-03 01:55:00+00:00,61617.41621144999,61586.60750334427,0.00016427777976042642,10.224618514940516,0.10224618514940517,61617.41621144999,63484.61064209999,SL,-0.09713643076912618,0.010224618514940517,0.010117311143626215,0.005109754380279437,0.005061186164895356,0.010170940545174792,-0.1276493009728677,-1.2484505000000024,0 days 01:45:00
5m,DEVELOPMENT,298,CLOSED,BTCUSDT,LONG,2024-07-04 00:15:00+00:00,2024-07-04 00:20:00+00:00,60400.0,60430.2,2024-07-04 01:30:00+00:00,59825.897999999994,59795.985050999996,0.00016708693229125246,10.097096735746844,0.10097096735746844,59825.897999999994,61638.804,SL,-0.09592494200227367,0.010097096735746844,0.009991127705505181,0.005046025355195338,0.0049980628841943125,0.01004408823938965,-0.12605725468291534,-1.248450500000002,0 days 01:10:00
5m,DEVELOPMENT,299,CLOSED,BTCUSDT,LONG,2024-07-04 15:45:00+00:00,2024-07-04 15:50:00+00:00,57991.09,58020.085544999994,2024-07-04 23:40:00+00:00,57439.884689549996,57411.16474720522,0.0001718571304872296,9.971165412387288,0.09971165412387288,57439.884689549996,59180.48725589999,SL,-0.09472856296325971,0.009971165412387288,0.009866518031384284,0.004983091160612984,0.00493572687913164,0.009918818039744624,-0.12448506444677591,-1.2484504999999975,0 days 07:50:00
5m,DEVELOPMENT,300,CLOSED,BTCUSDT,LONG,2024-07-05 11:40:00+00:00,2024-07-05 11:45:00+00:00,55506.41,55534.163205,2024-07-05 13:00:00+00:00,54978.82157294999,54951.33216216352,0.00017731076044660203,9.846804708644255,0.09846804708644255,54978.82157294999,56644.8464691,SL,-0.0935471052030639,0.009846804708644255,0.009743462493227033,0.004920941883379305,0.004874168330778865,0.00979511021415817,-0.12293248261909337,-1.2484505000000063,0 days 01:15:00
5m,DEVELOPMENT,301,CLOSED,BTCUSDT,LONG,2024-07-05 15:00:00+00:00,2024-07-05 15:05:00+00:00,56038.0,56066.019,2024-07-06 13:45:00+00:00,57187.33938,57158.74571031,0.0001734383002242073,9.723995035698112,0.09723995035698112,55505.35881,57187.33938,TP,0.19933946844794387,0.009723995035698112,0.009913515698943868,0.004859567733982105,0.00495923746820522,0.009818805202187326,0.16988315251111455,1.7470510000000035,0 days 22:40:00
5m,DEVELOPMENT,302,CLOSED,BTCUSDT,LONG,2024-07-06 13:45:00+00:00,2024-07-06 13:50:00+00:00,57092.0,57120.545999999995,2024-07-06 21:00:00+00:00,58262.95692,58233.82544154,0.00017320752632109216,9.893708474770154,0.09893708474770155,56549.34054,58262.95692,TP,0.20281855154176448,0.009893708474770155,0.010086536852943426,0.004944382046361,0.005045791322132136,0.009990173368493137,0.17284813284555778,1.7470510000000106,0 days 07:10:00
5m,DEVELOPMENT,303,CLOSED,BTCUSDT,LONG,2024-07-06 23:15:00+00:00,2024-07-06 23:20:00+00:00,58349.68,58378.85484,2024-07-07 04:05:00+00:00,57795.0662916,57766.1687584542,0.00017243202114442717,10.066383932158324,0.10066383932158324,57795.0662916,59546.4319368,SL,-0.095633162693818,0.010066383932158324,0.009960737232790324,0.005030676627765224,0.00498286004641814,0.010013536674183364,-0.12567382053295,-1.2484504999999975,0 days 04:45:00
5m,DEVELOPMENT,304,CLOSED,BTCUSDT,LONG,2024-07-07 10:30:00+00:00,2024-07-07 10:35:00+00:00,57886.01,57914.953004999996,2024-07-07 12:40:00+00:00,57335.80347494999,57307.13557321252,0.00017164540665412284,9.940835659897637,0.09940835659897637,57335.80347494999,59073.252065099994,SL,-0.09444042273596064,0.009940835659897637,0.009836506589647012,0.004967933863016232,0.004920713651648464,0.009888647514664697,-0.12410641250016996,-1.2484504999999961,0 days 02:05:00
5m,DEVELOPMENT,305,CLOSED,BTCUSDT,LONG,2024-07-07 18:05:00+00:00,2024-07-07 18:10:00+00:00,57354.01,57382.687005,2024-07-07 21:10:00+00:00,56808.86013495,56780.45570488253,0.00017107691783363428,9.816853229827538,0.09816853229827538,56808.86013495,58530.3407451,SL,-0.09326255867017563,0.00981685322982754,0.0097138253551805,0.004905973628099331,0.004859342348764165,0.009765315976863496,-0.12255855323204717,-1.248450499999991,0 days 03:00:00
5m,DEVELOPMENT,306,CLOSED,BTCUSDT,LONG,2024-07-08 05:05:00+00:00,2024-07-08 05:10:00+00:00,55708.68,55736.53434,2024-07-08 08:30:00+00:00,56851.2650268,56822.8393942866,0.00017393290105867403,9.694417112712607,0.09694417112712607,55179.1689966,56851.2650268,TP,0.19873312841752672,0.009694417112712607,0.009883361302239378,0.004844786163274327,0.004944152727482983,0.009788938890757309,0.16936641111181744,1.7470510000000072,0 days 03:20:00
5m,DEVELOPMENT,307,CLOSED,BTCUSDT,LONG,2024-07-08 08:35:00+00:00,2024-07-08 08:40:00+00:00,57000.0,57028.5,2024-07-08 09:00:00+00:00,58169.07,58139.985465000005,0.00017295938568628893,9.863614326610529,0.09863614326610529,56458.215,58169.07,TP,0.20220162902426975,0.00986361432661053,0.01005585616983617,0.004929342492059234,0.005030443306570418,0.009959785798629653,0.17232237272919337,1.7470510000000088,0 days 00:20:00
5m,DEVELOPMENT,308,CLOSED,BTCUSDT,LONG,2024-07-08 21:25:00+00:00,2024-07-08 21:30:00+00:00,56603.44,56631.74172,2024-07-09 08:35:00+00:00,57764.3765544,57735.4943661228,0.0001772109464465402,10.035764549117216,0.10035764549117217,56065.4243028,57764.3765544,TP,0.20573066556960853,0.010035764549117216,0.010231361600179512,0.0050153745872642385,0.005118239920048962,0.010133614507313201,0.1753299249129986,1.7470510000000077,0 days 11:05:00
5m,DEVELOPMENT,309,CLOSED,BTCUSDT,LONG,2024-07-09 08:40:00+00:00,2024-07-09 08:45:00+00:00,57840.01,57868.930005,2024-07-09 10:45:00+00:00,57290.24070495,57261.59558459753,0.00017644907756852988,10.210919319260071,0.10210919319260071,57290.24070495,59026.30860510001,SL,-0.0970062849870732,0.010210919319260072,0.010103755721004437,0.0051029082055272625,0.005054405063032898,0.010157313268560161,-0.12747827329589786,-1.2484504999999892,0 days 02:00:00
5m,DEVELOPMENT,310,CLOSED,BTCUSDT,LONG,2024-07-09 18:35:00+00:00,2024-07-09 18:40:00+00:00,58023.02,58052.03150999999,2024-07-10 00:55:00+00:00,57471.51119489999,57442.775439302546,0.00017369880320466583,10.083568396886548,0.10083568396886548,57471.51119489999,59213.07214019999,SL,-0.09579641940270629,0.010083568396886549,0.009977741346561224,0.0050392645661596095,0.004991366356457964,0.010030630922617575,-0.12588836006877166,-1.2484504999999957,0 days 06:15:00
5m,DEVELOPMENT,311,CLOSED,BTCUSDT,LONG,2024-07-10 04:00:00+00:00,2024-07-10 04:05:00+00:00,58308.65,58337.804325,2024-07-10 12:45:00+00:00,57754.42628175,57725.54906860913,0.00017069215947758845,9.95780579941525,0.0995780579941525,57754.42628175,59504.560411499995,SL,-0.09460164330179156,0.00995780579941525,0.009853298627550388,0.004976414692360741,0.004929113870709622,0.009905528563070363,-0.12431827629182757,-1.2484504999999888,0 days 08:40:00
5m,DEVELOPMENT,312,CLOSED,BTCUSDT,LONG,2024-07-10 23:40:00+00:00,2024-07-10 23:45:00+00:00,57873.38,57902.31668999999,2024-07-11 03:15:00+00:00,57323.293523099994,57294.63187633845,0.0001698310582261028,9.833611717205633,0.09833611717205633,57323.293523099994,59060.3630238,SL,-0.09342176848779626,0.009833611717205632,0.00973040796223356,0.004914348684259837,0.004867637800016084,0.009781986484275921,-0.12276777465151137,-1.2484504999999904,0 days 03:30:00
5m,DEVELOPMENT,313,CLOSED,BTCUSDT,LONG,2024-07-11 07:15:00+00:00,2024-07-11 07:20:00+00:00,58168.01,58197.094005,2024-07-11 12:30:00+00:00,59361.0358851,59331.35536715745,0.00016686342769708272,9.710966587683643,0.09710966587683643,57615.12306495,59361.0358851,TP,0.19907238851913134,0.009710966587683643,0.009900233326477598,0.0048530567654585886,0.00495259295971867,0.009805649725177258,0.16965553887979284,1.7470509999999988,0 days 05:10:00
5m,DEVELOPMENT,314,CLOSED,BTCUSDT,LONG,2024-07-11 12:30:00+00:00,2024-07-11 12:35:00+00:00,59257.99,59287.618995,2024-07-11 12:55:00+00:00,58694.742805049995,58665.39543364747,0.00016665288314823156,9.880452640510608,0.09880452640510608,58694.742805049995,60473.3713749,SL,-0.09386676896357209,0.009880452640510608,0.00977675729004845,0.004937757441534391,0.004890824057052586,0.009828581498586977,-0.12335256039271811,-1.2484505000000024,0 days 00:20:00
5m,DEVELOPMENT,315,CLOSED,BTCUSDT,LONG,2024-07-12 13:10:00+00:00,2024-07-12 13:15:00+00:00,57501.56,57530.31077999999,2024-07-13 09:55:00+00:00,58680.9169956,58651.5765371022,0.00016960143578506417,9.757223309448953,0.09757223309448954,56955.007672199994,58680.9169956,TP,0.20002063975691947,0.009757223309448953,0.009947391591750116,0.004876173567939633,0.00497618388781862,0.009852357455758253,0.17046366739996216,1.7470510000000115,0 days 20:40:00
5m,DEVELOPMENT,316,CLOSED,BTCUSDT,LONG,2024-07-13 09:55:00+00:00,2024-07-13 10:00:00+00:00,58678.02,58707.35900999999,2024-07-14 04:15:00+00:00,59881.506190199994,59851.565437104895,0.00016910174211352065,9.927516683474892,0.09927516683474892,58120.28541989999,59881.506190199994,TP,0.20351161137238344,0.009927516683474892,0.010121003983635819,0.004961277702885336,0.005063033508572086,0.010024311211457422,0.1734387794938153,1.7470510000000037,0 days 18:15:00
5m,DEVELOPMENT,317,CLOSED,BTCUSDT,LONG,2024-07-14 04:15:00+00:00,2024-07-14 04:20:00+00:00,59880.0,59909.939999999995,2024-07-14 21:45:00+00:00,61108.13879999999,61077.5847306,0.0001685994377135869,10.100782197454729,0.10100782197454729,59310.840599999996,61108.13879999999,TP,0.20706351111423826,0.010100782197454729,0.01029764644248312,0.005047867165143958,0.005151398920700858,0.010199266085844816,0.1764658163884556,1.7470510000000077,0 days 17:25:00
5m,DEVELOPMENT,318,CLOSED,BTCUSDT,LONG,2024-07-14 21:45:00+00:00,2024-07-14 21:50:00+00:00,61073.29,61103.826645,2024-07-15 02:30:00+00:00,62325.9031779,62294.740226311056,0.00016819031292465337,10.277071724316322,0.10277071724316322,60492.78837855,62325.9031779,TP,0.2106774023645453,0.010277071724316323,0.010477371852223248,0.005135967878219075,0.005241306579400238,0.010377274457619313,0.17954568433038642,1.7470510000000086,0 days 04:40:00
5m,DEVELOPMENT,319,CLOSED,BTCUSDT,LONG,2024-07-15 02:30:00+00:00,2024-07-15 02:35:00+00:00,62405.33,62436.532665,2024-07-15 17:05:00+00:00,63685.2633183,63653.42068664086,0.00016747307379210466,10.456438042328697,0.10456438042328697,61812.167338349995,63685.2633183,TP,0.21435436706462896,0.010456438042328698,0.010660234019773685,0.00522560621805483,0.005332783401586477,0.010558389619641308,0.18267930538288527,1.7470510000000128,0 days 14:30:00
5m,DEVELOPMENT,320,CLOSED,BTCUSDT,LONG,2024-07-15 17:05:00+00:00,2024-07-15 17:10:00+00:00,63638.0,63669.818999999996,2024-07-15 18:00:00+00:00,63033.12080999999,63001.604249594995,0.00016709541534746643,10.63893485090301,0.10638934850903009,63033.12080999999,64943.215379999994,SL,-0.10107253948809022,0.010638934850903009,0.010527279229642781,0.005316809020940344,0.0052662727511966585,0.010583081772137001,-0.13282183534077302,-1.2484505000000015,0 days 00:50:00
5m,DEVELOPMENT,321,CLOSED,BTCUSDT,LONG,2024-07-15 19:20:00+00:00,2024-07-15 19:25:00+00:00,63760.0,63791.88,2024-07-16 06:50:00+00:00,63153.9612,63122.3842194,0.00016469565883163236,10.506245704708432,0.10506245704708432,63153.9612,65067.717599999996,SL,-0.09981195944353223,0.010506245704708431,0.010395982656037518,0.0052504976035520085,0.005200591623829899,0.010451089227381909,-0.1311652770316601,-1.248450499999992,0 days 11:25:00
5m,DEVELOPMENT,322,CLOSED,BTCUSDT,LONG,2024-07-16 11:20:00+00:00,2024-07-16 11:25:00+00:00,63679.99,63711.82999499999,2024-07-16 14:05:00+00:00,63074.71169504999,63043.17433920247,0.00016284591829702257,10.37521146191956,0.1037521146191956,63074.71169504999,64986.066594899996,SL,-0.0985671013948491,0.01037521146191956,0.010266323617626716,0.005185013224346763,0.005135729673649122,0.010320742897995885,-0.12952937937239128,-1.2484504999999926,0 days 02:40:00
5m,DEVELOPMENT,323,CLOSED,BTCUSDT,LONG,2024-07-16 15:15:00+00:00,2024-07-16 15:20:00+00:00,64496.09,64528.33804499999,2024-07-17 01:10:00+00:00,65818.90480589999,65785.99535349704,0.000158780030494222,10.245811482526564,0.10245811482526565,63883.05466454999,65818.90480589999,TP,0.21003657521900942,0.010245811482526564,0.010445502348321008,0.0051203455684779315,0.005225363856088498,0.010345709424566429,0.1789995519635954,1.7470510000000021,0 days 09:50:00
5m,DEVELOPMENT,324,CLOSED,BTCUSDT,LONG,2024-07-17 01:15:00+00:00,2024-07-17 01:20:00+00:00,66090.01,66123.05500499999,2024-07-17 03:10:00+00:00,65461.82445494999,65429.09354272251,0.00015765502989797814,10.424632213758926,0.10424632213758926,65461.82445494999,67445.51610509999,SL,-0.0990366108863367,0.010424632213758927,0.010315225698675526,0.0052097112512526815,0.00516019294581061,0.010369904197063292,-0.13014637299583445,-1.2484505000000006,0 days 01:50:00
5m,DEVELOPMENT,325,CLOSED,BTCUSDT,LONG,2024-07-17 15:35:00+00:00,2024-07-17 15:40:00+00:00,65354.01,65386.687005,2024-07-17 15:50:00+00:00,64732.82013495,64700.45372488253,0.00015744207771732678,10.294615857119732,0.10294615857119732,64732.82013495,66694.4207451,SL,-0.09780142301041794,0.010294615857119733,0.01018657386369926,0.005144735560779119,0.005095834849273844,0.010240570410052965,-0.1285231831412899,-1.2484504999999935,0 days 00:10:00
5m,DEVELOPMENT,326,CLOSED,BTCUSDT,LONG,2024-07-18 01:25:00+00:00,2024-07-18 01:30:00+00:00,64636.0,64668.318,2024-07-18 14:40:00+00:00,64021.63482,63989.624002590004,0.00015720558974128252,10.166221068766795,0.10166221068766795,64021.63482,65961.68436,SL,-0.0965816404384093,0.010166221068766796,0.01005952657865009,0.005080570249258659,0.0050322794290387895,0.01011284967829745,-0.12692023776412364,-1.2484504999999926,0 days 13:10:00
5m,DEVELOPMENT,327,CLOSED,BTCUSDT,LONG,2024-07-18 21:25:00+00:00,2024-07-18 21:30:00+00:00,63895.65,63927.597825,2024-07-19 13:55:00+00:00,65206.1497815,65173.54670660925,0.0001570437176746363,10.039427624446994,0.10039427624446993,63288.32184675,65206.1497815,TP,0.2058057576985578,0.010039427624446994,0.010235096068847465,0.005017205209618004,0.005120108088466914,0.010137313298084918,0.17539392070717844,1.74705100000001,0 days 16:25:00
5m,DEVELOPMENT,328,CLOSED,BTCUSDT,LONG,2024-07-19 13:55:00+00:00,2024-07-19 14:00:00+00:00,65135.89,65168.457944999995,2024-07-19 16:20:00+00:00,66471.8271039,66438.59119034804,0.00015674218246920907,10.214646326452167,0.10214646326452168,64516.77336554999,66471.8271039,TP,0.2093976973068799,0.010214646326452166,0.01041372978335472,0.005104770777836418,0.005209469626490753,0.010314240404327171,0.17845508079274586,1.747051,0 days 02:20:00
5m,DEVELOPMENT,329,CLOSED,BTCUSDT,LONG,2024-07-19 17:20:00+00:00,2024-07-19 17:25:00+00:00,66730.0,66763.36499999999,2024-07-21 18:05:00+00:00,66095.73134999999,66062.683484325,0.00015566805433550162,10.392923130440925,0.10392923130440926,66095.73134999999,68098.6323,SL,-0.09873536667150724,0.010392923130440926,0.010283849402186948,0.005193864632902561,0.0051444969495668645,0.010338361582469426,-0.12975050078660455,-1.248450499999992,2 days 00:40:00
5m,DEVELOPMENT,330,CLOSED,BTCUSDT,LONG,2024-07-21 20:15:00+00:00,2024-07-21 20:20:00+00:00,67728.0,67761.864,2024-07-22 08:45:00+00:00,67084.24536,67050.70323732,0.00015146133303732952,10.26330225053423,0.1026330225053423,67084.24536,69117.10128,SL,-0.09750393592336605,0.010263302250534229,0.010155588893414875,0.005129086581976338,0.005080334614013743,0.010209421195990082,-0.12813224826330524,-1.2484504999999941,0 days 12:25:00
5m,DEVELOPMENT,331,CLOSED,BTCUSDT,LONG,2024-07-22 12:20:00+00:00,2024-07-22 12:25:00+00:00,67618.01,67651.819005,2024-07-22 14:20:00+00:00,66975.30081495,66941.81316454252,0.00014981560223481746,10.135298006514944,0.10135298006514944,66975.30081495,69004.8553851,SL,-0.0962878636201145,0.010135298006514944,0.01002892805393657,0.005065116445035374,0.005016972513225379,0.010082088958260751,-0.12653417863882677,-1.248450500000009,0 days 01:55:00
5m,DEVELOPMENT,332,CLOSED,BTCUSDT,LONG,2024-07-22 17:55:00+00:00,2024-07-22 18:00:00+00:00,67467.99,67501.72399500001,2024-07-23 05:05:00+00:00,66826.70675505,66793.29340167249,0.0001482760682732839,10.008890235646987,0.10008890235646987,66826.70675505,68851.75847490001,SL,-0.095086958210719,0.010008890235646987,0.009903846932623873,0.005001944145750962,0.004954400666644015,0.009956344812394977,-0.12495604019138483,-1.2484504999999884,0 days 11:05:00
5m,DEVELOPMENT,333,CLOSED,BTCUSDT,LONG,2024-07-23 09:30:00+00:00,2024-07-23 09:35:00+00:00,67149.29,67182.864645,2024-07-23 11:20:00+00:00,66511.03599855,66477.78048055072,0.0001471217263344277,9.884059026664588,0.09884059026664588,66511.03599855,68526.52193789999,SL,-0.09390103053317991,0.009884059026664588,0.00978032582717974,0.00493955973346565,0.004892609218199383,0.009832168951665034,-0.12339758433868928,-1.248450500000001,0 days 01:45:00
5m,DEVELOPMENT,334,CLOSED,BTCUSDT,LONG,2024-07-24 08:05:00+00:00,2024-07-24 08:10:00+00:00,66305.92,66339.07295999999,2024-07-24 19:50:00+00:00,65675.6822304,65642.8443892848,0.0001471347771549554,9.760784716635927,0.09760784716635927,65675.6822304,67665.8544192,SL,-0.0927298937847327,0.009760784716635927,0.009658345281034833,0.004877953381625997,0.004831588434733819,0.009709541816359815,-0.12185856559876328,-1.2484504999999841,0 days 11:40:00
5m,DEVELOPMENT,335,CLOSED,BTCUSDT,LONG,2024-07-25 09:25:00+00:00,2024-07-25 09:30:00+00:00,64462.0,64494.231,2024-07-25 13:55:00+00:00,63849.28869,63817.364045655006,0.0001494559705327122,9.639047887865933,0.09639047887865934,63849.28869,65784.11562,SL,-0.0915733634924193,0.009639047887865933,0.009537886080282781,0.004817115386239812,0.004771328704492981,0.009588444090732794,-0.1203387415513008,-1.2484504999999906,0 days 04:25:00
5m,DEVELOPMENT,336,CLOSED,BTCUSDT,LONG,2024-07-25 14:40:00+00:00,2024-07-25 14:45:00+00:00,64740.0,64772.369999999995,2024-07-25 22:00:00+00:00,66067.8174,66034.7834913,0.00014695817622294293,9.51882936483766,0.09518829364837661,64124.64629999999,66067.8174,TP,0.1951336234610899,0.009518829364837661,0.009704351349158348,0.004757036164335978,0.0048546029760676394,0.009611639140403617,0.16629880360669028,1.7470510000000028,0 days 07:15:00
5m,DEVELOPMENT,337,CLOSED,BTCUSDT,LONG,2024-07-25 22:00:00+00:00,2024-07-25 22:05:00+00:00,66069.5,66102.53474999999,2024-07-26 03:05:00+00:00,67424.58544499999,67390.87315227749,0.0001465142308445807,9.684962035773415,0.09684962035773415,65441.50940249999,67424.58544499999,TP,0.19853930170285983,0.009684962035773416,0.00987372194585064,0.004840060987391784,0.004939330638244313,0.009779391625636097,0.16920122609559968,1.7470509999999988,0 days 05:00:00
5m,DEVELOPMENT,338,CLOSED,BTCUSDT,LONG,2024-07-26 03:05:00+00:00,2024-07-26 03:10:00+00:00,67356.01,67389.68800499999,2024-07-27 13:10:00+00:00,68737.48176509999,68703.11302421744,0.0001462240666397505,9.853994229675113,0.09853994229675113,66715.79112494999,68737.48176509999,TP,0.2020044194409155,0.009853994229675114,0.010046048577211482,0.004924534847413017,0.005025537057134294,0.00995007190454731,0.1721543047294816,1.7470510000000024,1 days 10:00:00
5m,DEVELOPMENT,339,CLOSED,BTCUSDT,LONG,2024-07-27 13:10:00+00:00,2024-07-27 13:15:00+00:00,68858.97,68893.399485,2024-07-27 19:00:00+00:00,68204.46549015,68170.36325740493,0.00014552884060054435,10.02597655208219,0.1002597655208219,68204.46549015,70271.2674747,SL,-0.09524928248629773,0.01002597655208219,0.009920753928168088,0.0050104830345239154,0.004962858393281025,0.009973341427804941,-0.12516935439435295,-1.2484505000000008,0 days 05:45:00
5m,DEVELOPMENT,340,CLOSED,BTCUSDT,LONG,2024-07-28 11:15:00+00:00,2024-07-28 11:20:00+00:00,67709.99,67743.844995,2024-07-29 02:15:00+00:00,69098.72189490001,69064.17253395256,0.00014615249906067013,9.900932241997921,0.09900932241997921,67066.40654505,69098.72189490001,TP,0.20296663696489545,0.009900932241997921,0.01009390141139446,0.004947992124936712,0.00504947544341903,0.009997467568355742,0.1729743357431473,1.747051000000002,0 days 14:55:00
5m,DEVELOPMENT,341,CLOSED,BTCUSDT,LONG,2024-07-29 02:15:00+00:00,2024-07-29 02:20:00+00:00,69130.0,69164.565,2024-07-29 14:45:00+00:00,68472.91935,68438.682890325,0.0001456487693692118,10.07373377620686,0.1007373377620686,68472.91935,70547.8563,SL,-0.0957029880488223,0.010073733776206859,0.009968009940225567,0.005034349713247145,0.004986498219222046,0.010020847932469192,-0.12576557969772392,-1.248450500000005,0 days 12:25:00
5m,DEVELOPMENT,342,CLOSED,BTCUSDT,LONG,2024-07-30 07:00:00+00:00,2024-07-30 07:05:00+00:00,66837.54,66870.95876999998,2024-07-30 14:00:00+00:00,66202.24918229999,66169.14805770884,0.00014876553319154536,9.948093836448894,0.09948093836448894,66202.24918229999,68208.37794539999,SL,-0.09450937722683428,0.009948093836448894,0.009843688591635364,0.00497156113765403,0.0049243064490422685,0.009895867586696298,-0.12419702724161485,-1.2484504999999946,0 days 06:55:00
5m,DEVELOPMENT,343,CLOSED,BTCUSDT,LONG,2024-07-30 21:50:00+00:00,2024-07-30 21:55:00+00:00,66310.01,66343.16500499999,2024-07-31 04:35:00+00:00,65679.73335494999,65646.89348827252,0.00014807886963820878,9.824020882161568,0.09824020882161567,65679.73335494999,67670.02830509999,SL,-0.09333065315836739,0.009824020882161569,0.009720917783003283,0.004909555663248161,0.004862890336669794,0.009772445999917955,-0.1226480378234502,-1.248450499999997,0 days 06:40:00
5m,DEVELOPMENT,344,CLOSED,BTCUSDT,LONG,2024-07-31 13:15:00+00:00,2024-07-31 13:20:00+00:00,66398.15,66431.34907499999,2024-07-31 19:25:00+00:00,65767.03558424998,65734.15206645786,0.00014603790988645417,9.701495369850429,0.0970149536985043,65767.03558424998,67759.97605649999,SL,-0.09216663017534203,0.009701495369850429,0.009599678175943847,0.004848323523163168,0.004802240208076439,0.009650563731239608,-0.12111836745237592,-1.2484505000000141,0 days 06:05:00
5m,DEVELOPMENT,345,CLOSED,BTCUSDT,LONG,2024-08-01 06:35:00+00:00,2024-08-01 06:40:00+00:00,64410.0,64442.204999999994,2024-08-01 15:00:00+00:00,63797.78294999999,63765.884058525,0.000148668066211703,9.580497999768138,0.09580497999768138,63797.78294999999,65731.04909999999,SL,-0.09101712492533447,0.009580497999768138,0.009479950673260571,0.004787855072347073,0.004742346509884252,0.009530201582231324,-0.1196077751805945,-1.2484504999999915,0 days 08:20:00
5m,DEVELOPMENT,346,CLOSED,BTCUSDT,LONG,2024-08-01 20:30:00+00:00,2024-08-01 20:35:00+00:00,63713.96,63745.816979999996,2024-08-01 21:40:00+00:00,65020.733319599996,64988.2229529402,0.00014841773407410863,9.461009712874437,0.09461009712874438,63108.35881019999,65020.733319599996,TP,0.19394833504353254,0.009461009712874438,0.009645404792178361,0.004728140786043728,0.004825114953564978,0.009553255739608706,0.16528866479887105,1.7470510000000112,0 days 01:05:00
5m,DEVELOPMENT,347,CLOSED,BTCUSDT,LONG,2024-08-01 21:40:00+00:00,2024-08-01 21:45:00+00:00,65083.25,65115.791625,2024-08-02 02:15:00+00:00,64464.63370875,64432.401391895626,0.00014783101017290369,9.626133254132052,0.09626133254132052,64464.63370875,66418.1074575,SL,-0.09145067124490275,0.009626133254132052,0.009525106985629936,0.004810661296417524,0.004764935960795143,0.009575597257212666,-0.12017750874187741,-1.2484504999999952,0 days 04:30:00
5m,DEVELOPMENT,348,CLOSED,BTCUSDT,LONG,2024-08-02 10:50:00+00:00,2024-08-02 10:55:00+00:00,64761.97,64794.350985,2024-08-02 12:30:00+00:00,64146.407475149994,64114.33427141242,0.00014671149040511476,9.506075802841465,0.09506075802841465,64146.407475149994,66090.2380047,SL,-0.09031009545828007,0.009506075802841466,0.009406309537290644,0.004750662570135099,0.004705507522405942,0.00945617009254104,-0.11867865089095321,-1.2484504999999992,0 days 01:35:00
5m,DEVELOPMENT,349,CLOSED,BTCUSDT,LONG,2024-08-02 13:30:00+00:00,2024-08-02 13:35:00+00:00,65084.0,65116.541999999994,2024-08-02 14:10:00+00:00,64465.37658,64433.14389171,0.00014416483774647176,9.387515712041314,0.09387515712041314,64465.37658,66418.87284,SL,-0.08918374497046797,0.009387515712041314,0.00928899373464344,0.004691412149944819,0.004646820277459622,0.009338232427404442,-0.11719848684455715,-1.2484504999999873,0 days 00:35:00
5m,DEVELOPMENT,350,CLOSED,BTCUSDT,LONG,2024-08-03 03:40:00+00:00,2024-08-03 03:45:00+00:00,61850.0,61880.924999999996,2024-08-03 15:45:00+00:00,61262.11575,61231.484692125,0.00014981085539044864,9.270434306602198,0.09270434306602197,61262.11575,63118.5435,SL,-0.08807144236307277,0.009270434306602198,0.009173141098554409,0.00463290070294897,0.0045888649817678,0.00922176568471677,-0.11573678345294615,-1.2484504999999944,0 days 12:00:00
5m,DEVELOPMENT,351,CLOSED,BTCUSDT,LONG,2024-08-04 02:05:00+00:00,2024-08-04 02:10:00+00:00,60940.0,60970.469999999994,2024-08-04 07:35:00+00:00,60360.76529999999,60330.584917349996,0.0001501515921447144,9.154813144311545,0.09154813144311545,60360.76529999999,62189.8794,SL,-0.08697301243046723,0.009154813144311545,0.009058733380361995,0.00457511901264853,0.004531632506433662,0.009106751519082192,-0.11429331047422296,-1.2484504999999972,0 days 05:25:00
5m,DEVELOPMENT,352,CLOSED,BTCUSDT,LONG,2024-08-04 11:20:00+00:00,2024-08-04 11:25:00+00:00,60930.01,60960.475005,2024-08-04 14:25:00+00:00,60350.87025495,60320.69481982253,0.00014830320813981763,9.040634012968665,0.09040634012968665,60350.87025495,62179.6845051,SL,-0.08588828215219119,0.009040634012968665,0.00894575255900256,0.004518057977495318,0.004475113836419068,0.008993171813914385,-0.1128678405380768,-1.2484504999999937,0 days 03:00:00
5m,DEVELOPMENT,353,CLOSED,BTCUSDT,LONG,2024-08-05 14:35:00+00:00,2024-08-05 14:40:00+00:00,53856.66,53883.58833,2024-08-05 15:40:00+00:00,54961.2600966,54933.77946655171,0.00016568827734409432,8.927878927516044,0.08927878927516045,53344.7524467,54961.2600966,TP,0.18301928715977406,0.008927878927516045,0.009101883287813334,0.004461708609452498,0.004553218253032521,0.009014926862485019,0.15597459808195965,1.7470510000000148,0 days 01:00:00
5m,DEVELOPMENT,354,CLOSED,BTCUSDT,LONG,2024-08-05 16:20:00+00:00,2024-08-05 16:25:00+00:00,55167.69,55195.273844999996,2024-08-05 16:35:00+00:00,54643.32110654999,54615.99944599672,0.0001645738316713066,9.083697706818702,0.09083697706818702,54643.32110654999,56299.179321899996,SL,-0.0862973980043112,0.009083697706818702,0.008988364299385638,0.004539579063876383,0.00449643036487485,0.009036009428751234,-0.11340546943926677,-1.2484505000000017,0 days 00:10:00
5m,DEVELOPMENT,355,CLOSED,BTCUSDT,LONG,2024-08-06 00:15:00+00:00,2024-08-06 00:20:00+00:00,55414.37,55442.077185,2024-08-06 08:35:00+00:00,54887.65641315,54860.21258494342,0.00016179778942307854,8.970405529556697,0.08970405529556696,54887.65641315,56550.9187287,SL,-0.08522109401143142,0.008970405529556696,0.008876261123524,0.004482961284136167,0.004440350737130538,0.008923312021266705,-0.11199107268577882,-1.2484505000000066,0 days 08:15:00
5m,DEVELOPMENT,356,CLOSED,BTCUSDT,LONG,2024-08-06 14:10:00+00:00,2024-08-06 14:15:00+00:00,56149.99,56178.06499499999,2024-08-07 00:15:00+00:00,55616.28434504999,55588.47620287747,0.00015768656924820828,8.858526336064413,0.08858526336064414,55616.28434504999,57301.626294899994,SL,-0.08415821371743429,0.008858526336064413,0.008765556102167416,0.004427049643209876,0.0043849705363513975,0.008812020179561272,-0.1105943163352274,-1.2484504999999948,0 days 10:00:00
5m,DEVELOPMENT,357,CLOSED,BTCUSDT,LONG,2024-08-07 01:55:00+00:00,2024-08-07 02:00:00+00:00,56965.99,56994.472995,2024-08-07 14:15:00+00:00,56424.528265049994,56396.316000917475,0.0001534893129782801,8.748042503561688,0.08748042503561688,56424.528265049994,58134.362454899994,SL,-0.08310858970150371,0.008748042503561688,0.00865623179748681,0.004371835334113554,0.0043302810392620555,0.00870211637337561,-0.10921498037592782,-1.2484504999999932,0 days 12:15:00
5m,DEVELOPMENT,358,CLOSED,BTCUSDT,LONG,2024-08-08 01:10:00+00:00,2024-08-08 01:15:00+00:00,55890.15,55918.095075,2024-08-08 01:40:00+00:00,57036.4569765,57007.93874801175,0.00015449268465732448,8.638936629060264,0.08638936629060265,55358.91412425,57036.4569765,TP,0.177096042240905,0.008638936629060266,0.00880730950396065,0.004317309659699663,0.004405857680820221,0.008723167340519884,0.15092662876736423,1.7470510000000068,0 days 00:25:00
5m,DEVELOPMENT,359,CLOSED,BTCUSDT,LONG,2024-08-08 01:40:00+00:00,2024-08-08 01:45:00+00:00,57346.54,57375.21327,2024-08-08 01:45:00+00:00,56801.4611373,56773.060406731354,0.00015319703371927378,8.789712481974714,0.08789712481974714,56801.4611373,58522.7175354,SL,-0.08350446490871533,0.008789712481974713,0.00869746444947639,0.004392659911031737,0.004350907678576932,0.008743567589608668,-0.1097352094297751,-1.248450499999993,0 days 00:00:00
5m,DEVELOPMENT,360,CLOSED,BTCUSDT,LONG,2024-08-08 02:20:00+00:00,2024-08-08 02:25:00+00:00,57558.0,57586.778999999995,2024-08-08 04:05:00+00:00,57010.91120999999,56982.405754395,0.0001507305504641749,8.680086898128787,0.08680086898128787,57010.91120999999,58738.514579999995,SL,-0.08246299446948073,0.008680086898128787,0.008588989386132926,0.004337874511807735,0.00429664301457292,0.008634517526380656,-0.10836658828012309,-1.2484504999999972,0 days 01:40:00
5m,DEVELOPMENT,361,CLOSED,BTCUSDT,LONG,2024-08-08 12:30:00+00:00,2024-08-08 12:35:00+00:00,58380.19,58409.380095,2024-08-08 12:40:00+00:00,57825.28629405,57796.37365090298,0.00014675431504729129,8.571828568178615,0.08571828568178616,57825.28629405,59577.567696900005,SL,-0.0814345132838964,0.008571828568178615,0.008481867227355581,0.0042837723978900845,0.004243055141247871,0.008526827539137955,-0.10701503661856857,-1.2484504999999977,0 days 00:05:00
5m,DEVELOPMENT,362,CLOSED,BTCUSDT,LONG,2024-08-08 14:45:00+00:00,2024-08-08 14:50:00+00:00,58712.5,58741.85625,2024-08-08 21:40:00+00:00,59916.693374999995,59886.7350283125,0.00014410372739435753,8.464920439688537,0.08464920439688538,58154.437687499994,59916.693374999995,TP,0.17352875384109068,0.008464920439688538,0.008629901739058067,0.0042303450473201885,0.004317109424240778,0.008547454471560967,0.1478864771907831,1.7470510000000012,0 days 06:50:00
5m,DEVELOPMENT,363,CLOSED,BTCUSDT,LONG,2024-08-08 21:40:00+00:00,2024-08-08 21:45:00+00:00,60511.93,60542.185965,2024-08-08 22:50:00+00:00,61753.029684299996,61722.15316945785,0.0001422588074887142,8.612659178140868,0.08612659178140868,59936.76410535,61753.029684299996,TP,0.17655736106313705,0.008612659178140868,0.008780519905522836,0.004304177500319798,0.004392456180851045,0.008696633681170844,0.1504675482983025,1.7470510000000081,0 days 01:05:00
5m,DEVELOPMENT,364,CLOSED,BTCUSDT,LONG,2024-08-08 22:50:00+00:00,2024-08-08 22:55:00+00:00,61947.02,61977.99350999999,2024-08-09 00:10:00+00:00,61358.21357489999,61327.53446811255,0.00014138851409886674,8.762976409208106,0.08762976409208106,61358.21357489999,63217.55338019999,SL,-0.08325046553675514,0.008762976409208105,0.008671008971793468,0.004379298555325848,0.004337673322557128,0.008716971877882975,-0.10940142279563969,-1.248450499999989,0 days 01:15:00
5m,DEVELOPMENT,365,CLOSED,BTCUSDT,LONG,2024-08-09 20:10:00+00:00,2024-08-09 20:15:00+00:00,60809.96,60840.36498,2024-08-09 21:05:00+00:00,60231.9613302,60201.8453495349,0.00014223590343989307,8.653684278543132,0.08653684278543132,60231.9613302,62057.1722796,SL,-0.08221216298605934,0.008653684278543131,0.008562863862039824,0.004324679799371786,0.004283573717878508,0.008608253517250294,-0.10803696464389258,-1.2484504999999937,0 days 00:50:00
5m,DEVELOPMENT,366,CLOSED,BTCUSDT,LONG,2024-08-10 00:20:00+00:00,2024-08-10 00:25:00+00:00,61175.99,61206.57799499999,2024-08-10 00:40:00+00:00,60594.51221504999,60564.214958942466,0.00013962151655714126,8.545755242934849,0.0854575524293485,60594.51221504999,62430.70955489999,SL,-0.0811868101790076,0.00854575524293485,0.008456067541660249,0.004270742250341473,0.0042301488452523486,0.008500891095593821,-0.10668952405919652,-1.2484505000000021,0 days 00:15:00
5m,DEVELOPMENT,367,CLOSED,BTCUSDT,LONG,2024-08-10 07:10:00+00:00,2024-08-10 07:15:00+00:00,60622.02,60652.331009999994,2024-08-11 15:05:00+00:00,60045.8076999,60015.78479605005,0.0001391401148362356,8.439172301816773,0.08439172301816773,60045.8076999,61865.3776302,SL,-0.08017424560596545,0.008439172301816773,0.008350603188509206,0.004217477412201955,0.004177390289398688,0.008394867701600642,-0.10535888879789207,-1.2484504999999888,1 days 07:50:00
5m,DEVELOPMENT,368,CLOSED,BTCUSDT,LONG,2024-08-12 11:00:00+00:00,2024-08-12 11:05:00+00:00,59100.17,59129.72008499999,2024-08-12 13:45:00+00:00,58538.42288414999,58509.15367270792,0.00014094297511765475,8.333918666654045,0.08333918666654044,58538.42288414999,60312.314486699994,SL,-0.07917430977166154,0.008333918666654045,0.00824645419024751,0.0041648768948789215,0.0041252897399932644,0.008290166634872186,-0.10404484926343528,-1.2484504999999944,0 days 02:40:00
5m,DEVELOPMENT,369,CLOSED,BTCUSDT,LONG,2024-08-12 14:35:00+00:00,2024-08-12 14:40:00+00:00,60394.74,60424.93736999999,2024-08-12 15:20:00+00:00,59820.68799629999,59790.77765230184,0.00013620167626992056,8.229977758298965,0.08229977758298965,59820.68799629999,61633.43611739999,SL,-0.07818684517004795,0.008229977758298965,0.008143604141725616,0.0041129324129422495,0.004073838990357737,0.008186771403299986,-0.10274719847337252,-1.2484505000000037,0 days 00:40:00
5m,DEVELOPMENT,370,CLOSED,BTCUSDT,LONG,2024-08-12 23:15:00+00:00,2024-08-12 23:20:00+00:00,59726.0,59755.863,2024-08-13 03:10:00+00:00,59158.30437,59128.725217815,0.00013600896709297817,8.12733320437951,0.08127333204379511,59158.30437,60950.98026,SL,-0.07721169625949778,0.00812733320437951,0.008042036842399548,0.004061635784297275,0.0040230299361674405,0.008084665720464715,-0.10146573202674156,-1.2484504999999941,0 days 03:50:00
5m,DEVELOPMENT,371,CLOSED,BTCUSDT,LONG,2024-08-13 13:45:00+00:00,2024-08-13 13:50:00+00:00,59333.21,59362.876605,2024-08-13 16:40:00+00:00,60550.1341371,60519.85907003145,0.0001352018179665576,8.02596883672043,0.0802596883672043,58769.247838949996,60550.1341371,TP,0.16453035566330473,0.00802596883672043,0.008182394969348113,0.004010978928895568,0.004093244106727299,0.008104223035622866,0.14021776882161333,1.7470510000000083,0 days 02:50:00
5m,DEVELOPMENT,372,CLOSED,BTCUSDT,LONG,2024-08-13 16:40:00+00:00,2024-08-13 16:45:00+00:00,60632.01,60662.326004999995,2024-08-14 13:40:00+00:00,60055.702744949995,60025.674893577525,0.0001346147941504558,8.166046527850915,0.08166046527850915,60055.702744949995,61875.5725251,SL,-0.07757948250597096,0.008166046527850915,0.008080343869541122,0.004080982772538288,0.004042193031285495,0.008123175803823783,-0.10194904870718678,-1.2484504999999926,0 days 20:55:00
5m,DEVELOPMENT,373,CLOSED,BTCUSDT,LONG,2024-08-15 11:25:00+00:00,2024-08-15 11:30:00+00:00,58736.38,58765.74818999999,2024-08-15 18:00:00+00:00,58178.09070809999,58149.00166274594,0.00013722618318875584,8.064199326345236,0.08064199326345235,58178.09070809999,59941.063153799994,SL,-0.07661190864259125,0.008064199326345237,0.007979565554415242,0.004030084620861333,0.003991778666540716,0.008021863287402049,-0.10067753681075378,-1.2484505000000008,0 days 06:30:00
5m,DEVELOPMENT,374,CLOSED,BTCUSDT,LONG,2024-08-16 02:30:00+00:00,2024-08-16 02:35:00+00:00,58209.6,58238.70479999999,2024-08-16 12:35:00+00:00,57656.317751999995,57627.489593123995,0.00013674106238870776,7.9636223664943335,0.07963622366494334,57656.317751999995,59403.47889599999,SL,-0.07565640239233291,0.007963622366494333,0.007880044149757976,0.00397982127261,0.003941993071414708,0.007921814344024707,-0.09942188325260994,-1.2484504999999948,0 days 10:00:00
5m,DEVELOPMENT,375,CLOSED,BTCUSDT,LONG,2024-08-16 17:55:00+00:00,2024-08-16 18:00:00+00:00,59215.85,59245.457924999995,2024-08-18 23:45:00+00:00,58653.003345749996,58623.67684407713,0.00013274097426604399,7.864299805802416,0.07864299805802416,58653.003345749996,60430.367083499994,SL,-0.07471281324752857,0.007864299805802416,0.007781763979340521,0.003930184810495511,0.0038928284038714264,0.007823013214366938,-0.09818189024703845,-1.2484504999999892,2 days 05:45:00
5m,DEVELOPMENT,376,CLOSED,BTCUSDT,LONG,2024-08-19 13:15:00+00:00,2024-08-19 13:20:00+00:00,58837.99,58867.408995,2024-08-19 13:50:00+00:00,58278.73490505,58249.59553759747,0.00013192726046463936,7.766215999361819,0.0776621599936182,58278.73490505,60044.7571749,SL,-0.07378099257764527,0.007766215999361819,0.007684709562448516,0.0038811674159729224,0.0038442769196840093,0.007725444335656932,-0.09695736247511254,-1.2484504999999988,0 days 00:30:00
5m,DEVELOPMENT,377,CLOSED,BTCUSDT,LONG,2024-08-19 17:30:00+00:00,2024-08-19 17:35:00+00:00,59259.34,59288.96966999999,2024-08-20 00:30:00+00:00,60474.74906339999,60444.5116888683,0.00012935551992345292,7.66935549738868,0.0766935549738868,58696.07997329999,60474.74906339999,TP,0.1572198713157833,0.00766935549738868,0.007818831236032785,0.003832761368009663,0.003911371303667518,0.007744132671677181,0.13398755191068468,1.74705100000001,0 days 06:55:00
5m,DEVELOPMENT,378,CLOSED,BTCUSDT,LONG,2024-08-20 00:30:00+00:00,2024-08-20 00:35:00+00:00,60510.0,60540.255,2024-08-20 14:20:00+00:00,59934.85245,59904.885023775,0.00012889290267444615,7.803209195601151,0.07803209195601152,59934.85245,61751.060099999995,SL,-0.07413243718559634,0.007803209195601151,0.007721314515093318,0.0038996547704150306,0.003862588551822225,0.007762243322237256,-0.09741920421852808,-1.248450499999994,0 days 13:45:00
5m,DEVELOPMENT,379,CLOSED,BTCUSDT,LONG,2024-08-20 19:40:00+00:00,2024-08-20 19:45:00+00:00,59483.97,59513.711984999994,2024-08-20 21:05:00+00:00,58918.574865149996,58889.11557771742,0.00012948087182340724,7.7058873132649595,0.0770588731326496,58918.574865149996,60703.9862247,SL,-0.07320785498509154,0.00770588731326496,0.007625014025912244,0.003851018147557832,0.0038144142200662026,0.007665432367624035,-0.09620418869189279,-1.2484504999999977,0 days 01:20:00
5m,DEVELOPMENT,380,CLOSED,BTCUSDT,LONG,2024-08-21 02:45:00+00:00,2024-08-21 02:50:00+00:00,59460.21,59489.940104999994,2024-08-21 13:40:00+00:00,58895.04070394999,58865.59318359802,0.00012791707672292808,7.60977923265368,0.0760977923265368,58895.04070394999,60679.73890709999,SL,-0.07229480420427209,0.00760977923265368,0.00752991459960698,0.0038029881222650798,0.0037668407201627667,0.007569828842427847,-0.09500432687896058,-1.2484504999999941,0 days 10:50:00
5m,DEVELOPMENT,381,CLOSED,BTCUSDT,LONG,2024-08-21 18:20:00+00:00,2024-08-21 18:25:00+00:00,60292.0,60322.14599999999,2024-08-21 19:55:00+00:00,61528.588919999995,61497.82462554,0.00012457895339453246,7.514869815192181,0.07514869815192181,59718.92453999999,61528.588919999995,TP,0.15405295343287456,0.0075148698151921815,0.0076613346278902785,0.003755557129030749,0.003832583605747245,0.007588140734777994,0.13128860825501412,1.747051000000013,0 days 01:30:00
5m,DEVELOPMENT,382,CLOSED,BTCUSDT,LONG,2024-08-21 19:55:00+00:00,2024-08-21 20:00:00+00:00,61570.0,61600.784999999996,2024-08-21 20:45:00+00:00,60984.777149999994,60954.284761425,0.00012412223750064863,7.646027265996393,0.07646027265996393,60984.777149999994,62832.8007,SL,-0.07263916957850716,0.007646027265996393,0.007565782209839761,0.0038211030814569984,0.0037847834966677004,0.007605886578124698,-0.09545686563246801,-1.2484504999999964,0 days 00:45:00
5m,DEVELOPMENT,383,CLOSED,BTCUSDT,LONG,2024-08-22 07:55:00+00:00,2024-08-22 08:00:00+00:00,60984.31,61014.802155,2024-08-22 13:45:00+00:00,60404.65413345,60374.45180638328,0.0001237513766362233,7.550665761868054,0.07550665761868054,60404.65413345,62235.0981981,SL,-0.07173321146082519,0.0075506657618680546,0.007471421524697251,0.003773446157855089,0.0037375795521240175,0.007511025709979106,-0.0942663244573696,-1.2484504999999877,0 days 05:45:00
5m,DEVELOPMENT,384,CLOSED,BTCUSDT,LONG,2024-08-23 00:35:00+00:00,2024-08-23 00:40:00+00:00,60903.62,60934.07181,2024-08-23 14:15:00+00:00,62152.7532462,62121.676869576906,0.00012236985627373241,7.45649360956299,0.0745649360956299,60324.7310919,62152.7532462,TP,0.1528562558042347,0.00745649360956299,0.007601820670013374,0.0037263836129748434,0.0038028117408766,0.007529195353851444,0.1302687461708069,1.7470510000000077,0 days 13:35:00
5m,DEVELOPMENT,385,CLOSED,BTCUSDT,LONG,2024-08-23 17:45:00+00:00,2024-08-23 17:50:00+00:00,62797.88,62829.27894,2024-08-23 21:20:00+00:00,64085.8645188,64053.8215865406,0.00012074994883151902,7.586632217126235,0.07586632217126235,62200.986150599994,64085.8645188,TP,0.15552406474088906,0.007586632217126235,0.0077344956790380255,0.0037914203983638304,0.003869182430734271,0.007660602829098102,0.1325423340156267,1.7470510000000086,0 days 03:30:00
5m,DEVELOPMENT,386,CLOSED,BTCUSDT,LONG,2024-08-23 21:20:00+00:00,2024-08-23 21:25:00+00:00,64375.76,64407.94788,2024-08-24 01:15:00+00:00,63763.8684012,63731.986466999406,0.00011984611209162112,7.719042141217771,0.0771904214121777,63763.8684012,65696.1068376,SL,-0.07333282913770615,0.007719042141217771,0.007638030793945691,0.003857592274471371,0.003820925859902248,0.007678518134373619,-0.09636842020724323,-1.2484504999999906,0 days 03:50:00
5m,DEVELOPMENT,387,CLOSED,BTCUSDT,LONG,2024-08-24 06:30:00+00:00,2024-08-24 06:35:00+00:00,64052.19,64084.216094999996,2024-08-26 06:50:00+00:00,63443.373934049996,63411.65224708297,0.00011894925861086306,7.622769993158587,0.07622769993158587,63443.373934049996,65365.900416899996,SL,-0.07241821967513556,0.007622769993158587,0.007542769022080388,0.003809480256450331,0.003773271146613243,0.007582751403063574,-0.0951665100934381,-1.2484504999999968,2 days 00:15:00
5m,DEVELOPMENT,388,CLOSED,BTCUSDT,LONG,2024-08-27 19:10:00+00:00,2024-08-27 19:15:00+00:00,62183.15,62214.241575,2024-08-27 21:10:00+00:00,61592.09915925,61561.30310967038,0.00012099638867137962,7.527698554503805,0.07527698554503805,61592.09915925,63458.5264065,SL,-0.07151501725193293,0.007527698554503805,0.007448695358174288,0.003761968293105175,0.003726210784478956,0.007488179077584131,-0.09397959024219515,-1.248450499999995,0 days 01:55:00
5m,DEVELOPMENT,389,CLOSED,BTCUSDT,LONG,2024-08-28 09:50:00+00:00,2024-08-28 09:55:00+00:00,59940.44,59970.41022,2024-08-28 13:55:00+00:00,59370.7061178,59341.0207647411,0.00012395801233800778,7.433812849966148,0.07433812849966148,59370.7061178,61169.8184244,SL,-0.07062307959912892,0.0074338128499661475,0.007355794984105753,0.003715048900532263,0.0036797373607331983,0.007394786261265461,-0.09280747369446628,-1.2484504999999952,0 days 04:00:00
5m,DEVELOPMENT,390,CLOSED,BTCUSDT,LONG,2024-08-28 19:00:00+00:00,2024-08-28 19:05:00+00:00,59798.24,59828.13911999999,2024-08-28 19:10:00+00:00,59229.857728799994,59200.2427999356,0.00012270309922737604,7.341098091030617,0.07341098091030618,59229.857728799994,61024.7019024,SL,-0.06974226622213542,0.007341098091030618,0.007264053266565252,0.0036687146881705587,0.003633843555059387,0.0073025582432299455,-0.09164997582296124,-1.2484504999999868,0 days 00:05:00
5m,DEVELOPMENT,391,CLOSED,BTCUSDT,LONG,2024-08-29 05:15:00+00:00,2024-08-29 05:20:00+00:00,59335.0,59364.667499999996,2024-08-29 13:55:00+00:00,60551.960849999996,60521.684869575,0.00012211876152805982,7.249539673625063,0.07249539673625063,58771.02082499999,60551.960849999996,TP,0.14861375183013448,0.007249539673625063,0.007390833201864016,0.0036229583576332172,0.0036972652335481087,0.007320223591181326,0.12665315536346405,1.747051000000009,0 days 08:35:00
5m,DEVELOPMENT,392,CLOSED,BTCUSDT,LONG,2024-08-29 13:55:00+00:00,2024-08-29 14:00:00+00:00,60626.99,60657.30349499999,2024-08-29 18:10:00+00:00,60050.73046004999,60020.70509481997,0.00012160227833022293,7.376066302359793,0.07376066302359793,60050.73046004999,61870.449564899995,SL,-0.07007447296744684,0.007376066302359793,0.0072986544865165275,0.0036861900561511976,0.00365115281966791,0.0073373428758191075,-0.09208653663214227,-1.2484504999999988,0 days 04:10:00
5m,DEVELOPMENT,393,CLOSED,BTCUSDT,LONG,2024-08-30 06:55:00+00:00,2024-08-30 07:00:00+00:00,59361.01,59390.690505,2024-08-30 14:45:00+00:00,58796.783599949995,58767.38520815002,0.00012264669257644863,7.284071760269741,0.07284071760269742,58796.783599949995,60578.5043151,SL,-0.06920050183044955,0.007284071760269742,0.00720762542714571,0.003640215772248333,0.0036056155213331736,0.007245831293581507,-0.09093803031144651,-1.2484505000000017,0 days 07:45:00
5m,DEVELOPMENT,394,CLOSED,BTCUSDT,LONG,2024-08-31 00:20:00+00:00,2024-08-31 00:25:00+00:00,59312.0,59341.655999999995,2024-08-31 17:50:00+00:00,58748.23944,58718.86532028,0.00012121711900223048,7.193224577141423,0.07193224577141423,58748.23944,60528.48912,SL,-0.06833743089028439,0.007193224577141424,0.007117731685204324,0.0035948148811295894,0.0035606461656849716,0.007155461046814561,-0.0898038481994447,-1.2484504999999961,0 days 17:25:00
5m,VALIDATION,1,CLOSED,BTCUSDT,LONG,2024-09-01 18:25:00+00:00,2024-09-01 18:30:00+00:00,58532.61,58561.876305,2024-09-01 22:15:00+00:00,57976.25754195,57947.26941317903,0.00034117793418982534,19.980019980019982,0.19980019980019983,57976.25754195,59733.113831099996,SL,-0.189815182318931,0.019980019980019983,0.019770329670329673,0.00998501748126846,0.009890109890108955,0.019875127371377414,-0.2494406593406581,-1.2484504999999935,0 days 03:45:00
5m,VALIDATION,2,CLOSED,BTCUSDT,LONG,2024-09-02 05:40:00+00:00,2024-09-02 05:45:00+00:00,57816.01,57844.918005,2024-09-02 20:50:00+00:00,59001.8163651,58972.31545691745,0.00034109873767029466,19.7308285121472,0.197308285121472,57266.468824949996,59001.8163651,TP,0.4044770542570097,0.0197308285121472,0.020115382359848947,0.009860484014065715,0.010062722541194492,0.019923206555260205,0.34470763682975336,1.747051000000003,0 days 15:05:00
5m,VALIDATION,3,CLOSED,BTCUSDT,LONG,2024-09-02 20:50:00+00:00,2024-09-02 20:55:00+00:00,59096.99,59126.53849499999,2024-09-03 13:40:00+00:00,58535.273110049995,58506.00547349497,0.0003395292925426549,20.0751917857034,0.200751917857034,58535.273110049995,60309.0692649,SL,-0.19071933825398485,0.0200751917857034,0.019864502647912445,0.010032579603048633,0.00993721993392198,0.019969799536970614,-0.25062883222457133,-1.2484504999999915,0 days 16:45:00
5m,VALIDATION,4,CLOSED,BTCUSDT,LONG,2024-09-04 14:40:00+00:00,2024-09-04 14:45:00+00:00,57089.88,57118.42494,2024-09-04 16:00:00+00:00,58260.7934388,58231.6630420806,0.0003470826331916113,19.824813331932603,0.19824813331932603,56547.240690599996,58260.7934388,TP,0.4064037195781493,0.019824813331932603,0.020211198943771973,0.009907452939496473,0.01011065479928432,0.020018107738780794,0.34634959956366396,1.7470510000000106,0 days 01:15:00
5m,VALIDATION,5,CLOSED,BTCUSDT,LONG,2024-09-04 16:00:00+00:00,2024-09-04 16:05:00+00:00,58241.1,58270.22055,2024-09-04 18:40:00+00:00,57687.5183445,57658.67458532775,0.00034615995507674975,20.1708169279003,0.201708169279003,57687.5183445,59435.624961,SL,-0.19162780099919216,0.020170816927900303,0.01995912420424199,0.01008036827981012,0.009984554379309538,0.02006492265911966,-0.2518226647904541,-1.248450499999991,0 days 02:35:00
5m,VALIDATION,6,CLOSED,BTCUSDT,LONG,2024-09-04 22:10:00+00:00,2024-09-04 22:15:00+00:00,58371.0,58400.1855,2024-09-05 02:05:00+00:00,57816.183645,57787.275553177504,0.00034108189321082797,19.919245834203544,0.19919245834203544,57816.183645,59568.189210000004,SL,-0.18923781274773172,0.019919245834203545,0.01971019334917358,0.00995464559430448,0.009860026687928567,0.019814672282233048,-0.2486819242133419,-1.2484504999999928,0 days 03:50:00
5m,VALIDATION,7,CLOSED,BTCUSDT,LONG,2024-09-06 00:15:00+00:00,2024-09-06 00:20:00+00:00,56333.81,56361.976904999996,2024-09-06 07:20:00+00:00,55798.35713595,55770.45795738202,0.00034900855902618075,19.67081234348093,0.19670812343480928,55798.35713595,57489.2164431,SL,-0.18687763250853173,0.01967081234348093,0.019464367167936095,0.009830490926276705,0.009737052110023223,0.019567543036299928,-0.24558035505624867,-1.2484504999999964,0 days 07:00:00
5m,VALIDATION,8,CLOSED,BTCUSDT,LONG,2024-09-06 12:30:00+00:00,2024-09-06 12:35:00+00:00,56414.0,56442.206999999995,2024-09-06 13:40:00+00:00,55877.784929999994,55849.846037535,0.0003441657999561343,19.42547732344472,0.1942547732344472,55877.784929999994,57571.051139999996,SL,-0.1845468885150865,0.019425477323444722,0.019221606938935168,0.009707884719360916,0.00961561127510427,0.019323495994465187,-0.24251746877193153,-1.2484504999999964,0 days 01:05:00
5m,VALIDATION,9,CLOSED,BTCUSDT,LONG,2024-09-07 00:00:00+00:00,2024-09-07 00:05:00+00:00,53976.02,54003.00800999999,2024-09-08 22:20:00+00:00,55083.06817019999,55055.5266361149,0.0003552246964893904,19.183202129866366,0.19183202129866367,53462.97792989999,55083.06817019999,TP,0.39325085025842865,0.019183202129866368,0.019557082739377465,0.009586807661100384,0.009783433086230399,0.019370240747330784,0.33514032464185406,1.7470510000000126,1 days 22:15:00
5m,VALIDATION,10,CLOSED,BTCUSDT,LONG,2024-09-08 22:20:00+00:00,2024-09-08 22:25:00+00:00,55238.55,55266.169275,2024-09-08 22:30:00+00:00,54713.50758225,54686.15082845888,0.00035316375108014207,19.518007648989094,0.19518007648989094,54713.50758225,56371.4926605,SL,-0.1854259497287779,0.019518007648989096,0.019313166158712956,0.009754126761113032,0.009661413786248603,0.019415540547361637,-0.24367266408384158,-1.2484504999999948,0 days 00:05:00
5m,VALIDATION,11,CLOSED,BTCUSDT,LONG,2024-09-09 08:20:00+00:00,2024-09-09 08:25:00+00:00,55200.0,55227.6,2024-09-09 16:45:00+00:00,56332.152,56303.98592400001,0.0003490026438617667,19.274578414140105,0.19274578414140106,54675.324,56332.152,TP,0.3951240412533875,0.019274578414140105,0.0196502399474317,0.009632472970584253,0.009830034991209383,0.019462507961793635,0.3367367149300221,1.7470510000000168,0 days 08:20:00
5m,VALIDATION,12,CLOSED,BTCUSDT,LONG,2024-09-09 16:45:00+00:00,2024-09-09 16:50:00+00:00,56430.0,56458.215,2024-09-09 21:15:00+00:00,57587.3793,57558.585610350005,0.0003473538568081814,19.610978728755516,0.19610978728755515,55893.632849999995,57587.3793,TP,0.40202016364495335,0.019610978728755515,0.019993196704178963,0.009800589069841624,0.010001599151663904,0.019802188221505528,0.34261379999051333,1.7470510000000143,0 days 04:25:00
5m,VALIDATION,13,CLOSED,BTCUSDT,LONG,2024-09-09 21:15:00+00:00,2024-09-09 21:20:00+00:00,57821.21,57850.120605,2024-09-09 21:45:00+00:00,57271.619398949995,57242.98358925052,0.00034491285495250995,19.953250257217572,0.19953250257217572,57271.619398949995,59007.1230171,SL,-0.18956086326322275,0.019953250257217572,0.019743840895768073,0.00997163930895338,0.009876858877322219,0.019848498186275598,-0.24910645260248399,-1.2484504999999997,0 days 00:25:00
5m,VALIDATION,14,CLOSED,BTCUSDT,LONG,2024-09-10 07:20:00+00:00,2024-09-10 07:25:00+00:00,57108.49,57137.044245,2024-09-10 14:10:00+00:00,56565.673802549994,56537.39096564872,0.00034486195291655135,19.7043926622101,0.19704392662210102,56565.673802549994,58279.785129899996,SL,-0.18719665392734455,0.0197043926622101,0.019497595061220205,0.00984727269475745,0.009753674367792746,0.019600947062550195,-0.24599958871332506,-1.2484504999999986,0 days 06:45:00
5m,VALIDATION,15,CLOSED,BTCUSDT,LONG,2024-09-10 18:10:00+00:00,2024-09-10 18:15:00+00:00,57411.09,57439.79554499999,2024-09-11 01:30:00+00:00,56865.39758954999,56836.96489075522,0.000338765809360989,19.458638827331654,0.19458638827331654,56865.39758954999,58588.591455899994,SL,-0.18486193108824556,0.019458638827331655,0.01925442041283881,0.0097244571850723,0.009632026219528007,0.019356483404600305,-0.24293147373301632,-1.2484505000000008,0 days 07:15:00
5m,VALIDATION,16,CLOSED,BTCUSDT,LONG,2024-09-11 11:35:00+00:00,2024-09-11 11:40:00+00:00,56845.57,56873.992784999995,2024-09-11 12:45:00+00:00,56305.25285714999,56277.10023072142,0.0003378688413001948,19.215950042383586,0.19215950042383587,56305.25285714999,58011.4726407,SL,-0.18255632698936347,0.019215950042383585,0.019014278646688774,0.009603173434472935,0.009511895270978605,0.01911506870545154,-0.23990162438388737,-1.2484504999999961,0 days 01:05:00
5m,VALIDATION,17,CLOSED,BTCUSDT,LONG,2024-09-11 13:00:00+00:00,2024-09-11 13:05:00+00:00,57012.0,57040.505999999994,2024-09-11 13:30:00+00:00,56470.10094,56441.86588953,0.00033268092116788244,18.976288079962124,0.18976288079962125,56470.10094,58181.316119999996,SL,-0.18027947846081072,0.018976288079962125,0.018777131936562923,0.009483402338809644,0.00939326259957907,0.018876664938388715,-0.23690956341572447,-1.2484504999999837,0 days 00:25:00
5m,VALIDATION,18,CLOSED,BTCUSDT,LONG,2024-09-11 16:50:00+00:00,2024-09-11 16:55:00+00:00,57368.19,57396.874095,2024-09-12 14:30:00+00:00,58544.8115769,58515.53917111155,0.00032649191240659195,18.739615189436925,0.18739615189436926,56822.905354049995,58544.8115769,TP,0.38415742882094,0.018739615189436926,0.019104850289479055,0.009365125032201346,0.00955720374661216,0.018922328778813505,0.3273906345632105,1.7470510000000041,0 days 21:35:00
5m,VALIDATION,19,CLOSED,BTCUSDT,LONG,2024-09-12 14:30:00+00:00,2024-09-12 14:35:00+00:00,58500.0,58529.25,2024-09-12 14:45:00+00:00,57943.9575,57914.98552125,0.0003257632510313928,19.066678760429145,0.19066678760429145,57943.9575,59699.835,SL,-0.18113821251162426,0.019066678760429147,0.01886657396683844,0.009528575092668239,0.009438005986412373,0.018966581079080613,-0.23803804631797246,-1.2484505000000052,0 days 00:10:00
5m,VALIDATION,20,CLOSED,BTCUSDT,LONG,2024-09-13 07:50:00+00:00,2024-09-13 07:55:00+00:00,58061.93,58090.960965,2024-09-13 15:30:00+00:00,59252.7801843,59223.15379420785,0.0003241275097119104,18.828878514357243,0.18828878514357242,57510.05135535,59252.7801843,TP,0.3859873046771278,0.018828878514357245,0.01919585335660207,0.009409734389983016,0.009602728042321427,0.019012462432304443,0.32895011037386396,1.7470510000000032,0 days 07:35:00
5m,VALIDATION,21,CLOSED,BTCUSDT,LONG,2024-09-13 15:30:00+00:00,2024-09-13 15:35:00+00:00,59463.99,59493.72199499999,2024-09-15 23:05:00+00:00,58898.78477504999,58869.33538266247,0.0003220087659812623,19.15750000324223,0.1915750000324223,58898.78477504999,60683.59643489999,SL,-0.1820010370123128,0.01915750000324223,0.018956442040708205,0.009573963020109334,0.009482962501603218,0.01905692552171255,-0.2391719045779758,-1.2484504999999904,2 days 07:30:00
5m,VALIDATION,22,CLOSED,BTCUSDT,LONG,2024-09-16 07:30:00+00:00,2024-09-16 07:35:00+00:00,58921.07,58950.530535,2024-09-16 13:30:00+00:00,58361.02522965,58331.84471703517,0.0003209227611684269,18.918567031635863,0.18918567031635863,58361.02522965,60129.5411457,SL,-0.17973111407866055,0.018918567031635865,0.018720016670638846,0.009454556237698551,0.009364690680659654,0.018819246918358207,-0.23618894469929347,-1.248450500000002,0 days 05:55:00
5m,VALIDATION,23,CLOSED,BTCUSDT,LONG,2024-09-16 23:15:00+00:00,2024-09-16 23:20:00+00:00,58183.99,58213.08199499999,2024-09-17 00:55:00+00:00,57630.951175049995,57602.13569946247,0.00032093497543272075,18.682614039928282,0.18682614039928283,57630.951175049995,59377.3436349,SL,-0.17748950169866992,0.018682614039928283,0.018486540005579238,0.009336638700612302,0.009247893949763565,0.018584532650375865,-0.2332431883945533,-1.2484504999999917,0 days 01:35:00
5m,VALIDATION,24,CLOSED,BTCUSDT,LONG,2024-09-17 04:35:00+00:00,2024-09-17 04:40:00+00:00,58260.58,58289.710289999995,2024-09-17 14:10:00+00:00,59455.5044958,59425.7767435521,0.0003165156211949316,18.449603861711946,0.18449603861711947,57706.81318709999,59455.5044958,TP,0.3782122690691769,0.018449603861711947,0.01880918664097671,0.009220191834936508,0.009409297969472468,0.018629489804408976,0.32232398876207924,1.7470510000000112,0 days 09:30:00
5m,VALIDATION,25,CLOSED,BTCUSDT,LONG,2024-09-17 14:10:00+00:00,2024-09-17 14:15:00+00:00,59739.31,59769.17965499999,2024-09-17 15:05:00+00:00,60964.56324809999,60934.08096647594,0.0003140683201081364,18.77160584848725,0.18771605848487252,59171.48785844999,60964.56324809999,TP,0.38481322933780293,0.018771605848487253,0.01913746444647427,0.009381112368058017,0.009573518982728024,0.01895463135078604,0.3279495276920554,1.747051000000002,0 days 00:50:00
5m,VALIDATION,26,CLOSED,BTCUSDT,LONG,2024-09-17 15:05:00+00:00,2024-09-17 15:10:00+00:00,60860.0,60890.42999999999,2024-09-17 19:40:00+00:00,60281.52569999999,60251.38493715,0.00031366550957635754,19.099227754273524,0.19099227754273526,60281.52569999999,62108.2386,SL,-0.18144743608632954,0.019099227754273525,0.018898781358992426,0.00954484145640637,0.009454117738363717,0.018998959194770085,-0.23844440439436557,-1.2484504999999946,0 days 04:30:00
5m,VALIDATION,27,CLOSED,BTCUSDT,LONG,2024-09-18 02:55:00+00:00,2024-09-18 03:00:00+00:00,60352.0,60382.176,2024-09-18 09:50:00+00:00,59778.35424,59748.46506288,0.0003123607462585873,18.861021556077358,0.1886102155607736,59778.35424,61589.81952,SL,-0.17918441768167429,0.018861021556077356,0.018663075134846326,0.009425797879098967,0.009336205670258186,0.018762003549357153,-0.2354705179219551,-1.2484504999999975,0 days 06:50:00
5m,VALIDATION,28,CLOSED,BTCUSDT,LONG,2024-09-18 17:50:00+00:00,2024-09-18 17:55:00+00:00,60100.0,60130.049999999996,2024-09-18 20:10:00+00:00,59528.7495,59498.98512525,0.00030975836995708546,18.625786273438045,0.18625786273438047,59528.7495,61332.651,SL,-0.17694962371717063,0.018625786273438045,0.018430308646498316,0.009308239017209065,0.009219764205350882,0.018528003222559947,-0.23253372185966695,-1.2484504999999908,0 days 02:15:00
5m,VALIDATION,29,CLOSED,BTCUSDT,LONG,2024-09-18 23:10:00+00:00,2024-09-18 23:15:00+00:00,60896.6,60927.048299999995,2024-09-19 00:20:00+00:00,62145.589265999995,62114.516471367,0.0003018935820168203,18.39348485299882,0.1839348485299882,60317.777816999995,62145.589265999995,TP,0.37706184341329824,0.018393484852998822,0.018751973872783767,0.009192146353321657,0.009380677275027425,0.018572823628349083,0.32134356105916656,1.7470510000000117,0 days 01:05:00
5m,VALIDATION,30,CLOSED,BTCUSDT,LONG,2024-09-19 00:50:00+00:00,2024-09-19 00:55:00+00:00,62497.99,62529.23899499999,2024-09-19 01:10:00+00:00,61903.94660504999,61872.99463174747,0.0002992921022598073,18.714507391519465,0.18714507391519467,61903.94660504999,63779.823774899996,SL,-0.17779249650814072,0.018714507391519464,0.01851809863644547,0.00935257740705455,0.009263681158801442,0.01861625856585599,-0.23364136110196165,-1.2484504999999995,0 days 00:15:00
5m,VALIDATION,31,CLOSED,BTCUSDT,LONG,2024-09-19 08:15:00+00:00,2024-09-19 08:20:00+00:00,62182.0,62213.09099999999,2024-09-19 14:30:00+00:00,63457.35281999999,63425.624143589994,0.0002970612638161743,18.481099438370656,0.18481099438370657,61590.96008999999,63457.35281999999,TP,0.3788579205207197,0.018481099438370657,0.018841296066424502,0.009235931753306618,0.009425360713568746,0.018661292466875364,0.3228742325490492,1.7470510000000012,0 days 06:10:00
5m,VALIDATION,32,CLOSED,BTCUSDT,LONG,2024-09-19 14:30:00+00:00,2024-09-19 14:35:00+00:00,63473.23,63504.966615,2024-09-19 15:10:00+00:00,62869.91694885,62838.48199037558,0.00029609733098887075,18.80365111923884,0.1880365111923884,62869.91694885,64775.0659473,SL,-0.17863938419626876,0.01880365111923884,0.01860630680074243,0.009397126996119685,0.009307807304021611,0.018704934300141297,-0.23475427641639135,-1.2484504999999917,0 days 00:35:00
5m,VALIDATION,33,CLOSED,BTCUSDT,LONG,2024-09-19 16:50:00+00:00,2024-09-19 16:55:00+00:00,63653.81,63685.63690499999,2024-09-19 20:50:00+00:00,63048.78053594999,63017.25614568202,0.0002915748709599737,18.56913136257911,0.1856913136257911,63048.78053594999,64959.349643099995,SL,-0.17641138790736283,0.01856913136257911,0.018374248328928842,0.00927992571842872,0.009191720024475844,0.018471645742904566,-0.23182641334177534,-1.248450499999998,0 days 03:55:00
5m,VALIDATION,34,CLOSED,BTCUSDT,LONG,2024-09-20 03:00:00+00:00,2024-09-20 03:05:00+00:00,63255.24,63286.86762,2024-09-20 14:10:00+00:00,62653.9989438,62622.6719443281,0.00028975263326606497,18.33753654405586,0.18337536544055863,62653.9989438,64552.6049724,SL,-0.17421117926162027,0.01833753654405586,0.018145084098025996,0.009164186178938258,0.009077080589305895,0.018241266768244155,-0.2289350666719463,-1.24845049999999,0 days 11:05:00
5m,VALIDATION,35,CLOSED,BTCUSDT,LONG,2024-09-20 21:05:00+00:00,2024-09-20 21:10:00+00:00,63200.0,63231.6,2024-09-22 10:40:00+00:00,62599.284,62567.984358,0.00028638892869616185,18.108830183744228,0.1810883018374423,62599.284,64496.231999999996,SL,-0.17203841169064366,0.018108830183744228,0.017918778010965836,0.009049890146798297,0.008963870940952858,0.018013761087751157,-0.22607978097310488,-1.2484504999999952,1 days 13:30:00
5m,VALIDATION,36,CLOSED,BTCUSDT,LONG,2024-09-22 17:05:00+00:00,2024-09-22 17:10:00+00:00,62865.98,62897.41299,2024-09-23 03:05:00+00:00,64155.3612498,64123.2835691751,0.0002843197423643063,17.88297625669817,0.17882976256698171,62268.438860099996,64155.3612498,TP,0.3665965447525024,0.01788297625669817,0.018231515463941222,0.008937019618538076,0.009120317890915433,0.018057337509453507,0.3124247155224096,1.747051000000009,0 days 09:55:00
5m,VALIDATION,37,CLOSED,BTCUSDT,LONG,2024-09-23 03:05:00+00:00,2024-09-23 03:10:00+00:00,64180.0,64212.09,2024-09-23 06:25:00+00:00,63569.969099999995,63538.18411545,0.0002833592374834344,18.195088859617663,0.18195088859617664,63569.969099999995,65496.3318,SL,-0.1728578906653347,0.018195088859617663,0.018004131402035977,0.00909299793084242,0.009006568985509323,0.018099566916351742,-0.22715667784334007,-1.2484504999999948,0 days 03:15:00
5m,VALIDATION,38,CLOSED,BTCUSDT,LONG,2024-09-24 05:50:00+00:00,2024-09-24 05:55:00+00:00,63223.99,63255.601995,2024-09-24 20:05:00+00:00,64520.7140349,64488.45367788255,0.000284056408362736,17.968159111522418,0.1796815911152242,62623.045975049994,64520.7140349,TP,0.36834277199132875,0.017968159111522417,0.01831835853260599,0.00897958976088057,0.009163761146875567,0.018143350907756137,0.31391290343944417,1.7470510000000035,0 days 14:10:00
5m,VALIDATION,39,CLOSED,BTCUSDT,LONG,2024-09-25 01:35:00+00:00,2024-09-25 01:40:00+00:00,64768.0,64800.384,2024-09-25 05:50:00+00:00,64152.38016,64120.30396992,0.0002821242296289128,18.281758415657727,0.18281758415657728,64152.38016,66096.39168,SL,-0.1736812731042744,0.018281758415657726,0.0180898913610854,0.009136311052302204,0.009049470415750271,0.018185781468052477,-0.22823870434907,-1.2484504999999946,0 days 04:10:00
5m,VALIDATION,40,CLOSED,BTCUSDT,LONG,2024-09-25 14:55:00+00:00,2024-09-25 15:00:00+00:00,63936.51,63968.478255,2024-09-25 17:25:00+00:00,63328.79347245,63297.12907571378,0.0002822288135421006,18.05374772200231,0.1805374772200231,63328.79347245,65247.8478201,SL,-0.17151511454036208,0.01805374772200231,0.017864273639659898,0.00902236267966126,0.008936605122389139,0.017958967802050398,-0.22539210370407467,-1.2484504999999901,0 days 02:25:00
5m,VALIDATION,41,CLOSED,BTCUSDT,LONG,2024-09-26 03:45:00+00:00,2024-09-26 03:50:00+00:00,63529.35,63561.114675,2024-09-26 14:10:00+00:00,64832.3369685,64799.92080001575,0.0002804950932090463,17.828580785235005,0.17828580785235004,62925.503528249996,64832.3369685,TP,0.36548145117958053,0.017828580785235006,0.018176059824739237,0.00890983547487965,0.009092576200469141,0.018002411675348794,0.31147439889425743,1.7470510000000081,0 days 10:20:00
5m,VALIDATION,42,CLOSED,BTCUSDT,LONG,2024-09-26 14:10:00+00:00,2024-09-26 14:15:00+00:00,64797.96,64830.35898,2024-09-27 14:10:00+00:00,66126.9661596,66093.9026765202,0.0002798032327183268,18.139744020893605,0.18139744020893606,64182.055390199996,66126.9661596,TP,0.3718602197586469,0.018139744020893606,0.018493287631860825,0.009065339340775889,0.009251269450653925,0.018316608791429816,0.3169105793144627,1.7470510000000041,0 days 23:55:00
5m,VALIDATION,43,CLOSED,BTCUSDT,LONG,2024-09-27 14:10:00+00:00,2024-09-27 14:15:00+00:00,66072.0,66105.036,2024-09-28 12:40:00+00:00,65443.98563999999,65411.26364717999,0.00027919715536079196,18.456338006222744,0.18456338006222744,65443.98563999999,67427.13672,SL,-0.17533982283773064,0.018456338006222744,0.018262638738847436,0.009223557224497109,0.009135887313080059,0.018359444537577166,-0.23041824412037798,-1.2484505000000006,0 days 22:25:00
5m,VALIDATION,44,CLOSED,BTCUSDT,LONG,2024-09-28 23:45:00+00:00,2024-09-28 23:50:00+00:00,65822.15,65855.06107499999,2024-09-30 00:25:00+00:00,65196.51046424999,65163.912209017864,0.0002767615677920535,18.226149950158433,0.18226149950158432,65196.51046424999,67172.1622965,SL,-0.17315297878686464,0.018226149950158435,0.018034866506431522,0.009108520714720845,0.009021944225327603,0.018130464940048448,-0.22754446018350308,-1.2484505000000021,1 days 00:35:00
5m,VALIDATION,45,CLOSED,BTCUSDT,LONG,2024-09-30 20:50:00+00:00,2024-09-30 20:55:00+00:00,63824.0,63855.912,2024-09-30 23:30:00+00:00,63217.35288,63185.74420356,0.00028186634946374226,17.99883280711797,0.1799883280711797,63217.35288,65133.03024,SL,-0.17099340912709318,0.017998832807117972,0.01780993505680727,0.008994918944085991,0.008909422239522038,0.01790434118360803,-0.22470651817462647,-1.2484504999999897,0 days 02:35:00
5m,VALIDATION,46,CLOSED,BTCUSDT,LONG,2024-10-01 03:40:00+00:00,2024-10-01 03:45:00+00:00,63737.19,63769.058595,2024-10-01 13:30:00+00:00,63131.36800905,63099.80232504548,0.0002787300167604032,17.774350770979485,0.17774350770979486,63131.36800905,65044.4397669,SL,-0.16886077369131544,0.017774350770979486,0.017587808959638056,0.008882734018480477,0.008798303631633291,0.01768103765011377,-0.22190397107204676,-1.2484504999999972,0 days 09:45:00
5m,VALIDATION,47,CLOSED,BTCUSDT,LONG,2024-10-02 01:25:00+00:00,2024-10-02 01:30:00+00:00,61400.0,61430.7,2024-10-02 12:55:00+00:00,60816.393,60785.9848035,0.0002857312139076427,17.552668482196225,0.17552668482196226,60816.393,62659.314,SL,-0.16675473655499864,0.017552668482196224,0.017368453226475577,0.008771948266963798,0.008688570898685192,0.01746051916564899,-0.21913637742931943,-1.24845049999999,0 days 11:25:00
5m,VALIDATION,48,CLOSED,BTCUSDT,LONG,2024-10-02 15:20:00+00:00,2024-10-02 15:25:00+00:00,61720.48,61751.34024,2024-10-02 18:10:00+00:00,61133.8268376,61103.2599241812,0.000280702426131292,17.333751022226878,0.1733375102222688,61133.8268376,62986.3670448,SL,-0.16467496598327636,0.017333751022226878,0.01715183330524861,0.008662544238992405,0.008580206756002089,0.017242750994994494,-0.21640330130574634,-1.2484504999999986,0 days 02:45:00
5m,VALIDATION,49,CLOSED,BTCUSDT,LONG,2024-10-03 00:35:00+00:00,2024-10-03 00:40:00+00:00,61089.56,61120.104779999994,2024-10-03 08:15:00+00:00,60508.90373219999,60478.6492803339,0.00028006437439283673,17.11756390803533,0.1711756390803533,60508.90373219999,62342.5068756,SL,-0.16262113437868775,0.01711756390803533,0.0169379150748205,0.008554504701665862,0.008473194134475896,0.017027698836141757,-0.21370431219768532,-1.2484504999999924,0 days 07:35:00
5m,VALIDATION,50,CLOSED,BTCUSDT,LONG,2024-10-03 19:30:00+00:00,2024-10-03 19:35:00+00:00,60904.79,60935.242395,2024-10-04 16:30:00+00:00,62153.9472429,62122.87026927855,0.0002774104511980422,16.90407308665902,0.16904073086659022,60325.88997105,62153.9472429,TP,0.3465292743701916,0.016904073086659022,0.017233533471118005,0.008447812637011075,0.008621077274196025,0.0170688899112071,0.2953227779012075,1.747051000000001,0 days 20:55:00
5m,VALIDATION,51,CLOSED,BTCUSDT,LONG,2024-10-04 16:30:00+00:00,2024-10-04 16:35:00+00:00,62230.0,62261.115,2024-10-07 00:45:00+00:00,63506.3373,63474.584131350006,0.0002762414524187381,17.19910083681008,0.1719910083681008,61638.50385,63506.3373,TP,0.35257726952821045,0.017199100836810078,0.01753431131211951,0.008595252792008474,0.008771541426771294,0.01736679421877977,0.30047706316050105,1.7470510000000126,2 days 08:10:00
5m,VALIDATION,52,CLOSED,BTCUSDT,LONG,2024-10-07 00:45:00+00:00,2024-10-07 00:50:00+00:00,63596.61,63628.408305,2024-10-07 10:20:00+00:00,62992.12422195,62960.62815983903,0.0002750230312096176,17.499277723084308,0.17499277723084308,62992.12422195,64900.976471099995,SL,-0.1662475110024158,0.01749927772308431,0.01731562280338054,0.00874526622842701,0.008662142472925701,0.01740740870135271,-0.21846982023023334,-1.2484504999999924,0 days 09:30:00
5m,VALIDATION,53,CLOSED,BTCUSDT,LONG,2024-10-07 14:00:00+00:00,2024-10-07 14:05:00+00:00,63620.0,63651.81,2024-10-07 18:45:00+00:00,63015.2919,62983.78425405,0.00027149308329838125,17.281026154422737,0.17281026154422738,63015.2919,64924.8462,SL,-0.1641740665645068,0.017281026154422736,0.01709966178493207,0.008636194979720875,0.008554107946438664,0.01719030292615954,-0.21574505743002115,-1.2484504999999984,0 days 04:40:00
5m,VALIDATION,54,CLOSED,BTCUSDT,LONG,2024-10-08 09:55:00+00:00,2024-10-08 10:00:00+00:00,62537.37,62568.638685,2024-10-08 15:30:00+00:00,61942.95229815,61911.98082200093,0.00027274840855074967,17.06549662652062,0.1706549662652062,61942.95229815,63820.0114587,SL,-0.16212648219398285,0.01706549662652062,0.016886394239425288,0.008528484071223459,0.008447420830125967,0.016975904901349426,-0.21305427796127818,-1.2484504999999904,0 days 05:30:00
5m,VALIDATION,55,CLOSED,BTCUSDT,LONG,2024-10-09 05:40:00+00:00,2024-10-09 05:45:00+00:00,62504.49,62535.742244999994,2024-10-09 12:35:00+00:00,61910.38482255,61879.42963013872,0.0002694883691309078,16.852655189995865,0.16852655189995866,61910.38482255,63786.457089899995,SL,-0.16010443536322938,0.016852655189995864,0.016675786573776857,0.0084221165367285,0.00834206431904789,0.01676418085577639,-0.2103970579827785,-1.248450499999995,0 days 06:50:00
5m,VALIDATION,56,CLOSED,BTCUSDT,LONG,2024-10-10 02:30:00+00:00,2024-10-10 02:35:00+00:00,60910.66,60941.11533,2024-10-10 16:55:00+00:00,60331.7041767,60301.53832461165,0.0002730909703369257,16.642468318884198,0.166424683188842,60331.7041767,62159.9376366,SL,-0.15810760756721237,0.016642468318884197,0.016467805613877506,0.008317075621630476,0.008238021817847737,0.016555097439478215,-0.2077729789394523,-1.2484505000000055,0 days 14:20:00
5m,VALIDATION,57,CLOSED,BTCUSDT,LONG,2024-10-10 22:40:00+00:00,2024-10-10 22:45:00+00:00,60240.01,60270.130005,2024-10-11 12:30:00+00:00,61475.5326051,61444.794838797454,0.000272687364437323,16.43490290535827,0.1643490290535827,59667.42870495,61475.5326051,TP,0.3369114028874542,0.016434902905358272,0.016755219162983708,0.008213344780288184,0.008381800481731967,0.01659514526202015,0.28712613555709204,1.7470510000000081,0 days 13:45:00
5m,VALIDATION,58,CLOSED,BTCUSDT,LONG,2024-10-11 12:30:00+00:00,2024-10-11 12:35:00+00:00,61414.45,61445.157224999995,2024-10-11 17:30:00+00:00,62674.060369499995,62642.72333931525,0.0002721409295184549,16.721742201619104,0.16721742201619105,60830.705652749995,62674.060369499995,TP,0.342791536786814,0.016721742201619105,0.017047648957128663,0.008356692754431872,0.008528088522824724,0.016884781277256594,0.2921373643508096,1.7470510000000061,0 days 04:55:00
5m,VALIDATION,59,CLOSED,BTCUSDT,LONG,2024-10-11 17:30:00+00:00,2024-10-11 17:35:00+00:00,62684.02,62715.36200999999,2024-10-13 15:25:00+00:00,62088.20838989999,62057.16428570505,0.00027128262000207,17.013587720451085,0.17013587720451084,62088.20838989999,63969.66925019999,SL,-0.16163333461558116,0.017013587720451084,0.016835030117324953,0.008502542588929185,0.008421725921621999,0.016924268510551184,-0.21240622096390838,-1.2484504999999895,1 days 21:50:00
5m,VALIDATION,60,CLOSED,BTCUSDT,LONG,2024-10-13 21:30:00+00:00,2024-10-13 21:35:00+00:00,62944.0,62975.471999999994,2024-10-14 03:55:00+00:00,64234.981439999996,64202.86394928,0.000266792660061589,16.801393693514115,0.16801393693514116,62345.71728,64234.981439999996,TP,0.3444243724677396,0.016801393693514115,0.017128852856600707,0.008396498597456807,0.008568710783691284,0.01696520938114809,0.29352891653647667,1.7470510000000081,0 days 06:20:00
5m,VALIDATION,61,CLOSED,BTCUSDT,LONG,2024-10-14 03:55:00+00:00,2024-10-14 04:00:00+00:00,64300.0,64332.149999999994,2024-10-14 14:20:00+00:00,65618.79299999999,65585.98360349999,0.0002657245152597844,17.094629374369738,0.17094629374369738,63688.828499999996,65618.79299999999,TP,0.3504356306529943,0.01709462937436974,0.0174278037008762,0.008543043165600521,0.00871826098092876,0.01726130414652928,0.2986518934312191,1.7470509999999935,0 days 10:20:00
5m,VALIDATION,62,CLOSED,BTCUSDT,LONG,2024-10-14 14:20:00+00:00,2024-10-14 14:25:00+00:00,65792.02,65824.91601,2024-10-15 13:50:00+00:00,67141.4143302,67107.8436230349,0.00026423099289057586,17.392982914261065,0.17392982914261065,65166.6668499,67141.4143302,TP,0.35655180366965883,0.017392982914261064,0.017731972151260014,0.008692145384437454,0.008870421286272535,0.01756256667070999,0.3038642819334278,1.7470510000000041,0 days 23:25:00
5m,VALIDATION,63,CLOSED,BTCUSDT,LONG,2024-10-15 13:50:00+00:00,2024-10-15 13:55:00+00:00,67282.93,67316.57146499999,2024-10-15 14:30:00+00:00,66643.40575034998,66610.08404747481,0.00026288539731519564,17.696543635473283,0.17696543635473283,66643.40575034998,68662.90289429999,SL,-0.16812158646194633,0.017696543635473284,0.017510818410018992,0.008843849892788495,0.008759789099557392,0.017603638992345887,-0.2209325874997845,-1.2484505000000008,0 days 00:35:00
5m,VALIDATION,64,CLOSED,BTCUSDT,LONG,2024-10-15 23:40:00+00:00,2024-10-15 23:45:00+00:00,67025.0,67058.5125,2024-10-16 11:45:00+00:00,68399.68274999999,68365.482908625,0.0002606057174299702,17.475831759849125,0.17475831759849125,66387.927375,68399.68274999999,TP,0.35825018430235245,0.017475831759849125,0.017816435720848584,0.008733549105371118,0.008912674197522286,0.017646223302893404,0.30531169351876136,1.747050999999998,0 days 12:00:00
5m,VALIDATION,65,CLOSED,BTCUSDT,LONG,2024-10-17 15:30:00+00:00,2024-10-17 15:35:00+00:00,67406.21,67439.913105,2024-10-17 18:15:00+00:00,66765.51397395,66732.13121696303,0.000263654527831276,17.78083844668106,0.1778083844668106,66765.51397395,68788.7113671,SL,-0.1689224082315891,0.01778083844668106,0.017594228547183142,0.008885976235221133,0.00880151503110724,0.017687491266328372,-0.2219849664917817,-1.2484504999999988,0 days 02:40:00
5m,VALIDATION,66,CLOSED,BTCUSDT,LONG,2024-10-17 22:10:00+00:00,2024-10-17 22:15:00+00:00,67334.0,67367.667,2024-10-18 15:30:00+00:00,68715.02034,68680.66282983,0.00026064544054037924,17.55907524339257,0.17559075243392572,66693.99033,68715.02034,TP,0.35995665491452505,0.01755907524339257,0.01790130161988629,0.008775150046673282,0.008955128374129458,0.017730278420802742,0.30676599963044343,1.7470510000000061,0 days 17:15:00
5m,VALIDATION,67,CLOSED,BTCUSDT,LONG,2024-10-18 15:30:00+00:00,2024-10-18 15:35:00+00:00,68680.0,68714.34,2024-10-19 17:00:00+00:00,68027.1966,67993.1830017,0.0002599971822982353,17.86553478348292,0.17865534783482923,68027.1966,70088.6268,SL,-0.16972704459470894,0.017865534783482923,0.01767803599593027,0.008928303240120491,0.008843439717822157,0.01777174295794265,-0.2230423583320648,-1.2484504999999906,1 days 01:25:00
5m,VALIDATION,68,CLOSED,BTCUSDT,LONG,2024-10-19 20:35:00+00:00,2024-10-19 20:40:00+00:00,68259.97,68294.099985,2024-10-21 13:40:00+00:00,67611.15898514999,67577.35340565741,0.00025833439855806967,17.642715244689647,0.17642715244689647,67611.15898514999,69659.98198469999,SL,-0.16761020329912885,0.017642715244689647,0.017457554948196632,0.00881694914776895,0.008733144046121353,0.017550093193890302,-0.22026056668590543,-1.2484505000000075,1 days 17:00:00
5m,VALIDATION,69,CLOSED,BTCUSDT,LONG,2024-10-21 19:45:00+00:00,2024-10-21 19:50:00+00:00,67760.53,67794.410265,2024-10-22 00:25:00+00:00,67116.46616235,67082.90792926883,0.0002569927911523504,17.422674718529905,0.17422674718529904,67116.46616235,69150.2984703,SL,-0.16551976331796756,0.017422674718529905,0.017239823747358933,0.008706983867331231,0.008624223985672037,0.017331207853003266,-0.21751346963685966,-1.248450499999997,0 days 04:35:00
5m,VALIDATION,70,CLOSED,BTCUSDT,LONG,2024-10-22 06:00:00+00:00,2024-10-22 06:05:00+00:00,67710.48,67744.33523999999,2024-10-22 08:25:00+00:00,67066.89188759998,67033.35844165618,0.0002539751624119194,17.205378545066512,0.17205378545066513,67066.89188759998,69099.22194479998,SL,-0.1634553953731745,0.017205378545066513,0.017024808097236038,0.008598390077491936,0.008516662379808377,0.017115052457300314,-0.21480063447277736,-1.2484505000000101,0 days 02:20:00
5m,VALIDATION,71,CLOSED,BTCUSDT,LONG,2024-10-22 19:25:00+00:00,2024-10-22 19:30:00+00:00,67580.0,67613.79,2024-10-23 03:25:00+00:00,66937.65209999999,66904.18327395,0.00025129182222505443,16.99079249664216,0.16990792496642163,66937.65209999999,68966.0658,SL,-0.16141677429343904,0.016990792496642163,0.016812474129389902,0.00849115067298298,0.008410442285837118,0.0169015929588201,-0.2121216338782912,-1.248450499999998,0 days 07:55:00
5m,VALIDATION,72,CLOSED,BTCUSDT,LONG,2024-10-23 19:40:00+00:00,2024-10-23 19:45:00+00:00,66475.61,66508.847805,2024-10-24 13:40:00+00:00,67839.0247611,67805.10524871945,0.00025228046081451775,16.778882772488025,0.16778882772488024,65843.75932694999,67839.0247611,TP,0.34396290421162196,0.016778882772488027,0.01710590319772382,0.008385248761862332,0.008557230213966436,0.01694247897582877,0.2931356392655814,1.74705100000001,0 days 17:55:00
5m,VALIDATION,73,CLOSED,BTCUSDT,LONG,2024-10-24 13:40:00+00:00,2024-10-24 13:45:00+00:00,67843.19,67877.111595,2024-10-25 17:55:00+00:00,67198.34047904999,67164.74130881047,0.00025150931098568856,17.07172556895714,0.1707172556895714,67198.34047904999,69234.6538269,SL,-0.1621856587035885,0.01707172556895714,0.016892557809110934,0.008531596985983696,0.008450504156633998,0.016982101142617695,-0.21313204322427426,-1.2484505000000057,1 days 04:10:00
5m,VALIDATION,74,CLOSED,BTCUSDT,LONG,2024-10-26 05:00:00+00:00,2024-10-26 05:05:00+00:00,67074.99,67108.527495,2024-10-28 07:10:00+00:00,68450.6980449,68416.47269587756,0.00025121705205218594,16.858806444856967,0.16858806444856966,66437.44222005,68450.6980449,TP,0.3456013195242521,0.016858806444856968,0.01718738458246723,0.008425190627114136,0.008597991286874372,0.017023181913988508,0.29453194658293935,1.7470510000000075,2 days 02:05:00
5m,VALIDATION,75,CLOSED,BTCUSDT,LONG,2024-10-28 07:10:00+00:00,2024-10-28 07:15:00+00:00,68450.0,68484.22499999999,2024-10-28 19:20:00+00:00,69853.9095,69818.98254525,0.00025046708426255883,17.153044153731035,0.17153044153731034,67799.38274999999,69853.9095,TP,0.3516331190335054,0.017153044153731034,0.01748735698428725,0.00857223595888389,0.008748052518403012,0.0173202884772869,0.2996724294182002,1.7470510000000037,0 days 12:05:00
5m,VALIDATION,76,CLOSED,BTCUSDT,LONG,2024-10-28 19:20:00+00:00,2024-10-28 19:25:00+00:00,69880.0,69914.94,2024-10-29 02:20:00+00:00,71313.2388,71277.58218060002,0.0002496235741615866,17.452417210092875,0.17452417210092874,69215.79060000001,71313.2388,TP,0.35777019188306497,0.017452417210092875,0.01779256482151759,0.008721847681206416,0.008900732777144801,0.017622580458351217,0.30490262939310325,1.7470510000000206,0 days 06:55:00
5m,VALIDATION,77,CLOSED,BTCUSDT,LONG,2024-10-29 02:20:00+00:00,2024-10-29 02:25:00+00:00,71530.02,71565.78501,2024-10-29 07:45:00+00:00,70850.1271599,70814.70209632006,0.00024812157428264636,17.757015241454617,0.17757015241454618,70850.1271599,72997.10071020001,SL,-0.16869608182911186,0.017757015241454618,0.01757065536649555,0.008874070585435285,0.008789722544517525,0.01766379312995281,-0.22168754556701484,-1.2484504999999912,0 days 05:20:00
5m,VALIDATION,78,CLOSED,BTCUSDT,LONG,2024-10-29 11:30:00+00:00,2024-10-29 11:35:00+00:00,71472.23,71507.96611499999,2024-10-29 17:00:00+00:00,72938.12543729998,72901.65637458133,0.0002452251142728099,17.535549161967094,0.17535549161967093,70792.88645384999,72938.12543729998,TP,0.35947437612387995,0.017535549161967093,0.017877317015133832,0.00876339288453942,0.008943130072603242,0.01770652295714266,0.30635498698963637,1.7470509999999924,0 days 05:25:00
5m,VALIDATION,79,CLOSED,BTCUSDT,LONG,2024-10-29 18:50:00+00:00,2024-10-29 18:55:00+00:00,73238.94,73275.55947,2024-10-29 19:55:00+00:00,72542.80387529999,72506.53247336234,0.0002434863442744954,17.84159810001868,0.1784159810001868,72542.80387529999,74741.0706594,SL,-0.16949964012062135,0.01784159810001868,0.01765435052795898,0.008916340879567252,0.008831591059507673,0.017747931939074924,-0.22274352068767395,-1.2484505000000012,0 days 01:00:00
5m,VALIDATION,80,CLOSED,BTCUSDT,LONG,2024-10-30 20:45:00+00:00,2024-10-30 20:50:00+00:00,72716.01,72752.368005,2024-10-31 12:50:00+00:00,72024.84432495,71988.83190278753,0.00024217874391552178,17.619077100330696,0.17619077100330696,72024.84432495,74207.4153651,SL,-0.16738563502113193,0.017619077100330695,0.017434164886162725,0.008805135982174713,0.008721443164662949,0.01752657914683766,-0.21996545615446303,-1.2484504999999941,0 days 16:00:00
5m,VALIDATION,81,CLOSED,BTCUSDT,LONG,2024-11-01 10:15:00+00:00,2024-11-01 10:20:00+00:00,69830.02,69864.93501,2024-11-01 14:05:00+00:00,71262.2337102,71226.60259334491,0.0002490424042818655,17.39933138988668,0.1739933138988668,69166.2856599,71262.2337102,TP,0.3566819458336585,0.01739933138988668,0.017738444358675578,0.008695318035924627,0.008873659008839518,0.017568977044764143,0.30397519304033205,1.7470510000000168,0 days 03:45:00
5m,VALIDATION,82,CLOSED,BTCUSDT,LONG,2024-11-01 14:05:00+00:00,2024-11-01 14:10:00+00:00,71295.99,71331.637995,2024-11-01 15:30:00+00:00,70618.32161505,70583.01245424247,0.0002481788363341157,17.703002911405495,0.17703002911405494,70618.32161505,72758.2707549,SL,-0.1681829511973134,0.017703002911405495,0.017517209895850296,0.00884707791674241,0.008762986441144286,0.017610064357886694,-0.2210132283624559,-1.248450499999997,0 days 01:20:00
5m,VALIDATION,83,CLOSED,BTCUSDT,LONG,2024-11-02 00:10:00+00:00,2024-11-02 00:15:00+00:00,69632.0,69666.81599999999,2024-11-03 02:00:00+00:00,68970.14783999999,68935.66276608,0.0002509402823214853,17.48221047547897,0.17482210475478968,68970.14783999999,71060.15232,SL,-0.16608536788548725,0.01748221047547897,0.017298734676538818,0.008736736869302729,0.008653694185359606,0.017390431054662335,-0.21825674409216736,-1.2484504999999875,1 days 01:45:00
5m,VALIDATION,84,CLOSED,BTCUSDT,LONG,2024-11-03 19:35:00+00:00,2024-11-03 19:40:00+00:00,68651.91,68686.235955,2024-11-04 16:40:00+00:00,67999.37359545,67965.37390865228,0.00025134834556086116,17.264171770092187,0.17264171770092188,67999.37359545,70059.9606741,SL,-0.164013945701876,0.017264171770092186,0.01708298428736507,0.008627771999044803,0.008545765026193622,0.017173537025238425,-0.21553463878457166,-1.248450499999982,0 days 21:00:00
5m,VALIDATION,85,CLOSED,BTCUSDT,LONG,2024-11-05 03:55:00+00:00,2024-11-05 04:00:00+00:00,68243.01,68277.131505,2024-11-05 14:30:00+00:00,69642.6741351,69607.85279803244,0.00024970077205687204,17.04885245062708,0.1704885245062708,67594.36018994999,69642.6741351,TP,0.349497215154784,0.01704885245062708,0.017381134584889803,0.00852016614224312,0.008694914749820114,0.017215080892063233,0.2978521472272039,1.747050999999994,0 days 10:30:00
5m,VALIDATION,86,CLOSED,BTCUSDT,LONG,2024-11-05 14:30:00+00:00,2024-11-05 14:35:00+00:00,69757.99,69792.868995,2024-11-05 19:55:00+00:00,69094.94030505,69060.39283489747,0.0002485412520368572,17.346407043261653,0.17346407043261652,69094.94030505,71188.7263749,SL,-0.16479520134553133,0.017346407043261652,0.017164356501342622,0.008668869087085257,0.008586471486414171,0.01725534057349943,-0.21656130546363506,-1.2484504999999986,0 days 05:20:00
5m,VALIDATION,87,CLOSED,BTCUSDT,LONG,2024-11-06 00:20:00+00:00,2024-11-06 00:25:00+00:00,70100.0,70135.05,2024-11-06 02:15:00+00:00,71537.751,71501.9821245,0.00024424395623527065,17.13006208275852,0.1713006208275852,69433.6995,71537.751,TP,0.35116199232121753,0.01713006208275852,0.017463926992751486,0.008560750666046947,0.008736331662206382,0.01729708232825333,0.29927092091745416,1.7470510000000035,0 days 01:50:00
5m,VALIDATION,88,CLOSED,BTCUSDT,LONG,2024-11-06 02:15:00+00:00,2024-11-06 02:20:00+00:00,71978.0,72013.989,2024-11-06 03:00:00+00:00,73454.26878,73417.54164561,0.00024202289407585808,17.42903403172701,0.17429034031727011,71293.84911,73454.26878,TP,0.3572908425694359,0.01742903403172701,0.01776872590500537,0.008710161934896394,0.008888807356178835,0.01759896929107523,0.30449411334162824,1.7470510000000068,0 days 00:40:00
5m,VALIDATION,89,CLOSED,BTCUSDT,LONG,2024-11-06 03:00:00+00:00,2024-11-06 03:05:00+00:00,73888.88,73925.82444,2024-11-06 06:20:00+00:00,75404.3409288,75366.6387583356,0.00023987860926107002,17.73322395514522,0.17733223955145222,73186.5661956,75404.3409288,TP,0.36352665999003153,0.01773322395514522,0.018078844490031,0.008862180887127133,0.009043944217123916,0.017906125104251047,0.3098084664406043,1.7470510000000008,0 days 03:15:00
5m,VALIDATION,90,CLOSED,BTCUSDT,LONG,2024-11-06 06:20:00+00:00,2024-11-06 06:25:00+00:00,75341.98,75379.65099,2024-11-06 06:30:00+00:00,74625.8544801,74588.54155285996,0.00023935800558445053,18.04272292261835,0.18042722922618348,74625.8544801,76887.2440098,SL,-0.1714103761913919,0.01804272292261835,0.017853364545545473,0.009016853034791472,0.008931147846693728,0.0179480008814852,-0.22525446454104092,-1.2484504999999864,0 days 00:05:00
5m,VALIDATION,91,CLOSED,BTCUSDT,LONG,2024-11-06 12:00:00+00:00,2024-11-06 12:05:00+00:00,74484.36,74521.60218,2024-11-06 13:15:00+00:00,73776.3861582,73739.4979651209,0.00023909434266423095,17.81769348751242,0.17817693487512423,73776.3861582,76012.0342236,SL,-0.16927254032864247,0.017817693487512422,0.017630696794360978,0.008904394546483231,0.008819758276317643,0.017724152822800876,-0.22244508343331673,-1.2484505000000026,0 days 01:10:00
5m,VALIDATION,92,CLOSED,BTCUSDT,LONG,2024-11-06 18:05:00+00:00,2024-11-06 18:10:00+00:00,74859.99,74897.419995,2024-11-06 20:55:00+00:00,76395.36839490001,76357.17071070257,0.00023492759334185764,17.59547062693968,0.1759547062693968,74148.44579505001,76395.36839490001,TP,0.36070275118294276,0.01759547062693968,0.017938406349458737,0.008793338644147436,0.008973690019736705,0.01776702866388414,0.3074018455426602,1.7470510000000241,0 days 02:45:00
5m,VALIDATION,93,CLOSED,BTCUSDT,LONG,2024-11-07 08:55:00+00:00,2024-11-07 09:00:00+00:00,75149.99,75187.56499500001,2024-11-07 18:55:00+00:00,76691.31629490001,76652.97063675257,0.0002381054018563053,17.90256537773155,0.1790256537773155,74435.68934505,76691.31629490001,TP,0.3669981168388559,0.01790256537773155,0.01825148637694354,0.008946809284224299,0.009130308342642054,0.018077117626866354,0.3127669474573145,1.7470510000000092,0 days 09:55:00
5m,VALIDATION,94,CLOSED,BTCUSDT,LONG,2024-11-07 20:15:00+00:00,2024-11-07 20:20:00+00:00,76727.27,76765.633635,2024-11-07 21:50:00+00:00,75997.97729865,75959.97831000068,0.00023728091605813398,18.2150198706959,0.182150198706959,75997.97729865,78300.94630770001,SL,-0.1730472402508394,0.0182150198706959,0.01802385323715295,0.009102958456120252,0.009016434835995102,0.018119393292115354,-0.22740550665080358,-1.248450500000007,0 days 01:30:00
5m,VALIDATION,95,CLOSED,BTCUSDT,LONG,2024-11-08 07:50:00+00:00,2024-11-08 07:55:00+00:00,76218.43,76256.53921499998,2024-11-10 04:30:00+00:00,77781.66999929998,77742.77916430033,0.0002358858889682623,17.987841542373427,0.17987841542373428,75493.97382284998,77781.66999929998,TP,0.3687462569056228,0.01798784154237343,0.018338424574034284,0.008989426058155158,0.009173799186610234,0.018163225244765394,0.3142567655444497,1.7470509999999961,1 days 20:35:00
5m,VALIDATION,96,CLOSED,BTCUSDT,LONG,2024-11-10 04:30:00+00:00,2024-11-10 04:35:00+00:00,77885.8,77924.7429,2024-11-10 05:25:00+00:00,79483.237758,79443.49613912101,0.0002348648668444328,18.30178436509516,0.18301784365095158,77145.495471,79483.237758,TP,0.37518200632493925,0.01830178436509516,0.018658486142370867,0.009146319023034782,0.009333910026197099,0.018480229049231883,0.31974150676824137,1.747051000000015,0 days 00:50:00
5m,VALIDATION,97,CLOSED,BTCUSDT,LONG,2024-11-10 05:25:00+00:00,2024-11-10 05:30:00+00:00,79653.0,79692.8265,2024-11-10 06:30:00+00:00,78895.898235,78856.4502858825,0.00023366226632429355,18.621206449778718,0.18621206449778718,78895.898235,81286.68303,SL,-0.17690611424802258,0.01862120644977872,0.018425776888088292,0.009305950249763443,0.009217497192640626,0.01852344744240407,-0.23247654502829365,-1.2484504999999946,0 days 01:00:00
5m,VALIDATION,98,CLOSED,BTCUSDT,LONG,2024-11-10 11:15:00+00:00,2024-11-10 11:20:00+00:00,79926.0,79965.96299999999,2024-11-10 20:40:00+00:00,79166.30337,79126.720218315,0.0002299598661626967,18.388962149051153,0.18388962149051152,79166.30337,81565.28225999999,SL,-0.17469973535905306,0.018388962149051155,0.018195969991296863,0.009189886131457279,0.009102536263780601,0.01829242239523788,-0.22957708989463893,-1.248450499999995,0 days 09:20:00
5m,VALIDATION,99,CLOSED,BTCUSDT,LONG,2024-11-10 22:20:00+00:00,2024-11-10 22:25:00+00:00,81263.76,81304.39188,2024-11-10 22:30:00+00:00,80491.3479612,80451.1022872194,0.0002233534251593823,18.15961440689867,0.1815961440689867,80491.3479612,82930.4797176,SL,-0.17252087450032194,0.01815961440689867,0.01796902925369827,0.009075269568665187,0.008989009131413275,0.018064278700078464,-0.22671379686099735,-1.248450499999994,0 days 00:05:00
5m,VALIDATION,100,CLOSED,BTCUSDT,LONG,2024-11-11 03:50:00+00:00,2024-11-11 03:55:00+00:00,81732.0,81772.866,2024-11-11 05:25:00+00:00,80955.13734,80914.65977133,0.00021930412830763727,17.933127097347228,0.1793312709734723,80955.13734,83408.32332,SL,-0.17036918846605215,0.017933127097347228,0.01774491892846057,0.008962082507418706,0.008876897913187173,0.01783898042060588,-0.22388621491246585,-1.2484504999999937,0 days 01:30:00
5m,VALIDATION,101,CLOSED,BTCUSDT,LONG,2024-11-11 09:30:00+00:00,2024-11-11 09:35:00+00:00,81531.34,81572.10566999999,2024-11-11 15:15:00+00:00,83203.54778339999,83161.94600950829,0.00021710196640786468,17.709464544987124,0.17709464544987125,80756.38461329999,83203.54778339999,TP,0.3630395980186753,0.017709464544987126,0.018054622008968926,0.008850307118932666,0.009031826917943403,0.01788213403687607,0.30939337742784323,1.7470510000000012,0 days 05:40:00
5m,VALIDATION,102,CLOSED,BTCUSDT,LONG,2024-11-11 15:15:00+00:00,2024-11-11 15:20:00+00:00,83327.97,83369.633985,2024-11-11 18:35:00+00:00,85037.0266647,84994.50815136766,0.00021612843881938795,18.018548838121838,0.18018548838121837,82535.93764515,85037.0266647,TP,0.3693757487954799,0.018018548838121838,0.018369730354976833,0.009004772033042658,0.009189459907439837,0.018194231940482496,0.31479323766189876,1.7470510000000157,0 days 03:15:00
5m,VALIDATION,103,CLOSED,BTCUSDT,LONG,2024-11-11 18:35:00+00:00,2024-11-11 18:40:00+00:00,85084.0,85126.542,2024-11-11 20:10:00+00:00,86829.07284000001,86785.65830358001,0.00021536206177651191,18.333027597024838,0.1833302759702484,84275.27658,86829.07284000001,TP,0.37582248477259483,0.018333027597024838,0.018690338304890856,0.009161932832096646,0.009349844074481367,0.018511776906578015,0.32028734196410114,1.7470510000000148,0 days 01:30:00
5m,VALIDATION,104,CLOSED,BTCUSDT,LONG,2024-11-11 20:10:00+00:00,2024-11-11 20:15:00+00:00,87146.04,87189.61301999999,2024-11-11 23:10:00+00:00,88933.4052804,88888.93857775979,0.0002139359761504577,18.652994971614355,0.18652994971614356,86317.7168898,88933.4052804,TP,0.3823817359998108,0.018652994971614354,0.01901654184361112,0.009321836567522598,0.009513027435523777,0.018834864003046375,0.32587733518153894,1.7470510000000032,0 days 02:55:00
5m,VALIDATION,105,CLOSED,BTCUSDT,LONG,2024-11-11 23:10:00+00:00,2024-11-11 23:15:00+00:00,89348.01,89392.68400499999,2024-11-11 23:35:00+00:00,88498.75716494999,88454.50778636751,0.00021230536890413728,18.978546755012495,0.18978546755012496,88498.75716494999,91180.53768509999,SL,-0.18030093643817618,0.018978546755012496,0.018779366906818636,0.00948453111194889,0.009394380643731657,0.018878911755680548,-0.23693776185568788,-1.2484505000000032,0 days 00:20:00
5m,VALIDATION,106,CLOSED,BTCUSDT,LONG,2024-11-12 06:40:00+00:00,2024-11-12 06:45:00+00:00,89420.0,89464.70999999999,2024-11-12 09:05:00+00:00,88570.06289999999,88525.77786855,0.00020948869888716572,18.741845694217602,0.18741845694217601,88570.06289999999,91254.0042,SL,-0.17805221721493297,0.018741845694217604,0.018545150023656788,0.009366239727243472,0.009277213618636789,0.01864345334588026,-0.23398266627868763,-1.2484504999999975,0 days 02:20:00
5m,VALIDATION,107,CLOSED,BTCUSDT,LONG,2024-11-12 17:35:00+00:00,2024-11-12 17:40:00+00:00,87766.01,87809.89300499999,2024-11-12 17:55:00+00:00,86931.79407494998,86888.32817791251,0.00021077461939057832,18.508096776856277,0.18508096776856278,86931.79407494998,89566.09086509999,SL,-0.17583154409197543,0.01850809677685628,0.01831385430118317,0.009249423676589012,0.009161507904543446,0.01841093158113246,-0.23106442675114736,-1.2484505000000068,0 days 00:15:00
5m,VALIDATION,108,CLOSED,BTCUSDT,LONG,2024-11-12 18:20:00+00:00,2024-11-12 18:25:00+00:00,88016.01,88060.01800499999,2024-11-12 20:55:00+00:00,89821.2183651,89776.30775591746,0.00020755461556526728,18.277263183698288,0.1827726318369829,87179.41782495,89821.2183651,TP,0.374679328233535,0.018277263183698288,0.01863348704314857,0.00913406455956854,0.009321404223683613,0.018455468783252153,0.3193131092234361,1.747051000000018,0 days 02:30:00
5m,VALIDATION,109,CLOSED,BTCUSDT,LONG,2024-11-13 11:10:00+00:00,2024-11-13 11:15:00+00:00,87858.0,87901.92899999999,2024-11-13 13:45:00+00:00,89659.96758,89615.13759621,0.00021155687378381216,18.596257298806616,0.18596257298806618,87022.90970999999,89659.96758,TP,0.3812186278845808,0.018596257298806616,0.018958698353560358,0.009293481908446794,0.009484091222390877,0.018777573130837673,0.32488609910137617,1.7470510000000117,0 days 02:30:00
5m,VALIDATION,110,CLOSED,BTCUSDT,LONG,2024-11-13 13:45:00+00:00,2024-11-13 13:50:00+00:00,89678.9,89723.73945,2024-11-13 14:00:00+00:00,88826.5020555,88782.08880447225,0.00021087862534880592,18.920818836370426,0.18920818836370426,88826.5020555,91518.214239,SL,-0.17975250678630786,0.018920818836370427,0.01872224484268272,0.009455681577396407,0.009365805324001539,0.018821486901397948,-0.23621705736675896,-1.2484504999999906,0 days 00:10:00
5m,VALIDATION,111,CLOSED,BTCUSDT,LONG,2024-11-13 14:25:00+00:00,2024-11-13 14:30:00+00:00,89790.04,89834.93501999999,2024-11-13 14:50:00+00:00,91631.63372039999,91585.81790353979,0.00020799077503557106,18.68483776007996,0.18684837760079961,88936.58566979998,91631.63372039999,TP,0.3830345052066353,0.018684837760079964,0.01904900524802392,0.009337750005036692,0.009529267257639721,0.018867017262676415,0.32643364493585497,1.7470510000000021,0 days 00:20:00
5m,VALIDATION,112,CLOSED,BTCUSDT,LONG,2024-11-13 14:50:00+00:00,2024-11-13 14:55:00+00:00,91594.77,91640.567385,2024-11-13 15:00:00+00:00,90724.16171115,90678.79963029442,0.00020745119590551755,19.01094529747842,0.19010945297478418,90724.16171115,93473.3787327,SL,-0.18060873068719074,0.019010945297478418,0.01881142542658138,0.009500722287595001,0.009410417922251101,0.018911140209846102,-0.23734224162109663,-1.2484505000000043,0 days 00:05:00
5m,VALIDATION,113,CLOSED,BTCUSDT,LONG,2024-11-13 15:40:00+00:00,2024-11-13 15:45:00+00:00,92000.0,92046.0,2024-11-13 19:10:00+00:00,91125.54,91079.97723,0.00020396149926117166,18.773840160993807,0.18773840160993807,91125.54,93886.92,SL,-0.17835617264392548,0.01877384016099381,0.01857680870850418,0.009382228966013897,0.0092930508796898,0.018675279845703698,-0.23438210135912715,-1.2484504999999955,0 days 03:25:00
5m,VALIDATION,114,CLOSED,BTCUSDT,LONG,2024-11-14 07:50:00+00:00,2024-11-14 07:55:00+00:00,90800.02,90845.42001,2024-11-14 14:40:00+00:00,89936.96580990001,89891.99732699506,0.00020407954749449437,18.539692207588086,0.18539692207588085,89936.96580990001,92662.3284102,SL,-0.1761317085788345,0.018539692207588086,0.01834511813786945,0.009265213497045023,0.009177147642756324,0.01844236113980135,-0.2314588800640934,-1.2484504999999941,0 days 06:45:00
5m,VALIDATION,115,CLOSED,BTCUSDT,LONG,2024-11-15 02:50:00+00:00,2024-11-15 02:55:00+00:00,88443.83,88488.051915,2024-11-15 04:20:00+00:00,87603.17139585,87559.36981015209,0.0002069032390131402,18.308464555176403,0.18308464555176404,87603.17139585,90257.8129533,SL,-0.17393498810289978,0.018308464555176405,0.01811631721966983,0.009149657448864163,0.009062689954810913,0.018212347403675076,-0.2285721172814211,-1.248450499999992,0 days 01:25:00
5m,VALIDATION,116,CLOSED,BTCUSDT,LONG,2024-11-15 09:05:00+00:00,2024-11-15 09:10:00+00:00,88457.14,88501.36856999999,2024-11-15 12:10:00+00:00,90271.3959414,90226.26024342931,0.0002042919908901528,18.080120781668494,0.18080120781668493,87616.35488429999,90271.3959414,TP,0.3706379582528942,0.018080120781668495,0.018432502335703215,0.009035542619522857,0.009220861598649027,0.018256404218171884,0.3158689309173506,1.7470510000000186,0 days 03:00:00
5m,VALIDATION,117,CLOSED,BTCUSDT,LONG,2024-11-15 12:10:00+00:00,2024-11-15 12:15:00+00:00,90660.54,90705.87026999998,2024-11-15 12:35:00+00:00,89798.81156729998,89753.91216151635,0.0002028057732586739,18.39567415920831,0.18395674159208308,89798.81156729998,92519.98767539999,SL,-0.17476350113271044,0.01839567415920831,0.018202611558907417,0.009193240459372701,0.009105858708805871,0.018299099168178574,-0.22966088601900475,-1.2484504999999881,0 days 00:20:00
5m,VALIDATION,118,CLOSED,BTCUSDT,LONG,2024-11-15 19:35:00+00:00,2024-11-15 19:40:00+00:00,90170.97,90216.05548499999,2024-11-17 21:15:00+00:00,89313.89493015,89269.23798268492,0.0002013637440362744,18.166242704643867,0.18166242704643867,89313.89493015,92020.37659469999,SL,-0.17258384498514842,0.018166242704643867,0.01797558798745863,0.009078582061289012,0.008992290138798728,0.01807087220008774,-0.2267965478773387,-1.2484504999999935,2 days 01:35:00
5m,VALIDATION,119,CLOSED,BTCUSDT,LONG,2024-11-18 00:35:00+00:00,2024-11-18 00:40:00+00:00,90096.0,90141.048,2024-11-18 06:55:00+00:00,91943.86895999999,91897.89702552,0.00019901779627350718,17.93967272674443,0.1793967272674443,89239.63751999999,91943.86895999999,TP,0.3677588082214161,0.01793967272674443,0.01828931694818868,0.008965353686528002,0.00914923309063886,0.01811458677716686,0.3134152317693161,1.7470510000000017,0 days 06:15:00
5m,VALIDATION,120,CLOSED,BTCUSDT,LONG,2024-11-18 06:55:00+00:00,2024-11-18 07:00:00+00:00,92061.84,92107.87091999999,2024-11-18 11:10:00+00:00,91186.79221079999,91141.1988146946,0.00019816737347275678,18.25277485638411,0.1825277485638411,91186.79221079999,93950.02833839999,SL,-0.17340592204890762,0.018252774856384112,0.01806121198426636,0.009121826514932636,0.009035123553909362,0.018156950068842,-0.22787685895840007,-1.248450499999991,0 days 04:10:00
5m,VALIDATION,121,CLOSED,BTCUSDT,LONG,2024-11-18 15:35:00+00:00,2024-11-18 15:40:00+00:00,91764.0,91809.882,2024-11-18 18:30:00+00:00,90891.78318,90846.33728841001,0.00019633099677260734,18.02512564663546,0.1802512564663546,90891.78318,93646.07964,SL,-0.17124319767243412,0.01802512564663546,0.017835951952974025,0.009008058793920335,0.008922437195082315,0.01793049598900265,-0.22503477126104626,-1.2484504999999868,0 days 02:50:00
5m,VALIDATION,122,CLOSED,BTCUSDT,LONG,2024-11-19 03:05:00+00:00,2024-11-19 03:10:00+00:00,91288.0,91333.644,2024-11-19 17:35:00+00:00,93160.31688,93113.73672156001,0.00019489330443593948,17.80031568533572,0.1780031568533572,90420.30756,93160.31688,TP,0.36490202369438807,0.01780031568533572,0.01814724383804291,0.008895709987674067,0.00907816099951902,0.017973870987193087,0.3109805931838163,1.7470510000000101,0 days 14:25:00
5m,VALIDATION,123,CLOSED,BTCUSDT,LONG,2024-11-19 17:35:00+00:00,2024-11-19 17:40:00+00:00,93152.0,93198.576,2024-11-19 20:50:00+00:00,92266.59024,92220.45694488,0.0001943268490346491,18.11098560859627,0.1811098560859627,92266.59024,95062.54752000001,SL,-0.1720588887653239,0.01811098560859627,0.017920910814634053,0.009050967320637997,0.008964937876255543,0.018015905196893542,-0.22610669038544778,-1.248450499999998,0 days 03:10:00
5m,VALIDATION,124,CLOSED,BTCUSDT,LONG,2024-11-20 05:20:00+00:00,2024-11-20 05:25:00+00:00,92325.11,92371.27255499999,2024-11-20 13:15:00+00:00,94218.69800609999,94171.58865709695,0.0001936219379068443,17.8851047990204,0.17885104799020402,91447.55982945,94218.69800609999,TP,0.36664017933823767,0.0178851047990204,0.01823368549155331,0.008938083357828974,0.009121403447499843,0.018059486805328817,0.31246190224233517,1.747051000000007,0 days 07:50:00
5m,VALIDATION,125,CLOSED,BTCUSDT,LONG,2024-11-20 13:15:00+00:00,2024-11-20 13:20:00+00:00,94188.89,94235.984445,2024-11-20 18:45:00+00:00,93293.62460055,93246.97778824973,0.00019310303445846546,18.197254551510248,0.18197254551510247,93293.62460055,96120.7041339,SL,-0.17287846527946513,0.01819725455151025,0.01800627436499215,0.009094080235636374,0.009007641002996713,0.018101721238633087,-0.22718371543460064,-1.2484504999999901,0 days 05:25:00
5m,VALIDATION,126,CLOSED,BTCUSDT,LONG,2024-11-20 20:35:00+00:00,2024-11-20 20:40:00+00:00,94547.64,94594.91381999999,2024-11-21 04:00:00+00:00,96486.81209639998,96438.56869035179,0.00018997107843482075,17.970297792834327,0.17970297792834328,93648.96468179999,96486.81209639998,TP,0.368386614423817,0.017970297792834326,0.018320538896816667,0.008980658567131244,0.009164851874343623,0.018145510441474867,0.31395026729269115,1.7470510000000061,0 days 07:20:00
5m,VALIDATION,127,CLOSED,BTCUSDT,LONG,2024-11-21 04:00:00+00:00,2024-11-21 04:05:00+00:00,96368.72,96416.90436,2024-11-21 11:05:00+00:00,98345.2424472,98296.0698259764,0.00018963411597646898,18.28393442349636,0.1828393442349636,95452.7353164,98345.2424472,TP,0.3748160869824186,0.018283934423496358,0.018640288305410303,0.009137398512491799,0.00932480655598226,0.01846220506847406,0.31942965918503785,1.7470510000000026,0 days 07:00:00
5m,VALIDATION,128,CLOSED,BTCUSDT,LONG,2024-11-21 11:05:00+00:00,2024-11-21 11:10:00+00:00,98367.5,98416.68375,2024-11-21 12:55:00+00:00,97432.5169125,97383.80065404375,0.00018902328612685815,18.60304497213276,0.18603044972132762,97432.5169125,100385.017425,SL,-0.17673357567228656,0.018603044972132762,0.01840780601515023,0.0092968740490412,0.00920850726120507,0.018505381310246267,-0.23224980796981587,-1.2484504999999975,0 days 01:45:00
5m,VALIDATION,129,CLOSED,BTCUSDT,LONG,2024-11-21 17:50:00+00:00,2024-11-21 17:55:00+00:00,97799.0,97847.8995,2024-11-24 12:30:00+00:00,96869.420505,96820.98579474751,0.0001877508589947107,18.371027181953124,0.18371027181953126,96869.420505,99804.85749,SL,-0.17452934869011905,0.018371027181953124,0.01817822325167853,0.009180923129411768,0.009093658455065228,0.018274581584476996,-0.2293531807082277,-1.248450499999989,2 days 18:35:00
5m,VALIDATION,130,CLOSED,BTCUSDT,LONG,2024-11-24 20:55:00+00:00,2024-11-24 21:00:00+00:00,96826.48,96874.89323999999,2024-11-25 09:20:00+00:00,98812.39110479999,98762.98490924759,0.00018727146444803196,18.14190312530155,0.1814190312530155,95906.14430759999,98812.39110479999,TP,0.3719044808595033,0.01814190312530155,0.018495488817213676,0.00906641835347299,0.00925237059390265,0.01831878894737564,0.3169482999696124,1.7470510000000021,0 days 12:20:00
5m,VALIDATION,131,CLOSED,BTCUSDT,LONG,2024-11-26 01:55:00+00:00,2024-11-26 02:00:00+00:00,94857.15,94904.57857499999,2024-11-26 07:10:00+00:00,93955.53278924999,93908.55502285538,0.00019449572476648938,18.458534793602862,0.18458534793602863,93955.53278924999,96802.6701465,SL,-0.1753606928667623,0.018458534793602863,0.018264812470944004,0.009224655069266428,0.009136974722831507,0.018361629792097933,-0.23044566992340712,-1.2484504999999904,0 days 05:10:00
5m,VALIDATION,132,CLOSED,BTCUSDT,LONG,2024-11-26 16:20:00+00:00,2024-11-26 16:25:00+00:00,93800.01,93846.91000499998,2024-11-26 18:15:00+00:00,92908.44090494998,92861.9866844975,0.00019423462464734066,18.22831933913393,0.1822831933913393,92908.44090494998,95723.84820509999,SL,-0.17317358852420864,0.01822831933913393,0.01803701312766972,0.009109604867131185,0.00902301807287166,0.018132622940002847,-0.22757154393101514,-1.2484505000000048,0 days 01:50:00
5m,VALIDATION,133,CLOSED,BTCUSDT,LONG,2024-11-27 00:10:00+00:00,2024-11-27 00:15:00+00:00,92427.99,92474.203995,2024-11-27 14:05:00+00:00,94323.68807490001,94276.52623086257,0.0001946594224306699,18.000975139402648,0.18000975139402647,91549.46195505,94323.68807490001,TP,0.3690154923629681,0.018000975139402648,0.018351814144869607,0.008995989574913526,0.0091804973210942,0.018176486896007725,0.3144862161826882,1.7470510000000157,0 days 13:50:00
5m,VALIDATION,134,CLOSED,BTCUSDT,LONG,2024-11-27 14:30:00+00:00,2024-11-27 14:35:00+00:00,94584.0,94631.292,2024-11-27 18:10:00+00:00,96523.91784000001,96475.65588108002,0.0001935421866959314,18.3151471835412,0.183151471835412,93684.97908,96523.91784000001,TP,0.37545594076404976,0.0183151471835412,0.01867210940214842,0.009152997093224235,0.009340725063603962,0.018493722156828197,0.3199749620215319,1.7470510000000194,0 days 03:35:00
5m,VALIDATION,135,CLOSED,BTCUSDT,LONG,2024-11-27 19:55:00+00:00,2024-11-27 20:00:00+00:00,96627.99,96676.303995,2024-11-28 02:55:00+00:00,95709.54095504999,95661.68618457246,0.00019275460190554857,18.634802490256018,0.18634802490256017,95709.54095504999,98609.83007489999,SL,-0.1770352800298715,0.01863480249025602,0.01843923023812078,0.009312744872689644,0.009224227232677015,0.01853697210536666,-0.23264628486361494,-1.2484505000000068,0 days 06:55:00
5m,VALIDATION,136,CLOSED,BTCUSDT,LONG,2024-11-28 14:00:00+00:00,2024-11-28 14:05:00+00:00,95864.3,95912.23215,2024-11-28 15:50:00+00:00,94953.10982849999,94905.63327358574,0.0001918669621877151,18.4023886192634,0.18402388619263402,94953.10982849999,97830.476793,SL,-0.17482729018101065,0.018402388619263403,0.018209255550704233,0.009196596011624597,0.009109182366534744,0.01830577837815934,-0.22974471272913763,-1.2484505000000032,0 days 01:45:00
5m,VALIDATION,137,CLOSED,BTCUSDT,LONG,2024-11-28 22:35:00+00:00,2024-11-28 22:40:00+00:00,95489.28,95537.02463999999,2024-11-29 12:10:00+00:00,97447.76513279999,97399.0412502336,0.0001902181221386193,18.172873421731797,0.18172873421731797,94581.6543936,97447.76513279999,TP,0.3725393641976191,0.018172873421731798,0.018527062724721353,0.009081895762982484,0.00926816544508233,0.018350061208064816,0.31748936684310114,1.7470510000000086,0 days 13:30:00
5m,VALIDATION,138,CLOSED,BTCUSDT,LONG,2024-11-29 12:10:00+00:00,2024-11-29 12:15:00+00:00,97400.01,97448.71000499999,2024-11-30 01:50:00+00:00,96474.22290494999,96425.98579349752,0.0001897413071494897,18.490045616380254,0.18490045616380255,96474.22290494999,99397.68420509998,SL,-0.17566005355691727,0.018490045616380252,0.018295992587636343,0.009240402606885073,0.009152572580107689,0.01839297518699276,-0.23083906694792664,-1.2484504999999961,0 days 13:35:00
5m,VALIDATION,139,CLOSED,BTCUSDT,LONG,2024-11-30 05:45:00+00:00,2024-11-30 05:50:00+00:00,96915.0,96963.45749999999,2024-12-01 02:30:00+00:00,95993.82292499999,95945.82601353749,0.0001883125625743164,18.259437157890815,0.18259437157890815,95993.82292499999,98902.72665,SL,-0.1734692155779659,0.018259437157890815,0.01806780436491875,0.009125156000942963,0.009038421393155624,0.018163577394098587,-0.2279600344948741,-1.2484505000000024,0 days 20:40:00
5m,VALIDATION,140,CLOSED,BTCUSDT,LONG,2024-12-01 08:05:00+00:00,2024-12-01 08:10:00+00:00,96523.77,96572.031885,2024-12-02 08:15:00+00:00,95606.31156615,95558.50841036694,0.0001867176707762623,18.031704855698134,0.18031704855698136,95606.31156615,98503.4725227,SL,-0.1713057018025093,0.018031704855698133,0.017842462113237586,0.009011346754471811,0.008925693903569473,0.017937040658041283,-0.22511690942948634,-1.2484504999999928,1 days 00:05:00
5m,VALIDATION,141,CLOSED,BTCUSDT,LONG,2024-12-02 14:25:00+00:00,2024-12-02 14:30:00+00:00,95898.26,95946.20912999999,2024-12-02 17:55:00+00:00,94986.74703869999,94939.25366518064,0.00018559162472129727,17.806812838286064,0.17806812838286065,94986.74703869999,97865.1333126,SL,-0.16916917144218846,0.017806812838286064,0.017619930337548252,0.008898956940671509,0.00881437235495125,0.01771332929562276,-0.2223092439136455,-1.2484504999999941,0 days 03:25:00
5m,VALIDATION,142,CLOSED,BTCUSDT,LONG,2024-12-03 02:40:00+00:00,2024-12-03 02:45:00+00:00,96144.0,96192.072,2024-12-03 09:20:00+00:00,95230.15128,95182.53620436,0.00018280847179930976,17.584725681529175,0.17584725681529176,95230.15128,98115.91344,SL,-0.1670592879589543,0.017584725681529176,0.017400173985501526,0.00878796885633644,0.008704439212357312,0.017492408068693753,-0.21953659569467876,-1.2484504999999964,0 days 06:35:00
5m,VALIDATION,143,CLOSED,BTCUSDT,LONG,2024-12-03 15:10:00+00:00,2024-12-03 15:15:00+00:00,95839.8,95887.7199,2024-12-03 16:50:00+00:00,94928.842701,94881.3782796495,0.0001811014843321237,17.365408403112916,0.17365408403112917,94928.842701,97805.474298,SL,-0.1649757190120825,0.017365408403112917,0.017183158441922246,0.008678365019045758,0.008595877159539874,0.017274242178585635,-0.21679852803570332,-1.248450499999989,0 days 01:35:00
5m,VALIDATION,144,CLOSED,BTCUSDT,LONG,2024-12-03 21:15:00+00:00,2024-12-03 21:20:00+00:00,95963.31,96011.291655,2024-12-04 16:15:00+00:00,95051.17873844999,95003.65314908077,0.00017861260026210925,17.1488264570233,0.171488264570233,95051.17873844999,97931.5174881,SL,-0.16291813640580474,0.0171488264570233,0.01696884952335684,0.008570128164428713,0.008488669096226155,0.017058797260654866,-0.2140946096468397,-1.2484505000000001,0 days 18:55:00
5m,VALIDATION,145,CLOSED,BTCUSDT,LONG,2024-12-04 19:15:00+00:00,2024-12-04 19:20:00+00:00,96648.7,96697.02434999999,2024-12-04 20:20:00+00:00,98630.96483699999,98581.6493545815,0.0001751340937525487,16.934945728105383,0.16934945728105383,95730.05410649999,98630.96483699999,TP,0.3471621558055378,0.016934945728105385,0.017265007820346158,0.008463241243430156,0.00863682232133189,0.01710006356476205,0.2958621386923242,1.7470510000000108,0 days 01:00:00
5m,VALIDATION,146,CLOSED,BTCUSDT,LONG,2024-12-04 20:20:00+00:00,2024-12-04 20:25:00+00:00,98598.49,98647.78924499999,2024-12-04 21:45:00+00:00,97661.31135255,97612.48069687372,0.00017466698881038454,17.230512300225584,0.17230512300225584,97661.31135255,100620.74502989999,SL,-0.16369417232748246,0.017230512300225584,0.01704967807363472,0.008610950674773209,0.008529103588610634,0.017140054263383844,-0.2151144169647266,-1.248450499999993,0 days 01:20:00
5m,VALIDATION,147,CLOSED,BTCUSDT,LONG,2024-12-05 02:25:00+00:00,2024-12-05 02:30:00+00:00,99211.99,99261.595995,2024-12-05 02:40:00+00:00,101246.8279149,101196.20450094256,0.0001714219141069968,17.015612782778305,0.17015612782778305,98268.98003505,101246.8279149,TP,0.34881581026964753,0.017015612782778307,0.01734724707591466,0.008503554614080535,0.008677962519214735,0.01718151713329527,0.29727143327765926,1.747051000000018,0 days 00:10:00
5m,VALIDATION,148,CLOSED,BTCUSDT,LONG,2024-12-05 02:40:00+00:00,2024-12-05 02:45:00+00:00,101312.02,101362.67601,2024-12-05 03:05:00+00:00,103389.9295302,103338.2345654349,0.0001707984430076527,17.31258724159715,0.1731258724159715,100349.0492499,103389.9295302,TP,0.3549037124689216,0.01731258724159715,0.017650009566935878,0.008651967636978635,0.008829419493212982,0.017481387130191615,0.302459728530197,1.747051000000009,0 days 00:20:00
5m,VALIDATION,149,CLOSED,BTCUSDT,LONG,2024-12-05 03:05:00+00:00,2024-12-05 03:10:00+00:00,103264.01,103315.64200499999,2024-12-05 05:40:00+00:00,102282.48558494999,102231.34434215752,0.000170494462123208,17.61474481255639,0.17614744812556388,102282.48558494999,105381.95484509999,SL,-0.1673444772047474,0.01761474481255639,0.01742987806574861,0.008802970920816458,0.008719298682213892,0.017522269603030348,-0.21991136968608277,-1.2484504999999915,0 days 02:30:00
5m,VALIDATION,150,CLOSED,BTCUSDT,LONG,2024-12-06 08:15:00+00:00,2024-12-06 08:20:00+00:00,98460.01,98509.24000499999,2024-12-06 12:55:00+00:00,97524.14760494999,97475.38553114752,0.00017658295946314684,17.395053134548316,0.17395053134548316,97524.14760494999,100479.42480509999,SL,-0.16525735136819839,0.017395053134548318,0.017212492051901233,0.008693179977283812,0.008610551301600657,0.017303731278884467,-0.2171686278335324,-1.2484504999999901,0 days 04:35:00
5m,VALIDATION,151,CLOSED,BTCUSDT,LONG,2024-12-06 13:35:00+00:00,2024-12-06 13:40:00+00:00,98679.74,98729.07987,2024-12-06 17:40:00+00:00,100703.6614674,100653.30963666631,0.00017399231797774218,17.178101458390945,0.17178101458390946,97741.7890713,100703.6614674,TP,0.3521467875178386,0.017178101458390944,0.017512902655814986,0.008584758350019792,0.008760831743778098,0.01734559009379789,0.3001101933098348,1.747051000000007,0 days 04:00:00
5m,VALIDATION,152,CLOSED,BTCUSDT,LONG,2024-12-06 17:40:00+00:00,2024-12-06 17:45:00+00:00,100636.01,100686.32800499999,2024-12-06 23:20:00+00:00,99679.46472494998,99629.62499258752,0.00017358773715980502,17.47791184131785,0.17477911841317853,99679.46472494998,102700.05456509998,SL,-0.16604452978683482,0.01747791184131785,0.017294481156543223,0.008734588626344663,0.008651566361450905,0.01738615498779557,-0.21820307777249148,-1.2484504999999975,0 days 05:35:00
5m,VALIDATION,153,CLOSED,BTCUSDT,LONG,2024-12-07 09:15:00+00:00,2024-12-07 09:20:00+00:00,99667.99,99717.823995,2024-12-08 09:55:00+00:00,98720.64575504999,98671.28543217247,0.00017308767938521686,17.259926748638044,0.17259926748638044,98720.64575504999,101712.1804749,SL,-0.16397361693733845,0.017259926748638046,0.01707878381741109,0.008625650549043391,0.008543663740574503,0.017169314289617894,-0.21548164179300547,-1.2484505000000004,1 days 00:35:00
5m,VALIDATION,154,CLOSED,BTCUSDT,LONG,2024-12-08 12:45:00+00:00,2024-12-08 12:50:00+00:00,99989.98,100039.97498999999,2024-12-09 02:50:00+00:00,99039.57524009999,98990.05545247995,0.00017037849494588785,17.04466037322046,0.1704466037322046,99039.57524009999,102040.7744898,SL,-0.1619285325811706,0.01704466037322046,0.016865776662603513,0.008518071151033344,0.008437106884742427,0.016955178035775773,-0.21279414765277038,-1.2484504999999864,0 days 14:00:00
5m,VALIDATION,155,CLOSED,BTCUSDT,LONG,2024-12-09 13:45:00+00:00,2024-12-09 13:50:00+00:00,99127.99,99177.553995,2024-12-09 15:25:00+00:00,98185.77845505,98136.68556582247,0.00016971661559612937,16.83207880713378,0.1683207880713378,98185.77845505,101161.1050749,SL,-0.15990895458451643,0.01683207880713378,0.01665542614005291,0.0084118334868217,0.008331879009531395,0.016743712496353095,-0.2101401720280562,-1.248450500000003,0 days 01:35:00
5m,VALIDATION,156,CLOSED,BTCUSDT,LONG,2024-12-10 00:25:00+00:00,2024-12-10 00:30:00+00:00,97573.03,97621.816515,2024-12-10 02:55:00+00:00,96645.59834985,96597.27555067508,0.00017027083861724136,16.622148565347512,0.16622148565347514,96645.59834985,99574.2528453,SL,-0.15791456483121247,0.01662214856534751,0.01644769911615419,0.008306920822262587,0.008227963539845387,0.016534884362107975,-0.20751929687482212,-1.2484504999999895,0 days 02:25:00
5m,VALIDATION,157,CLOSED,BTCUSDT,LONG,2024-12-10 09:10:00+00:00,2024-12-10 09:15:00+00:00,97639.98,97688.79998999998,2024-12-10 15:30:00+00:00,96711.91199009998,96663.55603410493,0.00016803191954592445,16.41483658045758,0.1641483658045758,96711.91199009998,99642.57598979998,SL,-0.15594504917266577,0.016414836580457583,0.01624256287054568,0.008203316631910996,0.008125344107326802,0.016328660739237798,-0.20493110936290684,-1.2484505000000077,0 days 06:15:00
5m,VALIDATION,158,CLOSED,BTCUSDT,LONG,2024-12-10 20:45:00+00:00,2024-12-10 20:50:00+00:00,96533.41,96581.676705,2024-12-11 13:30:00+00:00,98513.31023910001,98464.05358398047,0.00016783835972313853,16.210110197477658,0.1621011019747766,95615.85993795001,98513.31023910001,TP,0.33230320854599554,0.01621011019747766,0.016526045245226502,0.008101004596440914,0.008267156200713383,0.016368160797154297,0.2831988923061371,1.7470510000000103,0 days 16:40:00
5m,VALIDATION,159,CLOSED,BTCUSDT,LONG,2024-12-11 13:30:00+00:00,2024-12-11 13:35:00+00:00,98783.99,98833.381995,2024-12-11 16:20:00+00:00,100810.0496349,100759.64461008256,0.00016687707979720713,16.49302617380747,0.16493026173807468,97845.04817505,100810.0496349,TP,0.3381029153671071,0.01649302617380747,0.016814475253934976,0.008242391890957945,0.008411443348641183,0.016653835239599128,0.28814157869976553,1.7470510000000026,0 days 02:45:00
5m,VALIDATION,160,CLOSED,BTCUSDT,LONG,2024-12-11 16:20:00+00:00,2024-12-11 16:25:00+00:00,101020.48,101070.99023999998,2024-12-11 17:55:00+00:00,100060.28033759998,100010.25019743119,0.0001660306271753637,16.78087989878226,0.1678087989878226,100060.28033759998,103092.41004479998,SL,-0.15942255216184725,0.01678087989878226,0.016604764564244544,0.008386246825976267,0.0083065355498956,0.016692782375871865,-0.20950097900074593,-1.248450499999996,0 days 01:30:00
5m,VALIDATION,161,CLOSED,BTCUSDT,LONG,2024-12-11 19:50:00+00:00,2024-12-11 19:55:00+00:00,101100.01,101150.56000499999,2024-12-12 19:25:00+00:00,100139.05440494999,100088.98487774751,0.0001638309091976325,16.571588211468832,0.16571588211468832,100139.05440494999,103173.5712051,SL,-0.15743422883559463,0.016571588211468834,0.016397669393189464,0.008281653279094432,0.008202936164677072,0.016484589443771503,-0.2068880758840244,-1.2484505000000043,0 days 23:30:00
5m,VALIDATION,162,CLOSED,BTCUSDT,LONG,2024-12-13 07:45:00+00:00,2024-12-13 07:50:00+00:00,100199.99,100250.089995,2024-12-14 01:15:00+00:00,102255.0917949,102203.96424900256,0.00016324081921318474,16.364906816979296,0.16364906816979297,99247.58909505,102255.0917949,TP,0.33547650056596146,0.016364906816979295,0.016683858850842226,0.008178364226375946,0.008346102476658046,0.016524466703033994,0.285903268195106,1.7470510000000061,0 days 17:25:00
5m,VALIDATION,163,CLOSED,BTCUSDT,LONG,2024-12-14 01:15:00+00:00,2024-12-14 01:20:00+00:00,102268.0,102319.13399999999,2024-12-14 12:40:00+00:00,101295.94265999999,101245.29468867,0.0001627312880455366,16.65052446752386,0.16650524467523858,101295.94265999999,104365.51667999999,SL,-0.1581841429923204,0.01665052446752386,0.016475777213237196,0.008321101682918991,0.008242009611423054,0.016563111294342046,-0.2078735559674235,-1.2484504999999972,0 days 11:20:00
5m,VALIDATION,164,CLOSED,BTCUSDT,LONG,2024-12-15 01:20:00+00:00,2024-12-15 01:25:00+00:00,101620.28,101671.09014,2024-12-15 23:05:00+00:00,103704.5119428,103652.65968682861,0.00016172599855873357,16.44285857744651,0.16442858577446512,100654.3792386,103704.5119428,TP,0.33707449217734003,0.016442858577446512,0.01676332989112095,0.00821732062840928,0.008385857874495981,0.016603178502905262,0.28726512520586733,1.747051000000014,0 days 21:40:00
5m,VALIDATION,165,CLOSED,BTCUSDT,LONG,2024-12-15 23:05:00+00:00,2024-12-15 23:10:00+00:00,103547.98,103599.75399,2024-12-16 00:30:00+00:00,105671.7490698,105618.91319526511,0.00016148529393342166,16.729836724505322,0.16729836724505323,102563.7564501,105671.7490698,TP,0.3429574724833638,0.01672983672450532,0.01705590124226593,0.008360737993256276,0.008532216729497067,0.016892954722753345,0.29227877979383915,1.74705100000001,0 days 01:20:00
5m,VALIDATION,166,CLOSED,BTCUSDT,LONG,2024-12-16 00:30:00+00:00,2024-12-16 00:35:00+00:00,106223.75,106276.86187499999,2024-12-16 00:55:00+00:00,105214.09325624998,105161.48620962186,0.00016016490529732405,17.021823517506164,0.17021823517506163,105214.09325624998,108402.39911249999,SL,-0.1617115767455265,0.017021823517506165,0.016843179479689933,0.008506658429536355,0.008425802641165311,0.016932461070701666,-0.21250904081342428,-1.248450500000006,0 days 00:20:00
5m,VALIDATION,167,CLOSED,BTCUSDT,LONG,2024-12-16 06:30:00+00:00,2024-12-16 06:35:00+00:00,105244.27,105296.892135,2024-12-16 11:35:00+00:00,104243.92321365,104191.80125204318,0.00015963934388382042,16.80952677343681,0.16809526773436811,104243.92321365,107402.8299777,SL,-0.15969470462920185,0.016809526773436813,0.016633110789949595,0.008400563105165472,0.008320715752851463,0.016721278858016934,-0.20985862105060518,-1.2484504999999966,0 days 05:00:00
5m,VALIDATION,168,CLOSED,BTCUSDT,LONG,2024-12-16 14:40:00+00:00,2024-12-16 14:45:00+00:00,105388.32,105441.01416,2024-12-16 18:20:00+00:00,107549.8344432,107496.0595259784,0.00015743283516003585,16.599877801358286,0.16599877801358287,104386.6040184,107549.8344432,TP,0.3402933470323414,0.016599877801358288,0.01692340941970676,0.008295791005176413,0.008465937678692572,0.016761728683868986,0.2900083311274073,1.7470509999999961,0 days 03:35:00
5m,VALIDATION,169,CLOSED,BTCUSDT,LONG,2024-12-16 18:20:00+00:00,2024-12-16 18:25:00+00:00,107572.0,107625.786,2024-12-16 19:00:00+00:00,106549.52814,106496.25337593,0.00015692890190714315,16.88959641387318,0.16889596413873179,106549.52814,109778.30171999999,SL,-0.160455386220755,0.01688959641387318,0.016712340099509584,0.008440577917976469,0.008360350224866645,0.016800928142843112,-0.21085825087698087,-1.2484504999999948,0 days 00:35:00
5m,VALIDATION,170,CLOSED,BTCUSDT,LONG,2024-12-17 01:35:00+00:00,2024-12-17 01:40:00+00:00,106396.37,106449.568185,2024-12-17 22:45:00+00:00,105385.07250314999,105332.37996689841,0.0001566840438620937,16.678948810599476,0.16678948810599475,105385.07250314999,108578.5595487,SL,-0.15845418135407185,0.016678948810599475,0.01650390324283223,0.008335306751923949,0.008256079661246866,0.016591386413170817,-0.2082284198206744,-1.248450500000007,0 days 21:05:00
5m,VALIDATION,171,CLOSED,BTCUSDT,LONG,2024-12-18 10:40:00+00:00,2024-12-18 10:45:00+00:00,104500.0,104552.25,2024-12-18 16:15:00+00:00,103506.7275,103454.97413625,0.00015753777093442008,16.47092841117822,0.1647092841117822,103506.7275,106643.295,SL,-0.15647793558045978,0.016470928411178223,0.01629806601750291,0.00823134853132345,0.008153109563531224,0.016384458094854674,-0.2056313881039956,-1.2484504999999941,0 days 05:30:00
5m,VALIDATION,172,CLOSED,BTCUSDT,LONG,2024-12-19 07:20:00+00:00,2024-12-19 07:25:00+00:00,101434.24,101484.95712,2024-12-19 15:05:00+00:00,100470.1075488,100419.87249502561,0.0001602750093277703,16.265502449036372,0.16265502449036373,100470.1075488,103514.6562624,SL,-0.1545263376092859,0.01626550244903637,0.016094796000833737,0.008128686881077832,0.008051423712271627,0.016180110593349457,-0.20306674665250551,-1.248450499999992,0 days 07:40:00
5m,VALIDATION,173,CLOSED,BTCUSDT,LONG,2024-12-20 14:35:00+00:00,2024-12-20 14:40:00+00:00,96204.01,96252.11200499999,2024-12-20 14:45:00+00:00,95289.59088494998,95241.94608950752,0.00016688089468033945,16.06263856626664,0.16062638566266638,95289.59088494998,98177.15424509998,SL,-0.15259908003235023,0.01606263856626664,0.015894061174513672,0.008027305630317054,0.007951006090300434,0.015978311720617488,-0.200534091493748,-1.248450499999996,0 days 00:05:00
5m,VALIDATION,174,CLOSED,BTCUSDT,LONG,2024-12-20 15:10:00+00:00,2024-12-20 15:15:00+00:00,96337.89,96386.058945,2024-12-20 21:10:00+00:00,95422.19835554999,95374.48725637222,0.00016457053003465997,15.862304808530627,0.15862304808530628,95422.19835554999,98313.7801239,SL,-0.15069585927544743,0.01586230480853063,0.0156958299195651,0.007927188809859993,0.007851840880222427,0.01577902969008242,-0.19803302369362558,-1.2484505000000057,0 days 05:55:00
5m,VALIDATION,175,CLOSED,BTCUSDT,LONG,2024-12-20 23:20:00+00:00,2024-12-20 23:25:00+00:00,97755.98,97804.85798999999,2024-12-21 13:20:00+00:00,96826.80941009999,96778.39600539494,0.00016016044542109672,15.664469620025509,0.1566446962002551,96826.80941009999,99760.9551498,SL,-0.14881637555056848,0.01566446962002551,0.015500071011363342,0.007828320649686884,0.007753912461912076,0.01558223311159896,-0.19556314929355628,-1.2484504999999981,0 days 13:55:00
5m,VALIDATION,176,CLOSED,BTCUSDT,LONG,2024-12-22 09:35:00+00:00,2024-12-22 09:40:00+00:00,97002.5,97051.00125,2024-12-22 14:20:00+00:00,96080.4912375,96032.45099188125,0.000159391470868658,15.469101838513465,0.15469101838513466,96080.4912375,98992.021275,SL,-0.14696033280866638,0.015469101838513466,0.015306753614718269,0.007730685576468684,0.007657205410063199,0.015387890986531882,-0.19312407924843,-1.2484504999999964,0 days 04:40:00
5m,VALIDATION,177,CLOSED,BTCUSDT,LONG,2024-12-23 03:50:00+00:00,2024-12-23 03:55:00+00:00,95852.05,95899.976025,2024-12-23 06:35:00+00:00,94940.97626474999,94893.50577661762,0.00015929274775241677,15.27617069041314,0.1527617069041314,94940.97626474999,97817.9755455,SL,-0.1451274386930327,0.01527617069041314,0.015115847279017254,0.007634268211099966,0.007561704491753791,0.015195972702853756,-0.19071542936531685,-1.2484505000000037,0 days 02:40:00
5m,VALIDATION,178,CLOSED,BTCUSDT,LONG,2024-12-23 09:05:00+00:00,2024-12-23 09:10:00+00:00,96091.99,96140.035995,2024-12-23 13:35:00+00:00,95178.63563505,95131.04631723248,0.00015691325294216505,15.085645785952288,0.15085645785952287,95178.63563505,98062.8367149,SL,-0.14331740449323083,0.015085645785952288,0.01492732193342872,0.007539053366291919,0.007467394664045196,0.015006448030337115,-0.18833682024294895,-1.2484504999999915,0 days 04:25:00
5m,VALIDATION,179,CLOSED,BTCUSDT,LONG,2024-12-23 22:20:00+00:00,2024-12-23 22:25:00+00:00,94743.97,94791.34198499999,2024-12-24 02:15:00+00:00,93843.42856515,93796.50685086743,0.00015716094742849326,14.89749711438091,0.1489749711438091,93843.42856515,96687.1688247,SL,-0.14152994509964156,0.01489749711438091,0.014741147882165484,0.007445026044166906,0.00737426107161706,0.014819287115783966,-0.18598787721197194,-1.248450499999986,0 days 03:50:00
5m,VALIDATION,180,CLOSED,BTCUSDT,LONG,2024-12-24 13:10:00+00:00,2024-12-24 13:15:00+00:00,94581.56,94628.85078,2024-12-24 14:20:00+00:00,96521.4277956,96473.16708170221,0.00015546733282692916,14.711695039244075,0.14711695039244074,93682.5622722,96521.4277956,TP,0.301586072218787,0.014711695039244075,0.014998425975558945,0.0073521714339044196,0.007502964470013078,0.014855135903917498,0.25702081530006654,1.7470510000000172,0 days 01:05:00
5m,VALIDATION,181,CLOSED,BTCUSDT,LONG,2024-12-24 14:20:00+00:00,2024-12-24 14:25:00+00:00,96599.99,96648.289995,2024-12-24 16:25:00+00:00,98581.2557949,98531.96516700256,0.00015487557091043485,14.968459090492894,0.14968459090492894,95681.80709505,98581.2557949,TP,0.3068496711104538,0.014968459090492894,0.015260194358166604,0.00748048930059521,0.0076339141361499155,0.015114403436745125,0.26150661422504917,1.7470510000000143,0 days 02:00:00
5m,VALIDATION,182,CLOSED,BTCUSDT,LONG,2024-12-24 17:05:00+00:00,2024-12-24 17:10:00+00:00,98682.98,98732.32148999999,2024-12-24 19:55:00+00:00,97744.99827509999,97696.12577596244,0.00015425247000691272,15.229704459349087,0.15229704459349086,97744.99827509999,100706.9679198,SL,-0.14468599788717018,0.015229704459349087,0.015069868711048219,0.007611046706320089,0.007538703707377693,0.015149750413697781,-0.19013532147126527,-1.2484504999999955,0 days 02:45:00
5m,VALIDATION,183,CLOSED,BTCUSDT,LONG,2024-12-25 06:15:00+00:00,2024-12-25 06:20:00+00:00,98546.79,98596.06339499999,2024-12-26 08:00:00+00:00,97610.10276104999,97561.29770966947,0.0001525391437080095,15.03975908325392,0.1503975908325392,97610.10276104999,100567.9846629,SL,-0.14288146935165358,0.01503975908325392,0.01488191681167517,0.007516121480885987,0.007444680746210086,0.014960802227096073,-0.18776394747367875,-1.2484504999999984,1 days 01:40:00
5m,VALIDATION,184,CLOSED,BTCUSDT,LONG,2024-12-26 16:10:00+00:00,2024-12-26 16:15:00+00:00,96339.01,96387.179505,2024-12-26 20:50:00+00:00,95423.30770995,95375.59605609502,0.00015408877807635094,14.852182712151345,0.14852182712151346,95423.30770995,98314.92309509999,SL,-0.141099446955521,0.014852182712151345,0.014696309054587317,0.007422380165992373,0.007351830442514829,0.014774210608507202,-0.1854221493307669,-1.248450499999999,0 days 04:35:00
5m,VALIDATION,185,CLOSED,BTCUSDT,LONG,2024-12-27 01:35:00+00:00,2024-12-27 01:40:00+00:00,96030.18,96078.19509,2024-12-27 07:35:00+00:00,95117.4131391,95069.85443253045,0.00015265634190977391,14.666945799733,0.14666945799733,95117.4131391,97999.7589918,SL,-0.13933965000146079,0.014666945799733001,0.014513016203564804,0.007329807995868686,0.007260138170866855,0.014589946166735542,-0.1831095581714941,-1.2484504999999895,0 days 05:55:00
5m,VALIDATION,186,CLOSED,BTCUSDT,LONG,2024-12-27 09:05:00+00:00,2024-12-27 09:10:00+00:00,97146.07,97194.643035,2024-12-27 10:35:00+00:00,96222.69660465,96174.58525634768,0.00014902075583504454,14.484019168193047,0.14484019168193046,96222.69660465,99138.5358957,SL,-0.13760180129302915,0.014484019168193047,0.014332009387022863,0.007238390388901176,0.0071695894882550905,0.014407979877156266,-0.18082580972540133,-1.248450499999996,0 days 01:25:00
5m,VALIDATION,187,CLOSED,BTCUSDT,LONG,2024-12-28 05:30:00+00:00,2024-12-28 05:35:00+00:00,94752.87,94800.246435,2024-12-29 16:30:00+00:00,93852.24397064999,93805.31784866466,0.0001508790803981649,14.30337400363221,0.1430337400363221,93852.24397064999,96696.2513637,SL,-0.13588562709098004,0.014303374003632211,0.01415326009346409,0.007148112945343179,0.007080170131797419,0.014228283077140597,-0.17857054426521696,-1.2484505000000043,1 days 10:55:00
5m,VALIDATION,188,CLOSED,BTCUSDT,LONG,2024-12-30 01:30:00+00:00,2024-12-30 01:35:00+00:00,93955.61,94002.58780499999,2024-12-30 13:35:00+00:00,93062.56192694999,93016.03064598652,0.00015026162769923022,14.124981851519106,0.14124981851519106,93062.56192694999,95882.63956109999,SL,-0.13419085707015602,0.014124981851519107,0.013976740166987415,0.007058961445035189,0.006991866016500209,0.014050827461535399,-0.17634340655019792,-1.2484504999999886,0 days 12:00:00
5m,VALIDATION,189,CLOSED,BTCUSDT,LONG,2024-12-30 18:10:00+00:00,2024-12-30 18:15:00+00:00,94424.81,94472.022405,2024-12-30 21:35:00+00:00,93527.30218094999,93480.53852985952,0.00014765021703896507,13.94881461220822,0.1394881461220822,93527.30218094999,96361.46285309999,SL,-0.1325172242769016,0.01394881461220822,0.013802421802853095,0.006970921845181283,0.006904663233042387,0.01387558507822367,-0.1741440457701866,-1.2484505000000001,0 days 03:20:00
5m,VALIDATION,190,CLOSED,BTCUSDT,LONG,2024-12-31 06:05:00+00:00,2024-12-31 06:10:00+00:00,92899.0,92945.44949999999,2024-12-31 12:25:00+00:00,94804.35848999998,94756.95631075499,0.0001482035388565605,13.77484453651373,0.1377484453651373,92015.99500499999,94804.35848999998,TP,0.2823808710083901,0.013774844536513729,0.014043316256530382,0.0068839802781160125,0.007025170713620969,0.013909150991736981,0.24065355922360898,1.7470510000000035,0 days 06:15:00
5m,VALIDATION,191,CLOSED,BTCUSDT,LONG,2024-12-31 12:25:00+00:00,2024-12-31 12:30:00+00:00,94802.95,94850.35147499999,2024-12-31 17:35:00+00:00,93901.84796024999,93854.89703626986,0.00014776178964698205,14.015257682591262,0.14015257682591262,93901.84796024999,96747.35850449999,SL,-0.13314845004800752,0.014015257682591263,0.013868167553212466,0.007004126777905419,0.006937552552882881,0.0139416793307883,-0.17497355461459954,-1.2484505000000037,0 days 05:05:00
15m,DEVELOPMENT,1,CLOSED,BTCUSDT,LONG,2024-01-01 15:30:00+00:00,2024-01-01 15:45:00+00:00,42845.95,42867.37297499999,2024-01-01 20:00:00+00:00,43724.72043449999,43702.85807428275,0.00046608920942443145,19.980019980019986,0.19980019980019986,42438.69924524999,43724.72043449999,TP,0.4095854170816667,0.019980019980019987,0.020369430569430576,0.009985017481266581,0.01018981018980773,0.020174827671074314,0.3490611388611418,1.7470510000000143,0 days 04:15:00
15m,DEVELOPMENT,2,CLOSED,BTCUSDT,LONG,2024-01-01 20:00:00+00:00,2024-01-01 20:15:00+00:00,43643.99,43665.811995,2024-01-02 00:00:00+00:00,44539.128234899996,44516.858670782545,0.0004655526023146543,20.328732406454694,0.20328732406454694,43229.15387505,44539.128234899996,TP,0.4167339346890403,0.020328732406454695,0.020724939401056495,0.010159286559946641,0.010367653527292128,0.02052694008723877,0.35515332279429024,1.7470509999999972,0 days 03:45:00
15m,DEVELOPMENT,3,CLOSED,BTCUSDT,LONG,2024-01-02 00:00:00+00:00,2024-01-02 00:15:00+00:00,44630.1,44652.415049999996,2024-01-02 07:15:00+00:00,45545.463351,45522.6906193245,0.0004632119205101028,20.683530930724718,0.2068353093072472,44205.890899499995,45545.463351,TP,0.4240072157812733,0.020683530930724718,0.021086652948564547,0.010336597166777779,0.010548600774668309,0.02088519794144609,0.361351833960538,1.747051000000012,0 days 07:00:00
15m,DEVELOPMENT,4,CLOSED,BTCUSDT,LONG,2024-01-02 08:00:00+00:00,2024-01-02 08:15:00+00:00,45646.37,45669.193185000004,2024-01-02 11:30:00+00:00,45212.50125315,45189.89500252343,0.00046080344990097593,21.044521773842142,0.21044521773842143,45212.50125315,46582.577048700005,SL,-0.19992821535269287,0.021044521773842143,0.02082365951782567,0.010517002385728714,0.010417038278051146,0.02093404066377986,-0.26273043730814055,-1.2484504999999975,0 days 03:15:00
15m,DEVELOPMENT,5,CLOSED,BTCUSDT,LONG,2024-01-03 09:30:00+00:00,2024-01-03 09:45:00+00:00,45415.0,45437.7075,2024-01-03 11:00:00+00:00,44983.33042499999,44960.8387597875,0.0004573746112631968,20.78205380450334,0.20782053804503342,44983.33042499999,46346.46165,SL,-0.19743470405977767,0.02078205380450334,0.02056394614982508,0.010385833985257577,0.010287116633227197,0.020672950618484773,-0.25945365463259085,-1.2484504999999992,0 days 01:15:00
15m,DEVELOPMENT,6,CLOSED,BTCUSDT,LONG,2024-01-04 14:45:00+00:00,2024-01-04 15:00:00+00:00,43676.07,43697.908035,2024-01-04 20:30:00+00:00,44571.8661957,44549.580262602154,0.0004696531314014636,20.52285934433093,0.2052285934433093,43260.92895465,44571.8661957,TP,0.42071348840802364,0.02052285934433093,0.02092284987295194,0.010256301521405078,0.010466658265607026,0.020722959787012104,0.3585448194037287,1.7470510000000083,0 days 05:30:00
15m,DEVELOPMENT,7,CLOSED,BTCUSDT,LONG,2024-01-06 18:30:00+00:00,2024-01-06 18:45:00+00:00,44045.54,44067.56277,2024-01-06 20:00:00+00:00,43626.887142299995,43605.07369872885,0.0004738416346301125,20.881045977101884,0.20881045977101884,43626.887142299995,44948.914025399994,SL,-0.19837515443513884,0.020881045977101883,0.020661899399572203,0.01043530533588108,0.010336117758664116,0.020771423094545195,-0.26068952290635816,-1.248450499999999,0 days 01:15:00
15m,DEVELOPMENT,8,CLOSED,BTCUSDT,LONG,2024-01-07 00:30:00+00:00,2024-01-07 00:45:00+00:00,44160.19,44182.270095,2024-01-07 17:00:00+00:00,43740.44739405,43718.57717035298,0.0004667170074998688,20.620616883289344,0.20620616883289344,43740.44739405,45065.9154969,SL,-0.19590101296918036,0.020620616883289346,0.020404203509099227,0.010305155863711661,0.010207205357226015,0.020512361220937678,-0.2574381945825066,-1.2484504999999824,0 days 16:15:00
15m,DEVELOPMENT,9,CLOSED,BTCUSDT,LONG,2024-01-08 11:45:00+00:00,2024-01-08 12:00:00+00:00,44636.0,44658.318,2024-01-08 17:45:00+00:00,45551.48436,45528.708617820004,0.0004559830459741097,20.36343586972041,0.2036343586972041,44211.73482,45551.48436,TP,0.4174453470144594,0.02036343586972041,0.020760319234821266,0.010176629620049862,0.010385352293556454,0.020561981913606316,0.35575960999631145,1.7470510000000117,0 days 05:45:00
15m,DEVELOPMENT,10,CLOSED,BTCUSDT,LONG,2024-01-08 17:45:00+00:00,2024-01-08 18:00:00+00:00,45648.01,45670.834005,2024-01-08 18:30:00+00:00,46584.2506851,46560.958559757455,0.0004536558293032848,20.718840075510933,0.20718840075510933,45214.12566495,46584.2506851,TP,0.42473104442651505,0.020718840075510933,0.021122650268582645,0.010354242916295024,0.010566608438508195,0.02092085135480322,0.3619687027276182,1.747051000000018,0 days 00:30:00
15m,DEVELOPMENT,11,CLOSED,BTCUSDT,LONG,2024-01-08 18:30:00+00:00,2024-01-08 18:45:00+00:00,46917.78,46941.23888999999,2024-01-09 00:30:00+00:00,46471.82650109999,46448.590587849445,0.0004490816107461906,21.08044717114292,0.21080447171142921,46471.82650109999,47880.063667799994,SL,-0.20026951560391576,0.02108044717114292,0.020859207878081775,0.0105349561075152,0.010434821349713233,0.02096977745722843,-0.2631789481103689,-1.2484504999999964,0 days 05:45:00
15m,DEVELOPMENT,12,CLOSED,BTCUSDT,LONG,2024-01-09 21:00:00+00:00,2024-01-09 21:15:00+00:00,47914.25,47938.207125,2024-01-09 21:15:00+00:00,47458.82505375,47435.095641223124,0.00043425760760686,20.81753113906463,0.20817531139064632,47458.82505375,48896.971267500005,SL,-0.19777174760300828,0.02081753113906463,0.020599051149760145,0.010403563787638851,0.01030467791383678,0.02070824170147563,-0.2598965715933087,-1.2484505000000028,0 days 00:00:00
15m,DEVELOPMENT,13,CLOSED,BTCUSDT,LONG,2024-01-10 22:45:00+00:00,2024-01-10 23:00:00+00:00,46902.69,46926.141345,2024-01-10 23:30:00+00:00,46456.87993154999,46433.65149158422,0.0004380904462880249,20.557894204405986,0.20557894204405988,46456.87993154999,47864.664171899996,SL,-0.19530513184695963,0.020557894204405985,0.020342139104730744,0.010273810197101827,0.010176157631180021,0.02044996782828185,-0.2566551329843782,-1.248450500000003,0 days 00:30:00
15m,DEVELOPMENT,14,CLOSED,BTCUSDT,LONG,2024-01-11 12:30:00+00:00,2024-01-11 12:45:00+00:00,47287.43,47311.073715,2024-01-11 13:30:00+00:00,46837.962977849995,46814.54399636107,0.00042910663140835166,20.30149547015586,0.20301495470155861,46837.962977849995,48257.2951893,SL,-0.19286927980393184,0.02030149547015586,0.020088431275196574,0.010145674897628403,0.010049240257727174,0.020194915155355576,-0.2534541217046398,-1.248450500000008,0 days 00:45:00
15m,DEVELOPMENT,15,CLOSED,BTCUSDT,LONG,2024-01-11 14:00:00+00:00,2024-01-11 14:15:00+00:00,47794.6,47818.497299999995,2024-01-11 14:45:00+00:00,48774.867245999994,48750.479812376994,0.00041925814656187466,20.048294549372006,0.20048294549372006,47340.31232699999,48774.867245999994,TP,0.41098502869327147,0.020048294549372007,0.020439035810139266,0.01001913770583179,0.010224630220179769,0.02024376792601156,0.3502539304077486,1.7470509999999975,0 days 00:30:00
15m,DEVELOPMENT,16,CLOSED,BTCUSDT,LONG,2024-01-11 14:45:00+00:00,2024-01-11 15:00:00+00:00,48571.21,48595.495605,2024-01-11 15:00:00+00:00,48109.540648949995,48085.48587862552,0.00041975492423323703,20.398198575753376,0.20398198575753376,48109.540648949995,49567.4055171,SL,-0.19378798347080234,0.02039819857575338,0.020184119481700843,0.01019400228673219,0.010097108294997416,0.020291110581729607,-0.25466141210998616,-1.2484505000000012,0 days 00:00:00
15m,DEVELOPMENT,17,CLOSED,BTCUSDT,LONG,2024-01-15 13:45:00+00:00,2024-01-15 14:00:00+00:00,42852.55,42873.976275,2024-01-15 14:15:00+00:00,42445.23651225,42424.01389399388,0.0004698372607533122,20.143791570648496,0.20143791570648495,42445.23651225,43731.4558005,SL,-0.1913710533523402,0.020143791570648495,0.01993238247811454,0.010066862354146227,0.009971176827469017,0.020038039181615244,-0.25148526658271847,-1.2484504999999975,0 days 00:15:00
15m,DEVELOPMENT,18,CLOSED,BTCUSDT,LONG,2024-01-15 18:15:00+00:00,2024-01-15 18:30:00+00:00,43154.7,43176.27735,2024-01-15 21:45:00+00:00,42744.5145765,42723.14231921175,0.000460728871478271,19.89255753809833,0.19892557538098332,42744.5145765,44039.802896999994,SL,-0.18898426726599127,0.01989255753809833,0.019683785146735994,0.009941308114991472,0.009846815981357318,0.01978812409634879,-0.24834873404717436,-1.2484504999999901,0 days 03:15:00
15m,DEVELOPMENT,19,CLOSED,BTCUSDT,LONG,2024-01-16 09:15:00+00:00,2024-01-16 09:30:00+00:00,43068.62,43090.15431,2024-01-16 14:30:00+00:00,42659.2527669,42637.92314051655,0.00045589200640494467,19.644456904684574,0.19644456904684574,42659.2527669,43951.9573962,SL,-0.18662724925440208,0.019644456904684575,0.01943828832946991,0.009817319792443994,0.009724006167818438,0.01954132596026243,-0.245251320448819,-1.2484504999999997,0 days 05:00:00
15m,DEVELOPMENT,20,CLOSED,BTCUSDT,LONG,2024-01-16 21:15:00+00:00,2024-01-16 21:30:00+00:00,43465.38,43487.112689999994,2024-01-17 00:30:00+00:00,43052.2415631,43030.71544231845,0.0004460965419534707,19.39945059054989,0.1939945059054989,43052.2415631,44356.8549438,SL,-0.18429962804915245,0.01939945059054989,0.019195853356602073,0.009694877856345476,0.009602728042321864,0.01929760589866734,-0.24219253789497175,-1.2484504999999932,0 days 03:00:00
15m,DEVELOPMENT,21,CLOSED,BTCUSDT,LONG,2024-01-18 07:00:00+00:00,2024-01-18 07:15:00+00:00,42908.74,42930.19437,2024-01-18 10:45:00+00:00,42500.89242629999,42479.641980086846,0.0004462476884714424,19.15750000324223,0.1915750000324223,42500.89242629999,43788.7982574,SL,-0.1820010370123132,0.01915750000324223,0.0189564420407082,0.009573963020110824,0.00948296250160373,0.019056925521714556,-0.2391719045779782,-1.248450500000003,0 days 03:30:00
15m,DEVELOPMENT,22,CLOSED,BTCUSDT,LONG,2024-01-19 20:00:00+00:00,2024-01-19 20:15:00+00:00,42162.85,42183.931424999995,2024-01-19 20:45:00+00:00,41762.092110749996,41741.211064694624,0.00044847804347661894,18.91856703163586,0.1891856703163586,41762.092110749996,43027.61005349999,SL,-0.17973111407866058,0.01891856703163586,0.018720016670638842,0.009454556237697588,0.009364690680658531,0.018819246918356118,-0.23618894469929141,-1.2484504999999912,0 days 00:30:00
15m,DEVELOPMENT,23,CLOSED,BTCUSDT,LONG,2024-01-20 20:30:00+00:00,2024-01-20 20:45:00+00:00,41780.0,41800.89,2024-01-22 01:15:00+00:00,41382.8811,41362.18965945,0.0004469429727436013,18.682614039928275,0.18682614039928275,41382.8811,42636.9078,SL,-0.1774895016986695,0.018682614039928276,0.01848654000557923,0.009336638700613572,0.009247893949764158,0.01858453265037773,-0.23324318839455474,-1.2484505,1 days 04:30:00
15m,DEVELOPMENT,24,CLOSED,BTCUSDT,LONG,2024-01-23 23:15:00+00:00,2024-01-23 23:30:00+00:00,39795.99,39815.887995,2024-01-26 10:30:00+00:00,40612.205754899995,40591.89965202255,0.0004633729094282364,18.44960386171194,0.18449603861711938,39417.729115049995,40612.205754899995,TP,0.37821226906917577,0.01844960386171194,0.018809186640976704,0.009220191834938203,0.009409297969471419,0.01862948980440962,0.3223239887620775,1.7470510000000026,2 days 11:00:00
15m,DEVELOPMENT,25,CLOSED,BTCUSDT,LONG,2024-01-26 10:30:00+00:00,2024-01-26 10:45:00+00:00,40642.0,40662.320999999996,2024-01-26 12:15:00+00:00,41475.56742,41454.82963629,0.0004616461969420596,18.771605848487244,0.18771605848487244,40255.69779,41475.56742,TP,0.3848132293378042,0.018771605848487246,0.019137464446474264,0.009381112368057873,0.009573518982728194,0.018954631350786066,0.32794952769205665,1.7470510000000095,0 days 01:30:00
15m,DEVELOPMENT,26,CLOSED,BTCUSDT,LONG,2024-01-26 14:45:00+00:00,2024-01-26 15:00:00+00:00,41588.0,41608.793999999994,2024-01-28 04:30:00+00:00,42440.96988,42419.74939506,0.0004590190178132421,19.099227754273517,0.19099227754273518,41192.70606,42440.96988,TP,0.3915293965418776,0.01909922775427352,0.01947147170320431,0.009544841456405991,0.009740606154679707,0.0192854476110857,0.33367324947331406,1.7470510000000055,1 days 13:30:00
15m,DEVELOPMENT,27,CLOSED,BTCUSDT,LONG,2024-01-28 04:30:00+00:00,2024-01-28 04:45:00+00:00,42528.0,42549.263999999996,2024-01-28 17:30:00+00:00,42123.77136,42102.70947432,0.00045670749237489215,19.432567663837272,0.19432567663837272,42123.77136,43400.249279999996,SL,-0.18461424852051356,0.01943256766383727,0.0192286228662053,0.009711428117857687,0.009619120993599108,0.019330549111456794,-0.24260598816201293,-1.2484504999999906,0 days 12:45:00
15m,DEVELOPMENT,28,CLOSED,BTCUSDT,LONG,2024-01-29 16:15:00+00:00,2024-01-29 16:30:00+00:00,42950.87,42972.345435,2024-01-30 12:15:00+00:00,43831.792343700006,43809.87644752816,0.00044657101782649754,19.190204039299797,0.19190204039299796,42542.62198065,43831.792343700006,TP,0.39339438765221435,0.0191902040392998,0.01956422111602575,0.009590306866216917,0.009787004060042652,0.01937731092625957,0.33526265157062923,1.747051000000009,0 days 19:45:00
15m,DEVELOPMENT,29,CLOSED,BTCUSDT,LONG,2024-01-31 16:00:00+00:00,2024-01-31 16:15:00+00:00,43508.88,43530.634439999994,2024-01-31 19:30:00+00:00,43095.328095599994,43073.78043155219,0.00044853772554266007,19.525131763146582,0.19525131763146583,43095.328095599994,44401.247128799994,SL,-0.18549363059341292,0.019525131763146582,0.01932021550529236,0.009757687038052909,0.009664940222757979,0.019422627260810888,-0.24376160512266276,-1.2484505000000021,0 days 03:15:00
15m,DEVELOPMENT,30,CLOSED,BTCUSDT,LONG,2024-02-01 15:00:00+00:00,2024-02-01 15:15:00+00:00,42787.24,42808.63361999999,2024-02-01 16:30:00+00:00,42380.54728379999,42359.35701015809,0.0004504141348511222,19.28161367611096,0.19281613676110962,42380.54728379999,43664.8062924,SL,-0.1831801479174789,0.019281613676110962,0.019079253140580173,0.00963598884363154,0.009544398769674788,0.01918038761330633,-0.24072140234747635,-1.2484505000000035,0 days 01:15:00
15m,DEVELOPMENT,31,CLOSED,BTCUSDT,LONG,2024-02-01 17:15:00+00:00,2024-02-01 17:30:00+00:00,43096.0,43117.547999999995,2024-02-02 13:45:00+00:00,42686.37252,42665.02933374,0.00044160982332958526,19.04113275468491,0.19041132754684909,42686.37252,43979.89896,SL,-0.18089551907374446,0.01904113275468491,0.018841296066424495,0.009515808473103795,0.009425360713567844,0.018941169186671637,-0.23771911708152552,-1.2484504999999895,0 days 20:15:00
15m,DEVELOPMENT,32,CLOSED,BTCUSDT,LONG,2024-02-02 16:00:00+00:00,2024-02-02 16:15:00+00:00,43389.99,43411.684994999996,2024-02-02 17:45:00+00:00,42977.56814505,42956.07936097748,0.0004331472303230011,18.803651119238836,0.18803651119238837,42977.56814505,44279.9186949,SL,-0.17863938419626707,0.018803651119238835,0.018606306800742427,0.009397126996120499,0.009307807304021276,0.018704934300141775,-0.23475427641639013,-1.2484504999999855,0 days 01:30:00
15m,DEVELOPMENT,33,CLOSED,BTCUSDT,LONG,2024-02-03 17:45:00+00:00,2024-02-03 18:00:00+00:00,43230.0,43251.615,2024-02-04 06:30:00+00:00,42819.098849999995,42797.689300574995,0.00042932804619154937,18.56913136257911,0.1856913136257911,42819.098849999995,44116.6473,SL,-0.17641138790736297,0.01856913136257911,0.01837424832892884,0.009279925718429465,0.009191720024476473,0.01847164574290594,-0.23182641334177687,-1.2484505000000061,0 days 12:30:00
15m,DEVELOPMENT,34,CLOSED,BTCUSDT,LONG,2024-02-05 07:30:00+00:00,2024-02-05 07:45:00+00:00,43065.98,43087.51299,2024-02-05 15:45:00+00:00,42656.6378601,42635.309541169954,0.00042558818719269637,18.337536544055858,0.18337536544055857,42656.6378601,43949.2632498,SL,-0.17421117926162005,0.018337536544055857,0.018145084098025992,0.00916418617893833,0.009077080589307281,0.018241266768245612,-0.2289350666719475,-1.2484504999999968,0 days 08:00:00
15m,DEVELOPMENT,35,CLOSED,BTCUSDT,LONG,2024-02-06 08:00:00+00:00,2024-02-06 08:15:00+00:00,42963.59,42985.071794999996,2024-02-07 20:00:00+00:00,43844.7732309,43822.85084428455,0.0004212818410565185,18.108830183744224,0.18108830183744226,42555.221077049995,43844.7732309,TP,0.37122649382168404,0.018108830183744224,0.0184617712840254,0.009049890146798585,0.009235503393709469,0.018285393540508052,0.31637049881340645,1.7470510000000061,1 days 11:45:00
15m,DEVELOPMENT,36,CLOSED,BTCUSDT,LONG,2024-02-07 20:00:00+00:00,2024-02-07 20:15:00+00:00,43837.74,43859.65886999999,2024-02-08 02:00:00+00:00,44736.852047399996,44714.4836213763,0.0004200872761624665,18.42488462811326,0.1842488462811326,43421.06228129999,44736.852047399996,TP,0.37770553095712367,0.018424884628113262,0.01878398562951519,0.009207838394856706,0.00939669116033722,0.018604529555193927,0.3218921311443013,1.7470510000000126,0 days 05:45:00
15m,DEVELOPMENT,37,CLOSED,BTCUSDT,LONG,2024-02-08 11:00:00+00:00,2024-02-08 11:15:00+00:00,44884.0,44906.441999999995,2024-02-09 02:15:00+00:00,45804.57083999999,45781.66855458,0.0004174558115447441,18.74645518869698,0.1874645518869698,44457.37757999999,45804.57083999999,TP,0.3842976470966239,0.01874645518869698,0.019111823600324686,0.009368543322685252,0.009560692146232898,0.01892923546891815,0.327510132838684,1.7470510000000081,0 days 15:00:00
15m,DEVELOPMENT,38,CLOSED,BTCUSDT,LONG,2024-02-09 02:15:00+00:00,2024-02-09 02:30:00+00:00,45789.95,45812.84497499999,2024-02-09 09:00:00+00:00,46729.1018745,46705.737323562746,0.00041633821582122296,19.07363813858578,0.1907363813858578,45354.71652524999,46729.1018745,TP,0.3910048158144869,0.01907363813858578,0.019445383345906817,0.009532053042769677,0.009727555450679121,0.0192596084934488,0.33322618583654545,1.7470510000000063,0 days 06:30:00
15m,DEVELOPMENT,39,CLOSED,BTCUSDT,LONG,2024-02-09 10:45:00+00:00,2024-02-09 11:00:00+00:00,46779.53,46802.919765,2024-02-09 18:00:00+00:00,47738.9781603,47715.10867121985,0.00041464360618036287,19.406531431129782,0.1940653143112978,46334.89056735,47738.9781603,TP,0.3978290451299078,0.019406531431129782,0.0197847647287225,0.009698416507311193,0.009897331029875743,0.019595747537186937,0.33904200143286856,1.7470510000000072,0 days 07:00:00
15m,DEVELOPMENT,40,CLOSED,BTCUSDT,LONG,2024-02-09 18:00:00+00:00,2024-02-09 18:15:00+00:00,47750.01,47773.885005,2024-02-09 19:00:00+00:00,47296.146154949995,47272.49808187252,0.00041330602958494973,19.745234729264514,0.19745234729264513,47296.146154949995,48729.3627051,SL,-0.18758466376977745,0.019745234729264514,0.019538008490780887,0.009867683522868514,0.009773891190984305,0.01964157471385282,-0.24650948170367565,-1.248450499999996,0 days 00:45:00
15m,DEVELOPMENT,41,CLOSED,BTCUSDT,LONG,2024-02-10 19:15:00+00:00,2024-02-10 19:30:00+00:00,47484.37,47508.112185,2024-02-11 03:45:00+00:00,48458.2744287,48434.04529148566,0.00041043456820277205,19.498971510779327,0.19498971510779328,47033.031063149996,48458.2744287,TP,0.3997240436642518,0.01949897151077933,0.01987900646552442,0.009744613448663491,0.009944475470495208,0.0196890889191587,0.3406569767687893,1.7470510000000203,0 days 08:15:00
15m,DEVELOPMENT,42,CLOSED,BTCUSDT,LONG,2024-02-11 03:45:00+00:00,2024-02-11 04:00:00+00:00,48519.6,48543.8598,2024-02-11 10:45:00+00:00,48058.421202,48034.391991399,0.00040868790105742705,19.83928817088801,0.19839288170888011,48058.421202,49514.736996,SL,-0.18847819496680748,0.019839288170888012,0.019631074841534542,0.009914686742072893,0.0098204476445874,0.019735134386660295,-0.2476836923658903,-1.2484504999999904,0 days 06:45:00
15m,DEVELOPMENT,43,CLOSED,BTCUSDT,LONG,2024-02-12 00:15:00+00:00,2024-02-12 00:30:00+00:00,48710.38,48734.73518999999,2024-02-12 02:30:00+00:00,48247.38783809999,48223.26414418094,0.0004020100209511005,19.591851914778232,0.19591851914778233,48247.38783809999,49709.42989379999,SL,-0.18612748870561785,0.019591851914778233,0.019386235428932634,0.009791030442165928,0.009697966697814985,0.019488997139980913,-0.24459457318930966,-1.2484505000000063,0 days 02:00:00
15m,DEVELOPMENT,44,CLOSED,BTCUSDT,LONG,2024-02-12 14:45:00+00:00,2024-02-12 15:00:00+00:00,48797.99,48822.388994999994,2024-02-12 15:45:00+00:00,49798.836774899995,49773.93735651255,0.0003962833873982142,19.347501691811892,0.19347501691811894,48334.16510504999,49798.836774899995,TP,0.39661895022394894,0.019347501691811892,0.01972458449978531,0.009668916387710474,0.009867225862822331,0.019536142250532806,0.33801072178181896,1.7470510000000121,0 days 00:45:00
15m,DEVELOPMENT,45,CLOSED,BTCUSDT,LONG,2024-02-12 15:45:00+00:00,2024-02-12 16:00:00+00:00,49917.8,49942.7589,2024-02-12 16:15:00+00:00,49443.331311,49418.609645344506,0.0003941547318192904,19.68517474054498,0.1968517474054498,49443.331311,50941.614078,SL,-0.18701407886944577,0.01968517474054498,0.019478578831642963,0.009837668536003624,0.00974416149656803,0.019581830032571655,-0.2457596624742054,-1.2484504999999892,0 days 00:15:00
15m,DEVELOPMENT,46,CLOSED,BTCUSDT,LONG,2024-02-12 17:15:00+00:00,2024-02-12 17:30:00+00:00,50046.77,50071.793385,2024-02-12 19:45:00+00:00,49571.07545115,49546.28991342443,0.00038823575666140694,19.439660592219106,0.19439660592219107,49571.07545115,51073.229252699995,SL,-0.18468163311248584,0.019439660592219105,0.019235641354303768,0.009714972809704863,0.009622631993146188,0.01933760480285105,-0.24269453986185976,-1.2484504999999864,0 days 02:15:00
15m,DEVELOPMENT,47,CLOSED,BTCUSDT,LONG,2024-02-14 07:15:00+00:00,2024-02-14 07:30:00+00:00,49842.0,49866.920999999995,2024-02-14 09:00:00+00:00,50864.259419999995,50838.82729029,0.0003849687953351887,19.19720850444502,0.19197208504445018,49368.251789999995,50864.259419999995,TP,0.39353797743744673,0.01919720850444502,0.019571362098196654,0.009593807348546243,0.009790576337265397,0.01938438368581164,0.3353850231489934,1.7470510000000086,0 days 01:30:00
15m,DEVELOPMENT,48,CLOSED,BTCUSDT,LONG,2024-02-14 09:00:00+00:00,2024-02-14 09:15:00+00:00,50964.01,50989.492005,2024-02-14 14:30:00+00:00,52009.2818451,51983.27720417745,0.00038306438659372244,19.53225847762084,0.1953225847762084,50479.59708495,52009.2818451,TP,0.4004064181669186,0.01953225847762084,0.019912942195349673,0.009761248614502413,0.009961451823585467,0.01972270043808788,0.34123851705586017,1.7470510000000026,0 days 05:15:00
15m,DEVELOPMENT,49,CLOSED,BTCUSDT,LONG,2024-02-15 00:15:00+00:00,2024-02-15 00:30:00+00:00,52269.2,52295.334599999995,2024-02-15 01:30:00+00:00,51772.38125399999,51746.495063373,0.00038001776351684856,19.873156097057265,0.19873156097057265,51772.38125399999,53341.241292,SL,-0.18879994872816694,0.019873156097057264,0.019664587323818653,0.009931612242406514,0.009837212268041757,0.01976882451044827,-0.24810651665949113,-1.2484504999999961,0 days 01:00:00
15m,DEVELOPMENT,50,CLOSED,BTCUSDT,LONG,2024-02-15 14:30:00+00:00,2024-02-15 14:45:00+00:00,52595.01,52621.307505,2024-02-15 15:30:00+00:00,52095.09442995,52069.04688273503,0.0003729534359668089,19.625297439055778,0.19625297439055778,52095.09442995,53673.7336551,SL,-0.18644522954345533,0.019625297439055778,0.019419329942432888,0.009807744847102472,0.009714522232330786,0.019522267079433258,-0.24501212400437727,-1.248450499999991,0 days 00:45:00
15m,DEVELOPMENT,51,CLOSED,BTCUSDT,LONG,2024-02-16 13:45:00+00:00,2024-02-16 14:00:00+00:00,52464.0,52490.231999999996,2024-02-16 14:15:00+00:00,51965.329679999995,51939.34701516,0.0003692216502759609,19.38053008240805,0.1938053008240805,51965.329679999995,53540.03664,SL,-0.18411987849404324,0.01938053008240805,0.019177131419193177,0.009685422330037653,0.009593362390791099,0.01927878472082875,-0.24195632471647321,-1.2484504999999975,0 days 00:15:00
15m,DEVELOPMENT,52,CLOSED,BTCUSDT,LONG,2024-02-18 22:00:00+00:00,2024-02-18 22:15:00+00:00,52200.0,52226.1,2024-02-19 16:45:00+00:00,51703.839,51677.9870805,0.00036646074419306984,19.138815472301683,0.19138815472301685,51703.839,53270.622,SL,-0.18182352929957774,0.019138815472301684,0.01893795360391988,0.00956462542343859,0.009473713658788295,0.019038339082226886,-0.23893863745802618,-1.248450499999992,0 days 18:30:00
15m,DEVELOPMENT,53,CLOSED,BTCUSDT,LONG,2024-02-20 10:45:00+00:00,2024-02-20 11:00:00+00:00,52120.0,52146.06,2024-02-20 15:15:00+00:00,51624.5994,51598.787100300004,0.00036244570605681775,18.900115534781182,0.18900115534781184,51624.5994,53188.9812,SL,-0.17955582024797145,0.018900115534781183,0.018701758822243654,0.009445335099839827,0.009355557189715051,0.01880089228955488,-0.23595858689455118,-1.2484504999999884,0 days 04:15:00
15m,DEVELOPMENT,54,CLOSED,BTCUSDT,LONG,2024-02-21 23:00:00+00:00,2024-02-21 23:15:00+00:00,51624.85,51650.662424999995,2024-02-22 13:15:00+00:00,51134.15580074999,51108.58872284962,0.00036135824391124764,18.66439267075066,0.18664392670750662,51134.15580074999,52683.675673499994,SL,-0.17731639413841835,0.018664392670750662,0.018468509869671135,0.009327532569089499,0.009238874372019899,0.0185664069411094,-0.23301570361994953,-1.2484504999999975,0 days 14:00:00
15m,DEVELOPMENT,55,CLOSED,BTCUSDT,LONG,2024-02-24 10:00:00+00:00,2024-02-24 10:15:00+00:00,51150.33,51175.905165,2024-02-26 15:15:00+00:00,52199.4232683,52173.323556665855,0.00036016187091610216,18.431609750051415,0.18431609750051414,50664.14611335,52199.4232683,TP,0.37784339427641606,0.018431609750051415,0.018790841824079918,0.00921119927538612,0.009400120972524757,0.018611320247910876,0.3220096224543738,1.7470510000000168,2 days 05:00:00
15m,DEVELOPMENT,56,CLOSED,BTCUSDT,LONG,2024-02-26 15:15:00+00:00,2024-02-26 15:30:00+00:00,52350.77,52376.94538499999,2024-02-26 16:00:00+00:00,53424.48429269999,53397.77205055364,0.00035804489068089,18.75329768457127,0.18753297684571268,51853.17593114999,53424.48429269999,TP,0.3844379165522788,0.01875329768457127,0.019118799456443562,0.009371962860853419,0.009564181819131361,0.01893614467998478,0.3276296747312792,1.747051,0 days 00:30:00
15m,DEVELOPMENT,57,CLOSED,BTCUSDT,LONG,2024-02-26 16:00:00+00:00,2024-02-26 16:15:00+00:00,53509.44,53536.19472,2024-02-26 20:00:00+00:00,54606.9186144,54579.615155092804,0.0003564056085181952,19.08060005693019,0.19080600056930191,53000.8327728,54606.9186144,TP,0.3911475334009361,0.019080600056930193,0.01945248095203976,0.009535532262332922,0.009731106029032047,0.01926663829136497,0.33334781410060116,1.7470510000000088,0 days 03:45:00
15m,DEVELOPMENT,58,CLOSED,BTCUSDT,LONG,2024-02-26 20:00:00+00:00,2024-02-26 20:15:00+00:00,54547.59,54574.86379499999,2024-02-27 01:45:00+00:00,55666.36107089999,55638.527890364545,0.0003557244765494058,19.41361485623149,0.1941361485623149,54029.11515704999,55666.36107089999,TP,0.3979742535745188,0.01941361485623149,0.019791986209779445,0.00970195644988856,0.009900943576676797,0.019602900026565357,0.33916575248194253,1.7470510000000088,0 days 05:30:00
15m,DEVELOPMENT,59,CLOSED,BTCUSDT,LONG,2024-02-27 01:45:00+00:00,2024-02-27 02:00:00+00:00,55768.41,55796.294205,2024-02-27 02:00:00+00:00,56912.220089099996,56883.763979055446,0.0003540099224012234,19.75244178178788,0.1975244178178788,55238.33126295,56912.220089099996,TP,0.4049201208840247,0.01975244178178788,0.020137416872114927,0.009871285248267978,0.01007374530871177,0.01994503055697975,0.3450852316731421,1.7470509999999955,0 days 00:00:00
15m,DEVELOPMENT,60,CLOSED,BTCUSDT,LONG,2024-02-27 02:00:00+00:00,2024-02-27 02:15:00+00:00,56355.13,56383.307564999996,2024-02-27 03:45:00+00:00,55819.474489349996,55791.564752105325,0.0003564385124054906,20.097182272969842,0.20097182272969843,55819.474489349996,57510.973716299995,SL,-0.19092825337789007,0.020097182272969843,0.01988626234501503,0.010043569351808354,0.009948105225118431,0.019991674576926785,-0.2509033725728017,-1.2484504999999917,0 days 01:30:00
15m,DEVELOPMENT,61,CLOSED,BTCUSDT,LONG,2024-02-27 12:30:00+00:00,2024-02-27 12:45:00+00:00,57383.87,57412.561935,2024-02-27 12:45:00+00:00,56838.43631565,56810.01709749218,0.00034568270225575847,19.8465295531169,0.19846529553116898,56838.43631565,58560.8131737,SL,-0.18854698990742444,0.019846529553116898,0.019638240225456936,0.009918305623744945,0.00982403212879053,0.019742337752535477,-0.24777409743853374,-1.2484504999999901,0 days 00:00:00
15m,DEVELOPMENT,62,CLOSED,BTCUSDT,LONG,2024-02-28 07:30:00+00:00,2024-02-28 07:45:00+00:00,57842.89,57871.811445,2024-02-28 08:45:00+00:00,59029.2476739,58999.73305006305,0.00033866233824174764,19.59900298224923,0.19599002982249233,57293.09333055,59029.2476739,TP,0.4017746638340141,0.01959900298224923,0.01998098755037327,0.009794604189030083,0.00999549152094673,0.019790095709976814,0.34240457759141485,1.747050999999999,0 days 01:00:00
15m,DEVELOPMENT,63,CLOSED,BTCUSDT,LONG,2024-02-28 08:45:00+00:00,2024-02-28 09:00:00+00:00,59448.42,59478.14421,2024-02-28 09:15:00+00:00,58883.3627679,58853.92108651605,0.0003352671096616512,19.941065497325575,0.19941065497325575,58883.3627679,60667.7070942,SL,-0.18944510499957978,0.019941065497325574,0.019731784014931145,0.009965549973676054,0.009870827421175787,0.01983637739485184,-0.24895433190668836,-1.2484504999999988,0 days 00:15:00
15m,DEVELOPMENT,64,CLOSED,BTCUSDT,LONG,2024-02-28 13:00:00+00:00,2024-02-28 13:15:00+00:00,59801.13,59831.030564999994,2024-02-28 14:45:00+00:00,61027.651176299994,60997.13735071185,0.0003291328878189978,19.69235987104517,0.1969235987104517,59232.72025934999,61027.651176299994,TP,0.4036884567267721,0.01969235987104517,0.02007616396493184,0.009841259305868426,0.01004310353423191,0.019884362840100336,0.3440355700506948,1.7470510000000072,0 days 01:30:00
15m,DEVELOPMENT,65,CLOSED,BTCUSDT,LONG,2024-02-28 14:45:00+00:00,2024-02-28 15:00:00+00:00,60971.11,61001.595555,2024-02-28 16:45:00+00:00,62221.6274661,62190.516652366954,0.00032845127355976897,20.03605174921769,0.20036051749217693,60391.57959945,62221.6274661,TP,0.4107340543492797,0.02003605174921769,0.020426554397809944,0.010013019364926152,0.010218386392099307,0.020231405757025457,0.3500400424452266,1.7470510000000068,0 days 01:45:00
15m,DEVELOPMENT,66,CLOSED,BTCUSDT,LONG,2024-02-28 16:45:00+00:00,2024-02-28 17:00:00+00:00,62412.0,62443.206,2024-02-28 17:00:00+00:00,63692.07012,63660.22408494,0.0003264685368863159,20.38574210131082,0.20385742101310822,61818.77394,63692.07012,TP,0.41790261918828975,0.020385742101310823,0.02078306021486537,0.010187777162073823,0.01039672847166847,0.020584505633742294,0.35614931123837124,1.7470509999999977,0 days 00:00:00
15m,DEVELOPMENT,67,CLOSED,BTCUSDT,LONG,2024-02-28 17:00:00+00:00,2024-02-28 17:15:00+00:00,63690.12,63721.96506,2024-02-28 17:15:00+00:00,63084.7454094,63053.203036695304,0.00032550056482880655,20.741535619031477,0.2074153561903148,63084.7454094,64996.4043612,SL,-0.19704977117330882,0.020741535619031477,0.020523853202709743,0.01036558501700712,0.010267060131418813,0.020632645148425933,-0.258947805143476,-1.248450499999997,0 days 00:00:00
15m,DEVELOPMENT,68,CLOSED,BTCUSDT,LONG,2024-02-29 06:00:00+00:00,2024-02-29 06:15:00+00:00,63199.99,63231.589994999995,2024-02-29 07:30:00+00:00,62599.274095049994,62567.97445800247,0.00032393375691839633,20.48284650300403,0.2048284650300403,62599.274095049994,64496.2217949,SL,-0.19459215993108914,0.02048284650300403,0.020267879028955004,0.01023630509895152,0.010139009018986345,0.020375314117937866,-0.255718199580986,-1.2484504999999986,0 days 01:15:00
15m,DEVELOPMENT,69,CLOSED,BTCUSDT,LONG,2024-03-01 12:30:00+00:00,2024-03-01 12:45:00+00:00,62493.49,62524.736744999995,2024-03-01 14:30:00+00:00,61899.489377549995,61868.539632861226,0.0003235100988694277,20.22738376615989,0.2022738376615989,61899.489377549995,63775.231479899994,SL,-0.1921652000973021,0.02022738376615989,0.020015097373534043,0.01010863756429674,0.010012554964247201,0.02012119252854394,-0.25252887376553995,-1.24845049999999,0 days 01:45:00
15m,DEVELOPMENT,70,CLOSED,BTCUSDT,LONG,2024-03-01 20:45:00+00:00,2024-03-01 21:00:00+00:00,62861.1,62892.530549999996,2024-03-01 21:00:00+00:00,62263.605244499995,62232.47344187775,0.00031760698757559406,19.975107168991517,0.19975107168991518,62263.605244499995,64150.381161,SL,-0.18976850938657222,0.019975107168991518,0.019765468419252953,0.009982562303343235,0.00988767804864871,0.019870240351991947,-0.24937932532680862,-1.2484504999999908,0 days 00:00:00
15m,DEVELOPMENT,71,CLOSED,BTCUSDT,LONG,2024-03-03 12:15:00+00:00,2024-03-03 12:30:00+00:00,62568.01,62599.294004999996,2024-03-03 13:15:00+00:00,61973.30106494999,61942.314414417524,0.0003151150070843334,19.725976973859844,0.19725976973859843,61973.30106494999,63851.2798851,SL,-0.1874017102814003,0.019725976973859843,0.01951895284551919,0.009858059457199453,0.009764358602058433,0.019622418059257886,-0.24626905816003722,-1.2484504999999957,0 days 00:45:00
15m,DEVELOPMENT,72,CLOSED,BTCUSDT,LONG,2024-03-03 16:45:00+00:00,2024-03-03 17:00:00+00:00,62845.14,62876.562569999995,2024-03-04 00:30:00+00:00,64134.0938214,64102.0267744893,0.000309812641507685,19.479953938734933,0.19479953938734934,62247.7969443,64134.0938214,TP,0.3993341881893584,0.019479953938734935,0.019859618241000878,0.009735109414658643,0.009934776508754505,0.01966988592341315,0.34032473008620945,1.7470510000000072,0 days 07:30:00
15m,DEVELOPMENT,73,CLOSED,BTCUSDT,LONG,2024-03-04 00:30:00+00:00,2024-03-04 00:45:00+00:00,64148.37,64180.444185,2024-03-04 00:45:00+00:00,63538.63974315,63506.87042327843,0.0003088158540465203,19.8199386840758,0.19819938684075802,63538.63974315,65464.0530687,SL,-0.18829437000713747,0.0198199386840758,0.01961192842758643,0.00990501683362037,0.00981086964861644,0.019715886482236808,-0.2474421236010365,-1.2484504999999937,0 days 00:00:00
15m,DEVELOPMENT,74,CLOSED,BTCUSDT,LONG,2024-03-04 08:00:00+00:00,2024-03-04 08:15:00+00:00,64793.99,64826.38699499999,2024-03-04 14:30:00+00:00,66122.9147349,66089.85327753256,0.0003019255686255208,19.572743755403437,0.19572743755403438,64178.12312504999,66122.9147349,TP,0.4012363562452019,0.019572743755403438,0.019954216531196257,0.009781481137131799,0.00998209931525252,0.01976358045238432,0.3419458155062179,1.7470510000000234,0 days 06:15:00
15m,DEVELOPMENT,75,CLOSED,BTCUSDT,LONG,2024-03-04 14:30:00+00:00,2024-03-04 14:45:00+00:00,66124.99,66158.052495,2024-03-04 17:30:00+00:00,67481.21354489999,67447.47293812754,0.00030101170176077087,19.91434796669836,0.19914347966698362,65496.47197005,67481.21354489999,TP,0.40823915721836984,0.019914347966698363,0.02030247860856931,0.009952197884404278,0.010156317463016595,0.020108515347420874,0.3479138152956813,1.7470509999999893,0 days 02:45:00
15m,DEVELOPMENT,76,CLOSED,BTCUSDT,LONG,2024-03-04 22:45:00+00:00,2024-03-04 23:00:00+00:00,67929.12,67963.08455999999,2024-03-05 04:45:00+00:00,67283.45371439999,67249.8119875428,0.000298131174400378,20.261914215744994,0.20261914215744994,67283.45371439999,69322.34625119998,SL,-0.19249324799665904,0.020261914215744994,0.020049265426050754,0.010125894160790037,0.010029647536792812,0.02015554169758285,-0.25295996933603765,-1.248450499999991,0 days 05:45:00
15m,DEVELOPMENT,77,CLOSED,BTCUSDT,LONG,2024-03-05 14:45:00+00:00,2024-03-05 15:00:00+00:00,68710.41,68744.765205,2024-03-05 15:00:00+00:00,68057.31755295,68023.28889417353,0.00029106517265718593,20.009206953671033,0.20009206953671033,68057.31755295,70119.66050910001,SL,-0.19009246586171322,0.020009206953671033,0.019799210326692258,0.009999603674997972,0.009904557442066078,0.01990416111706405,-0.24980504425914057,-1.248450499999999,0 days 00:00:00
15m,DEVELOPMENT,78,CLOSED,BTCUSDT,LONG,2024-03-06 05:45:00+00:00,2024-03-06 06:00:00+00:00,66406.8,66440.0034,2024-03-06 06:15:00+00:00,65775.603366,65742.715564317,0.00029740593699157855,19.759651464900664,0.19759651464900663,65775.603366,67768.803468,SL,-0.1877216263607026,0.019759651464900663,0.019552273922776534,0.009874888288305737,0.009781027475125395,0.019655915763431134,-0.24668946751181092,-1.2484505000000063,0 days 00:15:00
15m,DEVELOPMENT,79,CLOSED,BTCUSDT,LONG,2024-03-06 07:45:00+00:00,2024-03-06 08:00:00+00:00,66676.46,66709.79823,2024-03-06 09:45:00+00:00,66042.7002477,66009.67889757616,0.0002925088811262223,19.513208440413344,0.19513208440413343,66042.7002477,68043.9941946,SL,-0.1853803560481049,0.019513208440413345,0.01930841731783121,0.009751728356026883,0.009659038178003666,0.01941076653403055,-0.24361274834038002,-1.2484504999999868,0 days 01:45:00
15m,DEVELOPMENT,80,CLOSED,BTCUSDT,LONG,2024-03-07 11:00:00+00:00,2024-03-07 11:15:00+00:00,67018.65,67052.15932499999,2024-03-08 14:30:00+00:00,68393.20251149999,68359.00591024423,0.0002873858091288537,19.269839061451933,0.19269839061451932,66381.63773174999,68393.20251149999,TP,0.39502688570752287,0.019269839061451934,0.01964540822475963,0.009630104478484369,0.009827617921341406,0.019457722399825773,0.33665391602148553,1.7470509999999946,1 days 03:15:00
15m,DEVELOPMENT,81,CLOSED,BTCUSDT,LONG,2024-03-08 14:30:00+00:00,2024-03-08 14:45:00+00:00,68347.59,68381.76379499999,2024-03-08 15:30:00+00:00,67697.94615704998,67664.09718397146,0.00028671615898431357,19.606156659874994,0.19606156659874996,67697.94615704998,69749.39907089999,SL,-0.18626338735843614,0.019606156659874995,0.019400390045729604,0.00979817924031595,0.009705047546637336,0.019503226786953286,-0.24477316085099401,-1.2484505000000068,0 days 00:45:00
15m,DEVELOPMENT,82,CLOSED,BTCUSDT,LONG,2024-03-10 01:00:00+00:00,2024-03-10 01:15:00+00:00,68939.41,68973.879705,2024-03-10 22:45:00+00:00,68284.14090795,68249.99883749602,0.0002807095687594426,19.36162802765622,0.1936162802765622,68284.14090795,70353.3572991,SL,-0.18394030425074775,0.01936162802765622,0.019158427741505966,0.009675976025814048,0.009584005873690614,0.01925998189950466,-0.24172034191941463,-1.2484505000000021,0 days 21:30:00
15m,DEVELOPMENT,83,CLOSED,BTCUSDT,LONG,2024-03-11 07:00:00+00:00,2024-03-11 07:15:00+00:00,70447.12,70482.34356,2024-03-11 11:30:00+00:00,71891.9904312,71856.0444359844,0.00027127572947859376,19.120149164599862,0.19120149164599862,69777.52012439999,71891.9904312,TP,0.39195828022583157,0.01912014916459986,0.019492800871817918,0.00955529693383262,0.009751276073946755,0.019306573007779375,0.3340387571816344,1.7470510000000046,0 days 04:15:00
15m,DEVELOPMENT,84,CLOSED,BTCUSDT,LONG,2024-03-11 11:30:00+00:00,2024-03-11 11:45:00+00:00,72042.0,72078.021,2024-03-11 11:45:00+00:00,71357.24079,71321.562169605,0.00026989994934418875,19.453854216729372,0.19453854216729372,71357.24079,73519.58141999999,SL,-0.18481647609196775,0.019453854216729374,0.019249686016724794,0.009722066075325232,0.009629657837281914,0.019351723912607144,-0.24287174023802907,-1.2484505000000008,0 days 00:00:00
15m,DEVELOPMENT,85,CLOSED,BTCUSDT,LONG,2024-03-11 15:00:00+00:00,2024-03-11 15:15:00+00:00,72464.58,72500.81229,2024-03-11 19:45:00+00:00,71775.8041671,71739.91626501645,0.00026497944641997156,19.21122510560247,0.1921122510560247,71775.8041671,73950.8285358,SL,-0.18251143890929847,0.01921122510560247,0.019009603298119175,0.00960081214672785,0.009509556427271835,0.019110368573999684,-0.23984263588701982,-1.2484505000000012,0 days 04:30:00
15m,DEVELOPMENT,86,CLOSED,BTCUSDT,LONG,2024-03-13 06:00:00+00:00,2024-03-13 06:15:00+00:00,72289.67,72325.814835,2024-03-14 07:00:00+00:00,73772.3311317,73735.44496613416,0.0002623077543755171,18.97162207274831,0.18971622072748312,71602.55668665,73772.3311317,TP,0.3889135119560914,0.01897162207274831,0.01934137898694618,0.009481070501123371,0.00967552725709907,0.01915659775822244,0.3314439131381745,1.7470510000000232,1 days 00:45:00
15m,DEVELOPMENT,87,CLOSED,BTCUSDT,LONG,2024-03-15 18:45:00+00:00,2024-03-15 19:00:00+00:00,70234.0,70269.117,2024-03-15 19:30:00+00:00,69566.42583,69531.642617085,0.0002746972738121378,19.30273487308615,0.1930273487308615,69566.42583,71674.49934,SL,-0.1833808045664026,0.019302734873086147,0.019100152670593108,0.009646544164460395,0.009554853762174936,0.019201397926635333,-0.2409850900367172,-1.2484504999999937,0 days 00:30:00
15m,DEVELOPMENT,88,CLOSED,BTCUSDT,LONG,2024-03-17 14:45:00+00:00,2024-03-17 15:00:00+00:00,67609.99,67643.794995,2024-03-18 01:00:00+00:00,66967.35704505,66933.87336652748,0.00028179954316288907,19.061990527395125,0.19061990527395126,66967.35704505,68996.6708949,SL,-0.18109367312632968,0.019061990527395125,0.018861934936810112,0.009526232147623354,0.009435685311059112,0.018961917458682465,-0.2379795160492174,-1.2484505000000017,0 days 10:00:00
15m,DEVELOPMENT,89,CLOSED,BTCUSDT,LONG,2024-03-20 11:15:00+00:00,2024-03-20 11:30:00+00:00,63831.65,63863.565825,2024-03-20 11:45:00+00:00,63224.93016675,63193.31770166662,0.00029475724554282954,18.82424875312018,0.18824248753120182,63224.93016675,65140.8371415,SL,-0.17883506686497624,0.01882424875312018,0.018626688262456184,0.009407420666225918,0.009318003132794059,0.018725423799019977,-0.23501142767957256,-1.2484504999999995,0 days 00:15:00
15m,DEVELOPMENT,90,CLOSED,BTCUSDT,LONG,2024-03-20 12:15:00+00:00,2024-03-20 12:30:00+00:00,64014.91,64046.917455,2024-03-20 13:30:00+00:00,63406.44828045,63374.74505630978,0.0002902477252734729,18.589472102091637,0.18589472102091636,63406.44828045,65327.85580410001,SL,-0.17660463001537424,0.018589472102091636,0.018394375592380188,0.009290091005542763,0.009201788690533732,0.018491879696076494,-0.23208035740592256,-1.2484504999999948,0 days 01:00:00
15m,DEVELOPMENT,91,CLOSED,BTCUSDT,LONG,2024-03-20 18:00:00+00:00,2024-03-20 18:15:00+00:00,64779.87,64812.259935,2024-03-20 18:15:00+00:00,64164.137335650004,64132.055266982185,0.00028324307178310726,18.357623593194614,0.18357623593194614,64164.137335650004,66108.5051337,SL,-0.17440201124769045,0.018357623593194615,0.018164960333584036,0.009174224684254963,0.00908702367862987,0.018261248362884834,-0.2291858435373539,-1.248450499999988,0 days 00:00:00
15m,DEVELOPMENT,92,CLOSED,BTCUSDT,LONG,2024-03-20 18:45:00+00:00,2024-03-20 19:00:00+00:00,65414.93,65447.637465,2024-03-20 20:15:00+00:00,66756.5902143,66723.21191919285,0.0002769949750476285,18.12866670654391,0.1812866670654391,64793.16109035,66756.5902143,TP,0.3716331375824239,0.018128666706543912,0.018481994420654454,0.009059803451546044,0.009245620020336841,0.018305423471882885,0.31671705298334263,1.7470510000000008,0 days 01:15:00
15m,DEVELOPMENT,93,CLOSED,BTCUSDT,LONG,2024-03-20 20:15:00+00:00,2024-03-20 20:30:00+00:00,66887.99,66921.433995,2024-03-21 05:15:00+00:00,66252.21965505,66219.09354522247,0.0002756227154405125,18.445067358874923,0.18445067358874923,66252.21965505,68259.8626749,SL,-0.17523274887167345,0.018445067358874922,0.01825148637694353,0.009217924717077317,0.00913030834264395,0.018348233059721268,-0.23027753566721315,-1.248450500000013,0 days 08:45:00
15m,DEVELOPMENT,94,CLOSED,BTCUSDT,LONG,2024-03-22 06:00:00+00:00,2024-03-22 06:15:00+00:00,66543.0,66576.2715,2024-03-22 08:30:00+00:00,65910.508785,65877.5535306075,0.00027359627477330104,18.21501987069589,0.1821501987069589,65910.508785,67907.79693,SL,-0.17304724025083953,0.01821501987069589,0.01802385323715294,0.009102958456120587,0.009016434835993011,0.018119393292113598,-0.22740550665080195,-1.2484504999999988,0 days 02:15:00
15m,DEVELOPMENT,95,CLOSED,BTCUSDT,LONG,2024-03-23 07:00:00+00:00,2024-03-23 07:15:00+00:00,64503.7,64535.95184999999,2024-03-23 17:30:00+00:00,65826.67088699999,65793.75755155648,0.00027872590434835923,17.987841542373413,0.17987841542373414,63890.59233149999,65826.67088699999,TP,0.3687462569056228,0.017987841542373414,0.01833842457403427,0.008989426058155758,0.009173799186611407,0.018163225244767163,0.3142567655444479,1.7470509999999875,0 days 10:15:00
15m,DEVELOPMENT,96,CLOSED,BTCUSDT,LONG,2024-03-24 08:45:00+00:00,2024-03-24 09:00:00+00:00,65244.0,65276.621999999996,2024-03-24 17:00:00+00:00,64623.85578,64591.54385211,0.000280372724634788,18.301784365095145,0.18301784365095145,64623.85578,66582.15444,SL,-0.17387152462791594,0.018301784365095147,0.018109707138183474,0.009146319023034864,0.009059383260721426,0.01820570228375629,-0.22848871841495083,-1.2484504999999928,0 days 08:00:00
15m,DEVELOPMENT,97,CLOSED,BTCUSDT,LONG,2024-03-24 20:00:00+00:00,2024-03-24 20:15:00+00:00,66215.88,66248.98794,2024-03-24 23:00:00+00:00,67573.96769880001,67540.18071495062,0.000272812075612489,18.073523907138156,0.18073523907138156,65586.4980606,67573.96769880001,TP,0.3705027239734193,0.018073523907138157,0.018425776888088285,0.009032245830654212,0.009217497192638667,0.01824974302329288,0.31575368015489996,1.7470510000000208,0 days 02:45:00
15m,DEVELOPMENT,98,CLOSED,BTCUSDT,LONG,2024-03-24 23:00:00+00:00,2024-03-24 23:15:00+00:00,67547.12,67580.89356,2024-03-25 00:00:00+00:00,66905.0846244,66871.6320820878,0.00027210297438173066,18.388962149051146,0.18388962149051147,66905.0846244,68932.5114312,SL,-0.17469973535905076,0.018388962149051145,0.018195969991296856,0.009189886131460238,0.009102536263779194,0.018292422395239434,-0.22957708989463818,-1.2484504999999912,0 days 00:45:00
15m,DEVELOPMENT,99,CLOSED,BTCUSDT,LONG,2024-03-25 13:45:00+00:00,2024-03-25 14:00:00+00:00,67984.01,68018.00200499999,2024-03-25 14:15:00+00:00,69378.36204509999,69343.67286407744,0.0002669824733393926,18.159614406898662,0.1815961440689866,67337.82198494999,69378.36204509999,TP,0.3722675577066365,0.01815961440689866,0.018513545291689117,0.009075269568663075,0.009261403347518252,0.018336672916181327,0.31725772509186734,1.7470510000000012,0 days 00:15:00
15m,DEVELOPMENT,100,CLOSED,BTCUSDT,LONG,2024-03-25 14:15:00+00:00,2024-03-25 14:30:00+00:00,69167.64,69202.22382,2024-03-25 17:00:00+00:00,70586.2682964,70550.97516225181,0.00026699366250519755,18.476555191206224,0.18476555191206223,68510.20158179999,70586.2682964,TP,0.3787647645893445,0.018476555191206223,0.018836663251882838,0.009233660765220456,0.009423043147512232,0.018656703912732688,0.3227948422335228,1.747051000000014,0 days 02:30:00
15m,DEVELOPMENT,101,CLOSED,BTCUSDT,LONG,2024-03-25 17:00:00+00:00,2024-03-25 17:15:00+00:00,70532.14,70567.40607,2024-03-25 21:15:00+00:00,69861.7320093,69826.80114329535,0.00026639816606581815,18.799027561069884,0.18799027561069884,69861.7320093,71978.7541914,SL,-0.17859545923834946,0.018799027561069884,0.018601731766816457,0.009394816372348196,0.009305518642730062,0.018700335015078257,-0.23469655358131405,-1.2484504999999961,0 days 04:00:00
15m,DEVELOPMENT,102,CLOSED,BTCUSDT,LONG,2024-03-26 07:15:00+00:00,2024-03-26 07:30:00+00:00,71485.24,71520.98262,2024-03-26 07:45:00+00:00,70805.77279379999,70770.36990740309,0.0002595680986126259,18.56456546958006,0.1856456546958006,70805.77279379999,72951.4022724,SL,-0.17636801078297148,0.01856456546958006,0.018369730354976816,0.009277643912831014,0.009189459907442054,0.01846710382027307,-0.23176941042780144,-1.24845050000001,0 days 00:15:00
15m,DEVELOPMENT,103,CLOSED,BTCUSDT,LONG,2024-03-27 13:00:00+00:00,2024-03-27 13:15:00+00:00,71238.79,71274.409395,2024-03-27 13:30:00+00:00,70561.66530105,70526.38446839948,0.0002572175308451017,18.33302759702482,0.1833302759702482,70561.66530105,72699.8975829,SL,-0.17416834313814986,0.01833302759702482,0.018140622472394046,0.009161932832096755,0.009074848660525558,0.01823678149262231,-0.22887877470019102,-1.248450499999982,0 days 00:15:00
15m,DEVELOPMENT,104,CLOSED,BTCUSDT,LONG,2024-03-28 06:00:00+00:00,2024-03-28 06:15:00+00:00,69987.3,70022.29364999999,2024-03-28 14:30:00+00:00,71422.739523,71387.0281532385,0.0002585516201874545,18.104377472449205,0.18104377472449204,69322.0707135,71422.739523,TP,0.3711352143527552,0.018104377472449206,0.01845723178938724,0.009047664903769985,0.009233232510948744,0.01828089741471873,0.31629270767620005,1.7470510000000083,0 days 08:15:00
15m,DEVELOPMENT,105,CLOSED,BTCUSDT,LONG,2024-03-28 14:45:00+00:00,2024-03-28 15:00:00+00:00,71537.97,71573.738985,2024-03-28 16:00:00+00:00,70858.00159515001,70822.57259435244,0.00025736191045230833,18.42035420339446,0.1842035420339446,70858.00159515001,73005.2137647,SL,-0.17499796771940238,0.01842035420339446,0.01822703258602984,0.009205574314540586,0.009118075330677709,0.018323649645218293,-0.22996900415404498,-1.2484504999999773,0 days 01:00:00
15m,DEVELOPMENT,106,CLOSED,BTCUSDT,LONG,2024-03-31 05:45:00+00:00,2024-03-31 06:00:00+00:00,70345.63,70380.802815,2024-04-01 05:45:00+00:00,69676.99478685,69642.15628945659,0.000258459895467808,18.190614938505306,0.18190614938505306,69676.99478685,71788.4188713,SL,-0.17281538729684515,0.018190614938505306,0.017999704434725698,0.009090762088208052,0.009004354394557622,0.018095116482765676,-0.22710082315284183,-1.248450499999987,0 days 23:45:00
15m,DEVELOPMENT,107,CLOSED,BTCUSDT,LONG,2024-04-03 08:30:00+00:00,2024-04-03 08:45:00+00:00,66548.39,66581.66419499999,2024-04-03 11:00:00+00:00,65915.84755304999,65882.88962927346,0.00026980011999535865,17.963740989301673,0.17963740989301674,65915.84755304999,67913.29747889999,SL,-0.17066002808927155,0.017963740989301674,0.01777521152761895,0.0089773818037465,0.008892051789705228,0.01786943359345173,-0.2242684141996439,-1.2484505000000123,0 days 02:15:00
15m,DEVELOPMENT,108,CLOSED,BTCUSDT,LONG,2024-04-03 14:15:00+00:00,2024-04-03 14:30:00+00:00,66764.87,66798.25243499999,2024-04-03 15:30:00+00:00,66130.26991065,66097.20477569467,0.0002655712683012777,17.73969661947186,0.17739696619471862,66130.26991065,68134.21748369999,SL,-0.16853155059278427,0.017739696619471862,0.017553518503450504,0.008865415601932908,0.008781149826637967,0.017646565428570876,-0.22147133114427747,-1.2484504999999881,0 days 01:00:00
15m,DEVELOPMENT,109,CLOSED,BTCUSDT,LONG,2024-04-04 12:00:00+00:00,2024-04-04 12:15:00+00:00,66573.57,66606.856785,2024-04-04 16:15:00+00:00,67938.9939207,67905.02442373965,0.00026301265941667797,17.51844653840865,0.1751844653840865,65940.78821715,67938.9939207,TP,0.35912377661445205,0.01751844653840865,0.017859881061442238,0.008754845846278376,0.008934407734586902,0.017689253580865278,0.30605619543373586,1.7470510000000123,0 days 04:00:00
15m,DEVELOPMENT,110,CLOSED,BTCUSDT,LONG,2024-04-04 16:15:00+00:00,2024-04-04 16:30:00+00:00,67936.02,67969.98801,2024-04-05 05:15:00+00:00,67290.2881299,67256.64298583506,0.00026223628258953104,17.824196983397396,0.17824196983397397,67290.2881299,69329.3877702,SL,-0.169334325164611,0.017824196983397395,0.017637132036056647,0.008907644669363194,0.00882297750677904,0.017730622176142234,-0.2225262763602073,-1.2484504999999864,0 days 12:45:00
15m,DEVELOPMENT,111,CLOSED,BTCUSDT,LONG,2024-04-06 15:00:00+00:00,2024-04-06 15:15:00+00:00,68242.12,68276.24105999999,2024-04-06 23:00:00+00:00,69641.76588119999,69606.9449982594,0.00025780407265744667,17.60189301100958,0.1760189301100958,67593.47864939999,69641.76588119999,TP,0.36083440845157844,0.01760189301100958,0.017944953905794158,0.008796548231386621,0.008976965435612858,0.01777351366699948,0.30751404786777525,1.7470510000000128,0 days 07:45:00
15m,DEVELOPMENT,112,CLOSED,BTCUSDT,LONG,2024-04-06 23:00:00+00:00,2024-04-06 23:15:00+00:00,69556.98,69591.75849,2024-04-06 23:45:00+00:00,68895.84090509999,68861.39298464745,0.00025734512592622276,17.90909985203633,0.1790909985203633,68895.84090509999,70983.5936598,SL,-0.17014092363179076,0.01790909985203633,0.01772114384908921,0.008950074888573098,0.008865004426755781,0.01781507931532888,-0.2235862466482452,-1.2484504999999908,0 days 00:30:00
15m,DEVELOPMENT,113,CLOSED,BTCUSDT,LONG,2024-04-07 15:00:00+00:00,2024-04-07 15:15:00+00:00,69799.99,69834.889995,2024-04-07 19:45:00+00:00,69136.54109505001,69101.97282450249,0.0002532507313971297,17.685736968271847,0.17685736968271848,69136.54109505001,71231.58779490001,SL,-0.16801892042321157,0.01768573696827185,0.017500125158789837,0.00883844925950611,0.008754439799293096,0.017592889058799206,-0.22079767160907246,-1.2484504999999873,0 days 04:30:00
15m,DEVELOPMENT,114,CLOSED,BTCUSDT,LONG,2024-04-08 07:00:00+00:00,2024-04-08 07:15:00+00:00,69911.67,69946.625835,2024-04-08 08:15:00+00:00,71345.5583517,71309.88557252416,0.00024969267159443234,17.46515987375729,0.1746515987375729,69247.15957665,71345.5583517,TP,0.3580314133041117,0.01746515987375729,0.017805555839696823,0.008728215828964329,0.008907231535615167,0.017635447364579497,0.30512525022607806,1.7470510000000148,0 days 01:00:00
15m,DEVELOPMENT,115,CLOSED,BTCUSDT,LONG,2024-04-08 08:45:00+00:00,2024-04-08 09:00:00+00:00,71968.0,72003.984,2024-04-08 14:45:00+00:00,71283.94416,71248.30218792001,0.00024679162619048375,17.76998030355357,0.1776998030355357,71283.94416,73444.06367999999,SL,-0.16881925315869759,0.01776998030355357,0.017583484360267777,0.008880549876837562,0.008796140250256428,0.01767669012709399,-0.22184940794961291,-1.2484504999999824,0 days 05:45:00
15m,DEVELOPMENT,116,CLOSED,BTCUSDT,LONG,2024-04-10 19:45:00+00:00,2024-04-10 20:00:00+00:00,70084.0,70119.042,2024-04-12 14:45:00+00:00,69417.85158,69383.14265421001,0.0002502651494209537,17.54835252338413,0.17548352523384128,69417.85158,71521.42284,SL,-0.16671373386783164,0.017548352523384127,0.01736418256365121,0.00876979136600938,0.008686434499073485,0.017456225865082865,-0.21908249481994985,-1.248450499999989,1 days 18:45:00
15m,DEVELOPMENT,117,CLOSED,BTCUSDT,LONG,2024-04-14 23:15:00+00:00,2024-04-14 23:30:00+00:00,65532.01,65564.77600499999,2024-04-15 04:00:00+00:00,64909.12824494999,64876.673680827524,0.0002643109600629737,17.329488892195368,0.1732948889219537,64909.12824494999,66876.0715251,SL,-0.16463447468297812,0.017329488892195367,0.01714761590627178,0.008660414238975659,0.008578097001635013,0.017238511240610672,-0.21635009072205594,-1.2484504999999908,0 days 04:30:00
15m,DEVELOPMENT,118,CLOSED,BTCUSDT,LONG,2024-04-15 06:15:00+00:00,2024-04-15 06:30:00+00:00,66339.51,66372.67975499999,2024-04-15 13:45:00+00:00,65708.95295744999,65676.09848097127,0.00025783733606357667,17.113354935430085,0.17113354935430086,65708.95295744999,67700.13335009999,SL,-0.16258114808722055,0.017113354935430085,0.016933750275382745,0.008552401267080303,0.008471110693037135,0.01702351196011744,-0.2136517652581508,-1.2484504999999955,0 days 07:15:00
15m,DEVELOPMENT,119,CLOSED,BTCUSDT,LONG,2024-04-16 21:15:00+00:00,2024-04-16 21:30:00+00:00,63659.15,63690.979575,2024-04-17 10:00:00+00:00,63054.06977925,63022.54274436038,0.00026534238790593866,16.899916608498867,0.16899916608498866,63054.06977925,64964.7991665,SL,-0.160553430648458,0.016899916608498867,0.01672255198369267,0.008445735436530136,0.008365458721206377,0.016811194157736513,-0.21098709339838606,-1.2484504999999937,0 days 12:30:00
15m,DEVELOPMENT,120,CLOSED,BTCUSDT,LONG,2024-04-18 11:00:00+00:00,2024-04-18 11:15:00+00:00,62405.48,62436.68274,2024-04-18 12:30:00+00:00,61812.315912599995,61781.4097546437,0.0002672970369184217,16.689140291417562,0.16689140291417562,61812.315912599995,63685.4163948,SL,-0.1585510029684418,0.016689140291417562,0.016513987764059136,0.008340399945734139,0.00826112444425131,0.016601524389985446,-0.2083556554139039,-1.2484504999999995,0 days 01:15:00
15m,DEVELOPMENT,121,CLOSED,BTCUSDT,LONG,2024-04-18 14:00:00+00:00,2024-04-18 14:15:00+00:00,63462.04,63493.77102,2024-04-18 17:45:00+00:00,62858.8333098,62827.40389314511,0.0002595686556137954,16.480992783511564,0.16480992783511564,62858.8333098,64763.6464404,SL,-0.15657354963246134,0.016480992783511565,0.01630802476424861,0.008236378202654262,0.008158091427836519,0.01639446963049078,-0.20575703681071228,-1.2484504999999892,0 days 03:30:00
15m,DEVELOPMENT,122,CLOSED,BTCUSDT,LONG,2024-04-19 11:30:00+00:00,2024-04-19 11:45:00+00:00,65353.84,65386.516919999995,2024-04-19 13:00:00+00:00,64732.651750799996,64700.2854249246,0.00024891127505842037,16.275441298186177,0.16275441298186177,64732.651750799996,66694.24725839999,SL,-0.15462075915967988,0.01627544129818618,0.016104630541761714,0.008133653822181515,0.008056343442600908,0.016189997264782423,-0.2031908282644102,-1.2484504999999901,0 days 01:15:00
15m,DEVELOPMENT,123,CLOSED,BTCUSDT,LONG,2024-04-20 15:30:00+00:00,2024-04-20 15:45:00+00:00,64568.96,64601.244479999994,2024-04-22 03:45:00+00:00,65893.26936959999,65860.3227349152,0.0002487947962478972,16.07245345776219,0.1607245345776219,63955.232035199995,65893.26936959999,TP,0.32948127977881125,0.01607245345776219,0.01638570557565398,0.008032210623568018,0.00819695126345653,0.01622916188702455,0.28079395885837055,1.7470510000000101,1 days 12:00:00
15m,DEVELOPMENT,124,CLOSED,BTCUSDT,LONG,2024-04-22 03:45:00+00:00,2024-04-22 04:00:00+00:00,65703.49,65736.341745,2024-04-22 22:45:00+00:00,67051.0685799,67017.54304561006,0.00024876600171348876,16.35296690317515,0.1635296690317515,65078.978327549994,67051.0685799,TP,0.3352317353164643,0.016352966903175153,0.016671686228118036,0.00817239725295927,0.008340013120618642,0.01651241037357791,0.28569467181159314,1.7470510000000161,0 days 18:45:00
15m,DEVELOPMENT,125,CLOSED,BTCUSDT,LONG,2024-04-22 22:45:00+00:00,2024-04-22 23:00:00+00:00,67027.98,67061.49398999999,2024-04-23 04:15:00+00:00,66390.87905009999,66357.68361057494,0.0002481062555541226,16.638376165724196,0.16638376165724197,66390.87905009999,68402.72386979999,SL,-0.1580687310896653,0.016638376165724198,0.016463756407864922,0.008315030567576372,0.008235996202033592,0.016551026769609962,-0.20772189043286438,-1.2484504999999988,0 days 05:15:00
15m,DEVELOPMENT,126,CLOSED,BTCUSDT,LONG,2024-04-24 04:45:00+00:00,2024-04-24 05:00:00+00:00,67008.0,67041.504,2024-04-24 09:00:00+00:00,66371.08896,66337.90341551999,0.00024508492216504253,16.430861789667386,0.16430861789667386,66371.08896,68382.33408,SL,-0.15609729266445785,0.016430861789667385,0.016258419895184825,0.008211325232217785,0.00813327658588588,0.016344601818103665,-0.20513117616741372,-1.248450500000014,0 days 04:00:00
15m,DEVELOPMENT,127,CLOSED,BTCUSDT,LONG,2024-04-28 00:15:00+00:00,2024-04-28 00:30:00+00:00,63734.01,63765.877005,2024-04-28 22:30:00+00:00,63128.21823495,63096.65412583253,0.00025446110524720905,16.225935539749894,0.16225935539749894,63128.21823495,65041.19454510001,SL,-0.15415044208428114,0.016225935539749894,0.01605564434626022,0.008108913313218353,0.008031838092174757,0.01614075140539311,-0.20257277337568436,-1.2484504999999944,0 days 22:00:00
15m,DEVELOPMENT,128,CLOSED,BTCUSDT,LONG,2024-04-29 17:15:00+00:00,2024-04-29 17:30:00+00:00,63184.22,63215.81211,2024-04-29 19:00:00+00:00,62583.6539889,62552.36216190555,0.0002534740059796281,16.023565136777187,0.16023565136777188,62583.6539889,64480.1283522,SL,-0.15222787268872365,0.016023565136777187,0.01585539782066671,0.008007778679048505,0.007931664742704547,0.015939443421753054,-0.2000462790679206,-1.2484505000000008,0 days 01:30:00
15m,DEVELOPMENT,129,CLOSED,BTCUSDT,LONG,2024-04-29 22:15:00+00:00,2024-04-29 22:30:00+00:00,63497.54,63529.28877,2024-04-30 08:00:00+00:00,62893.9958823,62862.548884358854,0.00024907753589733606,15.823718704141903,0.15823718704141904,62893.9958823,64799.8745454,SL,-0.1503292816420485,0.015823718704141905,0.015657648776341935,0.00790790539937085,0.007832740758548801,0.015740646157919654,-0.19755129528045198,-1.2484504999999928,0 days 09:30:00
15m,DEVELOPMENT,130,CLOSED,BTCUSDT,LONG,2024-05-02 12:00:00+00:00,2024-05-02 12:15:00+00:00,58866.82,58896.25341,2024-05-02 13:45:00+00:00,58307.2908759,58278.13723046205,0.000265320183510172,15.626364762802792,0.1562636476280279,58307.2908759,60074.178478199996,SL,-0.14845436988549815,0.015626364762802793,0.01546236606461718,0.007809277742529553,0.0077350505575862335,0.015544328300115786,-0.19508742901303391,-1.2484504999999915,0 days 01:30:00
15m,DEVELOPMENT,131,CLOSED,BTCUSDT,LONG,2024-05-02 14:30:00+00:00,2024-05-02 14:45:00+00:00,59261.07,59290.700534999996,2024-05-02 20:30:00+00:00,58697.79352964999,58668.44463288517,0.0002602680030271671,15.431472226326235,0.15431472226326234,58697.79352964999,60476.514545699996,SL,-0.14660284209018762,0.015431472226326235,0.015269518925310942,0.007711880173075695,0.007638578752030892,0.015350458925106586,-0.1926542921669314,-1.2484505000000026,0 days 05:45:00
15m,DEVELOPMENT,132,CLOSED,BTCUSDT,LONG,2024-05-03 02:00:00+00:00,2024-05-03 02:15:00+00:00,59751.96,59781.835979999996,2024-05-03 07:30:00+00:00,59184.01762019999,59154.425611389895,0.00025491037781254916,15.239010395989643,0.15239010395989644,59184.01762019999,60977.472699599995,SL,-0.14477440661057786,0.015239010395989643,0.015079076981883733,0.007615697349319416,0.007543310146014229,0.015159007495333644,-0.1902515014837849,-1.2484505000000012,0 days 05:15:00
15m,DEVELOPMENT,133,CLOSED,BTCUSDT,LONG,2024-05-03 12:30:00+00:00,2024-05-03 12:45:00+00:00,60461.94,60492.17097,2024-05-03 13:30:00+00:00,61702.0143894,61671.163382205305,0.0002487751508109894,15.048948955945907,0.15048948955945907,59887.2492603,61702.0143894,TP,0.3084996932398299,0.015048948955945907,0.015342252971097294,0.007520714120911722,0.007674963967531126,0.015195678088442847,0.26291281322434384,1.7470510000000088,0 days 00:45:00
15m,DEVELOPMENT,134,CLOSED,BTCUSDT,LONG,2024-05-03 13:30:00+00:00,2024-05-03 13:45:00+00:00,61541.95,61572.720975,2024-05-03 20:15:00+00:00,62804.175394499995,62772.773306802745,0.0002486750443467338,15.311599119007191,0.1531159911900719,60956.993765249994,62804.175394499995,TP,0.31388395595286045,0.015311599119007192,0.01561002218583664,0.0076519735727171015,0.007808915550693657,0.01546088912341076,0.26750144552460586,1.747050999999997,0 days 06:30:00
15m,DEVELOPMENT,135,CLOSED,BTCUSDT,LONG,2024-05-03 20:15:00+00:00,2024-05-03 20:30:00+00:00,62764.38,62795.762189999994,2024-05-04 10:45:00+00:00,64051.677433799996,64019.6515950831,0.0002480873356259917,15.578833330320489,0.15578833330320488,62167.80456809999,64051.677433799996,TP,0.31936219050961806,0.015578833330320488,0.015882464791928435,0.007785523903207804,0.007945204998462014,0.015730728901669818,0.2721701634856993,1.7470510000000121,0 days 14:15:00
15m,DEVELOPMENT,136,CLOSED,BTCUSDT,LONG,2024-05-04 10:45:00+00:00,2024-05-04 11:00:00+00:00,64420.9,64453.11045,2024-05-04 11:45:00+00:00,63808.5793455,63776.675055827254,0.00024592655784762003,15.850731595540967,0.15850731595540968,63808.5793455,65742.172659,SL,-0.15058591086018666,0.015850731595540967,0.015684378167445768,0.007921405095222546,0.007846112139792248,0.015767517235014794,-0.1978885378581882,-1.2484504999999937,0 days 00:45:00
15m,DEVELOPMENT,137,CLOSED,BTCUSDT,LONG,2024-05-05 13:15:00+00:00,2024-05-05 13:30:00+00:00,63999.67,64031.66983499999,2024-05-06 08:15:00+00:00,65312.303231699996,65279.64708008415,0.0002444577939145634,15.653040748529794,0.15653040748529795,63391.353136649996,65312.303231699996,TP,0.3208834240403254,0.015653040748529794,0.01595811851271864,0.007822609069728828,0.007983050781749509,0.01580565985147834,0.27346660492759867,1.747051000000009,0 days 18:45:00
15m,DEVELOPMENT,138,CLOSED,BTCUSDT,LONG,2024-05-06 08:15:00+00:00,2024-05-06 08:30:00+00:00,65390.94,65423.63547,2024-05-06 10:15:00+00:00,64769.3991153,64737.01441574236,0.00024343242385771804,15.926234160045876,0.15926234160045877,64769.3991153,66732.1081794,SL,-0.15130320408919143,0.015926234160045877,0.015759088332536197,0.007959137511267,0.007883485909221721,0.01584262342048872,-0.19883115000226223,-1.2484504999999917,0 days 01:45:00
15m,DEVELOPMENT,139,CLOSED,BTCUSDT,LONG,2024-05-07 08:15:00+00:00,2024-05-07 08:30:00+00:00,64252.13,64284.256064999994,2024-05-07 11:30:00+00:00,63641.41350434999,63609.59279759782,0.0002446571307702214,15.727601642561101,0.157276016425611,63641.41350434999,65569.9411863,SL,-0.14941614553977473,0.015727601642561102,0.015562540463322424,0.007859870885836836,0.0077851628130671474,0.015645033698903982,-0.19635132134456224,-1.2484504999999997,0 days 03:00:00
15m,DEVELOPMENT,140,CLOSED,BTCUSDT,LONG,2024-05-09 15:15:00+00:00,2024-05-09 15:30:00+00:00,62196.61,62227.708305,2024-05-10 14:45:00+00:00,61605.43122195,61574.628506339024,0.00024959052646222494,15.531446476382717,0.15531446476382718,61605.43122195,63472.2624711,SL,-0.14755262244679476,0.015531446476382717,0.01536844394561308,0.007761842317032724,0.007688066005809371,0.015449908322842095,-0.19390242119163265,-1.2484505000000015,0 days 23:15:00
15m,DEVELOPMENT,141,CLOSED,BTCUSDT,LONG,2024-05-12 10:15:00+00:00,2024-05-12 10:30:00+00:00,61280.0,61310.64,2024-05-13 08:00:00+00:00,62536.8528,62505.5843736,0.0002501643721857016,15.337737763903565,0.15337737763903567,60697.5336,62536.8528,TP,0.31441979164184136,0.015337737763903566,0.015636670272922048,0.007665036363769752,0.00782224625959035,0.015487282623360103,0.2679581009816556,1.7470510000000048,0 days 21:30:00
15m,DEVELOPMENT,142,CLOSED,BTCUSDT,LONG,2024-05-13 08:00:00+00:00,2024-05-13 08:15:00+00:00,62672.0,62703.335999999996,2024-05-14 06:00:00+00:00,62076.302639999994,62045.26448868,0.00024887715981291095,15.605428174474651,0.15605428174474653,62076.302639999994,63957.40272,SL,-0.14825546706485054,0.015605428174474651,0.01544164920578354,0.007798814679896305,0.007724686946364273,0.015523501626260578,-0.1948260460713693,-1.2484504999999977,0 days 21:45:00
15m,DEVELOPMENT,143,CLOSED,BTCUSDT,LONG,2024-05-15 07:30:00+00:00,2024-05-15 07:45:00+00:00,62139.65,62170.719825,2024-05-15 12:30:00+00:00,63414.134221500004,63382.42715438926,0.0002478786927865193,15.410796759817938,0.15410796759817938,61549.01262675,63414.134221500004,TP,0.31591748280246534,0.015410796759817939,0.015711153188666793,0.007701547606105587,0.007859506347505435,0.015561053953611022,0.2692344789003696,1.7470510000000177,0 days 04:45:00
15m,DEVELOPMENT,144,CLOSED,BTCUSDT,LONG,2024-05-15 12:30:00+00:00,2024-05-15 12:45:00+00:00,63666.04,63697.87302,2024-05-15 15:15:00+00:00,64971.8304804,64939.3445651598,0.0002461583335487789,15.679762273204924,0.15679762273204925,63060.894289799995,64971.8304804,TP,0.32143120861912317,0.015679762273204924,0.015985360839909687,0.00783596315502451,0.007996678759334182,0.015832641914358694,0.27393344359164984,1.747051000000003,0 days 02:30:00
15m,DEVELOPMENT,145,CLOSED,BTCUSDT,LONG,2024-05-15 18:00:00+00:00,2024-05-15 18:15:00+00:00,65208.25,65240.854125,2024-05-16 00:00:00+00:00,66545.6712075,66512.39837189626,0.0002445311648809253,15.95342205701277,0.1595342205701277,64588.44558375,66545.6712075,TP,0.3270411658064277,0.01595342205701277,0.01626435425290395,0.007972724666172815,0.008136245249074197,0.01610896991524701,0.278714419581264,1.7470510000000112,0 days 05:45:00
15m,DEVELOPMENT,146,CLOSED,BTCUSDT,LONG,2024-05-17 06:45:00+00:00,2024-05-17 07:00:00+00:00,65955.56,65988.53778,2024-05-17 15:15:00+00:00,67308.3085356,67274.65438133219,0.00024597996237961855,16.231858040610437,0.16231858040610436,65328.6524022,67308.3085356,TP,0.33274903389597116,0.016231858040610437,0.016548216953821932,0.008111873083763602,0.008278247600711906,0.01639012068447551,0.28357883821706326,1.747050999999989,0 days 08:15:00
15m,DEVELOPMENT,147,CLOSED,BTCUSDT,LONG,2024-05-17 15:15:00+00:00,2024-05-17 15:30:00+00:00,67392.01,67425.70600499999,2024-05-17 17:00:00+00:00,66751.44894494998,66718.07322047751,0.0002449385340074917,16.515153583284825,0.16515153583284825,66751.44894494998,68774.2201251,SL,-0.15689808576624242,0.016515153583284824,0.016341827046428253,0.00825345006660683,0.008175001023724595,0.016428451090331427,-0.2061835174862869,-1.2484504999999975,0 days 01:30:00
15m,DEVELOPMENT,148,CLOSED,BTCUSDT,LONG,2024-05-18 07:15:00+00:00,2024-05-18 07:30:00+00:00,67190.0,67223.595,2024-05-19 16:45:00+00:00,66551.35905,66518.083370475,0.0002426108874917875,16.30917604333849,0.16309176043338489,66551.35905,68568.0669,SL,-0.1549412476680985,0.01630917604333849,0.01613801124076365,0.008150512765286885,0.008073042141453156,0.01622355490674004,-0.20361198985894066,-1.2484505000000066,1 days 09:15:00
15m,DEVELOPMENT,149,CLOSED,BTCUSDT,LONG,2024-05-20 04:30:00+00:00,2024-05-20 04:45:00+00:00,67055.0,67088.5275,2024-05-20 06:45:00+00:00,66417.64222499999,66384.4334038875,0.0002400673865149422,16.10576746206083,0.1610576746206083,66417.64222499999,68430.29805,SL,-0.15300881531923127,0.01610576746206083,0.015936737432546498,0.008048859301378886,0.00797235489371861,0.016021214195097496,-0.2010725344089361,-1.2484505000000024,0 days 02:00:00
15m,DEVELOPMENT,150,CLOSED,BTCUSDT,LONG,2024-05-20 16:00:00+00:00,2024-05-20 16:15:00+00:00,67513.99,67547.74699500001,2024-05-20 19:15:00+00:00,68898.7019349,68864.25258393255,0.0002354615291682777,15.904895799314637,0.1590489579931464,66872.26952505001,68898.7019349,TP,0.3260463896491183,0.015904895799314638,0.01621488221844328,0.007948473662826699,0.008111496857650535,0.016059970520477234,0.2778666411108831,1.747050999999992,0 days 03:00:00
15m,DEVELOPMENT,151,CLOSED,BTCUSDT,LONG,2024-05-20 19:15:00+00:00,2024-05-20 19:30:00+00:00,69192.01,69226.606005,2024-05-20 23:15:00+00:00,70611.1381251,70575.83255603745,0.00023376106074310017,16.182484851373466,0.16182484851373466,68534.33994495,70611.1381251,TP,0.33173689585374383,0.016182484851373465,0.016497881481126738,0.008087198826273461,0.008253067274199971,0.016340266100473434,0.28271626342077016,1.7470510000000095,0 days 03:45:00
15m,DEVELOPMENT,152,CLOSED,BTCUSDT,LONG,2024-05-20 23:15:00+00:00,2024-05-20 23:30:00+00:00,71432.01,71467.72600499999,2024-05-21 01:15:00+00:00,70753.04874494999,70717.67222057751,0.00023038257408403812,16.464918680964647,0.16464918680964646,70753.04874494999,72897.08052509998,SL,-0.1564208416417487,0.016464918680964648,0.016292119359407924,0.00822834516789717,0.008150134747078062,0.016378479914975232,-0.20555635959709645,-1.2484504999999995,0 days 01:45:00
15m,DEVELOPMENT,153,CLOSED,BTCUSDT,LONG,2024-05-22 15:30:00+00:00,2024-05-22 15:45:00+00:00,70500.5,70535.75025,2024-05-22 17:30:00+00:00,69830.3927475,69795.47755112624,0.00023051527225197607,16.25956767237614,0.1625956767237614,69830.3927475,71946.465255,SL,-0.1544699557480624,0.01625956767237614,0.01608892350965455,0.008125720975699602,0.00804848599782691,0.016174206973526513,-0.20299265390361962,-1.2484505000000081,0 days 01:45:00
15m,DEVELOPMENT,154,CLOSED,BTCUSDT,LONG,2024-05-23 11:15:00+00:00,2024-05-23 11:30:00+00:00,69928.7,69963.66434999999,2024-05-23 12:45:00+00:00,69264.0277065,69229.39569264675,0.0002295016700098922,16.056777808336555,0.16056777808336556,69264.0277065,71362.937637,SL,-0.15254340136755518,0.016056777808336555,0.015888261925238067,0.008024376715809167,0.007948105015125785,0.01597248173093495,-0.20046092283206474,-1.2484504999999873,0 days 01:15:00
15m,DEVELOPMENT,155,CLOSED,BTCUSDT,LONG,2024-05-24 15:00:00+00:00,2024-05-24 15:15:00+00:00,68194.46,68228.55723,2024-05-25 11:15:00+00:00,69593.12837460001,69558.33181041271,0.00023240293785949464,15.856517146166665,0.15856517146166665,67546.27165770001,69593.12837460001,TP,0.32505463934820544,0.015856517146166666,0.016165560665345458,0.007924296424870757,0.00808682374454536,0.016011120169416117,0.2770214413672772,1.7470510000000063,0 days 20:00:00
15m,DEVELOPMENT,156,CLOSED,BTCUSDT,LONG,2024-05-26 08:00:00+00:00,2024-05-26 08:15:00+00:00,69467.01,69501.74350499999,2024-05-26 15:45:00+00:00,68806.72606994999,68772.32270691502,0.00023212744068322024,16.133261842837275,0.16133261842837274,68806.72606994999,70891.7783751,SL,-0.1532700188067662,0.016133261842837275,0.015963943259796696,0.008062599621607025,0.007985964612204023,0.016048564233811048,-0.2014157881432112,-1.2484505000000004,0 days 07:30:00
15m,DEVELOPMENT,157,CLOSED,BTCUSDT,LONG,2024-05-27 14:45:00+00:00,2024-05-27 15:00:00+00:00,69500.0,69534.75,2024-05-28 01:45:00+00:00,68839.4025,68804.98279875,0.00022912352844106916,15.932047269267635,0.15932047269267635,68839.4025,70925.445,SL,-0.15135843007935,0.015932047269267634,0.01576484043317667,0.007962042613327154,0.007886363398285995,0.01584840601161315,-0.19890372379340743,-1.2484504999999955,0 days 10:45:00
15m,DEVELOPMENT,158,CLOSED,BTCUSDT,LONG,2024-05-29 01:30:00+00:00,2024-05-29 01:45:00+00:00,68671.97,68706.305985,2024-05-29 07:45:00+00:00,68019.24292515,67985.23330368743,0.00022899415162747823,15.733342250493004,0.15733342250493004,68019.24292515,70080.4321047,SL,-0.14947068274956155,0.015733342250493006,0.015568220823574083,0.007862739755368334,0.007788004413992074,0.01565074416936041,-0.19642298999298904,-1.2484504999999866,0 days 06:00:00
15m,DEVELOPMENT,159,CLOSED,BTCUSDT,LONG,2024-05-30 02:15:00+00:00,2024-05-30 02:30:00+00:00,68098.52,68132.56926,2024-05-30 08:00:00+00:00,67451.2435674,67417.5179456163,0.00022804241284329405,15.537115487263247,0.15537115487263248,67451.2435674,69495.22064520001,SL,-0.14760647946670455,0.015537115487263248,0.01537405346022442,0.007764675405928607,0.0076908721661949515,0.015455547572123559,-0.19397319598631577,-1.248450500000002,0 days 05:30:00
15m,DEVELOPMENT,160,CLOSED,BTCUSDT,LONG,2024-05-30 13:45:00+00:00,2024-05-30 14:00:00+00:00,68623.99,68658.301995,2024-05-31 09:15:00+00:00,67971.71897505,67937.73311556247,0.0002234738644106123,15.343336070693503,0.15343336070693503,67971.71897505,70031.4680349,SL,-0.14576552658864936,0.015343336070693504,0.015182307758631573,0.0076678341182868,0.007594951354993482,0.01526278547328028,-0.19155395589125473,-1.2484505000000088,0 days 19:15:00
15m,DEVELOPMENT,161,CLOSED,BTCUSDT,LONG,2024-05-31 12:30:00+00:00,2024-05-31 12:45:00+00:00,68855.45,68889.877725,2024-05-31 13:30:00+00:00,68200.97894775,68166.87845827613,0.000219944844986957,15.151973477395547,0.15151973477395547,68200.97894775,70267.6752795,SL,-0.14394753413557587,0.015151973477395548,0.014992953515750283,0.0075722006383788865,0.007500226871310265,0.015072427509689151,-0.18916488863841086,-1.248450499999992,0 days 00:45:00
15m,DEVELOPMENT,162,CLOSED,BTCUSDT,LONG,2024-06-02 14:15:00+00:00,2024-06-02 14:30:00+00:00,68345.67,68379.84283499999,2024-06-02 18:00:00+00:00,67696.04440664999,67662.19638444667,0.00021882176010224906,14.96299756466986,0.1496299756466986,67696.04440664999,69747.43969169998,SL,-0.1421522157443164,0.014962997564669862,0.014805960905228652,0.007477759902381618,0.007406683794511571,0.01488444369689319,-0.18680561791110814,-1.2484504999999961,0 days 03:30:00
15m,DEVELOPMENT,163,CLOSED,BTCUSDT,LONG,2024-06-03 01:45:00+00:00,2024-06-03 02:00:00+00:00,68476.01,68510.24800499999,2024-06-03 13:30:00+00:00,69880.45296509999,69845.51273861744,0.0002156812885085347,14.776378565757666,0.14776378565757667,67825.14552494998,69880.45296509999,TP,0.30291206834951406,0.014776378565757666,0.015064370184004285,0.007384497034359922,0.00753595306853589,0.014920450102895812,0.2581508694968563,1.7470510000000088,0 days 11:30:00
15m,DEVELOPMENT,164,CLOSED,BTCUSDT,LONG,2024-06-03 13:30:00+00:00,2024-06-03 13:45:00+00:00,69987.99,70022.983995,2024-06-03 14:30:00+00:00,69322.75415505,69288.09277797249,0.0002147048109710881,15.034271542278002,0.15034271542278002,69322.75415505,71423.4436749,SL,-0.14282933634118236,0.015034271542278002,0.014876486862441798,0.0075133790815975765,0.007441964413425415,0.01495534349502299,-0.18769543824092516,-1.2484504999999848,0 days 00:45:00
15m,DEVELOPMENT,165,CLOSED,BTCUSDT,LONG,2024-06-04 13:15:00+00:00,2024-06-04 13:30:00+00:00,69429.78,69464.49489,2024-06-04 16:15:00+00:00,70853.7847878,70818.35789540611,0.00021373168602863772,14.84676361196739,0.1484676361196739,68769.8499411,70853.7847878,TP,0.3043549442093474,0.01484676361196739,0.015136127034764637,0.0074196719699993205,0.007571849442102167,0.014991521412101487,0.2593805321505138,1.7470510000000097,0 days 02:45:00
15m,DEVELOPMENT,166,CLOSED,BTCUSDT,LONG,2024-06-04 16:15:00+00:00,2024-06-04 16:30:00+00:00,70863.21,70898.641605,2024-06-04 19:30:00+00:00,70189.65518895,70154.56036135553,0.0002130631092605003,15.105885022707167,0.15105885022707166,70189.65518895,72316.6144371,SL,-0.1435096822996838,0.015105885022707167,0.014947348759393856,0.007549167927387901,0.007477413086238635,0.015026581013626535,-0.18858949709541134,-1.2484504999999908,0 days 03:00:00
15m,DEVELOPMENT,167,CLOSED,BTCUSDT,LONG,2024-06-05 07:30:00+00:00,2024-06-05 07:45:00+00:00,71346.91,71382.583455,2024-06-05 12:15:00+00:00,70668.75762045,70633.42324163977,0.00020897932247173186,14.917483926707757,0.14917483926707756,70668.75762045,72810.2351241,SL,-0.14171982481095396,0.014917483926707756,0.014760924932896958,0.007455014456125076,0.007384154543719524,0.0148391689998446,-0.18623740267040328,-1.2484505000000046,0 days 04:30:00
15m,DEVELOPMENT,168,CLOSED,BTCUSDT,LONG,2024-06-05 15:15:00+00:00,2024-06-05 15:30:00+00:00,71543.57,71579.341785,2024-06-05 23:15:00+00:00,70863.54836715,70828.11659296643,0.00020580564458998362,14.731432575388673,0.14731432575388673,70863.54836715,73010.9286207,SL,-0.1399522904838295,0.014731432575388673,0.01457682619050997,0.0073620352700572295,0.007292059124816233,0.014654094394873463,-0.18391464364460158,-1.248450499999992,0 days 07:45:00
15m,DEVELOPMENT,169,CLOSED,BTCUSDT,LONG,2024-06-06 12:15:00+00:00,2024-06-06 12:30:00+00:00,71366.16,71401.84308,2024-06-06 19:30:00+00:00,70687.8246492,70652.48073687541,0.00020374406367013913,14.547701662656804,0.14547701662656803,70687.8246492,72829.87994160001,SL,-0.13820680090310136,0.014547701662656804,0.014395023533707222,0.007270215723467181,0.007201112323013417,0.0144713280464806,-0.181620854145946,-1.248450499999992,0 days 07:00:00
15m,DEVELOPMENT,170,CLOSED,BTCUSDT,LONG,2024-06-07 05:15:00+00:00,2024-06-07 05:30:00+00:00,71320.0,71355.65999999999,2024-06-07 12:30:00+00:00,70642.10339999999,70606.7823483,0.00020133318433219726,14.366262247925592,0.14366262247925593,70642.10339999999,72782.7732,SL,-0.13648308112597127,0.014366262247925593,0.014215488325633616,0.0071795413532839275,0.007111299812722574,0.014290841166006502,-0.17935567286553694,-1.2484504999999906,0 days 07:00:00
15m,DEVELOPMENT,171,CLOSED,BTCUSDT,LONG,2024-06-09 12:30:00+00:00,2024-06-09 12:45:00+00:00,69527.44,69562.20372,2024-06-11 01:45:00+00:00,68866.58168280001,68832.14839195862,0.00020394819302536646,14.187085751556426,0.14187085751556425,68866.58168280001,70953.44779440001,SL,-0.13478085963872294,0.014187085751556427,0.014038192286593844,0.007089997876840333,0.007022607447018919,0.014112605323859252,-0.17711874300073246,-1.2484504999999826,1 days 13:00:00
15m,DEVELOPMENT,172,CLOSED,BTCUSDT,LONG,2024-06-12 04:30:00+00:00,2024-06-12 04:45:00+00:00,67609.48,67643.28473999999,2024-06-12 12:30:00+00:00,68996.15043479999,68961.65235958259,0.0002071180310685323,14.010143950356895,0.14010143950356896,66966.85189259998,68996.15043479999,TP,0.28720445019671975,0.014010143950356895,0.014283201655949351,0.007001571189582063,0.007145173414682326,0.01414674460426439,0.24476435998614918,1.7470509999999966,0 days 07:45:00
15m,DEVELOPMENT,173,CLOSED,BTCUSDT,LONG,2024-06-12 12:30:00+00:00,2024-06-12 12:45:00+00:00,69417.98,69452.68899,2024-06-12 18:45:00+00:00,68758.16210009999,68723.78301904994,0.00020524279186015865,14.254663790502901,0.14254663790502903,68758.16210009999,70841.7427698,SL,-0.13542286789478442,0.014254663790502902,0.014105061094021572,0.007123770010246159,0.007056058576299028,0.014179828586545186,-0.17796242136585408,-1.2484505000000115,0 days 06:00:00
15m,DEVELOPMENT,174,CLOSED,BTCUSDT,LONG,2024-06-14 13:15:00+00:00,2024-06-14 13:30:00+00:00,67331.18,67364.84558999998,2024-06-14 14:15:00+00:00,66691.19713409999,66657.85153553294,0.00020896476538296153,14.076879153773778,0.14076879153773778,66691.19713409999,68712.14250179999,SL,-0.13373386942190987,0.014076879153773777,0.013929142307054925,0.007034922115826804,0.006968055181116844,0.014002977296943647,-0.1757428681796822,-1.2484504999999837,0 days 00:45:00
15m,DEVELOPMENT,175,CLOSED,BTCUSDT,LONG,2024-06-16 06:45:00+00:00,2024-06-16 07:00:00+00:00,66312.01,66345.16600499999,2024-06-17 09:45:00+00:00,65681.71434494999,65648.87348777751,0.00020953013896818538,13.901311852894978,0.1390131185289498,65681.71434494999,67672.06932509999,SL,-0.1320659361936719,0.013901311852894978,0.013755417584998843,0.006947182335279241,0.006881149367182421,0.013828331702461661,-0.17355099733402737,-1.2484505000000052,1 days 02:45:00
15m,DEVELOPMENT,176,CLOSED,BTCUSDT,LONG,2024-06-17 18:00:00+00:00,2024-06-17 18:15:00+00:00,66874.94,66908.37746999999,2024-06-17 20:00:00+00:00,66239.29369529999,66206.17404845235,0.0002051751178592833,13.727934233180664,0.13727934233180664,66239.29369529999,68246.5450194,SL,-0.13041880548364335,0.013727934233180665,0.013583859563403435,0.006860536848164166,0.0067953274454225785,0.013655864293586745,-0.17138646357381418,-1.2484504999999928,0 days 01:45:00
15m,DEVELOPMENT,177,CLOSED,BTCUSDT,LONG,2024-06-19 04:00:00+00:00,2024-06-19 04:15:00+00:00,65616.01,65648.818005,2024-06-19 14:00:00+00:00,64992.32982494999,64959.83366003752,0.000206503626368759,13.556718984855177,0.13556718984855176,64992.32982494999,66961.7943651,SL,-0.12879221784212777,0.013556718984855177,0.013414441219109122,0.006774972006424161,0.0067105758975031776,0.01348554790392734,-0.1692489259500194,-1.2484505000000001,0 days 09:45:00
15m,DEVELOPMENT,178,CLOSED,BTCUSDT,LONG,2024-06-20 05:45:00+00:00,2024-06-20 06:00:00+00:00,65513.93,65546.686965,2024-06-20 14:00:00+00:00,64891.22009535,64858.774485302325,0.0002042458552619123,13.387639138751263,0.13387639138751264,64891.22009535,66857.6207043,SL,-0.12718591705530324,0.013387639138751264,0.01324713586599007,0.006690474332209627,0.006626881373681786,0.013317355705891414,-0.167138047765936,-1.248450500000001,0 days 08:00:00
15m,DEVELOPMENT,179,CLOSED,BTCUSDT,LONG,2024-06-22 06:30:00+00:00,2024-06-22 06:45:00+00:00,64500.0,64532.25,2024-06-23 20:30:00+00:00,63886.9275,63854.98403625,0.00020486916327978677,13.22066806206202,0.1322066806206202,63886.9275,65822.895,SL,-0.1255996501048475,0.01322066806206202,0.013081917150750681,0.006607030515773123,0.006544230690719554,0.013151261206492678,-0.16505349652415285,-1.2484504999999946,1 days 13:45:00
15m,DEVELOPMENT,180,CLOSED,BTCUSDT,LONG,2024-06-25 03:30:00+00:00,2024-06-25 03:45:00+00:00,61580.88,61611.670439999994,2024-06-25 05:30:00+00:00,60995.55373559999,60965.05595873219,0.00021190432528298426,13.055779454145785,0.13055779454145786,60995.55373559999,62843.90384879999,SL,-0.12403316712809292,0.013055779454145785,0.012918759048774524,0.006524627413365581,0.006462610829802161,0.012987238243167741,-0.16299494387418098,-1.248450500000005,0 days 01:45:00
15m,DEVELOPMENT,181,CLOSED,BTCUSDT,LONG,2024-06-25 14:15:00+00:00,2024-06-25 14:30:00+00:00,62084.02,62115.062009999994,2024-06-25 15:00:00+00:00,61493.91138989999,61463.16443420505,0.00020756555536091572,12.892947342383367,0.12892947342383368,61493.91138989999,63357.3632502,SL,-0.12248622137866536,0.012892947342383368,0.012757635860025054,0.006443252045168558,0.006382008934478441,0.012825260979646999,-0.1609620655607208,-1.2484504999999917,0 days 00:30:00
15m,DEVELOPMENT,182,CLOSED,BTCUSDT,LONG,2024-06-25 18:45:00+00:00,2024-06-25 19:00:00+00:00,62159.09,62190.16954499999,2024-06-26 05:15:00+00:00,61568.267849549986,61537.48371562521,0.00020472923890124033,12.732146078086943,0.12732146078086942,61568.267849549986,63433.97293589999,SL,-0.12095856918762479,0.012732146078086943,0.012598522204997421,0.006362891593245464,0.006302412308653086,0.01266530390189855,-0.1589545413726077,-1.248450500000007,0 days 10:15:00
15m,DEVELOPMENT,183,CLOSED,BTCUSDT,LONG,2024-06-27 13:45:00+00:00,2024-06-27 14:00:00+00:00,61990.0,62020.994999999995,2024-06-27 20:00:00+00:00,61400.78504999999,61370.084657474996,0.00020272732374674037,12.573350332459965,0.12573350332459965,61400.78504999999,63261.414899999996,SL,-0.1194499699250712,0.012573350332459965,0.012441393020720797,0.006283533399529273,0.006223808414566781,0.012507341814096054,-0.15697205509234802,-1.2484504999999995,0 days 06:00:00
15m,DEVELOPMENT,184,CLOSED,BTCUSDT,LONG,2024-06-29 07:15:00+00:00,2024-06-29 07:30:00+00:00,61115.99,61146.54799499999,2024-06-30 20:30:00+00:00,62369.4789549,62338.29421542255,0.00020306191436387844,12.416535092607472,0.12416535092607472,60535.082515049995,62369.4789549,TP,0.2545358668159713,0.012416535092607471,0.012658533361562392,0.006205164963820926,0.0063324328972287885,0.012537597861049715,0.21692320050075167,1.7470510000000152,1 days 13:00:00
15m,DEVELOPMENT,185,CLOSED,BTCUSDT,LONG,2024-06-30 22:15:00+00:00,2024-06-30 22:30:00+00:00,62942.56,62974.031279999996,2024-07-02 14:00:00+00:00,62344.290967199995,62313.1188217164,0.0002006103361946661,12.633241586614218,0.1263324158661422,62344.290967199995,64233.5119056,SL,-0.12001895180486624,0.012633241586614219,0.012500655716162703,0.006313464061276057,0.006253454585372702,0.012566918646648759,-0.15771976775429192,-1.2484504999999904,1 days 15:30:00
15m,DEVELOPMENT,186,CLOSED,BTCUSDT,LONG,2024-07-06 13:45:00+00:00,2024-07-06 14:00:00+00:00,56991.09,57019.585544999994,2024-07-06 20:15:00+00:00,58159.9772559,58130.89726727205,0.0002187963883255454,12.475679381065474,0.12475679381065474,56449.38968954999,58159.9772559,TP,0.2557483099506778,0.012475679381065474,0.012718830372202443,0.006234722329367604,0.006362596484343219,0.012597318813710824,0.21795648138369905,1.747051000000007,0 days 06:15:00
15m,DEVELOPMENT,187,CLOSED,BTCUSDT,LONG,2024-07-06 23:15:00+00:00,2024-07-06 23:30:00+00:00,58378.0,58407.189,2024-07-07 04:00:00+00:00,57823.11711,57794.205551445004,0.00021732629734511852,12.693418123706536,0.12693418123706537,57823.11711,59575.33278,SL,-0.12059064394385886,0.012693418123706536,0.012560200700498238,0.006343537293206336,0.00628324197123371,0.012626779264440046,-0.15847104203250367,-1.2484504999999904,0 days 04:30:00
15m,DEVELOPMENT,188,CLOSED,BTCUSDT,LONG,2024-07-08 08:45:00+00:00,2024-07-08 09:00:00+00:00,57791.99,57820.885995,2024-07-08 10:45:00+00:00,57242.67713505,57214.05579648248,0.0002167919978861496,12.535105394403336,0.12535105394403337,57242.67713505,58977.3037149,SL,-0.11908663345707508,0.012535105394403336,0.012403549463289075,0.0062644204869579615,0.006204877170228978,0.01246929765718694,-0.15649458597195443,-1.248450499999992,0 days 01:45:00
15m,DEVELOPMENT,189,CLOSED,BTCUSDT,LONG,2024-07-09 06:15:00+00:00,2024-07-09 06:30:00+00:00,57589.99,57618.784994999995,2024-07-09 07:45:00+00:00,57042.59714504999,57014.07584647747,0.00021483908672758899,12.378767146679106,0.12378767146679107,57042.59714504999,58771.1606949,SL,-0.11760138103866669,0.012378767146679107,0.01224885198547471,0.006186290428124752,0.006127489737605715,0.012313780165730467,-0.15454278033655097,-1.2484504999999995,0 days 01:15:00
15m,DEVELOPMENT,190,CLOSED,BTCUSDT,LONG,2024-07-09 08:30:00+00:00,2024-07-09 08:45:00+00:00,57840.01,57868.930005,2024-07-09 10:45:00+00:00,57290.24070495,57261.59558459753,0.00021124252260545145,12.2243787547345,0.12224378754734501,57290.24070495,59026.30860510001,SL,-0.11613465273738244,0.0122243787547345,0.012096083899703564,0.006109134809962257,0.006051067483592576,0.012160202293554833,-0.15261531768537534,-1.2484504999999892,0 days 02:00:00
15m,DEVELOPMENT,191,CLOSED,BTCUSDT,LONG,2024-07-10 04:00:00+00:00,2024-07-10 04:15:00+00:00,58727.06,58756.42352999999,2024-07-10 12:30:00+00:00,58168.85929469999,58139.77486505265,0.00020545695559125125,12.071915899903958,0.12071915899903958,58168.85929469999,59931.55200059999,SL,-0.1146862175198283,0.012071915899903958,0.011945221142534468,0.006032941479211363,0.005975598370451273,0.012008539849662637,-0.15071189441192934,-1.2484504999999906,0 days 08:15:00
15m,DEVELOPMENT,192,CLOSED,BTCUSDT,LONG,2024-07-11 11:30:00+00:00,2024-07-11 11:45:00+00:00,58703.52,58732.871759999995,2024-07-11 14:15:00+00:00,58145.54304239999,58116.470270878795,0.0002029758499727259,11.921354566825109,0.11921354566825108,58145.54304239999,59907.5291952,SL,-0.11325584723405635,0.01192135456682511,0.01179623995064628,0.0059576984341949985,0.005901070510577996,0.011858768944772995,-0.14883221069630073,-1.2484504999999986,0 days 02:30:00
15m,DEVELOPMENT,193,CLOSED,BTCUSDT,LONG,2024-07-12 13:45:00+00:00,2024-07-12 14:00:00+00:00,57850.2,57879.1251,2024-07-12 20:15:00+00:00,57300.333848999995,57271.6836820755,0.00020340098471281106,11.772671039655979,0.1177267103965598,57300.333848999995,59036.707601999995,SL,-0.11184331657364366,0.011772671039655978,0.01164911685709479,0.00588339382291661,0.005827472164629134,0.011710865987545744,-0.14697597045794017,-1.248450499999999,0 days 06:15:00
15m,DEVELOPMENT,194,CLOSED,BTCUSDT,LONG,2024-07-13 09:30:00+00:00,2024-07-13 09:45:00+00:00,58352.09,58381.266045,2024-07-13 23:00:00+00:00,59548.891365899995,59519.11692021705,0.00019913651563119948,11.625841898339358,0.11625841898339358,57797.45338455,59548.891365899995,TP,0.23832685390798602,0.011625841898339357,0.011852429556937992,0.005810015941199111,0.005929179368152266,0.011739195309351377,0.2031093871433573,1.7470510000000048,0 days 13:15:00
15m,DEVELOPMENT,195,CLOSED,BTCUSDT,LONG,2024-07-13 23:00:00+00:00,2024-07-13 23:15:00+00:00,59726.0,59755.863,2024-07-13 23:45:00+00:00,59158.30437,59128.725217815,0.0001979512600964704,11.828748379002052,0.11828748379002052,59158.30437,60950.98026,SL,-0.11237606530976002,0.011828748379002052,0.011704605664764426,0.005911418480260412,0.005855230447605408,0.01176664892786582,-0.14767606828139232,-1.2484504999999941,0 days 00:30:00
15m,DEVELOPMENT,196,CLOSED,BTCUSDT,LONG,2024-07-14 21:15:00+00:00,2024-07-14 21:30:00+00:00,60749.99,60780.364994999996,2024-07-15 02:15:00+00:00,61995.9722949,61964.97430875255,0.00019218739209975687,11.681219839260402,0.11681219839260402,60172.561345049995,61995.9722949,TP,0.23946208785930137,0.011681219839260402,0.011908886813927587,0.005837691074092829,0.005957422118022692,0.01179511319211552,0.20407686801399783,1.7470510000000048,0 days 04:45:00
15m,DEVELOPMENT,197,CLOSED,BTCUSDT,LONG,2024-07-15 02:15:00+00:00,2024-07-15 02:30:00+00:00,62206.94,62238.04347,2024-07-15 16:30:00+00:00,63482.8043394,63451.0629372303,0.00019096186466735957,11.885092834279382,0.11885092834279382,61615.66303529999,63482.8043394,TP,0.24364143331441207,0.011885092834279382,0.012116733293619487,0.0059395766288242394,0.006061397345481876,0.012000973974306117,0.20763863321220707,1.7470510000000068,0 days 14:00:00
15m,DEVELOPMENT,198,CLOSED,BTCUSDT,LONG,2024-07-15 16:30:00+00:00,2024-07-15 16:45:00+00:00,63454.0,63485.727,2024-07-15 22:30:00+00:00,64755.44154,64723.06381923,0.0001904762630549947,12.092524036289579,0.12092524036289579,62850.86973,64755.44154,TP,0.24789372112373737,0.01209252403628958,0.012328207329756865,0.0060432403979456175,0.006167187258507078,0.012210427656452695,0.21126256210123823,1.7470510000000063,0 days 05:45:00
15m,DEVELOPMENT,199,CLOSED,BTCUSDT,LONG,2024-07-16 23:15:00+00:00,2024-07-16 23:30:00+00:00,65227.9,65260.51395,2024-07-17 11:30:00+00:00,64607.9088105,64575.60485609475,0.00018853016628564613,12.303575546880229,0.12303575546880229,64607.9088105,66565.724229,SL,-0.11688704205207132,0.01230357554688023,0.01217444952151572,0.006148713416731564,0.006090269895704665,0.012238983312436228,-0.15360405043290348,-1.2484504999999961,0 days 12:00:00
15m,DEVELOPMENT,200,CLOSED,BTCUSDT,LONG,2024-07-19 06:00:00+00:00,2024-07-19 06:15:00+00:00,64408.01,64440.214005,2024-07-19 07:30:00+00:00,63795.81186495,63763.91395901753,0.00018854879883087314,12.150124947047159,0.1215012494704716,63795.81186495,65729.0182851,SL,-0.11542922301017798,0.01215012494704716,0.012022609385727901,0.006072026460293357,0.006014311848787432,0.012086338309080789,-0.15168829565203384,-1.2484504999999906,0 days 01:15:00
15m,DEVELOPMENT,201,CLOSED,BTCUSDT,LONG,2024-07-19 13:30:00+00:00,2024-07-19 13:45:00+00:00,64631.95,64664.265974999995,2024-07-19 16:00:00+00:00,65957.5512945,65924.57251885274,0.00018555206662042406,11.99858818815402,0.1199858818815402,64017.62331524999,65957.5512945,TP,0.24596805970918376,0.011998588188154021,0.012232440671941142,0.005996295946103533,0.006119279975958659,0.012115575922062192,0.20962145492702638,1.7470509999999975,0 days 02:15:00
15m,DEVELOPMENT,202,CLOSED,BTCUSDT,LONG,2024-07-19 16:00:00+00:00,2024-07-19 16:15:00+00:00,66158.0,66191.079,2024-07-20 17:15:00+00:00,67514.90058,67481.14312971,0.00018443573387039308,12.208000231038163,0.12208000231038163,65529.168209999996,67514.90058,TP,0.2502609542614623,0.012208000231038163,0.0124459341555411,0.006100949640698346,0.006226080117828574,0.012327029758526922,0.2132799901163561,1.7470510000000128,1 days 01:00:00
15m,DEVELOPMENT,203,CLOSED,BTCUSDT,LONG,2024-07-21 16:45:00+00:00,2024-07-21 17:00:00+00:00,67553.99,67587.766995,2024-07-21 17:45:00+00:00,66911.88932505,66878.43338038748,0.0001837768535118228,12.421067154231325,0.12421067154231326,66911.88932505,68939.5223349,SL,-0.11800324168013024,0.012421067154231325,0.012290708054447668,0.006207429862183265,0.006148428241343731,0.012355858103526997,-0.15507087499233624,-1.248450499999996,0 days 00:45:00
15m,DEVELOPMENT,204,CLOSED,BTCUSDT,LONG,2024-07-21 20:15:00+00:00,2024-07-21 20:30:00+00:00,68124.5,68158.56225,2024-07-22 06:30:00+00:00,67476.9766275,67443.23813918626,0.00017996493456253946,12.266151195198022,0.12266151195198022,67476.9766275,69521.73349500001,SL,-0.11653150135967733,0.012266151195198022,0.012137417938404421,0.006130010592303342,0.006071744841621578,0.01220175543392492,-0.1531368259272047,-1.2484504999999921,0 days 10:00:00
15m,DEVELOPMENT,205,CLOSED,BTCUSDT,LONG,2024-07-22 19:45:00+00:00,2024-07-22 20:00:00+00:00,68232.08,68266.19604,2024-07-22 22:00:00+00:00,67583.5340796,67549.74231256019,0.00017744019816213723,12.113167353112907,0.12113167353112907,67583.5340796,69631.5199608,SL,-0.11507811663302295,0.012113167353112906,0.011986039661741988,0.00605355689810625,0.0059960178397912315,0.012049574737897481,-0.15122689838577533,-1.248450500000004,0 days 02:00:00
15m,DEVELOPMENT,206,CLOSED,BTCUSDT,LONG,2024-07-24 08:30:00+00:00,2024-07-24 08:45:00+00:00,66357.99,66391.168995,2024-07-24 18:45:00+00:00,65727.25730504999,65694.39367639748,0.00018017594375316056,11.962091530549698,0.11962091530549698,65727.25730504999,67718.9923749,SL,-0.11364285856859291,0.011962091530549697,0.011836549379936579,0.0059780567369054505,0.005921235307620174,0.011899292044525625,-0.14934079152360483,-1.2484504999999955,0 days 10:00:00
15m,DEVELOPMENT,207,CLOSED,BTCUSDT,LONG,2024-07-25 20:45:00+00:00,2024-07-25 21:00:00+00:00,65298.01,65330.659005,2024-07-26 02:15:00+00:00,66637.27218510001,66603.95354900746,0.00018081709430976247,11.812899930626019,0.1181289993062602,64677.35241495,66637.27218510001,TP,0.24216149682872665,0.011812899930626019,0.012043133350273922,0.005903498216204781,0.0060245789646186385,0.01192807718082342,0.20637738636700328,1.747051000000018,0 days 05:15:00
15m,DEVELOPMENT,208,CLOSED,BTCUSDT,LONG,2024-07-26 02:15:00+00:00,2024-07-26 02:30:00+00:00,66856.23,66889.658115,2024-07-27 07:00:00+00:00,68227.4512773,68193.33755166136,0.00017968504376437525,12.019071145777872,0.12019071145777872,66220.76153385,68227.4512773,TP,0.2463879552222942,0.012019071145777872,0.012253322842409086,0.006006532306736007,0.00612972628434542,0.012136258591081427,0.20997930264302578,1.7470510000000166,1 days 04:30:00
15m,DEVELOPMENT,209,CLOSED,BTCUSDT,LONG,2024-07-27 07:15:00+00:00,2024-07-27 07:30:00+00:00,68263.98,68298.11198999999,2024-07-27 20:00:00+00:00,67615.1308701,67581.32330466495,0.00017905093307232713,12.22884067888779,0.12228840678887791,67615.1308701,69664.0742298,SL,-0.11617704213176287,0.012228840678887791,0.012100498995962865,0.006111364657114336,0.006053276136047591,0.012164640793161928,-0.15267102259977544,-1.2484504999999788,0 days 12:30:00
15m,DEVELOPMENT,210,CLOSED,BTCUSDT,LONG,2024-07-28 18:15:00+00:00,2024-07-28 18:30:00+00:00,68259.79,68293.91989499998,2024-07-29 03:00:00+00:00,69659.79829289998,69624.96839375354,0.0001768286575636473,12.076322174792113,0.12076322174792113,67610.98069604998,69659.79829289998,TP,0.24756158701147893,0.012076322174792114,0.012311689693978813,0.006035143515636636,0.006158924309142185,0.012194067824778821,0.21097950731792917,1.747051000000015,0 days 08:30:00
15m,DEVELOPMENT,211,CLOSED,BTCUSDT,LONG,2024-07-29 06:15:00+00:00,2024-07-29 06:30:00+00:00,69816.01,69850.91800499998,2024-07-29 13:45:00+00:00,69152.40882494999,69117.83262053752,0.00017590450153413795,12.287090913371465,0.12287090913371465,69152.40882494999,71247.93636509999,SL,-0.11673043391463914,0.012287090913371466,0.012158137894235633,0.006140475219074476,0.00608211000211822,0.012222585221192695,-0.15339824794343895,-1.2484504999999864,0 days 07:15:00
15m,DEVELOPMENT,212,CLOSED,BTCUSDT,LONG,2024-07-31 13:30:00+00:00,2024-07-31 13:45:00+00:00,66702.62,66735.97131,2024-07-31 14:15:00+00:00,66068.6115969,66035.57729110155,0.00018181867547963272,12.133845910430969,0.1213384591043097,66068.6115969,68070.69073619999,SL,-0.11527456809459917,0.01213384591043097,0.012006501197600997,0.006063891009710301,0.006006253725662021,0.012070144735372323,-0.15148505993800343,-1.248450499999987,0 days 00:30:00
15m,DEVELOPMENT,213,CLOSED,BTCUSDT,LONG,2024-08-01 22:15:00+00:00,2024-08-01 22:30:00+00:00,65538.01,65570.77900499999,2024-08-02 00:45:00+00:00,64915.07121494999,64882.61367934252,0.0001827416475150535,11.982512184219178,0.11982512184219178,64915.07121494999,66882.19458509999,SL,-0.1138368598810639,0.011982512184219179,0.011856755718845799,0.005988261961128048,0.0059313435311877764,0.011919605492315823,-0.1495957332764447,-1.2484504999999955,0 days 02:15:00
15m,DEVELOPMENT,214,CLOSED,BTCUSDT,LONG,2024-08-02 13:30:00+00:00,2024-08-02 13:45:00+00:00,65436.01,65468.728005,2024-08-02 14:00:00+00:00,64814.04072495,64781.633704587526,0.00018074378803153174,11.833065897229725,0.11833065897229725,64814.04072495,66778.1025651,SL,-0.1124170828117633,0.011833065897229725,0.0117088778706383,0.005913576160533723,0.005857367619128243,0.011770943779661966,-0.14772997035929328,-1.248450499999994,0 days 00:15:00
15m,DEVELOPMENT,215,CLOSED,BTCUSDT,LONG,2024-08-05 16:15:00+00:00,2024-08-05 16:30:00+00:00,55461.76,55489.49088,2024-08-05 16:30:00+00:00,54934.5959712,54907.1286732144,0.00021058912821040476,11.685483509258406,0.11685483509258406,54934.5959712,56599.2806976,SL,-0.11101501324887783,0.011685483509258406,0.011562844359828739,0.005839821843706406,0.00578431433708224,0.011624136180788646,-0.14588747729875362,-1.248450499999996,0 days 00:00:00
15m,DEVELOPMENT,216,CLOSED,BTCUSDT,LONG,2024-08-06 00:15:00+00:00,2024-08-06 00:30:00+00:00,55625.55,55653.362775,2024-08-06 08:30:00+00:00,55096.82914725,55069.28073267638,0.00020735030550353328,11.539741773695217,0.11539741773695218,55096.82914725,56766.4300305,SL,-0.10963043034380202,0.011539741773695218,0.011418632183780286,0.005766987393150724,0.005712172177977906,0.01147915957112863,-0.14406796387240614,-1.2484504999999941,0 days 08:00:00
15m,DEVELOPMENT,217,CLOSED,BTCUSDT,LONG,2024-08-06 16:00:00+00:00,2024-08-06 16:15:00+00:00,56710.0,56738.354999999996,2024-08-06 21:00:00+00:00,56170.97145,56142.885964275,0.00020084857472273641,11.395817733862645,0.11395817733862645,56170.97145,57873.12209999999,SL,-0.10826311600236381,0.011395817733862645,0.011276218626745757,0.0056950613362623725,0.0056409297782608475,0.011335991114523221,-0.14227114347749542,-1.2484504999999873,0 days 04:45:00
15m,DEVELOPMENT,218,CLOSED,BTCUSDT,LONG,2024-08-07 02:15:00+00:00,2024-08-07 02:30:00+00:00,57192.0,57220.596,2024-08-07 02:45:00+00:00,56648.39004,56620.06584498,0.00019667199410854815,11.253688719399614,0.11253688719399614,56648.39004,58365.00792,SL,-0.1069128548504684,0.011253688719399614,0.011135581256289516,0.005624032343527596,0.005570575916101901,0.011194608259629497,-0.14049673308578706,-1.248450499999991,0 days 00:15:00
15m,DEVELOPMENT,219,CLOSED,BTCUSDT,LONG,2024-08-07 08:45:00+00:00,2024-08-07 09:00:00+00:00,57348.0,57376.674,2024-08-07 13:45:00+00:00,56802.90726,56774.505806370005,0.00019369077306033002,11.113332342690537,0.11113332342690538,56802.90726,58524.20748,SL,-0.10557943420017349,0.011113332342690537,0.010996697919754002,0.005553889226731723,0.00550109950963078,0.011054988736362504,-0.13874445319898052,-1.248450499999989,0 days 04:45:00
15m,DEVELOPMENT,220,CLOSED,BTCUSDT,LONG,2024-08-08 02:15:00+00:00,2024-08-08 02:30:00+00:00,57620.75,57649.560374999994,2024-08-08 03:45:00+00:00,57073.06477124999,57044.52823886437,0.000190369647642589,10.97472649533891,0.1097472649533891,57073.06477124999,58802.5515825,SL,-0.10426264401618973,0.01097472649533891,0.010859546740770326,0.005484620937199647,0.005432489615192573,0.01091711055239222,-0.13701402780469119,-1.2484505000000008,0 days 01:15:00
15m,DEVELOPMENT,221,CLOSED,BTCUSDT,LONG,2024-08-08 12:30:00+00:00,2024-08-08 12:45:00+00:00,58049.33,58078.354665,2024-08-08 13:30:00+00:00,57497.571118349995,57468.82233279082,0.00018660737562553804,10.837849344684875,0.10837849344684874,57497.571118349995,59239.9217583,SL,-0.10296227688278956,0.010837849344684874,0.010724106115812405,0.005416216564059882,0.005364735425619069,0.01078095198967895,-0.1353051843329658,-1.248450500000007,0 days 00:45:00
15m,DEVELOPMENT,222,CLOSED,BTCUSDT,LONG,2024-08-08 14:45:00+00:00,2024-08-08 15:00:00+00:00,58922.25,58951.711124999994,2024-08-08 21:30:00+00:00,60130.74534749999,60100.67997482625,0.00018154993512694632,10.702679330366228,0.10702679330366228,58362.19401374999,60130.74534749999,TP,0.21940225193984017,0.010702679330366229,0.010911274550515068,0.0053486653325158316,0.005458366458485632,0.010807031791001464,0.18698126626795739,1.7470510000000083,0 days 06:30:00
15m,DEVELOPMENT,223,CLOSED,BTCUSDT,LONG,2024-08-08 21:30:00+00:00,2024-08-08 21:45:00+00:00,60511.93,60542.185965,2024-08-08 22:45:00+00:00,61753.029684299996,61722.15316945785,0.0001798658840706164,10.889473802162389,0.10889473802162389,59936.76410535,61753.029684299996,TP,0.22323149193638164,0.010889473802162389,0.011101709646566536,0.005442015893134025,0.0055536316391018095,0.010995647532235834,0.19024466095541687,1.7470510000000077,0 days 01:00:00
15m,DEVELOPMENT,224,CLOSED,BTCUSDT,LONG,2024-08-08 22:45:00+00:00,2024-08-08 23:00:00+00:00,62332.0,62363.166,2024-08-08 23:30:00+00:00,61739.53434,61708.66457283,0.0001776614164924125,11.079528408511457,0.11079528408511458,61739.53434,63610.429319999996,SL,-0.10525828837871234,0.011079528408511457,0.010963248757864131,0.0055369957064020725,0.005484366562213038,0.011021362268615111,-0.13832242781370305,-1.2484504999999975,0 days 00:30:00
15m,DEVELOPMENT,225,CLOSED,BTCUSDT,LONG,2024-08-11 00:00:00+00:00,2024-08-11 00:15:00+00:00,61198.84,61229.439419999995,2024-08-11 11:00:00+00:00,60617.1450258,60586.8364532871,0.0001786941750338391,10.941344164941325,0.10941344164941326,60617.1450258,62454.0282084,SL,-0.10394550353599925,0.010941344164941325,0.010826514757930268,0.0054679381134137145,0.005415965361645695,0.010883903475059409,-0.13659726593393023,-1.2484504999999948,0 days 10:45:00
15m,DEVELOPMENT,226,CLOSED,BTCUSDT,LONG,2024-08-12 14:30:00+00:00,2024-08-12 14:45:00+00:00,60229.22,60259.33461,2024-08-12 15:15:00+00:00,59656.741263899996,59626.91289326805,0.00017930638347970508,10.804883359812525,0.10804883359812525,59656.741263899996,61464.5213022,SL,-0.10264909178912444,0.010804883359812525,0.010691486108951292,0.005399741809001206,0.005348417263107008,0.010748159072108214,-0.13489362032999647,-1.2484505000000017,0 days 00:30:00
15m,DEVELOPMENT,227,CLOSED,BTCUSDT,LONG,2024-08-13 16:15:00+00:00,2024-08-13 16:30:00+00:00,59896.45,59926.398225,2024-08-13 16:45:00+00:00,61124.9261895,61094.36372640525,0.00017805382626671283,10.670124498343998,0.10670124498343998,59327.13424275,61124.9261895,TP,0.21873488601802724,0.010670124498344,0.010878085224816723,0.005332396051146443,0.005441763494155359,0.010774159545301802,0.1864125167495647,1.7470510000000083,0 days 00:15:00
15m,DEVELOPMENT,228,CLOSED,BTCUSDT,LONG,2024-08-13 16:45:00+00:00,2024-08-13 17:00:00+00:00,61157.6,61188.178799999994,2024-08-13 19:15:00+00:00,60576.297011999995,60546.008863494,0.00017742562373507194,10.856350788803104,0.10856350788803104,60576.297011999995,62411.94237599999,SL,-0.10313804522496159,0.010856350788803103,0.010742413387274618,0.005425462663069251,0.005373893640457331,0.010799356303526582,-0.1355361657045659,-1.2484504999999964,0 days 02:15:00
15m,DEVELOPMENT,229,CLOSED,BTCUSDT,LONG,2024-08-14 10:30:00+00:00,2024-08-14 10:45:00+00:00,61309.99,61340.644994999995,2024-08-14 13:00:00+00:00,60727.23854504999,60696.87492577747,0.0001747772626899728,10.72095002386348,0.1072095002386348,60727.23854504999,62567.4578949,SL,-0.10185170412476083,0.01072095002386348,0.010608433653363033,0.005357796113874304,0.005306870261812314,0.010664666375686617,-0.13384575417767397,-1.2484505000000021,0 days 02:15:00
15m,DEVELOPMENT,230,CLOSED,BTCUSDT,LONG,2024-08-15 16:15:00+00:00,2024-08-15 16:30:00+00:00,59825.75,59855.662874999995,2024-08-15 17:15:00+00:00,59257.10624625,59227.47769312688,0.00017687947093390107,10.587237981727943,0.10587237981727944,59257.10624625,61052.776132499996,SL,-0.10058140631316795,0.010587237981727943,0.01047612491910971,0.005290973504110948,0.005240682800954229,0.010531656305065178,-0.13217642551907077,-1.2484504999999844,0 days 00:45:00
15m,DEVELOPMENT,231,CLOSED,BTCUSDT,LONG,2024-08-16 06:45:00+00:00,2024-08-16 07:00:00+00:00,58528.7,58557.964349999995,2024-08-16 12:30:00+00:00,57972.38470649999,57943.39851414675,0.00017854434860644215,10.455193600590011,0.10455193600590011,57972.38470649999,59729.123637,SL,-0.0993269516977598,0.010455193600590012,0.01034546634375182,0.005224984308140516,0.005175320832291057,0.010400305140431573,-0.1305279167825332,-1.2484504999999924,0 days 05:30:00
15m,DEVELOPMENT,232,CLOSED,BTCUSDT,LONG,2024-08-16 17:45:00+00:00,2024-08-16 18:00:00+00:00,59215.85,59245.457924999995,2024-08-18 23:45:00+00:00,58653.003345749996,58623.67684407713,0.0001742715212767383,10.324796081326742,0.10324796081326743,58653.003345749996,60430.367083499994,SL,-0.09808814268167033,0.010324796081326743,0.010216437346453217,0.005159818131596982,0.005110774060255726,0.010270592191852708,-0.128899968301303,-1.248450499999989,2 days 05:45:00
15m,DEVELOPMENT,233,CLOSED,BTCUSDT,LONG,2024-08-19 17:30:00+00:00,2024-08-19 17:45:00+00:00,59017.63,59047.13881499999,2024-08-20 00:15:00+00:00,60228.08159129999,60197.96755050434,0.00017267601934392801,10.196024884222542,0.10196024884222542,58456.66742684999,60228.08159129999,TP,0.20901596239420592,0.010196024884222542,0.01039474540921604,0.005095464709755318,0.0051999726909531824,0.0102954374007085,0.17812975470005882,1.7470510000000006,0 days 06:30:00
15m,DEVELOPMENT,234,CLOSED,BTCUSDT,LONG,2024-08-20 00:15:00+00:00,2024-08-20 00:30:00+00:00,60293.97,60324.116985,2024-08-20 14:30:00+00:00,59720.87581515,59691.01537724243,0.00017197063472473644,10.373976687119704,0.10373976687119704,59720.87581515,61530.5993247,SL,-0.09855537072571004,0.010373976687119705,0.010265101801788384,0.005184396145487006,0.005135118460123321,0.010319514605610328,-0.12951396382022845,-1.248450499999991,0 days 14:00:00
15m,DEVELOPMENT,235,CLOSED,BTCUSDT,LONG,2024-08-21 13:45:00+00:00,2024-08-21 14:00:00+00:00,59928.01,59957.974005,2024-08-21 14:15:00+00:00,59358.394264949995,59328.715067817524,0.00017086287984020948,10.244592107878718,0.10244592107878718,59358.394264949995,61157.1334851,SL,-0.09732618489294195,0.010244592107878718,0.010137075113706533,0.005119736185845472,0.005071073093399285,0.010190809279244758,-0.12789866139377196,-1.2484504999999957,0 days 00:15:00
15m,DEVELOPMENT,236,CLOSED,BTCUSDT,LONG,2024-08-21 18:15:00+00:00,2024-08-21 18:30:00+00:00,60449.99,60480.214994999995,2024-08-21 20:00:00+00:00,61689.81929489999,61658.97438525255,0.00016727488846082685,10.116821217375453,0.10116821217375453,59875.41284504999,61689.81929489999,TP,0.2073923070148623,0.010116821217375453,0.010313998062902101,0.0050558826673535225,0.005159578820860356,0.010215461488213878,0.17674602624637087,1.7470510000000083,0 days 01:30:00
15m,DEVELOPMENT,237,CLOSED,BTCUSDT,LONG,2024-08-23 05:15:00+00:00,2024-08-23 05:30:00+00:00,61003.99,61034.491995,2024-08-23 14:15:00+00:00,62255.181834899995,62224.05424398255,0.00016864874823580543,10.293390674165037,0.10293390674165037,60424.147075049994,62255.181834899995,TP,0.21101193675874502,0.010293390674165038,0.010494008858404513,0.005144123275444579,0.005249629243823113,0.010393752519267692,0.17983078470690778,1.7470510000000072,0 days 08:45:00
15m,DEVELOPMENT,238,CLOSED,BTCUSDT,LONG,2024-08-23 17:45:00+00:00,2024-08-23 18:00:00+00:00,62999.88,63031.37993999999,2024-08-23 21:15:00+00:00,64292.00753879999,64259.86153503059,0.00016615599750009806,10.473041807738369,0.10473041807738369,62401.06614059999,64292.00753879999,TP,0.21469474010665937,0.01047304180773837,0.010677161392571192,0.005233903951892282,0.005341251321946202,0.010575155273838484,0.18296938163251134,1.7470510000000008,0 days 03:15:00
15m,DEVELOPMENT,239,CLOSED,BTCUSDT,LONG,2024-08-23 21:15:00+00:00,2024-08-23 21:30:00+00:00,64264.01,64296.142005,2024-08-24 01:30:00+00:00,63653.18058495,63621.35399465753,0.00016573044774517254,10.655828402775846,0.10655828402775847,63653.18058495,65582.0648451,SL,-0.10123303245215842,0.010655828402775847,0.010543995483688715,0.005325251575600037,0.005274635059372985,0.010599886634973021,-0.13303274297359602,-1.2484504999999901,0 days 04:00:00
15m,DEVELOPMENT,240,CLOSED,BTCUSDT,LONG,2024-08-25 21:00:00+00:00,2024-08-25 21:15:00+00:00,64321.99,64354.150994999996,2024-08-26 06:45:00+00:00,63710.609485049994,63678.75418030747,0.00016351592549893108,10.522928559645381,0.10522928559645381,63710.609485049994,65641.2340149,SL,-0.09997045073406298,0.010522928559645381,0.010412490424411903,0.005258834862391227,0.005208849637024137,0.010467684499415365,-0.13137355421753563,-1.2484505000000008,0 days 09:30:00
15m,DEVELOPMENT,241,CLOSED,BTCUSDT,LONG,2024-08-29 10:00:00+00:00,2024-08-29 10:15:00+00:00,59797.24,59827.13862,2024-08-29 15:00:00+00:00,61023.6813924,60993.1695517038,0.00017369519063487098,10.391686247739752,0.10391686247739752,59228.867233799996,61023.6813924,TP,0.21302697145541524,0.010391686247739753,0.0105942202127082,0.005193246500619555,0.005299759986347137,0.010493006486966692,0.1815480585080006,1.7470510000000075,0 days 04:45:00
15m,DEVELOPMENT,242,CLOSED,BTCUSDT,LONG,2024-08-30 12:30:00+00:00,2024-08-30 12:45:00+00:00,59688.0,59717.844,2024-08-30 13:45:00+00:00,59120.665559999994,59091.105227219996,0.00017705014500449712,10.573052939555938,0.10573052939555938,59120.665559999994,60912.20088,SL,-0.10044664486804623,0.010573052939555938,0.010462088748955298,0.0052838845275137375,0.005233661205079859,0.010517545732593597,-0.13199933228915106,-1.2484505000000024,0 days 01:00:00
15m,VALIDATION,1,CLOSED,BTCUSDT,LONG,2024-09-02 10:15:00+00:00,2024-09-02 10:30:00+00:00,58528.52,58557.78425999999,2024-09-03 02:00:00+00:00,59728.93994519999,59699.07547522739,0.00034120177586138714,19.980019980019982,0.19980019980019983,57972.20641739999,59728.93994519999,TP,0.40958541708166757,0.019980019980019983,0.02036943056943057,0.00998501748126809,0.010189810189809913,0.020174827671078005,0.34906113886113904,1.7470510000000006,0 days 15:30:00
15m,VALIDATION,2,CLOSED,BTCUSDT,LONG,2024-09-03 02:00:00+00:00,2024-09-03 02:15:00+00:00,59763.99,59793.871994999994,2024-09-03 03:15:00+00:00,59195.933275049996,59166.335308412476,0.00033998019743820216,20.328732406454684,0.20328732406454683,59195.933275049996,60989.7494349,SL,-0.19312803750460011,0.020328732406454685,0.020115382359848943,0.010159286559946043,0.010062722541193569,0.02022200910113961,-0.25379416137204336,-1.2484504999999892,0 days 01:00:00
15m,VALIDATION,3,CLOSED,BTCUSDT,LONG,2024-09-04 15:30:00+00:00,2024-09-04 15:45:00+00:00,57787.39,57816.283695,2024-09-05 03:00:00+00:00,57238.120858049995,57209.50179762097,0.0003472238356170844,20.075191785703396,0.20075191785703397,57238.120858049995,58972.6093689,SL,-0.19071933825398527,0.020075191785703397,0.019864502647912438,0.010032579603049771,0.00993721993392287,0.019969799536972643,-0.25062883222457377,-1.248450500000004,0 days 11:15:00
15m,VALIDATION,4,CLOSED,BTCUSDT,LONG,2024-09-07 12:45:00+00:00,2024-09-07 13:00:00+00:00,54578.72,54606.00936,2024-09-07 17:45:00+00:00,54059.9492664,54032.919291766804,0.0003630518612197776,19.824813331932596,0.19824813331932598,54059.9492664,55698.1295472,SL,-0.18834068037983018,0.019824813331932596,0.019616751916013964,0.009907452939494812,0.009813282599304746,0.019720735538799557,-0.24750298116657632,-1.2484504999999857,0 days 04:45:00
15m,VALIDATION,5,CLOSED,BTCUSDT,LONG,2024-09-08 09:00:00+00:00,2024-09-08 09:15:00+00:00,54643.67,54670.99183499999,2024-09-08 12:45:00+00:00,54124.28191664999,54097.219775691665,0.00035809772146767676,19.577557606491457,0.19577557606491458,54124.28191664999,55764.41167169999,SL,-0.18599168920510162,0.019577557606491457,0.019372091139411327,0.0097838868598141,0.009690891015213442,0.019474777875027542,-0.24441611582603195,-1.2484505000000068,0 days 03:30:00
15m,VALIDATION,6,CLOSED,BTCUSDT,LONG,2024-09-08 22:15:00+00:00,2024-09-08 22:30:00+00:00,55209.0,55236.604499999994,2024-09-08 22:30:00+00:00,54684.23845499999,54656.89633577249,0.0003500103932458287,19.33338566260931,0.1933338566260931,54684.23845499999,56341.33658999999,SL,-0.18367199472574158,0.01933338566260931,0.019130481780080224,0.00966186190035238,0.009570025902990975,0.019231887803343353,-0.2413677499717745,-1.2484505000000012,0 days 00:00:00
15m,VALIDATION,7,CLOSED,BTCUSDT,LONG,2024-09-09 13:45:00+00:00,2024-09-09 14:00:00+00:00,55686.93,55714.773465,2024-09-09 14:15:00+00:00,55157.625730349995,55130.046917484826,0.00034267857251999123,19.092259039260885,0.19092259039260884,55157.625730349995,56829.0689343,SL,-0.1813812315524003,0.019092259039260887,0.018891885780643842,0.009541358840209688,0.009450668224432189,0.018992027064641877,-0.23835740343694692,-1.248450499999996,0 days 00:15:00
15m,VALIDATION,8,CLOSED,BTCUSDT,LONG,2024-09-09 16:00:00+00:00,2024-09-09 16:15:00+00:00,55921.09,55949.05054499999,2024-09-09 19:45:00+00:00,57068.031555899994,57039.49754012204,0.00033698766237228014,18.854139755108093,0.18854139755108093,55389.56003954999,57068.031555899994,TP,0.38650515380036593,0.018854139755108093,0.01922160693893515,0.009422358698203077,0.00961561127510517,0.01903796997330825,0.32939143713301444,1.747051000000005,0 days 03:30:00
15m,VALIDATION,9,CLOSED,BTCUSDT,LONG,2024-09-09 19:45:00+00:00,2024-09-09 20:00:00+00:00,57089.53,57118.074765,2024-09-10 03:45:00+00:00,56546.894017349994,56518.62057034132,0.0003358516933351045,19.183202129866352,0.19183202129866353,56546.894017349994,58260.4362603,SL,-0.1822452136375625,0.019183202129866354,0.018981874423513404,0.0095868076611022,0.00949568505428301,0.01908249271538521,-0.23949278290632744,-1.2484505000000017,0 days 07:45:00
15m,VALIDATION,10,CLOSED,BTCUSDT,LONG,2024-09-10 18:15:00+00:00,2024-09-10 18:30:00+00:00,57652.61,57681.436304999996,2024-09-11 01:30:00+00:00,57104.62194195,57076.06963097903,0.0003284236630364089,18.943948600489403,0.18943948600489402,57104.62194195,58835.0650311,SL,-0.1799722453249903,0.018943948600489403,0.01874513185992727,0.009467240679903122,0.009377254557240085,0.018844495237143207,-0.23650582102255016,-1.2484504999999853,0 days 07:00:00
15m,VALIDATION,11,CLOSED,BTCUSDT,LONG,2024-09-11 17:00:00+00:00,2024-09-11 17:15:00+00:00,57643.82,57672.64191,2024-09-13 15:15:00+00:00,58826.0947482,58796.6817008259,0.00032437700839528483,18.707679049018324,0.18707679049018325,57095.9154909,58826.0947482,TP,0.3835027459224039,0.018707679049018325,0.019072291713683694,0.00934916494203774,0.009540916314997785,0.018890081257035524,0.3268326939026664,1.7470510000000068,1 days 22:00:00
15m,VALIDATION,12,CLOSED,BTCUSDT,LONG,2024-09-13 15:15:00+00:00,2024-09-13 15:30:00+00:00,59034.36,59063.877179999996,2024-09-13 21:00:00+00:00,60245.1547236,60215.0321462382,0.0003222644050055449,19.03418523673328,0.1903418523673328,58473.2384082,60245.1547236,TP,0.390196041184806,0.01903418523673328,0.019405161506997212,0.009512336450140048,0.00970743447073362,0.019219770920873666,0.3325369235202018,1.7470510000000035,0 days 05:30:00
15m,VALIDATION,13,CLOSED,BTCUSDT,LONG,2024-09-13 21:00:00+00:00,2024-09-13 21:15:00+00:00,60084.01,60114.052005,2024-09-14 18:00:00+00:00,59512.91148495,59483.155029207526,0.00032216078120842487,19.36638995553468,0.1936638995553468,59512.91148495,61316.3330451,SL,-0.18398554375548118,0.01936638995553468,0.019163139692951345,0.00967835579986602,0.009586363027988145,0.019264718827854167,-0.2417797922318214,-1.2484504999999944,0 days 20:45:00
15m,VALIDATION,14,CLOSED,BTCUSDT,LONG,2024-09-15 01:15:00+00:00,2024-09-15 01:30:00+00:00,60189.0,60219.0945,2024-09-15 21:00:00+00:00,59616.903555,59587.0951032225,0.00031758783256956535,19.124851701556835,0.19124851701556836,59616.903555,61423.47639,SL,-0.18169086998830447,0.019124851701556835,0.018924136382948993,0.009557647027264544,0.009466801592270221,0.019024448619534763,-0.23876430669234505,-1.2484505000000012,0 days 19:30:00
15m,VALIDATION,15,CLOSED,BTCUSDT,LONG,2024-09-17 05:30:00+00:00,2024-09-17 05:45:00+00:00,58420.0,58449.21,2024-09-17 14:00:00+00:00,59618.1942,59588.3851029,0.00032312371579779097,18.8863259206454,0.18886325920645403,57864.717899999996,59618.1942,TP,0.38716496215136087,0.018886325920645403,0.019254420412838782,0.009438443738453192,0.009632026219528614,0.019070469957981805,0.3299537458598949,1.747051000000001,0 days 08:15:00
15m,VALIDATION,16,CLOSED,BTCUSDT,LONG,2024-09-17 14:00:00+00:00,2024-09-17 14:15:00+00:00,59739.31,59769.17965499999,2024-09-17 15:00:00+00:00,60964.56324809999,60934.08096647594,0.0003215026566083386,19.21595004238356,0.19215950042383562,59171.48785844999,60964.56324809999,TP,0.393922174282144,0.01921595004238356,0.019590468908709618,0.009603173434472924,0.00980013452161513,0.019403307956088054,0.3357124473749627,1.7470510000000012,0 days 00:45:00
15m,VALIDATION,17,CLOSED,BTCUSDT,LONG,2024-09-17 15:00:00+00:00,2024-09-17 15:15:00+00:00,61046.0,61076.522999999994,2024-09-17 18:45:00+00:00,60465.75777,60435.524891115,0.00032011198660880256,19.55132711268822,0.19551327112688222,60465.75777,62298.053459999996,SL,-0.18574249295962283,0.01955132711268822,0.019346135934640556,0.009770778167258487,0.009677906920780376,0.01944868508803886,-0.24408864109499048,-1.248450499999994,0 days 03:30:00
15m,VALIDATION,18,CLOSED,BTCUSDT,LONG,2024-09-18 23:45:00+00:00,2024-09-19 00:00:00+00:00,61759.98,61790.85999,2024-09-19 12:00:00+00:00,63026.6771898,62995.16385120511,0.0003124650202232851,19.307482316389528,0.1930748231638953,61172.951390099995,63026.6771898,TP,0.3957985630276346,0.01930748231638953,0.019683785146735966,0.009648916699842965,0.009846815981356744,0.01949573268119971,0.33731156288330943,1.7470510000000155,0 days 12:00:00
15m,VALIDATION,19,CLOSED,BTCUSDT,LONG,2024-09-19 12:00:00+00:00,2024-09-19 12:15:00+00:00,62970.0,63001.48499999999,2024-09-20 18:00:00+00:00,62371.470149999994,62340.284414924994,0.00031180942647121015,19.644456904684546,0.19644456904684546,62371.470149999994,64261.51469999999,SL,-0.18662724925440138,0.019644456904684547,0.019438288329469883,0.009817319792443964,0.009724006167818754,0.01954132596026272,-0.24525132044881856,-1.248450499999999,1 days 05:45:00
15m,VALIDATION,20,CLOSED,BTCUSDT,LONG,2024-09-21 13:45:00+00:00,2024-09-21 14:00:00+00:00,63188.0,63219.594,2024-09-22 10:30:00+00:00,62587.39806,62556.10436097001,0.0003068581963773742,19.399450590549865,0.19399450590549866,62587.39806,64483.98588,SL,-0.18429962804915204,0.019399450590549865,0.01919585335660205,0.009694877856345938,0.009602728042320081,0.01929760589866602,-0.24219253789496997,-1.2484504999999857,0 days 20:30:00
15m,VALIDATION,21,CLOSED,BTCUSDT,LONG,2024-09-22 19:45:00+00:00,2024-09-22 20:00:00+00:00,63160.0,63191.579999999994,2024-09-22 22:00:00+00:00,62559.66419999999,62528.3843679,0.0003031653901238457,19.157500003242205,0.19157500003242206,62559.66419999999,64455.41159999999,SL,-0.18200103701231343,0.019157500003242206,0.01895644204070818,0.00957396302010937,0.009482962501602969,0.01905692552171234,-0.23917190457797616,-1.248450499999994,0 days 02:00:00
15m,VALIDATION,22,CLOSED,BTCUSDT,LONG,2024-09-22 22:30:00+00:00,2024-09-22 22:45:00+00:00,63500.76,63532.51038,2024-09-23 00:15:00+00:00,62897.1852762,62865.7366835619,0.0002977777348711754,18.91856703163584,0.18918567031635838,62897.1852762,64803.1605876,SL,-0.17973111407866052,0.018918567031635837,0.018720016670638825,0.009454556237698378,0.009364690680658207,0.018819246918356583,-0.23618894469929175,-1.2484504999999946,0 days 01:30:00
15m,VALIDATION,23,CLOSED,BTCUSDT,LONG,2024-09-23 03:00:00+00:00,2024-09-23 03:15:00+00:00,64312.46,64344.61622999999,2024-09-23 05:00:00+00:00,63701.17006769999,63669.31948266614,0.0002903524045142675,18.682614039928257,0.18682614039928258,63701.17006769999,65631.50855459999,SL,-0.17748950169867148,0.01868261403992826,0.018486540005579213,0.009336638700611858,0.009247893949763877,0.018584532650375733,-0.23324318839455466,-1.2484505000000006,0 days 01:45:00
15m,VALIDATION,24,CLOSED,BTCUSDT,LONG,2024-09-24 07:45:00+00:00,2024-09-24 08:00:00+00:00,63559.93,63591.709964999995,2024-09-24 14:15:00+00:00,62955.79286534999,62924.31496891732,0.00029012592792152203,18.44960386171192,0.18449603861711922,62955.79286534999,64863.544164299994,SL,-0.1752758467821834,0.018449603861711922,0.018255975269183256,0.009220191834936829,0.0091325539115456,0.018352745746482428,-0.23033417165956102,-1.2484504999999957,0 days 06:15:00
15m,VALIDATION,25,CLOSED,BTCUSDT,LONG,2024-09-24 19:45:00+00:00,2024-09-24 20:00:00+00:00,64292.35,64324.49617499999,2024-09-25 07:15:00+00:00,63681.25121324999,63649.41058764337,0.00028324356780894686,18.219499794119955,0.18219499794119956,63681.25121324999,65610.9860985,SL,-0.17308980064279106,0.018219499794119954,0.018028286143780665,0.009105197298409187,0.00901865239808875,0.018123849696497937,-0.2274614362771896,-1.2484505000000001,0 days 11:15:00
15m,VALIDATION,26,CLOSED,BTCUSDT,LONG,2024-09-26 05:30:00+00:00,2024-09-26 05:45:00+00:00,63654.01,63685.837005,2024-09-26 14:15:00+00:00,64959.553745100005,64927.07396822746,0.00028251596333156865,17.992265592044838,0.17992265592044837,63048.97863495,64959.553745100005,TP,0.3688369488184314,0.017992265592044837,0.018342934848433797,0.008991636977533423,0.009176055451942167,0.01816769242947559,0.31433405594847713,1.7470510000000106,0 days 08:30:00
15m,VALIDATION,27,CLOSED,BTCUSDT,LONG,2024-09-26 15:30:00+00:00,2024-09-26 15:45:00+00:00,65327.93,65360.593965,2024-09-26 19:45:00+00:00,64706.98802535,64674.63453133733,0.0002800813841710229,18.306285627957408,0.18306285627957408,64706.98802535,66667.8058443,SL,-0.1739142877498599,0.018306285627957407,0.018114161160291995,0.009148568529713772,0.00906161138583755,0.018210179915551322,-0.22854491445366062,-1.2484504999999904,0 days 04:00:00
15m,VALIDATION,28,CLOSED,BTCUSDT,LONG,2024-09-27 06:00:00+00:00,2024-09-27 06:15:00+00:00,65494.01,65526.757005,2024-09-30 01:45:00+00:00,64871.489434949995,64839.053690232526,0.00027588682633450287,18.077969030101602,0.18077969030101604,64871.489434949995,66837.2921451,SL,-0.17174522301960776,0.018077969030101605,0.01788824074513069,0.009034467281409391,0.008948594669898856,0.01798306195130825,-0.2256944947461483,-1.2484504999999981,2 days 19:30:00
15m,VALIDATION,29,CLOSED,BTCUSDT,LONG,2024-10-01 06:15:00+00:00,2024-10-01 06:30:00+00:00,63979.9,64011.88995,2024-10-01 13:30:00+00:00,63371.7710505,63340.08516497476,0.0002788934996033683,17.852500004381177,0.17852500004381178,63371.7710505,65292.127749,SL,-0.16960321093617556,0.017852500004381176,0.0176651380168352,0.00892178910763554,0.00883698750216675,0.01775877660980229,-0.22287962556719423,-1.2484504999999855,0 days 07:00:00
15m,VALIDATION,30,CLOSED,BTCUSDT,LONG,2024-10-04 07:30:00+00:00,2024-10-04 07:45:00+00:00,61409.12,61439.82456,2024-10-04 14:15:00+00:00,60825.4263144,60795.013601242805,0.000286944879189326,17.629843035782585,0.17629843035782586,60825.4263144,62668.6210512,SL,-0.1674879140980653,0.017629843035782584,0.01744481783312205,0.008810516259760927,0.008726772302710933,0.01753728856247186,-0.22009986352944177,-1.2484504999999937,0 days 06:30:00
15m,VALIDATION,31,CLOSED,BTCUSDT,LONG,2024-10-04 16:30:00+00:00,2024-10-04 16:45:00+00:00,62202.0,62233.100999999995,2024-10-07 00:45:00+00:00,63477.76302,63446.02413849,0.00027975406612369664,17.40996305223669,0.1740996305223669,61610.76998999999,63477.76302,TP,0.3568998922552465,0.01740996305223669,0.017749283232124786,0.008700631210511721,0.008879081156640283,0.017579712367152004,0.30416093360373303,1.7470510000000081,2 days 08:00:00
15m,VALIDATION,32,CLOSED,BTCUSDT,LONG,2024-10-07 00:45:00+00:00,2024-10-07 01:00:00+00:00,63677.98,63709.81899,2024-10-07 10:00:00+00:00,63072.720800099996,63041.18443969995,0.000278039090513572,17.7138201287639,0.177138201287639,63072.720800099996,64984.0153698,SL,-0.1682857174651702,0.0177138201287639,0.01752791358651252,0.008852483822469757,0.008768340963736724,0.017620824786206482,-0.2211482759666531,-1.2484504999999975,0 days 09:00:00
15m,VALIDATION,33,CLOSED,BTCUSDT,LONG,2024-10-07 14:15:00+00:00,2024-10-07 14:30:00+00:00,64200.06,64232.16002999999,2024-10-07 15:15:00+00:00,63589.838429699994,63558.04351048515,0.00027233854150281905,17.49289278014587,0.1749289278014587,63589.838429699994,65516.803230599995,SL,-0.166186852449063,0.01749289278014587,0.01730930487041824,0.008742075352395143,0.008658981926170683,0.017401057278565828,-0.21839010737819292,-1.2484504999999881,0 days 00:45:00
15m,VALIDATION,34,CLOSED,BTCUSDT,LONG,2024-10-10 11:30:00+00:00,2024-10-10 11:45:00+00:00,61279.01,61309.649505,2024-10-10 13:45:00+00:00,60696.55300995,60666.20473344503,0.0002817618594165068,17.27472084470312,0.17274720844703118,60696.55300995,62535.842495100005,SL,-0.16411416454662958,0.01727472084470312,0.017093422649437962,0.00863304390040113,0.00855098681812671,0.01718403071852784,-0.21566633875929853,-1.2484504999999897,0 days 02:00:00
15m,VALIDATION,35,CLOSED,BTCUSDT,LONG,2024-10-11 06:30:00+00:00,2024-10-11 06:45:00+00:00,60872.36,60902.79618,2024-10-11 15:00:00+00:00,62120.8521036,62089.79167754821,0.0002801065144268996,17.059269956831695,0.17059269956831696,60293.7682182,62120.8521036,TP,0.349710771428904,0.017059269956831696,0.01739175512829035,0.008525372292268863,0.00870022767798246,0.017225599970251325,0.29803414637353065,1.7470510000000172,0 days 08:15:00
15m,VALIDATION,36,CLOSED,BTCUSDT,LONG,2024-10-11 15:00:00+00:00,2024-10-11 15:15:00+00:00,62217.42,62248.52870999999,2024-10-14 03:30:00+00:00,63493.49928419999,63461.7525345579,0.0002788340018068078,17.357006366795265,0.17357006366795266,61626.04342289999,63493.49928419999,TP,0.35581429343625104,0.017357006366795266,0.017695294420884106,0.00867416610034555,0.008852073247063934,0.017526239347409482,0.30323575330116215,1.7470510000000103,2 days 12:15:00
15m,VALIDATION,37,CLOSED,BTCUSDT,LONG,2024-10-14 03:30:00+00:00,2024-10-14 03:45:00+00:00,64017.88,64049.88894,2024-10-14 14:00:00+00:00,65330.8867188,65298.22127544061,0.0002757216207481522,17.659939187275945,0.17659939187275947,63409.3900506,65330.8867188,TP,0.3620243405607501,0.017659939187275944,0.01800413140203596,0.00882555681523028,0.009006568985509071,0.01783212580073935,0.3085281441706989,1.7470510000000148,0 days 10:15:00
15m,VALIDATION,38,CLOSED,BTCUSDT,LONG,2024-10-14 14:00:00+00:00,2024-10-14 14:15:00+00:00,65458.0,65490.729,2024-10-15 13:45:00+00:00,66800.54358,66767.14330821,0.0002743618735946946,17.9681591115224,0.179681591115224,64835.82171,66800.54358,TP,0.36834277199132814,0.0179681591115224,0.018318358532605973,0.008979589760880584,0.009163761146876497,0.01814335090775708,0.3139129034394427,1.7470509999999972,0 days 23:30:00
15m,VALIDATION,39,CLOSED,BTCUSDT,LONG,2024-10-15 13:45:00+00:00,2024-10-15 14:00:00+00:00,67658.0,67691.829,2024-10-15 14:15:00+00:00,67014.91071,66981.403254645,0.000270073340988581,18.281758415657713,0.18281758415657712,67014.91071,69045.66558,SL,-0.1736812731042754,0.018281758415657712,0.018089891361085388,0.00913631105230214,0.009049470415748677,0.01818578146805082,-0.2282387043490693,-1.248450499999992,0 days 00:15:00
15m,VALIDATION,40,CLOSED,BTCUSDT,LONG,2024-10-16 10:00:00+00:00,2024-10-16 10:15:00+00:00,67625.46,67659.27273,2024-10-17 10:30:00+00:00,66982.6800027,66949.18866269865,0.0002668333104029554,18.053747722002306,0.18053747722002306,66982.6800027,69012.4581846,SL,-0.17151511454036372,0.018053747722002307,0.01786427363965989,0.009022362679658802,0.00893660512239022,0.017958967802049024,-0.22539210370407492,-1.248450499999992,1 days 00:15:00
15m,VALIDATION,41,CLOSED,BTCUSDT,LONG,2024-10-18 01:15:00+00:00,2024-10-18 01:30:00+00:00,67712.65,67746.506325,2024-10-20 22:15:00+00:00,69101.43645149999,69066.88573327425,0.0002631660546406044,17.828580785234998,0.17828580785235,67069.04126175,69101.43645149999,TP,0.36548145117957914,0.017828580785235,0.01817605982473923,0.008909835474880232,0.009092576200467866,0.0180024116753481,0.31147439889425677,1.7470510000000048,2 days 20:45:00
15m,VALIDATION,42,CLOSED,BTCUSDT,LONG,2024-10-20 22:15:00+00:00,2024-10-20 22:30:00+00:00,69122.0,69156.561,2024-10-21 08:30:00+00:00,68464.99539,68430.762892305,0.00026229968290201127,18.1397440208936,0.18139744020893597,68464.99539,70539.69222,SL,-0.17233210086816053,0.0181397440208936,0.017949367407394324,0.009065339340776808,0.00897917329033956,0.018044512631116366,-0.22646572492756484,-1.2484504999999924,0 days 10:00:00
15m,VALIDATION,43,CLOSED,BTCUSDT,LONG,2024-10-22 22:30:00+00:00,2024-10-22 22:45:00+00:00,67740.0,67773.87,2024-10-23 02:15:00+00:00,67096.1313,67062.58323435,0.0002643128470522855,17.91350453545148,0.1791350453545148,67096.1313,69129.3474,SL,-0.1701827692248556,0.017913504535451482,0.017725502305351918,0.00895227612965968,0.008867184745048577,0.017819460874708256,-0.22364123694036725,-1.2484505000000032,0 days 03:30:00
15m,VALIDATION,44,CLOSED,BTCUSDT,LONG,2024-10-24 00:45:00+00:00,2024-10-24 01:00:00+00:00,67432.0,67465.716,2024-10-24 09:00:00+00:00,66791.05884,66757.66331058,0.0002622085373900165,17.690086716330235,0.17690086716330236,66791.05884,68815.03032,SL,-0.1680602441166611,0.017690086716330235,0.017504429256242345,0.008840623046641887,0.008756592924583109,0.017597215971224996,-0.22085197606045867,-1.2484505000000015,0 days 08:00:00
15m,VALIDATION,45,CLOSED,BTCUSDT,LONG,2024-10-24 13:00:00+00:00,2024-10-24 13:15:00+00:00,67636.38,67670.19819,2024-10-25 17:45:00+00:00,66993.4962081,66959.99945999595,0.00025815581805398126,17.46945537161449,0.1746945537161449,66993.4962081,69023.60215379999,SL,-0.16596419121159178,0.01746945537161449,0.017286113437489398,0.00873036250455261,0.008647380408949489,0.0173777429135021,-0.21809750293419775,-1.2484504999999988,1 days 04:30:00
15m,VALIDATION,46,CLOSED,BTCUSDT,LONG,2024-10-26 20:15:00+00:00,2024-10-26 20:30:00+00:00,67363.42,67397.10170999999,2024-10-28 10:30:00+00:00,68745.04374419998,68710.67122232789,0.00025596910416911766,17.251575748303605,0.17251575748303605,66723.13069289998,68745.04374419998,TP,0.353652992101652,0.017251575748303605,0.017587808959638043,0.00862147713558141,0.00879830363163325,0.01741978076721466,0.3013938266264957,1.7470510000000006,1 days 14:00:00
15m,VALIDATION,47,CLOSED,BTCUSDT,LONG,2024-10-28 12:15:00+00:00,2024-10-28 12:30:00+00:00,68923.07,68957.531535,2024-10-29 01:45:00+00:00,70336.6821657,70301.51382461716,0.00025454316724326473,17.552668482196207,0.17552668482196207,68267.95621965,70336.6821657,TP,0.35982531791088607,0.017552668482196207,0.017894769990914213,0.008771948266963326,0.008951860925917756,0.017723809192881083,0.30665407024489455,1.747051000000005,0 days 13:15:00
15m,VALIDATION,48,CLOSED,BTCUSDT,LONG,2024-10-29 01:45:00+00:00,2024-10-29 02:00:00+00:00,70310.58,70345.73529,2024-10-29 13:45:00+00:00,71752.64999579999,71716.7736708021,0.0002538748956293493,17.859016204718582,0.17859016204718584,69642.27793709999,71752.64999579999,TP,0.36610536967393853,0.01785901620471858,0.018207088430548548,0.008925045579568275,0.009108098264405132,0.018033143843973407,0.312006121194698,1.7470509999999997,0 days 11:45:00
15m,VALIDATION,49,CLOSED,BTCUSDT,LONG,2024-10-29 13:45:00+00:00,2024-10-29 14:00:00+00:00,71803.99,71839.891995,2024-10-29 19:00:00+00:00,73276.6898349,73240.05148998255,0.00025293343470994057,18.170710631486514,0.18170710631486514,71121.49307504999,73276.6898349,TP,0.3724950275380172,0.018170710631486515,0.018524857781694187,0.009080814908287315,0.009267062422057206,0.01834787733034452,0.31745158179449207,1.7470510000000032,0 days 05:00:00
15m,VALIDATION,50,CLOSED,BTCUSDT,LONG,2024-10-29 19:00:00+00:00,2024-10-29 19:15:00+00:00,73554.3,73591.07715,2024-10-29 19:15:00+00:00,72855.1663785,72818.73879531075,0.0002512240042519022,18.48784507883366,0.18487845078833662,72855.1663785,75062.898693,SL,-0.17563914790036494,0.01848784507883366,0.018293815144731305,0.009239302887971446,0.009151483314021311,0.018390786201992755,-0.2308115943259227,-1.2484504999999915,0 days 00:00:00
15m,VALIDATION,51,CLOSED,BTCUSDT,LONG,2024-11-01 13:30:00+00:00,2024-11-01 13:45:00+00:00,70636.0,70671.318,2024-11-01 15:30:00+00:00,69964.60482,69929.62251759,0.00025834050619405534,18.257264065521053,0.18257264065521053,69964.60482,72084.74436,SL,-0.17344857065745065,0.018257264065521053,0.01806565407915341,0.009124069997761466,0.009037345712430245,0.01816141571019171,-0.22793290451231685,-1.2484504999999941,0 days 01:45:00
15m,VALIDATION,52,CLOSED,BTCUSDT,LONG,2024-11-03 20:45:00+00:00,2024-11-03 21:00:00+00:00,68970.06,69004.54503,2024-11-04 00:30:00+00:00,68314.49957969999,68280.34232991014,0.0002612807440201168,18.029558866208053,0.18029558866208054,68314.49957969999,70384.6359306,SL,-0.1712853143661274,0.018029558866208054,0.0178403386459072,0.009010274295955053,0.008924631638771701,0.017934905934726755,-0.22509011781296942,-1.2484505000000037,0 days 03:30:00
15m,VALIDATION,53,CLOSED,BTCUSDT,LONG,2024-11-05 05:45:00+00:00,2024-11-05 06:00:00+00:00,68741.5,68775.87075,2024-11-05 14:45:00+00:00,70151.388165,70116.3124709175,0.0002588799446591906,17.804693613647647,0.17804693613647646,68088.1120425,70151.388165,TP,0.36499177013084694,0.017804693613647646,0.01815170709217764,0.008897897857895357,0.00908039374295875,0.017978291600854106,0.3110570778241675,1.747051000000001,0 days 08:45:00
15m,VALIDATION,54,CLOSED,BTCUSDT,LONG,2024-11-06 00:30:00+00:00,2024-11-06 00:45:00+00:00,71203.46,71239.06173,2024-11-06 02:30:00+00:00,72663.8429646,72627.5110431177,0.00025429082732446486,18.115439945140324,0.18115439945140324,70526.6711127,72663.8429646,TP,0.37136199227868716,0.018115439945140324,0.01846850986967111,0.009053193375880913,0.009238874372021219,0.01829206774790213,0.31648597471597356,1.7470510000000004,0 days 01:45:00
15m,VALIDATION,55,CLOSED,BTCUSDT,LONG,2024-11-06 02:30:00+00:00,2024-11-06 02:45:00+00:00,72843.97,72880.391985,2024-11-06 03:00:00+00:00,74337.99982469999,74300.83082478764,0.0002529021764021923,18.43160975005139,0.1843160975005139,72151.58806514999,74337.99982469999,TP,0.37784339427641284,0.01843160975005139,0.01879084182407989,0.009211199275386378,0.009400120972525761,0.01861132024791214,0.3220096224543695,1.7470509999999957,0 days 00:15:00
15m,VALIDATION,56,CLOSED,BTCUSDT,LONG,2024-11-06 03:00:00+00:00,2024-11-06 03:15:00+00:00,74057.39,74094.418695,2024-11-06 07:30:00+00:00,73353.47450805,73316.79777079598,0.00025310000422254123,18.753297684571237,0.18753297684571238,73353.47450805,75576.3070689,SL,-0.17816101398485712,0.01875329768457124,0.018556481825371667,0.009371962860855414,0.009282882353861453,0.018654845214716866,-0.2341256387095169,-1.248450499999994,0 days 04:15:00
15m,VALIDATION,57,CLOSED,BTCUSDT,LONG,2024-11-06 19:00:00+00:00,2024-11-06 19:15:00+00:00,75370.0,75407.685,2024-11-07 04:30:00+00:00,74653.60815,74616.281345925,0.000245590432031015,18.51940593760869,0.18519405937608688,74653.60815,76915.8387,SL,-0.17593898394499807,0.018519405937608688,0.018325044772293485,0.009255075431088227,0.009167105939115612,0.01842218137020384,-0.23120561602510412,-1.2484504999999932,0 days 09:15:00
15m,VALIDATION,58,CLOSED,BTCUSDT,LONG,2024-11-07 15:15:00+00:00,2024-11-07 15:30:00+00:00,75399.99,75437.68999500001,2024-11-08 18:30:00+00:00,76946.44379490001,76907.97057300257,0.00024243095589800167,18.288431296224967,0.1828843129622497,74683.31309505,76946.44379490001,TP,0.3749082717497011,0.01828843129622497,0.018644872822188397,0.009139645825200531,0.009327099961071977,0.01846674578627251,0.3195082218450152,1.7470510000000214,1 days 03:00:00
15m,VALIDATION,59,CLOSED,BTCUSDT,LONG,2024-11-08 18:30:00+00:00,2024-11-08 18:45:00+00:00,76819.21,76857.619605,2024-11-09 16:15:00+00:00,76089.04340895,76050.99888724553,0.00024210508241952688,18.60762032903717,0.18607620329037172,76089.04340895,78394.7719971,SL,-0.17677704270614558,0.01860762032903717,0.01841233335368393,0.009299160584224888,0.009210772062873691,0.01850993264709858,-0.23230692903596525,-1.2484504999999948,0 days 21:30:00
15m,VALIDATION,60,CLOSED,BTCUSDT,LONG,2024-11-09 23:15:00+00:00,2024-11-09 23:30:00+00:00,76817.24,76855.64862,2024-11-10 04:45:00+00:00,78392.76159240001,78353.56521160381,0.00023909167126687358,18.37554547485539,0.1837554547485539,76087.0921338,78392.76159240001,TP,0.3766940906439638,0.01837554547485539,0.01873368485616032,0.009183181146854739,0.009371528192176723,0.01855470933903146,0.32103015097391663,1.7470510000000044,0 days 05:15:00
15m,VALIDATION,61,CLOSED,BTCUSDT,LONG,2024-11-10 04:45:00+00:00,2024-11-10 05:00:00+00:00,79122.02,79161.58101,2024-11-10 18:00:00+00:00,80744.8126302,80704.4402238849,0.00023617839206655048,18.696254916387776,0.18696254916387778,78369.96519989999,80744.8126302,TP,0.38326855405808374,0.018696254916387777,0.019060644924708176,0.009343455730326444,0.009535090007358268,0.018878545737684712,0.3266331084793031,1.7470510000000068,0 days 13:00:00
15m,VALIDATION,62,CLOSED,BTCUSDT,LONG,2024-11-10 18:00:00+00:00,2024-11-10 18:15:00+00:00,80712.0,80752.356,2024-11-10 19:30:00+00:00,79944.83244,79904.86002378,0.00023556664672502438,19.022561718065404,0.19022561718065403,79944.83244,82367.40312,SL,-0.18071908958541935,0.019022561718065406,0.018822919932834307,0.009506527595235029,0.009416168050442377,0.018922695645677404,-0.23748726688199645,-1.2484505000000017,0 days 01:15:00
15m,VALIDATION,63,CLOSED,BTCUSDT,LONG,2024-11-11 10:00:00+00:00,2024-11-11 10:15:00+00:00,82129.99,82171.054995,2024-11-11 15:30:00+00:00,83814.4760949,83772.56885685257,0.00022861227353528971,18.785311701200275,0.18785311701200275,81349.34444505,83814.4760949,TP,0.38509419589367067,0.018785311701200274,0.01915143742625667,0.009387961869663786,0.009580508967609631,0.01896847083727342,0.32818897592894025,1.7470510000000206,0 days 05:15:00
15m,VALIDATION,64,CLOSED,BTCUSDT,LONG,2024-11-11 15:30:00+00:00,2024-11-11 15:45:00+00:00,83823.73,83865.641865,2024-11-11 18:45:00+00:00,85542.9547023,85500.18322494887,0.00022790230171708712,19.1131728160144,0.191131728160144,83026.98544635,85542.9547023,TP,0.39181526682304596,0.019113172816014403,0.01948568855419853,0.009551810502756245,0.009747718136165012,0.01929952863892126,0.3339168768139118,1.7470510000000212,0 days 03:00:00
15m,VALIDATION,65,CLOSED,BTCUSDT,LONG,2024-11-11 18:45:00+00:00,2024-11-11 19:00:00+00:00,85831.99,85874.905995,2024-11-11 21:15:00+00:00,87592.4041149,87548.60791284255,0.00022645446750960136,19.446756109534796,0.19446756109534796,85016.15693504999,87592.4041149,TP,0.39865364098606376,0.019446756109534797,0.019825773386109632,0.009718518795367103,0.009917845615862448,0.01963636441122955,0.3397447470791898,1.7470510000000052,0 days 02:15:00
15m,VALIDATION,66,CLOSED,BTCUSDT,LONG,2024-11-11 21:15:00+00:00,2024-11-11 21:30:00+00:00,88242.63,88286.751315,2024-11-11 22:00:00+00:00,87403.88380185,87360.18185994908,0.00022411246485530797,19.786161451272253,0.19786161451272255,87403.88380185,90052.4863413,SL,-0.1879734778554171,0.019786161451272252,0.019578505686841153,0.009888136657306729,0.00979414991837768,0.01968228657568441,-0.24702043156921494,-1.2484504999999961,0 days 00:30:00
15m,VALIDATION,67,CLOSED,BTCUSDT,LONG,2024-11-11 23:00:00+00:00,2024-11-11 23:15:00+00:00,89348.01,89392.68400499999,2024-11-11 23:30:00+00:00,88498.75716494999,88454.50778636751,0.00021857927201590743,19.53938779336095,0.19539387793360952,88498.75716494999,91180.53768509999,SL,-0.18562906644267604,0.01953938779336095,0.01933432191846963,0.009764811490933585,0.009671996957714157,0.019436808448647744,-0.24393958460315435,-1.248450500000003,0 days 00:15:00
15m,VALIDATION,68,CLOSED,BTCUSDT,LONG,2024-11-12 06:45:00+00:00,2024-11-12 07:00:00+00:00,89545.46,89590.23273,2024-11-12 09:00:00+00:00,88694.3304027,88649.98323749866,0.000215377182497096,19.295691904646514,0.19295691904646514,88694.3304027,91382.0373846,SL,-0.1833138946063638,0.019295691904646514,0.019093183618107253,0.009643024440102548,0.009551367492797766,0.019194391932900314,-0.2408971620620179,-1.2484504999999946,0 days 02:00:00
15m,VALIDATION,69,CLOSED,BTCUSDT,LONG,2024-11-13 13:30:00+00:00,2024-11-13 13:45:00+00:00,89090.9,89135.44544999998,2024-11-13 14:30:00+00:00,90918.154359,90872.6952818205,0.00021377618413068758,19.055035399090055,0.19055035399090056,88244.09099549998,90918.154359,TP,0.39062346430318523,0.019055035399090054,0.019426418039018324,0.009522756321382312,0.009718068053533818,0.01924082437491613,0.3329011864901607,1.7470510000000203,0 days 00:45:00
15m,VALIDATION,70,CLOSED,BTCUSDT,LONG,2024-11-13 14:30:00+00:00,2024-11-13 14:45:00+00:00,90784.01,90829.402005,2024-11-13 15:45:00+00:00,92645.9900451,92599.66705007745,0.00021345075040673603,19.387604016962342,0.19387604016962343,89921.10798495,92645.9900451,TP,0.3974410378689642,0.019387604016962344,0.01976546841925294,0.009688957529716638,0.009887678048650893,0.01957663557836753,0.3387113298543814,1.7470510000000032,0 days 01:00:00
15m,VALIDATION,71,CLOSED,BTCUSDT,LONG,2024-11-13 15:45:00+00:00,2024-11-13 16:00:00+00:00,92540.0,92586.26999999999,2024-11-13 16:30:00+00:00,91660.40729999999,91614.57709635,0.0002130550995721054,19.725976973859833,0.19725976973859832,91660.40729999999,94437.99539999999,SL,-0.1874017102813988,0.019725976973859832,0.019518952845519175,0.009858059457199085,0.009764358602059634,0.01962241805925872,-0.24626905816003652,-1.2484504999999928,0 days 00:30:00
15m,VALIDATION,72,CLOSED,BTCUSDT,LONG,2024-11-14 08:00:00+00:00,2024-11-14 08:15:00+00:00,91387.51,91433.203755,2024-11-14 08:45:00+00:00,90518.87171744999,90473.61228159127,0.0002130512017377458,19.47995393873492,0.1947995393873492,90518.87171744999,93261.8678301,SL,-0.18506442997268996,0.01947995393873492,0.019275511822147897,0.009735109414660182,0.009642577199673362,0.019377686614333544,-0.2431975823479063,-1.2484505000000026,0 days 00:30:00
15m,VALIDATION,73,CLOSED,BTCUSDT,LONG,2024-11-14 11:45:00+00:00,2024-11-14 12:00:00+00:00,91491.85,91537.595925,2024-11-14 13:30:00+00:00,90622.21996575,90576.90885576713,0.00021015408058975345,19.23699931101474,0.19236999311014738,90622.21996575,93368.3478435,SL,-0.18275630030104528,0.01923699931101474,0.01903510700324564,0.009613692809101897,0.009522314658950717,0.019136007468052614,-0.2401644140833583,-1.248450499999991,0 days 01:30:00
15m,VALIDATION,74,CLOSED,BTCUSDT,LONG,2024-11-15 10:15:00+00:00,2024-11-15 10:30:00+00:00,89358.93,89403.60946499999,2024-11-15 15:00:00+00:00,88509.57337034999,88465.31858366482,0.00021248666508098883,18.997074821420973,0.18997074821420973,88509.57337034999,91191.68165429999,SL,-0.18047695769875843,0.018997074821420976,0.018797700521170163,0.009493790515451444,0.009403552036601757,0.0188973425520532,-0.23716907559340275,-1.2484504999999921,0 days 04:30:00
15m,VALIDATION,75,CLOSED,BTCUSDT,LONG,2024-11-15 20:00:00+00:00,2024-11-15 20:15:00+00:00,90925.27,90970.732635,2024-11-16 15:45:00+00:00,90061.02530864999,90015.99479599566,0.00020622173895468076,18.760142677971025,0.18760142677971026,90061.02530864999,92790.14728769999,SL,-0.17822604313255186,0.018760142677971027,0.01856325498056572,0.009375383647159655,0.009286270625595538,0.018661654272755193,-0.2342110950638438,-1.2484505000000061,0 days 19:30:00
15m,VALIDATION,76,CLOSED,BTCUSDT,LONG,2024-11-17 09:00:00+00:00,2024-11-17 09:15:00+00:00,91249.48,91295.10474,2024-11-17 13:30:00+00:00,90382.1536926,90336.9626157537,0.00020292616578715733,18.52616556002513,0.18526165560025132,90382.1536926,93121.00683479999,SL,-0.17600320204701514,0.01852616556002513,0.01833173345247267,0.009258453553235804,0.009170451952212142,0.018428905505447946,-0.23129000656496085,-1.2484504999999961,0 days 04:15:00
15m,VALIDATION,77,CLOSED,BTCUSDT,LONG,2024-11-18 06:15:00+00:00,2024-11-18 06:30:00+00:00,90947.39,90992.863695,2024-11-18 11:45:00+00:00,90082.93505804999,90037.89359052097,0.00020106089499206622,18.29510661240779,0.18295106612407788,90082.93505804999,92812.7209689,SL,-0.17380808430878383,0.01829510661240779,0.018103099468510568,0.009142981815294902,0.009056077773141467,0.01819905958843637,-0.22840534997813858,-1.2484505000000026,0 days 05:15:00
15m,VALIDATION,78,CLOSED,BTCUSDT,LONG,2024-11-18 15:45:00+00:00,2024-11-18 16:00:00+00:00,92309.51,92355.66475499999,2024-11-18 16:45:00+00:00,91432.10810745,91386.39205339628,0.0001956234031505289,18.066929439602458,0.18066929439602458,91432.10810745,94202.7780501,SL,-0.1716403441513454,0.018066929439602458,0.017877317015133835,0.009028950244678093,0.008943130072601299,0.01797208031727939,-0.2255566709233611,-1.2484504999999835,0 days 00:45:00
15m,VALIDATION,79,CLOSED,BTCUSDT,LONG,2024-11-19 12:00:00+00:00,2024-11-19 12:15:00+00:00,92020.01,92066.02000499998,2024-11-19 13:45:00+00:00,91145.35980494999,91099.78712504751,0.00019379134776380827,17.841598100018683,0.17841598100018682,91145.35980494999,93907.34040509998,SL,-0.16949964012061916,0.017841598100018684,0.017654350527958985,0.00891634087956746,0.008831591059508388,0.017747931939075846,-0.22274352068767267,-1.248450499999994,0 days 01:30:00
15m,VALIDATION,80,CLOSED,BTCUSDT,LONG,2024-11-19 18:00:00+00:00,2024-11-19 18:15:00+00:00,93286.99,93333.633495,2024-11-19 20:45:00+00:00,92400.29716005,92354.09701146999,0.00018877521897049657,17.6190771003307,0.176190771003307,92400.29716005,95200.3061649,SL,-0.16738563502113327,0.0176190771003307,0.01743416488616273,0.008805135982173624,0.008721443164661577,0.0175265791468352,-0.2199654561544619,-1.2484504999999875,0 days 02:30:00
15m,VALIDATION,81,CLOSED,BTCUSDT,LONG,2024-11-20 09:00:00+00:00,2024-11-20 09:15:00+00:00,93464.01,93510.742005,2024-11-21 03:15:00+00:00,95380.9568451,95333.26636667745,0.00018606772887072532,17.399331389886683,0.17399331389886682,92575.63458494999,95380.9568451,TP,0.356681945833659,0.017399331389886682,0.017738444358675578,0.008695318035925013,0.008873659008841845,0.017568977044766856,0.3039751930403299,1.747051000000004,0 days 18:00:00
15m,VALIDATION,82,CLOSED,BTCUSDT,LONG,2024-11-21 03:15:00+00:00,2024-11-21 03:30:00+00:00,95692.0,95739.84599999999,2024-11-21 04:45:00+00:00,97654.64292,97605.81559854001,0.00018490736773699743,17.703002911405502,0.17703002911405502,94782.44754,97654.64292,TP,0.36290713614485415,0.017703002911405502,0.018048034438148796,0.008847077916742614,0.00902853148481502,0.017875609401557635,0.30928048939374225,1.7470510000000188,0 days 01:15:00
15m,VALIDATION,83,CLOSED,BTCUSDT,LONG,2024-11-21 04:45:00+00:00,2024-11-21 05:00:00+00:00,97554.22,97602.99711,2024-11-21 14:30:00+00:00,96626.9671389,96578.65365533055,0.00018454325136124265,18.01197442928137,0.18011974429281372,96626.9671389,99555.0570522,SL,-0.17111825782140902,0.01801197442928137,0.01782293875764606,0.009001486471404143,0.008915927342494447,0.017917413813898588,-0.22487058482223504,-1.248450499999998,0 days 09:30:00
15m,VALIDATION,84,CLOSED,BTCUSDT,LONG,2024-11-21 19:00:00+00:00,2024-11-21 19:15:00+00:00,98789.52,98838.91476,2024-11-21 19:45:00+00:00,97850.5256124,97801.6003495938,0.00017996280648759742,17.787328490398018,0.1778732849039802,97850.5256124,100815.6930552,SL,-0.16898406526859946,0.01778732849039802,0.017600650477891288,0.008889219635380523,0.00880472760274611,0.01769394723812663,-0.22206599147501538,-1.2484504999999937,0 days 00:30:00
15m,VALIDATION,85,CLOSED,BTCUSDT,LONG,2024-11-22 07:30:00+00:00,2024-11-22 07:45:00+00:00,99373.89,99423.576945,2024-11-22 09:15:00+00:00,98429.34117555,98380.12650496223,0.00017667322865267017,17.56548434307033,0.1756548434307033,98429.34117555,101412.0484839,SL,-0.16687649043566585,0.017565484343070332,0.01738113458488981,0.00877835299503659,0.00869491474981851,0.0174732677448551,-0.2192963771084811,-1.2484504999999877,0 days 01:30:00
15m,VALIDATION,86,CLOSED,BTCUSDT,LONG,2024-11-24 23:00:00+00:00,2024-11-24 23:15:00+00:00,98252.0,98301.12599999999,2024-11-25 01:15:00+00:00,97318.11473999999,97269.45568263,0.00017646193638984014,17.34640704326166,0.1734640704326166,97318.11473999999,100267.14851999999,SL,-0.16479520134553108,0.01734640704326166,0.01716435650134263,0.008668869087085397,0.008586471486413484,0.01725534057349888,-0.21656130546363425,-1.2484504999999932,0 days 02:00:00
15m,VALIDATION,87,CLOSED,BTCUSDT,LONG,2024-11-25 09:00:00+00:00,2024-11-25 09:15:00+00:00,98536.01,98585.27800499999,2024-11-25 13:00:00+00:00,97599.42522494998,97550.62551233752,0.00017375882514516757,17.130062082758528,0.1713006208275853,97599.42522494998,100556.98356509999,SL,-0.1627398701615409,0.017130062082758527,0.016950282081199978,0.008560750666044644,0.008479380730964305,0.017040131397008947,-0.21386034572250834,-1.2484504999999946,0 days 03:45:00
15m,VALIDATION,88,CLOSED,BTCUSDT,LONG,2024-11-27 07:15:00+00:00,2024-11-27 07:30:00+00:00,93434.99,93481.707495,2024-11-27 15:30:00+00:00,95351.34164489999,95303.66597407755,0.0001809596319647867,16.916415383735043,0.16916415383735042,92546.89042005,95351.34164489999,TP,0.3467822883762153,0.016916415383735044,0.017246116319564037,0.00845398070151493,0.008627371845703431,0.017081352547218362,0.2955384041256978,1.7470510000000055,0 days 08:00:00
15m,VALIDATION,89,CLOSED,BTCUSDT,LONG,2024-11-27 15:30:00+00:00,2024-11-27 15:45:00+00:00,95571.13,95618.915565,2024-11-28 10:00:00+00:00,94662.72640935,94615.39504614534,0.00018000265369041548,17.211658544699773,0.17211658544699773,94662.72640935,97531.2938763,SL,-0.1635150569389031,0.017211658544699773,0.017031022188273154,0.008601528508095535,0.008519770979624213,0.017121299487719746,-0.21487903715959578,-1.2484504999999926,0 days 18:15:00
15m,VALIDATION,90,CLOSED,BTCUSDT,LONG,2024-11-29 02:00:00+00:00,2024-11-29 02:15:00+00:00,96451.98,96500.20598999999,2024-11-29 15:00:00+00:00,98430.21010979998,98380.99500474508,0.00017613427865298352,16.996994171912966,0.16996994171912966,95535.20393009999,98430.21010979998,TP,0.3484341333992333,0.016996994171912968,0.01732826558832355,0.008494249960974538,0.008668467027675623,0.017162716988650163,0.29694615665034657,1.7470509999999964,0 days 12:45:00
15m,VALIDATION,91,CLOSED,BTCUSDT,LONG,2024-11-29 15:00:00+00:00,2024-11-29 15:15:00+00:00,98500.0,98549.25,2024-11-29 17:00:00+00:00,97563.75749999999,97514.97562124999,0.00017548224546666942,17.29364367905617,0.1729364367905617,97563.75749999999,100520.235,SL,-0.16429393620132957,0.01729364367905617,0.017112146888644476,0.008642500589233468,0.00856035362113281,0.017202854210366277,-0.21590258097939652,-1.248450500000008,0 days 01:45:00
15m,VALIDATION,92,CLOSED,BTCUSDT,LONG,2024-11-30 19:30:00+00:00,2024-11-30 19:45:00+00:00,97056.2,97104.7281,2024-12-01 01:45:00+00:00,96133.68081899999,96085.6139785905,0.00017587152674361755,17.07795678497086,0.17077956784970857,96133.68081899999,99046.82266199999,SL,-0.16224485681274353,0.017077956784970857,0.016898723628512594,0.008534711036966226,0.008453588608558887,0.01698829964552511,-0.21320983687175205,-1.2484504999999968,0 days 06:00:00
15m,VALIDATION,93,CLOSED,BTCUSDT,LONG,2024-12-01 13:15:00+00:00,2024-12-01 13:30:00+00:00,97283.44,97332.08172,2024-12-02 03:45:00+00:00,96358.7609028,96310.5815223486,0.000173272364537064,16.864959944939145,0.16864959944939145,96358.7609028,99278.7233544,SL,-0.16022133360984195,0.016864959944939147,0.016687962190317006,0.00842826583954973,0.008348155172745191,0.01677642101229492,-0.210550676757393,-1.248450500000003,0 days 14:15:00
15m,VALIDATION,94,CLOSED,BTCUSDT,LONG,2024-12-04 01:30:00+00:00,2024-12-04 01:45:00+00:00,96513.18,96561.43658999998,2024-12-04 02:00:00+00:00,95595.82222409999,95548.02431298794,0.00017247692450179374,16.65461960851817,0.1665461960851817,95595.82222409999,98492.66532179998,SL,-0.15822304785503835,0.016654619608518172,0.016479829375726774,0.008323148230142283,0.008244036706216708,0.01656718493635899,-0.20792468177564227,-1.2484504999999948,0 days 00:15:00
15m,VALIDATION,95,CLOSED,BTCUSDT,LONG,2024-12-04 06:15:00+00:00,2024-12-04 06:30:00+00:00,96673.34,96721.67666999999,2024-12-04 12:15:00+00:00,95754.45990329998,95706.58267334834,0.00017004360563166966,16.446902643707343,0.16446902643707342,95754.45990329998,98656.11020339999,SL,-0.15624968478604756,0.016446902643707344,0.016274292400461632,0.008219341651026403,0.008141216808633812,0.016360558459660217,-0.20533143828987677,-1.2484504999999952,0 days 05:45:00
15m,VALIDATION,96,CLOSED,BTCUSDT,LONG,2024-12-04 19:45:00+00:00,2024-12-04 20:00:00+00:00,97209.64,97258.24481999999,2024-12-05 02:15:00+00:00,99203.4097164,99153.8080115418,0.00016699639564531313,16.241776331729444,0.16241776331729443,96285.66237179999,99203.4097164,TP,0.33295235638557785,0.016241776331729445,0.016558328552434852,0.008116829750988092,0.008283305929181986,0.016400135680170076,0.2837521158212435,1.7470510000000057,0 days 06:15:00
15m,VALIDATION,97,CLOSED,BTCUSDT,LONG,2024-12-05 02:15:00+00:00,2024-12-05 02:30:00+00:00,99211.99,99261.595995,2024-12-05 02:30:00+00:00,101246.8279149,101196.20450094256,0.0001664817577558991,16.525244978903515,0.16525244978903517,98268.98003505,101246.8279149,TP,0.3387633928208999,0.016525244978903515,0.016847322003542345,0.00825849324282881,0.008427874939238654,0.016686368182067465,0.28870445765638664,1.747051000000018,0 days 00:00:00
15m,VALIDATION,98,CLOSED,BTCUSDT,LONG,2024-12-05 02:30:00+00:00,2024-12-05 02:45:00+00:00,101312.02,101362.67601,2024-12-05 03:00:00+00:00,103389.9295302,103338.2345654349,0.00016587625428179822,16.81366102051829,0.1681366102051829,100349.0492499,103389.9295302,TP,0.34467584960602565,0.01681366102051829,0.017141359273808193,0.008402629195659905,0.00857496712046281,0.016977596316122716,0.2937432329955765,1.747051000000009,0 days 00:15:00
15m,VALIDATION,99,CLOSED,BTCUSDT,LONG,2024-12-05 03:00:00+00:00,2024-12-05 03:15:00+00:00,102919.98,102971.43998999998,2024-12-05 05:45:00+00:00,101941.72559009999,101890.75472730494,0.00016613452045918757,17.107110803730656,0.17107110803730657,101941.72559009999,105030.86878979999,SL,-0.16252182727582332,0.017107110803730657,0.016927571675845507,0.008549280761482671,0.008468019847845985,0.017017300609328656,-0.2135738103647281,-1.2484504999999924,0 days 02:30:00
15m,VALIDATION,100,CLOSED,BTCUSDT,LONG,2024-12-06 14:15:00+00:00,2024-12-06 14:30:00+00:00,99254.59,99304.217295,2024-12-06 18:00:00+00:00,101290.3016409,101239.65649007955,0.0001701211772671255,16.893750353815843,0.16893750353815842,98311.17512205,101290.3016409,TP,0.3463176609263,0.016893750353815844,0.017223009548211717,0.00844265384998266,0.008615812680445771,0.01705846653042843,0.29514243449384403,1.7470510000000048,0 days 03:30:00
15m,VALIDATION,101,CLOSED,BTCUSDT,LONG,2024-12-06 18:00:00+00:00,2024-12-06 18:15:00+00:00,101439.99,101490.709995,2024-12-06 21:45:00+00:00,100475.80289505,100425.56499360249,0.00016936129367475694,17.188597940722783,0.17188597940722783,100475.80289505,103520.5241949,SL,-0.16329597543885133,0.017188597940722784,0.0170082036053349,0.008590003968375882,0.008508355980656164,0.017098359949032048,-0.21459113693394105,-1.248450499999987,0 days 03:30:00
15m,VALIDATION,102,CLOSED,BTCUSDT,LONG,2024-12-07 18:30:00+00:00,2024-12-07 18:45:00+00:00,99980.0,100029.98999999999,2024-12-08 08:45:00+00:00,99029.69009999999,98980.17525495,0.00016969132137820885,16.974221180549016,0.16974221180549015,99029.69009999999,102030.58979999999,SL,-0.16125934264979477,0.016974221180549014,0.016796076729259157,0.00848286915569508,0.008402239484371467,0.016885108640066548,-0.2119147491996695,-1.2484504999999966,0 days 14:00:00
15m,VALIDATION,103,CLOSED,BTCUSDT,LONG,2024-12-08 13:45:00+00:00,2024-12-08 14:00:00+00:00,100408.79,100458.99439499999,2024-12-08 15:00:00+00:00,99454.40445104998,99404.67724882446,0.00016685930647967746,16.762518134395503,0.16762518134395504,99454.40445104998,102468.17428289998,SL,-0.15924811081202542,0.016762518134395502,0.016586595506575024,0.008377070531930682,0.008297446476524967,0.01667451700845565,-0.20927174146145158,-1.2484505000000015,0 days 01:00:00
15m,VALIDATION,104,CLOSED,BTCUSDT,LONG,2024-12-08 23:45:00+00:00,2024-12-09 00:00:00+00:00,101109.6,101160.1548,2024-12-09 00:15:00+00:00,100148.553252,100098.478975374,0.00016363612222954839,16.553455455612838,0.1655345545561284,100148.553252,103183.357896,SL,-0.15726196312403928,0.016553455455612837,0.01637972694060618,0.008272591432090056,0.008193960450527317,0.01646655188261737,-0.20666169740287568,-1.2484504999999995,0 days 00:15:00
15m,VALIDATION,105,CLOSED,BTCUSDT,LONG,2024-12-11 06:00:00+00:00,2024-12-11 06:15:00+00:00,97707.87,97756.72393499999,2024-12-11 15:00:00+00:00,99711.85841369999,99662.00248449315,0.00016722123609953936,16.347000213452123,0.16347000213452123,96779.15669564999,99711.85841369999,TP,0.3351094196680674,0.016347000213452124,0.016665603247612307,0.008169415399025196,0.008336970108858657,0.01650638550788385,0.2855904306991191,1.7470510000000101,0 days 08:45:00
15m,VALIDATION,106,CLOSED,BTCUSDT,LONG,2024-12-11 15:00:00+00:00,2024-12-11 15:15:00+00:00,99863.37,99913.30168499998,2024-12-12 16:00:00+00:00,101911.56771869998,101860.61193484064,0.00016646737780183558,16.632305339025667,0.16632305339025666,98914.16866814999,101911.56771869998,TP,0.3409581034516884,0.01663230533902567,0.01695646897008328,0.008311996671175357,0.008482475722902495,0.01679447239407785,0.29057485674850164,1.7470510000000021,1 days 00:45:00
15m,VALIDATION,107,CLOSED,BTCUSDT,LONG,2024-12-12 16:00:00+00:00,2024-12-12 16:15:00+00:00,102346.98,102398.15349,2024-12-12 17:00:00+00:00,101374.1719551,101323.48486912246,0.00016526264717121704,16.922589911201996,0.16922589911201996,101374.1719551,104446.1165598,SL,-0.1607688326896297,0.016922589911201998,0.016744987330083935,0.008457066422389975,0.008376682006042874,0.016833748428432847,-0.21127015835934848,-1.248450499999986,0 days 00:45:00
15m,VALIDATION,108,CLOSED,BTCUSDT,LONG,2024-12-13 11:15:00+00:00,2024-12-13 11:30:00+00:00,100591.51,100641.805755,2024-12-15 04:15:00+00:00,102654.6418701,102603.31454916495,0.00016604959228001194,16.71153081194191,0.1671153081194191,99635.38769744999,102654.6418701,TP,0.34258220585000326,0.01671153081194191,0.01703723854746666,0.008351589611165238,0.00852288071408947,0.016874470325254708,0.29195896616533995,1.7470510000000041,1 days 16:45:00
15m,VALIDATION,109,CLOSED,BTCUSDT,LONG,2024-12-15 04:15:00+00:00,2024-12-15 04:30:00+00:00,102612.58,102663.88629,2024-12-15 07:30:00+00:00,101637.2474271,101586.42880338646,0.0001656200512688422,17.003198110808384,0.17003198110808385,101637.2474271,104717.1640158,SL,-0.1615346307278708,0.017003198110808384,0.016824749546635452,0.008497350380212954,0.008416583064848134,0.016913933445061088,-0.21227651183037574,-1.2484504999999877,0 days 03:00:00
15m,VALIDATION,110,CLOSED,BTCUSDT,LONG,2024-12-15 12:30:00+00:00,2024-12-15 12:45:00+00:00,103258.43,103310.05921499999,2024-12-16 00:30:00+00:00,105376.2603993,105323.57226910035,0.00016253144941559983,16.791133663425395,0.16791133663425395,102276.95862284998,105376.2603993,TP,0.3442140444146477,0.016791133663425394,0.017118392858525556,0.008391371146138582,0.00856347816834651,0.016954849314485092,0.29334966857821165,1.74705100000001,0 days 11:45:00
15m,VALIDATION,111,CLOSED,BTCUSDT,LONG,2024-12-16 00:30:00+00:00,2024-12-16 00:45:00+00:00,105897.99,105950.938995,2024-12-16 02:15:00+00:00,104891.42960505,104838.98389024747,0.00016124623752695457,17.084190275391645,0.17084190275391645,104891.42960505,108069.9577749,SL,-0.1623040765293341,0.017084190275391646,0.01690489169845141,0.008537826224583342,0.008456674186318847,0.01699450041090219,-0.21328765891407933,-1.2484505000000057,0 days 01:30:00
15m,VALIDATION,112,CLOSED,BTCUSDT,LONG,2024-12-16 14:45:00+00:00,2024-12-16 15:00:00+00:00,105487.01,105539.75350499999,2024-12-16 18:15:00+00:00,107650.5485751,107596.72330081245,0.0001598555532940734,16.871115691061895,0.16871115691061897,104484.35596994999,107650.5485751,TP,0.3458536559956816,0.016871115691061894,0.017199933735880694,0.008431342174442332,0.008604269002441309,0.01703561117688364,0.29474699539185534,1.7470510000000092,0 days 03:15:00
15m,VALIDATION,113,CLOSED,BTCUSDT,LONG,2024-12-16 18:15:00+00:00,2024-12-16 18:30:00+00:00,107750.47,107804.345235,2024-12-16 19:00:00+00:00,106726.30178265,106672.93863175868,0.00015922890859818416,17.165568233910903,0.17165568233910905,106726.30178265,109960.4321397,SL,-0.16307718746958855,0.017165568233910904,0.01698541559529601,0.008578494869520616,0.008496956275785745,0.017075451145306363,-0.21430362244410184,-1.2484505,0 days 00:30:00
15m,VALIDATION,114,CLOSED,BTCUSDT,LONG,2024-12-17 08:15:00+00:00,2024-12-17 08:30:00+00:00,107294.74,107348.38737,2024-12-17 15:15:00+00:00,106274.9034963,106221.76604455186,0.00015791088358479657,16.951478700999715,0.16951478700999714,106274.9034963,109495.3551174,SL,-0.16104328341129728,0.016951478700999716,0.016773572932032726,0.008471503598699165,0.008390981956994132,0.016862485555693297,-0.211630820600023,-1.2484504999999915,0 days 06:45:00
15m,VALIDATION,115,CLOSED,BTCUSDT,LONG,2024-12-19 10:30:00+00:00,2024-12-19 10:45:00+00:00,102483.39,102534.63169499999,2024-12-19 14:45:00+00:00,101509.28537804999,101458.53073536097,0.00016326249017596274,16.740059299800894,0.16740059299800894,101509.28537804999,104585.3243289,SL,-0.1590347462714739,0.016740059299800894,0.016564372377449486,0.008365846726535498,0.008286329353400384,0.016652176079935882,-0.20899135402866018,-1.2484504999999966,0 days 04:00:00
15m,VALIDATION,116,CLOSED,BTCUSDT,LONG,2024-12-20 23:15:00+00:00,2024-12-20 23:30:00+00:00,97783.43,97832.32171499998,2024-12-21 13:15:00+00:00,96853.99849784999,96805.57149860107,0.00016897561499666487,16.531276728343695,0.16531276728343694,96853.99849784999,99788.96814929998,SL,-0.15705125967307162,0.016531276728343695,0.01635778097907973,0.008261507610365086,0.008182981980528185,0.01644448959089327,-0.20638480697138833,-1.248450499999987,0 days 13:45:00
15m,VALIDATION,117,CLOSED,BTCUSDT,LONG,2024-12-24 13:15:00+00:00,2024-12-24 13:30:00+00:00,94767.41,94814.793705,2024-12-24 14:15:00+00:00,96711.08957910001,96662.73403431046,0.00017217880735777793,16.325098100000652,0.1632509810000065,93866.64576795,96711.08957910001,TP,0.33466043181510646,0.016325098100000653,0.016643274261969664,0.00815846981509281,0.008325800031000113,0.016484269846092924,0.28520778960704324,1.7470510000000052,0 days 00:45:00
15m,VALIDATION,118,CLOSED,BTCUSDT,LONG,2024-12-24 14:15:00+00:00,2024-12-24 14:30:00+00:00,96833.86,96882.27692999999,2024-12-24 17:00:00+00:00,98819.9224686,98770.5125073657,0.0001714454025346879,16.610020966740954,0.16610020966740954,95913.4541607,98819.9224686,TP,0.3405012793881619,0.016610020966740954,0.01693375027538274,0.008300860053342457,0.008471110693037538,0.016771970746379997,0.2901855373996582,1.7470510000000041,0 days 02:30:00
15m,VALIDATION,119,CLOSED,BTCUSDT,LONG,2024-12-24 17:00:00+00:00,2024-12-24 17:15:00+00:00,98893.73,98943.17686499999,2024-12-24 19:30:00+00:00,97953.74509634999,97904.76822380182,0.00017080426507385584,16.89991660849886,0.1689991660849886,97953.74509634999,100922.04040229999,SL,-0.16055343064845898,0.01689991660849886,0.016722551983692664,0.008445735436529591,0.008365458721206068,0.01681119415773566,-0.21098709339838614,-1.2484504999999946,0 days 02:15:00
15m,VALIDATION,120,CLOSED,BTCUSDT,LONG,2024-12-26 00:00:00+00:00,2024-12-26 00:15:00+00:00,99718.03,99767.889015,2024-12-26 01:00:00+00:00,98770.21012485,98720.82501978758,0.00016727967742114261,16.689140291417555,0.16689140291417556,98770.21012485,101763.2467953,SL,-0.15855100296844002,0.016689140291417555,0.016513987764059133,0.008340399945734997,0.008261124444251129,0.016601524389986126,-0.20835565541390283,-1.2484504999999932,0 days 00:45:00
15m,VALIDATION,121,CLOSED,BTCUSDT,LONG,2024-12-27 09:00:00+00:00,2024-12-27 09:15:00+00:00,97298.55,97347.19927499999,2024-12-27 10:30:00+00:00,96373.72728225,96325.54041860887,0.0001693011499689246,16.480992783511564,0.16480992783511564,96373.72728225,99294.14326049999,SL,-0.15657354963246262,0.016480992783511565,0.01630802476424861,0.008236378202652566,0.008158091427837993,0.016394469630490557,-0.20575703681071333,-1.2484504999999957,0 days 01:15:00
15m,VALIDATION,122,CLOSED,BTCUSDT,LONG,2024-12-28 14:15:00+00:00,2024-12-28 14:30:00+00:00,94900.01,94947.46000499999,2024-12-29 16:15:00+00:00,93997.98540494998,93950.98641224751,0.00017141523635628698,16.275441298186177,0.16275441298186177,93997.98540494998,96846.40920509999,SL,-0.15462075915968157,0.01627544129818618,0.016104630541761714,0.008133653822180544,0.00805634344260175,0.01618999726478229,-0.20319082826441176,-1.2484504999999997,1 days 01:45:00
15m,VALIDATION,123,CLOSED,BTCUSDT,LONG,2024-12-30 20:00:00+00:00,2024-12-30 20:15:00+00:00,94774.69,94822.077345,2024-12-30 21:15:00+00:00,93873.85657155,93826.91964326423,0.00016950117428122028,16.072453457762194,0.16072453457762195,93873.85657155,96718.5188919,SL,-0.15269232395405288,0.016072453457762193,0.01590377305872298,0.008032210623568558,0.007955864461590767,0.015988075085159325,-0.20065662555569738,-1.2484504999999873,0 days 01:00:00
15m,VALIDATION,124,CLOSED,BTCUSDT,LONG,2024-12-31 12:15:00+00:00,2024-12-31 12:30:00+00:00,94802.95,94850.35147499999,2024-12-31 17:30:00+00:00,93901.84796024999,93854.89703626986,0.0001673372532790173,15.871997288375885,0.15871997288375886,93901.84796024999,96747.35850449999,SL,-0.15078794025588663,0.015871997288375884,0.015705420676834378,0.00793203262787258,0.007856638657746296,0.015788671285618876,-0.1981540295067158,-1.2484505000000037,0 days 05:00:00
1h,DEVELOPMENT,1,CLOSED,BTCUSDT,LONG,2024-01-07 13:00:00+00:00,2024-01-07 14:00:00+00:00,44409.31,44431.51465499999,2024-01-07 15:00:00+00:00,43987.199508449994,43965.205908695774,0.000449681270943834,19.980019980019982,0.19980019980019983,43987.199508449994,45320.144948099995,SL,-0.18981518231893213,0.019980019980019983,0.019770329670329677,0.0099850174812667,0.009890109890107536,0.019875127371374236,-0.24944065934065604,-1.2484504999999833,0 days 01:00:00
1h,DEVELOPMENT,2,CLOSED,BTCUSDT,LONG,2024-01-08 11:00:00+00:00,2024-01-08 12:00:00+00:00,44636.0,44658.318,2024-01-08 17:00:00+00:00,45551.48436,45528.708617820004,0.0004418175470054023,19.730828512147202,0.19730828512147203,44211.73482,45551.48436,TP,0.4044770542570116,0.019730828512147202,0.020115382359848954,0.00986048401406626,0.010062722541194148,0.019923206555260406,0.3447076368297551,1.7470510000000115,0 days 05:00:00
1h,DEVELOPMENT,3,CLOSED,BTCUSDT,LONG,2024-01-08 17:00:00+00:00,2024-01-08 18:00:00+00:00,45648.01,45670.834005,2024-01-08 18:00:00+00:00,46584.2506851,46560.958559757455,0.0004395626272886892,20.075191785703407,0.20075191785703406,45214.12566495,46584.2506851,TP,0.4115364153171174,0.020075191785703408,0.020466457273606773,0.010032579603047955,0.010238347810706431,0.020270927413754386,0.3507238388440528,1.747051000000018,0 days 00:00:00
1h,DEVELOPMENT,4,CLOSED,BTCUSDT,LONG,2024-01-08 18:00:00+00:00,2024-01-08 19:00:00+00:00,46970.02,46993.50500999999,2024-01-09 00:00:00+00:00,46523.56995989999,46500.30817492004,0.0004346465590667396,20.425565251082084,0.20425565251082084,46523.56995989999,47933.375110199995,SL,-0.1940479737246747,0.020425565251082085,0.02021119894377198,0.010207678786146531,0.01011065479928558,0.020318333585432113,-0.2550030715049609,-1.2484505000000017,0 days 05:00:00
1h,DEVELOPMENT,5,CLOSED,BTCUSDT,LONG,2024-01-11 14:00:00+00:00,2024-01-11 15:00:00+00:00,48571.21,48595.495605,2024-01-11 15:00:00+00:00,48109.540648949995,48085.48587862552,0.000415075855833538,20.170816927900308,0.2017081692790031,48109.540648949995,49567.4055171,SL,-0.1916278009991947,0.02017081692790031,0.019959124204241997,0.01008036827980913,0.009984554379310152,0.020064922659119282,-0.2518226647904563,-1.2484505000000012,0 days 00:00:00
1h,DEVELOPMENT,6,CLOSED,BTCUSDT,LONG,2024-01-16 21:00:00+00:00,2024-01-16 22:00:00+00:00,43434.71,43456.427355,2024-01-17 01:00:00+00:00,43021.86308145,43000.352149909275,0.0004583728356563045,19.91924583420355,0.1991924583420355,43021.86308145,44325.5559021,SL,-0.1892378127477308,0.019919245834203552,0.019710193349173583,0.009954645594304935,0.009860026687930488,0.01981467228223542,-0.24868192421334334,-1.2484504999999997,0 days 03:00:00
1h,DEVELOPMENT,7,CLOSED,BTCUSDT,LONG,2024-01-26 10:00:00+00:00,2024-01-26 11:00:00+00:00,40692.64,40712.986319999996,2024-01-26 14:00:00+00:00,41527.246046399996,41506.4824233768,0.00048315817928142914,19.67081234348093,0.19670812343480928,40305.85645679999,41527.246046399996,TP,0.4032467377958943,0.01967081234348093,0.02005419647605538,0.00983049092627584,0.010032114295172699,0.01986260522144854,0.3436591237549094,1.7470510000000123,0 days 03:00:00
1h,DEVELOPMENT,8,CLOSED,BTCUSDT,LONG,2024-01-26 14:00:00+00:00,2024-01-26 15:00:00+00:00,41588.0,41608.793999999994,2024-01-28 04:00:00+00:00,42440.96988,42419.74939506,0.00048100716765373924,20.014128151427897,0.20014128151427898,41192.70606,42440.96988,TP,0.41028462607274835,0.020014128151427897,0.020404203509099227,0.010002063044189166,0.01020720535722845,0.020209268401417617,0.3496570260108036,1.747051000000005,1 days 13:00:00
1h,DEVELOPMENT,9,CLOSED,BTCUSDT,LONG,2024-01-28 04:00:00+00:00,2024-01-28 05:00:00+00:00,42720.33,42741.690165,2024-01-28 06:00:00+00:00,42314.27326335,42293.11612671833,0.0004764302906859652,20.363435869720412,0.20363435869720412,42314.27326335,43596.5239683,SL,-0.19345772907715564,0.020363435869720413,0.020149721610267696,0.010176629620049338,0.010079900755509776,0.020256530375559113,-0.25422741693270284,-1.2484504999999952,0 days 01:00:00
1h,DEVELOPMENT,10,CLOSED,BTCUSDT,LONG,2024-01-29 16:00:00+00:00,2024-01-29 17:00:00+00:00,43200.01,43221.610005,2024-01-30 23:00:00+00:00,42789.393904950004,42767.999207997535,0.0004652640756303359,20.109462426231204,0.20109462426231203,42789.393904950004,44086.042205100006,SL,-0.19104491790237543,0.020109462426231205,0.01989841361806791,0.010049706359935743,0.0099541839009819,0.020003890260917645,-0.2510566842075922,-1.248450499999983,1 days 06:00:00
1h,DEVELOPMENT,11,CLOSED,BTCUSDT,LONG,2024-02-05 13:00:00+00:00,2024-02-05 14:00:00+00:00,43447.67,43469.393834999995,2024-02-05 15:00:00+00:00,43034.699896649996,43013.182546701675,0.00045684226983428653,19.85865654790194,0.1985865654790194,43034.699896649996,44338.781711699994,SL,-0.18866219938811496,0.01985865654790194,0.019650239947431713,0.009924366090904172,0.009830034991209529,0.019754401082113703,-0.24792549696556232,-1.248450499999989,0 days 01:00:00
1h,DEVELOPMENT,12,CLOSED,BTCUSDT,LONG,2024-02-07 17:00:00+00:00,2024-02-07 18:00:00+00:00,43499.91,43521.659955,2024-02-07 21:00:00+00:00,44392.0931541,44369.89710752296,0.0004506027285961208,19.610978728755526,0.19610978728755527,43086.44335545,44392.0931541,TP,0.40202016364495297,0.019610978728755526,0.019993196704178973,0.009800589069842533,0.010001599151663614,0.019802188221506145,0.34261379999051234,1.7470510000000083,0 days 03:00:00
1h,DEVELOPMENT,13,CLOSED,BTCUSDT,LONG,2024-02-08 00:00:00+00:00,2024-02-08 01:00:00+00:00,44676.02,44698.358009999996,2024-02-08 20:00:00+00:00,45592.3251702,45569.5290076149,0.0004463978353019948,19.95325025721758,0.1995325025721758,44251.374429899995,45592.3251702,TP,0.40903664445330645,0.01995325025721758,0.02034213910473075,0.009971639308954084,0.010176157631178672,0.020147796940132755,0.34859345815122533,1.747051000000015,0 days 19:00:00
1h,DEVELOPMENT,14,CLOSED,BTCUSDT,LONG,2024-02-09 02:00:00+00:00,2024-02-09 03:00:00+00:00,46285.22,46308.36261,2024-02-09 11:00:00+00:00,47234.5298622,47210.9125972689,0.00043839804143219453,20.301495470155867,0.20301495470155867,45845.278983899996,47234.5298622,TP,0.4161755843007448,0.02030149547015587,0.020697171616869205,0.010145674897627072,0.010353762689778376,0.020499437587405446,0.3546774796263143,1.7470510000000075,0 days 08:00:00
1h,DEVELOPMENT,15,CLOSED,BTCUSDT,LONG,2024-02-09 11:00:00+00:00,2024-02-09 12:00:00+00:00,47180.01,47203.600005,2024-02-09 14:00:00+00:00,46731.56400495,46708.198222947525,0.000437589900440597,20.655818626625713,0.20655818626625713,46731.56400495,48147.6720051,SL,-0.19623543832691492,0.020655818626625713,0.020439035810139276,0.010322747939342397,0.010224630220179548,0.020547378159521946,-0.25787767092320185,-1.2484505,0 days 02:00:00
1h,DEVELOPMENT,16,CLOSED,BTCUSDT,LONG,2024-02-11 03:00:00+00:00,2024-02-11 04:00:00+00:00,48519.6,48543.8598,2024-02-11 10:00:00+00:00,48058.421202,48034.391991399,0.0004202014149635746,20.398198575753387,0.20398198575753387,48058.421202,49514.736996,SL,-0.1937879834708009,0.02039819857575339,0.020184119481700857,0.010194002286733249,0.0100971082949957,0.02029111058172895,-0.2546614121099841,-1.2484504999999906,0 days 06:00:00
1h,DEVELOPMENT,17,CLOSED,BTCUSDT,LONG,2024-02-12 00:00:00+00:00,2024-02-12 01:00:00+00:00,48604.01,48628.312005,2024-02-12 02:00:00+00:00,48142.02888495,48117.957870507526,0.00041423999189149955,20.14379157064851,0.20143791570648512,48142.02888495,49600.8782451,SL,-0.19137105335233903,0.02014379157064851,0.019932382478114553,0.010066862354146243,0.009971176827470526,0.02003803918161677,-0.2514852665827189,-1.2484504999999986,0 days 01:00:00
1h,DEVELOPMENT,18,CLOSED,BTCUSDT,LONG,2024-02-12 15:00:00+00:00,2024-02-12 16:00:00+00:00,49917.8,49942.7589,2024-02-12 16:00:00+00:00,49443.331311,49418.609645344506,0.0003983071415403594,19.892557538098345,0.19892557538098346,49443.331311,50941.614078,SL,-0.1889842672659922,0.019892557538098345,0.019683785146736004,0.009941308114990804,0.009846815981356926,0.019788124096347733,-0.2483487340471743,-1.248450499999989,0 days 00:00:00
1h,DEVELOPMENT,19,CLOSED,BTCUSDT,LONG,2024-02-14 08:00:00+00:00,2024-02-14 09:00:00+00:00,50758.0,50783.379,2024-02-14 12:00:00+00:00,51799.04658,51773.147056710004,0.00038682847206139207,19.644456904684585,0.19644456904684585,50275.545210000004,51799.04658,TP,0.4027064578861385,0.019644456904684585,0.02002732736975689,0.009817319792446384,0.01001867302138832,0.019835992813834705,0.34319868079786237,1.7470510000000066,0 days 03:00:00
1h,DEVELOPMENT,20,CLOSED,BTCUSDT,LONG,2024-02-14 14:00:00+00:00,2024-02-14 15:00:00+00:00,51908.45,51934.40422499999,2024-02-14 15:00:00+00:00,51415.06018274999,51389.35265265862,0.0003848568791328516,19.98731272965748,0.1998731272965748,51415.06018274999,52973.09230949999,SL,-0.18988446526276484,0.01998731272965748,0.019777545882559724,0.00998866203380954,0.009893719801178973,0.019882381834988513,-0.24953170570997057,-1.2484504999999906,0 days 00:00:00
1h,DEVELOPMENT,21,CLOSED,BTCUSDT,LONG,2024-02-15 00:00:00+00:00,2024-02-15 01:00:00+00:00,52321.19,52347.350594999996,2024-02-15 01:00:00+00:00,51823.877089049995,51797.96515050547,0.0003770588211632642,19.738030306370796,0.19738030306370796,51823.877089049995,53394.2976069,SL,-0.18751621995208134,0.019738030306370797,0.019530879678305437,0.009864083111627292,0.009770325001652737,0.01963440811328003,-0.2464195380500376,-1.2484504999999992,0 days 00:00:00
1h,DEVELOPMENT,22,CLOSED,BTCUSDT,LONG,2024-02-15 14:00:00+00:00,2024-02-15 15:00:00+00:00,52621.31,52647.62065499999,2024-02-15 15:00:00+00:00,52121.14444844999,52095.08387622576,0.00037023243784207533,19.491856941685445,0.19491856941685445,52121.14444844999,53700.57306809999,SL,-0.1851775114749863,0.019491856941685443,0.019287289903082455,0.009741057941869514,0.009648469186134417,0.01938952712800393,-0.24334618544775813,-1.2484505000000077,0 days 00:00:00
1h,DEVELOPMENT,23,CLOSED,BTCUSDT,LONG,2024-02-18 22:00:00+00:00,2024-02-18 23:00:00+00:00,52239.79,52265.909895,2024-02-19 16:00:00+00:00,51743.25079604999,51717.37917065197,0.0003682850618690077,19.248753859320054,0.19248753859320056,51743.25079604999,53311.2280929,SL,-0.18286797144711633,0.019248753859320053,0.01904673818756649,0.009619567146085577,0.009528133160362969,0.019147700306448544,-0.24031116380045145,-1.2484505000000048,0 days 17:00:00
1h,DEVELOPMENT,24,CLOSED,BTCUSDT,LONG,2024-02-20 13:00:00+00:00,2024-02-20 14:00:00+00:00,52840.14,52866.56007,2024-02-20 14:00:00+00:00,52337.8944693,52311.72552206535,0.00035955966761300786,19.008682766612313,0.19008682766612314,52337.8944693,53923.8912714,SL,-0.18058723607861007,0.019008682766612314,0.018809186640976718,0.009499591587512445,0.009409297969472352,0.018908889556984797,-0.23731399504318393,-1.248450499999993,0 days 00:00:00
1h,DEVELOPMENT,25,CLOSED,BTCUSDT,LONG,2024-02-26 15:00:00+00:00,2024-02-26 16:00:00+00:00,52842.33,52868.751165,2024-02-26 19:00:00+00:00,53926.126188300004,53899.16312520586,0.00035506051183055703,18.77160584848726,0.18771605848487258,52340.06365335,53926.126188300004,TP,0.38481322933780565,0.01877160584848726,0.01913746444647428,0.009381112368059509,0.009573518982727255,0.018954631350786764,0.3279495276920574,1.747051000000012,0 days 03:00:00
1h,DEVELOPMENT,26,CLOSED,BTCUSDT,LONG,2024-02-26 19:00:00+00:00,2024-02-26 20:00:00+00:00,54487.1,54514.34355,2024-02-27 01:00:00+00:00,55604.630421,55576.82810578951,0.00035035233867864373,19.099227754273535,0.19099227754273534,53969.200114499996,55604.630421,TP,0.3915293965418804,0.019099227754273536,0.01947147170320433,0.009544841456408295,0.009740606154677497,0.01928544761108579,0.3336732494733167,1.747051000000018,0 days 05:00:00
1h,DEVELOPMENT,27,CLOSED,BTCUSDT,LONG,2024-02-27 01:00:00+00:00,2024-02-27 02:00:00+00:00,55768.41,55796.294205,2024-02-27 02:00:00+00:00,56912.220089099996,56883.763979055446,0.0003482770305934745,19.43256766383729,0.1943256766383729,55238.33126295,56912.220089099996,TP,0.3983627813946028,0.01943256766383729,0.019811308407605477,0.009711428117857916,0.009910609508556968,0.019622037626414884,0.33949686769674514,1.7470509999999955,0 days 00:00:00
1h,DEVELOPMENT,28,CLOSED,BTCUSDT,LONG,2024-02-27 02:00:00+00:00,2024-02-27 03:00:00+00:00,56298.47,56326.619235,2024-02-27 03:00:00+00:00,55763.35304265,55735.47136612868,0.00035101920978666476,19.77172537382405,0.1977172537382405,55763.35304265,57453.1516197,SL,-0.18783633151244175,0.019771725373824052,0.019564221116025772,0.00988092222579812,0.009787004060041012,0.019667926285839132,-0.2468402042881307,-1.2484504999999873,0 days 00:00:00
1h,DEVELOPMENT,29,CLOSED,BTCUSDT,LONG,2024-02-28 07:00:00+00:00,2024-02-28 08:00:00+00:00,58241.09,58270.210544999994,2024-02-28 08:00:00+00:00,59435.614755899995,59405.89694852205,0.0003350791352996407,19.525131763146604,0.19525131763146605,57687.508439549994,59435.614755899995,TP,0.40026032230098574,0.019525131763146603,0.019905676581210334,0.009757687038053587,0.009957817199202506,0.01971550423725609,0.34111400971937267,1.7470510000000117,0 days 00:00:00
1h,DEVELOPMENT,30,CLOSED,BTCUSDT,LONG,2024-02-28 08:00:00+00:00,2024-02-28 09:00:00+00:00,59448.42,59478.14421,2024-02-28 09:00:00+00:00,58883.3627679,58853.92108651605,0.0003340034438446629,19.865904999629496,0.19865904999629497,58883.3627679,60667.7070942,SL,-0.188731061490733,0.019865904999629497,0.019657412326658383,0.009927988505562072,0.00983362297481623,0.0197616114803783,-0.24801599029739915,-1.2484504999999986,0 days 00:00:00
1h,DEVELOPMENT,31,CLOSED,BTCUSDT,LONG,2024-02-28 13:00:00+00:00,2024-02-28 14:00:00+00:00,60454.76,60484.98738,2024-02-28 14:00:00+00:00,59880.1375062,59850.19743744691,0.0003243472079162758,19.618136777554177,0.19618136777554177,59880.1375062,61694.6871276,SL,-0.18637720146991793,0.01961813677755418,0.01941224443207375,0.009804166305623183,0.009710977704887448,0.019515144010510632,-0.2449227266900565,-1.2484504999999873,0 days 00:00:00
1h,DEVELOPMENT,32,CLOSED,BTCUSDT,LONG,2024-02-28 14:00:00+00:00,2024-02-28 15:00:00+00:00,60971.11,61001.595555,2024-02-28 16:00:00+00:00,62221.6274661,62190.516652366954,0.0003175893770097431,19.373458728912762,0.19373458728912762,60391.57959945,62221.6274661,TP,0.397151062998501,0.019373458728912763,0.019751047439539274,0.009681888420246035,0.009880463951743851,0.01956235237198989,0.3384642044580591,1.747051000000007,0 days 01:00:00
1h,DEVELOPMENT,33,CLOSED,BTCUSDT,LONG,2024-02-28 16:00:00+00:00,2024-02-28 17:00:00+00:00,62412.0,62443.206,2024-02-28 17:00:00+00:00,61818.77394,61787.864553030005,0.0003156722095161553,19.711584807292446,0.19711584807292448,61818.77394,63692.07012,SL,-0.1872649811027636,0.019711584807292445,0.019504711724739915,0.00985086697016061,0.009757234479607756,0.019608101449768364,-0.24608937908456432,-1.2484504999999884,0 days 00:00:00
1h,DEVELOPMENT,34,CLOSED,BTCUSDT,LONG,2024-03-04 00:00:00+00:00,2024-03-04 01:00:00+00:00,63459.29,63491.019645,2024-03-04 08:00:00+00:00,64760.8400379,64728.45961788105,0.0003065904655584845,19.465741271743433,0.19465741271743434,62856.10944855,64760.8400379,TP,0.39904283206742425,0.01946574127174343,0.019845128569129712,0.009728006632555266,0.009927528048588513,0.01965553468114378,0.3400764275454073,1.7470510000000048,0 days 07:00:00
1h,DEVELOPMENT,35,CLOSED,BTCUSDT,LONG,2024-03-04 08:00:00+00:00,2024-03-04 09:00:00+00:00,65241.08,65273.70054,2024-03-04 14:00:00+00:00,64620.9635346,64588.653052832706,0.0003034220183435304,19.805477962597987,0.19805477962597987,64620.9635346,66579.1745508,SL,-0.1881569895397247,0.019805477962597986,0.019597619471380525,0.00989779008625473,0.00980371159148413,0.01970150167773886,-0.24726158865144207,-1.2484504999999884,0 days 05:00:00
1h,DEVELOPMENT,36,CLOSED,BTCUSDT,LONG,2024-03-04 14:00:00+00:00,2024-03-04 15:00:00+00:00,66169.41,66202.494705,2024-03-04 20:00:00+00:00,67526.5445991,67492.78132680045,0.0002954339330515207,19.558463388520625,0.19558463388520625,65540.46975795,67526.5445991,TP,0.4009436122924112,0.019558463388520627,0.01993965783996289,0.009774344521999644,0.009974816328144833,0.019749160850144477,0.3416963302137832,1.7470509999999986,0 days 05:00:00
1h,DEVELOPMENT,37,CLOSED,BTCUSDT,LONG,2024-03-04 22:00:00+00:00,2024-03-04 23:00:00+00:00,67929.12,67963.08455999999,2024-03-05 04:00:00+00:00,67283.45371439999,67249.8119875428,0.000292803343058848,19.89981836375917,0.1989981836375917,67283.45371439999,69322.34625119998,SL,-0.18905324692407008,0.019899818363759172,0.019690969770031524,0.009944936713520798,0.009850410090059847,0.019795346803580645,-0.2484393818614414,-1.248450499999991,0 days 05:00:00
1h,DEVELOPMENT,38,CLOSED,BTCUSDT,LONG,2024-03-05 14:00:00+00:00,2024-03-05 15:00:00+00:00,68710.41,68744.765205,2024-03-05 15:00:00+00:00,68057.31755295,68023.28889417353,0.00028586361615297345,19.651627173088407,0.19651627173088407,68057.31755295,70119.66050910001,SL,-0.1866953685959082,0.019651627173088406,0.019445383345906845,0.00982090313497667,0.009727555450677695,0.019548458585654363,-0.24534083770055784,-1.2484504999999988,0 days 00:00:00
1h,DEVELOPMENT,39,CLOSED,BTCUSDT,LONG,2024-03-08 14:00:00+00:00,2024-03-08 15:00:00+00:00,68422.0,68456.211,2024-03-08 15:00:00+00:00,67771.64889,67737.763065555,0.0002834882496071804,19.406531431129807,0.19406531431129806,67771.64889,69825.33522,SL,-0.18436689780398774,0.019406531431129807,0.019202859883760102,0.009698416507310027,0.009606233058407779,0.019304649565717806,-0.24228093868459546,-1.248450499999991,0 days 00:00:00
1h,DEVELOPMENT,40,CLOSED,BTCUSDT,LONG,2024-03-11 07:00:00+00:00,2024-03-11 08:00:00+00:00,71019.99,71055.499995,2024-03-11 15:00:00+00:00,72476.6099949,72440.37168990256,0.0002697115991400181,19.164492531345,0.19164492531345,70344.94499505,72476.6099949,TP,0.39286730816380405,0.019164492531345,0.019538008490780915,0.00957745753690414,0.009773891190984624,0.019351348727888764,0.33481345841378934,1.7470510000000061,0 days 07:00:00
1h,DEVELOPMENT,41,CLOSED,BTCUSDT,LONG,2024-03-13 08:00:00+00:00,2024-03-13 09:00:00+00:00,73433.49,73470.206745,2024-03-13 12:00:00+00:00,72735.50467755001,72699.13692521123,0.00026539970927884116,19.498971510779356,0.19498971510779356,72735.50467755001,74939.6108799,SL,-0.1852451016591273,0.019498971510779357,0.01929432980477373,0.009744613448664787,0.009651990897835555,0.01939660434650034,-0.24343500732118073,-1.2484504999999912,0 days 03:00:00
1h,DEVELOPMENT,42,CLOSED,BTCUSDT,LONG,2024-03-24 20:00:00+00:00,2024-03-24 21:00:00+00:00,66161.87,66194.95093499999,2024-03-24 23:00:00+00:00,67518.84995369999,67485.09052872314,0.0002908949915860178,19.255779695273684,0.19255779695273684,65533.001425649985,67518.84995369999,TP,0.3947386722139542,0.019255779695273686,0.01963107484153457,0.009623078308479943,0.009820447644587968,0.019443525953067912,0.336408291724078,1.7470510000000112,0 days 02:00:00
1h,DEVELOPMENT,43,CLOSED,BTCUSDT,LONG,2024-03-24 23:00:00+00:00,2024-03-25 00:00:00+00:00,67210.0,67243.605,2024-03-25 00:00:00+00:00,66571.16894999999,66537.88336552499,0.000291356358939683,19.59185191477826,0.1959185191477826,66571.16894999999,68588.4771,SL,-0.18612748870561688,0.01959185191477826,0.019386235428932662,0.00979103044216686,0.009697966697815556,0.019488997139982416,-0.24459457318931024,-1.2484505000000075,0 days 00:00:00
1h,DEVELOPMENT,44,CLOSED,BTCUSDT,LONG,2024-03-25 13:00:00+00:00,2024-03-25 14:00:00+00:00,67984.01,68018.00200499999,2024-03-25 14:00:00+00:00,69378.36204509999,69343.67286407744,0.00028444678058008364,19.34750169181192,0.19347501691811922,67337.82198494999,69378.36204509999,TP,0.3966189502239486,0.01934750169181192,0.019724584499785335,0.009668916387710055,0.009867225862824009,0.019536142250534065,0.3380107217818173,1.747051000000001,0 days 00:00:00
1h,DEVELOPMENT,45,CLOSED,BTCUSDT,LONG,2024-03-25 14:00:00+00:00,2024-03-25 15:00:00+00:00,69377.2,69411.88859999999,2024-03-25 17:00:00+00:00,70800.126372,70764.726308814,0.00028359946887463036,19.68517474054501,0.19685174740545008,68717.769714,70800.126372,TP,0.4035411633469052,0.01968517474054501,0.020068838796238234,0.009837668536002812,0.010039439117676895,0.019877107653679706,0.3439100421564423,1.7470510000000168,0 days 02:00:00
1h,DEVELOPMENT,46,CLOSED,BTCUSDT,LONG,2024-03-25 17:00:00+00:00,2024-03-25 18:00:00+00:00,70559.08,70594.35954,2024-03-25 21:00:00+00:00,69888.4159446,69853.4717366277,0.00028371588533042977,20.02874121622577,0.20028741216225773,69888.4159446,72006.2467308,SL,-0.19027804623710856,0.020028741216225773,0.01981853957716148,0.010009365925151212,0.009914226902030041,0.01992359282718125,-0.2500489198576771,-1.2484505000000017,0 days 03:00:00
1h,DEVELOPMENT,47,CLOSED,BTCUSDT,LONG,2024-03-31 18:00:00+00:00,2024-03-31 19:00:00+00:00,70856.61,70892.038305,2024-04-01 05:00:00+00:00,70183.11792194999,70148.02636298903,0.0002790008944360375,19.77894209548883,0.1977894209548883,70183.11792194999,72309.87907109999,SL,-0.18790489217153855,0.01977894209548883,0.01957136209819668,0.009884528783351065,0.009790576337264155,0.019675105120615217,-0.24693030148583928,-1.2484504999999924,0 days 10:00:00
1h,DEVELOPMENT,48,CLOSED,BTCUSDT,LONG,2024-04-04 17:00:00+00:00,2024-04-04 18:00:00+00:00,68849.18,68883.60458999999,2024-04-04 20:00:00+00:00,68194.76854409999,68160.67115982795,0.00028355453513035825,19.532258477620857,0.19532258477620856,68194.76854409999,70261.2766818,SL,-0.1855613361617057,0.019532258477620856,0.019327267424898233,0.009761248614501785,0.009668467946419883,0.01942971656092167,-0.24385057862514645,-1.248450499999982,0 days 02:00:00
1h,DEVELOPMENT,49,CLOSED,BTCUSDT,LONG,2024-04-06 22:00:00+00:00,2024-04-06 23:00:00+00:00,69056.0,69090.52799999999,2024-04-08 07:00:00+00:00,70472.33855999999,70437.10239072,0.0002791793906390087,19.28865150596737,0.1928865150596737,68399.62271999998,70472.33855999999,TP,0.3954125361193281,0.01928865150596737,0.019664587323818674,0.009639505999981222,0.009837212268040442,0.019476718268021664,0.3369825790215204,1.7470510000000126,1 days 08:00:00
1h,DEVELOPMENT,50,CLOSED,BTCUSDT,LONG,2024-04-08 07:00:00+00:00,2024-04-08 08:00:00+00:00,70698.64,70733.98932,2024-04-08 09:00:00+00:00,72148.66910639999,72112.5947718468,0.00027745215034134595,19.625297439055796,0.19625297439055797,70026.6494268,72148.66910639999,TP,0.4023136936282176,0.019625297439055795,0.020007794486142996,0.009807744847102654,0.010008901693917212,0.019816646541019868,0.342863955161999,1.7470510000000017,0 days 01:00:00
1h,DEVELOPMENT,51,CLOSED,BTCUSDT,LONG,2024-04-08 09:00:00+00:00,2024-04-08 10:00:00+00:00,72197.26,72233.35862999999,2024-04-08 14:00:00+00:00,71511.02504369999,71475.26953117814,0.0002764348668191517,19.96781887278407,0.19967818872784068,71511.02504369999,73678.0258026,SL,-0.18969926875143758,0.01996781887278407,0.019758256613714203,0.009978919976401938,0.009884070342028005,0.019862990318429943,-0.2492883345563658,-1.2484504999999937,0 days 04:00:00
1h,DEVELOPMENT,52,CLOSED,BTCUSDT,LONG,2024-04-19 06:00:00+00:00,2024-04-19 07:00:00+00:00,64624.37,64656.682185,2024-04-19 14:00:00+00:00,64010.11536315,63978.11030546843,0.0003049766692497813,19.71877957752297,0.1971877957752297,64010.11536315,65949.8158287,SL,-0.18733333321774828,0.01971877957752297,0.01951183098585687,0.009854462557481288,0.009760795890872401,0.01961525844835369,-0.2461792022294818,-1.248450499999992,0 days 07:00:00
1h,DEVELOPMENT,53,CLOSED,BTCUSDT,LONG,2024-04-22 03:00:00+00:00,2024-04-22 04:00:00+00:00,65703.49,65736.341745,2024-04-22 22:00:00+00:00,67051.0685799,67017.54304561006,0.00029622649803209627,19.47284630856245,0.1947284630856245,65078.978327549994,67051.0685799,TP,0.39918848354684255,0.01947284630856245,0.019852372083116337,0.009731557375591254,0.009931151617366034,0.019662708992957287,0.3402005561622065,1.7470510000000161,0 days 18:00:00
1h,DEVELOPMENT,54,CLOSED,BTCUSDT,LONG,2024-04-22 22:00:00+00:00,2024-04-22 23:00:00+00:00,67027.98,67061.49398999999,2024-04-23 04:00:00+00:00,66390.87905009999,66357.68361057494,0.00029544088306448417,19.812707004029196,0.19812707004029195,66390.87905009999,68402.72386979999,SL,-0.18822566723967962,0.019812707004029196,0.019604772644021908,0.009901402800611985,0.009807289966994589,0.019708692767606575,-0.2473518396553373,-1.248450499999999,0 days 05:00:00
1h,DEVELOPMENT,55,CLOSED,BTCUSDT,LONG,2024-05-03 12:00:00+00:00,2024-05-03 13:00:00+00:00,60641.0,60671.320499999994,2024-05-03 14:00:00+00:00,61884.746909999994,61853.804536544994,0.0003224851891777892,19.56560226910878,0.1956560226910878,60064.607294999994,61884.746909999994,TP,0.401089957560639,0.019565602269108782,0.01994693585733371,0.009777912178463338,0.009978457157245496,0.01975636933570883,0.3418210500984876,1.747051,0 days 01:00:00
1h,DEVELOPMENT,56,CLOSED,BTCUSDT,LONG,2024-05-03 20:00:00+00:00,2024-05-03 21:00:00+00:00,62899.99,62931.43999499999,2024-05-04 10:00:00+00:00,64190.06879489999,64157.973760502544,0.0003163296730730838,19.90708183963674,0.1990708183963674,62302.12559504999,64190.06879489999,TP,0.4080902034292328,0.01990708183963674,0.02029507086469126,0.009948566636498665,0.010152611738213886,0.02010117837471255,0.34778687235019223,1.747051000000001,0 days 13:00:00
1h,DEVELOPMENT,57,CLOSED,BTCUSDT,LONG,2024-05-04 10:00:00+00:00,2024-05-04 11:00:00+00:00,64420.9,64453.11045,2024-05-04 11:00:00+00:00,63808.5793455,63776.675055827254,0.0003142520373515041,20.25452127255402,0.20254521272554019,63808.5793455,65742.172659,SL,-0.19242301318903124,0.02025452127255402,0.020041950071798566,0.010122199536508338,0.010025988029913559,0.020148187566421897,-0.2528676720998057,-1.2484504999999935,0 days 00:00:00
1h,DEVELOPMENT,58,CLOSED,BTCUSDT,LONG,2024-05-06 08:00:00+00:00,2024-05-06 09:00:00+00:00,65143.04,65175.61152,2024-05-06 10:00:00+00:00,64523.8554048,64491.5934770976,0.0003068924978076103,20.001906215511262,0.20001906215511261,64523.8554048,66479.1237504,SL,-0.19002310702492217,0.02000190621551126,0.01979198620977947,0.009995955130189827,0.00990094357667767,0.019896898706867498,-0.2497138981570804,-1.2484504999999948,0 days 01:00:00
1h,DEVELOPMENT,59,CLOSED,BTCUSDT,LONG,2024-05-13 07:00:00+00:00,2024-05-13 08:00:00+00:00,62334.36,62365.52718,2024-05-14 06:00:00+00:00,61741.871908199995,61711.0009722459,0.0003167205133178497,19.752441781787905,0.19752441781787905,61741.871908199995,63612.8377236,SL,-0.18765313256961094,0.019752441781787904,0.019545139905288042,0.009871285248268784,0.009777458681983535,0.01964874393025232,-0.24659945818693918,-1.248450499999996,0 days 22:00:00
1h,DEVELOPMENT,60,CLOSED,BTCUSDT,LONG,2024-05-15 12:00:00+00:00,2024-05-15 13:00:00+00:00,63757.57,63789.44878499999,2024-05-15 16:00:00+00:00,65065.237760699994,65032.70514181965,0.0003057886382190041,19.506088676706053,0.19506088676706054,63151.554297149996,65065.237760699994,TP,0.3998699437873459,0.019506088676706054,0.019886262345015056,0.009748170253224431,0.009948105225118459,0.019696275478342892,0.3407813172872819,1.7470510000000103,0 days 03:00:00
1h,DEVELOPMENT,61,CLOSED,BTCUSDT,LONG,2024-05-15 18:00:00+00:00,2024-05-15 19:00:00+00:00,65717.28,65750.13863999999,2024-05-16 17:00:00+00:00,65092.63725359999,65060.090934973196,0.00030184772174827047,19.846529553116923,0.19846529553116923,65092.63725359999,67065.14141279999,SL,-0.1885469899074251,0.019846529553116922,0.019638240225456963,0.009918305623743958,0.009824032128791446,0.019742337752535404,-0.24777409743853437,-1.248450499999992,0 days 22:00:00
1h,DEVELOPMENT,62,CLOSED,BTCUSDT,LONG,2024-05-17 14:00:00+00:00,2024-05-17 15:00:00+00:00,66806.67,66840.073335,2024-05-19 19:00:00+00:00,66171.67260164999,66138.58676534917,0.00029322234408720306,19.599002982249253,0.19599002982249253,66171.67260164999,68176.87480169999,SL,-0.18619542563346522,0.019599002982249255,0.019393311445950547,0.00979460418902877,0.009701506476210616,0.01949611066523939,-0.2446838507269044,-1.2484504999999932,2 days 04:00:00
1h,DEVELOPMENT,63,CLOSED,BTCUSDT,LONG,2024-05-20 16:00:00+00:00,2024-05-20 17:00:00+00:00,68190.06,68224.15503,2024-05-20 19:00:00+00:00,69588.6381306,69553.8438115347,0.0002836907772976147,19.354563570933667,0.19354563570933667,67541.9134797,69588.6381306,TP,0.3967637169813586,0.019354563570933667,0.019731784014931166,0.009672445562684574,0.009870827421176813,0.01954327298386139,0.3381340964116324,1.7470510000000004,0 days 02:00:00
1h,DEVELOPMENT,64,CLOSED,BTCUSDT,LONG,2024-05-20 19:00:00+00:00,2024-05-20 20:00:00+00:00,70000.0,70035.0,2024-05-20 20:00:00+00:00,69334.65,69299.98267499999,0.00028117883731056174,19.69235987104519,0.19692359871045192,69334.65,71435.7,SL,-0.18708233940458388,0.01969235987104519,0.01948568855419857,0.009841259305869661,0.009747718136167979,0.01958897744203764,-0.24584936527186532,-1.2484505000000115,0 days 00:00:00
1h,DEVELOPMENT,65,CLOSED,BTCUSDT,LONG,2024-05-20 23:00:00+00:00,2024-05-21 00:00:00+00:00,71446.62,71482.34331,2024-05-21 01:00:00+00:00,70767.5198769,70732.13611696156,0.0002720497847307468,19.44675610953484,0.19446756109534838,70767.5198769,72911.9901762,SL,-0.18474904229997793,0.01944675610953484,0.019242662404165275,0.009718518795370067,0.009626144274217673,0.01934466306958774,-0.24278312388326578,-1.2484504999999875,0 days 01:00:00
1h,DEVELOPMENT,66,CLOSED,BTCUSDT,LONG,2024-05-27 15:00:00+00:00,2024-05-27 16:00:00+00:00,70373.86,70409.04693,2024-05-27 19:00:00+00:00,69704.95646069999,69670.10398246965,0.0002727521016628378,19.204215526234876,0.19204215526234877,69704.95646069999,71817.22786859999,SL,-0.18244484615378795,0.019204215526234875,0.019002667284287043,0.009597309108562123,0.009506086685484345,0.01910339579404647,-0.23975512475835634,-1.2484504999999968,0 days 03:00:00
1h,DEVELOPMENT,67,CLOSED,BTCUSDT,LONG,2024-05-30 17:00:00+00:00,2024-05-30 18:00:00+00:00,69315.1,69349.75755,2024-05-30 19:00:00+00:00,68656.25997449999,68621.93184451274,0.0002734645453289789,18.96469991708567,0.1896469991708567,68656.25997449999,70736.75270099999,SL,-0.18016938801789478,0.018964699917085673,0.018765665391455858,0.009477611152963342,0.009387526458956571,0.018865137611919915,-0.23676489093835623,-1.2484505000000032,0 days 01:00:00
1h,DEVELOPMENT,68,CLOSED,BTCUSDT,LONG,2024-06-03 01:00:00+00:00,2024-06-03 02:00:00+00:00,68476.01,68510.24800499999,2024-06-03 13:00:00+00:00,69880.45296509999,69845.51273861744,0.00027336306756827215,18.728171554509892,0.18728171554509893,67825.14552494998,69880.45296509999,TP,0.38392283716441455,0.01872817155450989,0.019093183618107294,0.009359406074215645,0.009551367492799388,0.01891077356701503,0.3271907084247823,1.747051000000009,0 days 11:00:00
1h,DEVELOPMENT,69,CLOSED,BTCUSDT,LONG,2024-06-03 13:00:00+00:00,2024-06-03 14:00:00+00:00,69795.33,69830.227665,2024-06-03 14:00:00+00:00,69131.92538834999,69097.35942565581,0.0002728766042480022,19.055035399090098,0.19055035399090098,69131.92538834999,71226.8322183,SL,-0.18102759766951945,0.0190550353990901,0.018855052802576645,0.009522756321383477,0.009432242522550382,0.01895499884393386,-0.23789268471512007,-1.2484505000000143,0 days 00:00:00
1h,DEVELOPMENT,70,CLOSED,BTCUSDT,LONG,2024-06-04 15:00:00+00:00,2024-06-04 16:00:00+00:00,70445.0,70480.22249999999,2024-06-07 12:00:00+00:00,71889.82694999999,71853.88203652498,0.0002669880954108037,18.81738036940467,0.1881738036940467,69775.42027499998,71889.82694999999,TP,0.3857515955786972,0.01881738036940467,0.019184131112804367,0.00940398819060408,0.009596863988397177,0.019000852179001257,0.32874923191748695,1.7470509999999944,2 days 20:00:00
1h,DEVELOPMENT,71,CLOSED,BTCUSDT,LONG,2024-06-20 10:00:00+00:00,2024-06-20 11:00:00+00:00,66209.49,66242.594745,2024-06-20 13:00:00+00:00,65580.16879755,65547.37871315122,0.00028902553189850977,19.14580118051105,0.19145801180511052,65580.16879755,67567.4466399,SL,-0.18188989527312385,0.01914580118051105,0.01894486599712159,0.009568116531986536,0.009477171584352571,0.019045288116339106,-0.23902585056709558,-1.248450499999997,0 days 02:00:00
1h,DEVELOPMENT,72,CLOSED,BTCUSDT,LONG,2024-06-30 18:00:00+00:00,2024-06-30 19:00:00+00:00,62055.3,62086.32765,2024-07-01 01:00:00+00:00,63328.054203,63296.3901758985,0.0003045278217064504,18.907014117007463,0.18907014117007465,61465.4643735,63328.054203,TP,0.38758906500731843,0.018907014117007463,0.01927551182214794,0.009448782667169036,0.00964257719967335,0.019091359866842385,0.33031517920132064,1.747051000000003,0 days 06:00:00
1h,DEVELOPMENT,73,CLOSED,BTCUSDT,LONG,2024-07-01 01:00:00+00:00,2024-07-01 02:00:00+00:00,63640.81,63672.630404999996,2024-07-01 08:00:00+00:00,63035.90410094999,63004.386148899524,0.0003021235213411909,19.236999311014774,0.19236999311014774,63035.90410094999,64946.0830131,SL,-0.1827563003010465,0.019236999311014774,0.019035107003245677,0.009613692809102405,0.009522314658950202,0.019136007468052607,-0.24016441408335956,-1.248450499999995,0 days 06:00:00
1h,DEVELOPMENT,74,CLOSED,BTCUSDT,LONG,2024-07-10 04:00:00+00:00,2024-07-10 05:00:00+00:00,59347.43,59377.103715,2024-07-10 08:00:00+00:00,58783.33267785,58753.94101151107,0.00031993939806501415,18.997074821421016,0.18997074821421017,58783.33267785,60564.6457893,SL,-0.1804769576987582,0.018997074821421017,0.018797700521170205,0.009493790515451878,0.00940355203660326,0.018897342552055135,-0.23716907559340455,-1.2484504999999988,0 days 03:00:00
1h,DEVELOPMENT,75,CLOSED,BTCUSDT,LONG,2024-07-13 22:00:00+00:00,2024-07-13 23:00:00+00:00,59464.53,59494.262265,2024-07-14 21:00:00+00:00,60684.1475103,60653.80543654485,0.0003153269233663144,18.760142677971064,0.18760142677971064,58899.31964235,60684.1475103,TP,0.38457823720658285,0.018760142677971065,0.019125777858764723,0.009375383647161553,0.00956767276576512,0.018943056412926672,0.32774926025692036,1.7470510000000006,0 days 22:00:00
1h,DEVELOPMENT,76,CLOSED,BTCUSDT,LONG,2024-07-14 21:00:00+00:00,2024-07-14 22:00:00+00:00,61276.36,61306.998179999995,2024-07-15 00:00:00+00:00,60693.928198199996,60663.5812341009,0.0003113439751257704,19.08756451638957,0.1908756451638957,60693.928198199996,62533.138143599994,SL,-0.18133663241207837,0.01908756451638957,0.018887240526790063,0.009539012751817151,0.009448344435611345,0.018987357187428496,-0.23829879464268647,-1.248450499999991,0 days 02:00:00
1h,DEVELOPMENT,77,CLOSED,BTCUSDT,LONG,2024-07-15 02:00:00+00:00,2024-07-15 03:00:00+00:00,62482.0,62513.240999999995,2024-07-15 19:00:00+00:00,63763.50582,63731.62406709,0.00030152817996559794,18.849503782480795,0.18849503782480795,61888.108589999996,63763.50582,TP,0.3864101175199207,0.018849503782480796,0.01921688061120135,0.009420041870303595,0.009613246929064569,0.019033288799368164,0.3293104443268704,1.74705100000001,0 days 16:00:00
1h,DEVELOPMENT,78,CLOSED,BTCUSDT,LONG,2024-07-15 22:00:00+00:00,2024-07-15 23:00:00+00:00,64343.6,64375.771799999995,2024-07-16 05:00:00+00:00,63732.014081999994,63700.148074959,0.0002979146456671267,19.178485245344806,0.19178485245344806,63732.014081999994,65663.28723599999,SL,-0.18220040205597568,0.019178485245344806,0.01897720704269491,0.009584450397472605,0.00949335019644476,0.019077800593917366,-0.23943389493793274,-1.2484504999999961,0 days 06:00:00
1h,DEVELOPMENT,79,CLOSED,BTCUSDT,LONG,2024-07-17 00:00:00+00:00,2024-07-17 01:00:00+00:00,65505.41,65538.162705,2024-07-17 08:00:00+00:00,64882.78107794999,64850.33968741102,0.00028898110296983053,18.93929054510711,0.1893929054510711,64882.78107794999,66848.9259591,SL,-0.17992799263492887,0.01893929054510711,0.018740522690836214,0.009464912816143083,0.009374948819827672,0.018839861635970755,-0.23644766750684293,-1.2484505000000026,0 days 07:00:00
1h,DEVELOPMENT,80,CLOSED,BTCUSDT,LONG,2024-07-19 14:00:00+00:00,2024-07-19 15:00:00+00:00,65747.04,65779.91351999999,2024-07-19 19:00:00+00:00,67095.51179039999,67061.9640345048,0.0002843281191509892,18.70307908905632,0.1870307908905632,65122.114384799985,67095.51179039999,TP,0.38340844789259865,0.018703079089056322,0.019067602100502033,0.009346866111470644,0.009538570335417884,0.018885436446888528,0.32675233025615175,1.7470510000000128,0 days 04:00:00
1h,DEVELOPMENT,81,CLOSED,BTCUSDT,LONG,2024-07-19 19:00:00+00:00,2024-07-19 20:00:00+00:00,67157.25,67190.828625,2024-07-20 00:00:00+00:00,66518.92033874999,66485.66087858062,0.0002832158105924553,19.029504993408125,0.19029504993408125,66518.92033874999,68534.6451975,SL,-0.18078505243612972,0.019029504993408126,0.0188297903385023,0.009509997497953568,0.009419604971735851,0.01892960246968942,-0.2375739502377296,-1.2484505000000046,0 days 04:00:00
1h,DEVELOPMENT,82,CLOSED,BTCUSDT,LONG,2024-07-20 17:00:00+00:00,2024-07-20 18:00:00+00:00,67403.01,67436.71150499998,2024-07-21 06:00:00+00:00,66762.34438994998,66728.96321775501,0.0002786637717112096,18.792168379784016,0.18792168379784016,66762.34438994998,68785.44573509999,SL,-0.1785302953021992,0.018792168379784015,0.018594944572638186,0.0093913884956414,0.009302123347993112,0.018693511843634512,-0.23461092009825588,-1.2484505000000024,0 days 12:00:00
1h,DEVELOPMENT,83,CLOSED,BTCUSDT,LONG,2024-07-21 20:00:00+00:00,2024-07-21 21:00:00+00:00,67723.91,67757.771955,2024-07-22 08:00:00+00:00,67080.19423545,67046.65413833229,0.00027388432796394366,18.557791836229324,0.18557791836229323,67080.19423545,69112.9273941,SL,-0.17630365957357222,0.018557791836229326,0.0183630278109081,0.009274258788720386,0.00918610695893079,0.018460365747651176,-0.23168484496836084,-1.2484504999999821,0 days 11:00:00
1h,DEVELOPMENT,84,CLOSED,BTCUSDT,LONG,2024-07-26 13:00:00+00:00,2024-07-26 14:00:00+00:00,67887.88,67921.82394,2024-07-26 14:00:00+00:00,67242.6057006,67208.98439774971,0.0002698151695814508,18.326338444652546,0.18326338444652546,67242.6057006,69280.2604188,SL,-0.17410479451916286,0.018326338444652545,0.01813400352267592,0.009158589927361885,0.009071537530102218,0.018230127457464104,-0.2287952639439554,-1.2484504999999917,0 days 00:00:00
1h,DEVELOPMENT,85,CLOSED,BTCUSDT,LONG,2024-07-27 12:00:00+00:00,2024-07-27 13:00:00+00:00,68400.0,68434.2,2024-07-27 19:00:00+00:00,67749.858,67715.983071,0.0002644550787092688,18.09777174740584,0.1809777174740584,67749.858,69802.884,SL,-0.1719333537822033,0.01809777174740584,0.01790783563291682,0.009044363691856223,0.008958397014965308,0.01800276070682153,-0.2259417218693475,-1.248450500000003,0 days 06:00:00
1h,DEVELOPMENT,86,CLOSED,BTCUSDT,LONG,2024-07-29 02:00:00+00:00,2024-07-29 03:00:00+00:00,69558.99,69593.769495,2024-07-29 14:00:00+00:00,68897.83180005,68863.38288414998,0.0002568053989779413,17.872055741542358,0.1787205574154236,68897.83180005,70985.6448849,SL,-0.16978899532569852,0.017872055741542357,0.01768448851653487,0.008931562089725089,0.008846667592062762,0.01777822968178785,-0.2231237692655636,-1.2484504999999961,0 days 11:00:00
1h,DEVELOPMENT,87,CLOSED,BTCUSDT,LONG,2024-08-07 08:00:00+00:00,2024-08-07 09:00:00+00:00,57348.0,57376.674,2024-08-07 13:00:00+00:00,56802.90726,56774.505806370005,0.0003076015677232387,17.64915487314519,0.1764915487314519,56802.90726,58524.20748,SL,-0.16767138137855578,0.01764915487314519,0.01746392699275153,0.00882016735289586,0.008736331662205223,0.017556499015101083,-0.22034096225955357,-1.2484504999999892,0 days 04:00:00
1h,DEVELOPMENT,88,CLOSED,BTCUSDT,LONG,2024-08-08 12:00:00+00:00,2024-08-08 13:00:00+00:00,57924.63,57953.592314999994,2024-08-08 13:00:00+00:00,57374.05639185,57345.36936365408,0.0003007412195777886,17.429034031727056,0.17429034031727056,57374.05639185,59112.664161299996,SL,-0.16558017838237446,0.017429034031727058,0.017246116319564086,0.008710161934895188,0.008627371845703388,0.017337533780598574,-0.21759286251426418,-1.2484504999999861,0 days 00:00:00
1h,DEVELOPMENT,89,CLOSED,BTCUSDT,LONG,2024-08-08 14:00:00+00:00,2024-08-08 15:00:00+00:00,58922.25,58951.711124999994,2024-08-08 21:00:00+00:00,60130.74534749999,60100.67997482625,0.00029196198407548465,17.21165854469982,0.1721165854469982,58362.19401374999,60130.74534749999,TP,0.3528346994020902,0.01721165854469982,0.01754711376973602,0.008601528508094215,0.008777945857795068,0.017379474365889283,0.30069645272176515,1.7470510000000086,0 days 06:00:00
1h,DEVELOPMENT,90,CLOSED,BTCUSDT,LONG,2024-08-08 21:00:00+00:00,2024-08-08 22:00:00+00:00,61170.44,61201.025219999996,2024-08-08 22:00:00+00:00,62425.0457244,62393.833201537804,0.0002861398896246288,17.512054601364923,0.17512054601364924,60589.014967799994,62425.0457244,TP,0.35899274350224253,0.017512054601364922,0.01785336454554553,0.00875165147494315,0.008931147846694775,0.017682799321637924,0.3059445250336942,1.747051000000013,0 days 00:00:00
1h,DEVELOPMENT,91,CLOSED,BTCUSDT,LONG,2024-08-08 22:00:00+00:00,2024-08-08 23:00:00+00:00,62332.0,62363.166,2024-08-08 23:00:00+00:00,61739.53434,61708.66457283,0.0002857086102317588,17.81769348751247,0.17817693487512473,61739.53434,63610.429319999996,SL,-0.16927254032864222,0.01781769348751247,0.01763069679436103,0.008904394546482263,0.00881975827631846,0.017724152822800723,-0.22244508343331643,-1.2484504999999972,0 days 00:00:00
1h,DEVELOPMENT,92,CLOSED,BTCUSDT,LONG,2024-08-18 02:00:00+00:00,2024-08-18 03:00:00+00:00,60125.99,60156.052995,2024-08-18 03:00:00+00:00,59554.492465049996,59524.71521881747,0.000292497092992491,17.595470626939733,0.17595470626939733,59554.492465049996,61359.1740549,SL,-0.16716136762525008,0.017595470626939735,0.01741080616271,0.00879333864414786,0.008709757960334548,0.017503096604482408,-0.21967074101938222,-1.2484505,0 days 00:00:00
1h,DEVELOPMENT,93,CLOSED,BTCUSDT,LONG,2024-08-20 00:00:00+00:00,2024-08-20 01:00:00+00:00,60482.77,60513.01138499999,2024-08-20 14:00:00+00:00,59907.88127114999,59877.92733051442,0.0002871451765416067,17.376019337210078,0.17376019337210077,59907.88127114999,61723.271612699995,SL,-0.16507652553741442,0.01737601933721008,0.01719365801426606,0.008683667834685944,0.00860112957191723,0.017284797406603172,-0.21693100029549373,-1.2484504999999875,0 days 13:00:00
1h,DEVELOPMENT,94,CLOSED,BTCUSDT,LONG,2024-08-21 19:00:00+00:00,2024-08-21 20:00:00+00:00,61570.0,61600.784999999996,2024-08-21 20:00:00+00:00,60984.777149999994,60954.284761425,0.00027855659714727,17.15930505120059,0.1715930505120059,60984.777149999994,62832.8007,SL,-0.16301768566882877,0.017159305051200592,0.016979218144688245,0.008575364843177653,0.00849385600034314,0.01706922084352079,-0.2142254297082384,-1.2484504999999964,0 days 00:00:00
1h,DEVELOPMENT,95,CLOSED,BTCUSDT,LONG,2024-08-23 17:00:00+00:00,2024-08-23 18:00:00+00:00,62999.88,63031.37993999999,2024-08-23 21:00:00+00:00,64292.00753879999,64259.86153503059,0.0002688390076346256,16.945293632910644,0.16945293632910643,62401.06614059999,64292.00753879999,TP,0.3473742852683611,0.016945293632910644,0.017275557405816072,0.0084684126101487,0.008642099752783837,0.01711051236293254,0.2960429218667019,1.747051000000001,0 days 03:00:00
1h,DEVELOPMENT,96,CLOSED,BTCUSDT,LONG,2024-08-23 21:00:00+00:00,2024-08-23 22:00:00+00:00,64392.58,64424.77629,2024-08-24 01:00:00+00:00,63780.5285271,63748.63826283646,0.00026761506675621635,17.241040807602655,0.17241040807602656,63780.5285271,65713.2718158,SL,-0.1637941957783737,0.017241040807602654,0.017060096084326865,0.008616212297652465,0.008534315199761692,0.017150527497414157,-0.2152458601677174,-1.2484504999999884,0 days 03:00:00
1h,VALIDATION,1,CLOSED,BTCUSDT,LONG,2024-09-02 22:00:00+00:00,2024-09-02 23:00:00+00:00,59349.99,59379.66499499999,2024-09-03 08:00:00+00:00,58785.86834504999,58756.475410877465,0.0003364791630552712,19.980019980019982,0.19980019980019983,58785.86834504999,60567.25829489999,SL,-0.1898151823189337,0.019980019980019983,0.019770329670329673,0.00998501748126732,0.009890109890109348,0.01987512737137667,-0.24944065934066004,-1.2484505000000032,0 days 09:00:00
1h,VALIDATION,2,CLOSED,BTCUSDT,LONG,2024-09-09 13:00:00+00:00,2024-09-09 14:00:00+00:00,55686.93,55714.773465,2024-09-09 14:00:00+00:00,55157.625730349995,55130.046917484826,0.00035413997554063645,19.730828512147202,0.19730828512147203,55157.625730349995,56829.0689343,SL,-0.18744780110740727,0.019730828512147202,0.019523753466912215,0.009860484014065895,0.00976676011351085,0.019627244127576743,-0.24632962721404342,-1.2484504999999955,0 days 00:00:00
1h,VALIDATION,3,CLOSED,BTCUSDT,LONG,2024-09-09 16:00:00+00:00,2024-09-09 17:00:00+00:00,56430.11,56458.325054999994,2024-09-09 21:00:00+00:00,57587.491556099994,57558.697810321944,0.0003451173046578229,19.48474496847683,0.1948474496847683,55893.741804449994,57587.491556099994,TP,0.39943240310190664,0.01948474496847683,0.01986450264791244,0.009737503732369916,0.009937219933923156,0.019674723666293074,0.3404084318192243,1.7470510000000008,0 days 04:00:00
1h,VALIDATION,4,CLOSED,BTCUSDT,LONG,2024-09-09 21:00:00+00:00,2024-09-09 22:00:00+00:00,57454.27,57482.99713499999,2024-09-10 00:00:00+00:00,56908.16716364999,56879.71308006817,0.00034488134439778113,19.8248133319326,0.198248133319326,56908.16716364999,58632.657077699994,SL,-0.18834068037983226,0.0198248133319326,0.019616751916013968,0.009907452939494387,0.009813282599304517,0.019720735538798904,-0.24750298116657773,-1.2484504999999926,0 days 02:00:00
1h,VALIDATION,5,CLOSED,BTCUSDT,LONG,2024-09-12 01:00:00+00:00,2024-09-12 02:00:00+00:00,58137.74,58166.80886999999,2024-09-12 12:00:00+00:00,57585.14078129999,57556.348210909346,0.00033657609875498514,19.577557606491464,0.19577557606491464,57585.14078129999,59330.145047399994,SL,-0.18599168920510165,0.019577557606491464,0.019372091139411334,0.009783886859814316,0.009690891015211242,0.019474777875025558,-0.24441611582602998,-1.2484504999999964,0 days 10:00:00
1h,VALIDATION,6,CLOSED,BTCUSDT,LONG,2024-09-13 15:00:00+00:00,2024-09-13 16:00:00+00:00,59666.01,59695.843004999995,2024-09-15 23:00:00+00:00,59098.884574949996,59069.33513266253,0.0003238648570720409,19.333385662609313,0.19333385662609315,59098.884574949996,60889.75986509999,SL,-0.18367199472574064,0.019333385662609313,0.01913048178008023,0.009661861900352257,0.009570025902989665,0.019231887803341924,-0.2413677499717721,-1.2484504999999886,2 days 07:00:00
1h,VALIDATION,7,CLOSED,BTCUSDT,LONG,2024-09-17 15:00:00+00:00,2024-09-17 16:00:00+00:00,61135.49,61166.05774499999,2024-09-17 18:00:00+00:00,60554.39716754999,60524.119968966224,0.0003121381325384107,19.092259039260888,0.1909225903926089,60554.39716754999,62389.378899899995,SL,-0.1813812315524003,0.01909225903926089,0.018891885780643852,0.00954135884020816,0.009450668224431968,0.018992027064640128,-0.23835740343694517,-1.2484504999999864,0 days 02:00:00
1h,VALIDATION,8,CLOSED,BTCUSDT,LONG,2024-09-18 23:00:00+00:00,2024-09-19 00:00:00+00:00,61759.98,61790.85999,2024-09-19 12:00:00+00:00,63026.6771898,62995.16385120511,0.0003051282949963697,18.854139755108097,0.18854139755108099,61172.951390099995,63026.6771898,TP,0.38650515380036615,0.018854139755108097,0.019221606938935158,0.009422358698203116,0.00961561127510326,0.019037969973306375,0.32939143713301655,1.7470510000000157,0 days 12:00:00
1h,VALIDATION,9,CLOSED,BTCUSDT,LONG,2024-09-19 12:00:00+00:00,2024-09-19 13:00:00+00:00,62924.06,62955.52202999999,2024-09-23 03:00:00+00:00,64214.632470599994,64182.525154364695,0.0003047103972980328,19.183202129866356,0.19183202129866356,62325.966809699996,64214.632470599994,TP,0.3932508502584287,0.019183202129866357,0.019557082739377455,0.009586807661101147,0.009783433086231428,0.019370240747332575,0.33514032464185234,1.7470510000000046,3 days 14:00:00
1h,VALIDATION,10,CLOSED,BTCUSDT,LONG,2024-09-23 03:00:00+00:00,2024-09-23 04:00:00+00:00,64354.0,64386.176999999996,2024-09-23 05:00:00+00:00,63742.31522999999,63710.444072385,0.00030313971971016523,19.518007648989087,0.19518007648989089,63742.31522999999,65673.90054,SL,-0.18542594972877904,0.01951800764898909,0.019313166158712945,0.009754126761112787,0.009661413786247915,0.0194155405473607,-0.24367266408384178,-1.2484504999999961,0 days 01:00:00
1h,VALIDATION,11,CLOSED,BTCUSDT,LONG,2024-09-26 15:00:00+00:00,2024-09-26 16:00:00+00:00,65229.03,65261.64451499999,2024-09-30 02:00:00+00:00,64609.02806984999,64576.72355581507,0.0002953431308294714,19.274578414140095,0.19274578414140095,64609.02806984999,66566.8774053,SL,-0.18311331117081828,0.019274578414140094,0.019072291713683697,0.009632472970582938,0.009540916314998,0.01917338928558094,-0.240633570584223,-1.2484504999999944,3 days 10:00:00
1h,VALIDATION,12,CLOSED,BTCUSDT,LONG,2024-10-04 19:00:00+00:00,2024-10-04 20:00:00+00:00,62368.0,62399.183999999994,2024-10-05 03:00:00+00:00,61775.19215999999,61744.30456391999,0.0003050390087910971,19.034185236733283,0.19034185236733284,61775.19215999999,63647.16767999999,SL,-0.1808295159171939,0.019034185236733284,0.018834421462673768,0.009512336450139689,0.009421921692182866,0.018934258142322555,-0.2376323807589235,-1.2484505000000035,0 days 07:00:00
1h,VALIDATION,13,CLOSED,BTCUSDT,LONG,2024-10-06 14:00:00+00:00,2024-10-06 15:00:00+00:00,62716.0,62747.358,2024-10-07 14:00:00+00:00,64002.30516,63970.30400742,0.00029956305492511944,18.796790250960132,0.18796790250960133,62119.88442,64002.30516,TP,0.3853295032955456,0.018796790250960132,0.019163139692951348,0.009393698276341948,0.009586363027989684,0.018980061304331632,0.3283895120473025,1.7470510000000052,0 days 23:00:00
1h,VALIDATION,14,CLOSED,BTCUSDT,LONG,2024-10-07 14:00:00+00:00,2024-10-07 15:00:00+00:00,63991.89,64023.885944999995,2024-10-07 18:00:00+00:00,63383.647085549994,63351.95526200722,0.0002987143223075545,19.12485170155684,0.1912485170155684,63383.647085549994,65304.363663899996,SL,-0.18169086998830528,0.01912485170155684,0.018924136382948997,0.00955764702726333,0.009466801592270011,0.01902444861953334,-0.23876430669234444,-1.248450499999998,0 days 03:00:00
1h,VALIDATION,15,CLOSED,BTCUSDT,LONG,2024-10-11 17:00:00+00:00,2024-10-11 18:00:00+00:00,62918.0,62949.458999999995,2024-10-13 14:00:00+00:00,62319.96440999999,62288.804427794996,0.0003000236415160519,18.886325920645405,0.18886325920645405,62319.96440999999,64208.44818,SL,-0.17942481546800262,0.018886325920645406,0.01868811393010823,0.009438443738452061,0.009348731330718727,0.01878717506917079,-0.23578643038792702,-1.2484504999999992,1 days 20:00:00
1h,VALIDATION,16,CLOSED,BTCUSDT,LONG,2024-10-14 03:00:00+00:00,2024-10-14 04:00:00+00:00,64300.0,64332.149999999994,2024-10-14 14:00:00+00:00,65618.79299999999,65585.98360349999,0.00028991375293903576,18.65077504113699,0.18650775041136988,63688.828499999996,65618.79299999999,TP,0.38233622797972705,0.018650775041136988,0.019014278646688747,0.009320727156988312,0.009511895270980076,0.01883262242796839,0.3258385518639329,1.7470509999999932,0 days 10:00:00
1h,VALIDATION,17,CLOSED,BTCUSDT,LONG,2024-10-14 14:00:00+00:00,2024-10-14 15:00:00+00:00,65922.0,65954.961,2024-10-15 05:00:00+00:00,65295.411389999994,65262.763684305,0.00028771585627898556,18.976288079962096,0.18976288079962098,65295.411389999994,67274.06022,SL,-0.1802794784608111,0.018976288079962097,0.018777131936562896,0.009483402338810403,0.009393262599579868,0.01887666493839027,-0.23690956341572636,-1.2484504999999955,0 days 14:00:00
1h,VALIDATION,18,CLOSED,BTCUSDT,LONG,2024-10-15 13:00:00+00:00,2024-10-15 14:00:00+00:00,67658.0,67691.829,2024-10-15 14:00:00+00:00,67014.91071,66981.403254645,0.00027683718206870873,18.739615189436897,0.18739615189436898,67014.91071,69045.66558,SL,-0.1780310268621676,0.018739615189436898,0.01854294292802376,0.009365125032201767,0.009276109518769326,0.018641234550971095,-0.23395481953059935,-1.2484504999999917,0 days 00:00:00
1h,VALIDATION,19,CLOSED,BTCUSDT,LONG,2024-10-18 14:00:00+00:00,2024-10-18 15:00:00+00:00,68426.99,68461.203495,2024-10-21 13:00:00+00:00,67776.59146005,67742.70316431997,0.000270312135140252,18.50589409100473,0.18505894091004732,67776.59146005,69830.42756489999,SL,-0.17581061802598938,0.01850589409100473,0.01831167473251964,0.009248322884057377,0.009160417575046787,0.018408740459104164,-0.2310369273086179,-1.248450499999994,2 days 22:00:00
1h,VALIDATION,20,CLOSED,BTCUSDT,LONG,2024-10-24 13:00:00+00:00,2024-10-24 14:00:00+00:00,67906.0,67939.953,2024-10-25 07:00:00+00:00,67260.55347,67226.923193265,0.00026898882267135666,18.275087969817303,0.18275087969817302,67260.55347,69298.75206,SL,-0.17361790220201279,0.018275087969817302,0.018083290921574072,0.009132977496158975,0.009046168545059274,0.01817914604121825,-0.2281554271346224,-1.2484504999999915,0 days 17:00:00
1h,VALIDATION,21,CLOSED,BTCUSDT,LONG,2024-10-28 07:00:00+00:00,2024-10-28 08:00:00+00:00,68415.52,68449.72776,2024-10-28 19:00:00+00:00,69818.7223152,69783.8129540424,0.0002636556939051633,18.04716047018232,0.1804716047018232,67765.23048239999,69818.7223152,TP,0.3699622801033849,0.01804716047018232,0.01839889962774617,0.009019070699738714,0.009204051839791774,0.018223122539530488,0.3152930974659259,1.7470510000000055,0 days 11:00:00
1h,VALIDATION,22,CLOSED,BTCUSDT,LONG,2024-10-28 19:00:00+00:00,2024-10-28 20:00:00+00:00,69629.99,69664.804995,2024-10-29 02:00:00+00:00,71058.1010949,71022.57204435256,0.00026357841080365893,18.3621385895289,0.183621385895289,68968.15694505,71058.1010949,TP,0.3764192528448152,0.0183621385895289,0.018720016670638825,0.009176481054235582,0.009364690680657215,0.018541171734892795,0.3207959258497547,1.7470510000000226,0 days 06:00:00
1h,VALIDATION,23,CLOSED,BTCUSDT,LONG,2024-10-29 02:00:00+00:00,2024-10-29 03:00:00+00:00,71190.05,71225.645025,2024-10-29 16:00:00+00:00,72650.15792550001,72613.83284653726,0.0002623017879777812,18.68261403992826,0.1868261403992826,70513.38857475,72650.15792550001,TP,0.382988919499181,0.018682614039928262,0.019046738187566463,0.00933663870061444,0.009528133160363177,0.018864771860977618,0.32639479541070865,1.7470510000000083,0 days 13:00:00
1h,VALIDATION,24,CLOSED,BTCUSDT,LONG,2024-10-29 16:00:00+00:00,2024-10-29 17:00:00+00:00,72739.43,72775.79971499999,2024-10-29 20:00:00+00:00,72048.04171784999,72012.01769699107,0.00026119510662957874,19.00868276661229,0.1900868276661229,72048.04171784999,74231.31570929999,SL,-0.1805872360786108,0.01900868276661229,0.018809186640976694,0.009499591587510677,0.009409297969472798,0.018908889556983475,-0.23731399504318326,-1.248450499999991,0 days 03:00:00
1h,VALIDATION,25,CLOSED,BTCUSDT,LONG,2024-11-05 14:00:00+00:00,2024-11-05 15:00:00+00:00,69964.01,69998.992005,2024-11-05 15:00:00+00:00,69299.00208494999,69264.35258390752,0.00026816965945947315,18.771605848487233,0.18771605848487233,69299.00208494999,71398.9718451,SL,-0.17833494611681533,0.018771605848487236,0.01857459784510736,0.009381112368059058,0.009291944894999743,0.0186730572630588,-0.23435420707346874,-1.2484505000000035,0 days 00:00:00
1h,VALIDATION,26,CLOSED,BTCUSDT,LONG,2024-11-06 00:00:00+00:00,2024-11-06 01:00:00+00:00,71096.03,71131.57801499999,2024-11-06 02:00:00+00:00,72554.20957529999,72517.93247051234,0.00026060838630054896,18.537485761500754,0.18537485761500755,70420.26223484999,72554.20957529999,TP,0.3800138260553501,0.018537485761500754,0.018898781358992405,0.009264110825335892,0.009454117738364064,0.018718228563699958,0.323859330371157,1.7470510000000024,0 days 01:00:00
1h,VALIDATION,27,CLOSED,BTCUSDT,LONG,2024-11-06 02:00:00+00:00,2024-11-06 03:00:00+00:00,73077.05,73113.588525,2024-11-06 03:00:00+00:00,74575.8602955,74538.57236535224,0.0002579687570611873,18.861021556077336,0.18861021556077337,72382.45263975,74575.8602955,TP,0.3866462290006438,0.018861021556077336,0.019228622866205282,0.009425797879098164,0.00961912099359982,0.019044918872697984,0.32951166570566326,1.7470509999999926,0 days 00:00:00
1h,VALIDATION,28,CLOSED,BTCUSDT,LONG,2024-11-06 03:00:00+00:00,2024-11-06 04:00:00+00:00,74348.53,74385.704265,2024-11-06 05:00:00+00:00,73641.84722235,73605.02629873883,0.000257982420532505,19.19020403929978,0.1919020403929978,73641.84722235,75873.4183503,SL,-0.1823117335267809,0.01919020403929978,0.01898880284790733,0.009590306866215283,0.00949915099945274,0.019089457865668024,-0.23958019827965601,-1.2484504999999881,0 days 01:00:00
1h,VALIDATION,29,CLOSED,BTCUSDT,LONG,2024-11-06 19:00:00+00:00,2024-11-06 20:00:00+00:00,75823.55,75861.461775,2024-11-07 00:00:00+00:00,75102.84715725,75065.29573367137,0.0002498088322906898,18.950863181877548,0.18950863181877547,75102.84715725,77378.6910105,SL,-0.18003793557595923,0.01895086318187755,0.018751973872783743,0.009470696242817487,0.009380677275029376,0.018851373517846864,-0.2365921461484674,-1.2484505000000066,0 days 04:00:00
1h,VALIDATION,30,CLOSED,BTCUSDT,LONG,2024-11-07 18:00:00+00:00,2024-11-07 19:00:00+00:00,76604.0,76642.302,2024-11-07 21:00:00+00:00,75875.87898,75837.94104050999,0.00024417987068707097,18.71450739151944,0.18714507391519442,75875.87898,78175.14804,SL,-0.17779249650813966,0.01871450739151944,0.01851809863644544,0.009352577407055225,0.009263681158802724,0.018616258565857947,-0.23364136110196249,-1.2484505000000057,0 days 02:00:00
1h,VALIDATION,31,CLOSED,BTCUSDT,LONG,2024-11-10 04:00:00+00:00,2024-11-10 05:00:00+00:00,79122.02,79161.58101,2024-11-10 18:00:00+00:00,80744.8126302,80704.4402238849,0.00023346046406066628,18.481099438370627,0.18481099438370627,78369.96519989999,80744.8126302,TP,0.3788579205207207,0.01848109943837063,0.01884129606642447,0.009235931753306406,0.009425360713569517,0.018661292466875923,0.3228742325490497,1.7470510000000068,0 days 13:00:00
1h,VALIDATION,32,CLOSED,BTCUSDT,LONG,2024-11-11 10:00:00+00:00,2024-11-11 11:00:00+00:00,81984.19,82025.182095,2024-11-11 15:00:00+00:00,83665.68573689999,83623.85289403154,0.00022924241847413127,18.803651119238808,0.18803651119238807,81204.93027405,83665.68573689999,TP,0.38547014938089513,0.018803651119238807,0.01917013427955277,0.009397126996120003,0.009589862070811148,0.01898698906693115,0.32850937491517235,1.7470509999999977,0 days 04:00:00
1h,VALIDATION,33,CLOSED,BTCUSDT,LONG,2024-11-11 15:00:00+00:00,2024-11-11 16:00:00+00:00,84059.53,84101.559765,2024-11-11 18:00:00+00:00,85783.5909603,85740.69916481986,0.00022748486908470196,19.131832312960263,0.19131832312960265,83260.54416735,85783.5909603,TP,0.3921977818478921,0.019131832312960263,0.01950471172473986,0.009561135588685633,0.009757234479608284,0.019318370068293917,0.33424286774189804,1.7470510000000137,0 days 02:00:00
1h,VALIDATION,34,CLOSED,BTCUSDT,LONG,2024-11-11 18:00:00+00:00,2024-11-11 19:00:00+00:00,85831.99,85874.905995,2024-11-11 21:00:00+00:00,87592.4041149,87548.60791284255,0.00022667554678751855,19.46574127174338,0.1946574127174338,85016.15693504999,87592.4041149,TP,0.3990428320674211,0.01946574127174338,0.019845128569129657,0.0097280066325528,0.009927528048588825,0.019655534681141625,0.3400764275454064,1.7470510000000048,0 days 02:00:00
1h,VALIDATION,35,CLOSED,BTCUSDT,LONG,2024-11-11 21:00:00+00:00,2024-11-11 22:00:00+00:00,87900.0,87943.95,2024-11-11 22:00:00+00:00,87064.51049999999,87020.97824474999,0.00022520569024472896,19.80547796259793,0.1980547796259793,87064.51049999999,89702.829,SL,-0.18815698953972587,0.01980547796259793,0.019597619471380466,0.009897790086255182,0.009803711591486013,0.019701501677741193,-0.24726158865144546,-1.248450500000009,0 days 00:00:00
1h,VALIDATION,36,CLOSED,BTCUSDT,LONG,2024-11-11 23:00:00+00:00,2024-11-12 00:00:00+00:00,88648.0,88692.324,2024-11-12 00:00:00+00:00,87805.40075999999,87761.49805961999,0.00022052036192580284,19.55846338852057,0.1955846338852057,87805.40075999999,90466.17048,SL,-0.18581028936320873,0.019558463388520568,0.019353197315258044,0.009774344521997796,0.009681439377317719,0.019455783899315515,-0.24417773396630288,-1.2484505000000046,0 days 00:00:00
1h,VALIDATION,37,CLOSED,BTCUSDT,LONG,2024-11-12 06:00:00+00:00,2024-11-12 07:00:00+00:00,89545.46,89590.23273,2024-11-12 09:00:00+00:00,88694.3304027,88649.98323749866,0.00021558744742368338,19.314529588354436,0.19314529588354437,88694.3304027,91382.0373846,SL,-0.18349285730865644,0.019314529588354435,0.019111823600324655,0.009652438574889115,0.009560692146233186,0.019213130721122303,-0.24113234121845784,-1.2484504999999944,0 days 02:00:00
1h,VALIDATION,38,CLOSED,BTCUSDT,LONG,2024-11-13 14:00:00+00:00,2024-11-13 15:00:00+00:00,91508.0,91553.754,2024-11-13 15:00:00+00:00,90638.21646,90592.89735177,0.00020833267130243227,19.073638138585743,0.19073638138585744,90638.21646,93384.82908,SL,-0.18120432834308678,0.019073638138585744,0.01887346030632129,0.009532053042771656,0.009441450878597666,0.018973503921369324,-0.2381249307093631,-1.2484504999999932,0 days 00:00:00
1h,VALIDATION,39,CLOSED,BTCUSDT,LONG,2024-11-13 15:00:00+00:00,2024-11-13 16:00:00+00:00,92540.0,92586.26999999999,2024-11-13 16:00:00+00:00,91660.40729999999,91614.57709635,0.0002034400035223371,18.83575109492005,0.1883575109492005,91660.40729999999,94437.99539999999,SL,-0.1789443419862237,0.01883575109492005,0.018638069887178865,0.009413168962976405,0.009323696791984486,0.01873686575496089,-0.2351550287232835,-1.2484504999999928,0 days 00:00:00
1h,VALIDATION,40,CLOSED,BTCUSDT,LONG,2024-11-18 06:00:00+00:00,2024-11-18 07:00:00+00:00,92061.84,92107.87091999999,2024-11-18 11:00:00+00:00,91186.79221079999,91141.1988146946,0.00020194616160937082,18.600830986305382,0.18600830986305383,91186.79221079999,93950.02833839999,SL,-0.17671254225370692,0.018600830986305383,0.01840561526510411,0.00929576760934603,0.009207411338220377,0.01850317894756641,-0.23222216745268284,-1.2484504999999912,0 days 04:00:00
1h,VALIDATION,41,CLOSED,BTCUSDT,LONG,2024-11-18 15:00:00+00:00,2024-11-18 16:00:00+00:00,92309.51,92355.66475499999,2024-11-18 16:00:00+00:00,91432.10810745,91386.39205339628,0.00019889241074446946,18.36884080902998,0.1836884080902998,91432.10810745,94202.7780501,SL,-0.17450857760102917,0.01836884080902998,0.018176059824739212,0.009179830489269547,0.009092576200467892,0.01827240668973744,-0.22932588492453582,-1.2484504999999837,0 days 00:00:00
1h,VALIDATION,42,CLOSED,BTCUSDT,LONG,2024-11-19 17:00:00+00:00,2024-11-19 18:00:00+00:00,92853.75,92900.17687499999,2024-11-19 21:00:00+00:00,91971.17510624998,91925.18951869686,0.0001952605972462373,18.13974402089358,0.1813974402089358,91971.17510624998,94758.18041249999,SL,-0.17233210086816284,0.01813974402089358,0.017949367407394303,0.009065339340774472,0.008979173290341572,0.018044512631116044,-0.22646572492756678,-1.2484505000000043,0 days 03:00:00
1h,VALIDATION,43,CLOSED,BTCUSDT,LONG,2024-11-20 13:00:00+00:00,2024-11-20 14:00:00+00:00,94382.87,94430.061435,2024-11-20 16:00:00+00:00,93485.76082065,93439.01794023968,0.00018970129070372408,17.91350453545146,0.1791350453545146,93485.76082065,96318.6626637,SL,-0.17018276922485265,0.017913504535451458,0.017725502305351897,0.00895227612966102,0.008867184745048586,0.017819460874709606,-0.2236412369403656,-1.2484504999999955,0 days 02:00:00
1h,VALIDATION,44,CLOSED,BTCUSDT,LONG,2024-11-21 03:00:00+00:00,2024-11-21 04:00:00+00:00,95798.12,95846.01905999999,2024-11-21 05:00:00+00:00,97762.9394412,97714.0579714794,0.00018456777746038831,17.690086716330214,0.17690086716330214,94887.55886939999,97762.9394412,TP,0.36264235737324635,0.017690086716330215,0.01803486650643149,0.008840623046641067,0.009021944225327712,0.017862567271968777,0.30905483687851587,1.7470510000000097,0 days 01:00:00
1h,VALIDATION,45,CLOSED,BTCUSDT,LONG,2024-11-21 11:00:00+00:00,2024-11-21 12:00:00+00:00,97975.0,98023.98749999999,2024-11-21 13:00:00+00:00,97043.74762499999,96995.22575118749,0.00018361661534242266,17.998832807117946,0.17998832807117945,97043.74762499999,99984.46724999999,SL,-0.17099340912709454,0.017998832807117945,0.017809935056807242,0.008994918944084792,0.008909422239522792,0.017904341183607585,-0.22470651817462733,-1.2484504999999961,0 days 01:00:00
1h,VALIDATION,46,CLOSED,BTCUSDT,LONG,2024-11-27 19:00:00+00:00,2024-11-27 20:00:00+00:00,96627.99,96676.303995,2024-11-28 02:00:00+00:00,95709.54095504999,95661.68618457246,0.00018385426455585984,17.77435077097946,0.1777435077097946,95709.54095504999,98609.83007489999,SL,-0.16886077369131694,0.01777435077097946,0.01758780895963803,0.008882734018478562,0.008798303631635102,0.017681037650113664,-0.2219039710720481,-1.2484505000000066,0 days 06:00:00
1h,VALIDATION,47,CLOSED,BTCUSDT,LONG,2024-11-29 11:00:00+00:00,2024-11-29 12:00:00+00:00,97237.91,97286.528955,2024-11-30 02:00:00+00:00,96313.66366545,96265.50683361728,0.00018042239424859326,17.552668482196193,0.17552668482196193,96313.66366545,99232.2595341,SL,-0.16675473655499734,0.017552668482196193,0.017368453226475546,0.00877194826696427,0.00868857089868604,0.01746051916565031,-0.21913637742931938,-1.248450499999992,0 days 14:00:00
1h,VALIDATION,48,CLOSED,BTCUSDT,LONG,2024-12-01 21:00:00+00:00,2024-12-01 22:00:00+00:00,97767.61,97816.49380499999,2024-12-02 03:00:00+00:00,96838.32886694999,96789.90970251652,0.0001772068323853662,17.333751022226846,0.17333751022226845,96838.32886694999,99772.8236811,SL,-0.16467496598327663,0.017333751022226847,0.017151833305248578,0.008662544238992223,0.008580206756000372,0.017242750994992596,-0.21640330130574464,-1.2484504999999912,0 days 05:00:00
1h,VALIDATION,49,CLOSED,BTCUSDT,LONG,2024-12-04 19:00:00+00:00,2024-12-04 20:00:00+00:00,97209.64,97258.24481999999,2024-12-05 02:00:00+00:00,99203.4097164,99153.8080115418,0.00017600116000155572,17.117563908035297,0.17117563908035296,96285.66237179999,99203.4097164,TP,0.35090578286237245,0.0171175639080353,0.017451185228602905,0.008554504701665617,0.008729957593097968,0.017284462294763586,0.2990525714309707,1.7470510000000057,0 days 06:00:00
1h,VALIDATION,50,CLOSED,BTCUSDT,LONG,2024-12-05 02:00:00+00:00,2024-12-05 03:00:00+00:00,101248.19,101298.814095,2024-12-05 03:00:00+00:00,103324.7903769,103273.12798171156,0.0001719301245650842,17.416317725648657,0.17416317725648658,100285.82595405,103324.7903769,TP,0.35703016147231686,0.017416317725648656,0.01775576175812155,0.008703806959343271,0.008882322040078994,0.017586128999422267,0.30427195298912435,1.7470510000000126,0 days 00:00:00
1h,VALIDATION,51,CLOSED,BTCUSDT,LONG,2024-12-05 03:00:00+00:00,2024-12-05 04:00:00+00:00,102964.0,103015.48199999999,2024-12-05 05:00:00+00:00,101985.32718,101934.33451641,0.0001720157530365463,17.72028571065278,0.1772028571065278,101985.32718,105075.79164,SL,-0.16834714210870155,0.017720285710652782,0.01753431131211948,0.008855714997825595,0.008771541426771426,0.01762725642459702,-0.22122899555607084,-1.2484504999999868,0 days 01:00:00
1h,VALIDATION,52,CLOSED,BTCUSDT,LONG,2024-12-11 19:00:00+00:00,2024-12-11 20:00:00+00:00,101122.71,101173.271355,2024-12-12 19:00:00+00:00,100161.53864145001,100111.4578721293,0.0001729634466566002,17.49927772308428,0.1749927772308428,100161.53864145001,103196.73678210001,SL,-0.16624751100241428,0.01749927772308428,0.017315622803380514,0.00874526622842758,0.00866214247292535,0.01740740870135293,-0.21846982023023198,-1.2484504999999866,0 days 23:00:00
1h,VALIDATION,53,CLOSED,BTCUSDT,LONG,2024-12-15 12:00:00+00:00,2024-12-15 13:00:00+00:00,102946.55,102998.023275,2024-12-15 23:00:00+00:00,105057.9837405,105005.45474862975,0.00016778017290956316,17.28102615442271,0.17281026154422713,101968.04304224999,105057.9837405,TP,0.3542567180681752,0.017281026154422712,0.01761783335417241,0.008636194979720933,0.008813323338755147,0.01744951831847608,0.30190834024110397,1.7470510000000024,0 days 10:00:00
1h,VALIDATION,54,CLOSED,BTCUSDT,LONG,2024-12-15 23:00:00+00:00,2024-12-16 00:00:00+00:00,104463.99,104516.221995,2024-12-16 00:00:00+00:00,106606.5464349,106553.24316168255,0.00016822874528292316,17.582632887930306,0.17582632887930305,103471.05977505,106606.5464349,TP,0.36043958074107846,0.017582632887930306,0.01792531840291607,0.008786922982473015,0.00896714277284395,0.017754065755316965,0.3071775636949151,1.747050999999999,0 days 00:00:00
1h,VALIDATION,55,CLOSED,BTCUSDT,LONG,2024-12-16 00:00:00+00:00,2024-12-16 01:00:00+00:00,105444.95,105497.67247499998,2024-12-16 03:00:00+00:00,104442.69575024999,104390.47440237486,0.00016957249540430893,17.889503580932224,0.17889503580932226,104442.69575024999,107607.62592449998,SL,-0.1699547541596828,0.017889503580932224,0.01770175324085034,0.008940281649639215,0.00885530427256092,0.017795585922200135,-0.2233415969036655,-1.2484504999999957,0 days 02:00:00
1h,VALIDATION,56,CLOSED,BTCUSDT,LONG,2024-12-16 16:00:00+00:00,2024-12-16 17:00:00+00:00,106824.94,106878.35247,2024-12-16 19:00:00+00:00,105809.5689453,105756.66416082735,0.0001652943247554814,17.666385102506986,0.17666385102506987,105809.5689453,109015.9195194,SL,-0.16783507286289884,0.017666385102506985,0.01748097639085618,0.008828778162171692,0.00874486062574008,0.017573638787911773,-0.22055607314417378,-1.2484504999999988,0 days 02:00:00
1h,VALIDATION,57,CLOSED,BTCUSDT,LONG,2024-12-17 14:00:00+00:00,2024-12-17 15:00:00+00:00,108258.38,108312.50919,2024-12-17 15:00:00+00:00,107229.3840981,107175.76940605095,0.0001610714172865911,17.446049365100222,0.17446049365100222,107229.3840981,110478.7593738,SL,-0.1657418283011285,0.017446049365100223,0.017262953077013497,0.008718665349873946,0.008635794435723449,0.017354459785597395,-0.2178052905288396,-1.2484504999999946,0 days 00:00:00
1h,VALIDATION,58,CLOSED,BTCUSDT,LONG,2024-12-24 16:00:00+00:00,2024-12-24 17:00:00+00:00,98496.23,98545.47811499999,2024-12-24 19:00:00+00:00,97560.02333385,97511.24332218307,0.000174827521179298,17.22846166227421,0.1722846166227421,97560.02333385,100516.3876773,SL,-0.163674690754539,0.01722846166227421,0.01704764895712864,0.008609925868202107,0.00852808852282558,0.017138014391027686,-0.21508881576496952,-1.2484504999999932,0 days 02:00:00
