timeframe,period_role,trade_id,status,symbol,side,signal_timestamp,entry_timestamp,entry_reference_price,entry_price,exit_timestamp,exit_reference_price,exit_price,quantity,position_value,risk_amount,stop_loss,take_profit,exit_reason,gross_pnl,entry_fee,exit_fee,entry_slippage,exit_slippage,slippage,net_pnl,R,holding_time
5m,DEVELOPMENT,1,CLOSED,BTCUSDT,LONG,2024-01-01 04:20:00+00:00,2024-01-01 04:25:00+00:00,42315.0,42336.1575,2024-01-01 18:15:00+00:00,43182.88065,43161.289209675,0.0004719374917296163,19.980019980019982,0.19980019980019983,41912.795925,43182.88065,TP,0.4095854170816686,0.019980019980019983,0.020369430569430573,0.009985017481269906,0.010189810189809712,0.02017482767107962,0.34906113886113843,1.7470509999999975,0 days 13:50:00
5m,DEVELOPMENT,2,CLOSED,BTCUSDT,LONG,2024-01-02 11:45:00+00:00,2024-01-02 11:50:00+00:00,45328.0,45350.664,2024-01-02 15:15:00+00:00,44897.15736,44874.70878132,0.00044825655488648833,20.32873240645469,0.20328732406454691,44897.15736,46257.677279999996,SL,-0.1931280375046007,0.02032873240645469,0.020115382359848947,0.010159286559946041,0.010062722541194905,0.020222009101140945,-0.2537941613720453,-1.2484504999999984,0 days 03:25:00
5m,DEVELOPMENT,3,CLOSED,BTCUSDT,LONG,2024-01-02 20:45:00+00:00,2024-01-02 20:50:00+00:00,44836.0,44858.418,2024-01-03 11:20:00+00:00,44409.83382,44387.62890309,0.000447523400974671,20.0751917857034,0.200751917857034,44409.83382,45755.58636,SL,-0.1907193382539839,0.0200751917857034,0.01986450264791244,0.010032579603049211,0.009937219933922806,0.01996979953697202,-0.2506288322245718,-1.2484504999999937,0 days 14:30:00
5m,DEVELOPMENT,4,CLOSED,BTCUSDT,LONG,2024-01-03 11:30:00+00:00,2024-01-03 11:35:00+00:00,44494.01,44516.257005,2024-01-03 11:50:00+00:00,44071.09443495,44049.05888773253,0.0004453387293928577,19.8248133319326,0.198248133319326,44071.09443495,45406.5821451,SL,-0.18834068037983093,0.0198248133319326,0.019616751916013968,0.009907452939495413,0.009813282599304675,0.019720735538800088,-0.2475029811665776,-1.248450499999992,0 days 00:15:00
5m,DEVELOPMENT,5,CLOSED,BTCUSDT,LONG,2024-01-03 12:10:00+00:00,2024-01-03 12:15:00+00:00,41883.98,41904.92199,2024-01-03 12:50:00+00:00,42743.0204298,42721.6489195851,0.000467189930843049,19.577557606491464,0.19577557606491464,41485.8727701,42743.0204298,TP,0.4013350389896448,0.019577557606491464,0.019959124204241983,0.00978388685981552,0.009984554379310598,0.01976844123912612,0.3420299159397852,1.7470510000000001,0 days 00:35:00
5m,DEVELOPMENT,6,CLOSED,BTCUSDT,LONG,2024-01-03 14:30:00+00:00,2024-01-03 14:35:00+00:00,42158.61,42179.689305,2024-01-03 16:00:00+00:00,43023.2830911,43001.77144955445,0.00047224733426005347,19.919245834203537,0.19919245834203536,41757.89241195,43023.2830911,TP,0.40833956227837426,0.019919245834203538,0.020307471935512165,0.009954645594304283,0.010158815375443156,0.02011346096974744,0.34799938353891113,1.7470509999999995,0 days 01:25:00
5m,DEVELOPMENT,7,CLOSED,BTCUSDT,LONG,2024-01-04 08:00:00+00:00,2024-01-04 08:05:00+00:00,42871.37,42892.805685,2024-01-04 14:50:00+00:00,43750.6617987,43728.78646780065,0.0004725010929536409,20.26689756601064,0.20266897566010642,42463.877628149996,43750.6617987,TP,0.4154663359109211,0.02026689756601064,0.02066189939957219,0.010128384590708424,0.01033611775866416,0.020464502349372582,0.3540730365959657,1.7470510000000055,0 days 06:45:00
5m,DEVELOPMENT,8,CLOSED,BTCUSDT,LONG,2024-01-05 01:30:00+00:00,2024-01-05 01:35:00+00:00,43935.0,43956.9675,2024-01-05 01:45:00+00:00,43517.397825,43495.6391260875,0.0004691091778178131,20.62061688328933,0.2062061688328933,43517.397825,44836.10685,SL,-0.1959010129691805,0.02062061688328933,0.020404203509099213,0.010305155863712263,0.010207205357227044,0.02051236122093931,-0.25743819458250833,-1.2484504999999917,0 days 00:10:00
5m,DEVELOPMENT,9,CLOSED,BTCUSDT,LONG,2024-01-05 17:00:00+00:00,2024-01-05 17:05:00+00:00,43296.76,43318.40838,2024-01-05 20:50:00+00:00,44184.7765476,44162.6841593262,0.00047008735157319726,20.363435869720394,0.20363435869720395,42885.2242962,44184.7765476,TP,0.41744534701445646,0.020363435869720396,0.020760319234821245,0.010176629620049572,0.010385352293556865,0.020561981913606437,0.35575960999630835,1.7470509999999975,0 days 03:45:00
5m,DEVELOPMENT,10,CLOSED,BTCUSDT,LONG,2024-01-06 02:20:00+00:00,2024-01-06 02:25:00+00:00,43888.48,43910.42424,2024-01-06 06:55:00+00:00,43471.3199976,43449.584337601205,0.0004718433136120144,20.71884007551092,0.2071884007551092,43471.3199976,44788.6327248,SL,-0.19683415783881186,0.02071884007551092,0.020501395848918434,0.010354242916295933,0.010255825837376928,0.020610068753672862,-0.25866446251691405,-1.2484504999999884,0 days 04:30:00
5m,DEVELOPMENT,11,CLOSED,BTCUSDT,LONG,2024-01-06 07:00:00+00:00,2024-01-06 07:05:00+00:00,43478.48,43500.21924,2024-01-07 13:20:00+00:00,44370.2236248,44348.0385129876,0.00047035243445937326,20.460434019050467,0.20460434019050466,43065.217047599996,44370.2236248,TP,0.4194337848383031,0.02046043401905047,0.02085920787808176,0.01022510445729439,0.010434821349713817,0.020659925807008206,0.3574542171341627,1.7470510000000066,1 days 06:15:00
5m,DEVELOPMENT,12,CLOSED,BTCUSDT,LONG,2024-01-07 15:30:00+00:00,2024-01-07 15:35:00+00:00,44207.65,44229.753825,2024-01-07 17:00:00+00:00,43787.45628675,43765.56255860662,0.0004706680308787501,20.817531139064616,0.20817531139064616,43787.45628675,45114.3489015,SL,-0.19777174760300884,0.020817531139064618,0.02059905114976013,0.0104035637876377,0.010304677913837212,0.02070824170147491,-0.25989657159330853,-1.248450500000003,0 days 01:25:00
5m,DEVELOPMENT,13,CLOSED,BTCUSDT,LONG,2024-01-07 22:20:00+00:00,2024-01-07 22:25:00+00:00,44023.98,44045.99199,2024-01-07 23:40:00+00:00,43605.5320701,43583.72930406495,0.0004667370009301491,20.55789420440597,0.2055789420440597,43605.5320701,44926.9118298,SL,-0.1953051318469559,0.020557894204405968,0.02034213910473073,0.010273810197103992,0.010176157631180483,0.020449967828284475,-0.25665513298437703,-1.2484504999999986,0 days 01:15:00
5m,DEVELOPMENT,14,CLOSED,BTCUSDT,LONG,2024-01-08 03:30:00+00:00,2024-01-08 03:35:00+00:00,43309.58,43331.23479,2024-01-08 06:20:00+00:00,44197.8594858,44175.7605560571,0.00046851873870072663,20.301495470155846,0.20301495470155848,42897.9224421,44197.8594858,TP,0.416175584300745,0.020301495470155848,0.020697171616869185,0.010145674897629344,0.010353762689778015,0.02049943758740736,0.35467747962631263,1.747051000000001,0 days 02:45:00
5m,DEVELOPMENT,15,CLOSED,BTCUSDT,LONG,2024-01-08 09:55:00+00:00,2024-01-08 10:00:00+00:00,43720.45,43742.310224999994,2024-01-08 11:55:00+00:00,44617.15642949999,44594.847851285245,0.0004722159968318338,20.65581862662569,0.20655818626625688,43304.88712274999,44617.15642949999,TP,0.42343912047185445,0.020655818626625688,0.021058400531658625,0.010322747939341624,0.010534467499577392,0.020857215438919018,0.3608676858746511,1.7470510000000037,0 days 01:55:00
5m,DEVELOPMENT,16,CLOSED,BTCUSDT,LONG,2024-01-09 09:25:00+00:00,2024-01-09 09:30:00+00:00,46532.22,46555.48611,2024-01-09 12:55:00+00:00,46089.9312489,46066.886283275555,0.0004514253326807685,21.016325805321646,0.21016325805321645,46089.9312489,47486.5958322,SL,-0.1996603466062795,0.021016325805321645,0.0207957594659948,0.01050291144693593,0.010403081273632169,0.020905992720568096,-0.262378424598164,-1.2484504999999853,0 days 03:25:00
5m,DEVELOPMENT,17,CLOSED,BTCUSDT,LONG,2024-01-09 22:00:00+00:00,2024-01-09 22:05:00+00:00,45473.99,45496.726995,2024-01-10 11:50:00+00:00,45041.75972505,45019.23884518747,0.0004561692866239065,20.754209497031777,0.20754209497031778,45041.75972505,46406.6615349,SL,-0.19717017618119706,0.020754209497031776,0.02053639406836043,0.010371918789121009,0.010273333701030481,0.02064525249015149,-0.2591060322367408,-1.2484505000000004,0 days 13:45:00
5m,DEVELOPMENT,18,CLOSED,BTCUSDT,LONG,2024-01-11 05:15:00+00:00,2024-01-11 05:20:00+00:00,46281.56,46304.70077999999,2024-01-11 06:05:00+00:00,45841.65377219999,45818.732945313895,0.0004426194741945613,20.495362311980088,0.2049536231198009,45841.65377219999,47230.79479559999,SL,-0.19471106324375137,0.020495362311980087,0.020280263484515858,0.010242559876049481,0.010145204344428648,0.02038776422047813,-0.25587445326072544,-1.2484504999999926,0 days 00:45:00
5m,DEVELOPMENT,19,CLOSED,BTCUSDT,LONG,2024-01-11 06:15:00+00:00,2024-01-11 06:20:00+00:00,45721.1,45743.960549999996,2024-01-11 10:40:00+00:00,46658.839760999996,46635.5103411195,0.00044245717323559974,20.239743477553787,0.20239743477553787,45286.52094449999,46658.839760999996,TP,0.4149096838826856,0.02023974347755379,0.020634216077931315,0.010114814331610029,0.010322269173549887,0.020437083505159916,0.35359864082204057,1.7470510000000117,0 days 04:20:00
5m,DEVELOPMENT,20,CLOSED,BTCUSDT,LONG,2024-01-11 15:55:00+00:00,2024-01-11 16:00:00+00:00,46783.77,46807.161884999994,2024-01-11 16:05:00+00:00,46339.09026614999,46315.92072101692,0.00043995380287262654,20.592988872980406,0.20592988872980406,46339.09026614999,47743.305122699996,SL,-0.19563853996769656,0.020592988872980406,0.02037686545475848,0.01029134876210795,0.010193529492124985,0.020484878254232935,-0.2570932725496684,-1.2484505000000008,0 days 00:05:00
5m,DEVELOPMENT,21,CLOSED,BTCUSDT,LONG,2024-01-11 16:15:00+00:00,2024-01-11 16:20:00+00:00,46278.62,46301.75931,2024-01-11 16:30:00+00:00,45838.741716900004,45815.822346041554,0.00043920906548522366,20.336152436866854,0.20336152436866856,45838.741716900004,47227.794496200004,SL,-0.1931985296475952,0.020336152436866855,0.02012272451704194,0.010162994721072302,0.010066395456249022,0.020229390177321324,-0.2538867967788253,-1.2484504999999944,0 days 00:10:00
5m,DEVELOPMENT,22,CLOSED,BTCUSDT,LONG,2024-01-11 16:30:00+00:00,2024-01-11 16:35:00+00:00,46204.08,46227.18204,2024-01-11 17:25:00+00:00,45764.9102196,45742.0277644902,0.0004344309643593332,20.08251927325165,0.20082519273251648,45764.9102196,47151.7256808,SL,-0.1907889512166484,0.02008251927325165,0.019871753233478874,0.010036241515866996,0.009940847040259784,0.01997708855612678,-0.25072031227950575,-1.248450499999996,0 days 00:50:00
5m,DEVELOPMENT,23,CLOSED,BTCUSDT,LONG,2024-01-11 17:30:00+00:00,2024-01-11 17:35:00+00:00,45963.87,45986.851935,2024-01-11 20:05:00+00:00,46906.588973699996,46883.13567921315,0.00043125477383940396,19.832049430814582,0.19832049430814583,45526.98341565,46906.588973699996,TP,0.40655205779710574,0.019832049430814583,0.02021857607422116,0.009911069180815224,0.010114345209714522,0.020025414390529746,0.3464760179015402,1.7470509999999986,0 days 02:30:00
5m,DEVELOPMENT,24,CLOSED,BTCUSDT,LONG,2024-01-12 01:25:00+00:00,2024-01-12 01:30:00+00:00,45950.0,45972.975,2024-01-12 14:35:00+00:00,45513.24525,45490.488627375,0.00043891393408471195,20.17817931882811,0.2017817931882811,45513.24525,46892.434499999996,SL,-0.19169774555268487,0.02017817931882811,0.01996640932687701,0.010084047635595618,0.009988198762819157,0.020072246398414775,-0.25191458059680477,-1.2484504999999932,0 days 13:05:00
5m,DEVELOPMENT,25,CLOSED,BTCUSDT,LONG,2024-01-12 15:25:00+00:00,2024-01-12 15:30:00+00:00,44941.56,44964.030779999994,2024-01-12 15:35:00+00:00,44514.39047219999,44492.1332769639,0.0004431657050197622,19.926516401148987,0.1992651640114899,44514.39047219999,45863.311395599994,SL,-0.1893068849504478,0.019926516401148987,0.019717387611518932,0.009958279061042205,0.009863625618566917,0.01982190467960912,-0.24877269364272483,-1.2484504999999915,0 days 00:05:00
5m,DEVELOPMENT,26,CLOSED,BTCUSDT,LONG,2024-01-12 15:40:00+00:00,2024-01-12 15:45:00+00:00,44525.97,44548.232984999995,2024-01-12 16:15:00+00:00,44102.75065515,44080.699279822424,0.0004417232943515759,19.677992231675738,0.1967799223167574,44102.75065515,45439.1976447,SL,-0.18694584324045938,0.01967799223167574,0.0194714717032043,0.009834079076297039,0.009740606154678883,0.01957468523097592,-0.24566999240631532,-1.248450499999992,0 days 00:30:00
5m,DEVELOPMENT,27,CLOSED,BTCUSDT,LONG,2024-01-12 16:20:00+00:00,2024-01-12 16:25:00+00:00,44155.76,44177.83788,2024-01-12 16:35:00+00:00,43736.0595012,43714.1914714494,0.00043987140603444266,19.43256766383726,0.1943256766383726,43736.0595012,45061.3946376,SL,-0.18461424852051486,0.01943256766383726,0.01922862286620529,0.009711428117858422,0.009619120993599364,0.019330549111457786,-0.24260598816201523,-1.2484505000000032,0 days 00:10:00
5m,DEVELOPMENT,28,CLOSED,BTCUSDT,LONG,2024-01-12 16:40:00+00:00,2024-01-12 16:45:00+00:00,43571.45,43593.23572499999,2024-01-12 22:00:00+00:00,43157.30336774999,43135.72471606612,0.0004402105904768735,19.190204039299783,0.19190204039299782,43157.30336774999,44465.10043949999,SL,-0.1823117335267835,0.019190204039299785,0.018988802847907334,0.009590306866214263,0.009499150999451504,0.019089457865665765,-0.23958019827965638,-1.24845049999999,0 days 05:15:00
5m,DEVELOPMENT,29,CLOSED,BTCUSDT,LONG,2024-01-13 03:15:00+00:00,2024-01-13 03:20:00+00:00,42496.01,42517.258005,2024-01-14 21:35:00+00:00,42092.085424950004,42071.03938223753,0.00044572166859040954,18.950863181877548,0.18950863181877547,42092.085424950004,43367.6031651,SL,-0.18003793557595707,0.01895086318187755,0.018751973872783746,0.009470696242817938,0.009380677275027517,0.018851373517845455,-0.2365921461484638,-1.2484504999999877,1 days 18:15:00
5m,DEVELOPMENT,30,CLOSED,BTCUSDT,LONG,2024-01-14 23:25:00+00:00,2024-01-14 23:30:00+00:00,42032.0,42053.015999999996,2024-01-15 13:50:00+00:00,42894.07632,42872.62928184,0.00044502176470575725,18.714507391519444,0.18714507391519444,41632.485839999994,42894.07632,TP,0.38364272523744514,0.018714507391519444,0.01907925314058016,0.009352577407054407,0.009544398769673465,0.01889697617672787,0.3269519885286177,1.7470510000000177,0 days 14:20:00
5m,DEVELOPMENT,31,CLOSED,BTCUSDT,LONG,2024-01-15 14:35:00+00:00,2024-01-15 14:40:00+00:00,42413.75,42434.956874999996,2024-01-15 18:30:00+00:00,43283.656012499996,43262.014184493746,0.00044871337587956245,19.041132754684895,0.19041132754684895,42010.60730624999,43283.656012499996,TP,0.3903384635668021,0.019041132754684897,0.019412244432073705,0.009515808473104199,0.009710977704889231,0.019226786177993428,0.33265830020205,1.7470510000000001,0 days 03:50:00
5m,DEVELOPMENT,32,CLOSED,BTCUSDT,LONG,2024-01-16 06:10:00+00:00,2024-01-16 06:15:00+00:00,42737.58,42758.94879,2024-01-16 14:35:00+00:00,42331.359302100005,42310.193622448955,0.0004530854774765551,19.37345872891272,0.1937345872891272,42331.359302100005,43614.1277658,SL,-0.1840526988688794,0.01937345872891272,0.019170134279552782,0.009681888420246436,0.009589862070812066,0.019271750491058504,-0.2418680423684034,-1.2484504999999944,0 days 08:20:00
5m,DEVELOPMENT,33,CLOSED,BTCUSDT,LONG,2024-01-16 14:45:00+00:00,2024-01-16 14:50:00+00:00,42250.69,42271.815345,2024-01-16 15:30:00+00:00,43117.251651900006,43095.693026074056,0.0004525907429528744,19.131832312960267,0.19131832312960267,41849.097191550005,43117.251651900006,TP,0.39219778184789256,0.019131832312960267,0.019504711724739866,0.009561135588685963,0.009757234479609737,0.0193183700682957,0.3342428677418967,1.7470510000000063,0 days 00:40:00
5m,DEVELOPMENT,34,CLOSED,BTCUSDT,LONG,2024-01-16 18:40:00+00:00,2024-01-16 18:45:00+00:00,42883.57,42905.011784999995,2024-01-17 12:35:00+00:00,42475.96166715,42454.72368631642,0.00045369388008299755,19.465741271743383,0.19465741271743384,42475.96166715,43763.1120207,SL,-0.18492940608487965,0.019465741271743383,0.019261448317096436,0.009728006632553344,0.009635541929513167,0.019363548562066513,-0.243020144235786,-1.2484504999999968,0 days 17:50:00
5m,DEVELOPMENT,35,CLOSED,BTCUSDT,LONG,2024-01-17 16:45:00+00:00,2024-01-17 16:50:00+00:00,42346.0,42367.172999999995,2024-01-18 16:45:00+00:00,41943.50126999999,41922.529519364994,0.0004537230724569343,19.22296390487447,0.19222963904874468,41943.50126999999,43214.51646,SL,-0.18262296043561704,0.01922296390487447,0.019021218898692807,0.009606678613128503,0.009515367132912362,0.019122045746040865,-0.23998918898522514,-1.2484505000000017,0 days 23:55:00
5m,DEVELOPMENT,36,CLOSED,BTCUSDT,LONG,2024-01-18 16:50:00+00:00,2024-01-18 16:55:00+00:00,41891.19,41912.135595,2024-01-18 18:10:00+00:00,41493.01423905,41472.26773193047,0.000452928828269811,18.983214465328786,0.18983214465328785,41493.01423905,42750.3783069,SL,-0.18034528085252635,0.018983214465328788,0.018783985629515162,0.00948686380076284,0.009396691160338035,0.018883554961100876,-0.23699603590847118,-1.2484505000000086,0 days 01:15:00
5m,DEVELOPMENT,37,CLOSED,BTCUSDT,LONG,2024-01-18 18:15:00+00:00,2024-01-18 18:20:00+00:00,41571.12,41591.90556,2024-01-18 19:50:00+00:00,41175.986504399996,41155.398511147796,0.0004507236428889639,18.746455188696952,0.18746455188696953,41175.986504399996,42423.7436712,SL,-0.17809600856428529,0.018746455188696953,0.018549711141491575,0.00936854332268561,0.009279495318405103,0.018648038641090714,-0.2340402135355645,-1.2484505000000077,0 days 01:30:00
5m,DEVELOPMENT,38,CLOSED,BTCUSDT,LONG,2024-01-18 20:00:00+00:00,2024-01-18 20:05:00+00:00,41090.0,41110.545,2024-01-18 20:35:00+00:00,40699.439549999996,40679.089830225,0.00045031387400893167,18.512648781568515,0.18512648781568516,40699.439549999996,41932.7559,SL,-0.1758747892741737,0.018512648781568514,0.018318358532605952,0.009251698541512714,0.009163761146874897,0.018415459688387613,-0.2311212562767358,-1.2484504999999986,0 days 00:30:00
5m,DEVELOPMENT,39,CLOSED,BTCUSDT,LONG,2024-01-18 20:35:00+00:00,2024-01-18 20:40:00+00:00,40823.86,40844.271929999995,2024-01-19 16:40:00+00:00,40435.829210699994,40415.61129609465,0.00044759662865308155,18.28175841565769,0.18281758415657692,40435.829210699994,41661.1573686,SL,-0.17368127310427706,0.01828175841565769,0.018089891361085363,0.009136311052300347,0.009049470415748708,0.018185781468049056,-0.22823870434906915,-1.2484504999999924,0 days 20:00:00
5m,DEVELOPMENT,40,CLOSED,BTCUSDT,LONG,2024-01-19 16:45:00+00:00,2024-01-19 16:50:00+00:00,40489.99,40510.234995,2024-01-19 18:25:00+00:00,41320.4396949,41299.77947505255,0.00044565892358389364,18.053747722002278,0.18053747722002278,40105.13264505,41320.4396949,TP,0.3700973171197079,0.01805374772200228,0.018405615265104102,0.009022362679661722,0.009207411338221255,0.018229774017882977,0.3154081801147185,1.7470510000000026,0 days 01:35:00
5m,DEVELOPMENT,41,CLOSED,BTCUSDT,LONG,2024-01-20 08:40:00+00:00,2024-01-20 08:45:00+00:00,41549.99,41570.764995,2024-01-22 03:20:00+00:00,41155.057345049994,41134.47981637747,0.00044186920330283356,18.368840809029972,0.18368840809029974,41155.057345049994,42402.1802949,SL,-0.17450857760103103,0.018368840809029972,0.0181760598247392,0.009179830489270246,0.009092576200470128,0.018272406689740374,-0.2293258849245406,-1.24845050000001,1 days 18:35:00
5m,DEVELOPMENT,42,CLOSED,BTCUSDT,LONG,2024-01-22 04:30:00+00:00,2024-01-22 04:35:00+00:00,41054.4,41074.9272,2024-01-22 09:55:00+00:00,40664.177928,40643.845839036,0.00044162571323786955,18.139744020893566,0.18139744020893567,40664.177928,41896.425744,SL,-0.17233210086816111,0.018139744020893567,0.017949367407394293,0.009065339340774987,0.008979173290339872,0.01804451263111486,-0.22646572492756384,-1.248450499999989,0 days 05:20:00
5m,DEVELOPMENT,43,CLOSED,BTCUSDT,LONG,2024-01-22 10:30:00+00:00,2024-01-22 10:35:00+00:00,40520.6,40540.86029999999,2024-01-22 18:50:00+00:00,40135.45169699999,40115.38397115149,0.0004418629600578913,17.913504535451448,0.1791350453545145,40135.45169699999,41351.67750599999,SL,-0.17018276922485762,0.017913504535451447,0.017725502305351887,0.008952276129658448,0.008867184745048972,0.01781946087470742,-0.2236412369403684,-1.2484505000000117,0 days 08:15:00
5m,DEVELOPMENT,44,CLOSED,BTCUSDT,LONG,2024-01-22 19:20:00+00:00,2024-01-22 19:25:00+00:00,40055.61,40075.637805,2024-01-22 19:40:00+00:00,39674.88142695,39655.043986236524,0.00044141747169206913,17.690086716330203,0.17690086716330203,39674.88142695,40877.150561099996,SL,-0.16806024411666057,0.017690086716330204,0.017504429256242317,0.008840623046640853,0.008756592924583936,0.017597215971224787,-0.2208519760604579,-1.2484504999999995,0 days 00:15:00
5m,DEVELOPMENT,45,CLOSED,BTCUSDT,LONG,2024-01-22 19:45:00+00:00,2024-01-22 19:50:00+00:00,39659.99,39679.819995,2024-01-23 09:05:00+00:00,39283.02179505,39263.38028415248,0.0004402604491102975,17.469455371614462,0.17469455371614462,39283.02179505,40473.4163949,SL,-0.16596419121158837,0.017469455371614463,0.017286113437489373,0.008730362504554978,0.008647380408946855,0.01737774291350183,-0.21809750293419403,-1.2484504999999795,0 days 13:15:00
5m,DEVELOPMENT,46,CLOSED,BTCUSDT,LONG,2024-01-23 09:15:00+00:00,2024-01-23 09:20:00+00:00,39235.57,39255.187784999995,2024-01-23 10:15:00+00:00,38862.63590715,38843.20458919642,0.0004394725059727181,17.25157574830358,0.1725157574830358,38862.63590715,40040.2915407,SL,-0.16389428034745285,0.01725157574830358,0.017070520460825137,0.008621477135581763,0.00853952999541017,0.01716100713099193,-0.2153773836875735,-1.2484504999999926,0 days 00:55:00
5m,DEVELOPMENT,47,CLOSED,BTCUSDT,LONG,2024-01-23 10:15:00+00:00,2024-01-23 10:20:00+00:00,39040.59,39060.11029499999,2024-01-23 11:50:00+00:00,38669.50919204999,38650.17443745397,0.00043615886893740474,17.036413526837475,0.17036413526837474,38669.50919204999,39841.31250089999,SL,-0.1618501854798528,0.017036413526837473,0.016857616366873315,0.008513949788522211,0.00843302469578259,0.0169469744843048,-0.2126911898578684,-1.2484504999999901,0 days 01:30:00
5m,DEVELOPMENT,48,CLOSED,BTCUSDT,LONG,2024-01-23 11:50:00+00:00,2024-01-23 11:55:00+00:00,38711.03,38730.385514999994,2024-01-23 17:30:00+00:00,39504.99322529999,39485.24072868734,0.00043438593734562665,16.823934815690755,0.16823934815690755,38343.081659849995,39504.99322529999,TP,0.3448864598398951,0.016823934815690757,0.017151833305248568,0.008407763526080447,0.008580206756002788,0.016987970282083237,0.29392272143687254,1.7470509999999944,0 days 05:35:00
5m,DEVELOPMENT,49,CLOSED,BTCUSDT,LONG,2024-01-24 03:35:00+00:00,2024-01-24 03:40:00+00:00,39600.0,39619.799999999996,2024-01-24 10:45:00+00:00,40412.195999999996,40391.989902,0.00043204569200337424,17.117563908035287,0.17117563908035288,39223.602,40412.195999999996,TP,0.35090578286237095,0.017117563908035288,0.017451185228602895,0.008554504701664923,0.008729957593095883,0.017284462294760806,0.29905257143097197,1.747051000000014,0 days 07:05:00
5m,DEVELOPMENT,50,CLOSED,BTCUSDT,LONG,2024-01-24 13:50:00+00:00,2024-01-24 13:55:00+00:00,39942.7,39962.67135,2024-01-24 20:50:00+00:00,39563.044636499995,39543.26311418175,0.00043581465245687707,17.416317725648646,0.17416317725648647,39563.044636499995,40761.924777,SL,-0.16545937029714264,0.017416317725648646,0.017233533471117966,0.008703806959344565,0.008621077274195157,0.01732488423353972,-0.21743410572744898,-1.248450499999999,0 days 06:55:00
5m,DEVELOPMENT,51,CLOSED,BTCUSDT,LONG,2024-01-25 02:55:00+00:00,2024-01-25 03:00:00+00:00,39939.84,39959.80991999999,2024-01-25 17:15:00+00:00,39560.211820799996,39540.4317148896,0.0004304099762046627,17.199100836810043,0.17199100836810044,39560.211820799996,40759.00611839999,SL,-0.16339575557609182,0.017199100836810043,0.017018596273527725,0.008595252792007258,0.008513554914218787,0.017108807706226047,-0.21472226039265563,-1.2484504999999793,0 days 14:15:00
5m,DEVELOPMENT,52,CLOSED,BTCUSDT,LONG,2024-01-25 20:50:00+00:00,2024-01-25 20:55:00+00:00,39719.03,39738.889514999995,2024-01-26 10:40:00+00:00,40533.6673053,40513.40047164735,0.0004274048241272308,16.98459308417003,0.1698459308417003,39341.50061985,40533.6673053,TP,0.3481799141992272,0.01698459308417003,0.017315622803380507,0.00848805251582559,0.008662142472925698,0.01715019498875129,0.2967295033229254,1.7470510000000121,0 days 13:45:00
5m,DEVELOPMENT,53,CLOSED,BTCUSDT,LONG,2024-01-27 00:50:00+00:00,2024-01-27 00:55:00+00:00,41760.2,41781.08009999999,2024-01-28 04:55:00+00:00,42616.70170199999,42595.393351148996,0.0004136088897908293,17.281026154422708,0.17281026154422707,41363.26929899999,42616.70170199999,TP,0.35425671806817327,0.01728102615442271,0.01761783335417241,0.008636194979719366,0.008813323338753655,0.017449518318473023,0.30190834024110513,1.7470510000000097,1 days 04:00:00
5m,DEVELOPMENT,54,CLOSED,BTCUSDT,LONG,2024-01-28 12:20:00+00:00,2024-01-28 12:25:00+00:00,42336.25,42357.418125,2024-01-28 18:20:00+00:00,41933.84394375,41912.87702177813,0.00041510162012336555,17.582632887930306,0.17582632887930305,41933.84394375,43204.5664875,SL,-0.1670394058968299,0.017582632887930306,0.01739810315577148,0.008786922982472467,0.008703403279523743,0.01749032626199621,-0.21951046820252787,-1.248450499999986,0 days 05:55:00
5m,DEVELOPMENT,55,CLOSED,BTCUSDT,LONG,2024-01-28 18:25:00+00:00,2024-01-28 18:30:00+00:00,41974.09,41995.07704499999,2024-01-29 16:20:00+00:00,42834.97858589999,42813.561096607045,0.00041346136101379335,17.36334171090481,0.1736334171090481,41575.12627454999,42834.97858589999,TP,0.355944166407451,0.017363341710904808,0.017701753240850344,0.00867733218935541,0.008855304272559008,0.017532636461914417,0.30334643499378144,1.7470510000000108,0 days 21:50:00
5m,DEVELOPMENT,56,CLOSED,BTCUSDT,LONG,2024-01-30 05:30:00+00:00,2024-01-30 05:35:00+00:00,43392.59,43414.28629499999,2024-01-30 23:25:00+00:00,42980.14343204999,42958.65336033397,0.00040692561389732256,17.66638510250699,0.1766638510250699,42980.14343204999,44282.57202089999,SL,-0.16783507286290006,0.01766638510250699,0.01748097639085618,0.008828778162170082,0.00874486062573888,0.017573638787908963,-0.2205560731441722,-1.2484504999999897,0 days 17:50:00
5m,DEVELOPMENT,57,CLOSED,BTCUSDT,LONG,2024-01-30 23:30:00+00:00,2024-01-30 23:35:00+00:00,42952.18,42973.65609,2024-01-31 10:45:00+00:00,42543.9195291,42522.64756933545,0.0004059707958885986,17.44604936510022,0.1744604936510022,42543.9195291,43833.1292118,SL,-0.1657418283011273,0.01744604936510022,0.017262953077013497,0.008718665349873742,0.00863579443572389,0.01735445978559763,-0.21780529052883865,-1.2484504999999892,0 days 11:10:00
5m,DEVELOPMENT,58,CLOSED,BTCUSDT,LONG,2024-01-31 11:00:00+00:00,2024-01-31 11:05:00+00:00,42416.0,42437.208,2024-01-31 15:35:00+00:00,43285.95216,43264.309183920006,0.00040597538043205407,17.228461662274206,0.17228461662274205,42012.83592,43285.95216,TP,0.35317915911368747,0.017228461662274208,0.017564244380071935,0.008609925868202483,0.008786515447757694,0.017396441315960177,0.30099001175538115,1.7470510000000175,0 days 04:30:00
5m,DEVELOPMENT,59,CLOSED,BTCUSDT,LONG,2024-01-31 19:20:00+00:00,2024-01-31 19:25:00+00:00,43215.98,43237.58799,2024-01-31 20:05:00+00:00,42805.2121101,42783.809504044955,0.000405414635727629,17.529150984707158,0.1752915098470716,42805.2121101,44102.3397498,SL,-0.16653131445241615,0.01752915098470716,0.01734518254512266,0.008760195394654948,0.008676929737428384,0.01743712513208333,-0.21884277311432931,-1.2484504999999877,0 days 00:40:00
5m,DEVELOPMENT,60,CLOSED,BTCUSDT,LONG,2024-01-31 20:10:00+00:00,2024-01-31 20:15:00+00:00,42908.51,42929.964255,2024-01-31 21:00:00+00:00,42500.66461245,42479.41428014378,0.0004032271430024697,17.310526835741797,0.17310526835741796,42500.66461245,43788.563540099996,SL,-0.1644543304085237,0.0173105268357418,0.017128852856600686,0.008650937948895208,0.008568710783689855,0.017219648732585063,-0.21611335883345126,-1.2484504999999921,0 days 00:45:00
5m,DEVELOPMENT,61,CLOSED,BTCUSDT,LONG,2024-01-31 21:00:00+00:00,2024-01-31 21:05:00+00:00,42583.99,42605.281995,2024-02-01 01:15:00+00:00,42179.22917505,42158.13956046248,0.0004012326306483755,17.094629374369717,0.17094629374369716,42179.22917505,43457.3876349,SL,-0.162403250578094,0.017094629374369716,0.016915221239085707,0.008543043165601892,0.008461841540312248,0.017004884705914138,-0.21341798589746355,-1.2484504999999881,0 days 04:10:00
5m,DEVELOPMENT,62,CLOSED,BTCUSDT,LONG,2024-02-01 01:40:00+00:00,2024-02-01 01:45:00+00:00,42056.4,42077.4282,2024-02-01 15:25:00+00:00,42918.97676400001,42897.51727561801,0.000401199058863901,16.881424593253367,0.16881424593253366,41656.653918,42918.97676400001,TP,0.3460649859146712,0.01688142459325337,0.01721044355857588,0.008436494049602145,0.0086095265425574,0.017046020592159546,0.29492709717068244,1.7470510000000212,0 days 13:40:00
5m,DEVELOPMENT,63,CLOSED,BTCUSDT,LONG,2024-02-02 04:10:00+00:00,2024-02-02 04:15:00+00:00,43006.52,43028.023259999994,2024-02-02 13:50:00+00:00,42597.74302739999,42576.444155886296,0.0003991830383229961,17.176057057959344,0.17176057057959346,42597.74302739999,43888.5837252,SL,-0.1631768339189458,0.017176057057959344,0.01699579433913606,0.008583736660648423,0.008502148243688366,0.01708588490433679,-0.214434570220378,-1.2484504999999957,0 days 09:35:00
5m,DEVELOPMENT,64,CLOSED,BTCUSDT,LONG,2024-02-02 13:55:00+00:00,2024-02-02 14:00:00+00:00,42694.01,42715.357005,2024-02-04 22:35:00+00:00,42288.203434949995,42267.05933323252,0.0003970898968748732,16.961836708088843,0.16961836708088843,42288.203434949995,43569.664145099996,SL,-0.16114168706685364,0.016961836708088842,0.01678382223183745,0.00847668001403581,0.008396109170503162,0.016872789184538974,-0.2117601351913189,-1.2484505000000012,2 days 08:35:00
5m,DEVELOPMENT,65,CLOSED,BTCUSDT,LONG,2024-02-05 01:00:00+00:00,2024-02-05 01:05:00+00:00,42391.81,42413.005905,2024-02-05 10:20:00+00:00,43261.2660231,43239.63539008845,0.0003949328222338862,16.75028812148413,0.1675028812148413,41988.875845949995,43261.2660231,TP,0.3433767210111338,0.01675028812148413,0.017076751236971856,0.008370958581451534,0.008542646941955966,0.0169136055234075,0.29263607612927034,1.7470510000000037,0 days 09:15:00
5m,DEVELOPMENT,66,CLOSED,BTCUSDT,LONG,2024-02-05 15:05:00+00:00,2024-02-05 15:10:00+00:00,43069.82,43091.354909999995,2024-02-05 15:45:00+00:00,42660.4413609,42639.111140219546,0.00039550002290426954,17.042631853881005,0.17042631853881005,42660.4413609,43953.1820082,SL,-0.1619092611405699,0.017042631853881007,0.016863769432574525,0.008517057398239348,0.008436102767671502,0.01695316016591085,-0.21276882259293628,-1.2484504999999977,0 days 00:35:00
5m,DEVELOPMENT,67,CLOSED,BTCUSDT,LONG,2024-02-05 15:45:00+00:00,2024-02-05 15:50:00+00:00,42795.99,42817.387995,2024-02-05 20:20:00+00:00,42389.214115049996,42368.019507992474,0.0003930663773679919,16.830075587554397,0.16830075587554397,42389.214115049996,43673.7357549,SL,-0.1598899234979565,0.016830075587554397,0.016653443944263015,0.00841083237758815,0.008330887415837993,0.016741719793426143,-0.21011516282320006,-1.2484504999999955,0 days 04:30:00
5m,DEVELOPMENT,68,CLOSED,BTCUSDT,LONG,2024-02-05 20:25:00+00:00,2024-02-05 20:30:00+00:00,42432.98,42454.19649,2024-02-06 16:20:00+00:00,43303.2804198,43281.6287795901,0.0003914847460110005,16.62017032998876,0.1662017032998876,42029.6545251,43303.2804198,TP,0.3407093387986694,0.01662017032998876,0.016944097449720242,0.008305932198894497,0.008476286868294465,0.016782219067188964,0.2903628519517714,1.747050999999997,0 days 19:50:00
5m,DEVELOPMENT,69,CLOSED,BTCUSDT,LONG,2024-02-06 18:35:00+00:00,2024-02-06 18:40:00+00:00,43086.55,43108.093275,2024-02-07 20:15:00+00:00,43970.2551405,43948.27001292975,0.0003922753669777421,16.91024310916136,0.1691024310916136,42677.01234225,43970.2551405,TP,0.3466557582897526,0.016910243109161362,0.01723982374735892,0.008450896106525989,0.008624223985670657,0.017075120092196645,0.2954305713410357,1.7470510000000061,1 days 01:35:00
5m,DEVELOPMENT,70,CLOSED,BTCUSDT,LONG,2024-02-08 07:05:00+00:00,2024-02-08 07:10:00+00:00,44463.42,44485.65171,2024-02-08 15:20:00+00:00,45375.3647442,45352.677061827904,0.00038676242526978355,17.205378545066495,0.17205378545066494,44040.7951929,45375.3647442,TP,0.3527059609788251,0.017205378545066496,0.01754071137290984,0.008598390077494508,0.008774743057982318,0.017373133135476827,0.30058673792537194,1.7470510000000135,0 days 08:10:00
5m,DEVELOPMENT,71,CLOSED,BTCUSDT,LONG,2024-02-08 17:10:00+00:00,2024-02-08 17:15:00+00:00,45002.01,45024.511005,2024-02-09 02:40:00+00:00,45925.0012251,45902.03872448745,0.0003888030009830951,17.505664996540393,0.17505664996540393,44574.26589495,45925.0012251,TP,0.358861758199943,0.017505664996540393,0.017846850407322964,0.008748458269134951,0.008927889148235512,0.017676347417370463,0.30583289537870917,1.7470510000000015,0 days 09:25:00
5m,DEVELOPMENT,72,CLOSED,BTCUSDT,LONG,2024-02-09 14:25:00+00:00,2024-02-09 14:30:00+00:00,46930.81,46954.27540499999,2024-02-09 18:10:00+00:00,47893.36091309999,47869.414232643445,0.0003793305766284797,17.81119236455109,0.1781119236455109,46484.73265094999,47893.36091309999,TP,0.3651249929004899,0.01781119236455109,0.01815833250373619,0.008901145609469054,0.009083708105919326,0.017984853715388383,0.31117061431681425,1.7470510000000044,0 days 03:40:00
5m,DEVELOPMENT,73,CLOSED,BTCUSDT,LONG,2024-02-09 23:45:00+00:00,2024-02-09 23:50:00+00:00,47156.37,47179.948185,2024-02-10 20:45:00+00:00,48123.5471487,48099.48537512565,0.0003841049601846515,18.122052119113345,0.18122052119113347,46708.14870315,48123.5471487,TP,0.3714975401929185,0.018122052119113344,0.018475250914914868,0.009056497810650765,0.009242246580748117,0.018298744391398884,0.3166014927674914,1.7470510000000026,0 days 20:55:00
5m,DEVELOPMENT,74,CLOSED,BTCUSDT,LONG,2024-02-11 13:25:00+00:00,2024-02-11 13:30:00+00:00,48129.2,48153.264599999995,2024-02-12 15:10:00+00:00,49116.329891999994,49091.771727053994,0.00038290939316029844,18.438337326673278,0.1843833732667328,47671.731953999995,49116.329891999994,TP,0.37798130791610984,0.018438337326673278,0.018797700521170142,0.009214561382644506,0.009403552036603386,0.018618113419247892,0.3221271566490186,1.7470509999999988,1 days 01:40:00
5m,DEVELOPMENT,75,CLOSED,BTCUSDT,LONG,2024-02-13 03:45:00+00:00,2024-02-13 03:50:00+00:00,49790.48,49815.37524,2024-02-13 13:35:00+00:00,49317.2214876,49292.5628768562,0.0003765934229660739,18.760142677971004,0.18760142677971003,49317.2214876,50811.682744800004,SL,-0.1782260431325494,0.018760142677971003,0.0185632549805657,0.009375383647161173,0.00928627062559486,0.018661654272756033,-0.23421109506384213,-1.2484504999999986,0 days 09:45:00
5m,DEVELOPMENT,76,CLOSED,BTCUSDT,LONG,2024-02-13 14:15:00+00:00,2024-02-13 14:20:00+00:00,49235.99,49260.607995,2024-02-13 14:20:00+00:00,48768.00191505,48743.61791409248,0.00037608479298317907,18.52616556002511,0.1852616556002511,48768.00191505,50245.8201549,SL,-0.17600320204701397,0.01852616556002511,0.01833173345247265,0.009258453553236132,0.009170451952211112,0.018428905505447242,-0.23129000656495902,-1.2484504999999877,0 days 00:00:00
5m,DEVELOPMENT,77,CLOSED,BTCUSDT,LONG,2024-02-13 14:50:00+00:00,2024-02-13 14:55:00+00:00,48758.84,48783.219419999994,2024-02-13 23:50:00+00:00,49758.883808399994,49734.0043664958,0.00037502868465682273,18.295106612407768,0.1829510661240777,48295.38722579999,49758.883808399994,TP,0.37504511406345087,0.01829510661240777,0.0186516782402836,0.009142981815295293,0.009330504372326132,0.018473486187621423,0.3196248430231381,1.7470510000000112,0 days 08:55:00
5m,DEVELOPMENT,78,CLOSED,BTCUSDT,LONG,2024-02-14 04:35:00+00:00,2024-02-14 04:40:00+00:00,49324.0,49348.662,2024-02-14 08:55:00+00:00,50335.635239999996,50310.467422379996,0.00037720196243402556,18.614412149893422,0.18614412149893422,48855.17537999999,50335.635239999996,TP,0.38159079779541494,0.01861441214989342,0.018977207042694847,0.009302554797546665,0.009493350196445751,0.01879590499399242,0.3252032736088343,1.7470509999999986,0 days 04:15:00
5m,DEVELOPMENT,79,CLOSED,BTCUSDT,LONG,2024-02-15 05:35:00+00:00,2024-02-15 05:40:00+00:00,52063.99,52090.021994999996,2024-02-15 21:40:00+00:00,51569.12177504999,51543.33721416247,0.000363587685697752,18.93929054510705,0.1893929054510705,51569.12177504999,53131.822434899994,SL,-0.17992799263492695,0.01893929054510705,0.018740522690836148,0.00946491281614456,0.009374948819826668,0.018839861635971226,-0.23644766750684137,-1.2484504999999984,0 days 16:00:00
5m,DEVELOPMENT,80,CLOSED,BTCUSDT,LONG,2024-02-15 21:45:00+00:00,2024-02-15 21:50:00+00:00,51511.11,51536.865555,2024-02-16 14:00:00+00:00,52567.602866099995,52541.319064666946,0.0003629068024926037,18.703079089056253,0.18703079089056254,51021.496899449994,52567.602866099995,TP,0.3834084478925953,0.018703079089056253,0.01906760210050196,0.009346866111470974,0.009538570335418042,0.018885436446889017,0.3267523302561481,1.7470509999999995,0 days 16:10:00
5m,DEVELOPMENT,81,CLOSED,BTCUSDT,LONG,2024-02-16 14:55:00+00:00,2024-02-16 15:00:00+00:00,51920.32,51946.280159999995,2024-02-17 13:25:00+00:00,51426.817358399996,51401.1039497208,0.00036633046552698637,19.029504993408054,0.19029504993408053,51426.817358399996,52985.20576319999,SL,-0.18078505243612686,0.019029504993408053,0.01882979033850224,0.00950999749795325,0.009419604971736748,0.01892960246969,-0.23757395023772715,-1.2484504999999966,0 days 22:25:00
5m,DEVELOPMENT,82,CLOSED,BTCUSDT,LONG,2024-02-17 13:35:00+00:00,2024-02-17 13:40:00+00:00,51232.97,51258.586485,2024-02-17 14:35:00+00:00,50746.00062015,50720.62761983993,0.0003666150330790565,18.792168379783956,0.18792168379783955,50746.00062015,52283.7582147,SL,-0.1785302953021958,0.018792168379783956,0.018594944572638123,0.009391388495643659,0.009302123347991884,0.018693511843635543,-0.23461092009825343,-1.2484504999999932,0 days 00:55:00
5m,DEVELOPMENT,83,CLOSED,BTCUSDT,LONG,2024-02-17 14:50:00+00:00,2024-02-17 14:55:00+00:00,50822.0,50847.411,2024-02-17 21:20:00+00:00,51864.35922,51838.42704039,0.0003649702407902196,18.55779183622926,0.1855779183622926,50338.93689,51864.35922,TP,0.3804300955133049,0.01855779183622926,0.01891948319911737,0.009274258788720291,0.009464473836476027,0.01873873262519632,0.324214087852762,1.747051000000002,0 days 06:25:00
5m,DEVELOPMENT,84,CLOSED,BTCUSDT,LONG,2024-02-18 02:40:00+00:00,2024-02-18 02:45:00+00:00,51404.63,51430.33231499999,2024-02-19 06:25:00+00:00,52458.938961299995,52432.70949181935,0.00036713124695049665,18.88168203388437,0.1888168203388437,50916.02899184999,52458.938961299995,TP,0.387069763633151,0.01888168203388437,0.019249686016724776,0.009436122955462617,0.009629657837280231,0.019065780792742848,0.329872614789799,1.7470510000000095,1 days 03:40:00
5m,DEVELOPMENT,85,CLOSED,BTCUSDT,LONG,2024-02-19 09:00:00+00:00,2024-02-19 09:05:00+00:00,52164.01,52190.092005,2024-02-20 00:40:00+00:00,51668.19108495,51642.356989407526,0.0003681010009287193,19.211225105602452,0.19211225105602453,51668.19108495,53233.8938451,SL,-0.18251143890929808,0.019211225105602452,0.019009603298119154,0.0096008121467266,0.009509556427272078,0.019110368573998678,-0.23984263588701835,-1.2484504999999948,0 days 15:35:00
5m,DEVELOPMENT,86,CLOSED,BTCUSDT,LONG,2024-02-20 01:25:00+00:00,2024-02-20 01:30:00+00:00,51445.59,51471.31279499999,2024-02-20 13:30:00+00:00,52500.73905089999,52474.48868137454,0.0003685863259075689,18.97162207274829,0.1897162207274829,50956.59966704999,52500.73905089999,TP,0.3889135119560866,0.01897162207274829,0.01934137898694615,0.009481070501121455,0.009675527257101281,0.019156597758222736,0.3314439131381694,1.7470509999999984,0 days 12:00:00
5m,DEVELOPMENT,87,CLOSED,BTCUSDT,LONG,2024-02-20 15:20:00+00:00,2024-02-20 15:25:00+00:00,51776.33,51802.218165,2024-02-20 17:00:00+00:00,51284.19598335,51258.55388535833,0.000372623712976985,19.302734873086116,0.19302734873086116,51284.19598335,52838.2625283,SL,-0.18338080456640082,0.019302734873086116,0.01910015267059308,0.009646544164459585,0.009554853762176857,0.019201397926636443,-0.24098509003671648,-1.2484504999999921,0 days 01:35:00
5m,DEVELOPMENT,88,CLOSED,BTCUSDT,LONG,2024-02-20 17:25:00+00:00,2024-02-20 17:30:00+00:00,50957.61,50983.088805,2024-02-20 19:50:00+00:00,52002.7505811,51976.74920580945,0.00037388849860202377,19.061990527395096,0.19061990527395098,50473.25791695,52002.7505811,TP,0.39076604269552584,0.019061990527395097,0.019433508722774027,0.009526232147623298,0.009721615168971739,0.019247847316595037,0.3330226961287616,1.7470510000000015,0 days 02:20:00
5m,DEVELOPMENT,89,CLOSED,BTCUSDT,LONG,2024-02-21 01:45:00+00:00,2024-02-21 01:50:00+00:00,52090.96,52117.00548,2024-02-21 07:05:00+00:00,51595.8354252,51570.0375074874,0.00037213727755253475,19.394680533517736,0.19394680533517736,51595.8354252,53159.3455896,SL,-0.1842543113154284,0.019394680533517738,0.019191133361318467,0.009692494019749245,0.009600366864089882,0.01929286088383913,-0.24213298609410372,-1.2484504999999941,0 days 05:15:00
5m,DEVELOPMENT,90,CLOSED,BTCUSDT,LONG,2024-02-21 09:10:00+00:00,2024-02-21 09:15:00+00:00,51527.52,51553.28375999999,2024-02-21 09:55:00+00:00,51037.75092239999,51012.23204693879,0.00037151444178962683,19.15278943851863,0.19152789438518633,51037.75092239999,52584.34943519999,SL,-0.18195628547038778,0.01915278943851863,0.018951780913361378,0.009571608914799822,0.009480630772065023,0.019052239686864845,-0.23911309550913265,-1.248450499999998,0 days 00:40:00
5m,DEVELOPMENT,91,CLOSED,BTCUSDT,LONG,2024-02-21 10:00:00+00:00,2024-02-21 10:05:00+00:00,51139.86,51165.42993,2024-02-21 12:05:00+00:00,50653.775630699995,50628.44874288465,0.0003696620011423168,18.91391521723079,0.18913915217230792,50653.775630699995,52188.7385286,SL,-0.1796869206794412,0.018913915217230792,0.018715413677025953,0.009452231492868161,0.009362388032528025,0.018814619525396186,-0.23613086909909412,-1.248450500000001,0 days 02:00:00
5m,DEVELOPMENT,92,CLOSED,BTCUSDT,LONG,2024-02-21 14:30:00+00:00,2024-02-21 14:35:00+00:00,50936.43,50961.898215,2024-02-22 09:45:00+00:00,51981.1361793,51955.145611210355,0.00036650950803100544,18.678020243105824,0.18678020243105825,50452.27923285,51981.1361793,TP,0.38289474781219546,0.018678020243105824,0.01904205485764396,0.009334342950078161,0.009525790323983293,0.018860133274061455,0.3263145394373842,1.7470510000000077,0 days 19:10:00
5m,DEVELOPMENT,93,CLOSED,BTCUSDT,LONG,2024-02-22 10:50:00+00:00,2024-02-22 10:55:00+00:00,51689.35,51715.194675,2024-02-22 13:15:00+00:00,51198.042728249995,51172.443706885875,0.0003674743740871807,19.004008793992323,0.19004008793992325,51198.042728249995,52749.4985685,SL,-0.18054283217081293,0.019004008793992323,0.018804561721699375,0.00949725576911171,0.009406984353024303,0.018904240122136012,-0.23725564280864064,-1.2484504999999972,0 days 02:20:00
5m,DEVELOPMENT,94,CLOSED,BTCUSDT,LONG,2024-02-22 13:25:00+00:00,2024-02-22 13:30:00+00:00,51265.76,51291.39288,2024-02-23 16:05:00+00:00,50778.4789512,50753.0897117244,0.0003658896574268246,18.766990169807872,0.18766990169807873,50778.4789512,52317.2207376,SL,-0.17829109601601698,0.018766990169807873,0.018570030607975737,0.009378805682061947,0.009289660134053688,0.018668465816115636,-0.23429658260991623,-1.2484504999999946,1 days 02:35:00
5m,DEVELOPMENT,95,CLOSED,BTCUSDT,LONG,2024-02-23 16:15:00+00:00,2024-02-23 16:20:00+00:00,50697.99,50723.338995,2024-02-25 02:00:00+00:00,51737.8057749,51711.93687201255,0.00036537278532757693,18.532927649718047,0.18532927649718048,50216.10560505,51737.8057749,TP,0.3799203859027665,0.018532927649718048,0.018894134409611053,0.009261832908404925,0.009451793101356397,0.01871362600976132,0.32377969783367605,1.7470510000000021,1 days 09:40:00
5m,DEVELOPMENT,96,CLOSED,BTCUSDT,LONG,2024-02-25 08:55:00+00:00,2024-02-25 09:00:00+00:00,51606.35,51632.15317499999,2024-02-26 09:20:00+00:00,51115.83164324999,51090.27372742837,0.0003652062277433801,18.856383891310134,0.18856383891310136,51115.83164324999,52664.79623849999,SL,-0.17914035870755135,0.018856383891310134,0.018658486142370836,0.00942348020554997,0.009333910026196894,0.018757390231746864,-0.2354126189729792,-1.2484504999999912,1 days 00:20:00
5m,DEVELOPMENT,97,CLOSED,BTCUSDT,LONG,2024-02-26 09:20:00+00:00,2024-02-26 09:25:00+00:00,51170.0,51195.585,2024-02-26 15:15:00+00:00,52219.4967,52193.386951650005,0.00036372680280494284,18.62120644977869,0.1862120644977869,50683.62915,52219.4967,TP,0.38173007924533947,0.01862120644977869,0.018984133763484876,0.009305950249764145,0.009496815289386394,0.01880276553915054,0.3253219734929253,1.7470510000000117,0 days 05:50:00
5m,DEVELOPMENT,98,CLOSED,BTCUSDT,LONG,2024-02-27 16:10:00+00:00,2024-02-27 16:15:00+00:00,56473.53,56501.76676499999,2024-02-28 07:35:00+00:00,57631.802100299996,57602.98619924985,0.0003353205485608163,18.946203426295096,0.18946203426295097,55936.749097349995,57631.802100299996,TP,0.38839243605528384,0.018946203426295095,0.019315464931073587,0.00946836752938091,0.009662563747409715,0.019130931276790625,0.33099983642112446,1.747051000000009,0 days 15:20:00
5m,DEVELOPMENT,99,CLOSED,BTCUSDT,LONG,2024-02-29 10:20:00+00:00,2024-02-29 10:25:00+00:00,62332.29,62363.456145,2024-02-29 16:40:00+00:00,61739.821583549994,61708.95167275822,0.0003091052642869681,19.27687259354897,0.1927687259354897,61739.821583549994,63610.725267899994,SL,-0.18313510644846084,0.01927687259354897,0.019074561815679677,0.009633619487029609,0.009542051933805492,0.0191756714208351,-0.24066221227852458,-1.2484504999999975,0 days 06:15:00
5m,DEVELOPMENT,100,CLOSED,BTCUSDT,LONG,2024-02-29 17:50:00+00:00,2024-02-29 17:55:00+00:00,60814.3,60844.70715,2024-02-29 20:20:00+00:00,62061.601293,62030.5704923535,0.00031286946218888885,19.03645080306094,0.19036450803060942,60236.2600785,62061.601293,TP,0.39024248472841466,0.01903645080306094,0.019407471229212596,0.009513468667196587,0.009708589909560576,0.019222058576757163,0.332576504119384,1.7470509999999988,0 days 02:25:00
5m,DEVELOPMENT,101,CLOSED,BTCUSDT,LONG,2024-02-29 21:35:00+00:00,2024-02-29 21:40:00+00:00,60953.83,60984.306915,2024-03-01 08:40:00+00:00,62203.9930533,62172.891056773355,0.0003176012984769439,19.36869506292047,0.1936869506292047,60374.46384585,62203.9930533,TP,0.39705340903598046,0.01936869506292047,0.01974619092969679,0.00967950777757122,0.009878034482088157,0.019557542259659375,0.3383809807837038,1.7470510000000057,0 days 11:00:00
5m,DEVELOPMENT,102,CLOSED,BTCUSDT,LONG,2024-03-01 14:50:00+00:00,2024-03-01 14:55:00+00:00,61810.86,61841.76543,2024-03-01 15:50:00+00:00,61223.3477757,61192.73610181215,0.0003186638975090839,19.706738000766325,0.19706738000766325,61223.3477757,63078.6007386,SL,-0.18721893522966926,0.019706738000766326,0.019499915785448286,0.009848444777993811,0.009754835310378743,0.019603280088372553,-0.24602886910425645,-1.2484504999999964,0 days 00:55:00
5m,DEVELOPMENT,103,CLOSED,BTCUSDT,LONG,2024-03-01 15:55:00+00:00,2024-03-01 16:00:00+00:00,61263.98,61294.61199,2024-03-01 20:30:00+00:00,62520.5042298,62489.2439776851,0.00031749862317299724,19.460954914748086,0.19460954914748085,60681.6658701,62520.5042298,TP,0.3989447129450089,0.019460954914748085,0.01984024892603653,0.009725614650047242,0.009925087006519838,0.019650701656567078,0.33999280744765714,1.7470510000000081,0 days 04:30:00
5m,DEVELOPMENT,104,CLOSED,BTCUSDT,LONG,2024-03-02 02:05:00+00:00,2024-03-02 02:10:00+00:00,61998.42,62029.41920999999,2024-03-03 07:25:00+00:00,61409.12501789999,61378.420455391046,0.00031921317854043883,19.800608069041452,0.19800608069041453,61409.12501789999,63270.0075942,SL,-0.1881107243340744,0.019800608069041454,0.019592800687356863,0.009895356356340798,0.009801300994173907,0.019696657350514707,-0.24720079044098742,-1.2484504999999952,1 days 05:15:00
5m,DEVELOPMENT,105,CLOSED,BTCUSDT,LONG,2024-03-03 08:10:00+00:00,2024-03-03 08:15:00+00:00,61460.26,61490.99013,2024-03-03 16:45:00+00:00,62720.8099326,62689.449527633704,0.0003179921837507916,19.553654232437072,0.19553654232437073,60876.0802287,62720.8099326,TP,0.40084502579438686,0.019553654232437073,0.019934754953427274,0.00977194114564453,0.009972363658542021,0.01974430480418655,0.341612311804336,1.747051000000009,0 days 08:30:00
5m,DEVELOPMENT,106,CLOSED,BTCUSDT,LONG,2024-03-04 05:40:00+00:00,2024-03-04 05:45:00+00:00,63325.47,63357.132735,2024-03-04 08:05:00+00:00,64624.2753897,64591.96325200515,0.0003140123994628029,19.894925273200645,0.19894925273200645,62723.56140765,64624.2753897,TP,0.40784099685491754,0.019894925273200647,0.020282677366775328,0.009942491390904263,0.010146411889331538,0.0200889032802358,0.34757449093470577,1.747051000000006,0 days 02:20:00
5m,DEVELOPMENT,107,CLOSED,BTCUSDT,LONG,2024-03-05 04:50:00+00:00,2024-03-05 04:55:00+00:00,67493.21,67526.956605,2024-03-05 05:00:00+00:00,66851.68703895,66818.26119543053,0.0002997640283905948,20.242152536871682,0.20242152536871683,66851.68703895,68877.4957371,SL,-0.19230550710941363,0.020242152536871682,0.020029711145997216,0.010116018259304088,0.01001986550574826,0.020135883765052348,-0.25271325455733484,-1.2484504999999884,0 days 00:05:00
5m,DEVELOPMENT,108,CLOSED,BTCUSDT,LONG,2024-03-05 08:00:00+00:00,2024-03-05 08:05:00+00:00,66220.32,66253.43016,2024-03-05 08:05:00+00:00,65590.8958584,65558.10041047081,0.0003017155744968014,19.98969174310811,0.19989691743108112,65590.8958584,67578.49876320001,SL,-0.18990706648500022,0.01998969174310811,0.019779899928264195,0.00998985094607997,0.009894897412836938,0.019884748358916907,-0.24956140651528944,-1.2484504999999875,0 days 00:00:00
5m,DEVELOPMENT,109,CLOSED,BTCUSDT,LONG,2024-03-05 15:35:00+00:00,2024-03-05 15:40:00+00:00,67000.0,67033.5,2024-03-05 16:05:00+00:00,66363.165,66329.9834175,0.0002944852894252463,19.740379648687245,0.19740379648687245,66363.165,68374.17,SL,-0.1875385392911286,0.019740379648687245,0.019533204364274272,0.00986525719574575,0.00977148792609841,0.01963674512184416,-0.24644886842593428,-1.2484505000000006,0 days 00:25:00
5m,DEVELOPMENT,110,CLOSED,BTCUSDT,LONG,2024-03-05 16:50:00+00:00,2024-03-05 16:55:00+00:00,65318.31,65350.96915499999,2024-03-05 17:05:00+00:00,64697.45946344999,64665.11073371827,0.0002982997380909626,19.494176982927073,0.19494176982927072,64697.45946344999,66657.98853809999,SL,-0.18519955244650146,0.01949417698292707,0.019289585595491255,0.009742217382770337,0.009649617606547046,0.01939183498931738,-0.24337515001423718,-1.2484504999999961,0 days 00:10:00
5m,DEVELOPMENT,111,CLOSED,BTCUSDT,LONG,2024-03-05 17:10:00+00:00,2024-03-05 17:15:00+00:00,64199.99,64232.089994999995,2024-03-05 17:55:00+00:00,65516.7317949,65483.97342900255,0.0002997107048272816,19.251044964930834,0.19251044964930836,63589.76909505,65516.7317949,TP,0.3946416114250192,0.019251044964930835,0.01962624783129734,0.009620712126401273,0.009818032932113892,0.019438745058515165,0.3363255735702758,1.7470510000000103,0 days 00:40:00
5m,DEVELOPMENT,112,CLOSED,BTCUSDT,LONG,2024-03-05 19:25:00+00:00,2024-03-05 19:30:00+00:00,63243.87,63275.491935,2024-03-05 19:35:00+00:00,62642.73701565,62611.415647142174,0.00030955167553715717,19.587034548917124,0.19587034548917126,62642.73701565,64541.0017737,SL,-0.1860817225261961,0.019587034548917123,0.01938146862132624,0.009788622962975705,0.009695582101713241,0.019484205064688946,-0.24453443076112835,-1.2484504999999988,0 days 00:05:00
5m,DEVELOPMENT,113,CLOSED,BTCUSDT,LONG,2024-03-05 19:40:00+00:00,2024-03-05 19:45:00+00:00,62330.0,62361.16499999999,2024-03-05 19:45:00+00:00,61737.553349999995,61706.684573325,0.0003101729162419692,19.342744408296618,0.1934274440829662,61737.553349999995,63608.38829999999,SL,-0.18376090514828688,0.019342744408296617,0.01913974230573155,0.009666538934678984,0.009574658482104832,0.019241197416783817,-0.24148458927909885,-1.248450499999988,0 days 00:00:00
5m,DEVELOPMENT,114,CLOSED,BTCUSDT,LONG,2024-03-05 19:55:00+00:00,2024-03-05 20:00:00+00:00,61410.98,61441.685489999996,2024-03-05 20:05:00+00:00,62670.519199799994,62639.1839402001,0.00031088829855542197,19.101501062363457,0.19101501062363457,60827.268635099994,62670.519199799994,TP,0.3915759987896767,0.019101501062363458,0.01947378931806892,0.00954597754240835,0.009741765541803785,0.019287743084212133,0.3337129653250322,1.7470510000000041,0 days 00:05:00
5m,DEVELOPMENT,115,CLOSED,BTCUSDT,LONG,2024-03-06 02:00:00+00:00,2024-03-06 02:05:00+00:00,63119.99,63151.549994999994,2024-03-06 04:55:00+00:00,64414.580994899996,64382.37370440255,0.0003077498596573085,19.43488064810275,0.1943488064810275,62520.03449504999,64414.580994899996,TP,0.39841019699408975,0.019434880648102754,0.019813666471934274,0.009712584032034122,0.009911789130531914,0.019624373162566038,0.3395372767114867,1.7470510000000057,0 days 02:50:00
5m,DEVELOPMENT,116,CLOSED,BTCUSDT,LONG,2024-03-06 21:35:00+00:00,2024-03-06 21:40:00+00:00,66421.1,66454.31055000001,2024-03-06 23:00:00+00:00,65789.76744450002,65756.87256077777,0.00029755900803240826,19.774078726735606,0.19774078726735606,65789.76744450002,67783.39676100001,SL,-0.1878586889531424,0.019774078726735606,0.019566549770498518,0.009882098314211715,0.009788168969731595,0.01967026728394331,-0.24686958473431983,-1.2484504999999775,0 days 01:20:00
5m,DEVELOPMENT,117,CLOSED,BTCUSDT,LONG,2024-03-06 23:05:00+00:00,2024-03-06 23:10:00+00:00,65988.01,66021.004005,2024-03-07 14:30:00+00:00,67341.42408509999,67307.75337305745,0.00029577641326818024,19.52745576496306,0.19527455764963061,65360.79396495,67341.42408509999,TP,0.40030796375751293,0.01952745576496306,0.019908045877822193,0.009758848458252544,0.00995900244012871,0.019717850898381253,0.3411546112163464,1.7470510000000081,0 days 15:20:00
5m,DEVELOPMENT,118,CLOSED,BTCUSDT,LONG,2024-03-07 21:50:00+00:00,2024-03-07 21:55:00+00:00,67174.14,67207.72707,2024-03-08 14:50:00+00:00,68551.8816114,68517.60567059429,0.00029562478049121135,19.86826956238199,0.1986826956238199,66535.6497993,68551.8816114,TP,0.4072945614437309,0.01986826956238199,0.020255502136152813,0.009929170196091214,0.010132817476815615,0.02006198767290683,0.3471088020722893,1.7470509999999955,0 days 16:55:00
5m,DEVELOPMENT,119,CLOSED,BTCUSDT,LONG,2024-03-08 16:05:00+00:00,2024-03-08 16:10:00+00:00,66916.01,66949.46800499999,2024-03-08 16:10:00+00:00,66279.97332494998,66246.83333828751,0.00030194461890129627,20.21503160241425,0.2021503160241425,66279.97332494998,68288.4573651,SL,-0.19204785145522307,0.020215031602414252,0.020002874845746914,0.010102464568920593,0.010006440643193733,0.020108905212114326,-0.25237466311549855,-1.2484504999999992,0 days 00:00:00
5m,DEVELOPMENT,120,CLOSED,BTCUSDT,LONG,2024-03-08 16:15:00+00:00,2024-03-08 16:20:00+00:00,66984.0,67017.492,2024-03-08 17:30:00+00:00,68357.84184,68323.66291908,0.0002978760987032956,19.962909061839323,0.19962909061839323,66347.31708,68357.84184,TP,0.4092346475345554,0.019962909061839323,0.020351986159454574,0.009976466297770291,0.010181083621535785,0.020157549919306076,0.34876220239395544,1.7470510000000046,0 days 01:10:00
5m,DEVELOPMENT,121,CLOSED,BTCUSDT,LONG,2024-03-08 21:55:00+00:00,2024-03-08 22:00:00+00:00,68182.38,68216.47119,2024-03-10 04:15:00+00:00,69580.80061379999,69546.0102134931,0.000297748073099128,20.31132285044468,0.2031132285044468,67534.3064781,69580.80061379999,TP,0.4163770431410458,0.02031132285044468,0.020707190532799846,0.010150586132153853,0.010358774653726172,0.020509360785880025,0.35484916897192126,1.747050999999995,1 days 06:15:00
5m,DEVELOPMENT,122,CLOSED,BTCUSDT,LONG,2024-03-10 18:55:00+00:00,2024-03-10 19:00:00+00:00,69233.96,69268.57698,2024-03-10 22:15:00+00:00,68575.8912102,68541.6032645949,0.000298343324285544,20.66581752474231,0.20665817524742308,68575.8912102,70653.9485196,SL,-0.1963304303574979,0.020665817524742308,0.02044892976982014,0.010327744889923685,0.010229579674747864,0.020557324564671547,-0.2580025022167319,-1.2484504999999948,0 days 03:15:00
5m,DEVELOPMENT,123,CLOSED,BTCUSDT,LONG,2024-03-11 23:35:00+00:00,2024-03-11 23:40:00+00:00,72190.0,72226.095,2024-03-12 03:20:00+00:00,71503.83405,71468.082132975,0.00028255816360116156,20.408072767283038,0.2040807276728304,71503.83405,73670.61690000001,SL,-0.19388179075764506,0.02040807276728304,0.020193890043590405,0.010198936915184255,0.010101996019805557,0.020300932934989812,-0.25478468650350833,-1.248450499999997,0 days 03:40:00
5m,DEVELOPMENT,124,CLOSED,BTCUSDT,LONG,2024-03-12 03:55:00+00:00,2024-03-12 04:00:00+00:00,71619.0,71654.8095,2024-03-12 15:00:00+00:00,70938.261405,70902.7922742975,0.0002812587564123784,20.15354261093588,0.2015354261093588,70938.261405,73087.90569,SL,-0.19146369067161045,0.020153542610935878,0.01994203118123411,0.010071735437749916,0.009976003592410836,0.02004773903016075,-0.25160700349394116,-1.2484504999999957,0 days 11:00:00
5m,DEVELOPMENT,125,CLOSED,BTCUSDT,LONG,2024-03-12 16:40:00+00:00,2024-03-12 16:45:00+00:00,70487.99,70523.233995,2024-03-12 17:05:00+00:00,69818.00165505,69783.09265422248,0.00028220751992883407,19.90218696308979,0.1990218696308979,69818.00165505,71933.6986749,SL,-0.18907574920956505,0.01990218696308979,0.019693313510912164,0.009946120421333405,0.009851582546728998,0.0197977029680624,-0.2484689526516294,-1.2484505000000006,0 days 00:20:00
5m,DEVELOPMENT,126,CLOSED,BTCUSDT,LONG,2024-03-12 17:10:00+00:00,2024-03-12 17:15:00+00:00,69841.09,69876.010545,2024-03-12 17:20:00+00:00,69177.25043955,69142.66181433023,0.0002812691520004991,19.653966231170084,0.19653966231170084,69177.25043955,71273.53075589999,SL,-0.1867175902321546,0.019653966231170085,0.019447697855573955,0.00982207207954551,0.009728713284426937,0.019550785363972447,-0.24537003968287108,-1.2484504999999848,0 days 00:05:00
5m,DEVELOPMENT,127,CLOSED,BTCUSDT,LONG,2024-03-12 17:20:00+00:00,2024-03-12 17:25:00+00:00,69536.46,69571.22823000001,2024-03-12 17:55:00+00:00,70962.65279460001,70927.17146820272,0.000278977988605247,19.408841316401983,0.19408841316401984,68875.51594770001,70962.65279460001,TP,0.3978763972008061,0.019408841316401984,0.01978711963365866,0.009699570872765025,0.00989850907136225,0.019598079944127274,0.3390823563066182,1.7470510000000214,0 days 00:30:00
5m,DEVELOPMENT,128,CLOSED,BTCUSDT,LONG,2024-03-13 13:55:00+00:00,2024-03-13 14:00:00+00:00,72183.62,72219.71181,2024-03-14 07:05:00+00:00,73664.10604619999,73627.27399317689,0.0002734376035873565,19.747584929095908,0.19747584929095907,71497.5146919,73664.10604619999,TP,0.40482055661744626,0.019747584929095906,0.020132465359363985,0.009868858035529664,0.010071268313838758,0.019940126349368422,0.34500037997961797,1.747050999999993,0 days 17:05:00
5m,DEVELOPMENT,129,CLOSED,BTCUSDT,LONG,2024-03-14 10:55:00+00:00,2024-03-14 11:00:00+00:00,72983.59,73020.08179499999,2024-03-14 13:30:00+00:00,72289.88097705,72253.73603656147,0.00027516047858942654,20.09224065335127,0.20092240653351268,72289.88097705,74480.48343089999,SL,-0.1908813067567262,0.02009224065335127,0.019881372587694353,0.010041099776785717,0.009945659123407686,0.019986758900193403,-0.25084167889796527,-1.2484504999999906,0 days 02:30:00
5m,DEVELOPMENT,130,CLOSED,BTCUSDT,LONG,2024-03-14 13:40:00+00:00,2024-03-14 13:45:00+00:00,72118.41,72154.469205,2024-03-14 13:55:00+00:00,71432.92451295,71397.20805069353,0.00027498850430412666,19.84164956554112,0.1984164956554112,71432.92451295,73597.55858910001,SL,-0.18850062880606486,0.01984164956554112,0.019633411453350763,0.009915866849345267,0.00982161653494263,0.019737483384287897,-0.24771317320924466,-1.2484504999999935,0 days 00:10:00
5m,DEVELOPMENT,131,CLOSED,BTCUSDT,LONG,2024-03-14 15:30:00+00:00,2024-03-14 15:35:00+00:00,71179.67,71215.25983499999,2024-03-14 16:10:00+00:00,70503.10723664999,70467.85568303167,0.00027514024246260587,19.594183858039376,0.19594183858039377,70503.10723664999,72639.5650317,SL,-0.18614964274929285,0.019594183858039377,0.019388542898449254,0.00979219583110182,0.009699121009728124,0.019491316840829942,-0.2446236863466114,-1.2484504999999975,0 days 00:35:00
5m,DEVELOPMENT,132,CLOSED,BTCUSDT,LONG,2024-03-14 16:15:00+00:00,2024-03-14 16:20:00+00:00,70537.71,70572.97885500001,2024-03-14 18:50:00+00:00,69867.24906645001,69832.31544191678,0.0002741814907764644,19.349804550999803,0.19349804550999802,69867.24906645001,71984.43843210001,SL,-0.18382797826811878,0.019349804550999803,0.01914672835223706,0.00967006724187953,0.009578153252744446,0.019248220494623977,-0.2415727316659796,-1.248450499999999,0 days 02:30:00
5m,DEVELOPMENT,133,CLOSED,BTCUSDT,LONG,2024-03-14 19:40:00+00:00,2024-03-14 19:45:00+00:00,68990.01,69024.50500499998,2024-03-14 20:15:00+00:00,70404.99510509998,70369.79260754744,0.00027683607654049695,19.108473150734092,0.19108473150734093,68334.25995494999,70404.99510509998,TP,0.39171892485912285,0.019108473150734093,0.019480897292441898,0.00954946184444199,0.009745321306872145,0.019294783151314138,0.3338347712646327,1.7470510000000063,0 days 00:30:00
5m,DEVELOPMENT,134,CLOSED,BTCUSDT,LONG,2024-03-15 04:05:00+00:00,2024-03-15 04:10:00+00:00,67946.13,67980.103065,2024-03-15 04:40:00+00:00,67300.30203435,67266.65188333283,0.00028599507126576503,19.441974420728727,0.19441974420728728,67300.30203435,69339.7051263,SL,-0.18470361506149838,0.019441974420728727,0.01923793089918318,0.009716129145790986,0.00962377733825804,0.019339906484049027,-0.2427234268654593,-1.248450499999997,0 days 00:30:00
5m,DEVELOPMENT,135,CLOSED,BTCUSDT,LONG,2024-03-15 05:45:00+00:00,2024-03-15 05:50:00+00:00,67344.81,67378.48240499999,2024-03-15 07:00:00+00:00,68726.0520531,68691.68902707344,0.00028494992450860606,19.199493474809188,0.19199493474809187,66704.69758094999,68726.0520531,TP,0.3935848187589557,0.01919949347480919,0.019573691602633222,0.00959494926277043,0.009791741672152417,0.019386690934922846,0.3354249427465904,1.747051000000009,0 days 01:10:00
5m,DEVELOPMENT,136,CLOSED,BTCUSDT,LONG,2024-03-15 08:50:00+00:00,2024-03-15 08:55:00+00:00,67338.71,67372.379355,2024-03-15 09:05:00+00:00,66698.65556145,66665.30623366927,0.0002899494349868637,19.53458332770289,0.1953458332770289,66698.65556145,68719.8269421,SL,-0.18558342281840987,0.01953458332770289,0.01932956787567865,0.009762410458619496,0.009669618747213901,0.019432029205833395,-0.2438796032276248,-1.2484505000000075,0 days 00:10:00
5m,DEVELOPMENT,137,CLOSED,BTCUSDT,LONG,2024-03-15 16:10:00+00:00,2024-03-15 16:15:00+00:00,67667.98,67701.81399,2024-03-15 18:40:00+00:00,69055.8502698,69021.3223446651,0.00028493988895617967,19.29094736044253,0.1929094736044253,67024.7958501,69055.8502698,TP,0.39545960056239454,0.01929094736044253,0.019666927924497552,0.009640653353544259,0.009838383153825235,0.019479036507369492,0.33702268877008495,1.7470510000000006,0 days 02:25:00
5m,DEVELOPMENT,138,CLOSED,BTCUSDT,LONG,2024-03-15 20:10:00+00:00,2024-03-15 20:15:00+00:00,67915.91,67949.867955,2024-03-15 23:25:00+00:00,69308.8653141,69274.21088144295,0.00028885462111873875,19.627633363209853,0.19627633363209854,67270.36927545,69308.8653141,TP,0.40236157948968704,0.019627633363209853,0.020010175937458814,0.009808912225489512,0.010010093015235234,0.019819005240724746,0.3429047649482937,1.7470510000000117,0 days 03:10:00
5m,DEVELOPMENT,139,CLOSED,BTCUSDT,LONG,2024-03-16 02:35:00+00:00,2024-03-16 02:40:00+00:00,69070.01,69104.54500499999,2024-03-16 10:20:00+00:00,68413.49955494999,68379.29280517252,0.00028898526955803677,19.970195565955407,0.19970195565955406,68413.49955494999,70486.63590509999,SL,-0.1897218479304431,0.019970195565955407,0.019760608363490705,0.009980107729112543,0.009885246805146386,0.01986535453425893,-0.24931800639414817,-1.2484505000000004,0 days 07:40:00
5m,DEVELOPMENT,140,CLOSED,BTCUSDT,LONG,2024-03-16 10:20:00+00:00,2024-03-16 10:25:00+00:00,68626.3,68660.61315,2024-03-16 11:25:00+00:00,67974.00701850001,67940.02001499076,0.00028722619452020893,19.721126628498716,0.19721126628498717,67974.00701850001,70033.82541300001,SL,-0.18735563078848466,0.019721126628498717,0.019514153404532626,0.009855635496501616,0.009761957681105795,0.01961759317760741,-0.24620850399912345,-1.2484504999999901,0 days 01:00:00
5m,DEVELOPMENT,141,CLOSED,BTCUSDT,LONG,2024-03-16 11:30:00+00:00,2024-03-16 11:35:00+00:00,68099.0,68133.0495,2024-03-16 17:45:00+00:00,67451.71900499999,67417.9931454975,0.0002858401940021936,19.47516408704106,0.19475164087041058,67451.71900499999,69495.71049,SL,-0.18501892518473526,0.019475164087041058,0.01927077223994756,0.009732715685675894,0.009640206223082606,0.0193729219087585,-0.24313778342048237,-1.248450499999989,0 days 06:10:00
5m,DEVELOPMENT,142,CLOSED,BTCUSDT,LONG,2024-03-16 18:10:00+00:00,2024-03-16 18:15:00+00:00,67077.15,67110.688575,2024-03-16 21:20:00+00:00,66439.58168924999,66406.36189840536,0.00028657535195777284,19.23226919850911,0.19232269198509108,66439.58168924999,68452.90234649999,SL,-0.18271136305030625,0.019232269198509108,0.019030426533270754,0.009611328934786782,0.009519973253262036,0.019131302188048815,-0.2401053609701349,-1.2484505000000101,0 days 03:05:00
5m,DEVELOPMENT,143,CLOSED,BTCUSDT,LONG,2024-03-16 21:35:00+00:00,2024-03-16 21:40:00+00:00,66353.16,66386.33658,2024-03-16 23:10:00+00:00,65722.4732142,65689.6119775929,0.0002860890460516273,18.99240370303445,0.18992403703034452,65722.4732142,67714.06331160001,SL,-0.18043258090689018,0.01899240370303445,0.018793078426171103,0.00949145612345532,0.009401239833002886,0.018892695956458205,-0.23711075899255396,-1.2484505000000097,0 days 01:30:00
5m,DEVELOPMENT,144,CLOSED,BTCUSDT,LONG,2024-03-17 06:15:00+00:00,2024-03-17 06:20:00+00:00,65984.33,66017.322165,2024-03-17 06:55:00+00:00,65357.14894335,65324.470368878334,0.000284100130130248,18.75552981792701,0.18755529817927008,65357.14894335,67337.66860830001,SL,-0.17818221980949114,0.01875552981792701,0.018558690532487866,0.00937307836977955,0.009283987259872159,0.01865706562965171,-0.23415350578955774,-1.2484504999999941,0 days 00:35:00
5m,DEVELOPMENT,145,CLOSED,BTCUSDT,LONG,2024-03-17 07:00:00+00:00,2024-03-17 07:05:00+00:00,65330.58,65363.24529,2024-03-17 07:20:00+00:00,64709.6128371,64677.258030681456,0.00028336429976124976,18.521610231723656,0.18521610231723656,64709.6128371,66670.5101958,SL,-0.17595992528988852,0.018521610231723655,0.01832722593234172,0.009256177027347356,0.00916819706470185,0.018424374092049205,-0.2312331355460031,-1.248450499999989,0 days 00:15:00
5m,DEVELOPMENT,146,CLOSED,BTCUSDT,LONG,2024-03-17 07:20:00+00:00,2024-03-17 07:25:00+00:00,64940.0,64972.469999999994,2024-03-17 08:35:00+00:00,66271.9194,66238.7834403,0.0002815132024118995,18.29060809831107,0.18290608098311067,64322.745299999995,66271.9194,TP,0.37495289564853546,0.018290608098311067,0.01864709205014715,0.009140733682312658,0.009328210130137893,0.018468943812450553,0.3195462516876267,1.747051000000012,0 days 01:10:00
5m,DEVELOPMENT,147,CLOSED,BTCUSDT,LONG,2024-03-17 12:55:00+00:00,2024-03-17 13:00:00+00:00,66584.19,66617.482095,2024-03-17 15:45:00+00:00,67949.8317369,67915.85682103156,0.0002793536251705736,18.60983512297403,0.1860983512297403,65951.30727404999,67949.8317369,TP,0.38149696988725296,0.01860983512297403,0.018972540809520794,0.009300267427772306,0.009491015912714694,0.018791283340487,0.32512331061427113,1.7470510000000112,0 days 02:45:00
5m,DEVELOPMENT,148,CLOSED,BTCUSDT,LONG,2024-03-18 00:40:00+00:00,2024-03-18 00:45:00+00:00,67485.71,67519.452855,2024-03-18 01:00:00+00:00,66844.25832645,66810.83619728677,0.0002804322729886286,18.9346336350762,0.189346336350762,66844.25832645,68869.8419121,SL,-0.17988375082598837,0.0189346336350762,0.018735914655076073,0.009462585524772768,0.009372643649363422,0.01883522917413619,-0.23638952829027682,-1.248450499999999,0 days 00:15:00
5m,DEVELOPMENT,149,CLOSED,BTCUSDT,LONG,2024-03-18 01:05:00+00:00,2024-03-18 01:10:00+00:00,67031.09,67064.605545,2024-03-18 04:35:00+00:00,68405.8976559,68371.69470707205,0.00027881294623606273,18.69848026016084,0.18698480260160838,66393.95948955,68405.8976559,TP,0.38331417304937515,0.01869848026016084,0.019062913640431375,0.009344567846157904,0.0095362249326824,0.018880792778840305,0.3266719863699426,1.7470510000000004,0 days 03:25:00
5m,DEVELOPMENT,150,CLOSED,BTCUSDT,LONG,2024-03-18 14:45:00+00:00,2024-03-18 14:50:00+00:00,66968.0,67001.484,2024-03-19 01:25:00+00:00,66331.46916,66298.30342542,0.00028394633618697245,19.024825900890054,0.19024825900890055,66331.46916,68341.51368,SL,-0.18074059988801788,0.019024825900890056,0.018825160353060217,0.00950765912088366,0.009417288820937847,0.018924947941821507,-0.23751553408378967,-1.248450499999991,0 days 10:35:00
5m,DEVELOPMENT,151,CLOSED,BTCUSDT,LONG,2024-03-19 01:40:00+00:00,2024-03-19 01:45:00+00:00,66094.72,66127.76736,2024-03-19 03:30:00+00:00,65466.4896864,65433.7564415568,0.0002841098133977904,18.787547645062094,0.18787547645062094,65466.4896864,67450.3227072,SL,-0.17848639716773265,0.018787547645062096,0.018590372332527166,0.009389079282888707,0.00929983608430543,0.018688915367194137,-0.23455323251251606,-1.2484505000000006,0 days 01:45:00
5m,DEVELOPMENT,152,CLOSED,BTCUSDT,LONG,2024-03-19 03:40:00+00:00,2024-03-19 03:45:00+00:00,65236.0,65268.617999999995,2024-03-19 06:35:00+00:00,64615.93182,64583.62385409,0.00028425956148578444,18.553228731463175,0.18553228731463176,64615.93182,66573.99036,SL,-0.17626030893808903,0.018553228731463176,0.018358512595926472,0.009271978376541878,0.009183848222073337,0.018455826598615215,-0.2316278768640939,-1.2484504999999904,0 days 02:50:00
5m,DEVELOPMENT,153,CLOSED,BTCUSDT,LONG,2024-03-19 06:40:00+00:00,2024-03-19 06:45:00+00:00,64768.58,64800.964289999996,2024-03-19 07:05:00+00:00,64152.95464709999,64120.87816977644,0.00028274011740141446,18.321832251079464,0.18321832251079465,64152.95464709999,66096.9835758,SL,-0.1740619845542359,0.018321832251079462,0.018129544621604387,0.0091563379565599,0.00906930696428423,0.01822564492084413,-0.2287390063477639,-1.248450500000006,0 days 00:20:00
5m,DEVELOPMENT,154,CLOSED,BTCUSDT,LONG,2024-03-19 07:15:00+00:00,2024-03-19 07:20:00+00:00,64160.01,64192.090005,2024-03-19 08:30:00+00:00,63550.16910495,63518.39402039753,0.0002818621695261557,18.093321755227556,0.18093321755227557,63550.16910495,65475.9318051,SL,-0.17189107774456608,0.018093321755227557,0.017903432343406443,0.009042139807708842,0.008956194268836662,0.017998334076545504,-0.22588616591974556,-1.2484504999999908,0 days 01:10:00
5m,DEVELOPMENT,155,CLOSED,BTCUSDT,LONG,2024-03-19 08:55:00+00:00,2024-03-19 09:00:00+00:00,63463.64,63495.37181999999,2024-03-19 10:45:00+00:00,62860.418101799994,62828.9878927491,0.0002814010019575192,17.867661249813228,0.17867661249813227,62860.418101799994,64765.2792564,SL,-0.16974724655619802,0.01786766124981323,0.01768014014499644,0.008929365941933847,0.00884449231865575,0.017773858260589595,-0.2230689062115973,-1.248450499999988,0 days 01:45:00
5m,DEVELOPMENT,156,CLOSED,BTCUSDT,LONG,2024-03-19 11:15:00+00:00,2024-03-19 11:20:00+00:00,62839.99,62871.409994999995,2024-03-19 15:45:00+00:00,64128.838194899996,64096.77377580255,0.00028064926794333115,17.64481518966178,0.1764481518966178,62242.69589505,64128.838194899996,TP,0.3617143023887682,0.01764481518966178,0.01798871263770829,0.00881799859553216,0.008998855746727227,0.017816854342259388,0.3082639202191388,1.7470510000000044,0 days 04:25:00
5m,DEVELOPMENT,157,CLOSED,BTCUSDT,LONG,2024-03-19 20:10:00+00:00,2024-03-19 20:15:00+00:00,63790.72,63822.615359999996,2024-03-19 22:15:00+00:00,63184.389206399996,63152.7970117968,0.00028129168716530434,17.952771153916668,0.1795277115391667,63184.389206399996,65099.0676672,SL,-0.17055581191202349,0.017952771153916667,0.017764356820656316,0.00897189962714335,0.008886621721187576,0.017858521348330925,-0.2241314612349274,-1.2484504999999941,0 days 02:00:00
5m,DEVELOPMENT,158,CLOSED,BTCUSDT,LONG,2024-03-19 22:30:00+00:00,2024-03-19 22:35:00+00:00,63171.0,63202.585499999994,2024-03-19 22:50:00+00:00,62570.559644999994,62539.274365177494,0.0002805085181243958,17.728863600235425,0.17728863600235426,62570.559644999994,64466.63720999999,SL,-0.16842863420313786,0.017728863600235425,0.017542799176750955,0.008860001799216357,0.008775787482116377,0.017635789281332734,-0.22133608626145698,-1.248450499999999,0 days 00:15:00
5m,DEVELOPMENT,159,CLOSED,BTCUSDT,LONG,2024-03-19 22:55:00+00:00,2024-03-19 23:00:00+00:00,62633.97,62665.286985,2024-03-19 23:05:00+00:00,62038.63411515,62007.61479809243,0.0002793851184809229,17.507748628945258,0.17507748628945258,62038.63411515,63918.5927247,SL,-0.1663279867247621,0.017507748628945257,0.017324004807084483,0.00874949956468963,0.008666335571327361,0.01741583513601699,-0.21857557529680882,-1.2484504999999921,0 days 00:05:00
5m,DEVELOPMENT,160,CLOSED,BTCUSDT,LONG,2024-03-19 23:15:00+00:00,2024-03-19 23:20:00+00:00,62103.95,62135.00197499999,2024-03-20 00:55:00+00:00,63377.70201449999,63346.013163492746,0.00027825526452582907,17.289391410866536,0.17289391410866536,61513.65195524999,63377.70201449999,TP,0.3544282037350036,0.017289391410866536,0.017626361649464326,0.008640375517672999,0.008817589619540774,0.017457965137213774,0.30205448553745895,1.747051000000006,0 days 01:35:00
5m,DEVELOPMENT,161,CLOSED,BTCUSDT,LONG,2024-03-20 04:00:00+00:00,2024-03-20 04:05:00+00:00,61955.44,61986.41772,2024-03-20 04:30:00+00:00,61366.5535428,61335.87026602861,0.0002837903010161432,17.59114414367119,0.17591144143671192,61366.5535428,63226.1460744,SL,-0.16712026495311869,0.01759114414367119,0.017406525085883362,0.00879117648359247,0.008707616351115293,0.01749879283470776,-0.21961672701738102,-1.2484504999999848,0 days 00:25:00
5m,DEVELOPMENT,162,CLOSED,BTCUSDT,LONG,2024-03-20 04:45:00+00:00,2024-03-20 04:50:00+00:00,61601.11,61631.910554999995,2024-03-20 05:20:00+00:00,61015.591449449996,60985.083653725276,0.0002818628638565576,17.3717468139835,0.173717468139835,61015.591449449996,62864.54876609999,SL,-0.16503593549916495,0.0173717468139835,0.017189430331170746,0.008681532640669821,0.008599014672920274,0.017280547313590095,-0.21687765995790928,-1.2484504999999897,0 days 00:30:00
5m,DEVELOPMENT,163,CLOSED,BTCUSDT,LONG,2024-03-20 05:25:00+00:00,2024-03-20 05:30:00+00:00,60983.94,61014.43197,2024-03-20 07:05:00+00:00,62234.7206094,62203.6032490953,0.0002811643944085144,17.15508581502455,0.17155085815024548,60404.2876503,62234.7206094,TP,0.35167497257986274,0.01715508581502455,0.01748943843755938,0.00857325627937132,0.00874909376566227,0.017322350045033588,0.2997080982822452,1.747051000000004,0 days 01:35:00
5m,DEVELOPMENT,164,CLOSED,BTCUSDT,LONG,2024-03-21 03:30:00+00:00,2024-03-21 03:35:00+00:00,67222.79,67256.401395,2024-03-21 03:45:00+00:00,66583.83738104999,66550.54546235947,0.000259521683328047,17.454494504617205,0.17454494504617205,66583.83738104999,68601.5294229,SL,-0.16582205923676896,0.017454494504617207,0.017271309584791252,0.008722885809403877,0.008639974779784248,0.017362860589188123,-0.21791072391536553,-1.2484504999999972,0 days 00:10:00
5m,DEVELOPMENT,165,CLOSED,BTCUSDT,LONG,2024-03-21 03:55:00+00:00,2024-03-21 04:00:00+00:00,66654.46,66687.78723,2024-03-21 15:10:00+00:00,66020.9093577,65987.89890302115,0.00025847013658264885,17.236801473732726,0.17236801473732727,66020.9093577,68021.5429746,SL,-0.16375392104730702,0.017236801473732726,0.0170559012422659,0.008614093690020143,0.008532216729497643,0.017146310419517787,-0.21519293418282343,-1.248450499999999,0 days 11:10:00
5m,DEVELOPMENT,166,CLOSED,BTCUSDT,LONG,2024-03-21 17:30:00+00:00,2024-03-21 17:35:00+00:00,66230.01,66263.125005,2024-03-21 18:00:00+00:00,65600.49375494999,65567.69350807252,0.00025688229337541386,17.02182351750613,0.17021823517506132,65600.49375494999,67588.38750509999,SL,-0.1617115767455247,0.017021823517506134,0.016843179479689906,0.008506658429538209,0.00842580264116292,0.01693246107070113,-0.2125090408134219,-1.2484504999999941,0 days 00:25:00
5m,DEVELOPMENT,167,CLOSED,BTCUSDT,LONG,2024-03-21 18:15:00+00:00,2024-03-21 18:20:00+00:00,65389.99,65422.684994999996,2024-03-21 20:00:00+00:00,64768.45814505,64736.073915977475,0.0002569372806194284,16.809526773436783,0.16809526773436784,64768.45814505,66731.1386949,SL,-0.1596947046292022,0.016809526773436785,0.016633110789949567,0.008400563105165298,0.008320715752850547,0.016721278858015845,-0.20985862105060438,-1.248450499999994,0 days 01:40:00
5m,DEVELOPMENT,168,CLOSED,BTCUSDT,LONG,2024-03-21 20:05:00+00:00,2024-03-21 20:10:00+00:00,64780.01,64812.400004999996,2024-03-22 03:30:00+00:00,66108.6480051,66075.59368109745,0.0002561219427158638,16.59987780135826,0.16599877801358262,64164.27600494999,66108.6480051,TP,0.34029334703234027,0.01659987780135826,0.01692340941970673,0.008295791005174963,0.008465937678691068,0.01676172868386603,0.2900083311274093,1.7470510000000108,0 days 07:20:00
5m,DEVELOPMENT,169,CLOSED,BTCUSDT,LONG,2024-03-22 08:45:00+00:00,2024-03-22 08:50:00+00:00,66004.01,66037.012005,2024-03-22 09:45:00+00:00,65376.64188495,65343.95356400753,0.00025575954909338354,16.889596413873154,0.16889596413873154,65376.64188495,67357.7522451,SL,-0.16045538622075342,0.016889596413873154,0.016712340099509556,0.008440577917978127,0.00836035022486605,0.016800928142844177,-0.21085825087698032,-1.2484504999999932,0 days 00:55:00
5m,DEVELOPMENT,170,CLOSED,BTCUSDT,LONG,2024-03-22 09:50:00+00:00,2024-03-22 09:55:00+00:00,65428.23,65460.944115,2024-03-22 10:25:00+00:00,64806.33467385,64773.93150651307,0.00025479236567835516,16.67894881059945,0.1667894881059945,64806.33467385,66770.1629973,SL,-0.15845418135407238,0.01667894881059945,0.01650390324283221,0.008335306751922546,0.008256079661246607,0.01659138641316915,-0.2082284198206732,-1.248450500000002,0 days 00:30:00
5m,DEVELOPMENT,171,CLOSED,BTCUSDT,LONG,2024-03-22 10:35:00+00:00,2024-03-22 10:40:00+00:00,64849.99,64882.41499499999,2024-03-22 11:50:00+00:00,64233.59084504999,64201.47404962747,0.0002538581280066023,16.4709284111782,0.164709284111782,64233.59084504999,66180.0632949,SL,-0.15647793558046014,0.0164709284111782,0.016298066017502888,0.008231348531321903,0.008153109563532922,0.016384458094854823,-0.20563138810399603,-1.2484504999999984,0 days 01:10:00
5m,DEVELOPMENT,172,CLOSED,BTCUSDT,LONG,2024-03-22 11:55:00+00:00,2024-03-22 12:00:00+00:00,64233.9,64266.01695,2024-03-22 13:35:00+00:00,63623.3567805,63591.545102109754,0.00025309647650470035,16.265502449036347,0.16265502449036348,63623.3567805,65551.337289,SL,-0.15452633760928663,0.016265502449036347,0.016094796000833713,0.008128686881076623,0.008051423712271525,0.016180110593348146,-0.20306674665250485,-1.2484504999999897,0 days 01:35:00
5m,DEVELOPMENT,173,CLOSED,BTCUSDT,LONG,2024-03-22 14:15:00+00:00,2024-03-22 14:20:00+00:00,63253.46,63285.086729999995,2024-03-22 14:50:00+00:00,62652.23586269999,62620.90974476864,0.00025381396149137613,16.062638566266617,0.16062638566266618,62652.23586269999,64550.788464599995,SL,-0.15259908003234982,0.016062638566266618,0.015894061174513648,0.008027305630317215,0.007951006090301612,0.015978311720618827,-0.20053409149374887,-1.2484505000000028,0 days 00:30:00
5m,DEVELOPMENT,174,CLOSED,BTCUSDT,LONG,2024-03-22 15:00:00+00:00,2024-03-22 15:05:00+00:00,62978.74,63010.229369999994,2024-03-22 15:30:00+00:00,64270.4339574,64238.2987404213,0.00025174174046226945,15.862304808530606,0.15862304808530606,62380.12707629999,64270.4339574,TP,0.32517328498047227,0.015862304808530608,0.01617146112924887,0.007927188809859289,0.008089775452350291,0.016016964262209582,0.27712255478048314,1.747051000000007,0 days 00:25:00
5m,DEVELOPMENT,175,CLOSED,BTCUSDT,LONG,2024-03-22 21:15:00+00:00,2024-03-22 21:20:00+00:00,63110.0,63141.55499999999,2024-03-22 21:35:00+00:00,62510.139449999995,62478.884380275,0.00025560267746972687,16.13915051760202,0.1613915051760202,62510.139449999995,64404.386099999996,SL,-0.1533259626884642,0.016139150517602018,0.015969770132919787,0.008065542487555446,0.007988879506212273,0.01605442199376772,-0.20148930533275372,-1.2484504999999921,0 days 00:15:00
5m,DEVELOPMENT,176,CLOSED,BTCUSDT,LONG,2024-03-22 21:40:00+00:00,2024-03-22 21:45:00+00:00,62684.5,62715.842249999994,2024-03-23 01:25:00+00:00,63970.159094999995,63938.174015452496,0.0002541281744531874,15.937862500286581,0.15937862500286581,62088.6838275,63970.159094999995,TP,0.3267221987814859,0.01593786250028658,0.016248491440417165,0.007964948775753948,0.008128309875146025,0.016093258650899972,0.27844258618988216,1.7470510000000028,0 days 03:40:00
5m,DEVELOPMENT,177,CLOSED,BTCUSDT,LONG,2024-03-23 03:25:00+00:00,2024-03-23 03:30:00+00:00,63443.99,63475.711995,2024-03-23 07:15:00+00:00,64745.2262349,64712.85362178255,0.0002554682163050339,16.216026922054695,0.16216026922054697,62840.954875049996,64745.2262349,TP,0.3324244999213819,0.016216026922054694,0.01653207728676554,0.008103961480287173,0.008270173730247398,0.01637413521053457,0.2833022605020271,1.7470510000000081,0 days 03:45:00
5m,DEVELOPMENT,178,CLOSED,BTCUSDT,LONG,2024-03-23 19:45:00+00:00,2024-03-23 19:50:00+00:00,64882.01,64914.451004999995,2024-03-23 23:50:00+00:00,64265.30649495,64233.173841702526,0.0002541659970604178,16.499046163315462,0.16499046163315462,64265.30649495,66212.74002509999,SL,-0.156745061251689,0.01649904616331546,0.016325888673831467,0.008245400381465299,0.008167027850839996,0.016412428232305293,-0.20598242432114122,-1.248450499999991,0 days 04:00:00
5m,DEVELOPMENT,179,CLOSED,BTCUSDT,LONG,2024-03-24 04:25:00+00:00,2024-03-24 04:30:00+00:00,63923.98,63955.94199,2024-03-24 08:55:00+00:00,65235.0608298,65202.44329938511,0.0002547577130235932,16.293269515641995,0.16293269515641995,63316.3825701,65235.0608298,TP,0.33400795378892223,0.016293269515641997,0.01661082533850186,0.008142563476081976,0.00830956745297559,0.016452130929057566,0.2846517280057208,1.7470510000000135,0 days 04:25:00
5m,DEVELOPMENT,180,CLOSED,BTCUSDT,LONG,2024-03-24 17:10:00+00:00,2024-03-24 17:15:00+00:00,64869.86,64902.29493,2024-03-24 20:10:00+00:00,66200.34082859999,66167.24065818569,0.0002554245099370799,16.577636876287073,0.16577636876287075,64253.271980699996,66200.34082859999,TP,0.33983741362583236,0.016577636876287074,0.016900735019005908,0.008284676100092418,0.008454594806905946,0.016739270906998366,0.28961977082354107,1.7470509999999937,0 days 02:55:00
5m,DEVELOPMENT,181,CLOSED,BTCUSDT,LONG,2024-03-25 00:40:00+00:00,2024-03-25 00:45:00+00:00,66632.03,66665.34601499999,2024-03-25 13:55:00+00:00,67998.6529353,67964.65360883235,0.0002530095218117534,16.86696731667023,0.1686696731667023,65998.69255484999,67998.6529353,TP,0.3457686153572264,0.016866967316670232,0.017195704509672134,0.008429269023820527,0.008602153331500554,0.017031422355321083,0.294674521175563,1.747051000000015,0 days 13:10:00
5m,DEVELOPMENT,182,CLOSED,BTCUSDT,LONG,2024-03-25 21:50:00+00:00,2024-03-25 21:55:00+00:00,69929.99,69964.95499500001,2024-03-26 07:20:00+00:00,71364.25409490001,71328.57196785256,0.00024528490669266037,17.16134745770476,0.17161347457704762,69265.30544505,71364.25409490001,TP,0.3518033346901807,0.01716134745770476,0.017495822119655426,0.008576385536084849,0.008752287203428582,0.017328672739513433,0.2998174923733071,1.7470510000000088,0 days 09:25:00
5m,DEVELOPMENT,183,CLOSED,BTCUSDT,LONG,2024-03-26 11:35:00+00:00,2024-03-26 11:40:00+00:00,70667.59,70702.923795,2024-03-26 14:20:00+00:00,69995.89455705,69960.89660977147,0.00024696100945882627,17.460865432103667,0.17460865432103667,69995.89455705,72116.9822709,SL,-0.16588258463982639,0.017460865432103668,0.01727761364939374,0.008726069681210894,0.008643128388890047,0.01736919807010094,-0.21799026179142472,-1.2484504999999961,0 days 02:40:00
5m,DEVELOPMENT,184,CLOSED,BTCUSDT,LONG,2024-03-26 14:35:00+00:00,2024-03-26 14:40:00+00:00,69685.99,69720.832995,2024-03-27 13:10:00+00:00,71115.2496549,71079.69203007256,0.0002473162210216009,17.243092942801546,0.17243092942801547,69023.62466505001,71115.2496549,TP,0.35347909670850564,0.017243092942801547,0.01757916082425675,0.008617237852474303,0.00879397740082747,0.017411215253301773,0.3012456276881456,1.7470510000000101,0 days 22:30:00
5m,DEVELOPMENT,185,CLOSED,BTCUSDT,LONG,2024-03-27 14:10:00+00:00,2024-03-27 14:15:00+00:00,69196.0,69230.598,2024-03-27 16:10:00+00:00,68538.29202,68504.02287398999,0.0002534145035957466,17.544037625806684,0.17544037625806685,68538.29202,70615.20996,SL,-0.16667274126266288,0.017544037625806686,0.01735991295092384,0.008767634995405168,0.008684298624775112,0.017451933620180278,-0.2190286254595737,-1.2484505000000115,0 days 01:55:00
5m,DEVELOPMENT,186,CLOSED,BTCUSDT,LONG,2024-03-27 18:20:00+00:00,2024-03-27 18:25:00+00:00,68636.02,68670.33801,2024-03-28 06:15:00+00:00,70043.7447702,70008.7228978149,0.0002522956535853923,17.325227810162758,0.17325227810162758,67983.6346299,70043.7447702,TP,0.35516284096595574,0.01732522781016276,0.01766289650018283,0.008658284762700705,0.008835866183182857,0.017494150945883562,0.30268056570972657,1.7470510000000001,0 days 11:50:00
5m,DEVELOPMENT,187,CLOSED,BTCUSDT,LONG,2024-03-29 03:40:00+00:00,2024-03-29 03:45:00+00:00,70421.27,70456.480635,2024-03-29 07:50:00+00:00,69751.91582865,69717.03987073568,0.00025019140665008267,17.62760599768496,0.1762760599768496,69751.91582865,71865.6102477,SL,-0.1674666616771574,0.01762760599768496,0.017442604272739255,0.008809398299691587,0.008725664968853429,0.017535063268545016,-0.2200719352161266,-1.248450499999993,0 days 04:05:00
5m,DEVELOPMENT,188,CLOSED,BTCUSDT,LONG,2024-03-29 08:15:00+00:00,2024-03-29 08:20:00+00:00,69852.77,69887.696385,2024-03-29 15:40:00+00:00,69188.81942115001,69154.22501143944,0.0002490818100321331,17.407753914551968,0.17407753914551968,69188.81942115001,71285.4503127,SL,-0.1653780119518394,0.017407753914551967,0.01722505953721875,0.008699527193678856,0.00861683818770137,0.017316365381380226,-0.21732719078499035,-1.2484504999999813,0 days 07:20:00
5m,DEVELOPMENT,189,CLOSED,BTCUSDT,LONG,2024-03-29 16:00:00+00:00,2024-03-29 16:05:00+00:00,69304.0,69338.652,2024-03-31 13:15:00+00:00,70725.42504,70690.06232748,0.0002479229598211353,17.190643833847684,0.17190643833847685,68645.26548,70725.42504,TP,0.3524039030806761,0.017190643833847684,0.017525689482169378,0.008591026403722443,0.008767228355262334,0.017358254758984774,0.30032931500567434,1.7470510000000001,1 days 21:10:00
5m,DEVELOPMENT,190,CLOSED,BTCUSDT,LONG,2024-03-31 15:10:00+00:00,2024-03-31 15:15:00+00:00,70405.97,70441.172985,2024-04-01 05:45:00+00:00,69736.76125514999,69701.89287452243,0.0002483018436290402,17.49067311956764,0.1749067311956764,69736.76125514999,71849.9964447,SL,-0.16616576511893336,0.01749067311956764,0.01730710850517778,0.00874096607674452,0.008657883194183693,0.01739884927092821,-0.218362396014607,-1.2484504999999955,0 days 14:30:00
5m,DEVELOPMENT,191,CLOSED,BTCUSDT,LONG,2024-04-01 06:00:00+00:00,2024-04-01 06:05:00+00:00,69326.01,69360.67300499999,2024-04-01 14:50:00+00:00,68667.06627494999,68632.73274181252,0.00024902481650602895,17.272528867804798,0.17272528867804798,68667.06627494999,70747.88646509999,SL,-0.16409334021837668,0.0172725288678048,0.01709125367733719,0.00863194845967129,0.008549901789561932,0.017181850249233223,-0.2156389730127519,-1.2484504999999917,0 days 08:45:00
5m,DEVELOPMENT,192,CLOSED,BTCUSDT,LONG,2024-04-01 14:55:00+00:00,2024-04-01 15:00:00+00:00,68906.07,68940.523035,2024-04-01 15:10:00+00:00,68251.11780465,68216.99224574768,0.0002474176952455364,17.057105318341513,0.17057105318341514,68251.11780465,70319.3334957,SL,-0.16204676266950327,0.017057105318341512,0.016878090998025518,0.00852429051391346,0.008443267132577894,0.016967557646491355,-0.21294951663236164,-1.2484505000000024,0 days 00:10:00
5m,DEVELOPMENT,193,CLOSED,BTCUSDT,LONG,2024-04-01 15:15:00+00:00,2024-04-01 15:20:00+00:00,68514.0,68548.257,2024-04-02 02:35:00+00:00,67862.77442999999,67828.843042785,0.0002457300779870888,16.844368538489004,0.16844368538489005,67862.77442999999,69919.22214,SL,-0.1600257101032887,0.016844368538489005,0.01666758689067756,0.008417975281603157,0.008337962426550626,0.016755937708153784,-0.21029360324060906,-1.2484505000000024,0 days 11:15:00
5m,DEVELOPMENT,194,CLOSED,BTCUSDT,LONG,2024-04-02 02:40:00+00:00,2024-04-02 02:45:00+00:00,66685.04,66718.38251999998,2024-04-02 09:00:00+00:00,66051.19869479998,66018.17309545258,0.00024932086766014906,16.634285018768118,0.1663428501876812,66051.19869479998,68052.75017039999,SL,-0.158029864171308,0.016634285018768118,0.016459708197496148,0.008312986016373643,0.008233971084289818,0.01654695710066346,-0.2076708144882357,-1.2484505000000001,0 days 06:15:00
5m,DEVELOPMENT,195,CLOSED,BTCUSDT,LONG,2024-04-02 13:05:00+00:00,2024-04-02 13:10:00+00:00,65170.13,65202.715065,2024-04-02 16:00:00+00:00,64550.68791435,64518.41257039283,0.0002519346265144829,16.426821667631025,0.16426821667631025,64550.68791435,66506.7693663,SL,-0.1560589104955851,0.016426821667631025,0.016254422174229236,0.008209306180724974,0.008131276725475577,0.01634058290620055,-0.2050807372436459,-1.248450499999988,0 days 02:50:00
5m,DEVELOPMENT,196,CLOSED,BTCUSDT,LONG,2024-04-02 23:35:00+00:00,2024-04-02 23:40:00+00:00,65469.75,65502.484874999995,2024-04-03 00:35:00+00:00,64847.460026249995,64815.036296236874,0.00024765389950023273,16.221945806248762,0.1622194580624876,64847.460026249995,66812.5345725,SL,-0.15411253861908614,0.016221945806248764,0.016051696485012184,0.008106919443401354,0.008029863174092098,0.016136782617493454,-0.20252296352784052,-1.2484504999999928,0 days 00:55:00
5m,DEVELOPMENT,197,CLOSED,BTCUSDT,LONG,2024-04-03 10:50:00+00:00,2024-04-03 10:55:00+00:00,66128.0,66161.064,2024-04-03 18:30:00+00:00,65499.45336,65466.70363332,0.0002421307064131225,16.01962516336381,0.1601962516336381,65499.45336,67484.28528,SL,-0.1521904419567947,0.01601962516336381,0.015851499197274306,0.008005809676843115,0.007929714455864668,0.015935524132707782,-0.1999970904501406,-1.2484504999999957,0 days 07:35:00
5m,DEVELOPMENT,198,CLOSED,BTCUSDT,LONG,2024-04-04 02:30:00+00:00,2024-04-04 02:35:00+00:00,65655.99,65688.817995,2024-04-04 13:10:00+00:00,67002.59435490001,66969.09305772257,0.00024082984521674563,15.819827870206826,0.15819827870206826,65031.92981505,67002.59435490001,TP,0.32430251835876317,0.015819827870206825,0.01612815631539716,0.007905960954626014,0.008068112213803385,0.0159740731684294,0.2763804610047298,1.7470510000000172,0 days 10:35:00
5m,DEVELOPMENT,199,CLOSED,BTCUSDT,LONG,2024-04-04 20:10:00+00:00,2024-04-04 20:15:00+00:00,67773.25,67807.136625,2024-04-05 05:15:00+00:00,67129.06525875,67095.50072612062,0.00023737814377668997,16.09593222685491,0.1609593222685491,67129.06525875,69163.2793575,SL,-0.15291537812719386,0.01609593222685491,0.015927005418134067,0.008043944141356583,0.007967486452293013,0.016011430593649595,-0.20094974636583243,-1.2484505000000075,0 days 09:00:00
5m,DEVELOPMENT,200,CLOSED,BTCUSDT,LONG,2024-04-05 05:25:00+00:00,2024-04-05 05:30:00+00:00,66674.0,66707.337,2024-04-05 12:30:00+00:00,66040.26363,66007.24349818501,0.0002382823830830849,15.895183229486443,0.15895183229486443,66040.26363,68041.48374,SL,-0.15100821249002333,0.015895183229486444,0.015728363281492984,0.00794361980484069,0.007868115698593896,0.015811735503434586,-0.19844349450443735,-1.2484504999999857,0 days 07:00:00
5m,DEVELOPMENT,201,CLOSED,BTCUSDT,LONG,2024-04-05 18:00:00+00:00,2024-04-05 18:05:00+00:00,67451.26,67484.98563,2024-04-06 22:50:00+00:00,68834.6853426,68800.2679999287,0.00023259896751394273,15.69693798023126,0.1569693798023126,66810.13577369999,68834.6853426,TP,0.3217833063213841,0.015696937980231262,0.01600287130146597,0.007844546716757442,0.008005438369916792,0.015849985086674234,0.2742335119530126,1.7470510000000163,1 days 04:45:00
5m,DEVELOPMENT,202,CLOSED,BTCUSDT,LONG,2024-04-07 09:50:00+00:00,2024-04-07 09:55:00+00:00,69260.5,69295.13025,2024-04-08 07:35:00+00:00,70681.032855,70645.6923385725,0.0002304764775679439,15.970897532631875,0.15970897532631875,68602.1789475,70681.032855,TP,0.3273994086899343,0.015970897532631877,0.01628217032554287,0.007981458037297745,0.008145157741642886,0.01612661577894063,0.2790197250528189,1.7470509999999901,0 days 21:40:00
5m,DEVELOPMENT,203,CLOSED,BTCUSDT,LONG,2024-04-08 14:30:00+00:00,2024-04-08 14:35:00+00:00,71622.32,71658.13116,2024-04-09 01:10:00+00:00,70941.5498484,70906.0790734758,0.00022676614996305225,16.249638516700628,0.1624963851670063,70941.5498484,73091.2937832,SL,-0.15437562628809742,0.016249638516700627,0.016079098560467856,0.008120758878910285,0.008043571065765313,0.0161643299446756,-0.2028686933099415,-1.2484504999999995,0 days 10:35:00
5m,DEVELOPMENT,204,CLOSED,BTCUSDT,LONG,2024-04-09 06:40:00+00:00,2024-04-09 06:45:00+00:00,70776.02,70811.40801,2024-04-09 08:05:00+00:00,70103.2939299,70068.24228293505,0.00022661563920818825,16.04697248941797,0.1604697248941797,70103.2939299,72227.6361702,SL,-0.15245024838772508,0.01604697248941797,0.01587855951314153,0.008019476506454652,0.007943251382260687,0.01596272788871534,-0.20033850827899996,-1.2484504999999928,0 days 01:20:00
5m,DEVELOPMENT,205,CLOSED,BTCUSDT,LONG,2024-04-09 08:10:00+00:00,2024-04-09 08:15:00+00:00,69883.63,69918.571815,2024-04-09 14:40:00+00:00,69219.38609685001,69184.77640380159,0.0002266469938979671,15.84683411950888,0.15846834119508882,69219.38609685001,71316.9432513,SL,-0.15054888386399903,0.01584683411950888,0.015680521595424636,0.007919457331088514,0.007844182889155765,0.015763640220244277,-0.19783987979917683,-1.2484504999999848,0 days 06:25:00
5m,DEVELOPMENT,206,CLOSED,BTCUSDT,LONG,2024-04-09 15:10:00+00:00,2024-04-09 15:15:00+00:00,68888.0,68922.444,2024-04-09 17:10:00+00:00,68233.21956,68199.10295022,0.00022705509227077415,15.649191881947266,0.15649191881947266,68233.21956,70300.89288,SL,-0.1486712332212986,0.015649191881947265,0.015484953613146226,0.007820685598175258,0.007746349981564226,0.015567035579739485,-0.19537241429613159,-1.2484505000000097,0 days 01:55:00
5m,DEVELOPMENT,207,CLOSED,BTCUSDT,LONG,2024-04-09 23:35:00+00:00,2024-04-09 23:40:00+00:00,69000.0,69034.5,2024-04-10 12:30:00+00:00,68344.155,68309.9829225,0.00022385929708896557,15.454014644888193,0.15454014644888195,68344.155,70415.19,SL,-0.1468170006993129,0.015454014644888193,0.015291824761190093,0.007723145749569312,0.007649737249219529,0.01537288299878884,-0.19293572310418,-1.2484505000000008,0 days 12:50:00
5m,DEVELOPMENT,208,CLOSED,BTCUSDT,LONG,2024-04-10 12:40:00+00:00,2024-04-10 12:45:00+00:00,67959.99,67993.969995,2024-04-10 16:50:00+00:00,69353.84939490001,69319.17247020257,0.00022445036914135754,15.26127166476414,0.1526127166476414,67314.03029505,69353.84939490001,TP,0.3128522557164556,0.01526127166476414,0.015558713849510396,0.007626822421171822,0.007783248549028276,0.015410070970200099,0.26662219923198094,1.7470510000000157,0 days 04:05:00
5m,DEVELOPMENT,209,CLOSED,BTCUSDT,LONG,2024-04-11 11:00:00+00:00,2024-04-11 11:05:00+00:00,70464.0,70499.23199999999,2024-04-11 13:40:00+00:00,69794.23967999998,69759.34256015999,0.00022025243492230864,15.527627508152737,0.15527627508152736,69794.23967999998,71909.21663999998,SL,-0.14751634129434807,0.015527627508152737,0.015364665057454673,0.007759933787180368,0.007686175616534695,0.015446109403715063,-0.19385474326367055,-1.2484505000000012,0 days 02:35:00
5m,DEVELOPMENT,210,CLOSED,BTCUSDT,LONG,2024-04-11 13:45:00+00:00,2024-04-11 13:50:00+00:00,69867.86,69902.79393,2024-04-12 16:10:00+00:00,69203.7659907,69169.16410770467,0.0002193612810573285,15.333966425971248,0.1533396642597125,69203.7659907,71300.8498086,SL,-0.1456765126225444,0.015333966425971249,0.015173036448330682,0.007663151637166872,0.007590313380853379,0.015253465018020251,-0.19143698051486657,-1.2484504999999764,1 days 02:20:00
5m,DEVELOPMENT,211,CLOSED,BTCUSDT,LONG,2024-04-12 16:20:00+00:00,2024-04-12 16:25:00+00:00,68924.01,68958.47200499999,2024-04-12 17:20:00+00:00,68268.88728494999,68234.75284130752,0.0002195918826347139,15.142720691191162,0.1514272069119116,68268.88728494999,70337.64144509999,SL,-0.1438596303545959,0.015142720691191162,0.014983797837537111,0.007567576557315595,0.0074956467421384634,0.01506322329945406,-0.18904937218277823,-1.2484504999999915,0 days 00:55:00
5m,DEVELOPMENT,212,CLOSED,BTCUSDT,LONG,2024-04-13 01:25:00+00:00,2024-04-13 01:30:00+00:00,66561.13,66594.410565,2024-04-13 01:50:00+00:00,65928.46645934999,65895.50222612033,0.0002245512806953103,14.953860179520053,0.14953860179520054,65928.46645934999,67926.2987763,SL,-0.14206540830219005,0.014953860179520053,0.014796919416935991,0.007473193493012096,0.007402160788860043,0.014875354281872139,-0.18669154218051826,-1.248450499999995,0 days 00:20:00
5m,DEVELOPMENT,213,CLOSED,BTCUSDT,LONG,2024-04-13 19:55:00+00:00,2024-04-13 20:00:00+00:00,64788.01,64820.404005,2024-04-13 20:00:00+00:00,64172.19996495,64140.11386496753,0.0002278195480120362,14.767355142376681,0.1476735514237668,64172.19996495,66116.8120851,SL,-0.14029356384636776,0.014767355142376681,0.014612371750157439,0.007379987577398422,0.0073098407954759245,0.014689828372874346,-0.18436311911177625,-1.2484504999999924,0 days 00:00:00
5m,DEVELOPMENT,214,CLOSED,BTCUSDT,LONG,2024-04-13 20:55:00+00:00,2024-04-13 21:00:00+00:00,61816.01,61846.918005,2024-04-13 22:30:00+00:00,63083.8563651,63052.314436917455,0.00023579471172720527,14.583176202205076,0.14583176202205075,61228.44882495,63083.8563651,TP,0.29895146817313917,0.014583176202205075,0.014867402306386055,0.00728794412903743,0.007437419863123466,0.014725363992160897,0.25477552567238715,1.7470510000000092,0 days 01:30:00
5m,DEVELOPMENT,215,CLOSED,BTCUSDT,LONG,2024-04-14 02:40:00+00:00,2024-04-14 02:45:00+00:00,63158.6,63190.179299999996,2024-04-14 03:05:00+00:00,62558.277507,62526.9983682465,0.0002348101773288179,14.837697206872797,0.14837697206872796,62558.277507,64453.982886,SL,-0.14096183103580798,0.014837697206872797,0.01468197557468667,0.007415141032919376,0.007344660117401149,0.014759801150320525,-0.18524130496768798,-1.2484504999999901,0 days 00:20:00
5m,DEVELOPMENT,216,CLOSED,BTCUSDT,LONG,2024-04-14 09:40:00+00:00,2024-04-14 09:45:00+00:00,64088.04,64120.084019999995,2024-04-14 14:35:00+00:00,63478.883179799996,63447.1437382101,0.000228518742327029,14.65264095815383,0.1465264095815383,63478.883179799996,65402.48570039999,SL,-0.13920375043203737,0.01465264095815383,0.014498861491298008,0.007322659149500772,0.007253057274285268,0.01457571642378604,-0.18293096930527522,-1.2484504999999926,0 days 04:50:00
5m,DEVELOPMENT,217,CLOSED,BTCUSDT,LONG,2024-04-14 17:25:00+00:00,2024-04-14 17:30:00+00:00,63113.42,63144.976709999995,2024-04-14 18:15:00+00:00,64407.87624419999,64375.6723060779,0.00022915350501314077,14.46989273706964,0.14469892737069642,62513.526942899996,64407.87624419999,TP,0.29662918544457495,0.014469892737069641,0.014751910946515128,0.007231330703182567,0.007379645295904735,0.014610975999087302,0.2527964057619029,1.7470510000000021,0 days 00:45:00
5m,DEVELOPMENT,218,CLOSED,BTCUSDT,LONG,2024-04-14 20:50:00+00:00,2024-04-14 20:55:00+00:00,63818.16,63850.06908,2024-04-14 22:05:00+00:00,65127.0704616,65094.506926369206,0.00023057824073022357,14.722436598969646,0.14722436598969646,63211.5683892,65127.0704616,TP,0.3018062715091121,0.014722436598969647,0.015009376888283564,0.007357539529719416,0.0075084426654732535,0.014865982195192669,0.2572084758266662,1.747051000000007,0 days 01:10:00
5m,DEVELOPMENT,219,CLOSED,BTCUSDT,LONG,2024-04-15 02:40:00+00:00,2024-04-15 02:45:00+00:00,65074.47,65107.007235,2024-04-15 06:30:00+00:00,66409.14737969999,66375.94280601015,0.00023007336321273026,14.979388123272011,0.1497938812327201,64455.93716265,66409.14737969999,TP,0.30707371355153124,0.014979388123272012,0.015271336397794584,0.007485951086092072,0.007639487942867237,0.015125439028959308,0.26169755000150535,1.747051000000003,0 days 03:45:00
5m,DEVELOPMENT,220,CLOSED,BTCUSDT,LONG,2024-04-15 11:25:00+00:00,2024-04-15 11:30:00+00:00,66196.66,66229.75833,2024-04-15 14:10:00+00:00,65567.4607467,65534.677016326656,0.00023012048694515642,15.240824237159629,0.15240824237159628,65567.4607467,67554.3534966,SL,-0.14479163855492508,0.015240824237159629,0.015080871786790642,0.007616603816669969,0.007544207997393274,0.015160811814063244,-0.1902741463929386,-1.2484504999999873,0 days 02:40:00
5m,DEVELOPMENT,221,CLOSED,BTCUSDT,LONG,2024-04-15 14:50:00+00:00,2024-04-15 14:55:00+00:00,64450.62,64482.84531,2024-04-15 15:00:00+00:00,63838.016856899994,63806.097848471545,0.00023340688678473925,15.050740174829023,0.15050740174829025,63838.016856899994,65772.5022162,SL,-0.14298579246551907,0.015050740174829024,0.014892782656694192,0.007521609282771807,0.007450116386540171,0.014971725669311979,-0.18790104096635424,-1.2484505000000026,0 days 00:05:00
5m,DEVELOPMENT,222,CLOSED,BTCUSDT,LONG,2024-04-15 15:00:00+00:00,2024-04-15 15:05:00+00:00,64344.95,64377.122475,2024-04-15 17:25:00+00:00,63733.351250249994,63701.484574624876,0.00023087435840211978,14.863026847190309,0.14863026847190308,63733.351250249994,65664.6649245,SL,-0.1412024689480705,0.014863026847190309,0.01470703938042905,0.007427799523833099,0.00735719828935774,0.014784997813190839,-0.1855575329888807,-1.2484504999999937,0 days 02:20:00
5m,DEVELOPMENT,223,CLOSED,BTCUSDT,LONG,2024-04-15 18:25:00+00:00,2024-04-15 18:30:00+00:00,63476.99,63508.728494999996,2024-04-15 19:00:00+00:00,62873.641210049995,62842.204389444974,0.00023111240036112235,14.677654686362258,0.1467765468636226,62873.641210049995,64778.9030649,SL,-0.13944138710032386,0.014677654686362259,0.014523612700428888,0.007335159763298967,0.007265439069748239,0.014600598833047207,-0.18324325332016222,-1.2484504999999944,0 days 00:30:00
5m,DEVELOPMENT,224,CLOSED,BTCUSDT,LONG,2024-04-15 19:05:00+00:00,2024-04-15 19:10:00+00:00,62851.49,62882.91574499999,2024-04-16 04:40:00+00:00,62254.08658754999,62222.95954425621,0.00023050131059464642,14.494594493235224,0.14494594493235224,62254.08658754999,64140.57405989999,SL,-0.1377022695234415,0.014494594493235225,0.01434247372402872,0.007243675408911586,0.007174824274151317,0.014418499683062903,-0.18095783742376836,-1.248450500000005,0 days 09:30:00
5m,DEVELOPMENT,225,CLOSED,BTCUSDT,LONG,2024-04-16 04:45:00+00:00,2024-04-16 04:50:00+00:00,62236.4,62267.5182,2024-04-16 07:30:00+00:00,63512.868564,63481.112129718,0.00022987615126873358,14.31381743287182,0.1431381743287182,61644.843018,63512.868564,TP,0.29342968070784603,0.014313817432871821,0.014592793734638492,0.007153332050410052,0.00730004689076392,0.014453378941173971,0.25006969059916173,1.747051000000002,0 days 02:40:00
5m,DEVELOPMENT,226,CLOSED,BTCUSDT,LONG,2024-04-16 14:35:00+00:00,2024-04-16 14:40:00+00:00,62267.36,62298.49368,2024-04-16 21:15:00+00:00,63544.4635536,63512.6913218232,0.00023377190110578376,14.563637303600254,0.14563637303600255,61675.5087432,63544.4635536,TP,0.2985509256340238,0.014563637303600255,0.014847482594647424,0.007278179562018885,0.007427455024835764,0.014705634586854649,0.2544341711489214,1.7470510000000008,0 days 06:35:00
5m,DEVELOPMENT,227,CLOSED,BTCUSDT,LONG,2024-04-17 07:10:00+00:00,2024-04-17 07:15:00+00:00,63524.92,63556.682459999996,2024-04-17 10:10:00+00:00,62921.1156354,62889.6550775823,0.00023314334104968039,14.817817294758019,0.14817817294758018,62921.1156354,64827.8161092,SL,-0.1407729669032235,0.014817817294758019,0.014662304302249534,0.0074052060443563885,0.0073348195609051585,0.014740025605261546,-0.1849931141054926,-1.2484504999999977,0 days 02:55:00
5m,DEVELOPMENT,228,CLOSED,BTCUSDT,LONG,2024-04-17 10:15:00+00:00,2024-04-17 10:20:00+00:00,62946.42,62977.893209999995,2024-04-17 12:25:00+00:00,62348.11427789999,62316.94022076105,0.0002323515164307658,14.633008988958327,0.14633008988958326,62348.11427789999,64237.4510742,SL,-0.1390172418191406,0.014633008988958328,0.014479435559619211,0.007312848070443122,0.007243339449533327,0.014556187519976449,-0.18268587388769458,-1.248450499999996,0 days 02:05:00
5m,DEVELOPMENT,229,CLOSED,BTCUSDT,LONG,2024-04-17 12:40:00+00:00,2024-04-17 12:45:00+00:00,62260.71,62291.84035499999,2024-04-17 14:15:00+00:00,61668.92195144999,61638.087490474274,0.0002319807142651108,14.450505618441152,0.14450505618441153,61668.92195144999,63537.67716209999,SL,-0.13728341419618653,0.014450505618441153,0.014298847561975614,0.007221641988225041,0.007153000281126906,0.014374642269351947,-0.18040740964595525,-1.2484504999999901,0 days 01:30:00
5m,DEVELOPMENT,230,CLOSED,BTCUSDT,LONG,2024-04-17 14:25:00+00:00,2024-04-17 14:30:00+00:00,61492.65,61523.396325,2024-04-17 14:30:00+00:00,60908.16236175,60877.70828056913,0.0002319488079070651,14.27027843597766,0.1427027843597766,60908.16236175,62753.8642515,SL,-0.13557121092850355,0.014270278435977661,0.014120511863792077,0.00713157343127321,0.007063787825807609,0.014195361257080819,-0.1781573624853541,-1.248450499999992,0 days 00:00:00
5m,DEVELOPMENT,231,CLOSED,BTCUSDT,LONG,2024-04-17 15:05:00+00:00,2024-04-17 15:10:00+00:00,61058.88,61089.409439999996,2024-04-17 15:25:00+00:00,60478.5153456,60448.2760879272,0.0002306831770360524,14.09229905287541,0.1409229905287541,60478.5153456,62311.19762879999,SL,-0.13388036231642264,0.01409229905287541,0.013944400374315484,0.007042628212331177,0.006975688031172022,0.0140183162435032,-0.17593537798711673,-1.2484504999999888,0 days 00:15:00
5m,DEVELOPMENT,232,CLOSED,BTCUSDT,LONG,2024-04-17 15:35:00+00:00,2024-04-17 15:40:00+00:00,60344.94,60375.11247,2024-04-17 16:05:00+00:00,59771.3613453,59741.47566462735,0.00023050125896530133,13.916539434506664,0.13916539434506664,59771.3613453,61582.6147194,SL,-0.13221060202397444,0.013916539434506664,0.013770485353141517,0.006954792321092256,0.006888687020080139,0.013843479341172395,-0.173741106152795,-1.2484504999999957,0 days 00:25:00
5m,DEVELOPMENT,233,CLOSED,BTCUSDT,LONG,2024-04-17 16:05:00+00:00,2024-04-17 16:10:00+00:00,60409.57,60439.774784999994,2024-04-17 18:00:00+00:00,61648.5702807,61617.74599555965,0.00022738291042247942,13.742971895892484,0.13742971895892483,59835.37703714999,61648.5702807,TP,0.28172748983983453,0.013742971895892485,0.01401082241814343,0.006868051921983987,0.007008915666904795,0.013876967588888782,0.2400967279369099,1.7470510000000095,0 days 01:50:00
5m,DEVELOPMENT,234,CLOSED,BTCUSDT,LONG,2024-04-18 05:45:00+00:00,2024-04-18 05:50:00+00:00,61399.63,61430.329815,2024-04-18 06:40:00+00:00,60816.02651685,60785.61850359158,0.00022762092941822393,13.982828766958331,0.1398282876695833,60816.02651685,62658.9364113,SL,-0.13284036724631582,0.013982828766958331,0.013836078979049106,0.00698792042326752,0.006921500239643327,0.013909420662910846,-0.17456869565523409,-1.2484504999999928,0 days 00:50:00
5m,DEVELOPMENT,235,CLOSED,BTCUSDT,LONG,2024-04-18 06:45:00+00:00,2024-04-18 06:50:00+00:00,60928.0,60958.464,2024-04-18 11:10:00+00:00,62177.63328,62146.544463360005,0.00022652202105362192,13.808434465604455,0.13808434465604455,60348.87936,62177.63328,TP,0.28306945616146706,0.013808434465604456,0.014077560853339086,0.006900766849377525,0.007042301577457448,0.013943068426834973,0.24124039241568848,1.7470510000000086,0 days 04:20:00
5m,DEVELOPMENT,236,CLOSED,BTCUSDT,LONG,2024-04-18 18:00:00+00:00,2024-04-18 18:05:00+00:00,62871.78,62903.21588999999,2024-04-19 01:10:00+00:00,62274.18373109999,62243.046639234446,0.00022335000937306012,14.049433858627122,0.14049433858627122,62274.18373109999,64161.280207799995,SL,-0.13347313226012253,0.014049433858627123,0.013901985050280832,0.007021206326149007,0.006954469760019262,0.01397567608616827,-0.17540022725519877,-1.2484504999999941,0 days 07:05:00
5m,DEVELOPMENT,237,CLOSED,BTCUSDT,LONG,2024-04-19 01:15:00+00:00,2024-04-19 01:20:00+00:00,62144.0,62175.072,2024-04-19 01:35:00+00:00,61553.32128,61522.54461936,0.00022314745138331612,13.87420885637418,0.1387420885637418,61553.32128,63418.57344,SL,-0.1318084509543602,0.01387420885637418,0.013728599034426532,0.006933637609382424,0.006867733383904417,0.013801370993286842,-0.17321262983844773,-1.2484505000000001,0 days 00:15:00
5m,DEVELOPMENT,238,CLOSED,BTCUSDT,LONG,2024-04-19 01:45:00+00:00,2024-04-19 01:50:00+00:00,61202.0,61232.600999999995,2024-04-19 02:15:00+00:00,60620.27499,60589.964852505,0.00022375612079790602,13.70116926612598,0.13701169266125982,60620.27499,62457.25302,SL,-0.13016453160872352,0.01370116926612598,0.01355737549467799,0.006847161052535628,0.00678207878673199,0.013629239839267619,-0.17105231620879507,-1.2484504999999921,0 days 00:25:00
5m,DEVELOPMENT,239,CLOSED,BTCUSDT,LONG,2024-04-19 02:20:00+00:00,2024-04-19 02:25:00+00:00,60257.48,60287.60874,2024-04-19 02:25:00+00:00,59684.7326526,59654.89028627371,0.00022442900148359675,13.530287831351961,0.13530287831351961,59684.7326526,61493.3609148,SL,-0.12854111527936066,0.013530287831351961,0.013388287460561922,0.0067617630341589244,0.006697492476518036,0.01345925551067696,-0.16891894608195152,-1.248450499999991,0 days 00:00:00
5m,DEVELOPMENT,240,CLOSED,BTCUSDT,LONG,2024-04-19 02:30:00+00:00,2024-04-19 02:35:00+00:00,60188.15,60218.244074999995,2024-04-19 03:00:00+00:00,61422.60895649999,61391.89765202175,0.00022188520839007704,13.361537635465895,0.13361537635465895,59616.06163424999,61422.60895649999,TP,0.27390818281199764,0.013361537635465895,0.013621954003981127,0.00667743010268019,0.0068143841940865955,0.013491814296766786,0.23343287687578385,1.7470510000000044,0 days 00:25:00
5m,DEVELOPMENT,241,CLOSED,BTCUSDT,LONG,2024-04-19 16:25:00+00:00,2024-04-19 16:30:00+00:00,63798.45,63830.34922499999,2024-04-19 23:00:00+00:00,63192.04573274999,63160.44970988362,0.0002129823426900495,13.594737312664483,0.13594737312664484,63192.04573274999,65106.95620949999,SL,-0.1291534014561494,0.013594737312664484,0.013452060544568073,0.006793971670495663,0.00672939496976743,0.013523366640263093,-0.16972356595364504,-1.2484504999999906,0 days 06:30:00
5m,DEVELOPMENT,242,CLOSED,BTCUSDT,LONG,2024-04-20 08:10:00+00:00,2024-04-20 08:15:00+00:00,63784.61,63816.502304999995,2024-04-20 17:05:00+00:00,65092.8323511,65060.28593492445,0.00021037165648094325,13.425183300722782,0.13425183300722782,63178.33728194999,65092.8323511,TP,0.2752129030463006,0.013425183300722782,0.013686840123253871,0.006709237031844194,0.006846843483367449,0.013556080515211642,0.2345447991071123,1.7470510000000143,0 days 08:50:00
5m,DEVELOPMENT,243,CLOSED,BTCUSDT,LONG,2024-04-21 07:30:00+00:00,2024-04-21 07:35:00+00:00,64955.53,64988.007764999995,2024-04-21 16:35:00+00:00,64338.127687349996,64305.958623506325,0.0002101848365429929,13.659493789341276,0.13659493789341276,64338.127687349996,66287.7679203,SL,-0.12976860416560673,0.013659493789341276,0.01351613740202214,0.006826333727805894,0.006761449425722945,0.013587783153528838,-0.170532018510499,-1.248450499999992,0 days 09:00:00
5m,DEVELOPMENT,244,CLOSED,BTCUSDT,LONG,2024-04-21 16:40:00+00:00,2024-04-21 16:45:00+00:00,64447.65,64479.873824999995,2024-04-22 03:45:00+00:00,65769.4713015,65736.58656584925,0.0002091991086877353,13.489132132487633,0.13489132132487633,63835.075086749996,65769.4713015,TP,0.27652383811826226,0.013489132132487633,0.013752035317749819,0.006741195468508237,0.00687945738756801,0.013620652856076247,0.23566201781194857,1.7470510000000152,0 days 11:00:00
5m,DEVELOPMENT,245,CLOSED,BTCUSDT,LONG,2024-04-22 15:15:00+00:00,2024-04-22 15:20:00+00:00,65771.5,65804.38575,2024-04-22 22:50:00+00:00,67120.473465,67086.91322826751,0.00020856601831753082,13.724558723708364,0.13724558723708366,65146.3418925,67120.473465,TP,0.2813500244110536,0.013724558723708365,0.013992050373233443,0.0068588499368860065,0.006999524949089182,0.013858374885975189,0.2397750404281366,1.7470510000000172,0 days 07:30:00
5m,DEVELOPMENT,246,CLOSED,BTCUSDT,LONG,2024-04-23 03:40:00+00:00,2024-04-23 03:45:00+00:00,66571.98,66605.26598999999,2024-04-23 11:35:00+00:00,65939.21333009998,65906.24372343493,0.00020965450735874444,13.964094228631582,0.13964094228631582,65939.21333009998,67937.37130979999,SL,-0.13266238445092007,0.013964094228631582,0.013817541059702095,0.00697855783539587,0.006912226643172714,0.013890784478568584,-0.17433480421782235,-1.2484505000000017,0 days 07:50:00
5m,DEVELOPMENT,247,CLOSED,BTCUSDT,LONG,2024-04-23 11:45:00+00:00,2024-04-23 11:50:00+00:00,65958.99,65991.969495,2024-04-24 14:25:00+00:00,65332.049800049994,65299.383775149974,0.00020896381318187746,13.789933585057335,0.13789933585057335,65332.049800049994,67311.8088849,SL,-0.1310078148185631,0.013789933585057335,0.01364520823208216,0.0068915210320110555,0.006826017124602272,0.013717538156613328,-0.1721604947923159,-1.2484504999999977,1 days 02:35:00
5m,DEVELOPMENT,248,CLOSED,BTCUSDT,LONG,2024-04-24 15:30:00+00:00,2024-04-24 15:35:00+00:00,65043.99,65076.51199499999,2024-04-24 16:25:00+00:00,64425.74687504999,64393.53400161247,0.00020926052520789086,13.617945078771308,0.1361794507877131,64425.74687504999,66378.0422349,SL,-0.12937388103320632,0.013617945078771308,0.013475024745169603,0.006805569754507462,0.006740882813991154,0.013546452568498617,-0.17001330342564586,-1.2484505000000004,0 days 00:50:00
5m,DEVELOPMENT,249,CLOSED,BTCUSDT,LONG,2024-04-24 16:30:00+00:00,2024-04-24 16:35:00+00:00,64616.84,64649.14841999999,2024-04-24 19:00:00+00:00,64002.65693579999,63970.6556073321,0.0002080166861818291,13.44810161880563,0.1344810161880563,64002.65693579999,65942.1313884,SL,-0.12776032572388682,0.01344810161880563,0.013306963792316268,0.006720690464169468,0.00665681030130743,0.013377500765476898,-0.16789289190048562,-1.24845049999999,0 days 02:25:00
5m,DEVELOPMENT,250,CLOSED,BTCUSDT,LONG,2024-04-24 20:20:00+00:00,2024-04-24 20:25:00+00:00,63778.09,63809.97904499999,2024-04-25 13:00:00+00:00,63171.87925454999,63140.29331492272,0.00020812381779198376,13.28037645207188,0.13280376452071882,63171.87925454999,65086.17862589999,SL,-0.12616689472957998,0.013280376452071882,0.013140998901207386,0.006636869791139592,0.006573786343774901,0.013210656134914494,-0.16579892621777373,-1.2484505000000004,0 days 16:35:00
5m,DEVELOPMENT,251,CLOSED,BTCUSDT,LONG,2024-04-25 13:10:00+00:00,2024-04-25 13:15:00+00:00,63096.0,63127.547999999995,2024-04-25 16:45:00+00:00,64390.098959999996,64357.90391052,0.000207749921779744,13.114743159147034,0.13114743159147035,62496.27251999999,64390.098959999996,TP,0.26884895771524714,0.013114743159147034,0.01337034950331881,0.0065540945323063725,0.006688519011164296,0.013242613543470668,0.22912125150931067,1.7470510000000061,0 days 03:30:00
5m,DEVELOPMENT,252,CLOSED,BTCUSDT,LONG,2024-04-26 00:15:00+00:00,2024-04-26 00:20:00+00:00,64443.47,64475.691735,2024-04-26 13:15:00+00:00,63830.93481765,63799.01935024118,0.0002069560660650304,13.343635518297194,0.13343635518297195,63830.93481765,65765.2055697,SL,-0.1267678716655825,0.013343635518297195,0.013203594063532666,0.006668483517389731,0.0066050995815561606,0.013273583098945892,-0.16658868434635826,-1.248450499999995,0 days 12:55:00
5m,DEVELOPMENT,253,CLOSED,BTCUSDT,LONG,2024-04-26 13:25:00+00:00,2024-04-26 13:30:00+00:00,63816.89,63848.79844499999,2024-04-27 00:40:00+00:00,63210.31046054999,63178.705305319716,0.00020638153852752466,13.177213256212923,0.13177213256212922,63210.31046054999,65125.77441389999,SL,-0.12518681859101025,0.013177213256212923,0.013038918403088967,0.006585313971119593,0.006522720561825243,0.013108034532944835,-0.16451098478325696,-1.2484505000000035,0 days 11:10:00
5m,DEVELOPMENT,254,CLOSED,BTCUSDT,LONG,2024-04-27 00:45:00+00:00,2024-04-27 00:50:00+00:00,63081.91,63113.450955,2024-04-27 01:15:00+00:00,62482.31644545,62451.07528722728,0.00020618214376117713,13.012866618067813,0.13012866618067814,62482.31644545,64375.7199741,SL,-0.12362548446250399,0.013012866618067814,0.012876296582911192,0.00650318171817415,0.006441368975942829,0.012944550694116978,-0.16245919835759998,-1.2484504999999944,0 days 00:25:00
5m,DEVELOPMENT,255,CLOSED,BTCUSDT,LONG,2024-04-27 01:30:00+00:00,2024-04-27 01:35:00+00:00,62730.0,62761.365,2024-04-28 02:50:00+00:00,64016.5923,63984.58400385,0.00020475287171672685,12.85056971661167,0.1285056971661167,62133.75135,64016.5923,TP,0.26343346815362784,0.01285056971661167,0.013101027320388432,0.00642207382139472,0.006553790555470691,0.01297586437686541,0.22450600673976237,1.747051000000008,1 days 01:15:00
5m,DEVELOPMENT,256,CLOSED,BTCUSDT,LONG,2024-04-28 08:45:00+00:00,2024-04-28 08:50:00+00:00,63740.0,63771.869999999995,2024-04-28 22:30:00+00:00,63134.1513,63102.58422435,0.00020502537312495965,13.07485144162642,0.1307485144162642,63134.1513,65047.3074,SL,-0.1242143557747722,0.01307485144162642,0.012937630875746552,0.006534158641491509,0.006472051463604401,0.01300621010509591,-0.1632330481972411,-1.2484504999999912,0 days 13:40:00
5m,DEVELOPMENT,257,CLOSED,BTCUSDT,LONG,2024-04-28 23:05:00+00:00,2024-04-28 23:10:00+00:00,63010.0,63041.505,2024-04-29 03:55:00+00:00,62411.089949999994,62379.884405025,0.00020481397871778916,12.911781463407399,0.12911781463407399,62411.089949999994,64302.3351,SL,-0.12266515023457125,0.0129117814634074,0.01277627231694894,0.006452664399503412,0.006391331824386024,0.012843996223889435,-0.16119720023881703,-1.2484505000000004,0 days 04:45:00
5m,DEVELOPMENT,258,CLOSED,BTCUSDT,LONG,2024-04-29 04:00:00+00:00,2024-04-29 04:05:00+00:00,62374.0,62405.187,2024-04-29 13:50:00+00:00,61781.135129999995,61750.244562435,0.00020432188271998382,12.750745299332658,0.12750745299332658,61781.135129999995,63653.29074,SL,-0.12113526643693945,0.012750745299332658,0.012616926227416163,0.0063721865563877425,0.006311618923168614,0.012683805479556356,-0.15918674344324463,-1.2484504999999966,0 days 09:45:00
5m,DEVELOPMENT,259,CLOSED,BTCUSDT,LONG,2024-04-29 13:50:00+00:00,2024-04-29 13:55:00+00:00,61893.59,61924.53679499999,2024-04-29 17:25:00+00:00,63163.02753089999,63131.44601713454,0.00020333971371138044,12.591717583605142,0.12591717583605141,61305.29142704999,63163.02753089999,TP,0.25812706410768665,0.012591717583605142,0.012837130159309608,0.006292712435584007,0.006421775967638608,0.012714488403222615,0.21998372796154933,1.747050999999999,0 days 03:30:00
5m,DEVELOPMENT,260,CLOSED,BTCUSDT,LONG,2024-04-29 19:05:00+00:00,2024-04-29 19:10:00+00:00,62685.14,62716.48256999999,2024-04-29 23:00:00+00:00,63970.812221399996,63938.8268152893,0.00020427614914952168,12.811481547602694,0.12811481547602693,62089.317744299995,63970.812221399996,TP,0.26263217045610254,0.012811481547602695,0.013061177322965474,0.006402539504047982,0.0065338555892766,0.01293639509332458,0.2238231164922098,1.7470510000000115,0 days 03:50:00
5m,DEVELOPMENT,261,CLOSED,BTCUSDT,LONG,2024-04-30 05:40:00+00:00,2024-04-30 05:45:00+00:00,63180.01,63211.600005,2024-04-30 08:30:00+00:00,62579.48400495,62548.19426294752,0.00020621343335000008,13.035081064577932,0.13035081064577933,62579.48400495,64475.832005100005,SL,-0.12383652725518647,0.013035081064577932,0.012898277888805187,0.006514283390593298,0.006452365126966008,0.012966648517559305,-0.1627365347261289,-1.2484505000000028,0 days 02:45:00
5m,DEVELOPMENT,262,CLOSED,BTCUSDT,LONG,2024-04-30 09:05:00+00:00,2024-04-30 09:10:00+00:00,61948.1,61979.074049999996,2024-04-30 11:25:00+00:00,61359.283309499995,61328.60366784525,0.00020769118127560298,12.87250710381257,0.1287250710381257,61359.283309499995,63218.655531,SL,-0.12229203400473683,0.01287250710381257,0.012737410141758058,0.006433037033388983,0.006371891016385986,0.012804928049774969,-0.16070687930008243,-1.2484504999999912,0 days 02:15:00
5m,DEVELOPMENT,263,CLOSED,BTCUSDT,LONG,2024-04-30 11:30:00+00:00,2024-04-30 11:35:00+00:00,61349.99,61380.66499499999,2024-04-30 12:10:00+00:00,60766.858345049994,60736.47491587747,0.00020710040811517698,12.711960770845456,0.12711960770845457,60766.858345049994,62608.278294899996,SL,-0.12076680372502445,0.012711960770845456,0.012578548742555434,0.006352803983429758,0.006292420581567792,0.01264522456499755,-0.1587025378034229,-1.2484504999999915,0 days 00:35:00
5m,DEVELOPMENT,264,CLOSED,BTCUSDT,LONG,2024-04-30 12:10:00+00:00,2024-04-30 12:15:00+00:00,61151.79,61182.365894999995,2024-04-30 14:10:00+00:00,60570.542236049994,60540.25696493197,0.0002051803096104485,12.553416777035844,0.12553416777035845,60570.542236049994,62406.0132129,SL,-0.11926059616764326,0.012553416777035845,0.012421668667960854,0.0062735716027154335,0.00621394130463253,0.012487512907347963,-0.1567231945199879,-1.2484505000000001,0 days 01:55:00
5m,DEVELOPMENT,265,CLOSED,BTCUSDT,LONG,2024-04-30 14:15:00+00:00,2024-04-30 14:20:00+00:00,60719.06,60749.41952999999,2024-04-30 17:15:00+00:00,60141.92533469999,60111.85437203264,0.00020406532679743204,12.396850149143749,0.12396850149143748,60141.92533469999,61964.407920599995,SL,-0.11777317408057256,0.012396850149143749,0.012266745206828486,0.006195327410865272,0.00613644082382591,0.012331768234691183,-0.15476853767123597,-1.2484505000000008,0 days 02:55:00
5m,DEVELOPMENT,266,CLOSED,BTCUSDT,LONG,2024-04-30 17:40:00+00:00,2024-04-30 17:45:00+00:00,60179.85,60209.939925,2024-04-30 19:50:00+00:00,59607.84052575,59578.03660548713,0.00020332583358571193,12.242236225396262,0.12242236225396262,59607.84052575,61414.1387235,SL,-0.11630430317080617,0.012242236225396263,0.01211375395621073,0.006118059083156598,0.006059906931570447,0.012177966014727044,-0.1528382593671402,-1.2484504999999955,0 days 02:05:00
5m,DEVELOPMENT,267,CLOSED,BTCUSDT,LONG,2024-05-01 00:55:00+00:00,2024-05-01 01:00:00+00:00,60240.58,60270.70029,2024-05-01 02:10:00+00:00,59667.9932871,59638.15929045645,0.00020058752583647667,12.089550651602917,0.12089550651602916,59667.9932871,61476.1142958,SL,-0.1148537520674527,0.012089550651602917,0.011962670817514346,0.006041754448576955,0.0059843275725424624,0.012026082021119417,-0.15093205555768938,-1.248450499999996,0 days 01:10:00
5m,DEVELOPMENT,268,CLOSED,BTCUSDT,LONG,2024-05-01 02:15:00+00:00,2024-05-01 02:20:00+00:00,59796.0,59825.897999999994,2024-05-01 07:05:00+00:00,59227.639019999995,59198.025200489996,0.0001995585486626463,11.938769377319513,0.11938769377319514,59227.639019999995,61022.41595999999,SL,-0.11342129228528033,0.011938769377319513,0.011813471992704546,0.0059664014879145565,0.005909690841773021,0.011876092329687577,-0.14904962598499197,-1.2484504999999968,0 days 04:45:00
5m,DEVELOPMENT,269,CLOSED,BTCUSDT,LONG,2024-05-01 07:10:00+00:00,2024-05-01 07:15:00+00:00,58516.01,58545.268005,2024-05-01 07:25:00+00:00,57959.815324949996,57930.835417287526,0.00020138038570517572,11.789868652059784,0.11789868652059785,57959.815324949996,59716.173365099996,SL,-0.11200669818873518,0.011789868652059785,0.011666133980556418,0.005891988331863164,0.005835984982768483,0.011727973314631646,-0.14719067413598302,-1.2484504999999948,0 days 00:10:00
5m,DEVELOPMENT,270,CLOSED,BTCUSDT,LONG,2024-05-01 07:40:00+00:00,2024-05-01 07:45:00+00:00,57714.53,57743.387265,2024-05-01 08:05:00+00:00,57165.95339235,57137.37041565383,0.00020163044762376407,11.642825021554307,0.11642825021554307,57165.95339235,58898.255010299996,SL,-0.11060974695639557,0.011642825021554308,0.011520633572953097,0.005818503259147324,0.0057631983856681265,0.01158170164481545,-0.14535490719571842,-1.2484504999999877,0 days 00:20:00
5m,DEVELOPMENT,271,CLOSED,BTCUSDT,LONG,2024-05-01 08:10:00+00:00,2024-05-01 08:15:00+00:00,57347.3,57375.97365,2024-05-01 08:20:00+00:00,56802.213913499996,56773.81280654325,0.00020039076624987415,11.497615324056088,0.11497615324056089,56802.213913499996,58523.493123,SL,-0.10923021854588154,0.011497615324056088,0.01137694785123012,0.005745934694680102,0.005691319585407678,0.01143725428008778,-0.1435420360012555,-1.2484505000000057,0 days 00:05:00
5m,DEVELOPMENT,272,CLOSED,BTCUSDT,LONG,2024-05-01 08:20:00+00:00,2024-05-01 08:25:00+00:00,56986.0,57014.492999999995,2024-05-01 12:10:00+00:00,58154.78286,58125.705468570006,0.00019914614844846902,11.354216686692197,0.11354216686692198,56444.34806999999,58154.78286,TP,0.23275860494158604,0.011354216686692198,0.01157551036991583,0.005674271207741219,0.0057906505102117145,0.011464921717952933,0.1983639561670251,1.7470510000000192,0 days 03:45:00
5m,DEVELOPMENT,273,CLOSED,BTCUSDT,LONG,2024-05-01 14:00:00+00:00,2024-05-01 14:05:00+00:00,57304.0,57332.651999999995,2024-05-01 15:15:00+00:00,56759.32547999999,56730.94581726,0.00020149743774400752,11.552382477068846,0.11552382477068847,56759.32547999999,58479.30503999999,SL,-0.10975052018444874,0.011552382477068846,0.01143114022297201,0.0057733045862402126,0.005718429326147743,0.011491733912387956,-0.14422577679687756,-1.2484504999999928,0 days 01:10:00
5m,DEVELOPMENT,274,CLOSED,BTCUSDT,LONG,2024-05-01 19:35:00+00:00,2024-05-01 19:40:00+00:00,57241.84,57270.46091999999,2024-05-01 23:40:00+00:00,58415.870138399994,58386.662203330794,0.00019920043594381242,11.408300781967071,0.11408300781967072,56697.75631079999,58415.870138399994,TP,0.23386731538045397,0.01140830078196707,0.01163064856420761,0.005701299741111771,0.005818233398803242,0.011519533139915012,0.19930883289436427,1.7470510000000063,0 days 04:00:00
5m,DEVELOPMENT,275,CLOSED,BTCUSDT,LONG,2024-05-02 01:40:00+00:00,2024-05-02 01:45:00+00:00,57174.37,57202.957185,2024-05-02 11:15:00+00:00,58347.0163287,58317.842820535654,0.0002029162665069702,11.607410505138265,0.11607410505138266,56630.92761315,58347.0163287,TP,0.2379490149529095,0.011607410505138265,0.011833638935883413,0.005800804850143387,0.005919779357620351,0.011720584207763738,0.20278738130412408,1.7470510000000081,0 days 09:30:00
5m,DEVELOPMENT,276,CLOSED,BTCUSDT,LONG,2024-05-03 00:35:00+00:00,2024-05-03 00:40:00+00:00,58875.35,58904.78767499999,2024-05-03 12:30:00+00:00,60082.88342849999,60052.841986785745,0.00020049296106126549,11.809995301645884,0.11809995301645884,58315.73979824999,60082.88342849999,TP,0.24210195266042525,0.011809995301645884,0.012040172110074963,0.005902046627507937,0.006023097603838518,0.011925144231346455,0.20632664101735793,1.7470510000000041,0 days 11:50:00
5m,DEVELOPMENT,277,CLOSED,BTCUSDT,LONG,2024-05-04 13:40:00+00:00,2024-05-04 13:45:00+00:00,63578.79,63610.579395,2024-05-05 01:35:00+00:00,62974.47360105,62942.986364249475,0.00018890121637670938,12.016115822142746,0.12016115822142746,62974.47360105,64882.7909829,SL,-0.11415610283804828,0.012016115822142747,0.011890006686589358,0.006005055383379643,0.005947977331960382,0.011953032715340026,-0.15001525806212038,-1.2484505000000012,0 days 11:50:00
5m,DEVELOPMENT,278,CLOSED,BTCUSDT,LONG,2024-05-05 01:40:00+00:00,2024-05-05 01:45:00+00:00,63049.99,63081.514995,2024-05-05 15:20:00+00:00,64343.1452949,64310.97372225256,0.00018810978827020632,11.866250429473295,0.11866250429473295,62450.699845049996,64343.1452949,TP,0.24325516872413586,0.011866250429473296,0.012097523650343733,0.005930160134669268,0.006051787719030082,0.01198194785369935,0.2073094467906195,1.7470510000000168,0 days 13:35:00
5m,DEVELOPMENT,279,CLOSED,BTCUSDT,LONG,2024-05-05 18:35:00+00:00,2024-05-05 18:40:00+00:00,63990.83,64022.825415,2024-05-06 08:25:00+00:00,65303.2819233,65270.63028233835,0.00018857888097970115,12.07335277391947,0.12073352773919471,63382.59716085,65303.2819233,TP,0.24750071503556972,0.012073352773919471,0.012308662419483161,0.006033659557180691,0.0061574099146980196,0.01219106947187871,0.21092763037028836,1.7470510000000041,0 days 13:45:00
5m,DEVELOPMENT,280,CLOSED,BTCUSDT,LONG,2024-05-06 10:50:00+00:00,2024-05-06 10:55:00+00:00,64099.9,64131.949949999995,2024-05-06 12:45:00+00:00,63490.63045049999,63458.885135274744,0.00019154367981877188,12.284069687376302,0.12284069687376302,63490.63045049999,65414.588949,SL,-0.11670173151275691,0.012284069687376303,0.012155148376007289,0.0061389653610063565,0.0060806144952511194,0.012219579856257476,-0.15336052943239797,-1.2484505000000008,0 days 01:50:00
5m,DEVELOPMENT,281,CLOSED,BTCUSDT,LONG,2024-05-06 12:55:00+00:00,2024-05-06 13:00:00+00:00,63593.99,63625.786994999995,2024-05-06 15:00:00+00:00,62989.529125049994,62958.03436048747,0.00019065952561371564,12.130862365266017,0.12130862365266017,62989.529125049994,64898.3027349,SL,-0.11524622367001924,0.012130862365266018,0.01200354896474255,0.00606239998264111,0.00600477687080603,0.01206717685344714,-0.15144781185347495,-1.2484504999999961,0 days 02:00:00
5m,DEVELOPMENT,282,CLOSED,BTCUSDT,LONG,2024-05-06 15:05:00+00:00,2024-05-06 15:10:00+00:00,63016.04,63047.548019999995,2024-05-07 08:25:00+00:00,64308.49898039999,64276.3447309098,0.00019000843373207334,11.97956584992788,0.1197956584992788,62417.07253979999,64308.49898039999,TP,0.24557810652875486,0.01197956584992788,0.012213047588342976,0.005986789530197672,0.006109578583462283,0.012096368113659956,0.20928912497682406,1.7470510000000046,0 days 17:15:00
5m,DEVELOPMENT,283,CLOSED,BTCUSDT,LONG,2024-05-07 10:20:00+00:00,2024-05-07 10:25:00+00:00,63829.06,63860.97452999999,2024-05-07 13:45:00+00:00,63222.36478469999,63190.75360230764,0.00019086219689826237,12.188645894859777,0.12188645894859777,63222.36478469999,65138.19402059999,SL,-0.11579518163982405,0.012188645894859776,0.012060726056193223,0.006091277308774463,0.006033379717955455,0.012124657026729917,-0.15216921061760696,-1.248450500000005,0 days 03:20:00
5m,DEVELOPMENT,284,CLOSED,BTCUSDT,LONG,2024-05-07 17:30:00+00:00,2024-05-07 17:35:00+00:00,63384.3,63415.99215,2024-05-07 22:15:00+00:00,62781.832228499996,62750.44131238575,0.00018980431107921405,12.036628701435596,0.12036628701435596,62781.832228499996,64684.311992999996,SL,-0.11435098031698819,0.012036628701435596,0.01191030428321403,0.006015306697368223,0.005958131207209431,0.011973437904577654,-0.15027135120621546,-1.2484504999999937,0 days 04:40:00
5m,DEVELOPMENT,285,CLOSED,BTCUSDT,LONG,2024-05-07 22:15:00+00:00,2024-05-07 22:20:00+00:00,62828.0,62859.414,2024-05-08 00:30:00+00:00,62230.819859999996,62199.70445007,0.00018909669554761295,11.886507471459359,0.1188650747145936,62230.819859999996,64116.60228,SL,-0.11292479112066164,0.011886507471459359,0.011761758575546394,0.005940283593932152,0.005883821198371727,0.011824104792303879,-0.14839716195997127,-1.2484504999999961,0 days 02:10:00
5m,DEVELOPMENT,286,CLOSED,BTCUSDT,LONG,2024-05-08 05:05:00+00:00,2024-05-08 05:10:00+00:00,62478.0,62509.238999999994,2024-05-08 13:05:00+00:00,61884.146609999996,61853.204536695,0.00018778437789672078,11.738258558412436,0.11738258558412437,61884.146609999996,63759.42378,SL,-0.11151638940300942,0.011738258558412436,0.011615065534841899,0.005866196181114556,0.0058104379864140085,0.011676634167528566,-0.14654634766379232,-1.2484504999999955,0 days 07:55:00
5m,DEVELOPMENT,287,CLOSED,BTCUSDT,LONG,2024-05-08 13:35:00+00:00,2024-05-08 13:40:00+00:00,61913.99,61944.94699499999,2024-05-08 22:10:00+00:00,61325.49752504999,61294.83477628747,0.0001871316253064519,11.591858610696361,0.11591858610696361,61325.49752504999,63183.84593489999,SL,-0.11012555331801105,0.011591858610696362,0.011470202054577104,0.0057930327889524295,0.0057379700122942925,0.011531002801246722,-0.14471861678453124,-1.2484504999999955,0 days 08:30:00
5m,DEVELOPMENT,288,CLOSED,BTCUSDT,LONG,2024-05-08 22:15:00+00:00,2024-05-08 22:20:00+00:00,61267.67,61298.30383499999,2024-05-09 11:00:00+00:00,60685.32079664999,60654.978136251666,0.00018674716675306152,11.447284567954574,0.11447284567954574,60685.32079664999,62524.269911699994,SL,-0.10875206378651646,0.011447284567954574,0.01132714531641389,0.005720781893029515,0.005666405861137397,0.011387187754166913,-0.14291368142505181,-1.2484505000000008,0 days 12:40:00
5m,DEVELOPMENT,289,CLOSED,BTCUSDT,LONG,2024-05-09 11:05:00+00:00,2024-05-09 11:10:00+00:00,60801.79,60832.190895,2024-05-09 15:25:00+00:00,62048.8347129,62017.81029554355,0.00018583111163877534,11.304513657440037,0.11304513657440037,60223.86898605,62048.8347129,TP,0.23173970526146484,0.011304513657440037,0.011524838628623545,0.005649432112663474,0.005765301965294364,0.011414734077957837,0.1974956188974434,1.747051000000006,0 days 04:15:00
5m,DEVELOPMENT,290,CLOSED,BTCUSDT,LONG,2024-05-10 14:20:00+00:00,2024-05-10 14:25:00+00:00,62470.0,62501.23499999999,2024-05-10 14:35:00+00:00,61876.222649999996,61845.284538675,0.00018402535530724962,11.501811978016905,0.11501811978016906,61876.222649999996,63751.259699999995,SL,-0.10927008780714784,0.011501811978016904,0.011381100461307619,0.00574803197302071,0.005693396929118058,0.011441428902138768,-0.14359442914861112,-1.2484504999999928,0 days 00:10:00
5m,DEVELOPMENT,291,CLOSED,BTCUSDT,LONG,2024-05-10 14:55:00+00:00,2024-05-10 15:00:00+00:00,61063.87,61094.401935,2024-05-10 16:05:00+00:00,60483.457915650004,60453.21618669218,0.0001859149224822748,11.358360999846465,0.11358360999846465,60483.457915650004,62316.289973700004,SL,-0.10790726766970554,0.011358360999846464,0.011239155001153078,0.005676342328758679,0.0056223886949235335,0.011298731023682212,-0.1418035146943873,-1.2484504999999921,0 days 01:05:00
5m,DEVELOPMENT,292,CLOSED,BTCUSDT,LONG,2024-05-10 16:05:00+00:00,2024-05-10 16:10:00+00:00,60914.66,60945.11733,2024-05-10 17:25:00+00:00,60335.6661567,60305.49832362165,0.000184045902910807,11.21669914700492,0.1121669914700492,60335.6661567,62164.0196766,SL,-0.10656144466994792,0.01121669914700492,0.011098979889457105,0.005605546800101941,0.005552266077766889,0.01115781287786883,-0.1400349365842788,-1.2484505000000012,0 days 01:15:00
5m,DEVELOPMENT,293,CLOSED,BTCUSDT,LONG,2024-05-10 17:25:00+00:00,2024-05-10 17:30:00+00:00,60463.68,60493.91183999999,2024-05-12 16:15:00+00:00,61703.790076799996,61672.9381817616,0.0001831060972674269,11.076804105462188,0.11076804105462187,59888.972721599996,61703.790076799996,TP,0.22707171634485632,0.011076804105462188,0.011292691017477647,0.005535634235612024,0.005649170093784803,0.011184804329396827,0.19351741689251967,1.7470510000000132,1 days 22:45:00
5m,DEVELOPMENT,294,CLOSED,BTCUSDT,LONG,2024-05-12 19:10:00+00:00,2024-05-12 19:15:00+00:00,61309.99,61340.644994999995,2024-05-13 08:00:00+00:00,62567.4578949,62536.17416595255,0.00018373018736892252,11.270128198261908,0.11270128198261908,60727.23854504999,62567.4578949,TP,0.23103481194038172,0.011270128198261908,0.011489782996846033,0.005632247975142858,0.005747765381113253,0.011380013356256111,0.1968948873890177,1.7470510000000092,0 days 12:45:00
5m,DEVELOPMENT,295,CLOSED,BTCUSDT,LONG,2024-05-13 21:45:00+00:00,2024-05-13 21:50:00+00:00,62911.51,62942.965755,2024-05-14 06:05:00+00:00,62313.53609745,62282.37932940128,0.00018217804404221035,11.466826387461728,0.11466826387461727,62313.53609745,64201.8250701,SL,-0.10893771595484668,0.011466826387461729,0.011346482044525319,0.005730547919770142,0.005676079061792745,0.011406626981562886,-0.14315765136839662,-1.248450499999989,0 days 08:15:00
5m,DEVELOPMENT,296,CLOSED,BTCUSDT,LONG,2024-05-14 06:20:00+00:00,2024-05-14 06:25:00+00:00,61726.3,61757.16315,2024-05-15 10:30:00+00:00,62992.306413,62960.8102597935,0.00018336029657363016,11.323811750730064,0.11323811750730065,61139.5915185,62992.306413,TP,0.23213531135179688,0.011323811750730065,0.011544512841751793,0.005659076337195958,0.00577514399287215,0.011434220330068107,0.1978327664292469,1.7470509999999984,1 days 04:05:00
5m,DEVELOPMENT,297,CLOSED,BTCUSDT,LONG,2024-05-16 06:05:00+00:00,2024-05-16 06:10:00+00:00,65709.52,65742.37476,2024-05-16 17:20:00+00:00,65084.95101240001,65052.40853689381,0.00017525145576332407,11.521446882028014,0.11521446882028015,65084.95101240001,67057.2222552,SL,-0.10945662430152481,0.011521446882028014,0.01140052929700113,0.005757844518754978,0.005703116206603457,0.011460960725358436,-0.1438395612059124,-1.2484504999999935,0 days 11:10:00
5m,DEVELOPMENT,298,CLOSED,BTCUSDT,LONG,2024-05-16 17:30:00+00:00,2024-05-16 17:35:00+00:00,64812.0,64844.405999999995,2024-05-17 06:50:00+00:00,66141.29411999999,66108.22347294,0.00017546233697764838,11.377751016687444,0.11377751016687444,64195.961939999994,66141.29411999999,TP,0.23324105282584504,0.011377751016687445,0.011599503384002681,0.0056860324920968664,0.005802653018510248,0.011488685510607114,0.1987751129145478,1.7470509999999968,0 days 13:15:00
5m,DEVELOPMENT,299,CLOSED,BTCUSDT,LONG,2024-05-17 17:55:00+00:00,2024-05-17 18:00:00+00:00,66702.51,66735.861255,2024-05-19 19:10:00+00:00,66068.50264245,66035.46839112877,0.0001734648708410621,11.576327553065614,0.11576327553065614,66068.50264245,68070.5784801,SL,-0.10997800438969367,0.011576327553065613,0.011454833995396192,0.0057852711409625696,0.00573028213876723,0.0115155532797298,-0.14452471921788526,-1.2484504999999986,2 days 01:10:00
5m,DEVELOPMENT,300,CLOSED,BTCUSDT,LONG,2024-05-19 19:55:00+00:00,2024-05-19 20:00:00+00:00,66034.01,66067.027005,2024-05-20 15:25:00+00:00,67388.3675451,67354.67336132746,0.0001730355932819776,11.431947214186609,0.1143194721418661,65406.35673494999,67388.3675451,TP,0.23435206133230244,0.011431947214186609,0.011654755865391109,0.005713117048569283,0.00583029307923452,0.011543410127803803,0.19972194812492092,1.7470510000000141,0 days 19:25:00
5m,DEVELOPMENT,301,CLOSED,BTCUSDT,LONG,2024-05-21 04:55:00+00:00,2024-05-21 05:00:00+00:00,70910.01,70945.46500499999,2024-05-21 14:55:00+00:00,70236.01035494999,70200.89234977252,0.00016394944538126695,11.631469639885832,0.11631469639885833,70236.01035494999,72364.37430509999,SL,-0.11050186799311892,0.011631469639885832,0.011509397366015231,0.005812828405739418,0.0057575774717429605,0.011570405877482377,-0.14521314087650236,-1.2484504999999955,0 days 09:55:00
5m,DEVELOPMENT,302,CLOSED,BTCUSDT,LONG,2024-05-21 15:00:00+00:00,2024-05-21 15:05:00+00:00,70236.68,70271.79834,2024-05-21 17:10:00+00:00,69569.0803566,69534.2958164217,0.00016345677552617667,11.486401567082133,0.11486401567082133,69569.0803566,71677.23430679999,SL,-0.10912368505258893,0.011486401567082133,0.011365851782635607,0.005740330618232098,0.005685768775705314,0.011426099393937413,-0.14340203779624408,-1.2484504999999944,0 days 02:05:00
5m,DEVELOPMENT,303,CLOSED,BTCUSDT,LONG,2024-05-22 04:15:00+00:00,2024-05-22 04:20:00+00:00,69865.99,69900.922995,2024-05-22 04:45:00+00:00,69201.91376505,69167.31280816748,0.00016227457810358644,11.34314278806491,0.1134314278806491,69201.91376505,71298.9414549,SL,-0.1077626908551294,0.01134314278806491,0.01122409650450417,0.005668737025518976,0.005614855680092093,0.011283592705611068,-0.14161352285330955,-1.2484504999999935,0 days 00:25:00
5m,DEVELOPMENT,304,CLOSED,BTCUSDT,LONG,2024-05-22 04:45:00+00:00,2024-05-22 04:50:00+00:00,69331.74,69366.40587,2024-05-23 13:35:00+00:00,68672.7418113,68638.40544039436,0.00016148552886328753,11.201670737262402,0.11201670737262402,68672.7418113,70753.7339874,SL,-0.10641867102216855,0.011201670737262403,0.011084109202874835,0.005598036350455503,0.005544827014943756,0.011142863365399259,-0.13984731432770506,-1.2484504999999904,1 days 08:45:00
5m,DEVELOPMENT,305,CLOSED,BTCUSDT,LONG,2024-05-23 13:40:00+00:00,2024-05-23 13:45:00+00:00,68774.0,68808.387,2024-05-23 13:50:00+00:00,68120.30313,68086.24297843501,0.0001607647499503428,11.061963130541418,0.11061963130541419,68120.30313,70184.55474,SL,-0.1050914138488717,0.011061963130541419,0.010945867827486386,0.005528217456542831,0.005475671749616478,0.011003889206159308,-0.13810313401305882,-1.2484504999999892,0 days 00:05:00
5m,DEVELOPMENT,306,CLOSED,BTCUSDT,LONG,2024-05-23 14:10:00+00:00,2024-05-23 14:15:00+00:00,68231.8,68265.91589999999,2024-05-23 18:00:00+00:00,67583.25674099999,67549.46511262949,0.0001600212612352456,10.923997961697205,0.10923997961697206,67583.25674099999,69631.234218,SL,-0.1037807102707986,0.010923997961697206,0.010809350603089194,0.0054592693461738805,0.005407378991039809,0.01086664833721369,-0.13638070717279868,-1.248450500000001,0 days 03:45:00
5m,DEVELOPMENT,307,CLOSED,BTCUSDT,LONG,2024-05-23 18:25:00+00:00,2024-05-23 18:30:00+00:00,67042.0,67075.521,2024-05-23 20:00:00+00:00,66404.76578999999,66371.563407105,0.00016082996208090756,10.787753498987119,0.10787753498987118,66404.76578999999,68417.03142,SL,-0.10248635383095864,0.01078775349898712,0.010674536026015249,0.005391181158913036,0.005339937981996946,0.010731119140909982,-0.134679762496871,-1.248450499999989,0 days 01:30:00
5m,DEVELOPMENT,308,CLOSED,BTCUSDT,LONG,2024-05-24 04:40:00+00:00,2024-05-24 04:45:00+00:00,67681.03,67714.870515,2024-05-24 06:25:00+00:00,67037.72180985,67004.20294894508,0.0001573245019991238,10.653208281707528,0.10653208281707528,67037.72180985,69069.1679253,SL,-0.10120814064730596,0.010653208281707528,0.010541402860791008,0.005323942169769431,0.005273338099444737,0.010597280269214169,-0.13300003205901867,-1.2484504999999966,0 days 01:40:00
5m,DEVELOPMENT,309,CLOSED,BTCUSDT,LONG,2024-05-24 07:00:00+00:00,2024-05-24 07:05:00+00:00,66927.37,66960.83368499999,2024-05-24 15:10:00+00:00,68300.0503587,68265.90033352065,0.0001571118598418837,10.520341116813404,0.10520341116813403,66291.22534815,68300.0503587,TP,0.21566436412378154,0.010520341116813403,0.010725382565180097,0.005257541787512187,0.0053653739695744785,0.010622915757086664,0.18379572468470137,1.7470510000000157,0 days 08:05:00
5m,DEVELOPMENT,310,CLOSED,BTCUSDT,LONG,2024-05-24 23:20:00+00:00,2024-05-24 23:25:00+00:00,68712.61,68746.966305,2024-05-27 15:35:00+00:00,70121.9056311,70086.84467828445,0.00015570073567896522,10.703953229385533,0.10703953229385534,68059.49664195,70121.9056311,TP,0.21942836655142184,0.010703953229385534,0.010912573277826259,0.005349301963709958,0.005459016146986209,0.010808318110696168,0.18700352193351386,1.747051000000015,2 days 16:10:00
5m,DEVELOPMENT,311,CLOSED,BTCUSDT,LONG,2024-05-27 19:50:00+00:00,2024-05-27 19:55:00+00:00,69373.86,69408.54693,2024-05-28 01:45:00+00:00,68714.4614607,68680.10422996966,0.0001569081967037488,10.89076993461382,0.1089076993461382,68714.4614607,70796.7178686,SL,-0.10346503571064966,0.01089076993461382,0.01077647130415005,0.005442663635488571,0.005390931117632309,0.01083359475312088,-0.1359658717025344,-1.2484504999999861,0 days 05:50:00
5m,DEVELOPMENT,312,CLOSED,BTCUSDT,LONG,2024-05-28 02:40:00+00:00,2024-05-28 02:45:00+00:00,68658.62,68692.94931,2024-05-28 03:35:00+00:00,68006.01981689999,67972.01680699155,0.00015656541174870325,10.754939892952951,0.10754939892952951,68006.01981689999,70066.8082962,SL,-0.1021746163743311,0.010754939892952951,0.01064206679877641,0.005374782555199031,0.0053236952470101,0.01069847780220913,-0.1342701008682696,-1.2484504999999908,0 days 00:50:00
5m,DEVELOPMENT,313,CLOSED,BTCUSDT,LONG,2024-05-28 03:45:00+00:00,2024-05-28 03:50:00+00:00,67870.01,67903.94500499999,2024-05-29 16:00:00+00:00,67224.90555494999,67191.29310217252,0.00015640923258976398,10.620803928049584,0.10620803928049584,67224.90555494999,69262.02390509998,SL,-0.10090029119051683,0.010620803928049585,0.010509338590824707,0.005307748089978566,0.0052572979443831986,0.010565046034361765,-0.13259547974375288,-1.2484504999999833,1 days 12:10:00
5m,DEVELOPMENT,314,CLOSED,BTCUSDT,LONG,2024-05-30 01:05:00+00:00,2024-05-30 01:10:00+00:00,67544.0,67577.772,2024-05-30 17:20:00+00:00,68929.32744,68894.86277628,0.0001552040057094892,10.48834091132256,0.10488340911322559,66901.99428,68929.32744,TP,0.2150083679072711,0.01048834091132256,0.010692758675684238,0.005241549680820436,0.005349053864773143,0.01059060354559358,0.1832366647746707,1.747051000000008,0 days 16:10:00
5m,DEVELOPMENT,315,CLOSED,BTCUSDT,LONG,2024-05-30 19:50:00+00:00,2024-05-30 19:55:00+00:00,68566.27,68600.553135,2024-05-31 09:20:00+00:00,67914.54760364999,67880.59032984817,0.0001555584326191318,10.671394522486066,0.10671394522486066,67914.54760364999,69972.56419769999,SL,-0.10138091447899285,0.010671394522486067,0.010559398236972576,0.005333030745868633,0.005282340288629482,0.010615371034498115,-0.1332270782729496,-1.2484504999999972,0 days 13:25:00
5m,DEVELOPMENT,316,CLOSED,BTCUSDT,LONG,2024-05-31 09:20:00+00:00,2024-05-31 09:25:00+00:00,67949.6,67983.5748,2024-05-31 14:45:00+00:00,67303.739052,67270.087182474,0.00015501245071621928,10.538300538197408,0.10538300538197408,67303.739052,69343.246296,SL,-0.10011648837138087,0.010538300538197409,0.010427701074049025,0.005266517010592837,0.005216458766408022,0.010482975777000858,-0.13156546576062816,-1.2484504999999995,0 days 05:20:00
5m,DEVELOPMENT,317,CLOSED,BTCUSDT,LONG,2024-05-31 14:45:00+00:00,2024-05-31 14:50:00+00:00,67466.27,67500.003135,2024-05-31 16:10:00+00:00,66825.00310365,66791.59060209818,0.0001541757929352207,10.406866506468509,0.1040686650646851,66825.00310365,68850.0031977,SL,-0.09886783222786981,0.010406866506468508,0.010297646442483122,0.005200832836816189,0.005151398920701458,0.010352231757517648,-0.12992457693433906,-1.2484505000000041,0 days 01:20:00
5m,DEVELOPMENT,318,CLOSED,BTCUSDT,LONG,2024-05-31 16:20:00+00:00,2024-05-31 16:25:00+00:00,66881.66,66915.10083,2024-06-02 11:55:00+00:00,68253.4028466,68219.2761451767,0.00015358374413012633,10.277071724316324,0.10277071724316324,66245.9498217,68253.4028466,TP,0.21067740236454527,0.010277071724316324,0.01047737185222325,0.005135967878217866,0.005241306579401588,0.010377274457619453,0.17954568433038623,1.7470510000000063,1 days 19:30:00
5m,DEVELOPMENT,319,CLOSED,BTCUSDT,LONG,2024-06-02 17:35:00+00:00,2024-06-02 17:40:00+00:00,67890.81,67924.75540499999,2024-06-03 08:25:00+00:00,69283.25051309999,69248.60888784345,0.00015394148981446302,10.456438042328697,0.10456438042328697,67245.50785094999,69283.25051309999,TP,0.21435436706462851,0.010456438042328698,0.010660234019773685,0.005225606218053983,0.005332783401586029,0.01055838961964001,0.18267930538288613,1.747051000000021,0 days 14:45:00
5m,DEVELOPMENT,320,CLOSED,BTCUSDT,LONG,2024-06-03 14:40:00+00:00,2024-06-03 14:45:00+00:00,69198.74,69233.33937,2024-06-03 14:55:00+00:00,68541.0059763,68506.73547331186,0.00015366779860272122,10.63893485090301,0.10638934850903009,68541.0059763,70618.0061574,SL,-0.10107253948808946,0.010638934850903009,0.010527279229642783,0.005316809020940461,0.00526627275119656,0.01058308177213702,-0.13282183534077227,-1.2484504999999944,0 days 00:10:00
5m,DEVELOPMENT,321,CLOSED,BTCUSDT,LONG,2024-06-03 15:00:00+00:00,2024-06-03 15:05:00+00:00,68880.4,68914.84019999999,2024-06-04 15:50:00+00:00,70293.13700399999,70257.990435498,0.0001524525874864966,10.506245704708432,0.10506245704708432,68225.69179799999,70293.13700399999,TP,0.21537541169772034,0.010506245704708431,0.010711012433493199,0.005250497603552025,0.0053581853094003705,0.010608682912952395,0.18354947064656632,1.747051000000006,1 days 00:45:00
5m,DEVELOPMENT,322,CLOSED,BTCUSDT,LONG,2024-06-05 08:55:00+00:00,2024-06-05 09:00:00+00:00,70927.57,70963.033785,2024-06-06 20:00:00+00:00,70253.40344715,70218.27674542644,0.000150636341755586,10.689611809250456,0.10689611809250456,70253.40344715,72382.29446070001,SL,-0.10155398325529817,0.010689611809250456,0.010577424333312374,0.0053421348372066114,0.005291357845577609,0.01063349268278422,-0.1334545120806452,-1.2484504999999892,1 days 11:00:00
5m,DEVELOPMENT,323,CLOSED,BTCUSDT,LONG,2024-06-07 16:05:00+00:00,2024-06-07 16:10:00+00:00,71000.0,71035.5,2024-06-07 17:35:00+00:00,70325.145,70289.98242750001,0.00014860584663106054,10.5562906183607,0.105562906183607,70325.145,72456.21,SL,-0.10028739862820375,0.0105562906183607,0.010445502348321008,0.005275507555402649,0.005225363856087112,0.01050087141148976,-0.13179006300637525,-1.248450499999981,0 days 01:25:00
5m,DEVELOPMENT,324,CLOSED,BTCUSDT,LONG,2024-06-07 17:45:00+00:00,2024-06-07 17:50:00+00:00,70278.97,70314.109485,2024-06-07 18:00:00+00:00,69610.96839015,69576.16290595493,0.0001482580422352188,10.424632213758928,0.10424632213758928,69610.96839015,71720.39167469999,SL,-0.09903661088633627,0.010424632213758929,0.01031522569867553,0.005209711251252714,0.00516019294580922,0.010369904197061934,-0.13014637299583265,-1.2484504999999833,0 days 00:10:00
5m,DEVELOPMENT,325,CLOSED,BTCUSDT,LONG,2024-06-07 18:05:00+00:00,2024-06-07 18:10:00+00:00,69378.66,69413.34933,2024-06-07 18:10:00+00:00,68719.2158367,68684.85622878165,0.00014830887655597493,10.294615857119735,0.10294615857119736,68719.2158367,70801.6163166,SL,-0.0978014230104193,0.010294615857119736,0.010186573863699262,0.0051447355607785565,0.005095834849273979,0.010240570410052535,-0.12852318314129083,-1.248450500000002,0 days 00:00:00
5m,DEVELOPMENT,326,CLOSED,BTCUSDT,LONG,2024-06-07 18:15:00+00:00,2024-06-07 18:20:00+00:00,68889.52,68923.96476,2024-06-11 02:15:00+00:00,68234.7251124,68200.60774984381,0.00014749907530953242,10.166221068766799,0.101662210687668,68234.7251124,70302.4440552,SL,-0.09658164043840936,0.0101662210687668,0.010059526578650094,0.005080570249258548,0.005032279429038571,0.01011284967829712,-0.12692023776412337,-1.2484504999999892,3 days 07:55:00
5m,DEVELOPMENT,327,CLOSED,BTCUSDT,LONG,2024-06-11 02:20:00+00:00,2024-06-11 02:25:00+00:00,68135.13,68169.197565,2024-06-11 06:55:00+00:00,67487.50558935,67453.76183655532,0.0001472721989264184,10.039427624446997,0.10039427624446998,67487.50558935,69532.5815163,SL,-0.0953770710348526,0.010039427624446998,0.009934063831528426,0.005017205209617258,0.004969516674101256,0.009986721883718514,-0.12533728437454655,-1.2484504999999988,0 days 04:30:00
5m,DEVELOPMENT,328,CLOSED,BTCUSDT,LONG,2024-06-11 08:15:00+00:00,2024-06-11 08:20:00+00:00,67400.0,67433.7,2024-06-11 10:00:00+00:00,66759.363,66725.9833185,0.00014702167539590373,9.914215552144753,0.09914215552144753,66759.363,68782.374,SL,-0.09418752506060593,0.009914215552144754,0.009810165859924995,0.004954630460841528,0.004907536698310926,0.009862167159152453,-0.12377407363182813,-1.248450499999992,0 days 01:40:00
5m,DEVELOPMENT,329,CLOSED,BTCUSDT,LONG,2024-06-11 15:55:00+00:00,2024-06-11 16:00:00+00:00,66244.48,66277.60224,2024-06-12 04:35:00+00:00,67603.1542848,67569.3527076576,0.0001477205692125554,9.790565128936136,0.09790565128936135,65614.8262176,67603.1542848,TP,0.20070413872511753,0.009790565128936135,0.009981383243299103,0.004892836146394423,0.004993188215756858,0.009886024362151281,0.171046165990731,1.74705100000001,0 days 12:35:00
5m,DEVELOPMENT,330,CLOSED,BTCUSDT,LONG,2024-06-12 05:50:00+00:00,2024-06-12 05:55:00+00:00,67291.64,67325.28581999999,2024-06-12 12:30:00+00:00,68671.7915364,68637.4556406318,0.00014795986824725775,9.961440419636169,0.0996144041963617,66652.0329618,68671.7915364,TP,0.20420703948699337,0.00996144041963617,0.01015558889341488,0.004978231094269564,0.005080334614013283,0.010058565708282848,0.17403144446565946,1.7470510000000157,0 days 06:35:00
5m,DEVELOPMENT,331,CLOSED,BTCUSDT,LONG,2024-06-12 18:55:00+00:00,2024-06-12 19:00:00+00:00,68828.0,68862.41399999999,2024-06-12 19:40:00+00:00,68173.78985999999,68139.70296507,0.0001471818575299285,10.135298006514953,0.10135298006514953,68173.78985999999,70239.66227999999,SL,-0.09628786362011607,0.010135298006514953,0.010028928053936579,0.005065116445033452,0.005016972513223593,0.010082088958257044,-0.12653417863882466,-1.248450499999987,0 days 00:40:00
5m,DEVELOPMENT,332,CLOSED,BTCUSDT,LONG,2024-06-12 19:55:00+00:00,2024-06-12 20:00:00+00:00,67532.92,67566.68646,2024-06-13 15:35:00+00:00,66891.0195954,66857.5740856023,0.00014813350720657787,10.008890235646996,0.10008890235646996,66891.0195954,68918.0201892,SL,-0.09508695821072002,0.010008890235646996,0.009903846932623884,0.005001944145750462,0.004954400666643744,0.009956344812394206,-0.12495604019138512,-1.2484504999999901,0 days 19:35:00
5m,DEVELOPMENT,333,CLOSED,BTCUSDT,LONG,2024-06-13 16:05:00+00:00,2024-06-13 16:10:00+00:00,66621.13,66654.440565,2024-06-14 16:05:00+00:00,65987.89615935,65954.90221127032,0.00014828808017713197,9.884059026664596,0.09884059026664596,65987.89615935,67987.5293763,SL,-0.09390103053318126,0.009884059026664596,0.009780325827179751,0.004939559733464453,0.004892609218198937,0.00983216895166339,-0.123397584338689,-1.248450499999997,0 days 23:55:00
5m,DEVELOPMENT,334,CLOSED,BTCUSDT,LONG,2024-06-14 16:10:00+00:00,2024-06-14 16:15:00+00:00,65851.41,65884.335705,2024-06-14 16:40:00+00:00,65225.49234795001,65192.87960177603,0.00014815030935942466,9.76078471663594,0.0976078471663594,65225.49234795001,67202.0224191,SL,-0.09272989378473175,0.00976078471663594,0.009658345281034843,0.004877953381627373,0.004831588434734685,0.009709541816362058,-0.1218585655987646,-1.2484504999999961,0 days 00:25:00
5m,DEVELOPMENT,335,CLOSED,BTCUSDT,LONG,2024-06-14 16:45:00+00:00,2024-06-14 16:50:00+00:00,65440.0,65472.719999999994,2024-06-16 14:05:00+00:00,66782.17439999999,66748.78331279999,0.00014722235288019107,9.639047887865942,0.09639047887865942,64817.99279999999,66782.17439999999,TP,0.1975980731435571,0.009639047887865942,0.00982691293120045,0.004817115386238952,0.004915914422811316,0.009733029809050268,0.16839908251544045,1.7470509999999961,1 days 21:15:00
5m,DEVELOPMENT,336,CLOSED,BTCUSDT,LONG,2024-06-16 20:10:00+00:00,2024-06-16 20:15:00+00:00,66528.38,66561.64419,2024-06-17 09:50:00+00:00,65896.02774810001,65863.07973422596,0.00014734129330601982,9.807278739529721,0.09807278739529722,65896.02774810001,67892.8770738,SL,-0.09317159861991947,0.009807278739529721,0.009704351349158358,0.004901188775377421,0.004854602976066816,0.009755791751444236,-0.12243902046005178,-1.2484504999999926,0 days 13:35:00
5m,DEVELOPMENT,337,CLOSED,BTCUSDT,LONG,2024-06-17 10:05:00+00:00,2024-06-17 10:10:00+00:00,65708.12,65740.97406,2024-06-17 18:15:00+00:00,67055.7935412,67022.2656444294,0.00014732002642574516,9.684962035773426,0.09684962035773426,65083.56431939999,67055.7935412,TP,0.19853930170286127,0.009684962035773426,0.009873721945850652,0.004840060987392699,0.004939330638243898,0.009779391625636596,0.1692012260956006,1.7470510000000061,0 days 08:05:00
5m,DEVELOPMENT,338,CLOSED,BTCUSDT,LONG,2024-06-17 20:10:00+00:00,2024-06-17 20:15:00+00:00,66234.5,66267.61725,2024-06-18 00:45:00+00:00,65604.9410775,65572.13860696125,0.00014869999312786707,9.853994229675125,0.09853994229675125,65604.9410775,67592.969595,SL,-0.09361540744933745,0.009853994229675126,0.009750576560234684,0.0049245348474132155,0.004877727143689282,0.009802261991102498,-0.12302224023034977,-1.2484504999999952,0 days 04:30:00
5m,DEVELOPMENT,339,CLOSED,BTCUSDT,LONG,2024-06-18 00:55:00+00:00,2024-06-18 01:00:00+00:00,65749.98,65782.85498999999,2024-06-18 01:40:00+00:00,65125.026440099995,65092.46392687995,0.00014792752443269514,9.731094888785666,0.09731094888785666,65125.026440099995,67098.51208979999,SL,-0.0924478330014072,0.009731094888785666,0.009628967047927862,0.004863115886449108,0.004816891969948004,0.009680007856397112,-0.12148790279451784,-1.248450499999987,0 days 00:40:00
5m,DEVELOPMENT,340,CLOSED,BTCUSDT,LONG,2024-06-18 01:45:00+00:00,2024-06-18 01:50:00+00:00,64857.98,64890.408989999996,2024-06-18 19:45:00+00:00,64241.50490009999,64209.384147649944,0.00014809165949329007,9.609728352527409,0.0960972835252741,64241.50490009999,66188.2171698,SL,-0.09129482058048423,0.009609728352527408,0.009508874253467633,0.004802462944790282,0.004756815534501011,0.009559278479291293,-0.11997270166577056,-1.2484505000000037,0 days 17:55:00
5m,DEVELOPMENT,341,CLOSED,BTCUSDT,LONG,2024-06-19 00:30:00+00:00,2024-06-19 00:35:00+00:00,64940.9,64973.370449999995,2024-06-20 10:55:00+00:00,66272.83785899999,66239.7014400705,0.00014605792246861124,9.489875503710456,0.09489875503710456,64323.63674549999,66272.83785899999,TP,0.19454007654282868,0.009489875503710457,0.009674833177277773,0.004742566468619959,0.004839836506892067,0.009582402975512026,0.16579296488632841,1.7470509999999986,1 days 10:20:00
5m,DEVELOPMENT,342,CLOSED,BTCUSDT,LONG,2024-06-20 13:35:00+00:00,2024-06-20 13:40:00+00:00,65343.9,65376.57195,2024-06-20 14:20:00+00:00,64722.8062305,64690.44482738475,0.00014769056488070018,9.655502841259239,0.09655502841259239,64722.8062305,66684.103389,SL,-0.09172968966133883,0.00965550284125924,0.009554168338940223,0.004825338751253443,0.004779473906422807,0.009604812657676251,-0.12054417349921454,-1.2484504999999932,0 days 00:40:00
5m,DEVELOPMENT,343,CLOSED,BTCUSDT,LONG,2024-06-20 14:20:00+00:00,2024-06-20 14:25:00+00:00,64815.15,64847.557575,2024-06-21 07:55:00+00:00,64199.08199925,64166.98245825037,0.0001470383688773767,9.535079091509774,0.09535079091509774,64199.08199925,66144.5087265,SL,-0.09058563394782722,0.009535079091509774,0.009435008436444377,0.004765156967270876,0.0047198641502973196,0.009485021117568194,-0.11904074259334957,-1.2484505000000035,0 days 17:30:00
5m,DEVELOPMENT,344,CLOSED,BTCUSDT,LONG,2024-06-21 08:00:00+00:00,2024-06-21 08:05:00+00:00,64300.07,64332.220035,2024-06-21 08:45:00+00:00,63688.89783465,63657.05338573268,0.00014636767183868874,9.416157270737196,0.09416157270737197,63688.89783465,65618.8644357,SL,-0.08945584693488946,0.009416157270737196,0.009317334700180813,0.004705725772482175,0.004660997849014155,0.00936672362149633,-0.1175560625273038,-1.2484504999999886,0 days 00:40:00
5m,DEVELOPMENT,345,CLOSED,BTCUSDT,LONG,2024-06-21 09:05:00+00:00,2024-06-21 09:10:00+00:00,63752.94,63784.81647,2024-06-24 00:05:00+00:00,63146.9683053,63115.39482114735,0.00014578263545223614,9.298718646833798,0.09298718646833798,63146.9683053,65060.5127994,SL,-0.08834015066282459,0.009298718646833798,0.009201128594635276,0.004647035805513501,0.0046028657301827374,0.009249901535696239,-0.11608989943998989,-1.248450500000001,2 days 14:55:00
5m,DEVELOPMENT,346,CLOSED,BTCUSDT,LONG,2024-06-24 00:10:00+00:00,2024-06-24 00:15:00+00:00,63102.59,63134.141294999994,2024-06-24 05:20:00+00:00,62502.79988204999,62471.54848210897,0.00014544816058259378,9.182744721319324,0.09182744721319323,62502.79988204999,64396.8241209,SL,-0.08723836939144505,0.009182744721319323,0.009086371815469079,0.0045890778217484215,0.004545458637052645,0.009134536458801065,-0.11464202238703451,-1.248450499999998,0 days 05:05:00
5m,DEVELOPMENT,347,CLOSED,BTCUSDT,LONG,2024-06-24 05:25:00+00:00,2024-06-24 05:30:00+00:00,62626.53,62657.843264999996,2024-06-24 09:30:00+00:00,62031.264832349996,62000.24919993382,0.00014472597130537677,9.068217226427185,0.09068217226427186,62031.264832349996,63911.000130299995,SL,-0.08615032957240458,0.009068217226427186,0.008973046286635832,0.004531842691867231,0.004488767527081108,0.00902061021894834,-0.11321220330441595,-1.2484504999999957,0 days 04:00:00
5m,DEVELOPMENT,348,CLOSED,BTCUSDT,LONG,2024-06-24 16:40:00+00:00,2024-06-24 16:45:00+00:00,60549.98,60580.25499,2024-06-24 17:10:00+00:00,59974.4524401,59944.46521387996,0.00014782239070643054,8.955118122226969,0.08955118122226968,59974.4524401,61791.8600898,SL,-0.08507585982185663,0.00895511812222697,0.008861134157534197,0.004475321400412993,0.004432783470501499,0.008908104870914492,-0.11180021697253228,-1.24845049999999,0 days 00:25:00
5m,DEVELOPMENT,349,CLOSED,BTCUSDT,LONG,2024-06-24 17:15:00+00:00,2024-06-24 17:20:00+00:00,60227.48,60257.59374,2024-06-24 19:45:00+00:00,59655.0178026,59625.1902936987,0.000146760417150751,8.843429593782881,0.08843429593782881,59655.0178026,61462.7456148,SL,-0.08401479089346012,0.008843429593782882,0.00875061780019613,0.004419505044368289,0.00437749764892206,0.00879700269329035,-0.11040584098072949,-1.2484504999999904,0 days 02:25:00
5m,DEVELOPMENT,350,CLOSED,BTCUSDT,LONG,2024-06-24 19:50:00+00:00,2024-06-24 19:55:00+00:00,59711.11,59740.965554999995,2024-06-24 19:55:00+00:00,59143.555899449995,59113.984121500274,0.0001461833428237363,8.733134048347587,0.08733134048347588,59143.555899449995,60935.784866099995,SL,-0.08296695565171874,0.008733134048347586,0.00864147980651018,0.004364384831757131,0.00432290135393145,0.008687286185688581,-0.1090288556922651,-1.248450499999993,0 days 00:00:00
5m,DEVELOPMENT,351,CLOSED,BTCUSDT,LONG,2024-06-24 20:30:00+00:00,2024-06-24 20:35:00+00:00,59152.01,59181.586005,2024-06-24 23:40:00+00:00,60365.217725099996,60335.03511623745,0.00014572461967920998,8.62421411259108,0.0862421411259108,58589.770144949995,60365.217725099996,TP,0.1767942343320761,0.00862421411259108,0.008792300045645482,0.004309952080254735,0.004398349197420832,0.008708301277675566,0.15066941889616395,1.7470510000000041,0 days 03:05:00
5m,DEVELOPMENT,352,CLOSED,BTCUSDT,LONG,2024-06-25 05:50:00+00:00,2024-06-25 05:55:00+00:00,61004.0,61034.50199999999,2024-06-25 19:00:00+00:00,62255.192039999994,62224.064443979994,0.00014376676674755619,8.77473301258725,0.0877473301258725,60424.15697999999,62255.192039999994,TP,0.1798798341710782,0.00877473301258725,0.008945752559002576,0.004385173919332972,0.004475113836419506,0.008860287755752478,0.1532990608437359,1.7470510000000024,0 days 13:05:00
5m,DEVELOPMENT,353,CLOSED,BTCUSDT,LONG,2024-06-25 23:20:00+00:00,2024-06-25 23:25:00+00:00,61719.65,61750.509825,2024-06-26 17:00:00+00:00,61133.00472675,61102.43822438663,0.00014457984157244258,8.927878927516058,0.08927878927516059,61133.00472675,62985.5200215,SL,-0.08481708066570784,0.008927878927516059,0.008834180838171779,0.004461708609453237,0.00441930006911974,0.008881008678572977,-0.11146014910996865,-1.2484504999999975,0 days 17:35:00
5m,DEVELOPMENT,354,CLOSED,BTCUSDT,LONG,2024-06-26 17:10:00+00:00,2024-06-26 17:15:00+00:00,60921.99,60952.45099499999,2024-06-27 14:00:00+00:00,62171.50001489999,62140.41426489254,0.0001446460311814144,8.816530127206402,0.08816530127206403,60342.92648504999,62171.50001489999,TP,0.18073666457671378,0.008816530127206403,0.008988364299385656,0.00440606203258604,0.004496430364875114,0.008902492397461154,0.15402927775266056,1.7470509999999981,0 days 20:45:00
5m,DEVELOPMENT,355,CLOSED,BTCUSDT,LONG,2024-06-27 19:35:00+00:00,2024-06-27 19:40:00+00:00,61555.36,61586.13768,2024-06-28 14:35:00+00:00,60970.2763032,60939.7911650484,0.00014565624452968153,8.970405529556713,0.08970405529556713,60970.2763032,62817.8604336,SL,-0.0852210940114309,0.008970405529556713,0.008876261123524016,0.004482961284136177,0.004440350737130314,0.008923312021266491,-0.11199107268577813,-1.2484504999999966,0 days 18:55:00
5m,DEVELOPMENT,356,CLOSED,BTCUSDT,LONG,2024-06-28 14:45:00+00:00,2024-06-28 14:50:00+00:00,60907.02,60937.473509999996,2024-06-28 19:15:00+00:00,60328.0987749,60297.934725512554,0.00014537075178561057,8.858526336064429,0.08858526336064429,60328.0987749,62156.2229802,SL,-0.08415821371743354,0.00885852633606443,0.008765556102167433,0.004427049643210518,0.0043849705363509925,0.00881202017956151,-0.11059431633522691,-1.2484504999999873,0 days 04:25:00
5m,DEVELOPMENT,357,CLOSED,BTCUSDT,LONG,2024-06-28 19:25:00+00:00,2024-06-28 19:30:00+00:00,60446.01,60476.233005,2024-06-30 07:10:00+00:00,61685.757665100005,61654.91478626746,0.00014465256959438004,8.748042503561706,0.08748042503561707,59871.470674950004,61685.757665100005,TP,0.17933268540534839,0.008748042503561705,0.008918541851956124,0.0043718353341137715,0.004461501676816077,0.008833337010929847,0.15283276403890073,1.7470510000000103,1 days 11:40:00
5m,DEVELOPMENT,358,CLOSED,BTCUSDT,LONG,2024-06-30 12:40:00+00:00,2024-06-30 12:45:00+00:00,61392.42,61423.11620999999,2024-06-30 22:25:00+00:00,62651.578534199994,62620.2527449329,0.00014490835269714904,8.90072258751665,0.0890072258751665,60808.885047899996,62651.578534199994,TP,0.18246258897547823,0.008900722587516651,0.009074197670747351,0.004448137225144972,0.004539368519632824,0.008987505744777795,0.15550016297243646,1.7470510000000106,0 days 09:40:00
5m,DEVELOPMENT,359,CLOSED,BTCUSDT,LONG,2024-07-01 08:25:00+00:00,2024-07-01 08:30:00+00:00,63117.84,63149.39891999999,2024-07-01 13:50:00+00:00,62517.90493079999,62486.64597833459,0.00014340702462019465,9.056067405670932,0.09056067405670933,62517.90493079999,64412.38689839999,SL,-0.08603490323928373,0.009056067405670932,0.008961023978248417,0.004525770817426158,0.004482753365806517,0.009008524183232676,-0.11306051880643575,-1.2484504999999997,0 days 05:20:00
5m,DEVELOPMENT,360,CLOSED,BTCUSDT,LONG,2024-07-01 19:55:00+00:00,2024-07-01 20:00:00+00:00,63226.78,63258.39339,2024-07-02 07:20:00+00:00,62625.809456099996,62594.49655137195,0.00014137443831840153,8.943119834435734,0.08943119834435734,62625.809456099996,64523.5612578,SL,-0.08496187308976715,0.008943119834435733,0.008849261791773332,0.004469325254590376,0.0044268443180450374,0.008896169572635414,-0.11165042428861163,-1.2484504999999948,0 days 11:20:00
5m,DEVELOPMENT,361,CLOSED,BTCUSDT,LONG,2024-07-02 07:20:00+00:00,2024-07-02 07:25:00+00:00,62699.88,62731.22994,2024-07-02 14:35:00+00:00,62103.9176406,62072.8656817797,0.0001407844379502776,8.831580949032526,0.08831580949032526,62103.9176406,63985.8545388,SL,-0.0839022258076504,0.008831580949032527,0.008738893506972432,0.004413583682674934,0.004371632569770413,0.008785216252445348,-0.1102579165161007,-1.248450499999993,0 days 07:10:00
5m,DEVELOPMENT,362,CLOSED,BTCUSDT,LONG,2024-07-02 14:45:00+00:00,2024-07-02 14:50:00+00:00,62002.0,62033.001,2024-07-03 01:55:00+00:00,61412.67099,61381.964654505005,0.00014059344283996796,8.721433180285175,0.08721433180285175,61412.67099,63273.66102,SL,-0.08285579448137008,0.008721433180285175,0.008629901739058083,0.004358537321481364,0.004317109424240214,0.008675646745721577,-0.10888277614643492,-1.2484504999999857,0 days 11:05:00
5m,DEVELOPMENT,363,CLOSED,BTCUSDT,LONG,2024-07-03 02:45:00+00:00,2024-07-03 02:50:00+00:00,61302.01,61332.661005,2024-07-03 03:15:00+00:00,60719.33439495,60688.974727752524,0.0001404253302728665,8.612659178140886,0.08612659178140886,60719.33439495,62559.3142251,SL,-0.08182241428108918,0.008612659178140886,0.008522269320066297,0.004304177500320242,0.004263266293179563,0.008567443793499805,-0.10752478657279617,-1.2484505000000046,0 days 00:25:00
5m,DEVELOPMENT,364,CLOSED,BTCUSDT,LONG,2024-07-03 03:15:00+00:00,2024-07-03 03:20:00+00:00,60896.02,60926.46801,2024-07-03 10:10:00+00:00,60317.203329899996,60287.04472823505,0.00013959847151391263,8.505241808937294,0.08505241808937294,60317.203329899996,62144.9973702,SL,-0.08080192243273275,0.008505241808937294,0.008415979296152499,0.004250495656640337,0.004210094695423306,0.008460590352063643,-0.10618373388988617,-1.2484504999999937,0 days 06:50:00
5m,DEVELOPMENT,365,CLOSED,BTCUSDT,LONG,2024-07-03 10:25:00+00:00,2024-07-03 10:30:00+00:00,60132.01,60162.076004999995,2024-07-03 21:00:00+00:00,59560.45524495,59530.67501732753,0.000139608948201947,8.399164152703642,0.08399164152703642,59560.45524495,61365.3175251,SL,-0.07979415819235265,0.008399164152703642,0.008311014924921018,0.004197483334683546,0.004157586255587378,0.008355069590270924,-0.10485940686024824,-1.2484504999999864,0 days 10:30:00
5m,DEVELOPMENT,366,CLOSED,BTCUSDT,LONG,2024-07-04 01:15:00+00:00,2024-07-04 01:20:00+00:00,60130.59,60160.65529499999,2024-07-04 01:40:00+00:00,59559.04874204999,59529.26921767897,0.00013787099658113197,8.294409500495602,0.08294409500495602,59559.04874204999,61363.86840089999,SL,-0.07879896282080091,0.008294409500495602,0.008207359672787903,0.004145132184154767,0.004105732702744727,0.008250864886899495,-0.10355159688098392,-1.2484504999999888,0 days 00:20:00
5m,DEVELOPMENT,367,CLOSED,BTCUSDT,LONG,2024-07-04 04:25:00+00:00,2024-07-04 04:30:00+00:00,58804.23,58833.632115,2024-07-04 07:50:00+00:00,58245.29579385,58216.17314595308,0.00013922243209042018,8.19096135176335,0.08190961351763351,58245.29579385,60010.3047573,SL,-0.0778161795587322,0.008190961351763351,0.008104997212376596,0.0040934339589018265,0.004054525869121933,0.00814795982802376,-0.1022600979508959,-1.2484504999999948,0 days 03:20:00
5m,DEVELOPMENT,368,CLOSED,BTCUSDT,LONG,2024-07-04 07:55:00+00:00,2024-07-04 08:00:00+00:00,58219.99,58249.099995,2024-07-04 08:40:00+00:00,57666.608995049995,57637.77569055247,0.00013886572346090835,8.088803411752467,0.08088803411752467,57666.608995049995,59414.0819949,SL,-0.07684565360190661,0.008088803411752468,0.008003911419946125,0.00404238051561827,0.004003957688817121,0.008046338204435392,-0.10098470663804059,-1.2484504999999981,0 days 00:40:00
5m,DEVELOPMENT,369,CLOSED,BTCUSDT,LONG,2024-07-04 09:10:00+00:00,2024-07-04 09:15:00+00:00,57514.01,57542.767005,2024-07-04 09:20:00+00:00,56967.339334950004,56938.855665282535,0.0001388170921332851,7.987919588937243,0.07987919588937242,56967.339334950004,58693.622345100004,SL,-0.07588723207680984,0.007987919588937242,0.007904086372851348,0.003991963812562268,0.003954020196523011,0.007945984009085279,-0.0997252220476837,-1.2484504999999846,0 days 00:05:00
5m,DEVELOPMENT,370,CLOSED,BTCUSDT,LONG,2024-07-04 09:20:00+00:00,2024-07-04 09:25:00+00:00,57371.99,57400.675995,2024-07-04 13:25:00+00:00,56826.669235049994,56798.25590043247,0.00013742510616378696,7.8882939924860125,0.07888293992486013,56826.669235049994,58548.6895149,SL,-0.07494076401657176,0.007888293992486013,0.007805506347034872,0.003942175908288837,0.003904705526280191,0.007846881434569028,-0.09848144579066169,-1.2484505000000012,0 days 04:00:00
5m,DEVELOPMENT,371,CLOSED,BTCUSDT,LONG,2024-07-04 13:35:00+00:00,2024-07-04 13:40:00+00:00,56896.0,56924.448,2024-07-04 15:50:00+00:00,58062.93696,58033.90549152,0.00013684649045271515,7.78991092975808,0.0778991092975808,56355.203519999995,58062.93696,TP,0.1596912275555603,0.00778991092975808,0.007941736293779067,0.0038930089603983866,0.003972854574176069,0.007865863534574455,0.13609371679744872,1.7470510000000115,0 days 02:10:00
5m,DEVELOPMENT,372,CLOSED,BTCUSDT,LONG,2024-07-04 23:05:00+00:00,2024-07-04 23:10:00+00:00,58016.0,58045.007999999994,2024-07-04 23:40:00+00:00,57464.55791999999,57435.82564103999,0.0001365469479958809,7.92586868879649,0.0792586868879649,57464.55791999999,59205.90815999999,SL,-0.0752977330205015,0.007925868688796491,0.007842686696907571,0.003960953867463742,0.0039233050009542985,0.00788425886841804,-0.0989505472746236,-1.2484505000000048,0 days 00:30:00
5m,DEVELOPMENT,373,CLOSED,BTCUSDT,LONG,2024-07-04 23:45:00+00:00,2024-07-04 23:50:00+00:00,57251.11,57279.735555,2024-07-05 00:35:00+00:00,56706.93819945,56678.58473035028,0.00013664548059412644,7.8270169932174465,0.07827016993217446,56706.93819945,58425.3302661,SL,-0.07435861721192595,0.007827016993217447,0.007744872449873631,0.003911552720248423,0.0038743734116417476,0.007785926131890171,-0.0977164327869072,-1.2484504999999875,0 days 00:45:00
5m,DEVELOPMENT,374,CLOSED,BTCUSDT,LONG,2024-07-05 03:10:00+00:00,2024-07-05 03:15:00+00:00,55366.78,55394.46339,2024-07-05 04:15:00+00:00,54840.5187561,54813.09849672195,0.0001395337675685446,7.729398179244512,0.07729398179244512,54840.5187561,56502.352657799995,SL,-0.07343121408667581,0.007729398179244513,0.007648278145353341,0.003862767705769138,0.0038260520987260485,0.007688819804495187,-0.09649771021576885,-1.248450499999998,0 days 01:00:00
5m,DEVELOPMENT,375,CLOSED,BTCUSDT,LONG,2024-07-05 04:20:00+00:00,2024-07-05 04:25:00+00:00,54026.31,54053.323155,2024-07-05 10:10:00+00:00,55134.3896181,55106.822423290956,0.0001412123515227683,7.63299687033765,0.07632996870337651,53512.78992345,55134.3896181,TP,0.15647452854635263,0.0076329968703376504,0.007781763979340533,0.003814591139599104,0.003892828403871603,0.007707419543470707,0.13335234815320376,1.7470510000000148,0 days 05:45:00
5m,DEVELOPMENT,376,CLOSED,BTCUSDT,LONG,2024-07-05 18:15:00+00:00,2024-07-05 18:20:00+00:00,56043.88,56071.901939999996,2024-07-06 13:45:00+00:00,57193.339978799995,57164.7433088106,0.0001385045937566396,7.766215999361831,0.07766215999361832,55511.1829206,57193.339978799995,TP,0.15920548740320925,0.007766215999361832,0.007917579549189393,0.0038811674159727524,0.003960770159674247,0.007841937575646999,0.13567975427901102,1.747051000000002,0 days 19:25:00
5m,DEVELOPMENT,377,CLOSED,BTCUSDT,LONG,2024-07-07 01:00:00+00:00,2024-07-07 01:05:00+00:00,57957.87,57986.848935,2024-07-07 07:20:00+00:00,57406.98044565,57378.27695542718,0.0001362681427695477,7.901760209430775,0.07901760209430775,57406.98044565,59146.5859137,SL,-0.07506869644241883,0.007901760209430776,0.0078188312360328,0.0039489056518893315,0.003911371303667388,0.00786027695555672,-0.09864956484343913,-1.2484504999999946,0 days 06:15:00
5m,DEVELOPMENT,378,CLOSED,BTCUSDT,LONG,2024-07-07 07:25:00+00:00,2024-07-07 07:30:00+00:00,57264.01,57292.642005,2024-07-07 14:10:00+00:00,56719.71558495,56691.35572715753,0.0001361991509297157,7.803209195601165,0.07803209195601166,56719.71558495,58438.4948451,SL,-0.07413243718559687,0.007803209195601166,0.007721314515093332,0.0038996547704153043,0.003862588551822073,0.007762243322237378,-0.09741920421852875,-1.2484505000000001,0 days 06:40:00
5m,DEVELOPMENT,379,CLOSED,BTCUSDT,LONG,2024-07-07 21:30:00+00:00,2024-07-07 21:35:00+00:00,56271.1,56299.23555,2024-07-07 23:45:00+00:00,55736.2431945,55708.37507290275,0.0001368737468277218,7.705887313264974,0.07705887313264974,55736.2431945,57425.220260999995,SL,-0.07320785498509098,0.007705887313264974,0.00762501402591226,0.003851018147558579,0.003814414220065683,0.007665432367624262,-0.09620418869189248,-1.2484504999999917,0 days 02:10:00
5m,DEVELOPMENT,380,CLOSED,BTCUSDT,LONG,2024-07-07 23:50:00+00:00,2024-07-07 23:55:00+00:00,55875.02,55902.95750999999,2024-07-08 00:35:00+00:00,55343.92793489999,55316.25597093254,0.00013612480576349556,7.609779232653694,0.07609779232653695,55343.92793489999,57021.016660199995,SL,-0.07229480420427194,0.007609779232653695,0.007529914599606994,0.003802988122265185,0.0037668407201633604,0.007569828842428546,-0.09500432687896117,-1.2484504999999995,0 days 00:40:00
5m,DEVELOPMENT,381,CLOSED,BTCUSDT,LONG,2024-07-08 01:10:00+00:00,2024-07-08 01:15:00+00:00,54590.0,54617.295,2024-07-08 05:05:00+00:00,55709.6409,55681.78607955,0.000137591395091833,7.5148698151921955,0.07514869815192196,54071.12205,55709.6409,TP,0.15405295343287528,0.007514869815192195,0.007661334627890292,0.0037555571290313417,0.003832583605747555,0.007588140734778897,0.1312886082550139,1.7470510000000066,0 days 03:50:00
5m,DEVELOPMENT,382,CLOSED,BTCUSDT,LONG,2024-07-09 00:30:00+00:00,2024-07-09 00:35:00+00:00,56440.01,56468.230005,2024-07-09 06:25:00+00:00,57597.5946051,57568.795807797454,0.000135404054019745,7.646027265996405,0.07646027265996405,55903.54770495,57597.5946051,TP,0.1567416484013852,0.007646027265996405,0.007795048337410676,0.0038211030814568757,0.003899473905657449,0.007720576987114324,0.13357999581086377,1.747051000000012,0 days 05:50:00
5m,DEVELOPMENT,383,CLOSED,BTCUSDT,LONG,2024-07-09 08:00:00+00:00,2024-07-09 08:05:00+00:00,57120.0,57148.56,2024-07-09 18:45:00+00:00,58291.5312,58262.3854344,0.00013612720627182923,7.779473815258009,0.07779473815258009,56577.0744,58291.5312,TP,0.1594772693162833,0.007779473815258009,0.007931095759917389,0.003887793011123126,0.003967531645781368,0.007855324656904495,0.13591137508420342,1.7470510000000028,0 days 10:40:00
5m,DEVELOPMENT,384,CLOSED,BTCUSDT,LONG,2024-07-10 00:25:00+00:00,2024-07-10 00:30:00+00:00,57620.01,57648.820005,2024-07-10 04:05:00+00:00,58801.7964051,58772.395506897454,0.00013730115228822068,7.915249414742728,0.07915249414742728,57072.33180495,58801.7964051,TP,0.16226063517878392,0.007915249414742729,0.008069517625836065,0.003955646883929312,0.004036777201518514,0.007992424085447826,0.13828344405275728,1.7470510000000037,0 days 03:35:00
5m,DEVELOPMENT,385,CLOSED,BTCUSDT,LONG,2024-07-10 08:20:00+00:00,2024-07-10 08:25:00+00:00,58742.01,58771.381004999996,2024-07-10 12:30:00+00:00,58183.667194949994,58154.57536135252,0.00013702918964608962,8.053394713496735,0.08053394713496735,58183.667194949994,59946.8086251,SL,-0.07650926212072717,0.008053394713496734,0.007968874335978586,0.00402468501424037,0.003986430383180352,0.008011115397420722,-0.10054264656762321,-1.2484504999999957,0 days 04:05:00
5m,DEVELOPMENT,386,CLOSED,BTCUSDT,LONG,2024-07-10 12:35:00+00:00,2024-07-10 12:40:00+00:00,58052.0,58081.026,2024-07-10 14:10:00+00:00,57500.21574,57471.465632130006,0.0001369285816186077,7.952952509133475,0.07952952509133475,57500.21574,59242.64652,SL,-0.07555503608127309,0.007952952509133474,0.00786948627255012,0.0039744890100614355,0.003936711492020162,0.007911200502081599,-0.09928867536503828,-1.2484504999999857,0 days 01:30:00
5m,DEVELOPMENT,387,CLOSED,BTCUSDT,LONG,2024-07-10 14:15:00+00:00,2024-07-10 14:20:00+00:00,57642.29,57671.111144999995,2024-07-11 03:20:00+00:00,57094.400033549995,57065.85283353322,0.00013618192657165803,7.853763023254318,0.07853763023254319,57094.400033549995,58824.533367899996,SL,-0.07461271118044288,0.007853763023254318,0.007771337780325265,0.003924919052100351,0.0038876126965104747,0.007812531748610825,-0.09805034373263329,-1.2484504999999952,0 days 13:00:00
5m,DEVELOPMENT,388,CLOSED,BTCUSDT,LONG,2024-07-11 03:20:00+00:00,2024-07-11 03:25:00+00:00,57351.39,57380.065695,2024-07-11 11:00:00+00:00,58527.667008899996,58498.40317539555,0.00013516559345084288,7.755810631913026,0.07755810631913027,56806.26503805,58527.667008899996,TP,0.15899217997055046,0.007755810631913026,0.00790697138112901,0.003875967332290109,0.0039554634222751925,0.007831430754565301,0.13549796720294313,1.7470510000000037,0 days 07:35:00
5m,DEVELOPMENT,389,CLOSED,BTCUSDT,LONG,2024-07-11 14:25:00+00:00,2024-07-11 14:30:00+00:00,57781.7,57810.59084999999,2024-07-11 16:00:00+00:00,57232.48494149999,57203.86869902925,0.00013650047717011655,7.891173236511373,0.07891173236511373,57232.48494149999,58966.802666999996,SL,-0.07496811755426422,0.007891173236511374,0.007808355373394187,0.003943614810849734,0.0039061307520722567,0.007849745562921992,-0.09851739172709179,-1.248450499999992,0 days 01:30:00
5m,DEVELOPMENT,390,CLOSED,BTCUSDT,LONG,2024-07-11 19:30:00+00:00,2024-07-11 19:35:00+00:00,57455.57,57484.297784999995,2024-07-12 01:15:00+00:00,56909.454807149996,56881.00007974642,0.00013556318097340461,7.792754263757036,0.07792754263757036,56909.454807149996,58633.983740699994,SL,-0.07403311272065084,0.007792754263757036,0.007710969307758907,0.0038944299169194475,0.0038574133605593507,0.007751843277478798,-0.0972886795696456,-1.2484504999999944,0 days 05:40:00
5m,DEVELOPMENT,391,CLOSED,BTCUSDT,LONG,2024-07-12 01:30:00+00:00,2024-07-12 01:35:00+00:00,56720.01,56748.370005,2024-07-12 13:55:00+00:00,57883.3374051,57854.395736397455,0.00013560852540782107,7.695562775675473,0.07695562775675473,56180.88630495,57883.3374051,TP,0.1577571139721175,0.007695562775675473,0.00784554929417339,0.0038458584586077544,0.003924737015593694,0.007770595474201449,0.13444540642806718,1.7470510000000141,0 days 12:20:00
5m,DEVELOPMENT,392,CLOSED,BTCUSDT,LONG,2024-07-12 19:40:00+00:00,2024-07-12 19:45:00+00:00,57814.01,57842.917004999996,2024-07-12 20:20:00+00:00,57264.48783494999,57235.85559103252,0.00013536443658834473,7.829873871008209,0.07829873871008208,57264.48783494999,58999.775345099995,SL,-0.07438575826480195,0.00782987387100821,0.0077476993447319785,0.003912980445280606,0.0038757875661482744,0.00778876801142888,-0.09775209949197103,-1.2484504999999961,0 days 00:35:00
5m,DEVELOPMENT,393,CLOSED,BTCUSDT,LONG,2024-07-12 20:25:00+00:00,2024-07-12 20:30:00+00:00,57321.12,57349.78056,2024-07-13 09:55:00+00:00,58496.7761712,58467.527783114405,0.0001348256148577892,7.732219425961286,0.07732219425961287,56776.282754399996,58496.7761712,TP,0.15850856614339384,0.0077322194259612865,0.007882920382573273,0.0038641776241681034,0.0039434319072394934,0.007807609531407597,0.1350858168034517,1.74705100000001,0 days 13:25:00
5m,DEVELOPMENT,394,CLOSED,BTCUSDT,LONG,2024-07-13 20:10:00+00:00,2024-07-13 20:15:00+00:00,58583.21,58612.501605,2024-07-13 23:10:00+00:00,59784.7516371,59754.859261281454,0.00013422341781139206,7.867170291898802,0.07867170291898802,58026.37658895,59784.7516371,TP,0.16127502517425768,0.007867170291898802,0.00802050144088791,0.003931619336281063,0.004012256848868164,0.007943876185149227,0.13744347725632175,1.7470510000000103,0 days 02:55:00
5m,DEVELOPMENT,395,CLOSED,BTCUSDT,LONG,2024-07-14 11:00:00+00:00,2024-07-14 11:05:00+00:00,59944.0,59973.971999999994,2024-07-14 21:55:00+00:00,61173.45144,61142.864714280004,0.00013346583853048855,8.00447646298404,0.0800447646298404,59374.23228,61173.45144,TP,0.16408976737211622,0.008004476462984042,0.008160483709247601,0.004000238112435041,0.004082282996120981,0.008082521108556022,0.13984228609132857,1.7470510000000157,0 days 10:50:00
5m,DEVELOPMENT,396,CLOSED,BTCUSDT,LONG,2024-07-15 09:10:00+00:00,2024-07-15 09:15:00+00:00,62639.98,62671.29999,2024-07-15 22:10:00+00:00,63924.7259898,63892.7636268051,0.00012995069589734646,8.144179046491862,0.08144179046491862,62044.5869901,63924.7259898,TP,0.16695363542583444,0.008144179046491862,0.008302909096107989,0.004070054495997454,0.004153531313710627,0.00822358580970808,0.1422829614735265,1.7470509999999997,0 days 12:55:00
5m,DEVELOPMENT,397,CLOSED,BTCUSDT,LONG,2024-07-16 04:55:00+00:00,2024-07-16 05:00:00+00:00,64487.01,64519.253505,2024-07-16 05:35:00+00:00,63874.06096995,63842.123939465026,0.00012843173807803866,8.286319867144737,0.08286319867144737,63874.06096995,65809.6385751,SL,-0.07872210928256994,0.008286319867144737,0.008199354940139054,0.004141089388877744,0.0041017283342363415,0.008242817723114085,-0.10345060181296781,-1.2484505000000001,0 days 00:35:00
5m,DEVELOPMENT,398,CLOSED,BTCUSDT,LONG,2024-07-16 05:55:00+00:00,2024-07-16 06:00:00+00:00,63654.92,63686.74745999999,2024-07-16 06:50:00+00:00,63049.87998539999,63018.35504540729,0.00012848783991874989,8.18297261258633,0.0818297261258633,63049.87998539999,64960.48240919999,SL,-0.0777402845403642,0.008182972612586329,0.008097092315017235,0.004089441585499535,0.004050571443229965,0.0081400130287295,-0.10216036249669726,-1.248450500000002,0 days 00:50:00
5m,DEVELOPMENT,399,CLOSED,BTCUSDT,LONG,2024-07-16 07:00:00+00:00,2024-07-16 07:05:00+00:00,63138.0,63169.568999999996,2024-07-16 08:30:00+00:00,62537.873309999995,62506.604373345,0.00012792416406060686,8.080914308393824,0.08080914308393825,62537.873309999995,64432.96038,SL,-0.07677070514870954,0.008080914308393824,0.007996105112727232,0.004038437935228769,0.004000052582654515,0.008038490517883284,-0.10088621508771388,-1.2484504999999955,0 days 01:25:00
5m,DEVELOPMENT,400,CLOSED,BTCUSDT,LONG,2024-07-16 08:35:00+00:00,2024-07-16 08:40:00+00:00,62658.0,62689.329,2024-07-16 12:20:00+00:00,63943.11558,63911.14402221,0.0001272964475139903,7.980128878735769,0.07980128878735769,62062.43571,63943.11558,TP,0.16359064797888093,0.00798012887873577,0.00813566159058233,0.003988070404165535,0.004069865728155086,0.008057936132320621,0.1394169213772422,1.7470510000000021,0 days 03:40:00
5m,DEVELOPMENT,401,CLOSED,BTCUSDT,LONG,2024-07-16 22:00:00+00:00,2024-07-16 22:05:00+00:00,64500.01,64532.260005,2024-07-17 01:10:00+00:00,65822.9052051,65789.99375249745,0.000125819342478323,8.11940652246928,0.0811940652246928,63886.93740495,65822.9052051,TP,0.1664458048734084,0.00811940652246928,0.008277653755592206,0.004057674424021926,0.004140897326459513,0.008198571750481439,0.1418501728448655,1.747051000000009,0 days 03:05:00
5m,DEVELOPMENT,402,CLOSED,BTCUSDT,LONG,2024-07-17 07:35:00+00:00,2024-07-17 07:40:00+00:00,65334.0,65366.666999999994,2024-07-17 11:30:00+00:00,64713.000329999995,64680.643829835,0.00012638115672701755,8.261114986849766,0.08261114986849766,64713.000329999995,66674.00034,SL,-0.07848265662169678,0.008261114986849765,0.008174414585062777,0.004128493246800724,0.004089251918490454,0.008217745165291179,-0.1031359313589005,-1.2484504999999961,0 days 03:50:00
5m,DEVELOPMENT,403,CLOSED,BTCUSDT,LONG,2024-07-17 11:40:00+00:00,2024-07-17 11:45:00+00:00,64719.06,64751.41952999999,2024-07-17 16:35:00+00:00,64103.90533469999,64071.85338203265,0.00012599078364003438,8.158082088389326,0.08158082088389326,64103.90533469999,66046.4479206,SL,-0.07750381834097059,0.008158082088389326,0.00807246301687168,0.004077002542922479,0.004038250633752109,0.008115253176674588,-0.10184961662290618,-1.2484504999999901,0 days 04:50:00
5m,DEVELOPMENT,404,CLOSED,BTCUSDT,LONG,2024-07-17 16:45:00+00:00,2024-07-17 16:50:00+00:00,64139.99,64172.059994999996,2024-07-18 15:20:00+00:00,63530.339395049996,63498.57422535247,0.00012554270846631523,8.056334219635175,0.08056334219635175,63530.339395049996,65455.501194899996,SL,-0.07653718816355085,0.008056334219635176,0.007971782992000104,0.004026154032800938,0.0039878854387191175,0.008014039471520056,-0.10057934484670616,-1.2484504999999966,0 days 22:30:00
5m,DEVELOPMENT,405,CLOSED,BTCUSDT,LONG,2024-07-18 15:25:00+00:00,2024-07-18 15:30:00+00:00,63754.51,63786.387255,2024-07-19 13:55:00+00:00,65062.115000100006,65029.58394259996,0.00012472653956476925,7.95585535365445,0.07955855353654451,63148.52338245,65062.115000100006,TP,0.16309304678006323,0.00795585535365445,0.008110914974497178,0.003975939706973667,0.004057486230363471,0.008033425937337139,0.13899285051457447,1.7470510000000106,0 days 22:25:00
5m,DEVELOPMENT,406,CLOSED,BTCUSDT,LONG,2024-07-19 22:55:00+00:00,2024-07-19 23:00:00+00:00,66721.19,66754.550595,2024-07-21 18:05:00+00:00,66087.00508905,66053.96158650548,0.00012126078713769086,8.09470935017251,0.0809470935017251,66087.00508905,68089.6416069,SL,-0.07690176149264381,0.00809470935017251,0.008009755375542448,0.004045332009080624,0.0040068811283346115,0.008052213137415234,-0.10105843935577401,-1.2484504999999821,1 days 19:05:00
5m,DEVELOPMENT,407,CLOSED,BTCUSDT,LONG,2024-07-21 18:10:00+00:00,2024-07-21 18:15:00+00:00,66276.0,66309.13799999999,2024-07-21 19:30:00+00:00,67635.32075999999,67601.50309962,0.00012055279422119179,7.993751868298608,0.07993751868298608,65646.04662,67635.32075999999,TP,0.16386991586087257,0.007993751868298609,0.008149550092211747,0.003994878494900857,0.004076813452831661,0.008071691947732518,0.13965492195262968,1.7470510000000021,0 days 01:15:00
5m,DEVELOPMENT,408,CLOSED,BTCUSDT,LONG,2024-07-22 05:25:00+00:00,2024-07-22 05:30:00+00:00,67762.01,67795.891005,2024-07-22 08:45:00+00:00,67117.93209495,67084.37312890253,0.0001199669648746833,8.133267274844691,0.08133267274844691,67117.93209495,69151.8088251,SL,-0.07726807141169278,0.008133267274844692,0.008047908634795197,0.004064601336754319,0.00402596730104695,0.00809056863780127,-0.10153981595913394,-1.248450499999988,0 days 03:15:00
5m,DEVELOPMENT,409,CLOSED,BTCUSDT,LONG,2024-07-22 08:50:00+00:00,2024-07-22 08:55:00+00:00,67122.0,67155.561,2024-07-23 05:20:00+00:00,66484.00539,66450.763387305,0.00011960035442579564,8.03182889726314,0.0803182889726314,66484.00539,68498.67222000001,SL,-0.07630438147774658,0.00803182889726314,0.007947534852986363,0.004013907494884309,0.003975755304145076,0.007989662799029386,-0.10027340802702547,-1.2484504999999915,0 days 20:25:00
5m,DEVELOPMENT,410,CLOSED,BTCUSDT,LONG,2024-07-23 05:25:00+00:00,2024-07-23 05:30:00+00:00,66562.01,66595.29100499999,2024-07-23 16:50:00+00:00,65929.33809494998,65896.37342590251,0.00011910235007270102,7.931655662470907,0.07931655662470907,65929.33809494998,67927.19682509999,SL,-0.07535271071642902,0.007931655662470907,0.007848412936293275,0.0039638459082809675,0.003926169552923277,0.007890015461204245,-0.09902279477639744,-1.2484505000000137,0 days 11:20:00
5m,DEVELOPMENT,411,CLOSED,BTCUSDT,LONG,2024-07-23 17:00:00+00:00,2024-07-23 17:05:00+00:00,65962.93,65995.91146499998,2024-07-24 21:30:00+00:00,65335.95235034998,65303.28437417481,0.00011868510666330287,7.832731791565416,0.07832731791565416,65335.95235034998,67315.82969429999,SL,-0.07441290922421868,0.007832731791565416,0.0077505272714129365,0.003914408691435785,0.003877202236824639,0.007791610928260424,-0.09778777921545746,-1.248450500000001,1 days 04:25:00
5m,DEVELOPMENT,412,CLOSED,BTCUSDT,LONG,2024-07-24 22:45:00+00:00,2024-07-24 22:50:00+00:00,65343.99,65376.661994999995,2024-07-25 01:05:00+00:00,64722.89537504999,64690.53392736247,0.00011831502965126396,7.735041702439085,0.07735041702439086,64722.89537504999,66684.19523489999,SL,-0.07348482896720049,0.007735041702439086,0.007653862439771988,0.003865588057190589,0.0038288456427070807,0.00769443369989767,-0.09656816680930924,-1.2484504999999995,0 days 02:15:00
5m,DEVELOPMENT,413,CLOSED,BTCUSDT,LONG,2024-07-25 01:10:00+00:00,2024-07-25 01:15:00+00:00,64550.0,64582.274999999994,2024-07-25 03:40:00+00:00,63936.452249999995,63904.484023875,0.00011827657058109044,7.638570007324891,0.07638570007324892,63936.452249999995,65873.9205,SL,-0.07256832375774484,0.0076385700073248915,0.0075584032150980175,0.0038173763155040052,0.003781092153625607,0.0075984684691296125,-0.09536376544929735,-1.2484504999999961,0 days 02:25:00
5m,DEVELOPMENT,414,CLOSED,BTCUSDT,LONG,2024-07-25 10:30:00+00:00,2024-07-25 10:35:00+00:00,64057.99,64090.01899499999,2024-07-25 21:00:00+00:00,65371.81937489999,65339.133465212544,0.000117698537598515,7.543301510372547,0.07543301510372548,63449.11880504999,65371.81937489999,TP,0.1546357960797003,0.007543301510372548,0.0076903204568097095,0.003769765872249361,0.0038470837702896275,0.007616849642538988,0.13178532446997906,1.7470510000000048,0 days 10:25:00
5m,DEVELOPMENT,415,CLOSED,BTCUSDT,LONG,2024-07-27 01:40:00+00:00,2024-07-27 01:45:00+00:00,67745.99,67779.862995,2024-07-27 13:45:00+00:00,69135.4602549,69100.89252477256,0.0001132335599695428,7.674955181171728,0.07674955181171728,67102.06436505,69135.4602549,TP,0.15733466343411417,0.0076749551811717285,0.007824540057652766,0.0038355598106802856,0.003914227142396549,0.007749786953076834,0.13408538124221286,1.747051000000005,0 days 12:00:00
5m,DEVELOPMENT,416,CLOSED,BTCUSDT,LONG,2024-07-27 17:20:00+00:00,2024-07-27 17:25:00+00:00,68555.99,68590.267995,2024-07-27 19:40:00+00:00,67904.36531505,67870.41313239248,0.00011384860912853368,7.8089066109841285,0.07808906610984129,67904.36531505,69962.0733549,SL,-0.07418656405537669,0.007808906610984129,0.007726952136101851,0.0039025020544644603,0.0038654087724367923,0.007767910826901253,-0.09749033362936392,-1.2484504999999937,0 days 02:15:00
5m,DEVELOPMENT,417,CLOSED,BTCUSDT,LONG,2024-07-27 20:15:00+00:00,2024-07-27 20:20:00+00:00,67784.0,67817.89199999999,2024-07-27 20:20:00+00:00,67139.71307999999,67106.14322345999,0.00011370913254418841,7.711513670295454,0.07711513670295454,67139.71307999999,69174.24983999999,SL,-0.07326130678276842,0.007711513670295454,0.007630581334325703,0.0038538299201867866,0.003817199266795609,0.007671029186982396,-0.09627443097437197,-1.2484505000000001,0 days 00:00:00
5m,DEVELOPMENT,418,CLOSED,BTCUSDT,LONG,2024-07-27 20:40:00+00:00,2024-07-27 20:45:00+00:00,67201.21,67234.810605,2024-07-27 21:10:00+00:00,68579.5068171,68545.21706369145,0.00011326477086867084,7.615335417573806,0.07615335417573806,66562.46249895,68579.5068171,TP,0.15611247317784932,0.007615335417573806,0.0077637583048623185,0.003805764826373674,0.003883821062962594,0.007689585889336268,0.13304379356607693,1.7470509999999946,0 days 00:25:00
5m,DEVELOPMENT,419,CLOSED,BTCUSDT,LONG,2024-07-28 00:10:00+00:00,2024-07-28 00:15:00+00:00,67604.0,67637.802,2024-07-29 00:25:00+00:00,68990.55804,68956.06276098001,0.00011455496883617241,7.7482463002571995,0.077482463002572,66961.42397999999,68990.55804,TP,0.1588371130617447,0.0077482463002572,0.007899259620649215,0.0038721870565998464,0.003951605613129973,0.00782379266972982,0.13536581447110846,1.7470510000000263,1 days 00:10:00
5m,DEVELOPMENT,420,CLOSED,BTCUSDT,LONG,2024-07-29 13:45:00+00:00,2024-07-29 13:50:00+00:00,69379.79,69414.479895,2024-07-29 14:10:00+00:00,68720.33509605,68685.97492850198,0.00011357107185805304,7.8834768841444225,0.07883476884144423,68720.33509605,70802.7694929,SL,-0.07489500028365069,0.007883476884144423,0.007800739794245328,0.003939768557793674,0.003902321057650554,0.007842089615444227,-0.09842130657748466,-1.2484504999999897,0 days 00:20:00
5m,DEVELOPMENT,421,CLOSED,BTCUSDT,LONG,2024-07-29 14:15:00+00:00,2024-07-29 14:20:00+00:00,68911.99,68946.445995,2024-07-29 14:50:00+00:00,68256.98153505,68222.85304428248,0.00011291595655438297,7.785153900550532,0.07785153900550533,68256.98153505,70325.3749149,SL,-0.07396090737104795,0.007785153900550532,0.007703448710364255,0.003890631634457655,0.003853651180771322,0.007744282815228977,-0.0971937927971917,-1.2484504999999881,0 days 00:30:00
5m,DEVELOPMENT,422,CLOSED,BTCUSDT,LONG,2024-07-29 15:00:00+00:00,2024-07-29 15:05:00+00:00,68258.74,68292.86937,2024-07-29 16:25:00+00:00,67609.9406763,67576.13570596186,0.00011257481601478421,7.688057204449442,0.07688057204449442,67609.9406763,69658.7267574,SL,-0.07303846449604444,0.0076880572044494425,0.0076073710440887465,0.0038421075484499447,0.003805588316201378,0.007647695864651322,-0.09598158860923396,-1.2484504999999855,0 days 01:20:00
5m,DEVELOPMENT,423,CLOSED,BTCUSDT,LONG,2024-07-29 16:35:00+00:00,2024-07-29 16:40:00+00:00,67240.68,67274.30033999999,2024-07-29 17:00:00+00:00,66601.55733659999,66568.25655793169,0.00011285396448826325,7.592171501543115,0.07592171501543116,66601.55733659999,68619.78634679999,SL,-0.07212752635898839,0.007592171501543115,0.0075124916616344205,0.003794188656442663,0.0037581248932639626,0.0075523135497066254,-0.09478450307187256,-1.2484505000000004,0 days 00:20:00
5m,DEVELOPMENT,424,CLOSED,BTCUSDT,LONG,2024-07-29 23:15:00+00:00,2024-07-29 23:20:00+00:00,66833.33,66866.746665,2024-07-30 00:20:00+00:00,66198.07919835,66164.98015875083,0.00011212571363530839,7.497481688284502,0.07497481688284502,66198.07919835,68204.0815983,SL,-0.07122794947240876,0.007497481688284502,0.007418795617965956,0.0037468674104366973,0.0037112534357000957,0.007458120846136793,-0.09360234762479602,-1.2484504999999961,0 days 01:00:00
5m,DEVELOPMENT,425,CLOSED,BTCUSDT,LONG,2024-07-30 02:30:00+00:00,2024-07-30 02:35:00+00:00,66081.99,66115.03099500001,2024-07-30 20:05:00+00:00,65453.880685050004,65421.15374470748,0.00011198622670325032,7.403972849498492,0.07403972849498493,65453.880685050004,67437.33161490002,SL,-0.07033959213841408,0.007403972849498492,0.007326268154443006,0.0037001363565712987,0.0036649665605015796,0.007365102917072878,-0.09243493605942847,-1.248450500000004,0 days 17:30:00
5m,DEVELOPMENT,426,CLOSED,BTCUSDT,LONG,2024-07-31 04:15:00+00:00,2024-07-31 04:20:00+00:00,65852.0,65884.92599999999,2024-07-31 19:50:00+00:00,65226.07673999999,65193.46370163,0.00011097576790224415,7.31163025603253,0.07311630256032531,65226.07673999999,67202.62452,SL,-0.06946231442637718,0.007311630256032531,0.007234894696495469,0.003653988133948425,0.003619256976735311,0.007273245110683736,-0.09128208448958891,-1.2484504999999932,0 days 15:30:00
5m,DEVELOPMENT,427,CLOSED,BTCUSDT,LONG,2024-07-31 20:00:00+00:00,2024-07-31 20:05:00+00:00,65372.0,65404.685999999994,2024-07-31 20:15:00+00:00,64750.63913999999,64718.263820429995,0.00011039636154566262,7.2204393624365375,0.07220439362436537,64750.63913999999,66712.77971999999,SL,-0.06859597815088474,0.007220439362436538,0.007144660851327767,0.0036084154734808923,0.0035741174844057966,0.0071825329578866885,-0.09014361132253573,-1.2484504999999997,0 days 00:10:00
5m,DEVELOPMENT,428,CLOSED,BTCUSDT,LONG,2024-07-31 20:25:00+00:00,2024-07-31 20:30:00+00:00,64882.01,64914.451004999995,2024-08-01 01:35:00+00:00,64265.30649495,64233.173841702526,0.00010984281148927153,7.130385804671767,0.07130385804671767,64265.30649495,66212.74002509999,SL,-0.06774044684998075,0.007130385804671767,0.0070555524056517376,0.0035634111967367803,0.0035295409733120246,0.0070929521700488045,-0.08901933723035306,-1.248450499999991,0 days 05:05:00
5m,DEVELOPMENT,429,CLOSED,BTCUSDT,LONG,2024-08-01 02:05:00+00:00,2024-08-01 02:10:00+00:00,64081.63,64113.67081499999,2024-08-01 15:15:00+00:00,63472.53410684999,63440.79783979657,0.00010982767494574376,7.041455397848238,0.07041455397848238,63472.53410684999,65395.94423129999,SL,-0.06689558576366637,0.007041455397848238,0.006967555323447821,0.003518968214815944,0.0034855204219343626,0.007004488636750307,-0.08790908512171274,-1.2484504999999917,0 days 13:05:00
5m,DEVELOPMENT,430,CLOSED,BTCUSDT,LONG,2024-08-01 15:35:00+00:00,2024-08-01 15:40:00+00:00,62932.0,62963.46599999999,2024-08-01 17:40:00+00:00,62333.83133999999,62302.664424329996,0.00011043918919568983,6.953634133990383,0.06953634133990383,62333.83133999999,64222.73531999999,SL,-0.0660612618126734,0.006953634133990383,0.006880655743754154,0.003475079527230811,0.0034420488963245346,0.006917128423555345,-0.08681268011397329,-1.2484504999999955,0 days 02:00:00
5m,DEVELOPMENT,431,CLOSED,BTCUSDT,LONG,2024-08-02 01:05:00+00:00,2024-08-02 01:10:00+00:00,64822.01,64854.421005,2024-08-02 02:20:00+00:00,64205.876794949996,64173.77385655252,0.00010588188242866529,6.8669081798305704,0.0686690817983057,64205.876794949996,66151.5094251,SL,-0.06523734357750145,0.00686690817983057,0.006794839978483249,0.0034317382208042977,0.003399119549016095,0.006830857769820392,-0.08572994950563567,-1.2484505000000001,0 days 01:10:00
5m,DEVELOPMENT,432,CLOSED,BTCUSDT,LONG,2024-08-02 02:35:00+00:00,2024-08-02 02:40:00+00:00,63996.01,64028.008004999996,2024-08-02 13:40:00+00:00,65308.5681651,65275.91388101745,0.00010591089877574486,6.781263874630136,0.06781263874630136,63387.72792495,65308.5681651,TP,0.13901421496118305,0.006781263874630137,0.006913430707546678,0.0033889374685801437,0.003458444576061324,0.0068473820446414676,0.11847213833436478,1.7470510000000035,0 days 11:00:00
5m,DEVELOPMENT,433,CLOSED,BTCUSDT,LONG,2024-08-02 15:15:00+00:00,2024-08-02 15:20:00+00:00,62848.02,62879.44400999999,2024-08-02 20:25:00+00:00,62250.64956989999,62219.52424511505,0.00010972771416494515,6.899617659179952,0.06899617659179952,62250.64956989999,64137.0328902,SL,-0.06554809180460353,0.006899617659179952,0.006827206171846859,0.003448084787195849,0.003415310741293572,0.006863395528489421,-0.08613831116411975,-1.2484504999999906,0 days 05:05:00
5m,DEVELOPMENT,434,CLOSED,BTCUSDT,LONG,2024-08-02 20:50:00+00:00,2024-08-02 20:55:00+00:00,62333.01,62364.176504999996,2024-08-02 21:25:00+00:00,61740.534739949995,61709.66447258002,0.0001092544755999218,6.813565400274738,0.06813565400274739,61740.534739949995,63611.4600351,SL,-0.0647305738426908,0.006813565400274738,0.006742057031398855,0.0034050801600566606,0.0033727148731358416,0.006777795033192502,-0.08506399130755689,-1.2484504999999986,0 days 00:30:00
5m,DEVELOPMENT,435,CLOSED,BTCUSDT,LONG,2024-08-02 21:30:00+00:00,2024-08-02 21:35:00+00:00,61854.67,61885.59733499999,2024-08-02 22:55:00+00:00,61266.74136164999,61236.10799096917,0.00010872620896840016,6.728586387979477,0.06728586387979477,61266.74136164999,63123.30928169999,SL,-0.06392325199174989,0.0067285863879794775,0.006657969873837633,0.003362611888044959,0.003330650262049497,0.006693262150094456,-0.08400307040366145,-1.2484504999999961,0 days 01:20:00
5m,DEVELOPMENT,436,CLOSED,BTCUSDT,LONG,2024-08-03 15:40:00+00:00,2024-08-03 15:45:00+00:00,61404.0,61434.702,2024-08-03 16:00:00+00:00,60820.35498,60789.94480251,0.00010815820733902265,6.644667236727069,0.0664466723672707,60820.35498,62663.39604,SL,-0.0631259990855484,0.006644667236727069,0.006574931454077618,0.003320673281722403,0.003289110282179607,0.0066097835639020094,-0.08295538134025511,-1.2484504999999972,0 days 00:15:00
5m,DEVELOPMENT,437,CLOSED,BTCUSDT,LONG,2024-08-03 16:05:00+00:00,2024-08-03 16:10:00+00:00,60904.55,60935.002275,2024-08-03 18:30:00+00:00,60325.65225225,60295.48942612388,0.0001076851478282093,6.561794727895645,0.06561794727895645,60325.65225225,62153.7023205,SL,-0.062338689543876294,0.006561794727895645,0.0064929286922263815,0.0032792577350798527,0.003248088390307937,0.00652734612538779,-0.0819207590893861,-1.248450499999989,0 days 02:20:00
5m,DEVELOPMENT,438,CLOSED,BTCUSDT,LONG,2024-08-03 18:35:00+00:00,2024-08-03 18:40:00+00:00,60267.4,60297.5337,2024-08-04 14:35:00+00:00,59694.558363,59664.711083818496,0.00010746634912078384,6.479955807726429,0.0647995580772643,59694.558363,61503.484374,SL,-0.061561199352763864,0.006479955807726429,0.00641194867152434,0.0032383587245008024,0.0032075781248246038,0.006445936849325406,-0.08089904068134003,-1.248450500000006,0 days 19:55:00
5m,DEVELOPMENT,439,CLOSED,BTCUSDT,LONG,2024-08-04 14:40:00+00:00,2024-08-04 14:45:00+00:00,59777.93,59807.818965,2024-08-04 15:35:00+00:00,59209.74077535,59180.13590496233,0.0001069949999181942,6.399137585267548,0.06399137585267548,59209.74077535,61003.9753443,SL,-0.06079340604494549,0.006399137585267548,0.006331978636310166,0.0031979698077297253,0.003167573104707238,0.006365542912436963,-0.07989006517896016,-1.2484504999999928,0 days 00:50:00
5m,DEVELOPMENT,440,CLOSED,BTCUSDT,LONG,2024-08-04 15:40:00+00:00,2024-08-04 15:45:00+00:00,59300.0,59329.649999999994,2024-08-04 16:55:00+00:00,58736.35349999999,58706.985323249995,0.00010651212893289466,6.319327330343513,0.06319327330343513,58736.35349999999,60516.242999999995,SL,-0.060035188680575856,0.006319327330343513,0.006253005990011558,0.0031580846228597068,0.0031280670285194797,0.006286151651379187,-0.07889367365231012,-1.2484504999999981,0 days 01:10:00
5m,DEVELOPMENT,441,CLOSED,BTCUSDT,LONG,2024-08-04 17:05:00+00:00,2024-08-04 17:10:00+00:00,58567.98,58597.26399,2024-08-04 17:35:00+00:00,58011.2913501,57982.285704424954,0.0001064983592512951,6.240512471549998,0.06240512471549998,58011.2913501,59769.2092698,SL,-0.05928642782816896,0.006240512471549998,0.006175018293161081,0.0031186968873309355,0.00308905367341685,0.006207750560747786,-0.07790970915362783,-1.2484504999999924,0 days 00:25:00
5m,DEVELOPMENT,442,CLOSED,BTCUSDT,LONG,2024-08-04 21:35:00+00:00,2024-08-04 21:40:00+00:00,58562.15,58591.431075,2024-08-04 23:55:00+00:00,58005.51676425,57976.51400586788,0.00010518057813582165,6.162680594273646,0.061626805942736465,58005.51676425,59763.259696500005,SL,-0.058547005545798066,0.006162680594273646,0.006098003261436746,0.003079800396938245,0.003050526894165045,0.00613032729110329,-0.07693801669261176,-1.248450499999991,0 days 02:15:00
5m,DEVELOPMENT,443,CLOSED,BTCUSDT,LONG,2024-08-04 23:55:00+00:00,2024-08-05 00:00:00+00:00,58161.0,58190.0805,2024-08-05 00:10:00+00:00,57608.179695,57579.375605152505,0.00010458516961042136,6.085819438736572,0.06085819438736573,57608.179695,59353.88211,SL,-0.05781680536250998,0.006085819438736572,0.006021948763727033,0.0030413890248554808,0.0030124806221739488,0.00605386964702943,-0.07597844321200302,-1.248450499999985,0 days 00:10:00
5m,DEVELOPMENT,444,CLOSED,BTCUSDT,LONG,2024-08-05 00:25:00+00:00,2024-08-05 00:30:00+00:00,57409.99,57438.694995,2024-08-05 00:35:00+00:00,56864.30804505,56835.87589102748,0.00010463184963705045,6.009916898065242,0.06009916898065242,56864.30804505,58587.4688949,SL,-0.0570957122599801,0.0060099168980652425,0.005946842820220048,0.0030034567206722903,0.0029749088645418752,0.0059783655852141656,-0.07503083756347956,-1.2484504999999926,0 days 00:05:00
5m,DEVELOPMENT,445,CLOSED,BTCUSDT,LONG,2024-08-05 00:45:00+00:00,2024-08-05 00:50:00+00:00,56917.85,56946.308925,2024-08-05 00:55:00+00:00,56376.84583575,56348.65741283213,0.00010422029326255312,5.934961016383446,0.059349610163834464,56376.84583575,58085.235103499996,SL,-0.05638361265439746,0.0059349610163834466,0.005872673600516502,0.0029659975094369004,0.002937805703109138,0.005903803212546039,-0.07409505048384345,-1.248450499999987,0 days 00:05:00
5m,DEVELOPMENT,446,CLOSED,BTCUSDT,LONG,2024-08-05 04:55:00+00:00,2024-08-05 05:00:00+00:00,53526.01,53552.773004999995,2024-08-05 05:00:00+00:00,53017.24527494999,52990.736652312524,0.0001094423249825335,5.860939986929057,0.05860939986929057,53017.24527494999,54623.8284651,SL,-0.05568039437857234,0.005860939986929057,0.005799429421766237,0.00292900549071845,0.0029011652935293,0.00583017078424775,-0.0731709345715154,-1.2484504999999941,0 days 00:00:00
5m,DEVELOPMENT,447,CLOSED,BTCUSDT,LONG,2024-08-05 05:10:00+00:00,2024-08-05 05:15:00+00:00,52907.99,52934.443994999994,2024-08-05 06:05:00+00:00,52405.099555049994,52378.89700527247,0.00010933981191416645,5.787842150194277,0.05787842150194277,52405.099555049994,53993.132874899995,SL,-0.054985946664264936,0.005787842150194277,0.005727098746827987,0.0028924748376778857,0.0028649818643461497,0.0057574567020240355,-0.07225834426331124,-1.2484505000000006,0 days 00:50:00
5m,DEVELOPMENT,448,CLOSED,BTCUSDT,LONG,2024-08-05 06:25:00+00:00,2024-08-05 06:30:00+00:00,50012.02,50037.026009999994,2024-08-05 06:35:00+00:00,51037.766530199995,51012.2476469349,0.00011422853130693232,5.715655992089071,0.057156559920890714,49536.6557499,51037.766530199995,TP,0.1171695196379277,0.0057156559920890715,0.005827054127374888,0.002856399796146158,0.002914984555965029,0.005771384352111187,0.09985542516635254,1.7470510000000088,0 days 00:05:00
5m,DEVELOPMENT,449,CLOSED,BTCUSDT,LONG,2024-08-05 10:30:00+00:00,2024-08-05 10:35:00+00:00,51192.02,51217.61600999999,2024-08-05 10:35:00+00:00,50705.43984989999,50680.08712997504,0.00011354319303831903,5.815411661585928,0.058154116615859286,50705.43984989999,52241.96833019999,SL,-0.05524786391141964,0.005815411661585929,0.005754378916197585,0.0029062527044400447,0.0028786287724843324,0.005784881476924377,-0.07260253596612753,-1.2484504999999948,0 days 00:00:00
5m,DEVELOPMENT,450,CLOSED,BTCUSDT,LONG,2024-08-05 11:05:00+00:00,2024-08-05 11:10:00+00:00,51012.0,51037.505999999994,2024-08-05 12:15:00+00:00,50527.130939999995,50501.86737453,0.00011252277208893715,5.742881655625762,0.057428816556257624,50527.130939999995,52058.25612,SL,-0.0545588107313577,0.005742881655625762,0.0056826101126499695,0.0028700058248997498,0.0028427264195346248,0.0057127322444343745,-0.07169703474406781,-1.2484504999999948,0 days 01:05:00
5m,DEVELOPMENT,451,CLOSED,BTCUSDT,LONG,2024-08-05 12:30:00+00:00,2024-08-05 12:35:00+00:00,50308.0,50333.153999999995,2024-08-05 12:55:00+00:00,49829.822459999996,49804.907548769996,0.0001126743666071677,5.671256246291029,0.05671256246291029,49829.822459999996,51339.81707999999,SL,-0.05387835144527407,0.005671256246291029,0.005611736411986205,0.0028342110176361322,0.002807271841914076,0.0056414828595502085,-0.07080282696310151,-1.2484504999999988,0 days 00:20:00
5m,DEVELOPMENT,452,CLOSED,BTCUSDT,LONG,2024-08-05 13:00:00+00:00,2024-08-05 13:05:00+00:00,50082.01,50107.051005,2024-08-05 13:30:00+00:00,51109.192025100005,51083.63742908746,0.00011177117868828361,5.600524151422796,0.05600524151422796,49605.98049495,51109.192025100005,TP,0.11480934567284541,0.005600524151422796,0.005709678367134027,0.0027988626443891064,0.0028562673172251246,0.005655129961614231,0.09784401319267436,1.7470510000000157,0 days 00:25:00
5m,DEVELOPMENT,453,CLOSED,BTCUSDT,LONG,2024-08-05 18:50:00+00:00,2024-08-05 18:55:00+00:00,53324.01,53350.672005,2024-08-05 19:10:00+00:00,52817.16528495,52790.75670230753,0.00010680784710292883,5.698270418348545,0.05698270418348545,52817.16528495,54417.6854451,SL,-0.05413499282998789,0.005698270418348545,0.0056384670703079785,0.002847711353497344,0.0028206438570820727,0.005668355210579417,-0.07114008552922382,-1.2484504999999881,0 days 00:15:00
5m,DEVELOPMENT,454,CLOSED,BTCUSDT,LONG,2024-08-05 19:20:00+00:00,2024-08-05 19:25:00+00:00,53116.7,53143.25835,2024-08-05 20:05:00+00:00,54206.123517,54179.0204552415,0.00010588739901447604,5.627201401835835,0.05627201401835835,52611.8257665,54206.123517,TP,0.11535622264033313,0.0056272014018358355,0.005736875557157617,0.0028121946036160396,0.0028698727149361037,0.005682067318552144,0.09831007836278753,1.74705100000001,0 days 00:40:00
5m,DEVELOPMENT,455,CLOSED,BTCUSDT,LONG,2024-08-05 23:55:00+00:00,2024-08-06 00:00:00+00:00,54018.82,54045.82941,2024-08-06 00:15:00+00:00,55126.7459982,55099.182625200905,0.0001059362642933696,5.725413268332128,0.05725413268332128,53505.3711159,55126.7459982,TP,0.11736954136281057,0.005725413268332128,0.005837001572931921,0.002861275996167848,0.002919960766848856,0.005781236763016704,0.10002588975852982,1.7470510000000121,0 days 00:15:00
5m,DEVELOPMENT,456,CLOSED,BTCUSDT,LONG,2024-08-06 09:20:00+00:00,2024-08-06 09:25:00+00:00,54810.01,54837.415005,2024-08-06 14:05:00+00:00,55934.1633051,55906.196223447456,0.00010622928217159246,5.825339232126864,0.05825339232126864,54289.04085495,55934.1633051,TP,0.11941799865159623,0.005825339232126864,0.005938875093761017,0.0029112140090589585,0.002970923008384357,0.005882137017443315,0.10177164730826503,1.7470510000000057,0 days 04:40:00
5m,DEVELOPMENT,457,CLOSED,BTCUSDT,LONG,2024-08-07 13:55:00+00:00,2024-08-07 14:00:00+00:00,56832.06,56860.47603,2024-08-07 14:25:00+00:00,56291.8712697,56263.72533406515,0.00010423776977052858,5.927009209457799,0.05927009209457799,56291.8712697,57997.6855506,SL,-0.05630806850164521,0.005927009209457799,0.005864805247804539,0.0029620235929324664,0.002933869558681568,0.005895893151614035,-0.07399577611052159,-1.2484504999999941,0 days 00:25:00
5m,DEVELOPMENT,458,CLOSED,BTCUSDT,LONG,2024-08-07 14:40:00+00:00,2024-08-07 14:45:00+00:00,55932.01,55959.976005,2024-08-07 18:05:00+00:00,55400.37624495,55372.67605682753,0.00010459417199676002,5.8530873552015334,0.05853087355201533,55400.37624495,57079.1755251,SL,-0.055605792414983396,0.005853087355201534,0.005791659203408695,0.002925081137031703,0.0028972782408243874,0.005822359377856091,-0.07307289835144971,-1.2484504999999897,0 days 03:20:00
5m,DEVELOPMENT,459,CLOSED,BTCUSDT,LONG,2024-08-07 18:20:00+00:00,2024-08-07 18:25:00+00:00,55126.35,55153.913174999994,2024-08-07 22:20:00+00:00,54602.37404324999,54575.07285622837,0.00010479922681838864,5.780087456748538,0.05780087456748538,54602.37404324999,56256.991438499994,SL,-0.05491227513882626,0.005780087456748538,0.005719425438889962,0.0028885994286594868,0.002861143291090154,0.0057497427197496405,-0.0721615307542144,-1.2484505,0 days 03:55:00
5m,DEVELOPMENT,460,CLOSED,BTCUSDT,LONG,2024-08-08 13:50:00+00:00,2024-08-08 13:55:00+00:00,57083.27,57111.81163499999,2024-08-08 14:25:00+00:00,58254.04786769999,58224.920843766144,9.994426462804741e-05,5.707998015435636,0.057079980154356356,56540.69351864999,58254.04786769999,TP,0.1170125330300694,0.005707998015435636,0.0058192468967564765,0.0028525727213565533,0.002911078987872,0.005763651709228553,0.09972163640864873,1.7470510000000052,0 days 00:30:00
5m,DEVELOPMENT,461,CLOSED,BTCUSDT,LONG,2024-08-09 01:05:00+00:00,2024-08-09 01:10:00+00:00,61006.24,61036.74311999999,2024-08-09 10:20:00+00:00,60426.37568879999,60396.162500955594,9.514957274853188e-05,5.8076200298298915,0.058076200298298915,60426.37568879999,62257.47798239999,SL,-0.05517384146280233,0.0058076200298298915,0.005746669057616827,0.0029023588354966214,0.002874771914765598,0.005777130750262219,-0.07250526130051127,-1.2484504999999972,0 days 09:10:00
5m,DEVELOPMENT,462,CLOSED,BTCUSDT,LONG,2024-08-09 14:40:00+00:00,2024-08-09 14:45:00+00:00,59818.61,59848.519304999994,2024-08-10 00:15:00+00:00,61045.489691099996,61014.96694625445,9.582838920592497e-05,5.735187201357854,0.05735187201357854,59250.03411194999,61045.489691099996,TP,0.11756990454757536,0.005735187201357854,0.005846965999912319,0.00286616052041812,0.0029249454726923145,0.0057911059931104346,0.10019664535319475,1.7470510000000061,0 days 09:30:00
5m,DEVELOPMENT,463,CLOSED,BTCUSDT,LONG,2024-08-10 03:20:00+00:00,2024-08-10 03:25:00+00:00,60397.53,60427.72876499999,2024-08-11 09:20:00+00:00,61636.2833403,61605.46519862985,9.656632591397456e-05,5.835283750162245,0.05835283750162245,59823.45147734999,61636.2833403,TP,0.11962185878643423,0.005835283750162245,0.005949013430452907,0.0029161837831889223,0.0029759947125825694,0.005892178495771491,0.10194538311004758,1.74705100000001,1 days 05:55:00
5m,DEVELOPMENT,464,CLOSED,BTCUSDT,LONG,2024-08-11 11:05:00+00:00,2024-08-11 11:10:00+00:00,60814.0,60844.407,2024-08-11 12:15:00+00:00,60235.96293,60205.84494853501,9.757885042305897e-05,5.937127289732722,0.059371272897327215,60235.96293,62061.29514,SL,-0.056404192792513116,0.005937127289732722,0.005874817138826978,0.00296708010481388,0.002938878008417205,0.005905958113231085,-0.0741220953343039,-1.2484504999999881,0 days 01:05:00
5m,DEVELOPMENT,465,CLOSED,BTCUSDT,LONG,2024-08-11 12:15:00+00:00,2024-08-11 12:20:00+00:00,60439.36,60469.579679999995,2024-08-11 19:15:00+00:00,59864.8838832,59834.9514412584,9.695915323825029e-05,5.863079242445705,0.058630792424457054,59864.8838832,61678.97127359999,SL,-0.05570071784052657,0.005863079242445705,0.005801546225796239,0.002930074583930373,0.002902224225009987,0.0058322988089403605,-0.07319764211770886,-1.248450499999987,0 days 06:55:00
5m,DEVELOPMENT,466,CLOSED,BTCUSDT,LONG,2024-08-11 19:35:00+00:00,2024-08-11 19:40:00+00:00,59611.81,59641.61590499999,2024-08-11 20:05:00+00:00,59045.19974594999,59015.67714607702,9.707910553711546e-05,5.7899547248455985,0.05789954724845599,59045.19974594999,60834.44822309999,SL,-0.05500601665133242,0.005789954724845598,0.005729189150008343,0.0028935305971236353,0.002866027588798371,0.005759558185922007,-0.07228471871210837,-1.2484504999999977,0 days 00:25:00
5m,DEVELOPMENT,467,CLOSED,BTCUSDT,LONG,2024-08-11 20:10:00+00:00,2024-08-11 20:15:00+00:00,59021.71,59051.22085499999,2024-08-11 20:35:00+00:00,58460.708646449995,58431.478292126776,9.68268248454945e-05,5.717742218639696,0.05717742218639696,58460.708646449995,60232.24527209999,SL,-0.05431997979827156,0.005717742218639696,0.005657734514055074,0.0028574423881251245,0.00283028239822609,0.005687724786351215,-0.07138318131731755,-1.2484504999999855,0 days 00:20:00
5m,DEVELOPMENT,468,CLOSED,BTCUSDT,LONG,2024-08-11 20:35:00+00:00,2024-08-11 20:40:00+00:00,58665.97,58695.302984999995,2024-08-12 00:30:00+00:00,58108.34995514999,58079.29578017242,9.61990152880685e-05,5.646430349191827,0.05646430349191827,58108.34995514999,59869.209044699994,SL,-0.0536424992194595,0.005646430349191827,0.005587171062677059,0.0028218042724590725,0.0027949830228497607,0.005616787295308833,-0.07049288792663722,-1.248450500000002,0 days 03:50:00
5m,DEVELOPMENT,469,CLOSED,BTCUSDT,LONG,2024-08-12 00:40:00+00:00,2024-08-12 00:45:00+00:00,58346.0,58375.172999999995,2024-08-12 07:20:00+00:00,57791.42126999999,57762.52555936499,9.552019458221824e-05,5.576007883730652,0.05576007883730652,57791.42126999999,59542.676459999995,SL,-0.05297346820076027,0.005576007883730652,0.005517487680990899,0.002786610636546597,0.002760123902446575,0.005546734538993172,-0.06961369830447499,-1.2484505000000043,0 days 06:35:00
5m,DEVELOPMENT,470,CLOSED,BTCUSDT,LONG,2024-08-12 18:00:00+00:00,2024-08-12 18:05:00+00:00,59306.81,59336.463404999995,2024-08-12 18:45:00+00:00,58743.09877095,58713.72722156453,9.280067286781242e-05,5.506463729580328,0.05506463729580328,58743.09877095,60523.1926731,SL,-0.052312781358981604,0.005506463729580328,0.005448673392738383,0.002751855936821502,0.0027256995461416894,0.005477555482963191,-0.0687454739642635,-1.2484504999999864,0 days 00:40:00
5m,DEVELOPMENT,471,CLOSED,BTCUSDT,LONG,2024-08-12 18:55:00+00:00,2024-08-12 19:00:00+00:00,58527.91,58557.173955,2024-08-12 23:15:00+00:00,59728.3174341,59698.45327538295,9.28628648744569e-05,5.437786932413232,0.05437786932413232,57971.602215449995,59728.3174341,TP,0.11147327334712129,0.005437786932413232,0.0055437693997259655,0.002717534698856713,0.002773271335530709,0.005490806034387423,0.09500091098059467,1.7470509999999995,0 days 04:15:00
5m,DEVELOPMENT,472,CLOSED,BTCUSDT,LONG,2024-08-13 03:55:00+00:00,2024-08-13 04:00:00+00:00,59040.0,59069.52,2024-08-13 10:20:00+00:00,58478.824799999995,58449.5853876,9.366409169041584e-05,5.532692937388852,0.05532692937388852,58478.824799999995,60250.9104,SL,-0.05256196538718793,0.005532692937388852,0.005474627325010956,0.002764963986700776,0.0027386830040073322,0.0055036469907081085,-0.06907293264029585,-1.2484505000000006,0 days 06:20:00
5m,DEVELOPMENT,473,CLOSED,BTCUSDT,LONG,2024-08-14 06:15:00+00:00,2024-08-14 06:20:00+00:00,60723.88,60754.24193999999,2024-08-14 13:40:00+00:00,60146.69952059999,60116.62617083969,8.993098809582923e-05,5.463689008677268,0.05463689008677269,60146.69952059999,61969.326778799994,SL,-0.051906410822066894,0.005463689008677268,0.0054063475925312,0.0027304792647058524,0.0027045260592952125,0.005435005324001065,-0.06821145274727641,-1.2484505000000001,0 days 07:20:00
5m,DEVELOPMENT,474,CLOSED,BTCUSDT,LONG,2024-08-14 14:15:00+00:00,2024-08-14 14:20:00+00:00,59203.99,59233.591994999995,2024-08-14 16:45:00+00:00,58641.25607505,58611.935447012474,9.108928764095342e-05,5.395545699239431,0.05395545699239431,58641.25607505,60418.2638349,SL,-0.05125903235509325,0.005395545699239431,0.005338919447125913,0.002696424637300815,0.0026707951211233745,0.005367219758424189,-0.06736071725988278,-1.2484504999999928,0 days 02:25:00
5m,DEVELOPMENT,475,CLOSED,BTCUSDT,LONG,2024-08-14 19:15:00+00:00,2024-08-14 19:20:00+00:00,58798.0,58827.399,2024-08-15 01:55:00+00:00,58239.125009999996,58210.005447495,9.057433043067882e-05,5.3282522754033845,0.05328252275403385,58239.125009999996,60003.94698,SL,-0.050619728013702674,0.0053282522754033845,0.005272332267773026,0.0026627947403313106,0.0026374848763242205,0.005300279616655531,-0.06652059217353462,-1.2484504999999941,0 days 06:35:00
5m,DEVELOPMENT,476,CLOSED,BTCUSDT,LONG,2024-08-15 02:00:00+00:00,2024-08-15 02:05:00+00:00,58306.87,58336.023435,2024-08-15 07:25:00+00:00,57752.66320065,57723.786869049676,9.019809420556e-05,5.261798137367886,0.05261798137367886,57752.66320065,59502.7439037,SL,-0.04998839709713339,0.005261798137367886,0.00520657556591621,0.0026295842765456856,0.0026045900779970307,0.005234174354542716,-0.0656909451549602,-1.2484505000000026,0 days 05:20:00
5m,DEVELOPMENT,477,CLOSED,BTCUSDT,LONG,2024-08-15 07:30:00+00:00,2024-08-15 07:35:00+00:00,57945.12,57974.09256,2024-08-15 12:35:00+00:00,59133.574411199996,59104.007623994396,8.962922209010876e-05,5.196172817532761,0.05196172817532761,57394.351634399995,59133.574411199996,TP,0.10652024436541362,0.005196172817532762,0.005297446225746475,0.0025967880147585265,0.0026500481369417196,0.005246836151700246,0.09077978917043414,1.7470509999999972,0 days 05:00:00
5m,DEVELOPMENT,478,CLOSED,BTCUSDT,LONG,2024-08-15 18:20:00+00:00,2024-08-15 18:25:00+00:00,57949.18,57978.15459,2024-08-15 19:10:00+00:00,57398.3730441,57369.67385757795,9.118713686197589e-05,5.286861917603125,0.05286861917603125,57398.3730441,59137.7176818,SL,-0.05022650927218158,0.005286861917603125,0.005231376301777881,0.0026421099038494546,0.002616996649213362,0.005259106553062816,-0.0660038540446254,-1.2484504999999924,0 days 00:45:00
5m,DEVELOPMENT,479,CLOSED,BTCUSDT,LONG,2024-08-15 19:15:00+00:00,2024-08-15 19:20:00+00:00,57269.65,57298.284824999995,2024-08-15 19:35:00+00:00,56725.30197674999,56696.939325761625,9.111832958735741e-05,5.220924001474629,0.0522092400147463,56725.30197674999,58444.2505215,SL,-0.04960008259272071,0.0052209240014746295,0.0051661304040791535,0.00260915742202573,0.0025843573807293805,0.00519351480275511,-0.0651806518010296,-1.248450499999992,0 days 00:15:00
5m,DEVELOPMENT,480,CLOSED,BTCUSDT,LONG,2024-08-15 19:35:00+00:00,2024-08-15 19:40:00+00:00,57010.19,57038.695095,2024-08-15 20:55:00+00:00,56468.30814405,56440.07398997798,9.039141685521871e-05,5.155808465209864,0.05155808465209864,56468.30814405,58179.4689969,SL,-0.04898146872745599,0.005155808465209864,0.005101698255367487,0.00257661592464265,0.00255212519027867,0.00512874111492132,-0.06436771656295466,-1.248450499999996,0 days 01:15:00
5m,DEVELOPMENT,481,CLOSED,BTCUSDT,LONG,2024-08-15 20:55:00+00:00,2024-08-15 21:00:00+00:00,56671.06,56699.395529999994,2024-08-15 22:35:00+00:00,57833.383440599995,57804.4667488797,8.979822455719328e-05,5.091505052060061,0.05091505052060061,56132.401574699994,57833.383440599995,TP,0.10437458132708807,0.005091505052060061,0.005190738485524712,0.0025444802858867865,0.002596667576550318,0.005141147862437105,0.0889511899270662,1.7470510000000077,0 days 01:35:00
5m,DEVELOPMENT,482,CLOSED,BTCUSDT,LONG,2024-08-16 01:20:00+00:00,2024-08-16 01:25:00+00:00,57237.06,57265.67853,2024-08-16 02:30:00+00:00,58410.9921006,58381.78660454971,9.046199246457314e-05,5.180367379659528,0.051803673796595284,56693.021744699996,58410.9921006,TP,0.10619623683839798,0.005180367379659529,0.005281332739889093,0.0025888892452071367,0.0026419873636257924,0.005230876608832929,0.09050366011001641,1.747051000000016,0 days 01:05:00
5m,DEVELOPMENT,483,CLOSED,BTCUSDT,LONG,2024-08-16 12:25:00+00:00,2024-08-16 12:30:00+00:00,58122.56,58151.62127999999,2024-08-16 12:40:00+00:00,57570.10506719999,57541.320014666395,9.063858428200788e-05,5.270780626522682,0.05270780626522682,57570.10506719999,59314.653705599994,SL,-0.0500737329886044,0.005270780626522682,0.0052154637838473265,0.002634073276622526,0.002609036410128381,0.005243109686750907,-0.06580308708572531,-1.2484504999999952,0 days 00:10:00
5m,DEVELOPMENT,484,CLOSED,BTCUSDT,LONG,2024-08-16 12:40:00+00:00,2024-08-16 12:45:00+00:00,57721.02,57749.880509999995,2024-08-16 13:15:00+00:00,58904.878120199995,58875.425681139895,9.013080600028921e-05,5.205043276786692,0.05205043276786692,57172.38170489999,58904.878120199995,TP,0.10670208656361314,0.005205043276786692,0.005306489570251265,0.0026012210278792817,0.0026545720711612136,0.005255793099040495,0.0909347606175347,1.7470510000000004,0 days 00:30:00
5m,DEVELOPMENT,485,CLOSED,BTCUSDT,LONG,2024-08-16 21:25:00+00:00,2024-08-16 21:30:00+00:00,59097.27,59126.818634999996,2024-08-18 23:50:00+00:00,58535.55044864999,58506.28267342567,8.956827571224402e-05,5.295887193487527,0.05295887193487527,58535.55044864999,60309.355007699996,SL,-0.05031225164827523,0.005295887193487527,0.0052403068573918755,0.0026466202866003916,0.0026214641607763536,0.005268084447376745,-0.06611653014653138,-1.248450500000007,2 days 02:20:00
5m,DEVELOPMENT,486,CLOSED,BTCUSDT,LONG,2024-08-19 00:25:00+00:00,2024-08-19 00:30:00+00:00,58432.63,58461.846314999995,2024-08-19 10:05:00+00:00,57877.227851849995,57848.28923792407,8.945726218843014e-05,5.229836713820663,0.052298367138206625,57877.227851849995,59631.083241299995,SL,-0.04968475558707206,0.005229836713820663,0.005174949577509115,0.002613611551134572,0.002588769173340983,0.0052023807244755554,-0.06529192260287739,-1.2484504999999955,0 days 09:35:00
5m,DEVELOPMENT,487,CLOSED,BTCUSDT,LONG,2024-08-19 10:05:00+00:00,2024-08-19 10:10:00+00:00,57949.48,57978.45474,2024-08-19 17:30:00+00:00,59138.023834800006,59108.45482288261,8.907809014700368e-05,5.1646100179136925,0.05164610017913693,57398.6701926,59138.023834800006,TP,0.10587321485998007,0.005164610017913692,0.005265268267162831,0.0025810145017058006,0.0026339511091356253,0.005214965610841426,0.09022837096406211,1.7470510000000148,0 days 07:20:00
5m,DEVELOPMENT,488,CLOSED,BTCUSDT,LONG,2024-08-20 10:20:00+00:00,2024-08-20 10:25:00+00:00,60748.05,60778.424025,2024-08-20 14:10:00+00:00,60170.63978475,60140.554464857625,8.645746142551487e-05,5.254748250645023,0.052547482506450235,60170.63978475,61993.9925055,SL,-0.049921421411675576,0.005254748250645023,0.0051995996677545045,0.002626061094774895,0.0026011003840690577,0.0052271614788439525,-0.06560293080891906,-1.2484505000000001,0 days 03:45:00
5m,DEVELOPMENT,489,CLOSED,BTCUSDT,LONG,2024-08-20 14:45:00+00:00,2024-08-20 14:50:00+00:00,59737.39,59767.258695,2024-08-20 15:00:00+00:00,59169.586108049996,59140.00131499598,8.682363840226855e-05,5.189210857229521,0.05189210857229521,59169.586108049996,60962.6038689,SL,-0.04929879979806784,0.005189210857229521,0.005134750089282898,0.00259330877422742,0.0025686593743280504,0.00516196814855547,-0.06478472889313573,-1.2484504999999901,0 days 00:10:00
5m,DEVELOPMENT,490,CLOSED,BTCUSDT,LONG,2024-08-20 15:10:00+00:00,2024-08-20 15:15:00+00:00,58862.98,58892.41149,2024-08-21 13:55:00+00:00,60070.2597198,60040.2245899401,8.70144509062159e-05,5.12449084834527,0.0512449084834527,58303.4873751,60070.2597198,TP,0.10505078190860695,0.0051244908483452705,0.00522436717497952,0.0025609649417013833,0.0026134903326559145,0.005174455274357298,0.08952746861092485,1.7470510000000063,0 days 22:40:00
5m,DEVELOPMENT,491,CLOSED,BTCUSDT,LONG,2024-08-22 00:45:00+00:00,2024-08-22 00:50:00+00:00,60976.92,61007.40845999999,2024-08-22 02:45:00+00:00,60397.334375399994,60367.1357082123,8.546386431648167e-05,5.213928878925615,0.05213928878925615,60397.334375399994,62227.55662919999,SL,-0.04953362718059802,0.005213928878925615,0.005159208695341292,0.0026056616086578984,0.0025808947950677363,0.005186556403725635,-0.06509332115859055,-1.2484504999999868,0 days 01:55:00
5m,DEVELOPMENT,492,CLOSED,BTCUSDT,LONG,2024-08-22 12:35:00+00:00,2024-08-22 12:40:00+00:00,60945.5,60975.97274999999,2024-08-22 14:45:00+00:00,60366.21302249999,60336.02991598874,8.444146692288549e-05,5.1489005860598915,0.051489005860598916,60366.21302249999,62195.492204999995,SL,-0.04891584214942517,0.005148900586059891,0.005094862874409193,0.0025731637111738133,0.0025487057900995796,0.005121869501273393,-0.06428147511116765,-1.2484505000000001,0 days 02:05:00
5m,DEVELOPMENT,493,CLOSED,BTCUSDT,LONG,2024-08-22 15:50:00+00:00,2024-08-22 15:55:00+00:00,60280.0,60310.14,2024-08-23 14:00:00+00:00,61516.3428,61485.5846286,8.430892928132116e-05,5.084683328206578,0.05084683328206579,59707.0386,61516.3428,TP,0.10423473769267047,0.005084683328206579,0.005183783806273325,0.0025410711285389705,0.002593188497385109,0.0051342596259240795,0.08883201093226648,1.747051000000003,0 days 22:05:00
5m,DEVELOPMENT,494,CLOSED,BTCUSDT,LONG,2024-08-24 00:25:00+00:00,2024-08-24 00:30:00+00:00,63888.01,63919.954005,2024-08-26 09:30:00+00:00,63280.75446495,63249.11408771753,8.09360187503655e-05,5.173426595871181,0.05173426595871181,63280.75446495,65198.3530851,SL,-0.04914884537107038,0.0051734265958711815,0.005119131483747512,0.002585420587641572,0.0025608461649558457,0.005146266752597418,-0.06458767020328648,-1.248450499999995,2 days 09:00:00
5m,DEVELOPMENT,495,CLOSED,BTCUSDT,LONG,2024-08-26 12:45:00+00:00,2024-08-26 12:50:00+00:00,63611.01,63642.815505,2024-08-26 21:20:00+00:00,63006.38734995,62974.884156275024,8.02746297170586e-05,5.108903448814951,0.05108903448814951,63006.38734995,64915.6718151,SL,-0.04853585935131087,0.005108903448814951,0.0050552855071196385,0.0025531751368387855,0.0025289072071632292,0.005082082344002014,-0.06378213065124748,-1.2484504999999995,0 days 08:30:00
5m,DEVELOPMENT,496,CLOSED,BTCUSDT,LONG,2024-08-26 21:25:00+00:00,2024-08-26 21:30:00+00:00,62987.0,63018.4935,2024-08-27 10:10:00+00:00,62388.308565,62357.114410717506,8.005880109742616e-05,5.045185036575943,0.050451850365759436,62388.308565,64278.86337,SL,-0.04793051851339769,0.0050451850365759434,0.004992235819617079,0.002521331852361539,0.0024973665931045637,0.005018698445466103,-0.06298663781505681,-1.2484504999999853,0 days 12:40:00
5m,DEVELOPMENT,497,CLOSED,BTCUSDT,LONG,2024-08-27 10:10:00+00:00,2024-08-27 10:15:00+00:00,62467.01,62498.243505,2024-08-27 14:10:00+00:00,61873.26106995,61842.32443941503,7.971842155974185e-05,4.982261322474988,0.04982261322474989,61873.26106995,63748.2083751,SL,-0.047332727506371734,0.0049822613224749885,0.004929972489895614,0.002489885718378027,0.0024662193546246066,0.004956105073002634,-0.06220106639174497,-1.2484504999999873,0 days 03:55:00
5m,DEVELOPMENT,498,CLOSED,BTCUSDT,LONG,2024-08-27 14:20:00+00:00,2024-08-27 14:25:00+00:00,61968.76,61999.74438,2024-08-27 21:15:00+00:00,61379.7469362,61349.0570627319,7.935714000456188e-05,4.920122395010708,0.04920122395010708,61379.7469362,63239.739267599994,SL,-0.0467423921684929,0.004920122395010708,0.004868485710475072,0.002458831781614104,0.0024354605855298602,0.004894292367143964,-0.06142529264112265,-1.2484504999999897,0 days 06:50:00
5m,DEVELOPMENT,499,CLOSED,BTCUSDT,LONG,2024-08-27 21:55:00+00:00,2024-08-27 22:00:00+00:00,60419.99,60450.199994999995,2024-08-27 22:05:00+00:00,59845.697995049995,59815.775146052474,8.037621822095178e-05,4.858758466298298,0.04858758466298298,59845.697995049995,61659.203994899995,SL,-0.04615941951240933,0.004858758466298298,0.004807765796194498,0.002428165150573656,0.0024050854408173535,0.00483325059139101,-0.060659194366293134,-1.248450499999994,0 days 00:05:00
5m,DEVELOPMENT,500,CLOSED,BTCUSDT,LONG,2024-08-27 22:15:00+00:00,2024-08-27 22:20:00+00:00,59032.2,59061.71609999999,2024-08-28 15:20:00+00:00,58471.09893899999,58441.86338953049,8.123976388366028e-05,4.798159870527776,0.04798159870527776,58471.09893899999,60242.950421999994,SL,-0.04558371771051195,0.004798159870527776,0.004747803182686587,0.002397880994765974,0.0023750891359112705,0.004772970130677245,-0.05990265089440357,-1.2484505000000041,0 days 17:00:00
5m,DEVELOPMENT,501,CLOSED,BTCUSDT,LONG,2024-08-28 15:20:00+00:00,2024-08-28 15:25:00+00:00,58647.01,58676.333505,2024-08-28 16:20:00+00:00,58089.57016995,58060.525384865025,8.07534619053471e-05,4.7383170624414594,0.0473831706244146,58089.57016995,59849.8601751,SL,-0.04501519608046611,0.00473831706244146,0.004688588424871137,0.0023679745439487794,0.0023454669459084527,0.004713441489857232,-0.05915554305763594,-1.2484505000000048,0 days 00:55:00
5m,DEVELOPMENT,502,CLOSED,BTCUSDT,LONG,2024-08-29 16:55:00+00:00,2024-08-29 17:00:00+00:00,60294.99,60325.137494999995,2024-08-29 18:15:00+00:00,59721.886120049996,59692.02517698998,7.756667966514407e-05,4.679220615830436,0.046792206158304366,59721.886120049996,61531.640244899994,SL,-0.04445376507093299,0.0046792206158304366,0.0046301121954672965,0.0023384410873713334,0.0023162142048356047,0.004654655292206938,-0.058417753174437655,-1.248450499999989,0 days 01:15:00
5m,DEVELOPMENT,503,CLOSED,BTCUSDT,LONG,2024-08-29 18:20:00+00:00,2024-08-29 18:25:00+00:00,59850.0,59879.924999999996,2024-08-29 18:35:00+00:00,59281.12574999999,59251.48518712499,7.716878773728891e-05,4.620861222049779,0.04620861222049779,59281.12574999999,61077.523499999996,SL,-0.04389933624746004,0.004620861222049779,0.004572365283524366,0.002309275973038034,0.0022873263049146323,0.004596602277952666,-0.05768916503098685,-1.248450500000006,0 days 00:10:00
5m,DEVELOPMENT,504,CLOSED,BTCUSDT,LONG,2024-08-29 18:55:00+00:00,2024-08-29 19:00:00+00:00,59161.01,59190.590505,2024-08-30 14:55:00+00:00,58598.68459995,58569.38525765003,7.709383619287968e-05,4.56322968855229,0.045632296885522894,58598.68459995,60374.4023151,SL,-0.04335182227855038,0.00456322968855229,0.0045153385929709335,0.0022804746069725107,0.0022587986958331223,0.004539273302805633,-0.056969663862879244,-1.2484504999999944,0 days 19:55:00
5m,DEVELOPMENT,505,CLOSED,BTCUSDT,LONG,2024-08-30 15:00:00+00:00,2024-08-30 15:05:00+00:00,58492.0,58521.246,2024-08-30 16:25:00+00:00,57936.03354,57907.06552323,7.700309281590693e-05,4.5063169374405225,0.04506316937440523,57936.03354,59691.67092,SL,-0.042811136921911463,0.004506316937440523,0.004459023141182084,0.0022520324524939513,0.002230626884032977,0.004482659336526928,-0.056259136337061,-1.2484505000000024,0 days 01:20:00
5m,DEVELOPMENT,506,CLOSED,BTCUSDT,LONG,2024-08-30 16:25:00+00:00,2024-08-30 16:30:00+00:00,58092.01,58121.056005,2024-08-30 18:35:00+00:00,59283.4771251,59253.83538653745,7.656629644950074e-05,4.450114004036865,0.044501140040368654,57539.84544495,59283.4771251,TP,0.0912262251102407,0.004450114004036865,0.004536846725975544,0.0022239450295034138,0.002269558142058524,0.004493503171561938,0.07774576120866637,1.7470510000000061,0 days 02:05:00
5m,DEVELOPMENT,507,OPEN,BTCUSDT,LONG,2024-08-31 06:05:00+00:00,2024-08-31 06:10:00+00:00,59201.42,59231.02071,,,,7.644274981045514e-05,4.527782097152417,0.04527782097152417,58638.710502899994,60415.641124199996,END_OF_DATA,,0.004527782097152417,,0.0022627596687417456,,,,,
5m,VALIDATION,1,CLOSED,BTCUSDT,LONG,2024-09-01 02:10:00+00:00,2024-09-01 02:15:00+00:00,58620.01,58649.320005,2024-09-01 05:20:00+00:00,58062.826804950004,58033.79539154753,0.0003406692520615181,19.98001998001998,0.19980019980019978,58062.826804950004,59822.306405100004,SL,-0.18981518231892983,0.01998001998001998,0.019770329670329673,0.009985017481269138,0.009890109890109496,0.019875127371378636,-0.2494406593406581,-1.248450499999994,0 days 03:05:00
5m,VALIDATION,2,CLOSED,BTCUSDT,LONG,2024-09-01 10:15:00+00:00,2024-09-01 10:20:00+00:00,58086.0,58115.043,2024-09-01 14:10:00+00:00,57533.892569999996,57505.125623715,0.000339513273906503,19.7308285121472,0.197308285121472,57533.892569999996,59277.34386,SL,-0.18744780110740666,0.0197308285121472,0.019523753466912215,0.009860484014065836,0.009766760113511287,0.019627244127577124,-0.2463296272140432,-1.2484504999999946,0 days 03:50:00
5m,VALIDATION,3,CLOSED,BTCUSDT,LONG,2024-09-01 21:30:00+00:00,2024-09-01 21:35:00+00:00,58192.76,58221.85638,2024-09-01 22:20:00+00:00,57639.6378162,57610.8179972919,0.00033466375309822833,19.48474496847683,0.1948474496847683,57639.6378162,59386.2935076,SL,-0.18510994595239794,0.01948474496847683,0.019280252570032665,0.009737503732370692,0.009644948759394029,0.01938245249176472,-0.24325739598267215,-1.2484504999999915,0 days 00:45:00
5m,VALIDATION,4,CLOSED,BTCUSDT,LONG,2024-09-01 22:35:00+00:00,2024-09-01 22:40:00+00:00,57394.39,57423.08719499999,2024-09-02 10:20:00+00:00,58571.54893889999,58542.263164430544,0.0003350870098908788,19.241730586875757,0.19241730586875758,56848.85632304999,58571.54893889999,TP,0.39445066900231823,0.01924173058687576,0.019616751916013968,0.009616057264803256,0.00981328259930609,0.019429339864109347,0.33616284663531915,1.747051000000002,0 days 11:40:00
5m,VALIDATION,5,CLOSED,BTCUSDT,LONG,2024-09-03 03:30:00+00:00,2024-09-03 03:35:00+00:00,59176.99,59206.578494999994,2024-09-03 13:35:00+00:00,58614.512710049996,58585.20545369497,0.0003306652420076055,19.577557606491464,0.19577557606491464,58614.512710049996,60390.7100649,SL,-0.18599168920509954,0.019577557606491464,0.019372091139411334,0.00978388685981461,0.009690891015212656,0.019474777875027265,-0.2444161158260296,-1.2484504999999944,0 days 10:00:00
5m,VALIDATION,6,CLOSED,BTCUSDT,LONG,2024-09-03 13:40:00+00:00,2024-09-03 13:45:00+00:00,58628.25,58657.564125,2024-09-03 14:10:00+00:00,58070.98848375,58041.95298950813,0.0003295974858657552,19.333385662609313,0.19333385662609315,58070.98848375,59830.7154075,SL,-0.18367199472573886,0.019333385662609313,0.01913048178008023,0.00966186190035354,0.009570025902990215,0.019231887803343756,-0.24136774997177216,-1.2484504999999888,0 days 00:25:00
5m,VALIDATION,7,CLOSED,BTCUSDT,LONG,2024-09-03 14:15:00+00:00,2024-09-03 14:20:00+00:00,57927.0,57955.9635,2024-09-04 00:55:00+00:00,57376.403865,57347.7156630675,0.0003294269974350593,19.09225903926089,0.19092259039260892,57376.403865,59115.08277,SL,-0.1813812315523985,0.019092259039260893,0.018891885780643852,0.009541358840209688,0.009450668224433642,0.01899202706464333,-0.23835740343694659,-1.2484504999999937,0 days 10:35:00
5m,VALIDATION,8,CLOSED,BTCUSDT,LONG,2024-09-04 01:05:00+00:00,2024-09-04 01:10:00+00:00,56040.0,56068.02,2024-09-04 14:45:00+00:00,57189.380399999995,57160.785709799995,0.0003362726159245164,18.854139755108104,0.18854139755108104,55507.339799999994,57189.380399999995,TP,0.3865051538003652,0.018854139755108103,0.01922160693893516,0.009422358698203874,0.009615611275105,0.019037969973308873,0.3293914371330131,1.747050999999997,0 days 13:35:00
5m,VALIDATION,9,CLOSED,BTCUSDT,LONG,2024-09-05 02:15:00+00:00,2024-09-05 02:20:00+00:00,57827.99,57856.90399499999,2024-09-05 03:05:00+00:00,57278.33495504999,57249.69578757247,0.0003315628871452261,19.183202129866363,0.19183202129866364,57278.33495504999,59014.0420749,SL,-0.18224521363756313,0.019183202129866364,0.018981874423513415,0.009586807661101086,0.009495685054282948,0.019082492715384036,-0.23949278290632692,-1.2484504999999981,0 days 00:45:00
5m,VALIDATION,10,CLOSED,BTCUSDT,LONG,2024-09-05 03:25:00+00:00,2024-09-05 03:30:00+00:00,57085.7,57114.242849999995,2024-09-05 06:20:00+00:00,56543.10042149999,56514.828871289246,0.0003316851919098743,18.943948600489414,0.18943948600489413,56543.10042149999,58256.527706999994,SL,-0.17997224532499106,0.018943948600489414,0.018745131859927277,0.009467240679904091,0.00937725455724086,0.018844495237144952,-0.23650582102255271,-1.2484504999999981,0 days 02:50:00
5m,VALIDATION,11,CLOSED,BTCUSDT,LONG,2024-09-05 09:25:00+00:00,2024-09-05 09:30:00+00:00,56820.37,56848.780184999996,2024-09-05 15:00:00+00:00,56280.292383149994,56252.15223695842,0.000329077932510406,18.707679049018335,0.18707679049018336,56280.292383149994,57985.7557887,SL,-0.1777276255481481,0.018707679049018336,0.018511341957398886,0.009349164942035965,0.009260301129263708,0.018609466071299673,-0.233556112625865,-1.248450500000002,0 days 05:30:00
5m,VALIDATION,12,CLOSED,BTCUSDT,LONG,2024-09-06 05:30:00+00:00,2024-09-06 05:35:00+00:00,56404.01,56432.212005,2024-09-06 07:20:00+00:00,55867.889884950004,55839.95594000753,0.00032737253428140377,18.474356259182308,0.1847435625918231,55867.889884950004,57560.8562451,SL,-0.1755110007431557,0.01847435625918231,0.018280467890242194,0.009232561848666556,0.009144806348294692,0.018377368196961247,-0.23064319308954145,-1.2484504999999926,0 days 01:45:00
5m,VALIDATION,13,CLOSED,BTCUSDT,LONG,2024-09-06 07:25:00+00:00,2024-09-06 07:30:00+00:00,55567.99,55595.773994999996,2024-09-06 12:30:00+00:00,56707.6894749,56679.33563016255,0.0003281534218862363,18.243943478873078,0.1824394347887308,55039.81625505,56707.6894749,TP,0.37399628261038187,0.01824394347887308,0.01859951793727632,0.00911741303291941,0.009304411174223594,0.018421824207143004,0.31873099698708945,1.747051000000014,0 days 05:00:00
5m,VALIDATION,14,CLOSED,BTCUSDT,LONG,2024-09-06 14:15:00+00:00,2024-09-06 14:20:00+00:00,55255.99,55283.61799499999,2024-09-06 14:45:00+00:00,54730.781815049995,54703.41642414247,0.00033576594181941203,18.562356063275768,0.18562356063275767,54730.781815049995,56389.2903549,SL,-0.17634702087100163,0.01856235606327577,0.01836754413639169,0.009276539761755421,0.00918836625132048,0.0184649060130759,-0.231741827083745,-1.2484504999999912,0 days 00:25:00
5m,VALIDATION,15,CLOSED,BTCUSDT,LONG,2024-09-06 14:55:00+00:00,2024-09-06 15:00:00+00:00,54734.0,54761.367,2024-09-06 15:15:00+00:00,54213.75333,54186.646453335,0.0003347404703485359,18.33084574650879,0.1833084574650879,54213.75333,55856.594339999996,SL,-0.17414761501305967,0.01833084574650879,0.018138463520399183,0.009160842452027836,0.009073768644521418,0.018234611096549252,-0.2288515353765169,-1.2484504999999955,0 days 00:15:00
5m,VALIDATION,16,CLOSED,BTCUSDT,LONG,2024-09-06 15:20:00+00:00,2024-09-06 15:25:00+00:00,54212.41,54239.516205,2024-09-06 16:45:00+00:00,53697.12104295,53670.272482428525,0.0003337460232061585,18.102222834044742,0.18102222834044743,53697.12104295,55324.3065291,SL,-0.17197564021748807,0.01810222283404474,0.01791224000540144,0.00904658812295969,0.008960600302851713,0.018007188425811404,-0.22599729148274567,-1.2484504999999995,0 days 01:20:00
5m,VALIDATION,17,CLOSED,BTCUSDT,LONG,2024-09-06 18:25:00+00:00,2024-09-06 18:30:00+00:00,53788.99,53815.884495,2024-09-06 19:35:00+00:00,53277.72565005,53251.08678722498,0.0003321779709063938,17.876451314081958,0.1787645131408196,53277.72565005,54892.2021849,SL,-0.16983075436316655,0.01787645131408196,0.01768883795754067,0.008933758777652307,0.008848843400469117,0.017782602178121422,-0.2231786458129106,-1.2484504999999877,0 days 01:05:00
5m,VALIDATION,18,CLOSED,BTCUSDT,LONG,2024-09-06 19:40:00+00:00,2024-09-06 19:45:00+00:00,53424.21,53450.922105,2024-09-06 20:50:00+00:00,52916.41288395,52889.95467750802,0.00033027485642399794,17.653495623959174,0.17653495623959173,52916.41288395,54519.9405471,SL,-0.16771261959593461,0.017653495623959174,0.01746822218738572,0.008822336643657329,0.008738480333859376,0.017560816977516706,-0.2203951543847962,-1.2484504999999988,0 days 01:05:00
5m,VALIDATION,19,CLOSED,BTCUSDT,LONG,2024-09-06 20:55:00+00:00,2024-09-06 21:00:00+00:00,52888.0,52914.443999999996,2024-09-07 00:00:00+00:00,53972.732879999996,53945.74651356,0.0003294624175688926,17.43332064455378,0.17433320644553782,52385.29955999999,53972.732879999996,TP,0.3573787170612661,0.01743332064455378,0.017773096063916135,0.008712304170190434,0.008890993528721225,0.017603297698911658,0.30456900265388454,1.747051000000007,0 days 03:00:00
5m,VALIDATION,20,CLOSED,BTCUSDT,LONG,2024-09-07 16:45:00+00:00,2024-09-07 16:50:00+00:00,54505.55,54532.802775,2024-09-07 21:10:00+00:00,53987.474747249995,53960.48100987637,0.00032526451016380483,17.73758538246975,0.1773758538246975,53987.474747249995,55623.4588305,SL,-0.16851149331372076,0.01773758538246975,0.01755142942388073,0.008864360510977292,0.008780104764322448,0.01764446527529974,-0.221444973395371,-1.2484505000000028,0 days 04:20:00
5m,VALIDATION,21,CLOSED,BTCUSDT,LONG,2024-09-07 21:35:00+00:00,2024-09-07 21:40:00+00:00,54038.28,54065.299139999996,2024-09-08 22:20:00+00:00,55146.6051228,55119.031820238604,0.00032398529022221973,17.516361632824026,0.17516361632824026,53524.6461486,55146.6051228,TP,0.3590810365709356,0.017516361632824027,0.017857755521047767,0.008753803914453715,0.00893334443273876,0.017687148347192476,0.30601977106987127,1.747051000000016,1 days 00:40:00
5m,VALIDATION,22,CLOSED,BTCUSDT,LONG,2024-09-09 05:10:00+00:00,2024-09-09 05:15:00+00:00,54798.56,54825.959279999995,2024-09-09 16:10:00+00:00,55922.4784656,55894.5172263672,0.00032506637227847307,17.822075689836883,0.17822075689836883,54277.699687199995,55922.4784656,TP,0.36534809834937976,0.017822075689836882,0.018169427945031808,0.008906584552641412,0.009089258601816197,0.01799584315445761,0.31136075156005344,1.7470510000000072,0 days 10:55:00
5m,VALIDATION,23,CLOSED,BTCUSDT,LONG,2024-09-09 23:55:00+00:00,2024-09-10 00:00:00+00:00,57042.01,57070.531005,2024-09-10 04:35:00+00:00,56499.82569495,56471.575782102525,0.0003177318499122852,18.133125391695078,0.1813312539169508,56499.82569495,58211.9416251,SL,-0.17226922223694419,0.01813312539169508,0.01794281824070924,0.009062031680005966,0.008975897068888667,0.018037928748894635,-0.2263830946182431,-1.2484504999999941,0 days 04:35:00
5m,VALIDATION,24,CLOSED,BTCUSDT,LONG,2024-09-10 13:10:00+00:00,2024-09-10 13:15:00+00:00,56928.0,56956.464,2024-09-11 04:15:00+00:00,56386.89936,56358.70591032001,0.0003143974747802904,17.906968454014518,0.17906968454014519,56386.89936,58095.59328,SL,-0.17012067481799803,0.01790696845401452,0.01771903482008964,0.008949009722146167,0.0088639493847356,0.017812959106881767,-0.22355963719898395,-1.2484504999999857,0 days 15:00:00
5m,VALIDATION,25,CLOSED,BTCUSDT,LONG,2024-09-11 04:20:00+00:00,2024-09-11 04:25:00+00:00,56443.98,56472.20199,2024-09-11 13:50:00+00:00,55907.4799701,55879.526230114956,0.0003131387041760444,17.683632153116434,0.17683632153116435,55907.4799701,57601.6460298,SL,-0.16799892415329573,0.017683632153116434,0.01749804243366948,0.008837397377868714,0.008753397915791102,0.017590795293659818,-0.22077139403374146,-1.248450499999992,0 days 09:25:00
5m,VALIDATION,26,CLOSED,BTCUSDT,LONG,2024-09-11 14:00:00+00:00,2024-09-11 14:05:00+00:00,55933.86,55961.826929999996,2024-09-11 16:05:00+00:00,57081.0634686,57052.5229368657,0.0003120534526467413,17.463081309925887,0.17463081309925887,55402.208660699995,57081.0634686,TP,0.35798880326494653,0.017463081309925885,0.017803436764656344,0.008727177066428182,0.008906171468060846,0.01763334853448903,0.3050889366558752,1.747051000000011,0 days 02:00:00
5m,VALIDATION,27,CLOSED,BTCUSDT,LONG,2024-09-12 05:55:00+00:00,2024-09-12 06:00:00+00:00,57968.01,57996.994005,2024-09-12 13:45:00+00:00,57417.02406495,57388.31555291753,0.0003063583857621564,17.76786546242926,0.1776786546242926,57417.02406495,59156.9338851,SL,-0.16879916163957176,0.01776786546242926,0.017581391714401068,0.00887949298472179,0.00879509340390096,0.01767458638862275,-0.22182300520502485,-1.2484504999999968,0 days 07:45:00
5m,VALIDATION,28,CLOSED,BTCUSDT,LONG,2024-09-12 21:20:00+00:00,2024-09-12 21:25:00+00:00,58013.79,58042.796895,2024-09-13 15:30:00+00:00,59203.6528329,59174.051006483554,0.00030229873467967793,17.54626405862804,0.17546264058628042,57462.368926049996,59203.6528329,TP,0.3596940288280466,0.01754626405862804,0.017888240745130703,0.00876874765548586,0.008948594669898778,0.01771734232538464,0.30654218169890324,1.7470510000000083,0 days 18:05:00
5m,VALIDATION,29,CLOSED,BTCUSDT,LONG,2024-09-14 04:55:00+00:00,2024-09-14 05:00:00+00:00,60213.06,60243.166529999995,2024-09-14 11:45:00+00:00,59640.734864699996,59610.91449726765,0.00029634066455472546,17.85250000438119,0.17852500004381192,59640.734864699996,61448.02986059999,SL,-0.16960321093617559,0.01785250000438119,0.017665138016835214,0.008921789107635976,0.00883698750216719,0.017758776609803167,-0.22287962556719515,-1.2484504999999897,0 days 06:45:00
5m,VALIDATION,30,CLOSED,BTCUSDT,LONG,2024-09-15 09:00:00+00:00,2024-09-15 09:05:00+00:00,60086.11,60116.153054999995,2024-09-15 21:25:00+00:00,59514.99152444999,59485.23402868777,0.0002932629940517507,17.6298430357826,0.176298430357826,59514.99152444999,61318.4761161,SL,-0.16748791409806668,0.0176298430357826,0.017444817833122062,0.008810516259759846,0.008726772302710939,0.017537288562470783,-0.22009986352944214,-1.2484504999999948,0 days 12:20:00
5m,VALIDATION,31,CLOSED,BTCUSDT,LONG,2024-09-15 21:25:00+00:00,2024-09-15 21:30:00+00:00,59540.0,59569.77,2024-09-15 23:05:00+00:00,58974.0723,58944.58526385,0.0002922617134871715,17.409963052236705,0.17409963052236704,58974.0723,60761.1654,SL,-0.165398999311854,0.017409963052236705,0.01722724549000348,0.00870063121051216,0.008617931710857101,0.01731856292136926,-0.21735477077546347,-1.2484504999999948,0 days 01:35:00
5m,VALIDATION,32,CLOSED,BTCUSDT,LONG,2024-09-16 00:40:00+00:00,2024-09-16 00:45:00+00:00,58748.5,58777.87424999999,2024-09-16 02:55:00+00:00,58190.095507499995,58161.00045974625,0.0002925050563408966,17.192825419094383,0.17192825419094385,58190.095507499995,59953.43173499999,SL,-0.1633361375397238,0.017192825419094383,0.01701238671632099,0.008592116651219676,0.008510448582451159,0.017102565233670833,-0.21464391490881005,-1.2484504999999948,0 days 02:10:00
5m,VALIDATION,33,CLOSED,BTCUSDT,LONG,2024-09-16 09:50:00+00:00,2024-09-16 09:55:00+00:00,58647.99,58677.313995,2024-09-16 13:40:00+00:00,58090.54085505,58061.49558462248,0.0002893519620737541,16.978395933671,0.16978395933671,58090.54085505,59850.8602749,SL,-0.16129900384761856,0.016978395933671,0.016800207668347125,0.008484955489090616,0.008404305987166585,0.016889261476257203,-0.2119668689258939,-1.248450499999992,0 days 03:45:00
5m,VALIDATION,34,CLOSED,BTCUSDT,LONG,2024-09-16 14:35:00+00:00,2024-09-16 14:40:00+00:00,57736.05,57764.918025,2024-09-17 09:05:00+00:00,58920.2163855,58890.75627730726,0.00029025646349229665,16.76664081985892,0.16766640819858922,57187.26884475,58920.2163855,TP,0.3437119472416858,0.01676664081985892,0.017093422649437973,0.008379130844506082,0.008550986818127092,0.016930117662633172,0.29292176610975573,1.7470510000000135,0 days 18:25:00
5m,VALIDATION,35,CLOSED,BTCUSDT,LONG,2024-09-17 13:55:00+00:00,2024-09-17 14:00:00+00:00,58966.0,58995.483,2024-09-17 14:20:00+00:00,60175.39266,60145.30496367,0.00028916230683002805,17.059269956831702,0.17059269956831702,58405.52817,60175.39266,TP,0.3497107714289031,0.017059269956831703,0.017391755128290356,0.008525372292269767,0.008700227677983043,0.01722559997025281,0.29803414637352826,1.7470510000000026,0 days 00:20:00
5m,VALIDATION,36,CLOSED,BTCUSDT,LONG,2024-09-17 18:55:00+00:00,2024-09-17 19:00:00+00:00,60540.17,60570.440084999995,2024-09-17 19:45:00+00:00,59964.73568414999,59934.75331630792,0.00028655902685266536,17.35700636679527,0.17357006366795272,59964.73568414999,61781.8488867,SL,-0.16489589756760673,0.017357006366795272,0.017174844584975757,0.008674166100346452,0.008591718151562962,0.017265884251909412,-0.21669363277128717,-1.2484504999999986,0 days 00:45:00
5m,VALIDATION,37,CLOSED,BTCUSDT,LONG,2024-09-17 20:05:00+00:00,2024-09-17 20:10:00+00:00,59932.0,59961.96599999999,2024-09-18 10:15:00+00:00,59362.34633999999,59332.66516682999,0.000285856691409678,17.140529211179604,0.17140529211179606,59362.34633999999,61161.205319999994,SL,-0.16283931049701675,0.017140529211179603,0.01696063935710827,0.008565981614780432,0.008484561959533895,0.017050543574314327,-0.21399102263961892,-1.2484505000000063,0 days 14:05:00
5m,VALIDATION,38,CLOSED,BTCUSDT,LONG,2024-09-18 10:15:00+00:00,2024-09-18 10:20:00+00:00,59578.23,59608.019115,2024-09-18 18:00:00+00:00,60800.17949730001,60769.77940755136,0.00028396769792213847,16.926751965785378,0.16926751965785378,59011.93892385,60800.17949730001,TP,0.3469941857253964,0.01692675196578538,0.017256654361598536,0.008459146409687725,0.008632643502549857,0.01709178991223758,0.29571898948577496,1.747051000000011,0 days 07:40:00
5m,VALIDATION,39,CLOSED,BTCUSDT,LONG,2024-09-18 20:15:00+00:00,2024-09-18 20:20:00+00:00,59777.0,59806.888499999994,2024-09-18 23:20:00+00:00,61003.026269999995,60972.524756865,0.00028796307521842125,17.22217553170523,0.1722217553170523,59208.81961499999,61003.026269999995,TP,0.35305029500776897,0.01722217553170523,0.01755783573281817,0.008606784373663957,0.008783309521167864,0.017390093894831822,0.30088018984841375,1.7470510000000128,0 days 03:00:00
5m,VALIDATION,40,CLOSED,BTCUSDT,LONG,2024-09-19 06:10:00+00:00,2024-09-19 06:15:00+00:00,61852.08,61883.00604,2024-09-19 12:05:00+00:00,63120.6661608,63089.105827719606,0.0002831594045482702,17.52275514194341,0.1752275514194341,61264.1759796,63120.6661608,TP,0.3592121019103035,0.01752275514194341,0.017864273639659888,0.008756999071435552,0.008936605122389247,0.017693604193824798,0.3061314689348755,1.7470510000000097,0 days 05:50:00
5m,VALIDATION,41,CLOSED,BTCUSDT,LONG,2024-09-19 20:05:00+00:00,2024-09-19 20:10:00+00:00,63201.46,63233.06073,2024-09-20 14:10:00+00:00,62600.7301227,62569.42975763865,0.00028195030541636407,17.828580785234998,0.17828580785235,62600.7301227,64497.7219446,SL,-0.16937597237746999,0.017828580785235,0.01764146982989396,0.008909835474879578,0.008825147488690304,0.01773498296356988,-0.2225810059561688,-1.248450499999992,0 days 18:00:00
5m,VALIDATION,42,CLOSED,BTCUSDT,LONG,2024-09-20 17:30:00+00:00,2024-09-20 17:35:00+00:00,62749.7,62781.07485,2024-09-23 03:05:00+00:00,64036.696347,64004.677998826504,0.0002804383674537573,17.60622213792614,0.1760622213792614,62153.2641015,64036.696347,TP,0.3609231544716294,0.01760622213792614,0.017949367407394324,0.008798711713106559,0.008979173290340368,0.017777885003446927,0.307589679922862,1.7470510000000115,2 days 09:30:00
5m,VALIDATION,43,CLOSED,BTCUSDT,LONG,2024-09-23 05:15:00+00:00,2024-09-23 05:20:00+00:00,63732.54,63764.40627,2024-09-23 13:45:00+00:00,63126.7622073,63095.198826196356,0.00028093266421394503,17.91350453545148,0.1791350453545148,63126.7622073,65039.6943954,SL,-0.17018276922485356,0.017913504535451482,0.01772550230535192,0.008952276129660522,0.008867184745047347,0.01781946087470787,-0.22364123694036483,-1.2484504999999897,0 days 08:25:00
5m,VALIDATION,44,CLOSED,BTCUSDT,LONG,2024-09-24 11:10:00+00:00,2024-09-24 11:15:00+00:00,63428.0,63459.714,2024-09-24 14:25:00+00:00,62825.11686,62793.704301570004,0.00027876089571299105,17.69008671633024,0.1769008671633024,62825.11686,64728.90828,SL,-0.16806024411666004,0.01769008671633024,0.017504429256242356,0.008840623046641781,0.008756592924582958,0.01759721597122474,-0.22085197606045737,-1.248450499999994,0 days 03:10:00
5m,VALIDATION,45,CLOSED,BTCUSDT,LONG,2024-09-24 14:30:00+00:00,2024-09-24 14:35:00+00:00,62891.76,62923.20588,2024-09-24 19:50:00+00:00,64181.6699976,64149.57916260121,0.0002776313623455592,17.4694553716145,0.174694553716145,62293.9738212,64181.6699976,TP,0.3581194699368449,0.0174694553716145,0.01780993505680727,0.00873036250455478,0.008909422239521977,0.017639784744076757,0.3052002947643464,1.7470510000000088,0 days 05:15:00
5m,VALIDATION,46,CLOSED,BTCUSDT,LONG,2024-09-25 05:50:00+00:00,2024-09-25 05:55:00+00:00,64161.65,64193.730825,2024-09-25 10:00:00+00:00,63551.793516749996,63520.017619991624,0.00027688608439715946,17.774350770979485,0.17774350770979486,63551.793516749996,65477.605441499996,SL,-0.16886077369131577,0.017774350770979486,0.017587808959638056,0.008882734018479749,0.008798303631634086,0.017681037650113834,-0.22190397107204715,-1.2484504999999995,0 days 04:05:00
5m,VALIDATION,47,CLOSED,BTCUSDT,LONG,2024-09-25 10:05:00+00:00,2024-09-25 10:10:00+00:00,63531.95,63563.71597499999,2024-09-26 00:45:00+00:00,62928.07881524999,62896.61477584237,0.0002761428939915942,17.552668482196225,0.17552668482196226,62928.07881524999,64834.99029449999,SL,-0.16675473655500012,0.017552668482196224,0.017368453226475577,0.008771948266963195,0.008688570898685632,0.01746051916564883,-0.21913637742932074,-1.2484504999999975,0 days 14:35:00
5m,VALIDATION,48,CLOSED,BTCUSDT,LONG,2024-09-26 09:10:00+00:00,2024-09-26 09:15:00+00:00,63641.98,63673.800989999996,2024-09-26 14:15:00+00:00,64947.2770098,64914.8033712951,0.00027222736435899517,17.333751022226878,0.1733375102222688,63037.062980099996,64947.2770098,TP,0.35533756468352967,0.017333751022226878,0.01767158582965008,0.008662544238992006,0.00884021302133472,0.017502757260326726,0.302829470571326,1.7470510000000061,0 days 05:00:00
5m,VALIDATION,49,CLOSED,BTCUSDT,LONG,2024-09-26 20:00:00+00:00,2024-09-26 20:05:00+00:00,64789.22,64821.61461,2024-09-27 14:10:00+00:00,66118.0469022,66084.98787874891,0.0002720740307374855,17.63627796585458,0.1763627796585458,64173.3984639,66118.0469022,TP,0.361539291433961,0.01763627796585458,0.01798000902340909,0.008813732116867696,0.008994501762582886,0.01780823387945058,0.3081147705652468,1.7470510000000266,0 days 18:05:00
5m,VALIDATION,50,CLOSED,BTCUSDT,LONG,2024-09-27 17:30:00+00:00,2024-09-27 17:35:00+00:00,65839.69,65872.609845,2024-09-30 00:25:00+00:00,65213.88374655,65181.27680467672,0.00027240585991171646,17.944084929456224,0.17944084929456225,65213.88374655,67190.0620419,SL,-0.17047329060917843,0.017944084929456223,0.017755761758121585,0.008967558685384524,0.008882322040080333,0.017849880725464857,-0.2240230180222211,-1.2484505000000012,2 days 06:50:00
5m,VALIDATION,51,CLOSED,BTCUSDT,LONG,2024-09-30 01:50:00+00:00,2024-09-30 01:55:00+00:00,64849.13,64881.55456499999,2024-09-30 03:05:00+00:00,64232.73901934999,64200.62264984032,0.0002731174650400859,17.72028571065281,0.1772028571065281,64232.73901934999,66179.18565629999,SL,-0.16834714210870302,0.01772028571065281,0.01753431131211951,0.008855714997825824,0.00877154142677159,0.017627256424597414,-0.22122899555607276,-1.2484504999999955,0 days 01:10:00
5m,VALIDATION,52,CLOSED,BTCUSDT,LONG,2024-09-30 03:10:00+00:00,2024-09-30 03:15:00+00:00,64430.0,64462.215,2024-09-30 09:15:00+00:00,63817.59284999999,63785.684053574994,0.0002714656597370151,17.49927772308431,0.1749927772308431,63817.59284999999,65751.4593,SL,-0.1662475110024169,0.017499277723084312,0.01731562280338054,0.008745266228426994,0.008662142472926546,0.01740740870135354,-0.21846982023023528,-1.2484505000000035,0 days 06:00:00
5m,VALIDATION,53,CLOSED,BTCUSDT,LONG,2024-09-30 09:40:00+00:00,2024-09-30 09:45:00+00:00,63849.99,63881.91499499999,2024-09-30 18:15:00+00:00,63243.09584504999,63211.47429712747,0.00027051515527947643,17.281026154422737,0.17281026154422738,63243.09584504999,65159.55329489999,SL,-0.16417406656450823,0.017281026154422736,0.01709966178493207,0.00863619497971987,0.008554107946438209,0.01719030292615808,-0.21574505743002112,-1.2484504999999981,0 days 08:30:00
5m,VALIDATION,54,CLOSED,BTCUSDT,LONG,2024-09-30 18:25:00+00:00,2024-09-30 18:30:00+00:00,63172.86,63204.446429999996,2024-10-01 13:40:00+00:00,62572.401965699995,62541.11576471715,0.000270004684645422,17.06549662652062,0.1706549662652062,62572.401965699995,64468.5353586,SL,-0.1621264821939829,0.01706549662652062,0.016886394239425288,0.008528484071223549,0.008447420830126603,0.016975904901350154,-0.213054277961279,-1.248450499999995,0 days 19:10:00
5m,VALIDATION,55,CLOSED,BTCUSDT,LONG,2024-10-01 14:10:00+00:00,2024-10-01 14:15:00+00:00,62710.01,62741.365005,2024-10-01 15:05:00+00:00,62113.95135495,62082.894379272526,0.0002686051728178506,16.85265518999587,0.1685265518999587,62113.95135495,63996.1923051,SL,-0.16010443536323044,0.016852655189995867,0.01667578657377686,0.008422116536728929,0.008342064319046934,0.016764180855775863,-0.21039705798277905,-1.2484504999999981,0 days 00:50:00
5m,VALIDATION,56,CLOSED,BTCUSDT,LONG,2024-10-01 15:10:00+00:00,2024-10-01 15:15:00+00:00,62166.01,62197.093004999995,2024-10-01 17:15:00+00:00,61575.12207494999,61544.33451391252,0.00026757630485312744,16.642468318884198,0.166424683188842,61575.12207494999,63441.034865099995,SL,-0.1581076075672135,0.016642468318884197,0.01646780561387751,0.008317075621629448,0.008238021817845954,0.016555097439475402,-0.2077729789394506,-1.2484504999999952,0 days 02:00:00
5m,VALIDATION,57,CLOSED,BTCUSDT,LONG,2024-10-01 20:10:00+00:00,2024-10-01 20:15:00+00:00,61320.0,61350.659999999996,2024-10-01 20:25:00+00:00,60737.153399999996,60706.7848233,0.00026788469603029983,16.434902905358275,0.16434902905358276,60737.153399999996,62577.6732,SL,-0.15613568427329494,0.016434902905358276,0.016262418599366536,0.00821334478028798,0.008135276938152027,0.016348621718440006,-0.20518162749645977,-1.248450499999999,0 days 00:10:00
5m,VALIDATION,58,CLOSED,BTCUSDT,LONG,2024-10-01 20:40:00+00:00,2024-10-01 20:45:00+00:00,60612.0,60642.306,2024-10-02 03:40:00+00:00,61855.15212,61824.22454394,0.0002676337251177859,16.22992625451266,0.16229926254512658,60035.882939999996,61855.15212,TP,0.3327094327636725,0.01622992625451266,0.016546247517213113,0.008110907673418778,0.008277262389801298,0.016388170063220076,0.28354508892872665,1.7470510000000044,0 days 06:55:00
5m,VALIDATION,59,CLOSED,BTCUSDT,LONG,2024-10-02 09:50:00+00:00,2024-10-02 09:55:00+00:00,61204.01,61234.612004999995,2024-10-02 13:35:00+00:00,60622.26588494999,60591.95475200752,0.00026967082081398564,16.513188081614288,0.16513188081614288,60622.26588494999,62459.30424509999,SL,-0.15687941300924163,0.01651318808161429,0.016339882172697745,0.008252467806901904,0.008174028100398233,0.016426495907300137,-0.2061589791708538,-1.2484504999999988,0 days 03:40:00
5m,VALIDATION,60,CLOSED,BTCUSDT,LONG,2024-10-02 13:40:00+00:00,2024-10-02 13:45:00+00:00,60704.0,60734.352,2024-10-02 16:00:00+00:00,61949.03904,61918.06452048001,0.00026850101332223945,16.30723505546958,0.1630723505546958,60127.00848,61949.03904,TP,0.33429424386574913,0.01630723505546958,0.016625063066700686,0.008149542756356331,0.008316689878287853,0.016466232634644182,0.28489571310893463,1.7470510000000172,0 days 02:15:00
5m,VALIDATION,61,CLOSED,BTCUSDT,LONG,2024-10-02 19:05:00+00:00,2024-10-02 19:10:00+00:00,60750.0,60780.375,2024-10-02 19:35:00+00:00,60172.57125,60142.484964375006,0.00027298031901705955,16.59184615747651,0.1659184615747651,60172.57125,61995.9825,SL,-0.15762668438462168,0.01659184615747651,0.016417714732053796,0.008291777190143184,0.008212963847949527,0.016504741038092713,-0.20714098631224473,-1.2484504999999906,0 days 00:25:00
5m,VALIDATION,62,CLOSED,BTCUSDT,LONG,2024-10-02 19:35:00+00:00,2024-10-02 19:40:00+00:00,60339.82,60369.98991,2024-10-04 08:20:00+00:00,61577.3897082,61546.6010133459,0.00027140822997723317,16.384912105216525,0.16384912105216526,59766.2900109,61577.3897082,TP,0.3358866039760021,0.016384912105216524,0.016704254042147194,0.008188361871671582,0.008356305173659923,0.016544667045331505,0.28625277078330685,1.747051000000003,1 days 12:40:00
5m,VALIDATION,63,CLOSED,BTCUSDT,LONG,2024-10-04 14:10:00+00:00,2024-10-04 14:15:00+00:00,61300.0,61330.649999999994,2024-10-06 14:40:00+00:00,62557.26299999999,62525.984368499994,0.00027181970041399944,16.670878909195853,0.16670878909195852,60717.343499999995,62557.26299999999,TP,0.34174885200160393,0.016670878909195854,0.01699579433913608,0.008331273817687501,0.008502148243689226,0.016833422061376727,0.2912487566918953,1.7470510000000006,2 days 00:25:00
5m,VALIDATION,64,CLOSED,BTCUSDT,LONG,2024-10-06 21:25:00+00:00,2024-10-06 21:30:00+00:00,62502.1,62533.35105,2024-10-07 01:00:00+00:00,63784.018071,63752.1260619645,0.0002712446466290704,16.961836708088857,0.16961836708088857,61908.0175395,63784.018071,TP,0.3477134141758146,0.016961836708088856,0.017292422905529514,0.008476680014037122,0.00865053672112396,0.017127216735161082,0.29633193782703515,1.7470510000000101,0 days 03:30:00
5m,VALIDATION,65,CLOSED,BTCUSDT,LONG,2024-10-07 05:55:00+00:00,2024-10-07 06:00:00+00:00,63380.0,63411.689999999995,2024-10-07 11:05:00+00:00,62777.573099999994,62746.184313449994,0.00027215601113949136,17.257872610013973,0.17257872610013972,62777.573099999994,64679.9238,SL,-0.16395410210713085,0.017257872610013974,0.017076751236971874,0.008624623993009135,0.008542646941956937,0.01716727093496607,-0.21545599688908273,-1.2484505000000015,0 days 05:05:00
5m,VALIDATION,66,CLOSED,BTCUSDT,LONG,2024-10-07 18:20:00+00:00,2024-10-07 18:25:00+00:00,63417.01,63448.718505,2024-10-07 18:45:00+00:00,62814.23131995,62782.824204290024,0.0002686048237922725,17.042631853881023,0.17042631853881024,62814.23131995,64717.6928751,SL,-0.16190926114056978,0.017042631853881024,0.016863769432574543,0.008517057398240064,0.008436102767671054,0.01695316016591112,-0.21276882259293645,-1.2484504999999972,0 days 00:20:00
5m,VALIDATION,67,CLOSED,BTCUSDT,LONG,2024-10-07 18:50:00+00:00,2024-10-07 18:55:00+00:00,62854.0,62885.426999999996,2024-10-07 23:00:00+00:00,62256.57272999999,62225.444443634995,0.00026763077537112715,16.830075587554415,0.16830075587554416,62256.57272999999,64143.135539999996,SL,-0.15988992349795772,0.016830075587554415,0.01665344394426303,0.008410832377587354,0.008330887415838798,0.016741719793426153,-0.2101151628232013,-1.2484505000000015,0 days 04:05:00
5m,VALIDATION,68,CLOSED,BTCUSDT,LONG,2024-10-08 00:00:00+00:00,2024-10-08 00:05:00+00:00,62300.0,62331.149999999994,2024-10-09 14:00:00+00:00,61707.83849999999,61676.984580749995,0.0002666430882470286,16.620170329988778,0.1662017032998878,61707.83849999999,63577.772999999994,SL,-0.1578957711009953,0.01662017032998878,0.016445741642375545,0.00830593219889339,0.00822698431334329,0.01653291651223668,-0.20749459958559632,-1.2484504999999986,1 days 13:55:00
5m,VALIDATION,69,CLOSED,BTCUSDT,LONG,2024-10-09 18:20:00+00:00,2024-10-09 18:25:00+00:00,61426.4,61457.1132,2024-10-09 19:25:00+00:00,60842.542068,60812.120796966,0.0002670623816042739,16.41288301771546,0.1641288301771546,60842.542068,62686.255464,SL,-0.1559264898384659,0.016412883017715457,0.016240629810444534,0.008202340338687938,0.008124377093769099,0.016326717432457036,-0.20490672009908292,-1.248450499999995,0 days 01:00:00
5m,VALIDATION,70,CLOSED,BTCUSDT,LONG,2024-10-09 20:05:00+00:00,2024-10-09 20:10:00+00:00,61014.01,61044.517005,2024-10-09 20:50:00+00:00,60434.07183495,60403.85479903253,0.00026551411649807774,16.208180999634457,0.16208180999634458,60434.07183495,62265.4073451,SL,-0.15398176951676712,0.016208180999634458,0.016038076140043295,0.008100040479577303,0.008023049594817899,0.0161230900743952,-0.20235111673084005,-1.2484504999999917,0 days 00:40:00
5m,VALIDATION,71,CLOSED,BTCUSDT,LONG,2024-10-10 00:20:00+00:00,2024-10-10 00:25:00+00:00,60496.0,60526.248,2024-10-10 17:50:00+00:00,59920.98552,59891.02502724001,0.0002644477819254777,16.00603203187138,0.1600603203187138,59920.98552,61736.77296,SL,-0.15206130381103145,0.01600603203187138,0.015838048725696895,0.007999016507681742,0.007922985855774731,0.01592200236345647,-0.19982738693205618,-1.248450499999986,0 days 17:25:00
5m,VALIDATION,72,CLOSED,BTCUSDT,LONG,2024-10-10 18:10:00+00:00,2024-10-10 18:15:00+00:00,59170.0,59199.585,2024-10-11 01:50:00+00:00,60383.5767,60353.38491165,0.00026700194389366917,15.806404272698499,0.158064042726985,58607.58915,60383.5767,TP,0.3240273379640636,0.0158064042726985,0.016114471091973392,0.00789925251009397,0.008061266179075998,0.015960518689169968,0.27614594391022174,1.7470509999999992,0 days 07:35:00
5m,VALIDATION,73,CLOSED,BTCUSDT,LONG,2024-10-11 22:30:00+00:00,2024-10-11 22:35:00+00:00,62571.42,62602.705709999995,2024-10-14 03:35:00+00:00,63854.759824199995,63822.8324442879,0.0002568942374637003,16.082274346534884,0.16082274346534883,61976.678652899995,63854.759824199995,TP,0.32968260554465734,0.016082274346534885,0.016395717873548855,0.008037118613959556,0.008201959916730962,0.016239078530690516,0.2809655347938831,1.7470510000000121,2 days 05:00:00
5m,VALIDATION,74,CLOSED,BTCUSDT,LONG,2024-10-14 13:35:00+00:00,2024-10-14 13:40:00+00:00,64698.16,64730.50908,2024-10-14 14:25:00+00:00,66025.1192616,65992.10670196921,0.00025278588766011333,16.362959196478826,0.16362959196478827,64083.2039892,66025.1192616,TP,0.3354365748323648,0.016362959196478826,0.0166818732712182,0.008177390902788009,0.008345109190202092,0.0165225000929901,0.28586924227167765,1.7470510000000143,0 days 00:45:00
5m,VALIDATION,75,CLOSED,BTCUSDT,LONG,2024-10-15 02:10:00+00:00,2024-10-15 02:15:00+00:00,65781.99,65814.880995,2024-10-15 13:50:00+00:00,67131.1786149,67097.61302559255,0.0002529601604287136,16.648542855091893,0.16648542855091894,65156.73218505,67131.1786149,TP,0.3412909684736956,0.016648542855091892,0.016973022955337636,0.008320111371858573,0.008490756856095244,0.016810868227953815,0.2908585344353123,1.7470510000000048,0 days 11:35:00
5m,VALIDATION,76,CLOSED,BTCUSDT,LONG,2024-10-15 15:10:00+00:00,2024-10-15 15:15:00+00:00,65407.99,65440.693994999994,2024-10-15 16:20:00+00:00,66749.5078749,66716.13312096255,0.0002588467479097177,16.93911082156074,0.1693911082156074,64786.287055049994,66749.5078749,TP,0.3472475391806197,0.01693911082156074,0.01726925409147296,0.008465322749404687,0.008638946518994774,0.01710426926839946,0.29593490499918657,1.7470510000000083,0 days 01:05:00
5m,VALIDATION,77,CLOSED,BTCUSDT,LONG,2024-10-15 21:20:00+00:00,2024-10-15 21:25:00+00:00,66382.57,66415.761285,2024-10-16 10:15:00+00:00,67744.0765107,67710.20447244466,0.0002594978925760904,17.23475008729419,0.17234750087294193,65751.60367215,67744.0765107,TP,0.35330807025527555,0.017234750087294193,0.017570655366495557,0.008613068509390717,0.008789722544518428,0.017402791053909145,0.3010998737475767,1.7470510000000152,0 days 12:50:00
5m,VALIDATION,78,CLOSED,BTCUSDT,LONG,2024-10-16 13:45:00+00:00,2024-10-16 13:50:00+00:00,67373.85,67407.53692500001,2024-10-17 13:35:00+00:00,66733.46155575001,66700.09482497214,0.0002601422624517161,17.535549161967097,0.17535549161967098,66733.46155575001,68755.68766350001,SL,-0.16659209873512926,0.017535549161967097,0.017351513573512254,0.008763392884541744,0.008680096835171605,0.01744348971971335,-0.21892265119032195,-1.248450499999988,0 days 23:45:00
5m,VALIDATION,79,CLOSED,BTCUSDT,LONG,2024-10-17 18:25:00+00:00,2024-10-17 18:30:00+00:00,66920.01,66953.470005,2024-10-18 06:25:00+00:00,68292.5394051,68258.39313539746,0.0002586399960066419,17.31684521472402,0.1731684521472402,66283.93530494999,68292.5394051,TP,0.354990999854065,0.01731684521472402,0.01765435052795899,0.008654095559582431,0.008831591059507118,0.01748568661908955,0.3025341174922924,1.7470510000000248,0 days 11:55:00
5m,VALIDATION,80,CLOSED,BTCUSDT,LONG,2024-10-18 12:55:00+00:00,2024-10-18 13:00:00+00:00,67662.0,67695.83099999999,2024-10-20 22:00:00+00:00,69049.74762,69015.22274619,0.0002602682741324308,17.619077100330706,0.17619077100330707,67018.87268999999,69049.74762,TP,0.361186677988787,0.017619077100330706,0.017962472913016152,0.008805135982171934,0.008985729321166272,0.017790865303338205,0.30781426267210193,1.7470510000000188,2 days 09:00:00
5m,VALIDATION,81,CLOSED,BTCUSDT,LONG,2024-10-21 02:50:00+00:00,2024-10-21 02:55:00+00:00,68792.77,68827.166385,2024-10-21 09:30:00+00:00,68138.89472115,68104.82527378944,0.0002604579673667019,17.926583856246893,0.17926583856246894,68138.89472115,70203.7097127,SL,-0.17030702604060607,0.017926583856246892,0.017738444358675585,0.008958812521862517,0.008873659008840656,0.01783247153070317,-0.22380452578623172,-1.2484504999999892,0 days 06:35:00
5m,VALIDATION,82,CLOSED,BTCUSDT,LONG,2024-10-21 11:55:00+00:00,2024-10-21 12:00:00+00:00,68238.0,68272.11899999999,2024-10-21 13:40:00+00:00,67589.39781,67555.603111095,0.0002593006218454346,17.70300291140551,0.1770300291140551,67589.39781,69637.56138,SL,-0.16818295119731203,0.01770300291140551,0.017517209895850306,0.008847077916742179,0.008762986441144701,0.01761006435788688,-0.22101322836245474,-1.2484504999999892,0 days 01:40:00
5m,VALIDATION,83,CLOSED,BTCUSDT,LONG,2024-10-21 13:45:00+00:00,2024-10-21 13:50:00+00:00,67606.06,67639.86303,2024-10-21 15:00:00+00:00,66963.4643997,66929.98266750015,0.0002584601696742818,17.48221047547898,0.1748221047547898,66963.4643997,68992.66029059999,SL,-0.1660853678854857,0.01748221047547898,0.017298734676538828,0.008736736869303673,0.008653694185359936,0.01739043105466361,-0.21825674409216714,-1.2484504999999855,0 days 01:10:00
5m,VALIDATION,84,CLOSED,BTCUSDT,LONG,2024-10-21 15:10:00+00:00,2024-10-21 15:15:00+00:00,67032.0,67065.516,2024-10-23 09:05:00+00:00,66394.86084000001,66361.66340958001,0.00025742248475494017,17.264171770092197,0.172641717700922,66394.86084000001,68406.82632000001,SL,-0.16401394570187322,0.017264171770092197,0.017082984287365082,0.008627771999047414,0.008545765026195005,0.01717353702524242,-0.2155346387845729,-1.2484504999999884,1 days 17:50:00
5m,VALIDATION,85,CLOSED,BTCUSDT,LONG,2024-10-23 09:15:00+00:00,2024-10-23 09:20:00+00:00,66355.76,66388.93788,2024-10-23 17:10:00+00:00,65725.0485012,65692.1859769494,0.000256802608914205,17.04885245062709,0.17048852450627092,65725.0485012,67716.7166376,SL,-0.1619683583640274,0.01704885245062709,0.01686992474415776,0.008520166142243173,0.00843918196305913,0.0169593481053023,-0.21284648366411457,-1.2484504999999906,0 days 07:50:00
5m,VALIDATION,86,CLOSED,BTCUSDT,LONG,2024-10-23 17:40:00+00:00,2024-10-23 17:45:00+00:00,65760.0,65792.87999999999,2024-10-24 00:45:00+00:00,67108.7376,67075.18323119999,0.00025589727339512717,16.836218600812792,0.1683621860081279,65134.95119999999,67108.7376,TP,0.3451382743654859,0.016836218600812792,0.017164356501342636,0.008413902349229249,0.008586471486415403,0.01700037383564465,0.29413732542768584,1.7470509999999997,0 days 07:00:00
5m,VALIDATION,87,CLOSED,BTCUSDT,LONG,2024-10-24 07:00:00+00:00,2024-10-24 07:05:00+00:00,67135.89,67169.457945,2024-10-24 21:10:00+00:00,68512.8471039,68478.59068034805,0.00025502754684703647,17.130062082758535,0.17130062082758535,66497.76336555,68512.8471039,TP,0.351161992321217,0.017130062082758534,0.017463926992751497,0.008560750666046883,0.008736331662207629,0.017297082328254512,0.29927092091745244,1.747050999999992,0 days 14:05:00
5m,VALIDATION,88,CLOSED,BTCUSDT,LONG,2024-10-24 23:35:00+00:00,2024-10-24 23:40:00+00:00,68108.7,68142.75434999999,2024-10-25 07:10:00+00:00,67461.32680649999,67427.59614309674,0.0002557723737171922,17.42903403172702,0.1742903403172702,67461.32680649999,69505.60943699999,SL,-0.16558017838237687,0.01742903403172702,0.017246116319564048,0.008710161934893825,0.008627371845703072,0.017337533780596895,-0.21759286251426485,-1.2484504999999926,0 days 07:30:00
5m,VALIDATION,89,CLOSED,BTCUSDT,LONG,2024-10-25 07:15:00+00:00,2024-10-25 07:20:00+00:00,67515.15,67548.90757499999,2024-10-25 17:55:00+00:00,66873.41849925,66839.98179000037,0.0002548029148449154,17.211658544699784,0.17211658544699784,66873.41849925,68899.8857265,SL,-0.16351505693890206,0.017211658544699783,0.017031022188273164,0.008601528508094826,0.00851977097962639,0.017121299487721217,-0.2148790371595962,-1.2484504999999944,0 days 10:35:00
5m,VALIDATION,90,CLOSED,BTCUSDT,LONG,2024-10-25 23:25:00+00:00,2024-10-25 23:30:00+00:00,65835.67,65868.587835,2024-10-26 05:40:00+00:00,67185.9595917,67152.36661190414,0.000258044004442455,16.996994171912977,0.16996994171912977,65209.90195665,67185.9595917,TP,0.34843413339923524,0.01699699417191298,0.017328265588323562,0.008494249960976051,0.00866846702767625,0.0171627169886523,0.2969461566503464,1.7470509999999944,0 days 06:10:00
5m,VALIDATION,91,CLOSED,BTCUSDT,LONG,2024-10-26 14:10:00+00:00,2024-10-26 14:15:00+00:00,66880.0,66913.44,2024-10-27 22:10:00+00:00,68251.70880000001,68217.5829456,0.00025844798412779534,17.293643679056185,0.17293643679056186,66244.3056,68251.70880000001,TP,0.35451537417035917,0.017293643679056184,0.017630696794360995,0.008642500589234077,0.008819758276318944,0.01746225886555302,0.302128774831389,1.7470510000000063,1 days 07:55:00
5m,VALIDATION,92,CLOSED,BTCUSDT,LONG,2024-10-28 01:05:00+00:00,2024-10-28 01:10:00+00:00,67864.0,67897.932,2024-10-28 13:45:00+00:00,69255.89064,69221.26269468,0.0002591458989787744,17.595470626939694,0.17595470626939694,67218.95268,69255.89064,TP,0.3607027511829411,0.017595470626939693,0.01793840634945875,0.008793338644147955,0.008973690019738413,0.017767028663886367,0.3074018455426563,1.7470510000000008,0 days 12:35:00
5m,VALIDATION,93,CLOSED,BTCUSDT,LONG,2024-10-28 15:30:00+00:00,2024-10-28 15:35:00+00:00,68538.0,68572.269,2024-10-28 22:05:00+00:00,69943.71438,69908.74252281,0.00026107587861401465,17.90256537773156,0.17902565377731558,67886.54631,69943.71438,TP,0.36699811683885614,0.01790256537773156,0.01825148637694355,0.00894680928422373,0.009130308342643402,0.01807711762686713,0.31276694745731387,1.747051000000005,0 days 06:30:00
5m,VALIDATION,94,CLOSED,BTCUSDT,LONG,2024-10-29 13:00:00+00:00,2024-10-29 13:05:00+00:00,71122.0,71157.561,2024-10-29 16:10:00+00:00,72580.71222,72544.42186389,0.00025598150940974373,18.215019870695915,0.18215019870695914,70445.98539,72580.71222,TP,0.3734033558700385,0.018215019870695917,0.01857003060797578,0.009102958456120283,0.009289660134053798,0.018392618590174083,0.31822568680119273,1.7470510000000057,0 days 03:05:00
5m,VALIDATION,95,CLOSED,BTCUSDT,LONG,2024-10-29 20:25:00+00:00,2024-10-29 20:30:00+00:00,71995.53,72031.52776499999,2024-10-31 13:50:00+00:00,71311.21248734999,71275.55688110631,0.0002572891097101401,18.532927649718086,0.18532927649718087,71311.21248734999,73472.15832029999,SL,-0.17606744358877957,0.018532927649718086,0.018338424574034295,0.00926183290840299,0.009173799186609703,0.018435632095012693,-0.23137442790754464,-1.248450500000005,1 days 17:20:00
5m,VALIDATION,96,CLOSED,BTCUSDT,LONG,2024-10-31 14:30:00+00:00,2024-10-31 14:35:00+00:00,71061.01,71096.540505,2024-10-31 16:00:00+00:00,70385.57509995,70350.38231240003,0.0002574215880983416,18.30178436509517,0.1830178436509517,70385.57509995,72518.4713151,SL,-0.1738715246279139,0.01830178436509517,0.0181097071381835,0.009146319023036698,0.009059383260720245,0.018205702283756942,-0.2284887184149495,-1.2484504999999837,0 days 01:25:00
5m,VALIDATION,97,CLOSED,BTCUSDT,LONG,2024-10-31 16:05:00+00:00,2024-10-31 16:10:00+00:00,70570.0,70605.28499999999,2024-10-31 20:45:00+00:00,69899.23214999998,69864.28253392498,0.00025597975997318305,18.073523907138178,0.18073523907138178,69899.23214999998,72017.39069999999,SL,-0.17170299324073277,0.018073523907138178,0.017883842273732766,0.009032245830650933,0.00894639433403305,0.017978640164683982,-0.2256389995862877,-1.2484505000000088,0 days 04:35:00
5m,VALIDATION,98,CLOSED,BTCUSDT,LONG,2024-11-01 02:10:00+00:00,2024-11-01 02:15:00+00:00,69042.01,69076.531005,2024-11-01 12:45:00+00:00,70458.0616251,70422.83259428745,0.00025838168277219926,17.848110321137895,0.17848110321137894,68385.76569495,70458.0616251,TP,0.3658818017856475,0.017848110321137894,0.018195969991296874,0.008919595362888107,0.009102536263780865,0.01802213162666897,0.31181558984654384,1.747051000000006,0 days 10:30:00
5m,VALIDATION,99,CLOSED,BTCUSDT,LONG,2024-11-01 15:50:00+00:00,2024-11-01 15:55:00+00:00,69606.07,69640.873035,2024-11-01 19:00:00+00:00,68944.46430465,68909.99207249768,0.0002607608666504231,18.15961440689868,0.1815961440689868,68944.46430465,71033.6904957,SL,-0.17252087450032397,0.01815961440689868,0.017969029253698282,0.009075269568662376,0.008989009131412233,0.01806427870007461,-0.22671379686099552,-1.248450499999983,0 days 03:05:00
5m,VALIDATION,100,CLOSED,BTCUSDT,LONG,2024-11-01 19:15:00+00:00,2024-11-01 19:20:00+00:00,69067.99,69102.523995,2024-11-03 02:20:00+00:00,68411.49875505,68377.29300567247,0.00025951479136485393,17.933127097347235,0.17933127097347235,68411.49875505,70484.5744749,SL,-0.17036918846605548,0.017933127097347235,0.017744918928460578,0.008962082507417491,0.008876897913185841,0.017838980420603334,-0.22388621491246663,-1.2484504999999977,1 days 07:00:00
5m,VALIDATION,101,CLOSED,BTCUSDT,LONG,2024-11-03 02:35:00+00:00,2024-11-03 02:40:00+00:00,68147.54,68181.61377,2024-11-03 15:35:00+00:00,67499.79763229999,67466.04773348384,0.00025973959203616444,17.70946454498713,0.17709464544987133,67499.79763229999,69545.2460454,SL,-0.16824433833093833,0.017709464544987133,0.01752360371458749,0.0088503071189348,0.008766184949769485,0.017616492068704283,-0.22109389865921725,-1.248450500000015,0 days 12:55:00
5m,VALIDATION,102,CLOSED,BTCUSDT,LONG,2024-11-03 23:20:00+00:00,2024-11-03 23:25:00+00:00,68689.12,68723.46456,2024-11-04 16:40:00+00:00,68036.2299144,68002.2117994428,0.00025447773378894315,17.488591519353548,0.1748859151935355,68036.2299144,70097.9338512,SL,-0.16614598939675618,0.017488591519353548,0.017305048751357934,0.008739925796777808,0.008656852802080455,0.017396778598858263,-0.21833640826632594,-1.2484504999999941,0 days 17:15:00
5m,VALIDATION,103,CLOSED,BTCUSDT,LONG,2024-11-04 16:55:00+00:00,2024-11-04 17:00:00+00:00,67756.0,67789.878,2024-11-04 21:20:00+00:00,67111.97922,67078.42323038999,0.00025476477814840144,17.2704732293772,0.172704732293772,67111.97922,69145.67556,SL,-0.16407381113966205,0.0172704732293772,0.017089219612834886,0.008630921154110772,0.00854888424854226,0.017179805402653032,-0.21561330938452714,-1.2484505000000077,0 days 04:20:00
5m,VALIDATION,104,CLOSED,BTCUSDT,LONG,2024-11-04 21:45:00+00:00,2024-11-04 21:50:00+00:00,67020.18,67053.69008999999,2024-11-05 04:15:00+00:00,68394.76389179999,68360.56650985409,0.00025434954131551435,17.055075317904148,0.17055075317904148,66383.15318909999,68394.76389179999,TP,0.34962478237902295,0.017055075317904147,0.017387478735850097,0.008523276020940619,0.008698088412129705,0.017221364433070326,0.2979608638921984,1.7470510000000048,0 days 06:25:00
5m,VALIDATION,105,CLOSED,BTCUSDT,LONG,2024-11-05 22:10:00+00:00,2024-11-05 22:15:00+00:00,69197.64,69232.23882,2024-11-06 00:30:00+00:00,70616.8835964,70581.5751546018,0.0002506453469417885,17.352738518595658,0.1735273851859566,68539.9164318,70616.8835964,TP,0.3557268036145904,0.01735273851859566,0.017690943392323084,0.008672033242676302,0.00884989664448446,0.01752192988716076,0.30316119181651097,1.747051000000002,0 days 02:15:00
5m,VALIDATION,106,CLOSED,BTCUSDT,LONG,2024-11-06 08:05:00+00:00,2024-11-06 08:10:00+00:00,73250.08,73286.70504,2024-11-06 12:05:00+00:00,74752.43914080001,74715.06292122962,0.00024091132003331616,17.655596852078684,0.17655596852078684,72553.8379896,74752.43914080001,TP,0.36193532377424825,0.017655596852078684,0.017999704434725705,0.008823386732672762,0.009004354394557568,0.01782774112723033,0.3084522813602136,1.747051000000025,0 days 03:55:00
5m,VALIDATION,107,CLOSED,BTCUSDT,LONG,2024-11-07 00:10:00+00:00,2024-11-07 00:15:00+00:00,75411.58,75449.28579,2024-11-07 04:40:00+00:00,74694.7929321,74657.44553563395,0.00023809027217700426,17.96374098930168,0.1796374098930168,74694.7929321,76958.27150579999,SL,-0.17066002808926886,0.01796374098930168,0.017775211527618958,0.008977381803747228,0.008892051789704708,0.017869433593451937,-0.22426841419964144,-1.2484504999999981,0 days 04:25:00
5m,VALIDATION,108,CLOSED,BTCUSDT,LONG,2024-11-07 04:50:00+00:00,2024-11-07 04:55:00+00:00,74736.01,74773.37800499999,2024-11-07 17:25:00+00:00,76268.8455651,76230.71114231745,0.0002372461575600562,17.739696619471868,0.17739696619471867,74025.64422495,76268.8455651,TP,0.36365934799137284,0.01773969661947187,0.018085443306585375,0.008865415601934167,0.009047245275929849,0.017912660877864015,0.3099215471874516,1.747051000000012,0 days 12:30:00
5m,VALIDATION,109,CLOSED,BTCUSDT,LONG,2024-11-07 22:00:00+00:00,2024-11-07 22:05:00+00:00,75908.6,75946.5543,2024-11-10 02:25:00+00:00,77465.485386,77426.752643307,0.00023765803098092715,18.049308554724067,0.18049308554724067,75187.088757,77465.485386,TP,0.37000631529973943,0.01804930855472407,0.01840108957845564,0.009020144205258833,0.00920514736290897,0.018225291568167802,0.31533062559839187,1.7470509999999972,2 days 04:20:00
5m,VALIDATION,110,CLOSED,BTCUSDT,LONG,2024-11-10 20:20:00+00:00,2024-11-10 20:25:00+00:00,79493.2,79532.9466,2024-11-10 21:10:00+00:00,78737.617134,78698.248325433,0.00023090209717833434,18.364324164712475,0.18364324164712476,78737.617134,81123.605532,SL,-0.1744656683514157,0.018364324164712474,0.01817159058260382,0.009177573295708057,0.009090340461532696,0.018267913757240753,-0.22926949685597273,-1.2484504999999946,0 days 00:45:00
5m,VALIDATION,111,CLOSED,BTCUSDT,LONG,2024-11-10 21:10:00+00:00,2024-11-10 21:15:00+00:00,78897.81,78937.258905,2024-11-10 22:15:00+00:00,80516.0040831,80475.74608105845,0.0002297430131205657,18.135283708312905,0.18135283708312905,78147.88631594999,80516.0040831,TP,0.37176878446526407,0.018135283708312903,0.018488740387787923,0.009063110299006367,0.009248994691239128,0.018312104990245496,0.31683265537891775,1.7470510000000004,0 days 01:00:00
5m,VALIDATION,112,CLOSED,BTCUSDT,LONG,2024-11-11 05:40:00+00:00,2024-11-11 05:45:00+00:00,80763.04,80803.42151999999,2024-11-11 12:10:00+00:00,82419.48995039999,82378.2802054248,0.0002283541897168984,18.45179984755259,0.18451799847552589,79995.3873048,82419.48995039999,TP,0.378257286230188,0.01845179984755259,0.01881142542658139,0.009221289279135668,0.009410417922249332,0.018631707201385,0.3223623537546691,1.747051000000017,0 days 06:25:00
5m,VALIDATION,113,CLOSED,BTCUSDT,LONG,2024-11-12 09:15:00+00:00,2024-11-12 09:20:00+00:00,88496.02,88540.26801,2024-11-12 09:45:00+00:00,87654.8653299,87611.03789723506,0.00021203730893239948,18.773840160993817,0.18773840160993818,87654.8653299,90311.0733702,SL,-0.17835617264392517,0.01877384016099382,0.01857680870850419,0.00938222896601299,0.00929305087968997,0.018675279845702962,-0.23438210135912615,-1.2484504999999895,0 days 00:25:00
5m,VALIDATION,114,CLOSED,BTCUSDT,LONG,2024-11-12 09:50:00+00:00,2024-11-12 09:55:00+00:00,87847.19,87891.113595,2024-11-12 10:05:00+00:00,87012.20245905001,86968.69635782049,0.00021093932536818822,18.539692207588097,0.18539692207588096,87012.20245905001,89648.9358669,SL,-0.17613170857883428,0.018539692207588096,0.018345118137869463,0.00926521349704557,0.009177147642754867,0.018442361139800436,-0.2314588800640923,-1.2484504999999875,0 days 00:10:00
5m,VALIDATION,115,CLOSED,BTCUSDT,LONG,2024-11-12 10:05:00+00:00,2024-11-12 10:10:00+00:00,87744.0,87787.87199999999,2024-11-12 10:35:00+00:00,86909.99327999998,86866.53828335999,0.00020855346117942605,18.30846455517642,0.1830846455517642,86909.99327999998,89543.62943999999,SL,-0.1739349881029045,0.018308464555176422,0.018116317219669845,0.009149657448861375,0.009062689954811,0.018212347403672377,-0.22857211728142313,-1.2484505000000017,0 days 00:25:00
5m,VALIDATION,116,CLOSED,BTCUSDT,LONG,2024-11-12 13:05:00+00:00,2024-11-12 13:10:00+00:00,86179.84,86222.92992,2024-11-12 13:35:00+00:00,85360.7006208,85318.0202704896,0.0002096904013635786,18.08012078166851,0.1808012078166851,85360.7006208,87947.3885184,SL,-0.17176566519716097,0.01808012078166851,0.0178903699140649,0.009035542619524184,0.00894965978692633,0.017985202406450514,-0.2257213582993449,-1.2484505000000026,0 days 00:25:00
5m,VALIDATION,117,CLOSED,BTCUSDT,LONG,2024-11-12 13:40:00+00:00,2024-11-12 13:45:00+00:00,85692.03,85734.87601499999,2024-11-12 15:15:00+00:00,87449.57353529999,87405.84874853234,0.00020825393059538337,17.854624919231608,0.17854624919231607,84877.52725484999,87449.57353529999,TP,0.36601534941872926,0.017854624919231607,0.01820261155890743,0.00892285103409631,0.009105858708807863,0.018028709742904173,0.31192940319768603,1.747051000000006,0 days 01:30:00
5m,VALIDATION,118,CLOSED,BTCUSDT,LONG,2024-11-12 22:10:00+00:00,2024-11-12 22:15:00+00:00,88003.98,88047.98198999999,2024-11-13 02:30:00+00:00,87167.50217009998,87123.91841901494,0.00020632207909895202,18.16624270464388,0.1816624270464388,87167.50217009998,89808.94162979999,SL,-0.17258384498515109,0.01816624270464388,0.017975587987458644,0.00907858206128918,0.008992290138796596,0.018070872200085776,-0.22679654787733938,-1.2484504999999964,0 days 04:15:00
5m,VALIDATION,119,CLOSED,BTCUSDT,LONG,2024-11-13 02:35:00+00:00,2024-11-13 02:40:00+00:00,87392.82,87436.51641,2024-11-13 04:35:00+00:00,86562.1512459,86518.87017027705,0.0002051736901619368,17.939672726744444,0.17939672726744443,86562.1512459,89185.2467382,SL,-0.17043137358091828,0.017939672726744443,0.01775139586147726,0.008965353686526813,0.008880137999737397,0.01784549168626421,-0.2239679338554042,-1.2484504999999975,0 days 01:55:00
5m,VALIDATION,120,CLOSED,BTCUSDT,LONG,2024-11-13 04:40:00+00:00,2024-11-13 04:45:00+00:00,86667.97,86711.30398499999,2024-11-13 13:30:00+00:00,88445.5300647,88401.30729966765,0.00020430933134327385,17.715928537078707,0.17715928537078707,85844.19094515,88445.5300647,TP,0.3631721082413627,0.017715928537078707,0.01806121198426637,0.008853537499787458,0.009035123553909634,0.017888661053697092,0.30950630666632056,1.7470510000000092,0 days 08:45:00
5m,VALIDATION,121,CLOSED,BTCUSDT,LONG,2024-11-13 19:40:00+00:00,2024-11-13 19:45:00+00:00,90620.0,90665.31,2024-11-13 20:00:00+00:00,89758.6569,89713.77757155,0.00019880950770074542,18.02512564663547,0.1802512564663547,89758.6569,92478.6162,SL,-0.17124319767243357,0.01802512564663547,0.017835951952974032,0.009008058793920313,0.008922437195084332,0.017930495989004647,-0.2250347712610477,-1.2484504999999941,0 days 00:15:00
5m,VALIDATION,122,CLOSED,BTCUSDT,LONG,2024-11-13 21:20:00+00:00,2024-11-13 21:25:00+00:00,88687.61,88731.953805,2024-11-13 23:55:00+00:00,90506.5928811,90461.33958465946,0.00020060772835515635,17.800315685335722,0.17800315685335721,87844.63426695,90506.5928811,TP,0.36490202369438934,0.017800315685335723,0.01814724383804292,0.00889570998767338,0.009078160999519212,0.017973870987192594,0.3109805931838181,1.74705100000002,0 days 02:30:00
5m,VALIDATION,123,CLOSED,BTCUSDT,LONG,2024-11-14 14:50:00+00:00,2024-11-14 14:55:00+00:00,89187.0,89231.59349999999,2024-11-14 15:00:00+00:00,88339.27756499998,88295.10792621749,0.00020296606726625678,18.11098560859628,0.1811098560859628,88339.27756499998,91016.22536999999,SL,-0.17205888876532863,0.01811098560859628,0.017920910814634063,0.009050967320635412,0.008964937876253588,0.018015905196889,-0.22610669038544798,-1.2484504999999981,0 days 00:05:00
5m,VALIDATION,124,CLOSED,BTCUSDT,LONG,2024-11-14 15:00:00+00:00,2024-11-14 15:05:00+00:00,89115.98,89160.53799,2024-11-14 15:45:00+00:00,88268.93261009999,88224.79814379495,0.00020059440198786548,17.88510479902041,0.1788510479902041,88268.93261009999,90943.7487498,SL,-0.16991296463237407,0.01788510479902041,0.017697400624154692,0.008938083357831523,0.008853126875513179,0.0177912102333447,-0.2232866802888939,-1.2484504999999977,0 days 00:40:00
5m,VALIDATION,125,CLOSED,BTCUSDT,LONG,2024-11-14 16:05:00+00:00,2024-11-14 16:10:00+00:00,88200.01,88244.110005,2024-11-14 21:05:00+00:00,87361.66890495,87317.98807049752,0.0002001498024213451,17.66204118234819,0.1766204118234819,87361.66890495,90008.9922051,SL,-0.16779380453595089,0.017662041182348192,0.017476678060139448,0.008826607287530378,0.00874271038526258,0.017569317672792958,-0.22050184145123147,-1.2484504999999977,0 days 04:55:00
5m,VALIDATION,126,CLOSED,BTCUSDT,LONG,2024-11-14 21:10:00+00:00,2024-11-14 21:15:00+00:00,87470.4,87514.13519999999,2024-11-15 09:25:00+00:00,89264.41790399999,89219.78569504799,0.00019930219938295017,17.441759622456857,0.17441759622456857,86638.99384799998,89264.41790399999,TP,0.35755171399958896,0.017441759622456858,0.017781699517498542,0.008716521550452312,0.008895297407452258,0.01761181895790457,0.304716435901729,1.7470510000000015,0 days 12:10:00
5m,VALIDATION,127,CLOSED,BTCUSDT,LONG,2024-11-15 15:10:00+00:00,2024-11-15 15:15:00+00:00,88490.25,88534.495125,2024-11-15 19:40:00+00:00,90305.1850275,90260.03243498626,0.00020044358553442094,17.746171646334712,0.17746171646334713,87649.15017375001,90305.1850275,TP,0.36379208442411354,0.017746171646334713,0.018092044531721776,0.008868651497418903,0.00905054753962857,0.017919199037047473,0.3100346692090096,1.7470510000000141,0 days 04:25:00
5m,VALIDATION,128,CLOSED,BTCUSDT,LONG,2024-11-16 11:45:00+00:00,2024-11-16 11:50:00+00:00,91041.49,91087.010745,2024-11-16 15:45:00+00:00,90176.14063755001,90131.05256723124,0.00019822690900623928,18.055896590599456,0.18055896590599457,90176.14063755001,92908.7509599,SL,-0.17153552932898272,0.018055896590599457,0.017866399955881115,0.009023436577011544,0.00893766881234618,0.017961105389357725,-0.225418931264821,-1.248450499999995,0 days 03:55:00
5m,VALIDATION,129,CLOSED,BTCUSDT,LONG,2024-11-17 02:15:00+00:00,2024-11-17 02:20:00+00:00,89727.28,89772.14364,2024-11-17 22:00:00+00:00,88874.4222036,88829.9849924982,0.00019862177876219604,17.830702853072165,0.17830702853072164,88874.4222036,91567.5865128,SL,-0.16939613255217476,0.017830702853072165,0.017643569626629173,0.008910895978546001,0.008826197912271109,0.01773709389081711,-0.22260749892269321,-1.2484504999999972,0 days 19:40:00
5m,VALIDATION,130,CLOSED,BTCUSDT,LONG,2024-11-18 11:15:00+00:00,2024-11-18 11:20:00+00:00,91181.81,91227.40090499999,2024-11-18 11:45:00+00:00,90315.12689594999,90269.96933250202,0.00019301566814996487,17.60831773926328,0.17608317739263282,90315.12689594999,93051.94892309999,SL,-0.1672834184024984,0.01760831773926328,0.017423518444589718,0.008799758990134647,0.008716117280933747,0.017515876271068397,-0.2198311308574198,-1.2484504999999924,0 days 00:25:00
5m,VALIDATION,131,CLOSED,BTCUSDT,LONG,2024-11-18 11:50:00+00:00,2024-11-18 11:55:00+00:00,90333.14,90378.30657,2024-11-18 13:20:00+00:00,89474.5235043,89429.78624254785,0.00019239911522857825,17.3887062199252,0.173887062199252,89474.5235043,92185.8727014,SL,-0.16519705409334237,0.0173887062199252,0.01720621174814709,0.008690008105909882,0.008607409578862375,0.017297417684772255,-0.21708938974618694,-1.2484504999999981,0 days 01:25:00
5m,VALIDATION,132,CLOSED,BTCUSDT,LONG,2024-11-18 13:25:00+00:00,2024-11-18 13:30:00+00:00,89687.48,89732.32373999999,2024-11-18 15:35:00+00:00,91526.97021479999,91481.2067296926,0.00019136731321537766,17.171833702696247,0.1717183370269625,88835.00050259999,91526.97021479999,TP,0.35201830009225327,0.01717183370269625,0.0175065127415618,0.008581626038328313,0.008757635188374371,0.017339261226702686,0.3000006924212925,1.747051000000004,0 days 02:05:00
5m,VALIDATION,133,CLOSED,BTCUSDT,LONG,2024-11-18 18:55:00+00:00,2024-11-18 19:00:00+00:00,90356.8,90401.97839999999,2024-11-19 12:20:00+00:00,92210.017968,92163.912959016,0.00019326495949922835,17.471534694126113,0.17471534694126115,89497.95861599999,92210.017968,TP,0.3581620955287617,0.017471534694126115,0.017812054905314637,0.008731401646237962,0.008910482694004154,0.017641884340242116,0.3052366215890789,1.7470510000000095,0 days 17:20:00
5m,VALIDATION,134,CLOSED,BTCUSDT,LONG,2024-11-19 13:45:00+00:00,2024-11-19 13:50:00+00:00,91542.5,91588.27124999999,2024-11-19 18:15:00+00:00,93420.036675,93373.3266566625,0.00019409107892759032,17.776466384025298,0.177764663840253,90672.3885375,93420.036675,TP,0.3644131189768697,0.0177764663840253,0.018122929713849954,0.00888379129636266,0.009065997855853004,0.017949789152215664,0.31056393372677876,1.7470510000000052,0 days 04:25:00
5m,VALIDATION,135,CLOSED,BTCUSDT,LONG,2024-11-19 20:55:00+00:00,2024-11-19 21:00:00+00:00,92457.99,92504.218995,2024-11-19 22:30:00+00:00,91579.17680505,91533.38721664748,0.000195523190840081,18.086720064072033,0.18086720064072034,91579.17680505,94354.3033749,SL,-0.171828360028992,0.018086720064072033,0.017896899936999597,0.009038840611729694,0.00895292643171471,0.017991767043444407,-0.22580374707350803,-1.2484505000000021,0 days 01:30:00
5m,VALIDATION,136,CLOSED,BTCUSDT,LONG,2024-11-19 22:40:00+00:00,2024-11-19 22:45:00+00:00,91709.8,91755.6549,2024-11-20 09:20:00+00:00,93590.767998,93543.972614001,0.0001946598486451153,17.86114189516743,0.17861141895167432,90838.098351,93590.767998,TP,0.36614894579698415,0.017861141895167434,0.018209255550704247,0.00892610789363518,0.009109182366534067,0.01803529026016925,0.31204325809094324,1.7470510000000095,0 days 10:35:00
5m,VALIDATION,137,CLOSED,BTCUSDT,LONG,2024-11-20 16:30:00+00:00,2024-11-20 16:35:00+00:00,93728.18,93775.04408999998,2024-11-21 03:25:00+00:00,95650.54497179999,95602.7196993141,0.00019379221410219244,18.17287342173181,0.1817287342173181,92837.29364909999,95650.54497179999,TP,0.3725393641976196,0.018172873421731812,0.01852706272472137,0.00908189576298213,0.009268165445081349,0.018350061208063477,0.31748936684310297,1.7470510000000172,0 days 10:50:00
5m,VALIDATION,138,CLOSED,BTCUSDT,LONG,2024-11-22 09:15:00+00:00,2024-11-22 09:20:00+00:00,98660.01,98709.34000499999,2024-11-22 13:25:00+00:00,97722.24660494999,97673.38548164752,0.00018731809589086178,18.490045616380268,0.18490045616380268,97722.24660494999,100683.52680509999,SL,-0.17566005355691638,0.01849004561638027,0.018295992587636357,0.009240402606885972,0.00915257258010753,0.018392975186993503,-0.23083906694792652,-1.2484504999999946,0 days 04:05:00
5m,VALIDATION,139,CLOSED,BTCUSDT,LONG,2024-11-22 13:30:00+00:00,2024-11-22 13:35:00+00:00,97835.99,97884.907995,2024-11-24 12:30:00+00:00,96906.05891505,96857.60588559248,0.00018653986127078478,18.259437157890833,0.18259437157890834,96906.05891505,99842.6061549,SL,-0.17346921557796402,0.018259437157890832,0.01806780436491877,0.009125156000944226,0.009038421393155659,0.018163577394099885,-0.2279600344948735,-1.248450499999998,1 days 22:55:00
5m,VALIDATION,140,CLOSED,BTCUSDT,LONG,2024-11-24 14:30:00+00:00,2024-11-24 14:35:00+00:00,96624.02,96672.33201,2024-11-25 09:10:00+00:00,98605.7786502,98556.4757608749,0.00018652394620865168,18.031704855698155,0.18031704855698155,95705.6086899,98605.7786502,TP,0.3696454438684332,0.018031704855698157,0.018383142783335714,0.009011346754470758,0.00919616947640391,0.018207516230874667,0.31502307999852464,1.7470510000000081,0 days 18:35:00
5m,VALIDATION,141,CLOSED,BTCUSDT,LONG,2024-11-25 12:20:00+00:00,2024-11-25 12:25:00+00:00,98013.97,98062.976985,2024-11-25 14:30:00+00:00,97082.34721515,97033.80604154243,0.00018708807127211093,18.346413227325055,0.18346413227325056,97082.34721515,100024.2365247,SL,-0.17429550997073898,0.018346413227325054,0.01815386762050428,0.009168622302511269,0.009081474547526208,0.01825009685003748,-0.22904588766860579,-1.2484505,0 days 02:05:00
5m,VALIDATION,142,CLOSED,BTCUSDT,LONG,2024-11-25 15:00:00+00:00,2024-11-25 15:05:00+00:00,95555.99,95603.767995,2024-11-25 15:10:00+00:00,94647.73031505001,94600.40644989249,0.0001895071348827442,18.117596156727046,0.18117596156727048,94647.73031505001,97515.8433549,SL,-0.1721216906243778,0.018117596156727048,0.0179274519850622,0.009054270942891459,0.0089682100975795,0.01802248104047096,-0.226189219806638,-1.248450499999991,0 days 00:05:00
5m,VALIDATION,143,CLOSED,BTCUSDT,LONG,2024-11-25 15:10:00+00:00,2024-11-25 15:15:00+00:00,95252.49,95300.116245,2024-11-25 21:35:00+00:00,94347.11508255,94299.94152500872,0.0001877398853762223,17.89163290017696,0.1789163290017696,94347.11508255,97206.1185699,SL,-0.1699749832245719,0.01789163290017696,0.017703860212889604,0.008941345777198415,0.008856358285587581,0.017797704062785996,-0.22336818040042447,-1.248450500000004,0 days 06:20:00
5m,VALIDATION,144,CLOSED,BTCUSDT,LONG,2024-11-25 21:50:00+00:00,2024-11-25 21:55:00+00:00,94006.68,94053.68333999999,2024-11-25 22:35:00+00:00,93113.1465066,93066.5899333467,0.00018785535278763175,17.6684878648119,0.17668487864811902,93113.1465066,95934.75700679999,SL,-0.16785504963022171,0.017668487864811903,0.0174830570846707,0.008829829017896187,0.008745901493081812,0.017575730510978,-0.22058232509068232,-1.2484504999999932,0 days 00:40:00
5m,VALIDATION,145,CLOSED,BTCUSDT,LONG,2024-11-26 07:50:00+00:00,2024-11-26 07:55:00+00:00,93690.48,93737.32523999999,2024-11-26 08:15:00+00:00,92799.95198759998,92753.55201160618,0.00018613850840112098,17.44812590168435,0.1744812590168435,92799.95198759998,95612.07174479999,SL,-0.16576155591755334,0.01744812590168435,0.017265007820346172,0.008719703099291617,0.008636822321334031,0.01735652542062565,-0.21783121506020953,-1.2484505000000101,0 days 00:20:00
5m,VALIDATION,146,CLOSED,BTCUSDT,LONG,2024-11-26 08:20:00+00:00,2024-11-26 08:25:00+00:00,92935.98,92982.44798999999,2024-11-26 11:20:00+00:00,92052.62351009999,92006.59719834494,0.00018530929947207562,17.2305123002256,0.17230512300225603,92052.62351009999,94842.09694979999,SL,-0.16369417232748154,0.0172305123002256,0.01704967807363474,0.00861095067477358,0.008529103588611562,0.017140054263385142,-0.21511441696472702,-1.2484504999999941,0 days 02:55:00
5m,VALIDATION,147,CLOSED,BTCUSDT,LONG,2024-11-26 11:45:00+00:00,2024-11-26 11:50:00+00:00,91967.68,92013.66384,2024-11-26 16:20:00+00:00,93853.93711679999,93807.01014824159,0.00018492484781788823,17.015612782778323,0.17015612782778322,91093.5272016,93853.93711679999,TP,0.34881581026964853,0.017015612782778324,0.017347247075914674,0.008503554614082266,0.008677962519217021,0.01718151713329929,0.29727143327765626,1.7470509999999986,0 days 04:30:00
5m,VALIDATION,148,CLOSED,BTCUSDT,LONG,2024-11-26 18:20:00+00:00,2024-11-26 18:25:00+00:00,92704.01,92750.36200499999,2024-11-26 19:30:00+00:00,91822.85838494998,91776.94695575752,0.00018665789402163064,17.312587241597164,0.17312587241597163,91822.85838494998,94605.3692451,SL,-0.16447390477899346,0.017312587241597163,0.017130891638496605,0.008651967636978855,0.008569730684588432,0.017221698321567287,-0.21613908198065454,-1.2484504999999917,0 days 01:05:00
5m,VALIDATION,149,CLOSED,BTCUSDT,LONG,2024-11-26 19:55:00+00:00,2024-11-26 20:00:00+00:00,91683.9,91729.74195,2024-11-26 20:35:00+00:00,90812.4445305,90767.03830823475,0.00018638081520053085,17.09666408277533,0.1709666408277533,90812.4445305,93564.336789,SL,-0.1624225808163708,0.01709666408277533,0.016917234593226606,0.008544060011382313,0.008462848720972454,0.017006908732354768,-0.2134433882247275,-1.248450499999991,0 days 00:35:00
5m,VALIDATION,150,CLOSED,BTCUSDT,LONG,2024-11-27 12:10:00+00:00,2024-11-27 12:15:00+00:00,93193.97,93240.566985,2024-11-27 15:30:00+00:00,95105.3783247,95057.82563553765,0.00018107390882151953,16.883433924708672,0.16883433924708674,92308.16131514999,95105.3783247,TP,0.34610617670742017,0.016883433924708674,0.017212492051901247,0.008437498213247078,0.0086105513016005,0.017048049514847577,0.2949622012159627,1.7470510000000035,0 days 03:15:00
5m,VALIDATION,151,CLOSED,BTCUSDT,LONG,2024-11-27 23:20:00+00:00,2024-11-27 23:25:00+00:00,95800.0,95847.9,2024-11-28 03:30:00+00:00,94889.42099999999,94841.97628949999,0.00017922251252652335,17.178101458390955,0.17178101458390957,94889.42099999999,97764.858,SL,-0.16319625623389133,0.017178101458390955,0.016997817283585143,0.008584758350019425,0.00850316022190351,0.017087918571922933,-0.2144600935477904,-1.248450500000007,0 days 04:05:00
5m,VALIDATION,152,CLOSED,BTCUSDT,LONG,2024-11-28 03:40:00+00:00,2024-11-28 03:45:00+00:00,95210.95,95258.55547499999,2024-11-29 11:45:00+00:00,97163.7265845,97115.14472120775,0.00017808222606464913,16.963855610690867,0.16963855610690867,94305.96992024999,97163.7265845,TP,0.34775480117468166,0.01696385561069087,0.017294481156543234,0.008477688960863112,0.00865156636145155,0.017129255322314664,0.29636720908513287,1.7470510000000117,1 days 08:00:00
5m,VALIDATION,153,CLOSED,BTCUSDT,LONG,2024-11-29 17:40:00+00:00,2024-11-29 17:45:00+00:00,97111.47,97160.025735,2024-11-30 10:45:00+00:00,96188.42547765,96140.33126491118,0.0001776443204709908,17.259926748638055,0.17259926748638055,96188.42547765,99103.2262497,SL,-0.1639736169373359,0.017259926748638056,0.017078783817411097,0.008625650549044812,0.008543663740576045,0.017169314289620857,-0.21548164179300588,-1.248450500000002,0 days 17:00:00
5m,VALIDATION,154,CLOSED,BTCUSDT,LONG,2024-11-30 11:00:00+00:00,2024-11-30 11:05:00+00:00,96253.32,96301.44666,2024-12-02 08:15:00+00:00,95338.4321934,95290.76297730331,0.0001769927759589948,17.044660373220466,0.17044660373220466,95338.4321934,98227.4755932,SL,-0.16192853258117054,0.017044660373220468,0.01686577666260352,0.008518071151033733,0.00843710688474276,0.016955178035776494,-0.21279414765277105,-1.24845049999999,1 days 21:10:00
5m,VALIDATION,155,CLOSED,BTCUSDT,LONG,2024-12-02 08:30:00+00:00,2024-12-02 08:35:00+00:00,95230.92,95278.53546,2024-12-02 15:40:00+00:00,97184.10616920001,97135.51411611542,0.0001766618129242788,16.832078807133783,0.16832078807133782,94325.7501054,97184.10616920001,TP,0.3450534096295008,0.016832078807133784,0.017160136023084825,0.00841183348682364,0.008584360191636567,0.016996193678460204,0.294065001120822,1.747051000000019,0 days 07:05:00
5m,VALIDATION,156,CLOSED,BTCUSDT,LONG,2024-12-02 17:20:00+00:00,2024-12-02 17:25:00+00:00,95771.99,95819.875995,2024-12-02 17:55:00+00:00,94861.67723505,94814.24639643247,0.00017872962012514365,17.12585003702472,0.1712585003702472,94861.67723505,97736.2735149,SL,-0.16269985467458434,0.017125850037024718,0.016946114240886146,0.008558645695662675,0.00847729576832729,0.017035941463989963,-0.21380776041648517,-1.2484504999999992,0 days 00:30:00
5m,VALIDATION,157,CLOSED,BTCUSDT,LONG,2024-12-02 18:00:00+00:00,2024-12-02 18:05:00+00:00,95089.55,95137.09477499999,2024-12-03 13:50:00+00:00,94185.72382725,94138.63096533637,0.00017776720963334132,16.912255870774484,0.16912255870774484,94185.72382725,97039.8366705,SL,-0.160670656723351,0.016912255870774485,0.01673476174541071,0.008451901984392836,0.008371566656033336,0.01682346864042617,-0.2111411429799624,-1.2484504999999941,0 days 19:45:00
5m,VALIDATION,158,CLOSED,BTCUSDT,LONG,2024-12-03 14:00:00+00:00,2024-12-03 14:05:00+00:00,93919.63,93966.589815,2024-12-03 15:10:00+00:00,95845.9216113,95797.99865049435,0.00017773684977701767,16.701325658007292,0.16701325658007293,93026.92391684999,95845.9216113,TP,0.3423730027443566,0.016701325658007294,0.01702683449508186,0.0083464895842106,0.008517676085583448,0.016864165669794047,0.2917806769214734,1.7470510000000026,0 days 01:05:00
5m,VALIDATION,159,CLOSED,BTCUSDT,LONG,2024-12-03 19:20:00+00:00,2024-12-03 19:25:00+00:00,95037.3,95084.81865,2024-12-04 19:50:00+00:00,96986.515023,96938.0217654885,0.00017871217600246258,16.992814845741037,0.1699281484574104,94133.9704635,96986.515023,TP,0.3483484582570196,0.016992814845741038,0.01732400480708453,0.00849216134219909,0.008666335571326936,0.017158496913526028,0.29687314169066803,1.7470510000000044,1 days 00:25:00
5m,VALIDATION,160,CLOSED,BTCUSDT,LONG,2024-12-05 06:20:00+00:00,2024-12-05 06:25:00+00:00,101764.0,101814.882,2024-12-05 16:35:00+00:00,100796.73318,100746.33481341,0.00016981202621112486,17.289391410866585,0.17289391410866586,100796.73318,103851.17964,SL,-0.16425353859099212,0.017289391410866585,0.01710793924800954,0.00864037551767408,0.008558248748379195,0.017198624266053272,-0.21584949351592153,-1.2484505000000035,0 days 10:10:00
5m,VALIDATION,161,CLOSED,BTCUSDT,LONG,2024-12-05 17:15:00+00:00,2024-12-05 17:20:00+00:00,100879.03,100929.46951499999,2024-12-05 19:40:00+00:00,99920.17481984998,99870.21473244007,0.00016916523621153924,17.073757551210324,0.17073757551210325,99920.17481984998,102948.05890529999,SL,-0.16220496304273518,0.017073757551210326,0.016894568465710372,0.008532612469368943,0.008451509987846976,0.01698412245721592,-0.2131574115168718,-1.2484504999999926,0 days 02:20:00
5m,VALIDATION,162,CLOSED,BTCUSDT,LONG,2024-12-05 20:20:00+00:00,2024-12-05 20:25:00+00:00,98480.0,98529.23999999999,2024-12-05 22:25:00+00:00,97543.94759999998,97495.17562619998,0.0001711249684272456,16.860813084160505,0.16860813084160506,97543.94759999998,100499.82479999999,SL,-0.16018193739625006,0.016860813084160504,0.01668385885084224,0.00842619344535598,0.008346102476659695,0.016772295922015675,-0.21049890525326848,-1.2484505000000072,0 days 02:00:00
5m,VALIDATION,163,CLOSED,BTCUSDT,LONG,2024-12-06 10:10:00+00:00,2024-12-06 10:15:00+00:00,97863.99,97912.921995,2024-12-06 17:40:00+00:00,99871.1804349,99821.24484468256,0.00017005441292390546,16.650524467523873,0.16650524467523872,96933.79277505,99871.1804349,TP,0.34133159103339733,0.016650524467523874,0.016975043189395914,0.008321101682919071,0.008491767478435977,0.01681286916135505,0.2908931542151225,1.7470510000000121,0 days 07:25:00
5m,VALIDATION,164,CLOSED,BTCUSDT,LONG,2024-12-06 21:55:00+00:00,2024-12-06 22:00:00+00:00,100372.01,100422.19600499999,2024-12-06 23:20:00+00:00,99417.97404495,99368.26505792752,0.00016869902962830886,16.941127019187334,0.16941127019187335,99417.97404495,102430.6399251,SL,-0.16094493984745184,0.016941127019187336,0.016763329891120966,0.00846633034442077,0.008385857874497494,0.016852188218918263,-0.21150158497667843,-1.2484504999999944,0 days 01:20:00
5m,VALIDATION,165,CLOSED,BTCUSDT,LONG,2024-12-06 23:25:00+00:00,2024-12-06 23:30:00+00:00,99404.25,99453.952125,2024-12-09 03:50:00+00:00,98459.41260375,98410.18289744813,0.00016821691211907022,16.72983672450534,0.1672983672450534,98459.41260375,101443.0311675,SL,-0.15893762925179813,0.01672983672450534,0.01655425708808166,0.008360737993255396,0.008281269178628156,0.016642007171883553,-0.2088637302362687,-1.248450499999989,2 days 04:20:00
5m,VALIDATION,166,CLOSED,BTCUSDT,LONG,2024-12-09 09:30:00+00:00,2024-12-09 09:35:00+00:00,98687.13,98736.473565,2024-12-09 15:35:00+00:00,97749.10882934999,97700.23427493533,0.00016732602505261689,16.521181649344232,0.16521181649344233,97749.10882934999,100711.2030363,SL,-0.15695535390006896,0.016521181649344234,0.01634779184793437,0.008256462593373473,0.008177984916423875,0.016434447509797348,-0.20625877490714492,-1.2484504999999915,0 days 06:00:00
5m,VALIDATION,167,CLOSED,BTCUSDT,LONG,2024-12-09 15:55:00+00:00,2024-12-09 16:00:00+00:00,97812.0,97860.90599999999,2024-12-09 20:20:00+00:00,96882.29693999999,96833.85579152999,0.00016671753403917268,16.315128927159275,0.16315128927159275,96882.29693999999,99818.12412,SL,-0.1549978015518754,0.016315128927159275,0.01614390164906874,0.008153487719717798,0.008075988818943147,0.016229476538660945,-0.20368630866676435,-1.2484504999999984,0 days 04:20:00
5m,VALIDATION,168,CLOSED,BTCUSDT,LONG,2024-12-09 20:30:00+00:00,2024-12-09 20:35:00+00:00,96886.13,96934.573065,2024-12-09 21:00:00+00:00,95965.22733435,95917.24472068282,0.0001662115547825707,16.11164610131835,0.1611164610131835,95965.22733435,98873.2645263,SL,-0.15306466386110143,0.01611164610131835,0.015942554375485012,0.008051797152083047,0.007975264820152806,0.016027061972235853,-0.20114592631014064,-1.2484505000000075,0 days 00:25:00
5m,VALIDATION,169,CLOSED,BTCUSDT,LONG,2024-12-10 03:00:00+00:00,2024-12-10 03:05:00+00:00,96722.21,96770.571105,2024-12-10 03:20:00+00:00,95802.86539394999,95754.96396125303,0.00016441673267305392,15.91070111998954,0.1591070111998954,95802.86539394999,98705.9825271,SL,-0.15115563632733917,0.01591070111998954,0.015743718311735252,0.007951374872556689,0.007875797054392805,0.015827171926949494,-0.19863722768601344,-1.2484504999999901,0 days 00:15:00
5m,VALIDATION,170,CLOSED,BTCUSDT,LONG,2024-12-10 03:25:00+00:00,2024-12-10 03:30:00+00:00,95957.5,96005.47875,2024-12-10 11:50:00+00:00,97925.58832499999,97876.6255308375,0.00016366005915149323,15.712262331092425,0.15712262331092425,95045.42396249999,97925.58832499999,TP,0.32209745168486154,0.015712262331092425,0.016018494323925415,0.007852205063013849,0.008013253788856006,0.015865458851869855,0.27450123617797384,1.7470510000000021,0 days 08:20:00
5m,VALIDATION,171,CLOSED,BTCUSDT,LONG,2024-12-10 15:40:00+00:00,2024-12-10 15:45:00+00:00,96515.99,96564.247995,2024-12-10 15:55:00+00:00,95598.60551505,95550.80621229249,0.00016555287978930872,15.986489340261231,0.1598648934026123,95598.60551505,98495.5329549,SL,-0.15187564335750456,0.015986489340261232,0.01581871113463519,0.007989250045106847,0.007913312223427478,0.015902562268534325,-0.19958340610093533,-1.248450499999983,0 days 00:10:00
5m,VALIDATION,172,CLOSED,BTCUSDT,LONG,2024-12-10 16:00:00+00:00,2024-12-10 16:05:00+00:00,95769.82,95817.70491,2024-12-10 16:35:00+00:00,94859.5278609,94812.09809696955,0.0001647618812516011,15.787105318182375,0.15787105318182376,94859.5278609,97734.0590082,SL,-0.14998144532666224,0.015787105318182375,0.015621419647868052,0.007889607855162519,0.007814617132499004,0.015704224987661525,-0.1970941952803742,-1.2484504999999984,0 days 00:30:00
5m,VALIDATION,173,CLOSED,BTCUSDT,LONG,2024-12-10 16:45:00+00:00,2024-12-10 16:50:00+00:00,95202.62,95250.22131,2024-12-10 18:10:00+00:00,94297.7190969,94250.57023735155,0.00016367634432533568,15.590208020199986,0.15590208020199986,94297.7190969,97155.2257362,SL,-0.1481108717961032,0.015590208020199987,0.01542658878702799,0.007791208405896749,0.007717152969997466,0.015508361375894215,-0.19463602997922538,-1.2484504999999908,0 days 01:20:00
5m,VALIDATION,174,CLOSED,BTCUSDT,LONG,2024-12-11 00:45:00+00:00,2024-12-11 00:50:00+00:00,96093.46,96141.50673000001,2024-12-11 08:30:00+00:00,98064.33686460002,98015.30469616772,0.0001601365212118634,15.395766431809154,0.15395766431809155,95180.09166270001,98064.33686460002,TP,0.3156093648339903,0.015395766431809154,0.015695829919565116,0.007694036197805968,0.007851840880222496,0.015545877078028465,0.2689718914045875,1.7470510000000088,0 days 07:40:00
5m,VALIDATION,175,CLOSED,BTCUSDT,LONG,2024-12-11 18:00:00+00:00,2024-12-11 18:05:00+00:00,99867.98,99917.91398999999,2024-12-12 16:00:00+00:00,101916.27226979999,101865.31413366509,0.00015677338521692178,15.664469620025526,0.15664469620025526,98918.73485009998,101916.27226979999,TP,0.3211177130501968,0.015664469620025528,0.015969770132919822,0.007828320649686422,0.007988879506212606,0.015817200155899026,0.2736662731413524,1.7470510000000015,0 days 21:55:00
5m,VALIDATION,176,CLOSED,BTCUSDT,LONG,2024-12-12 19:00:00+00:00,2024-12-12 19:05:00+00:00,100906.6,100957.0533,2024-12-12 19:25:00+00:00,99947.482767,99897.5090256165,0.00015786774652511198,15.93786250028662,0.1593786250028662,99947.482767,102976.194366,SL,-0.15141367622711263,0.01593786250028662,0.01577059463334611,0.007964948775754446,0.007889241937641168,0.015854190713395614,-0.19897632407414095,-1.2484505000000008,0 days 00:20:00
5m,VALIDATION,177,CLOSED,BTCUSDT,LONG,2024-12-12 19:45:00+00:00,2024-12-12 19:50:00+00:00,99748.0,99797.874,2024-12-13 18:00:00+00:00,101793.83148,101742.93456426,0.00015770962168752217,15.739084953759004,0.15739084953759006,98799.89525999999,101793.83148,TP,0.3226473087472225,0.015739084953759006,0.01604583971950777,0.007865609672042875,0.008026933326416904,0.01589254299845978,0.27496984107549594,1.7470509999999981,0 days 22:10:00
5m,VALIDATION,178,CLOSED,BTCUSDT,LONG,2024-12-14 04:45:00+00:00,2024-12-14 04:50:00+00:00,101680.0,101730.84,2024-12-14 20:50:00+00:00,100713.5316,100663.1748342,0.00015741322984936108,16.013780099688574,0.16013780099688574,100713.5316,103765.4568,SL,-0.1521349123913439,0.016013780099688575,0.015845715477542346,0.008002888605540968,0.007926821149345157,0.015929709754886126,-0.19992411772346097,-1.2484504999999904,0 days 16:00:00
5m,VALIDATION,179,CLOSED,BTCUSDT,LONG,2024-12-14 20:55:00+00:00,2024-12-14 21:00:00+00:00,100760.0,100810.37999999999,2024-12-15 04:20:00+00:00,102826.5876,102775.1743062,0.0001568693194724437,15.814055706358447,0.15814055706358449,99802.2762,102826.5876,TP,0.3241841904421905,0.015814055706358448,0.016122271652075373,0.007903076315020161,0.008065168410242277,0.01596824472526244,0.27627961835849424,1.747051000000012,0 days 07:20:00
5m,VALIDATION,180,CLOSED,BTCUSDT,LONG,2024-12-15 07:00:00+00:00,2024-12-15 07:05:00+00:00,101855.59,101906.51779499999,2024-12-15 23:15:00+00:00,103944.6481509,103892.67582682456,0.00015789038492581726,16.090059321102196,0.16090059321102196,100887.45261704999,103944.6481509,TP,0.3298421955780177,0.016090059321102197,0.01640365457727048,0.008041009155972475,0.008205930253760423,0.016246939409732895,0.2811015422699121,1.7470510000000183,0 days 16:10:00
5m,VALIDATION,181,CLOSED,BTCUSDT,LONG,2024-12-16 02:25:00+00:00,2024-12-16 02:30:00+00:00,104610.11,104662.41505499999,2024-12-16 12:00:00+00:00,103615.79090444998,103563.98300899776,0.000156416035632731,16.37088004265056,0.1637088004265056,103615.79090444998,106755.66335609999,SL,-0.1555274510798564,0.016370880042650558,0.016199067656602943,0.00818134934665036,0.008103585621111353,0.016284934967761712,-0.20438233374687165,-1.2484505000000032,0 days 09:30:00
5m,VALIDATION,182,CLOSED,BTCUSDT,LONG,2024-12-16 12:00:00+00:00,2024-12-16 12:05:00+00:00,103870.62,103922.55531,2024-12-16 15:10:00+00:00,106001.00641619999,105948.0059129919,0.00015556489963929548,16.166701887059283,0.16166701887059284,102883.3297569,106001.00641619999,TP,0.33141334902907066,0.016166701887059282,0.01648179090683807,0.008079311287885816,0.008245017962399508,0.016324329250285326,0.28244052698488803,1.7470509999999997,0 days 03:05:00
5m,VALIDATION,183,CLOSED,BTCUSDT,LONG,2024-12-16 19:25:00+00:00,2024-12-16 19:30:00+00:00,106110.0,106163.055,2024-12-17 14:55:00+00:00,108286.3161,108232.17294195,0.00015493959038457927,16.44886025567556,0.1644886025567556,105101.42444999999,108286.3161,TP,0.33719752508136447,0.01644886025567556,0.016769448542058675,0.00822031996785277,0.008388918730393304,0.016609238698246074,0.2873699775853842,1.7470510000000108,0 days 19:25:00
5m,VALIDATION,184,CLOSED,BTCUSDT,LONG,2024-12-17 15:25:00+00:00,2024-12-17 15:30:00+00:00,106042.23,106095.25111499999,2024-12-18 01:55:00+00:00,105034.29860385,104981.78145454808,0.00015774450764271844,16.73594315036625,0.1673594315036625,105034.29860385,108217.1561373,SL,-0.1589956418233197,0.01673594315036625,0.016560299427003156,0.008363789680342308,0.008284291859429747,0.016648081539772056,-0.2089399659404612,-1.248450499999988,0 days 10:25:00
5m,VALIDATION,185,CLOSED,BTCUSDT,LONG,2024-12-18 01:55:00+00:00,2024-12-18 02:00:00+00:00,105335.23,105387.897615,2024-12-18 04:10:00+00:00,104334.01863885,104281.85162953057,0.00015682267404211085,16.527211915660494,0.16527211915660495,104334.01863885,107495.6555673,SL,-0.15701264293688386,0.016527211915660495,0.016353758826605638,0.008259476219720148,0.008180969898252125,0.016440446117972275,-0.20633405979712227,-1.2484504999999955,0 days 02:10:00
5m,VALIDATION,186,CLOSED,BTCUSDT,LONG,2024-12-18 04:15:00+00:00,2024-12-18 04:20:00+00:00,104436.39,104488.608195,2024-12-18 05:50:00+00:00,103443.72211305,103392.00025199348,0.00015619964956692988,16.321083983795237,0.16321083983795237,103443.72211305,106578.3803589,SL,-0.1550543760779352,0.016321083983795236,0.01614979420738531,0.008156463760016674,0.00807893657197752,0.016235400331994193,-0.20376065460110993,-1.24845049999999,0 days 01:30:00
5m,VALIDATION,187,CLOSED,BTCUSDT,LONG,2024-12-18 05:55:00+00:00,2024-12-18 06:00:00+00:00,103572.16,103623.94608,2024-12-18 20:00:00+00:00,102587.70661919999,102536.4127658904,0.00015553863268098807,16.117526886291632,0.16117526886291633,102587.70661919999,105696.4250016,SL,-0.15312053278781,0.016117526886291634,0.015948373441620003,0.008054736075106825,0.007978175808712426,0.01603291188381925,-0.20121934499954092,-1.2484504999999912,0 days 14:00:00
5m,VALIDATION,188,CLOSED,BTCUSDT,LONG,2024-12-18 20:20:00+00:00,2024-12-18 20:25:00+00:00,101569.72,101620.50486,2024-12-18 20:40:00+00:00,100604.2998114,100553.9976614943,0.00015662693844659142,15.916508559618764,0.15916508559618764,100604.2998114,103652.9149572,SL,-0.15121080845495016,0.015916508559618764,0.015749464802285566,0.007954277141238725,0.007878671737010068,0.015832948878248793,-0.19870973069510328,-1.2484505000000001,0 days 00:15:00
5m,VALIDATION,189,CLOSED,BTCUSDT,LONG,2024-12-18 21:05:00+00:00,2024-12-18 21:10:00+00:00,100802.84,100853.24141999999,2024-12-19 01:55:00+00:00,99844.70900579999,99794.7866512971,0.00015585019498467144,15.71799734014314,0.15717997340143142,99844.70900579999,102870.3062484,SL,-0.14932490226692835,0.01571799734014314,0.015553036958058339,0.007855071134503492,0.007780408683369991,0.01563547981787348,-0.19623141638300332,-1.2484504999999972,0 days 04:45:00
5m,VALIDATION,190,CLOSED,BTCUSDT,LONG,2024-12-19 12:55:00+00:00,2024-12-19 13:00:00+00:00,101987.99,102038.983995,2024-12-19 14:45:00+00:00,101018.59415505,100968.08485797248,0.0001521179587587988,15.521961959141139,0.1552196195914114,101018.59415505,104079.76367490001,SL,-0.14746251716305592,0.015521961959141139,0.015359058968379956,0.007757102428355948,0.007683371169773332,0.01544047359812928,-0.1937840116887063,-1.2484504999999932,0 days 01:45:00
5m,VALIDATION,191,CLOSED,BTCUSDT,LONG,2024-12-19 14:50:00+00:00,2024-12-19 14:55:00+00:00,101101.3,101151.85065,2024-12-19 15:20:00+00:00,100140.3321435,100090.26197742825,0.00015153822139065039,15.328371537873702,0.15328371537873703,100140.3321435,103174.887663,SL,-0.14562335978759677,0.015328371537873703,0.015167500278583719,0.007660355591139785,0.007587543911246864,0.015247899502386648,-0.19136713110644082,-1.2484504999999928,0 days 00:25:00
5m,VALIDATION,192,CLOSED,BTCUSDT,LONG,2024-12-19 15:25:00+00:00,2024-12-19 15:30:00+00:00,99916.23,99966.188115,2024-12-19 17:35:00+00:00,98966.52623385,98917.04297073308,0.00015142315485020547,15.137195582722414,0.15137195582722415,98966.52623385,101965.5118773,SL,-0.14380714044355364,0.015137195582722415,0.014978330715081744,0.007564815383669565,0.007492911813447828,0.015057727197117392,-0.1889803939384752,-1.2484504999999955,0 days 02:05:00
5m,VALIDATION,193,CLOSED,BTCUSDT,LONG,2024-12-19 20:35:00+00:00,2024-12-19 20:40:00+00:00,96430.48,96478.69523999999,2024-12-19 22:55:00+00:00,98408.26914479998,98359.06501022758,0.00015493994755215844,14.948403980386276,0.14948403980386277,95513.90828759999,98408.26914479998,TP,0.3064385463645382,0.014948403980386276,0.015239748373964005,0.007470466756813251,0.0076236860299968776,0.015094152786810129,0.26115624122337777,1.7470509999999968,0 days 02:15:00
5m,VALIDATION,194,CLOSED,BTCUSDT,LONG,2024-12-20 06:40:00+00:00,2024-12-20 06:45:00+00:00,96525.96,96574.22298,2024-12-20 08:45:00+00:00,95608.4807502,95560.67650982492,0.00015748818739565258,15.209299326263778,0.15209299326263778,95608.4807502,98505.70743960001,SL,-0.14449214402412552,0.015209299326263779,0.015049677729834642,0.007600849238512556,0.0075286031664986534,0.01512945240501121,-0.18988057348523515,-1.2484504999999895,0 days 02:00:00
5m,VALIDATION,195,CLOSED,BTCUSDT,LONG,2024-12-20 08:55:00+00:00,2024-12-20 09:00:00+00:00,95473.74,95521.47687,2024-12-20 10:05:00+00:00,94566.2621013,94518.97897024936,0.00015723802579080818,15.019608443661147,0.15019608443661148,94566.2621013,97431.9064074,SL,-0.14269003324037943,0.015019608443661146,0.014861977653044924,0.007506051196231414,0.0074347061796113945,0.014940757375842807,-0.18751237671292834,-1.2484504999999901,0 days 01:05:00
5m,VALIDATION,196,CLOSED,BTCUSDT,LONG,2024-12-20 10:15:00+00:00,2024-12-20 10:20:00+00:00,94702.0,94749.351,2024-12-20 11:20:00+00:00,93801.85749,93754.956561255,0.00015654232177273576,14.832283391999882,0.14832283391999881,93801.85749,96644.33802,SL,-0.1409103984417388,0.014832283391999882,0.014676618577800846,0.0074124354782600455,0.007341980279038071,0.014754415757298116,-0.18517371616883765,-1.2484504999999877,0 days 01:00:00
5m,VALIDATION,197,CLOSED,BTCUSDT,LONG,2024-12-20 11:35:00+00:00,2024-12-20 11:40:00+00:00,93267.99,93314.623995,2024-12-20 12:10:00+00:00,92381.47775505,92335.28701617249,0.00015696676509507578,14.647294664558487,0.14647294664558488,92381.47775505,95180.9164749,SL,-0.13915295930697572,0.014647294664558488,0.014493571307053948,0.00731998733860939,0.007250410858954784,0.014570398197564173,-0.18286422347615233,-1.2484504999999901,0 days 00:30:00
5m,VALIDATION,198,CLOSED,BTCUSDT,LONG,2024-12-20 12:10:00+00:00,2024-12-20 12:15:00+00:00,92567.99,92614.273995,2024-12-20 13:30:00+00:00,94466.5594749,94419.32619516256,0.00015618125045611413,14.464613122624272,0.14464613122624273,91688.13125505,94466.5594749,TP,0.29652095466768935,0.014464613122624271,0.01474652843238422,0.0072286922152030786,0.007376952692536844,0.014605644907739922,0.25270416820494096,1.7470510000000163,0 days 01:15:00
5m,VALIDATION,199,CLOSED,BTCUSDT,LONG,2024-12-20 21:00:00+00:00,2024-12-20 21:05:00+00:00,96469.08,96517.31453999999,2024-12-20 21:10:00+00:00,95552.1413946,95504.3653239027,0.00015248108496650602,14.717064839112725,0.14717064839112726,95552.1413946,98447.6608308,SL,-0.13981579339906786,0.014717064839112726,0.01456260924362624,0.007354854992058866,0.007284947095359471,0.014639802087418337,-0.18373526956922515,-1.2484504999999873,0 days 00:05:00
5m,VALIDATION,200,CLOSED,BTCUSDT,LONG,2024-12-20 21:15:00+00:00,2024-12-20 21:20:00+00:00,95792.0,95839.896,2024-12-20 23:20:00+00:00,97756.69391999999,97707.81557304,0.00015164366540278127,14.533513121261354,0.14533513121261354,94881.49703999999,97756.69391999999,TP,0.2979333874233573,0.014533513121261355,0.014816771291994739,0.007263124998130605,0.007412091691841401,0.014675216689972006,0.25390788632012923,1.7470510000000106,0 days 02:00:00
5m,VALIDATION,201,CLOSED,BTCUSDT,LONG,2024-12-21 10:40:00+00:00,2024-12-21 10:45:00+00:00,98236.74,98285.85837,2024-12-21 12:55:00+00:00,97302.9997863,97254.34828640686,0.00015045061007335023,14.787167353349396,0.14787167353349395,97302.9997863,100251.5755374,SL,-0.1404817848011858,0.014787167353349397,0.014631976031975998,0.007389888732308018,0.007319647839906139,0.014709536572214157,-0.18461046475872536,-1.248450499999987,0 days 02:10:00
5m,VALIDATION,202,CLOSED,BTCUSDT,LONG,2024-12-21 13:00:00+00:00,2024-12-21 13:05:00+00:00,97241.42,97290.04070999999,2024-12-22 04:50:00+00:00,96317.14030289999,96268.98173274855,0.00015009492449650548,14.602741314629393,0.14602741314629394,96317.14030289999,99235.84152419999,SL,-0.13872969134987836,0.014602741314629393,0.014449485544532358,0.0072977217964147354,0.0072283569507402565,0.014526078747154992,-0.1823079969561951,-1.2484504999999853,0 days 15:45:00
5m,VALIDATION,203,CLOSED,BTCUSDT,LONG,2024-12-22 05:00:00+00:00,2024-12-22 05:05:00+00:00,96100.01,96148.06000499999,2024-12-22 15:00:00+00:00,95186.57940495,95138.98611524752,0.00014998342600770488,14.420615443544285,0.14420615443544285,95186.57940495,98071.0212051,SL,-0.13699945006585526,0.014420615443544286,0.014269271084464288,0.007206704369586948,0.007138204644554554,0.014344909014141503,-0.18003424560800535,-1.2484504999999966,0 days 09:55:00
5m,VALIDATION,204,CLOSED,BTCUSDT,LONG,2024-12-22 15:00:00+00:00,2024-12-22 15:05:00+00:00,95396.0,95443.69799999999,2024-12-22 20:05:00+00:00,94489.26101999999,94442.01638948999,0.00014920588106642202,14.2407610523275,0.142407610523275,94489.26101999999,97352.57195999999,SL,-0.1352907884081702,0.0142407610523275,0.014091304265083322,0.007116822115104617,0.007049176720902415,0.014165998836007032,-0.17778885256158802,-1.2484505000000006,0 days 05:00:00
5m,VALIDATION,205,CLOSED,BTCUSDT,LONG,2024-12-22 20:10:00+00:00,2024-12-22 20:15:00+00:00,94568.01,94615.29400499999,2024-12-23 04:10:00+00:00,96507.59988509999,96459.34608515745,0.00014863505904514824,14.063149811007234,0.14063149811007233,93669.14106494999,96507.59988509999,TP,0.28829105709521,0.014063149811007234,0.014337240600823765,0.007028060875065203,0.007172206403612256,0.014200267278677459,0.24569039940470155,1.7470510000000112,0 days 07:55:00
5m,VALIDATION,206,CLOSED,BTCUSDT,LONG,2024-12-23 06:40:00+00:00,2024-12-23 06:45:00+00:00,94960.08,95007.56004,2024-12-23 14:45:00+00:00,94057.4844396,94010.4556973802,0.00015060480196979372,14.308594765457487,0.14308594765457489,94057.4844396,96907.7112408,SL,-0.13593522563285768,0.014308594765457486,0.01415842606339401,0.007150722021717119,0.007082754408901703,0.014233476430618824,-0.178635722892328,-1.2484505000000012,0 days 08:00:00
5m,VALIDATION,207,CLOSED,BTCUSDT,LONG,2024-12-23 14:50:00+00:00,2024-12-23 14:55:00+00:00,93989.47,94036.464735,2024-12-23 16:10:00+00:00,93096.10008765,93049.55203760619,0.00015026232153293194,14.130137499830786,0.14130137499830786,93096.10008765,95917.1940297,SL,-0.1342398370173825,0.014130137499830787,0.013981841706770064,0.007061537980924963,0.0069944180624144986,0.014055956043339462,-0.17640777226732282,-1.248450499999985,0 days 01:15:00
5m,VALIDATION,208,CLOSED,BTCUSDT,LONG,2024-12-23 18:55:00+00:00,2024-12-23 19:00:00+00:00,92758.54,92804.91926999998,2024-12-23 22:20:00+00:00,94661.01765539999,94613.6871465723,0.00015035739558705608,13.953905959104192,0.13953905959104193,91876.87007729999,94661.01765539999,TP,0.2860515854285125,0.013953905959104193,0.014225867586247134,0.0069734662464274325,0.0071164920391427605,0.014089958285570192,0.243781853597591,1.7470510000000115,0 days 03:20:00
5m,VALIDATION,209,CLOSED,BTCUSDT,LONG,2024-12-24 01:40:00+00:00,2024-12-24 01:45:00+00:00,94193.7,94240.79685,2024-12-24 14:00:00+00:00,96125.612787,96077.5499806065,0.00015065072398511348,14.197444274386502,0.14197444274386503,93298.3888815,96125.612787,TP,0.2910440600376496,0.014197444274386501,0.014474152463294296,0.007095174549918552,0.0072406965799371266,0.014335871129855678,0.2480365921701131,1.7470510000000066,0 days 12:15:00
5m,VALIDATION,210,CLOSED,BTCUSDT,LONG,2024-12-24 20:05:00+00:00,2024-12-24 20:10:00+00:00,97603.63,97652.431815,2024-12-26 00:00:00+00:00,99605.4804513,99555.67771107436,0.0001479249703183979,14.445233077753251,0.1444523307775325,96675.90749685,99605.4804513,TP,0.296123668590423,0.014445233077753252,0.014726770670438663,0.007219007035358783,0.007367068869652852,0.014586075905011636,0.25236558893721944,1.7470510000000035,1 days 03:50:00
5m,VALIDATION,211,CLOSED,BTCUSDT,LONG,2024-12-26 02:50:00+00:00,2024-12-26 02:55:00+00:00,98628.14,98677.45406999999,2024-12-26 08:00:00+00:00,97690.67952929999,97641.83418953534,0.00014894330920606222,14.697346553215011,0.14697346553215013,97690.67952929999,100651.0031514,SL,-0.13962846475593232,0.014697346553215012,0.014543097901139019,0.007345000776218366,0.007275186543841688,0.014620187320060055,-0.18348909653034642,-1.2484505000000057,0 days 05:05:00
5m,VALIDATION,212,CLOSED,BTCUSDT,LONG,2024-12-26 08:25:00+00:00,2024-12-26 08:30:00+00:00,96181.06,96229.15053,2024-12-26 10:10:00+00:00,95266.8590247,95219.22559518766,0.0001508279007196532,14.514040762475403,0.14514040762475403,95266.8590247,98153.7335406,SL,-0.13788701394035885,0.014514040762475403,0.014361715904673226,0.007253393684395702,0.0071844501774235,0.014437843861819202,-0.18120061446932667,-1.248450499999991,0 days 01:40:00
5m,VALIDATION,213,CLOSED,BTCUSDT,LONG,2024-12-26 10:15:00+00:00,2024-12-26 10:20:00+00:00,95443.26,95490.98163,2024-12-27 09:05:00+00:00,97400.8012626,97352.1008619687,0.000150098165532922,14.333021167600952,0.14333021167600954,94536.0718137,97400.8012626,TP,0.2938233524712604,0.014333021167600952,0.014612371750157498,0.007162929119240857,0.007309840795475394,0.01447276991471625,0.2504051896387857,1.747051000000011,0 days 22:45:00
5m,VALIDATION,214,CLOSED,BTCUSDT,LONG,2024-12-27 14:05:00+00:00,2024-12-27 14:10:00+00:00,96308.09,96356.24404499998,2024-12-27 14:40:00+00:00,95392.68160454999,95344.98526374772,0.0001513464575829102,14.583176202205134,0.14583176202205134,95392.68160454999,98283.36892589998,SL,-0.13854381789301473,0.014583176202205134,0.014430125767962994,0.007287944129036294,0.007218672220090961,0.014506616349127255,-0.18206373621231012,-1.248450499999994,0 days 00:30:00
5m,VALIDATION,215,CLOSED,BTCUSDT,LONG,2024-12-27 14:50:00+00:00,2024-12-27 14:55:00+00:00,95554.19,95601.967095,2024-12-27 15:15:00+00:00,94645.94742405,94598.62445033799,0.0001506380546912447,14.401294347847186,0.14401294347847185,94645.94742405,97514.0064369,SL,-0.13681589482887363,0.014401294347847185,0.014250152763666531,0.007197048649598439,0.007128640702182512,0.01432568935178095,-0.1797930312921683,-1.2484504999999888,0 days 00:20:00
5m,VALIDATION,216,CLOSED,BTCUSDT,LONG,2024-12-27 15:20:00+00:00,2024-12-27 15:25:00+00:00,94743.98,94791.35199,2024-12-27 17:20:00+00:00,93843.4384701,93796.51675086495,0.0001500314177549995,14.221680929972893,0.14221680929972894,93843.4384701,96687.1790298,SL,-0.1351095224781535,0.014221680929972893,0.014072424388612828,0.007107286821575605,0.0070397320603362715,0.014147018881911878,-0.1775506466786511,-1.248450499999999,0 days 01:55:00
5m,VALIDATION,217,CLOSED,BTCUSDT,LONG,2024-12-27 17:25:00+00:00,2024-12-27 17:30:00+00:00,93766.37,93813.253185,2024-12-28 22:50:00+00:00,95689.5182487,95641.67348957565,0.0001497049423163296,14.04430765656765,0.1404430765656765,92875.12065314999,95689.5182487,TP,0.28790479763738425,0.01404430765656765,0.014318031212794154,0.007018644506030626,0.007162596904848862,0.014181241410879487,0.24536121735714297,1.747051000000009,1 days 05:20:00
5m,VALIDATION,218,CLOSED,BTCUSDT,LONG,2024-12-29 01:15:00+00:00,2024-12-29 01:20:00+00:00,95001.88,95049.38094,2024-12-29 14:30:00+00:00,94098.88713060001,94051.83768703471,0.0001503368419289732,14.289423757823538,0.14289423757823538,94098.88713060001,96950.36855880001,SL,-0.13575309626997734,0.014289423757823539,0.014139456255485183,0.007141141308257352,0.007073264760121824,0.014214406068379176,-0.17839638235166524,-1.2484504999999895,0 days 13:10:00
5m,VALIDATION,219,CLOSED,BTCUSDT,LONG,2024-12-29 14:40:00+00:00,2024-12-29 14:45:00+00:00,94257.43,94304.55871499999,2024-12-29 20:35:00+00:00,93361.51312784999,93314.83237128607,0.0001496343950485137,14.111205593636065,0.14111205593636064,93361.51312784999,96190.6498893,SL,-0.13405997917792226,0.014111205593636066,0.013963108490930855,0.007052076758438652,0.006985046768848713,0.014037123527287365,-0.17617141678977655,-1.248450499999994,0 days 05:50:00
5m,VALIDATION,220,CLOSED,BTCUSDT,LONG,2024-12-30 05:00:00+00:00,2024-12-30 05:05:00+00:00,93333.66,93380.32683,2024-12-30 14:35:00+00:00,92446.5235617,92400.30029991915,0.00014923068536306232,13.935210172267658,0.1393521017226766,92446.5235617,95247.9333666,SL,-0.1323879786980556,0.013935210172267658,0.013788960141509708,0.006964123024621806,0.006897929035272143,0.01386205205989395,-0.1739742010717269,-1.2484505000000032,0 days 09:30:00
5m,VALIDATION,221,CLOSED,BTCUSDT,LONG,2024-12-30 14:40:00+00:00,2024-12-30 14:45:00+00:00,92468.16,92514.39408,2024-12-30 15:10:00+00:00,91589.2501392,91543.4555141304,0.0001487488504728972,13.761409771596606,0.13761409771596606,91589.2501392,94364.6819616,SL,-0.13073683146329496,0.013761409771596607,0.013616983776043699,0.006877266252671181,0.006811897836939845,0.013689164089611025,-0.17180438910054627,-1.248450499999997,0 days 00:25:00
5m,VALIDATION,222,CLOSED,BTCUSDT,LONG,2024-12-30 15:10:00+00:00,2024-12-30 15:15:00+00:00,91750.0,91795.875,2024-12-30 17:40:00+00:00,93631.7925,93584.97660375,0.0001480434389372333,13.589777015252402,0.13589777015252402,90877.91625,93631.7925,TP,0.278587033066293,0.013589777015252403,0.01385464176927967,0.006791492761245578,0.006930786277779016,0.013722279039024595,0.2374203352427364,1.7470509999999937,0 days 02:25:00
5m,VALIDATION,223,CLOSED,BTCUSDT,LONG,2024-12-30 21:25:00+00:00,2024-12-30 21:30:00+00:00,93928.98,93975.94449,2024-12-30 21:40:00+00:00,93036.18504509999,92989.66695257745,0.0001471329736815189,13.82696016734305,0.1382696016734305,93036.18504509999,95855.4633798,SL,-0.13135957660229514,0.01382696016734305,0.013681846220386784,0.006910025071135733,0.006844345282833803,0.013754370353969536,-0.17262275334399452,-1.2484504999999955,0 days 00:10:00
5m,VALIDATION,224,CLOSED,BTCUSDT,LONG,2024-12-30 21:55:00+00:00,2024-12-30 22:00:00+00:00,92076.0,92122.038,2024-12-31 08:25:00+00:00,93964.47876,93917.49652062,0.0001482219690396135,13.6545098643021,0.136545098643021,91200.81762,93964.47876,TP,0.2799140402966874,0.013654509864302099,0.013920636261557347,0.0068238430106457955,0.006963800030793869,0.013787643041439665,0.23855125112938833,1.7470509999999988,0 days 10:25:00
5m,VALIDATION,225,OPEN,BTCUSDT,LONG,2024-12-31 17:40:00+00:00,2024-12-31 17:45:00+00:00,93719.14,93765.99957,,,,0.00014816482377625335,13.892822802493297,0.138928228024933,92828.3395743,95641.3195614,END_OF_DATA,,0.013892822802493298,,0.0069429399312810865,,,,,
15m,DEVELOPMENT,1,CLOSED,BTCUSDT,LONG,2024-01-03 11:30:00+00:00,2024-01-03 11:45:00+00:00,44498.76,44521.00938,2024-01-03 11:45:00+00:00,44075.7992862,44053.76138655691,0.0004487773358749482,19.980019980019982,0.19980019980019983,44075.7992862,45411.429567600004,SL,-0.1898151823189301,0.019980019980019983,0.019770329670329673,0.009985017481269854,0.009890109890107844,0.0198751273713777,-0.24944065934065748,-1.2484504999999906,0 days 00:00:00
15m,DEVELOPMENT,2,CLOSED,BTCUSDT,LONG,2024-01-05 17:00:00+00:00,2024-01-05 17:15:00+00:00,43319.81,43341.469905,2024-01-05 20:45:00+00:00,44208.2993031,44186.195153448454,0.0004552413325019923,19.7308285121472,0.197308285121472,42908.05520595,44208.2993031,TP,0.4044770542570118,0.0197308285121472,0.020115382359848947,0.009860484014066764,0.010062722541193397,0.019923206555260163,0.3447076368297555,1.747051000000014,0 days 03:30:00
15m,DEVELOPMENT,3,CLOSED,BTCUSDT,LONG,2024-01-06 05:30:00+00:00,2024-01-06 05:45:00+00:00,43710.01,43731.865005,2024-01-08 02:45:00+00:00,43294.54635495,43272.89908177253,0.00045905181001103295,20.0751917857034,0.200751917857034,43294.54635495,44606.5023051,SL,-0.1907193382539856,0.0200751917857034,0.019864502647912445,0.010032579603049081,0.009937219933920978,0.01996979953697006,-0.2506288322245715,-1.2484504999999924,1 days 21:00:00
15m,DEVELOPMENT,4,CLOSED,BTCUSDT,LONG,2024-01-08 03:00:00+00:00,2024-01-08 03:15:00+00:00,43393.14,43414.83657,2024-01-08 06:15:00+00:00,44283.1333014,44260.9917347493,0.0004566368296692313,19.824813331932603,0.19824813331932603,42980.6882043,44283.1333014,TP,0.4064037195781477,0.019824813331932603,0.020211198943771973,0.009907452939496584,0.010110654799283155,0.02001810773877974,0.3463495995636634,1.7470510000000077,0 days 03:00:00
15m,DEVELOPMENT,5,CLOSED,BTCUSDT,LONG,2024-01-10 08:00:00+00:00,2024-01-10 08:15:00+00:00,45783.99,45806.881994999996,2024-01-10 08:45:00+00:00,45348.813175049996,45326.13876846247,0.00044034468292563603,20.1708169279003,0.201708169279003,45348.813175049996,46723.019634899996,SL,-0.1916278009991936,0.020170816927900303,0.019959124204241986,0.010080368279809423,0.009984554379310461,0.020064922659119883,-0.2518226647904558,-1.2484504999999992,0 days 00:30:00
15m,DEVELOPMENT,6,CLOSED,BTCUSDT,LONG,2024-01-10 09:00:00+00:00,2024-01-10 09:15:00+00:00,45459.9,45482.62995,2024-01-10 11:45:00+00:00,45027.803650500005,45005.28974867476,0.0004379528153077599,19.91924583420354,0.19919245834203542,45027.803650500005,46392.282549,SL,-0.18923781274772902,0.01991924583420354,0.01971019334917358,0.00995464559430498,0.009860026687928488,0.019814672282233468,-0.24868192421333962,-1.2484504999999817,0 days 02:30:00
15m,DEVELOPMENT,7,CLOSED,BTCUSDT,LONG,2024-01-11 06:15:00+00:00,2024-01-11 06:30:00+00:00,45764.31,45787.192155,2024-01-11 10:30:00+00:00,46702.935998099994,46679.58453010095,0.00042961385963329615,19.67081234348093,0.19670812343480928,45329.320233449995,46702.935998099994,TP,0.4032467377958945,0.01967081234348093,0.020054196476055372,0.009830490926277038,0.010032114295174243,0.01986260522145128,0.34365912375490687,1.7470509999999995,0 days 04:00:00
15m,DEVELOPMENT,8,CLOSED,BTCUSDT,LONG,2024-01-11 16:30:00+00:00,2024-01-11 16:45:00+00:00,46209.7,46232.80484999999,2024-01-11 17:15:00+00:00,45770.47680149999,45747.591563099246,0.000432898852154065,20.014128151427887,0.20014128151427887,45770.47680149999,47157.46094699999,SL,-0.19013921847008855,0.020014128151427887,0.019804079876478652,0.01000206304419015,0.009906993434955838,0.019909056479145988,-0.2498664829771411,-1.2484504999999944,0 days 00:30:00
15m,DEVELOPMENT,9,CLOSED,BTCUSDT,LONG,2024-01-12 14:45:00+00:00,2024-01-12 15:00:00+00:00,45442.01,45464.731005,2024-01-12 15:15:00+00:00,45010.08369495,44987.57865310253,0.0004347218348909454,19.764511285316857,0.19764511285316858,45010.08369495,46374.0256251,SL,-0.18776779586900275,0.01976451128531686,0.01955708273937746,0.009877316984166093,0.009783433086230168,0.019660750070396263,-0.24675013996409334,-1.248450499999993,0 days 00:15:00
15m,DEVELOPMENT,10,CLOSED,BTCUSDT,LONG,2024-01-12 16:45:00+00:00,2024-01-12 17:00:00+00:00,43623.99,43645.801994999994,2024-01-12 22:00:00+00:00,43209.34397505,43187.73930306247,0.0004471909498014276,19.51800764898909,0.1951800764898909,43209.34397505,44518.7180349,SL,-0.1854259497287776,0.019518007648989092,0.019313166158712952,0.009754126761112373,0.009661413786248721,0.019415540547361096,-0.24367266408384072,-1.2484504999999906,0 days 05:00:00
15m,DEVELOPMENT,11,CLOSED,BTCUSDT,LONG,2024-01-13 11:45:00+00:00,2024-01-13 12:00:00+00:00,42624.01,42645.322005,2024-01-14 20:00:00+00:00,42218.86878495,42197.75935055753,0.00045197403860334855,19.2745784141401,0.19274578414140103,42218.86878495,43498.2284451,SL,-0.1831133111708179,0.0192745784141401,0.0190722917136837,0.009632472970584654,0.00954091631499735,0.019173389285582,-0.2406335705842237,-1.2484504999999975,1 days 08:00:00
15m,DEVELOPMENT,12,CLOSED,BTCUSDT,LONG,2024-01-14 20:00:00+00:00,2024-01-14 20:15:00+00:00,42666.01,42687.343005,2024-01-14 21:15:00+00:00,42260.46957495,42239.33934016253,0.0004458976337436555,19.034185236733286,0.19034185236733286,42260.46957495,43541.0898651,SL,-0.1808295159171911,0.019034185236733288,0.01883442146267377,0.009512336450141755,0.009421921692182287,0.018934258142324044,-0.2376323807589222,-1.2484504999999964,0 days 01:00:00
15m,DEVELOPMENT,13,CLOSED,BTCUSDT,LONG,2024-01-14 21:30:00+00:00,2024-01-14 21:45:00+00:00,42306.51,42327.663255,2024-01-14 23:15:00+00:00,41904.38662245,41883.43442913878,0.00044407814666546107,18.796790250960136,0.18796790250960135,41904.38662245,43174.2165201,SL,-0.17857420423325968,0.018796790250960135,0.018599517937276315,0.009393698276340762,0.009304411174222675,0.018698109450563438,-0.23466862187205956,-1.2484504999999813,0 days 01:30:00
15m,DEVELOPMENT,14,CLOSED,BTCUSDT,LONG,2024-01-17 04:00:00+00:00,2024-01-17 04:15:00+00:00,42858.77,42880.19938499999,2024-01-17 12:30:00+00:00,42451.39739114999,42430.171692454416,0.0004328887535389843,18.562356063275768,0.18562356063275767,42451.39739114999,43737.80337269999,SL,-0.17634702087100257,0.01856235606327577,0.018367544136391686,0.009276539761755196,0.009188366251322062,0.018464906013077258,-0.2317418270837473,-1.2484505000000037,0 days 08:15:00
15m,DEVELOPMENT,15,CLOSED,BTCUSDT,LONG,2024-01-17 16:45:00+00:00,2024-01-17 17:00:00+00:00,42360.29,42381.470145,2024-01-18 16:45:00+00:00,41957.65544355,41936.676615828226,0.000432520289734956,18.33084574650879,0.1833084574650879,41957.65544355,43229.0995479,SL,-0.17414761501305978,0.01833084574650879,0.01813846352039918,0.009160842452027708,0.009073768644521417,0.018234611096549124,-0.2288515353765169,-1.2484504999999955,0 days 23:45:00
15m,DEVELOPMENT,16,CLOSED,BTCUSDT,LONG,2024-01-18 18:30:00+00:00,2024-01-18 18:45:00+00:00,41554.95,41575.72747499999,2024-01-18 19:45:00+00:00,41159.97020024999,41139.39021514987,0.0004354036341259412,18.10222283404474,0.1810222283404474,41159.97020024999,42407.242024499996,SL,-0.1719756402174893,0.018102222834044737,0.01791224000540144,0.009046588122958853,0.008960600302850457,0.018007188425809312,-0.22599729148274478,-1.2484504999999948,0 days 01:00:00
15m,DEVELOPMENT,17,CLOSED,BTCUSDT,LONG,2024-01-18 20:00:00+00:00,2024-01-18 20:15:00+00:00,41141.36,41161.93068,2024-01-18 20:30:00+00:00,40750.3113732,40729.9362175134,0.0004342957441198907,17.876451314081958,0.1787645131408196,40750.3113732,41985.169293599996,SL,-0.1698307543631684,0.01787645131408196,0.01768883795754067,0.008933758777650886,0.008848843400469389,0.017782602178120277,-0.22317864581291133,-1.248450499999992,0 days 00:15:00
15m,DEVELOPMENT,18,CLOSED,BTCUSDT,LONG,2024-01-18 20:30:00+00:00,2024-01-18 20:45:00+00:00,40975.95,40996.43797499999,2024-01-19 16:15:00+00:00,40586.47359524999,40566.180358452366,0.0004306104748594119,17.653495623959174,0.17653495623959173,40586.47359524999,41816.36673449999,SL,-0.16771261959593686,0.017653495623959174,0.01746822218738572,0.008822336643656194,0.008738480333859601,0.017560816977515797,-0.22039515438479756,-1.2484505000000066,0 days 19:30:00
15m,DEVELOPMENT,19,CLOSED,BTCUSDT,LONG,2024-01-19 16:45:00+00:00,2024-01-19 17:00:00+00:00,40395.0,40415.197499999995,2024-01-19 17:30:00+00:00,41223.501449999996,41202.889699275,0.0004313555722337812,17.43332064455378,0.17433320644553782,40011.045524999994,41223.501449999996,TP,0.3573787170612658,0.01743332064455378,0.01777309606391614,0.008712304170189537,0.008890993528720116,0.017603297698909653,0.30456900265388626,1.747051000000017,0 days 00:30:00
15m,DEVELOPMENT,20,CLOSED,BTCUSDT,LONG,2024-01-21 23:30:00+00:00,2024-01-21 23:45:00+00:00,41541.1,41561.87055,2024-01-22 03:15:00+00:00,41146.2518445,41125.67871857776,0.0004267754349778599,17.737585382469753,0.17737585382469753,41146.2518445,42393.107961,SL,-0.16851149331371654,0.017737585382469754,0.017551429423880736,0.008864360510979856,0.008780104764320309,0.017644465275300163,-0.2214449733953672,-1.248450499999981,0 days 03:30:00
15m,DEVELOPMENT,21,CLOSED,BTCUSDT,LONG,2024-01-22 03:45:00+00:00,2024-01-22 04:00:00+00:00,41197.04,41217.63852,2024-01-22 04:45:00+00:00,40805.4621348,40785.0594037326,0.0004249724695975628,17.516361632824033,0.17516361632824035,40805.4621348,42041.9912904,SL,-0.16640981241378588,0.017516361632824034,0.017332527417487545,0.0087538039144546,0.008670599008247532,0.017424402922702132,-0.2186831043867996,-1.2484504999999988,0 days 00:45:00
15m,DEVELOPMENT,22,CLOSED,BTCUSDT,LONG,2024-01-22 05:00:00+00:00,2024-01-22 05:15:00+00:00,40827.97,40848.383985,2024-01-22 10:15:00+00:00,40439.90014515,40419.68019507743,0.00042346588299377937,17.297896993076982,0.17297896993076983,40439.90014515,41665.3516647,SL,-0.16433434374732322,0.017297896993076982,0.01711635556413464,0.008644626183446441,0.008562459011570645,0.017207085195017086,-0.2159556814995519,-1.2484504999999846,0 days 05:00:00
15m,DEVELOPMENT,23,CLOSED,BTCUSDT,LONG,2024-01-22 10:30:00+00:00,2024-01-22 10:45:00+00:00,40543.4,40563.6717,2024-01-22 18:45:00+00:00,40158.034983,40137.9559655085,0.0004211195963189641,17.082157051518987,0.17082157051518987,40158.034983,41374.945134,SL,-0.1622847603944923,0.017082157051518988,0.016902879813263296,0.008536810120698096,0.008455667740499623,0.01699247786119772,-0.21326227512047233,-1.24845049999999,0 days 08:00:00
15m,DEVELOPMENT,24,CLOSED,BTCUSDT,LONG,2024-01-23 07:45:00+00:00,2024-01-23 08:00:00+00:00,39780.01,39799.900005,2024-01-23 08:45:00+00:00,39401.90100495,39382.20005444752,0.0004238479951835349,16.86910782562441,0.1686910782562441,39401.90100495,40595.8980051,SL,-0.16026073951280476,0.01686910782562441,0.016692066538994483,0.008430338743440955,0.008350208373684588,0.016780547117125545,-0.21060246099454924,-1.2484505000000128,0 days 00:45:00
15m,DEVELOPMENT,25,CLOSED,BTCUSDT,LONG,2024-01-23 09:30:00+00:00,2024-01-23 09:45:00+00:00,39093.54,39113.08677,2024-01-23 11:30:00+00:00,38721.955902300004,38702.59492434886,0.0004259115588257825,16.65871575669879,0.16658715756698791,38721.955902300004,39895.348505400005,SL,-0.15826196228627762,0.01665871575669879,0.01648388253483224,0.008325195280709395,0.00824606429956428,0.016571259580273674,-0.2079758201580823,-1.2484504999999848,0 days 01:45:00
15m,DEVELOPMENT,26,CLOSED,BTCUSDT,LONG,2024-01-23 11:45:00+00:00,2024-01-23 12:00:00+00:00,38845.56,38864.98278,2024-01-23 18:15:00+00:00,39642.2824356,39622.4612943822,0.0004232845746443636,16.450947704592817,0.16450947704592817,38476.3329522,39642.2824356,TP,0.33724031726256765,0.01645094770459282,0.01677157667535533,0.008221363170711385,0.008389983329341858,0.01661134650005324,0.28740644638256624,1.7470510000000024,0 days 06:15:00
15m,DEVELOPMENT,27,CLOSED,BTCUSDT,LONG,2024-01-25 13:00:00+00:00,2024-01-25 13:15:00+00:00,39880.01,39899.950005,2024-01-26 10:45:00+00:00,40697.9490051,40677.60003059745,0.00041950095249620165,16.738067031648324,0.16738067031648324,39500.95050495,40697.9490051,TP,0.34312619172324593,0.016738067031648325,0.017064291958095154,0.008364851090277658,0.008536414186141001,0.016901265276418657,0.2924225674570838,1.7470510000000086,0 days 21:30:00
15m,DEVELOPMENT,28,CLOSED,BTCUSDT,LONG,2024-01-27 07:00:00+00:00,2024-01-27 07:15:00+00:00,41708.4,41729.254199999996,2024-01-28 04:45:00+00:00,42563.839283999994,42542.557364358,0.0004081117143154788,17.03019746866839,0.1703019746866839,41311.96165799999,42563.839283999994,TP,0.3491147926860428,0.01703019746866839,0.017362116017332743,0.008510843312675535,0.008685400709018859,0.017196244021694396,0.29752623517834725,1.7470510000000086,0 days 21:30:00
15m,DEVELOPMENT,29,CLOSED,BTCUSDT,LONG,2024-01-28 18:30:00+00:00,2024-01-28 18:45:00+00:00,42073.56,42094.59677999999,2024-01-28 22:30:00+00:00,41673.650812199994,41652.813986793895,0.0004116306557204793,17.32742647484057,0.1732742647484057,41673.650812199994,42936.4887156,SL,-0.16461488120275977,0.017327426474840573,0.017145575133987123,0.008659383545645367,0.00857707610504559,0.017236459650690955,-0.2163243424622784,-1.248450499999994,0 days 03:45:00
15m,DEVELOPMENT,30,CLOSED,BTCUSDT,LONG,2024-01-30 23:45:00+00:00,2024-01-31 00:00:00+00:00,42941.1,42962.57055,2024-01-31 10:45:00+00:00,42532.944844499994,42511.678372077746,0.00039828432101608795,17.111318240612526,0.17111318240612527,42532.944844499994,43821.821960999994,SL,-0.16256179897753495,0.017111318240612527,0.016931734955677298,0.008551383428591243,0.008470102529102653,0.017021485957693896,-0.21362633813151866,-1.2484505000000021,0 days 10:45:00
15m,DEVELOPMENT,31,CLOSED,BTCUSDT,LONG,2024-01-31 11:00:00+00:00,2024-01-31 11:15:00+00:00,42508.01,42529.264005,2024-01-31 15:30:00+00:00,43379.8492851,43358.15936045745,0.0003973241886673514,16.897905315406216,0.16897905315406217,42103.97136495,43379.8492851,TP,0.3464028366006793,0.016897905315406216,0.017227245490003484,0.008444730292554934,0.00861793171085539,0.017062662003410327,0.2952150237918593,1.747051000000011,0 days 04:15:00
15m,DEVELOPMENT,32,CLOSED,BTCUSDT,LONG,2024-01-31 21:00:00+00:00,2024-01-31 21:15:00+00:00,42599.14,42620.439569999995,2024-02-01 01:15:00+00:00,42194.235174299996,42173.13805671285,0.0004033939019060753,17.19282541909439,0.1719282541909439,42194.235174299996,43472.84836139999,SL,-0.1633361375397236,0.01719282541909439,0.017012386716320996,0.008592116651219802,0.008510448582449898,0.017102565233669702,-0.2146439149088087,-1.2484504999999866,0 days 04:00:00
15m,DEVELOPMENT,33,CLOSED,BTCUSDT,LONG,2024-02-01 01:30:00+00:00,2024-02-01 01:45:00+00:00,42056.4,42077.4282,2024-02-01 15:15:00+00:00,42918.97676400001,42897.51727561801,0.0004035036517196411,16.978395933671006,0.16978395933671006,41656.653918,42918.97676400001,TP,0.348052874162513,0.016978395933671005,0.017309304870418256,0.00848495548909122,0.008658981926170385,0.017143937415261604,0.29662123594316214,1.7470510000000206,0 days 13:30:00
15m,DEVELOPMENT,34,CLOSED,BTCUSDT,LONG,2024-02-03 08:30:00+00:00,2024-02-03 08:45:00+00:00,43045.52,43067.04276,2024-02-04 19:00:00+00:00,42636.372332399995,42615.0541462338,0.0004011123062470318,17.274720844703133,0.17274720844703134,42636.372332399995,43928.3836152,SL,-0.1641141645466308,0.017274720844703134,0.017093422649437976,0.0086330439004013,0.008550986818125729,0.01718403071852703,-0.21566633875929891,-1.2484504999999908,1 days 10:15:00
15m,DEVELOPMENT,35,CLOSED,BTCUSDT,LONG,2024-02-04 19:15:00+00:00,2024-02-04 19:30:00+00:00,42663.16,42684.49158,2024-02-04 22:30:00+00:00,42257.6466642,42236.517840867906,0.0003996596732295366,17.059269956831706,0.17059269956831707,42257.6466642,43538.1814116,SL,-0.16206732727604817,0.017059269956831706,0.01688023291863476,0.008525372292269004,0.00844433862862995,0.016969710920898953,-0.2129765410724136,-1.2484504999999904,0 days 03:00:00
15m,DEVELOPMENT,36,CLOSED,BTCUSDT,LONG,2024-02-05 16:00:00+00:00,2024-02-05 16:15:00+00:00,42661.23,42682.560615,2024-02-07 17:15:00+00:00,43536.2118273,43514.44372138636,0.00039469295976624693,16.84650617953659,0.1684650617953659,42255.73500885,43536.2118273,TP,0.34534916715871544,0.01684650617953659,0.017174844584975764,0.008419043567983887,0.00859171815156162,0.017010761719545506,0.2943170546746576,1.7470510000000106,2 days 01:00:00
15m,DEVELOPMENT,37,CLOSED,BTCUSDT,LONG,2024-02-10 01:00:00+00:00,2024-02-10 01:15:00+00:00,47090.0,47113.545,2024-02-10 20:45:00+00:00,48055.8159,48031.787992050005,0.00036381319238829534,17.140529211179608,0.1714052921117961,46642.40955,48055.8159,TP,0.3513765658383751,0.017140529211179607,0.017474598125505503,0.008565981614781778,0.008741669897700147,0.017307651512481925,0.2994537869892081,1.7470510000000155,0 days 19:30:00
15m,DEVELOPMENT,38,CLOSED,BTCUSDT,LONG,2024-02-13 16:15:00+00:00,2024-02-13 16:30:00+00:00,48796.08,48820.47804,2024-02-13 17:00:00+00:00,48332.2732596,48308.1071229702,0.00035722066935206233,17.43968384353646,0.1743968384353646,48332.2732596,49796.8876008,SL,-0.16568135425568728,0.01743968384353646,0.017256654361598546,0.008715484179678405,0.008632643502550347,0.01734812768222875,-0.21772582014305106,-1.2484505000000052,0 days 00:30:00
15m,DEVELOPMENT,39,CLOSED,BTCUSDT,LONG,2024-02-13 17:00:00+00:00,2024-02-13 17:15:00+00:00,48478.77,48503.009385,2024-02-13 20:45:00+00:00,49473.0695727,49448.33303791365,0.00035507437064371844,17.222175531705243,0.17222175531705244,48017.97929115,49473.0695727,TP,0.35305029500777124,0.017222175531705245,0.017557835732818182,0.008606784373666061,0.00878330952116795,0.01739009389483401,0.3008801898484138,1.7470510000000117,0 days 03:30:00
15m,DEVELOPMENT,40,CLOSED,BTCUSDT,LONG,2024-02-17 09:15:00+00:00,2024-02-17 09:30:00+00:00,51736.68,51762.548339999994,2024-02-17 13:30:00+00:00,51244.922856599995,51219.3003951717,0.0003385218793102299,17.522755141943417,0.17522755141943416,51244.922856599995,52797.79930679999,SL,-0.1664705523480001,0.017522755141943416,0.017338853826728725,0.008756999071433832,0.008673763795261406,0.01743076286669524,-0.21876292418336746,-1.2484504999999952,0 days 04:00:00
15m,DEVELOPMENT,41,CLOSED,BTCUSDT,LONG,2024-02-17 14:00:00+00:00,2024-02-17 14:15:00+00:00,51208.74,51234.34436999999,2024-02-17 14:30:00+00:00,50722.00092629999,50696.63992583684,0.00033774631011521735,17.304210762139856,0.17304210762139857,50722.00092629999,52259.03125739999,SL,-0.16439432613107707,0.017304210762139855,0.0171226030701912,0.008647781490322623,0.008565584327258633,0.017213365817581254,-0.2160345057809894,-1.2484505000000032,0 days 00:15:00
15m,DEVELOPMENT,42,CLOSED,BTCUSDT,LONG,2024-02-17 14:45:00+00:00,2024-02-17 15:00:00+00:00,50841.09,50866.51054499999,2024-02-17 21:15:00+00:00,51883.84075589999,51857.89883552204,0.0003359458294259915,17.088392075045967,0.17088392075045966,50357.84543954999,51883.84075589999,TP,0.35030776757540283,0.017088392075045967,0.017421444836588612,0.008539926074483586,0.008715079958272469,0.017255006032756055,0.2985429246310122,1.747051000000005,0 days 06:15:00
15m,DEVELOPMENT,43,CLOSED,BTCUSDT,LONG,2024-02-18 13:00:00+00:00,2024-02-18 13:15:00+00:00,51567.98,51593.76399,2024-02-20 13:30:00+00:00,52625.6392698,52599.3264501651,0.00033699105105739017,17.386636754997028,0.17386636754997029,51077.8263501,52625.6392698,TP,0.3564217089904921,0.017386636754997027,0.01772550230535192,0.008688973890551979,0.008867184745048119,0.017556158635600096,0.3037534112945431,1.7470509999999997,2 days 00:15:00
15m,DEVELOPMENT,44,CLOSED,BTCUSDT,LONG,2024-02-20 17:30:00+00:00,2024-02-20 17:45:00+00:00,51161.1,51186.68055,2024-02-20 20:45:00+00:00,52210.414161,52184.308953919506,0.0003455994123129408,17.69008671633024,0.1769008671633024,50674.813744499996,52210.414161,TP,0.3626423573732473,0.01769008671633024,0.01803486650643152,0.008840623046641372,0.0090219442253265,0.01786256727196787,0.30905483687851765,1.7470510000000172,0 days 03:00:00
15m,DEVELOPMENT,45,CLOSED,BTCUSDT,LONG,2024-02-21 08:00:00+00:00,2024-02-21 08:15:00+00:00,51618.61,51644.419304999996,2024-02-21 09:45:00+00:00,51127.97511194999,51102.41112439402,0.0003485145742625359,17.998832807117964,0.17998832807117965,51127.97511194999,52677.307691099995,SL,-0.17099340912709557,0.017998832807117966,0.017809935056807263,0.008994918944085275,0.008909422239522291,0.017904341183607564,-0.22470651817462836,-1.2484505000000006,0 days 01:30:00
15m,DEVELOPMENT,46,CLOSED,BTCUSDT,LONG,2024-02-22 13:45:00+00:00,2024-02-22 14:00:00+00:00,51164.01,51189.592005,2024-02-23 16:15:00+00:00,50677.696084949996,50652.35723690753,0.0003472258729712741,17.774350770979478,0.17774350770979477,50677.696084949996,52213.3838451,SL,-0.16886077369131652,0.01777435077097948,0.01758780895963805,0.008882734018479308,0.008798303631632821,0.017681037650112127,-0.22190397107204618,-1.2484504999999946,1 days 02:15:00
15m,DEVELOPMENT,47,CLOSED,BTCUSDT,LONG,2024-02-25 16:45:00+00:00,2024-02-25 17:00:00+00:00,51378.49,51404.17924499999,2024-02-26 15:30:00+00:00,52432.26282989999,52406.04669848504,0.0003414638408783375,17.552668482196218,0.17552668482196218,50890.13745254999,52432.26282989999,TP,0.35982531791088684,0.017552668482196217,0.017894769990914224,0.008771948266962619,0.008951860925919698,0.017723809192882314,0.3066540702448941,1.7470510000000015,0 days 22:30:00
15m,DEVELOPMENT,48,CLOSED,BTCUSDT,LONG,2024-02-29 17:45:00+00:00,2024-02-29 18:00:00+00:00,60982.35,61012.841174999994,2024-02-29 18:45:00+00:00,60402.71276324999,60372.51140686837,0.00029270913894166145,17.859016204718596,0.17859016204718597,60402.71276324999,62233.097998499994,SL,-0.1696651164676188,0.017859016204718598,0.017671585829650074,0.008925045579568216,0.00884021302133475,0.017765258600902965,-0.22296097710289048,-1.2484505000000008,0 days 00:45:00
15m,DEVELOPMENT,49,CLOSED,BTCUSDT,LONG,2024-02-29 18:45:00+00:00,2024-02-29 19:00:00+00:00,60799.99,60830.389995,2024-02-29 20:15:00+00:00,62046.9977949,62015.974296002554,0.0002899254462663185,17.63627796585457,0.17636277965854572,60222.08609505,62046.9977949,TP,0.3615392914339615,0.017636277965854572,0.01798000902340908,0.008813732116868783,0.008994501762585254,0.017808233879454037,0.3081147705652438,1.7470510000000103,0 days 01:15:00
15m,DEVELOPMENT,50,CLOSED,BTCUSDT,LONG,2024-03-01 16:00:00+00:00,2024-03-01 16:15:00+00:00,61442.04,61472.76102,2024-03-01 20:45:00+00:00,62702.2162404,62670.8651322798,0.0002919030255305786,17.944084929456217,0.17944084929456217,60858.033409799995,62702.2162404,TP,0.36784925727450873,0.017944084929456216,0.01829381514473132,0.008967558685384605,0.009151483314020952,0.018119041999405557,0.31349231520091564,1.7470510000000083,0 days 04:30:00
15m,DEVELOPMENT,51,CLOSED,BTCUSDT,LONG,2024-03-05 16:45:00+00:00,2024-03-05 17:00:00+00:00,65495.98,65528.72799,2024-03-05 17:00:00+00:00,64873.440710099996,64841.003989744946,0.00027861465689227506,18.25726406552107,0.1825726406552107,64873.440710099996,66839.3025498,SL,-0.17344857065745103,0.01825726406552107,0.018065654079153427,0.009124069997760598,0.009037345712432946,0.018161415710193543,-0.2279329045123191,-1.2484505000000052,0 days 00:00:00
15m,DEVELOPMENT,52,CLOSED,BTCUSDT,LONG,2024-03-05 17:15:00+00:00,2024-03-05 17:30:00+00:00,64413.63,64445.836814999995,2024-03-05 18:45:00+00:00,63801.378446849994,63769.47775762657,0.0002797629724005946,18.029558866208067,0.18029558866208067,63801.378446849994,65734.75355129999,SL,-0.17128531436612546,0.018029558866208068,0.017840338645907214,0.009010274295955422,0.008924631638772912,0.017934905934728334,-0.22509011781296911,-1.248450500000001,0 days 01:15:00
15m,DEVELOPMENT,53,CLOSED,BTCUSDT,LONG,2024-03-08 00:00:00+00:00,2024-03-08 00:15:00+00:00,66833.5,66866.91674999999,2024-03-08 14:30:00+00:00,68204.255085,68170.1529574575,0.00026627059357642156,17.80469361364766,0.17804693613647662,66198.24758249999,68204.255085,TP,0.3649917701308474,0.01780469361364766,0.018151707092177657,0.008897897857892065,0.009080393742960567,0.017978291600852632,0.3110570778241694,1.7470510000000101,0 days 14:15:00
15m,DEVELOPMENT,54,CLOSED,BTCUSDT,LONG,2024-03-12 03:30:00+00:00,2024-03-12 03:45:00+00:00,71758.81,71794.689405,2024-03-12 15:00:00+00:00,71076.74251095,71041.20413969453,0.0002523228402444865,18.11543994514034,0.1811543994514034,71076.74251095,73230.5831931,SL,-0.17210120607551968,0.01811543994514034,0.017925318402916095,0.00905319337588215,0.00896714277284467,0.01802033614872682,-0.2261623005723029,-1.2484504999999924,0 days 11:15:00
15m,DEVELOPMENT,55,CLOSED,BTCUSDT,LONG,2024-03-12 16:45:00+00:00,2024-03-12 17:00:00+00:00,70507.38,70542.63369,2024-03-12 17:00:00+00:00,69837.2073531,69802.28874942346,0.00025359846443425647,17.88950358093225,0.1788950358093225,69837.2073531,71953.48636380001,SL,-0.16995475415968084,0.01788950358093225,0.017701753240850365,0.008940281649640728,0.008855304272560422,0.01779558592220115,-0.2233415969036646,-1.2484504999999888,0 days 00:00:00
15m,DEVELOPMENT,56,CLOSED,BTCUSDT,LONG,2024-03-14 13:15:00+00:00,2024-03-14 13:30:00+00:00,72533.86,72570.12693,2024-03-14 13:30:00+00:00,71844.4256607,71808.50344786965,0.00024343880670827167,17.66638510250701,0.17666385102507012,71844.4256607,74021.5294686,SL,-0.16783507286289812,0.01766638510250701,0.0174809763908562,0.00882877816217192,0.008744860625741403,0.017573638787913324,-0.22055607314417464,-1.248450500000002,0 days 00:00:00
15m,DEVELOPMENT,57,CLOSED,BTCUSDT,LONG,2024-03-14 15:30:00+00:00,2024-03-14 15:45:00+00:00,71068.47,71104.004235,2024-03-14 16:00:00+00:00,70392.96419265,70357.76771055369,0.00024535959054346277,17.446049365100244,0.17446049365100244,70392.96419265,72526.0843197,SL,-0.16574182830112644,0.017446049365100243,0.017262953077013518,0.00871866534987498,0.008635794435723026,0.017354459785598006,-0.21780529052883824,-1.2484504999999853,0 days 00:15:00
15m,DEVELOPMENT,58,CLOSED,BTCUSDT,LONG,2024-03-14 16:30:00+00:00,2024-03-14 16:45:00+00:00,70764.5,70799.88225,2024-03-14 18:45:00+00:00,70091.8834275,70056.83748578625,0.00024334025869476966,17.22846166227423,0.1722846166227423,70091.8834275,72215.87989499999,SL,-0.16367469075453997,0.017228461662274232,0.017047648957128663,0.008609925868201824,0.00852808852282484,0.017138014391026662,-0.21508881576496952,-1.2484504999999917,0 days 02:00:00
15m,DEVELOPMENT,59,CLOSED,BTCUSDT,LONG,2024-03-14 19:45:00+00:00,2024-03-14 20:00:00+00:00,69415.09,69449.797545,2024-03-14 20:30:00+00:00,70838.7934959,70803.37409915205,0.00024497677922570083,17.013587720451085,0.17013587720451084,68755.29956955,70838.7934959,TP,0.34877429699795304,0.017013587720451084,0.017345182545122677,0.00850254258893046,0.008676929737430394,0.017179472326360856,0.2972360544060184,1.7470510000000032,0 days 00:30:00
15m,DEVELOPMENT,60,CLOSED,BTCUSDT,LONG,2024-03-15 04:45:00+00:00,2024-03-15 05:00:00+00:00,67447.98,67481.70399,2024-03-15 07:45:00+00:00,68831.3380698,68796.9224007651,0.0002565217801599532,17.310526835741815,0.17310526835741816,66806.8869501,68831.3380698,TP,0.3548614746637329,0.017310526835741816,0.017647909003770425,0.0086509379488961,0.008828368686225765,0.017479306635121865,0.3024237321890988,1.7470510000000177,0 days 02:45:00
15m,DEVELOPMENT,61,CLOSED,BTCUSDT,LONG,2024-03-16 13:00:00+00:00,2024-03-16 13:15:00+00:00,67999.99,68033.989995,2024-03-16 17:45:00+00:00,67353.65009504999,67319.97327000248,0.0002588801339979434,17.61264844632034,0.1761264844632034,67353.65009504999,69394.6697949,SL,-0.16732456120167785,0.01761264844632034,0.017427803700876206,0.008801923261527084,0.008718260980925794,0.01752018424245288,-0.2198851975913273,-1.248450499999993,0 days 04:30:00
15m,DEVELOPMENT,62,CLOSED,BTCUSDT,LONG,2024-03-16 18:45:00+00:00,2024-03-16 19:00:00+00:00,67030.6,67064.1153,2024-03-16 21:15:00+00:00,66393.474147,66360.27740992651,0.00025934857764777034,17.392982914261076,0.17392982914261076,66393.474147,68405.39760600001,SL,-0.16523768375817371,0.017392982914261074,0.017210443558575903,0.008692145384438087,0.008609526542557375,0.017301671926995464,-0.21714278215800617,-1.2484504999999952,0 days 02:15:00
15m,DEVELOPMENT,63,CLOSED,BTCUSDT,LONG,2024-03-16 21:30:00+00:00,2024-03-16 21:45:00+00:00,66384.7,66417.89235,2024-03-16 23:00:00+00:00,65753.71342649999,65720.83656978674,0.00025860587336086065,17.176057057959373,0.17176057057959374,65753.71342649999,67746.250197,SL,-0.16317683391894588,0.01717605705795937,0.01699579433913609,0.008583736660648725,0.008502148243689932,0.017085884904338655,-0.21443457022038,-1.2484505000000055,0 days 01:15:00
15m,DEVELOPMENT,64,CLOSED,BTCUSDT,LONG,2024-03-16 23:15:00+00:00,2024-03-16 23:30:00+00:00,65349.99,65382.66499499999,2024-03-17 07:15:00+00:00,64728.83834504999,64696.47392587747,0.0002594240646107954,16.961836708088867,0.16961836708088868,64728.83834504999,66690.31829489999,SL,-0.16114168706685347,0.016961836708088866,0.016783822231837477,0.008476680014035846,0.008396109170502163,0.01687278918453801,-0.2117601351913178,-1.248450499999993,0 days 07:45:00
15m,DEVELOPMENT,65,CLOSED,BTCUSDT,LONG,2024-03-17 07:15:00+00:00,2024-03-17 07:30:00+00:00,65288.37,65321.014185,2024-03-17 08:45:00+00:00,66627.4344687,66594.12075146566,0.00025643031313084865,16.750288121484157,0.16750288121484158,64667.80404315,66627.4344687,TP,0.3433767210111332,0.016750288121484158,0.017076751236971884,0.00837095858145068,0.008542646941954692,0.016913605523405373,0.2926360761292718,1.7470510000000095,0 days 01:15:00
15m,DEVELOPMENT,66,CLOSED,BTCUSDT,LONG,2024-03-18 01:00:00+00:00,2024-03-18 01:15:00+00:00,67456.01,67489.73800499999,2024-03-18 05:30:00+00:00,68839.5327651,68805.11299871745,0.0002525218256532338,17.042631853881034,0.17042631853881035,66814.84062495,68839.5327651,TP,0.3493696944758627,0.017042631853881034,0.017374792748713175,0.008517057398240694,0.008691742245478595,0.01720879964371929,0.29774347022954917,1.7470510000000117,0 days 04:15:00
15m,DEVELOPMENT,67,CLOSED,BTCUSDT,LONG,2024-03-18 14:45:00+00:00,2024-03-18 15:00:00+00:00,66996.68,67030.17833999998,2024-03-19 01:15:00+00:00,66359.87655659998,66326.69661832169,0.0002586906123109441,17.340077878086376,0.17340077878086377,66359.87655659998,68370.78190679998,SL,-0.16473507269486742,0.017340077878086377,0.01715809376075586,0.008665706085997864,0.008583338549650679,0.017249044635648542,-0.2164822889693582,-1.2484504999999968,0 days 10:15:00
15m,DEVELOPMENT,68,CLOSED,BTCUSDT,LONG,2024-03-19 02:00:00+00:00,2024-03-19 02:15:00+00:00,66056.0,66089.02799999999,2024-03-19 03:30:00+00:00,65428.13771999999,65395.423651139994,0.0002591021894759894,17.123811855139966,0.17123811855139967,65428.13771999999,67410.80855999999,SL,-0.1626804914373889,0.017123811855139965,0.016944097449720277,0.008557627114010686,0.008476286868293636,0.017033913982304322,-0.2137823147245535,-1.248450499999996,0 days 01:15:00
15m,DEVELOPMENT,69,CLOSED,BTCUSDT,LONG,2024-03-19 04:15:00+00:00,2024-03-19 04:30:00+00:00,65599.79,65632.58989499998,2024-03-19 05:15:00+00:00,64976.26399604998,64943.77586405196,0.0002576500963349863,16.910243109161396,0.16910243109161396,64976.26399604998,66945.24169289999,SL,-0.16065153498509005,0.016910243109161397,0.01673277010773075,0.008450896106524651,0.008370570339033483,0.016821466445558132,-0.21111601464754032,-1.248450499999996,0 days 00:45:00
15m,DEVELOPMENT,70,CLOSED,BTCUSDT,LONG,2024-03-19 05:30:00+00:00,2024-03-19 05:45:00+00:00,64835.43,64867.847714999996,2024-03-19 07:00:00+00:00,64219.169237849994,64187.059653231074,0.00025743628913036764,16.699337999623395,0.16699337999623395,64219.169237849994,66165.2046693,SL,-0.1586478837445498,0.016699337999623396,0.01652407844731735,0.008345496251684814,0.008266172309812308,0.016611668561497123,-0.20848296875298766,-1.2484504999999964,0 days 01:15:00
15m,DEVELOPMENT,71,CLOSED,BTCUSDT,LONG,2024-03-19 07:15:00+00:00,2024-03-19 07:30:00+00:00,64451.6,64483.82579999999,2024-03-19 08:15:00+00:00,63838.98754199999,63807.06804822899,0.0002557395300445165,16.491063305564467,0.16491063305564466,63838.98754199999,65773.502316,SL,-0.1566692221083388,0.016491063305564466,0.016317989596172568,0.008241410947306762,0.008163076336253924,0.016404487283560684,-0.20588276229363653,-1.2484505000000026,0 days 00:45:00
15m,DEVELOPMENT,72,CLOSED,BTCUSDT,LONG,2024-03-19 09:00:00+00:00,2024-03-19 09:15:00+00:00,63796.0,63827.897999999994,2024-03-19 10:15:00+00:00,63189.61901999999,63158.024210489995,0.0002551452692419237,16.28538622035604,0.16285386220356043,63189.61901999999,65104.45595999999,SL,-0.15471523840528384,0.01628538622035604,0.016114471091973406,0.008138623798277293,0.008061266179075141,0.016199889977352434,-0.20331498569496576,-1.2484504999999977,0 days 01:00:00
15m,DEVELOPMENT,73,CLOSED,BTCUSDT,LONG,2024-03-19 10:30:00+00:00,2024-03-19 10:45:00+00:00,63140.01,63171.580004999996,2024-03-19 11:15:00+00:00,62539.86420495,62508.59427284753,0.0002545808470401088,16.0822743465349,0.160822743465349,62539.86420495,64435.0116051,SL,-0.15278562485138966,0.0160822743465349,0.015913490877268018,0.008037118613958975,0.007960725801533551,0.015997844415492526,-0.20077923449068508,-1.24845049999999,0 days 00:30:00
15m,DEVELOPMENT,74,CLOSED,BTCUSDT,LONG,2024-03-19 11:30:00+00:00,2024-03-19 11:45:00+00:00,63018.96,63050.46947999999,2024-03-19 14:30:00+00:00,62419.96478519999,62388.754802807394,0.00025188861909644975,15.881695690700049,0.15881695690700048,62419.96478519999,64311.478869599996,SL,-0.1508800775013554,0.01588169569070005,0.01571501729442615,0.007936879405645525,0.007861439366895626,0.01579831877254115,-0.19827510925902278,-1.2484504999999972,0 days 02:45:00
15m,DEVELOPMENT,75,CLOSED,BTCUSDT,LONG,2024-03-19 23:30:00+00:00,2024-03-19 23:45:00+00:00,62054.2,62085.2271,2024-03-20 00:45:00+00:00,63326.931641999996,63295.268176179,0.00025261433985272893,15.683618658473256,0.15683618658473256,61464.37482899999,63326.931641999996,TP,0.3215102635535094,0.015683618658473255,0.0159892923861269,0.007837890384044439,0.00799864551582011,0.01583653589986455,0.27400081660904474,1.7470510000000072,0 days 01:00:00
15m,DEVELOPMENT,76,CLOSED,BTCUSDT,LONG,2024-03-21 18:15:00+00:00,2024-03-21 18:30:00+00:00,65539.99,65572.759995,2024-03-21 18:30:00+00:00,64917.03239505,64884.57387885248,0.0002433532727493787,15.957345747992782,0.15957345747992782,64917.03239505,66884.2151949,SL,-0.15159877194869775,0.015957345747992784,0.0157898734043676,0.007974685531229585,0.007898886145255017,0.0158735716764846,-0.19921956277754274,-1.2484504999999881,0 days 00:00:00
15m,DEVELOPMENT,77,CLOSED,BTCUSDT,LONG,2024-03-21 18:45:00+00:00,2024-03-21 19:00:00+00:00,65133.66,65166.22683,2024-03-22 06:00:00+00:00,66469.5513666,66436.31659091671,0.00024181736418262223,15.758325205757478,0.15758325205757479,64514.5645617,66469.5513666,TP,0.3230417291055333,0.015758325205757477,0.016065454964017692,0.007875224990382608,0.008036745854933806,0.01591197084531641,0.2753059780904417,1.747051000000023,0 days 11:00:00
15m,DEVELOPMENT,78,CLOSED,BTCUSDT,LONG,2024-03-22 09:45:00+00:00,2024-03-22 10:00:00+00:00,65482.0,65514.740999999995,2024-03-22 10:15:00+00:00,64859.59359,64827.163793205,0.0002447289863040255,16.033356152900776,0.16033356152900777,64859.59359,66825.03581999999,SL,-0.15232088978842845,0.016033356152900777,0.01586508608007608,0.008012671740578759,0.007936511295685136,0.015949183036263893,-0.20016851505766922,-1.248450499999992,0 days 00:15:00
15m,DEVELOPMENT,79,CLOSED,BTCUSDT,LONG,2024-03-22 10:30:00+00:00,2024-03-22 10:45:00+00:00,64863.99,64896.421995,2024-03-22 11:45:00+00:00,64247.457775049996,64215.334046162476,0.00024397936156803093,15.83338760638962,0.1583338760638962,64247.457775049996,66194.3504349,SL,-0.1504211386294192,0.01583338760638962,0.015667216203460562,0.007912737434477329,0.007837526865161636,0.015750264299638966,-0.19767200673890833,-1.2484504999999941,0 days 01:00:00
15m,DEVELOPMENT,80,CLOSED,BTCUSDT,LONG,2024-03-22 12:00:00+00:00,2024-03-22 12:15:00+00:00,64518.0,64550.259,2024-03-22 13:15:00+00:00,63904.756409999995,63872.804031795,0.00024222851025559663,15.635913074182918,0.1563591307418292,63904.756409999995,65841.26418,SL,-0.14854508122949522,0.015635913074182918,0.015471814166469368,0.007814049512334855,0.0077397769717192375,0.015553826484054092,-0.1952066349542016,-1.2484504999999972,0 days 01:00:00
15m,DEVELOPMENT,81,CLOSED,BTCUSDT,LONG,2024-03-22 13:15:00+00:00,2024-03-22 13:30:00+00:00,64196.0,64228.098,2024-03-22 13:30:00+00:00,63585.817019999995,63554.02411149,0.0002404072661602411,15.44090145085205,0.1544090145085205,63585.817019999995,65512.65996,SL,-0.1466924220793103,0.01544090145085205,0.015278849190125357,0.007716592429210971,0.00764324621817099,0.015359838647381961,-0.19277201136766964,-1.2484505,0 days 00:00:00
15m,DEVELOPMENT,82,CLOSED,BTCUSDT,LONG,2024-03-22 14:15:00+00:00,2024-03-22 14:30:00+00:00,63083.86,63115.40193,2024-03-22 21:30:00+00:00,62484.247910699996,62453.00578674465,0.00024159431062211912,15.248322018916317,0.1524832201891632,62484.247910699996,64377.7099686,SL,-0.14486286935512308,0.015248322018916318,0.01508829087932779,0.007620350834040996,0.0075479193993621616,0.015168270233403157,-0.19036775248677032,-1.2484504999999964,0 days 07:00:00
15m,DEVELOPMENT,83,CLOSED,BTCUSDT,LONG,2024-03-24 00:00:00+00:00,2024-03-24 00:15:00+00:00,64172.0,64204.085999999996,2024-03-24 12:00:00+00:00,65488.16772,65455.42363614,0.0002345356095249835,15.058144444004459,0.1505814444400446,63562.045139999995,65488.16772,TP,0.30868819844730727,0.015058144444004459,0.015351627679218108,0.0075253095672176105,0.007679653666440899,0.01520496323365851,0.26307346309042623,1.7470510000000126,0 days 11:45:00
15m,DEVELOPMENT,84,CLOSED,BTCUSDT,LONG,2024-03-26 14:30:00+00:00,2024-03-26 14:45:00+00:00,69968.42,70003.40421,2024-03-27 13:15:00+00:00,71403.4722942,71367.7705580529,0.0002188601435793297,15.32095509644245,0.1532095509644245,69303.3701679,71403.4722942,TP,0.31407575115245745,0.01532095509644245,0.015619560511272116,0.007656649223608343,0.007813687099184221,0.015470336322792565,0.2676648992219503,1.7470510000000097,0 days 22:30:00
15m,DEVELOPMENT,85,CLOSED,BTCUSDT,LONG,2024-03-27 18:15:00+00:00,2024-03-27 18:30:00+00:00,68624.05,68658.362025,2024-03-28 06:15:00+00:00,70031.5292655,69996.51350086725,0.00022704230247273636,15.588352598162684,0.15588352598162686,67971.77840474999,70031.5292655,TP,0.3195573331217538,0.015588352598162684,0.01589216959030088,0.007790281158500273,0.007950059825061268,0.015740340983561543,0.2723364699497287,1.7470510000000097,0 days 11:45:00
15m,DEVELOPMENT,86,CLOSED,BTCUSDT,LONG,2024-03-29 03:30:00+00:00,2024-03-29 03:45:00+00:00,70421.27,70456.480635,2024-03-29 07:45:00+00:00,69751.91582865,69717.03987073568,0.00022510941308396892,15.860417003706871,0.15860417003706873,69751.91582865,71865.6102477,SL,-0.15067792465790525,0.015860417003706873,0.015693961927252968,0.007926245379162913,0.007850906416834337,0.01577715179599725,-0.19800945538486237,-1.248450499999993,0 days 04:00:00
15m,DEVELOPMENT,87,CLOSED,BTCUSDT,LONG,2024-03-29 08:15:00+00:00,2024-03-29 08:30:00+00:00,69855.64,69890.56782,2024-03-29 15:30:00+00:00,69191.6621418,69157.0663107291,0.0002241018473380283,15.662605359965752,0.15662605359965753,69191.6621418,71288.37917639999,SL,-0.14879866461416738,0.01566260535996575,0.015498226316712913,0.007827388985489493,0.0077529896531820745,0.015580378638671568,-0.1955398749295176,-1.2484504999999895,0 days 07:00:00
15m,DEVELOPMENT,88,CLOSED,BTCUSDT,LONG,2024-03-29 17:00:00+00:00,2024-03-29 17:15:00+00:00,69319.27,69353.929635,2024-03-31 13:15:00+00:00,70741.00822769999,70705.63772358614,0.00022301924218236314,15.467260829566635,0.15467260829566637,68660.39033864999,70741.00822769999,TP,0.3170749821233467,0.015467260829566636,0.01576871774313489,0.007729765532014872,0.007888303023077987,0.01561806855509286,0.2702209349955524,1.747051000000001,1 days 20:00:00
15m,DEVELOPMENT,89,CLOSED,BTCUSDT,LONG,2024-04-01 03:45:00+00:00,2024-04-01 04:00:00+00:00,70588.01,70623.304005,2024-04-01 05:45:00+00:00,69917.07096494999,69882.11242946752,0.00022283312902585258,15.737211813578176,0.15737211813578175,69917.07096494999,72035.7700851,SL,-0.14950744456577844,0.015737211813578175,0.015572049775594673,0.00786467357000484,0.0077899198477193446,0.015654593417724183,-0.19647129957267548,-1.248450499999998,0 days 01:45:00
15m,DEVELOPMENT,90,CLOSED,BTCUSDT,LONG,2024-04-01 06:00:00+00:00,2024-04-01 06:15:00+00:00,69272.15,69306.786075,2024-04-01 14:45:00+00:00,68613.71821425,68579.41135514287,0.00022423398442127302,15.54093678903005,0.15540936789030052,68613.71821425,70692.9217965,SL,-0.14764278278833629,0.015540936789030051,0.015377834657429182,0.007766585101964529,0.007692763710568876,0.015459348812533406,-0.19402090304732889,-1.2484504999999952,0 days 08:30:00
15m,DEVELOPMENT,91,CLOSED,BTCUSDT,LONG,2024-04-01 16:00:00+00:00,2024-04-01 16:15:00+00:00,68387.38,68421.57369,2024-04-01 19:45:00+00:00,69790.0051638,69755.11016121811,0.00022430220302433233,15.347109713058696,0.15347109713058696,67737.3579531,69790.0051638,TP,0.314611914257704,0.015347109713058697,0.01564622488136621,0.007669719996531096,0.007827025953658182,0.015496745950189277,0.2681218337130899,1.7470510000000052,0 days 03:30:00
15m,DEVELOPMENT,92,CLOSED,BTCUSDT,LONG,2024-04-02 03:45:00+00:00,2024-04-02 04:00:00+00:00,66703.97,66737.321985,2024-04-02 09:00:00+00:00,66069.94876515,66036.91379076743,0.00023397648015156648,15.614963692792054,0.15614963692792055,66069.94876515,68072.0684247,SL,-0.14834605687155417,0.015614963692792055,0.015451084648836202,0.0078035800563681125,0.007729407027929619,0.015532987084297732,-0.19494509229748017,-1.2484504999999955,0 days 05:00:00
15m,DEVELOPMENT,93,CLOSED,BTCUSDT,LONG,2024-04-02 09:00:00+00:00,2024-04-02 09:15:00+00:00,66324.97,66358.132485,2024-04-02 10:45:00+00:00,65694.55116014999,65661.70388456991,0.00023237865161926025,15.42021335083653,0.1542021335083653,65694.55116014999,67685.29513469999,SL,-0.14649587995972413,0.01542021335083653,0.015258378211719499,0.0077062535486424255,0.007633005608664269,0.015339259157306695,-0.19251373067958685,-1.2484505000000092,0 days 01:30:00
15m,DEVELOPMENT,94,CLOSED,BTCUSDT,LONG,2024-04-02 10:45:00+00:00,2024-04-02 11:00:00+00:00,65984.01,66017.00200499999,2024-04-02 11:15:00+00:00,65356.83198494999,65324.15356895752,0.00023066621444598295,15.227891941566213,0.15227891941566213,65356.83198494999,67337.34204509998,SL,-0.14466877851533044,0.015227891941566214,0.015068075215639477,0.007610140900331278,0.007537806511074552,0.01514794741140583,-0.19011269308394196,-1.2484504999999926,0 days 00:15:00
15m,DEVELOPMENT,95,CLOSED,BTCUSDT,LONG,2024-04-02 11:30:00+00:00,2024-04-02 11:45:00+00:00,65388.0,65420.693999999996,2024-04-02 13:30:00+00:00,64766.48705999999,64734.10381646999,0.00022986563198569232,15.03796917125259,0.1503796917125259,64766.48705999999,66729.10788,SL,-0.14286446474038747,0.01503796917125259,0.014880145684800292,0.007515226972139274,0.007443794739769839,0.014959021711909114,-0.18774160130834944,-1.2484505000000041,0 days 01:45:00
15m,DEVELOPMENT,96,CLOSED,BTCUSDT,LONG,2024-04-02 13:30:00+00:00,2024-04-02 13:45:00+00:00,65062.7,65095.231349999995,2024-04-03 04:30:00+00:00,66397.135977,66363.9374090115,0.00022813368684634843,14.850415123991501,0.148504151239915,64444.2790365,66397.135977,TP,0.30442979929341923,0.014850415123991502,0.015139849714758099,0.00742149681358838,0.007573711713234869,0.01499520852682325,0.2594443259278464,1.747051000000011,0 days 14:45:00
15m,DEVELOPMENT,97,CLOSED,BTCUSDT,LONG,2024-04-04 02:30:00+00:00,2024-04-04 02:45:00+00:00,65686.18,65719.02308999999,2024-04-04 13:15:00+00:00,67033.40355179999,66999.8868500241,0.00022991212520135113,15.109600264778564,0.15109600264778564,65061.83285909999,67033.40355179999,TP,0.3097430299156493,0.015109600264778564,0.0154040863739391,0.007551024620078058,0.007705896135035697,0.015256920755113756,0.26397242252181785,1.7470510000000086,0 days 10:30:00
15m,DEVELOPMENT,98,CLOSED,BTCUSDT,LONG,2024-04-05 05:30:00+00:00,2024-04-05 05:45:00+00:00,66841.4,66874.8207,2024-04-05 12:00:00+00:00,66206.072493,66172.9694567535,0.0002298818720957943,15.373308978586575,0.15373308978586575,66206.072493,68212.317114,SL,-0.1460502767031126,0.015373308978586575,0.015211966100856312,0.007682813082752464,0.00760978794439928,0.015292601027151744,-0.19192815280970724,-1.2484504999999886,0 days 06:15:00
15m,DEVELOPMENT,99,CLOSED,BTCUSDT,LONG,2024-04-05 12:00:00+00:00,2024-04-05 12:15:00+00:00,66595.74,66629.03787,2024-04-05 12:30:00+00:00,65962.7474913,65929.76611755436,0.00022785219549191222,15.181572562193264,0.15181572562193263,65962.7474913,67961.6186274,SL,-0.1442287328372286,0.015181572562193263,0.015022241958153049,0.007586992784703111,0.007514878418283953,0.015101871202987064,-0.18953441856056197,-1.2484504999999826,0 days 00:15:00
15m,DEVELOPMENT,100,CLOSED,BTCUSDT,LONG,2024-04-09 14:45:00+00:00,2024-04-09 15:00:00+00:00,69358.32,69392.99916,2024-04-09 15:00:00+00:00,68699.0691684,68664.71963381581,0.0002160481269030971,14.992227488706192,0.14992227488706192,68699.0691684,70780.85914320001,SL,-0.14242990732648955,0.014992227488706192,0.014834884061212222,0.00749236756057274,0.007421152606908434,0.014913520167481174,-0.18717053904388914,-1.248450499999995,0 days 00:00:00
15m,DEVELOPMENT,101,CLOSED,BTCUSDT,LONG,2024-04-09 15:30:00+00:00,2024-04-09 15:45:00+00:00,69011.93,69046.43596499998,2024-04-09 17:00:00+00:00,68355.97160534999,68321.79361954732,0.00021442444821804637,14.805243933217794,0.14805243933217793,68355.97160534999,70427.36468429999,SL,-0.14065351682682306,0.014805243933217794,0.014649862898138676,0.0073989225053539415,0.007328595746941989,0.014727518252295931,-0.18483614191047548,-1.2484504999999884,0 days 01:15:00
15m,DEVELOPMENT,102,CLOSED,BTCUSDT,LONG,2024-04-09 17:15:00+00:00,2024-04-09 17:30:00+00:00,68790.76,68825.15538,2024-04-10 12:30:00+00:00,68136.9038262,68102.8353742869,0.00021243093985148285,14.62059244279774,0.1462059244279774,68136.9038262,70201.6584876,SL,-0.1388992815280283,0.014620592442797741,0.014467149325110578,0.007306642899949268,0.0072371932591854685,0.014543836159134738,-0.18253085945507136,-1.2484505000000052,0 days 19:00:00
15m,DEVELOPMENT,103,CLOSED,BTCUSDT,LONG,2024-04-10 12:45:00+00:00,2024-04-10 13:00:00+00:00,67975.99,68009.97799500001,2024-04-10 16:45:00+00:00,69370.17755490002,69335.49246612257,0.0002122959653496005,14.438243931853615,0.14438243931853614,67329.87821505,69370.17755490002,TP,0.2959803928458969,0.014438243931853615,0.014719645306085443,0.007215514208823061,0.007363504405245126,0.014579018614068188,0.25224348499388966,1.7470510000000123,0 days 03:45:00
15m,DEVELOPMENT,104,CLOSED,BTCUSDT,LONG,2024-04-11 12:00:00+00:00,2024-04-11 12:15:00+00:00,70144.55,70179.622275,2024-04-12 14:30:00+00:00,69477.82605225,69443.08713922389,0.0002093233754919637,14.690235425354004,0.14690235425354004,69477.82605225,71583.21472050001,SL,-0.13956090726435702,0.014690235425354005,0.014536061404564917,0.007341446989182123,0.007271666535548026,0.014613113524730149,-0.18340031761900608,-1.2484504999999788,1 days 02:15:00
15m,DEVELOPMENT,105,CLOSED,BTCUSDT,LONG,2024-04-12 15:00:00+00:00,2024-04-12 15:15:00+00:00,69383.99,69418.681995,2024-04-12 16:15:00+00:00,68724.49517505,68690.13292746249,0.00020897859060303693,14.507018324835517,0.14507018324835516,68724.49517505,70807.05563490001,SL,-0.1378202990280478,0.014507018324835518,0.01435476716751637,0.007249884220307822,0.007180974070791767,0.01443085829109959,-0.1811129428114993,-1.248450499999991,0 days 01:00:00
15m,DEVELOPMENT,106,CLOSED,BTCUSDT,LONG,2024-04-12 16:45:00+00:00,2024-04-12 17:00:00+00:00,68840.54,68874.96027,2024-04-12 17:15:00+00:00,68186.2106673,68152.11756196634,0.0002080013731822777,14.32608631403482,0.1432608631403482,68186.2106673,70252.4594754,SL,-0.1361013997150433,0.014326086314034819,0.014175734038169022,0.0071594634253052455,0.0070914127254479665,0.014250876150753211,-0.17885409621800033,-1.2484505000000075,0 days 00:15:00
15m,DEVELOPMENT,107,CLOSED,BTCUSDT,LONG,2024-04-12 17:30:00+00:00,2024-04-12 17:45:00+00:00,68156.55,68190.628275,2024-04-12 18:15:00+00:00,67508.72199225,67474.96763125386,0.00020746855178080726,14.147410893237616,0.14147410893237616,67508.72199225,69554.4408405,SL,-0.13440393857094005,0.014147410893237617,0.013998933815913085,0.007070170361436549,0.0070029683921533515,0.014073138753589901,-0.17662342203368064,-1.2484505000000081,0 days 00:30:00
15m,DEVELOPMENT,108,CLOSED,BTCUSDT,LONG,2024-04-13 01:15:00+00:00,2024-04-13 01:30:00+00:00,66561.13,66594.410565,2024-04-13 01:45:00+00:00,65928.46645934999,65895.50222612033,0.00020979183988035341,13.970963918178995,0.13970963918178997,65928.46645934999,67926.2987763,SL,-0.1327276482181851,0.013970963918178996,0.013824338651857709,0.0069819909636063635,0.006915627139496376,0.013897618103102739,-0.17442056889132457,-1.248450499999995,0 days 00:15:00
15m,DEVELOPMENT,109,CLOSED,BTCUSDT,LONG,2024-04-13 18:00:00+00:00,2024-04-13 18:15:00+00:00,66738.39,66771.75919499999,2024-04-13 19:45:00+00:00,66104.04160304999,66070.98958224847,0.00020662504271182013,13.796717595610241,0.13796717595610242,66104.04160304999,68107.19437889999,SL,-0.13107226461397012,0.013796717595610242,0.013651921044444314,0.0068949113421324084,0.006829375209826513,0.013724286551958922,-0.1722451898059836,-1.2484504999999968,0 days 01:30:00
15m,DEVELOPMENT,110,CLOSED,BTCUSDT,LONG,2024-04-13 21:00:00+00:00,2024-04-13 21:15:00+00:00,62080.02,62111.060009999994,2024-04-13 22:30:00+00:00,63353.281210199995,63321.6045695949,0.00021935939391031737,13.624644478920949,0.1362464447892095,61489.94940989999,63353.281210199995,TP,0.27930180735898885,0.01362464447892095,0.01389018879981512,0.0068089177805695286,0.00694856868424872,0.01375748646481825,0.23802948761543458,1.74705100000001,0 days 01:15:00
15m,DEVELOPMENT,111,CLOSED,BTCUSDT,LONG,2024-04-15 14:15:00+00:00,2024-04-15 14:30:00+00:00,65359.21,65391.889605,2024-04-15 14:30:00+00:00,64737.97070894999,64705.60172359552,0.0002119901452393649,13.862436174840465,0.13862436174840465,64737.97070894999,66699.7273971,SL,-0.1316966075380908,0.013862436174840466,0.013716949907185513,0.006927754210314553,0.006861905906545199,0.013789660116859752,-0.17306565373697652,-1.248450499999999,0 days 00:00:00
15m,DEVELOPMENT,112,CLOSED,BTCUSDT,LONG,2024-04-15 15:00:00+00:00,2024-04-15 15:15:00+00:00,64509.2,64541.45459999999,2024-04-15 16:30:00+00:00,63896.04005399999,63864.09203397299,0.00021210466201461263,13.689543413864463,0.13689543413864463,63896.04005399999,65832.283692,SL,-0.13005408310722963,0.013689543413864464,0.013545871655735956,0.006841351031415026,0.006776323989862328,0.013617675021277354,-0.1709071731981074,-1.2484504999999957,0 days 01:15:00
15m,DEVELOPMENT,113,CLOSED,BTCUSDT,LONG,2024-04-15 16:30:00+00:00,2024-04-15 16:45:00+00:00,64138.35,64170.419174999995,2024-04-15 17:45:00+00:00,63528.71498324999,63496.95062575837,0.0002106703859957,13.518806977103116,0.13518806977103118,63528.71498324999,65453.827558499994,SL,-0.12843204429521876,0.013518806977103117,0.013376927097878421,0.006756025475813,0.006691809453665395,0.013447834929478396,-0.1687756132996787,-1.2484504999999995,0 days 01:00:00
15m,DEVELOPMENT,114,CLOSED,BTCUSDT,LONG,2024-04-15 17:45:00+00:00,2024-04-15 18:00:00+00:00,63908.48,63940.43424,2024-04-15 18:15:00+00:00,63301.029897600005,63269.37938265121,0.00020879119964527994,13.350199970809733,0.13350199970809734,63301.029897600005,65219.242924800004,SL,-0.1268302356047438,0.013350199970809733,0.013210089622116087,0.006671764103353006,0.006608348985549354,0.01328011308890236,-0.16667063828657197,-1.248450499999985,0 days 00:15:00
15m,DEVELOPMENT,115,CLOSED,BTCUSDT,LONG,2024-04-15 18:30:00+00:00,2024-04-15 18:45:00+00:00,63853.34,63885.26666999999,2024-04-15 18:45:00+00:00,63246.41400329999,63214.790796298345,0.00020636520005086356,13.183695836657314,0.13183695836657314,63246.41400329999,65162.97200339999,SL,-0.12524840472506596,0.013183695836657315,0.013045332948851596,0.006588553641506556,0.0065259294391450725,0.013114483080651627,-0.16459191659122652,-1.2484504999999932,0 days 00:00:00
15m,DEVELOPMENT,116,CLOSED,BTCUSDT,LONG,2024-04-15 19:15:00+00:00,2024-04-15 19:30:00+00:00,63123.7,63155.261849999995,2024-04-16 04:00:00+00:00,62523.7092315,62492.44737688425,0.00020614700923063612,13.01926834755519,0.1301926834755519,62523.7092315,64418.367087,SL,-0.12368630249226592,0.01301926834755519,0.0128826311262476,0.0065063809832855875,0.00644453783203908,0.012950918815324668,-0.16253912078139338,-1.2484504999999912,0 days 08:30:00
15m,DEVELOPMENT,117,CLOSED,BTCUSDT,LONG,2024-04-16 16:00:00+00:00,2024-04-16 16:15:00+00:00,61922.51,61953.471255,2024-04-16 17:15:00+00:00,63192.5406801,63160.944409759955,0.00020752495934568332,12.856891603517834,0.12856891603517834,61333.93654245,63192.5406801,TP,0.2635630652555224,0.012856891603517833,0.0131074724208704,0.006425233185165236,0.0065570147177927895,0.012982247902958027,0.22461645332817615,1.747051000000014,0 days 01:00:00
15m,DEVELOPMENT,118,CLOSED,BTCUSDT,LONG,2024-04-17 10:15:00+00:00,2024-04-17 10:30:00+00:00,62963.29,62994.771645,2024-04-17 12:15:00+00:00,62364.82392855,62333.64151658573,0.00020765665662704296,13.081283664784747,0.13081283664784749,62364.82392855,64254.667077900005,SL,-0.12427546350202774,0.013081283664784747,0.012943995592722834,0.006537373145819431,0.00647523541406735,0.013012608559886781,-0.1633133513194221,-1.248450499999989,0 days 01:45:00
15m,DEVELOPMENT,119,CLOSED,BTCUSDT,LONG,2024-04-17 12:45:00+00:00,2024-04-17 13:00:00+00:00,62317.76,62348.91888,2024-04-17 14:15:00+00:00,61725.4296912,61694.5669763544,0.00020719097773819244,12.918133463666445,0.12918133463666445,61725.4296912,63595.8972576,SL,-0.12272549582423807,0.012918133463666446,0.012782557652965267,0.006455838812426058,0.0063944760645148575,0.012850314876940916,-0.1612765018178107,-1.2484504999999972,0 days 01:15:00
15m,DEVELOPMENT,120,CLOSED,BTCUSDT,LONG,2024-04-17 15:30:00+00:00,2024-04-17 15:45:00+00:00,60448.07,60478.294035,2024-04-17 16:00:00+00:00,59873.51109465,59843.57433910268,0.0002109354815771147,12.757018077235069,0.1275701807723507,59873.51109465,61687.8599157,SL,-0.12119485939442226,0.01275701807723507,0.012623133172514487,0.0063753213779284175,0.006314723948230686,0.012690045326159104,-0.15926505597033092,-1.2484504999999946,0 days 00:15:00
15m,DEVELOPMENT,121,CLOSED,BTCUSDT,LONG,2024-04-17 16:45:00+00:00,2024-04-17 17:00:00+00:00,60194.96,60225.057479999996,2024-04-17 18:00:00+00:00,61429.5586296,61398.8438502852,0.00020918057457061578,12.59791212721476,0.1259791212721476,59622.80690519999,61429.5586296,TP,0.2582540507038223,0.01259791212721476,0.012843445434574177,0.0062958081595269316,0.006424935184878699,0.01272074334440563,0.22009194979762775,1.747051000000008,0 days 01:00:00
15m,DEVELOPMENT,122,CLOSED,BTCUSDT,LONG,2024-04-19 02:30:00+00:00,2024-04-19 02:45:00+00:00,60272.26,60302.39613,2024-04-19 03:00:00+00:00,61508.4440526,61477.689830573705,0.00021255845584149043,12.817784204934668,0.12817784204934668,59699.3721687,61508.4440526,TP,0.2627613733565321,0.012817784204934669,0.013067602819088846,0.0064056892578381935,0.0065370699445163665,0.01294275920235456,0.223933227130154,1.7470510000000066,0 days 00:15:00
15m,DEVELOPMENT,123,CLOSED,BTCUSDT,LONG,2024-04-20 09:15:00+00:00,2024-04-20 09:30:00+00:00,63591.41,63623.205705,2024-04-20 15:45:00+00:00,64895.6698191,64863.22198419046,0.00020498014172716088,13.04149372254721,0.1304149372254721,62986.97364795,64895.6698191,TP,0.26734736256815916,0.01304149372254721,0.013295672435199657,0.006517488117214345,0.0066511617984979145,0.01316864991571226,0.22784154649470004,1.7470510000000137,0 days 06:15:00
15m,DEVELOPMENT,124,CLOSED,BTCUSDT,LONG,2024-04-21 16:15:00+00:00,2024-04-21 16:30:00+00:00,64634.02,64666.337009999996,2024-04-22 03:45:00+00:00,65959.6637502,65926.6839183249,0.00020519343245091207,13.26910765510935,0.1326910765510935,64019.67363989999,65959.6637502,TP,0.2720133913106369,0.013269107655109351,0.013527722563307433,0.006631238208450213,0.006767244904105393,0.013398483112555606,0.23181807797966447,1.7470510000000001,0 days 11:15:00
15m,DEVELOPMENT,125,CLOSED,BTCUSDT,LONG,2024-04-23 05:00:00+00:00,2024-04-23 05:15:00+00:00,66293.05,66326.19652499999,2024-04-24 14:15:00+00:00,65662.93455974999,65630.10309247012,0.00020354995241599267,13.500694146597526,0.13500694146597528,65662.93455974999,67652.72045549999,SL,-0.12825996787947191,0.013500694146597526,0.013359004361528986,0.006746973586503313,0.006682843602565435,0.013429817189068747,-0.1685494835766672,-1.2484504999999972,1 days 09:00:00
15m,DEVELOPMENT,126,CLOSED,BTCUSDT,LONG,2024-04-24 15:45:00+00:00,2024-04-24 16:00:00+00:00,64610.1,64642.405049999994,2024-04-24 19:00:00+00:00,63995.980999499996,63963.98300900025,0.00020624716908059006,13.332313044123337,0.13332313044123337,63995.980999499996,65935.253151,SL,-0.126660305331727,0.013332313044123337,0.013192390418725265,0.006662825109505965,0.006599494956840095,0.01326232006634606,-0.16644732886092167,-1.24845049999999,0 days 03:00:00
15m,DEVELOPMENT,127,CLOSED,BTCUSDT,LONG,2024-04-24 19:00:00+00:00,2024-04-24 19:15:00+00:00,64246.42,64278.543209999996,2024-04-24 20:15:00+00:00,63635.7577779,63603.93989901105,0.00020482779071853566,13.166031996310231,0.13166031996310232,63635.7577779,65564.1140742,SL,-0.1250805938280147,0.013166031996310232,0.013027854490508957,0.006579726135087147,0.006517185838173371,0.013096911973260518,-0.1643713922880944,-1.2484504999999948,0 days 01:00:00
15m,DEVELOPMENT,128,CLOSED,BTCUSDT,LONG,2024-04-25 10:30:00+00:00,2024-04-25 10:45:00+00:00,63547.68,63579.453839999995,2024-04-25 13:00:00+00:00,62943.6593016,62912.1874719492,0.00020449727114559373,13.00182481120724,0.13001824811207238,62943.6593016,64851.0429168,SL,-0.12352058453825637,0.013001824811207239,0.01286537065981362,0.006497663573815563,0.006435903281547567,0.01293356685536313,-0.16232134686464034,-1.2484504999999964,0 days 02:15:00
15m,DEVELOPMENT,129,CLOSED,BTCUSDT,LONG,2024-04-25 13:15:00+00:00,2024-04-25 13:30:00+00:00,63209.09,63240.69454499999,2024-04-25 17:00:00+00:00,64505.508435899996,64473.25568168205,0.00020302853591201462,12.839665623530278,0.12839665623530278,62608.28759954999,64505.508435899996,TP,0.2632099369701208,0.012839665623530278,0.013089910706532886,0.006416624499514303,0.006548229467999435,0.012964853967513738,0.22431550667254388,1.747051000000015,0 days 03:30:00
15m,DEVELOPMENT,130,CLOSED,BTCUSDT,LONG,2024-04-26 01:15:00+00:00,2024-04-26 01:30:00+00:00,64152.76,64184.83638,2024-04-26 15:00:00+00:00,63542.9880162,63511.2165221919,0.0002035333853847485,13.063757038787566,0.13063757038787566,63542.9880162,65468.5331076,SL,-0.124108956175589,0.013063757038787566,0.01292665290866549,0.0065286142122873555,0.006466559734199575,0.01299517394648693,-0.16309454006952898,-1.2484505000000032,0 days 13:30:00
15m,DEVELOPMENT,131,CLOSED,BTCUSDT,LONG,2024-04-26 15:30:00+00:00,2024-04-26 15:45:00+00:00,63568.75,63600.534374999996,2024-04-27 00:45:00+00:00,62964.52903124999,62933.04676673437,0.00020284146284465084,12.900825430326499,0.12900825430326499,62964.52903124999,64872.545062499994,SL,-0.1225610651826635,0.0129008254303265,0.012765431267435224,0.006447189120602064,0.006385908588011351,0.012833097708613414,-0.16106041958903866,-1.2484505000000026,0 days 09:00:00
15m,DEVELOPMENT,132,CLOSED,BTCUSDT,LONG,2024-04-27 00:45:00+00:00,2024-04-27 01:00:00+00:00,63182.0,63213.59099999999,2024-04-27 01:15:00+00:00,62581.455089999996,62550.164362455,0.00020153776598860732,12.739925910257533,0.12739925910257532,62581.455089999996,64477.862819999995,SL,-0.12103247953723008,0.012739925910257533,0.01260622038782938,0.006366779565344698,0.006306263325577063,0.01267304289092176,-0.15905166872623874,-1.2484504999999924,0 days 00:15:00
15m,DEVELOPMENT,133,CLOSED,BTCUSDT,LONG,2024-04-27 01:30:00+00:00,2024-04-27 01:45:00+00:00,62696.02,62727.36800999999,2024-04-28 02:45:00+00:00,63981.91537019999,63949.92441251489,0.00020056689023364695,12.581033134307246,0.12581033134307246,62100.09432989999,63981.91537019999,TP,0.2579080355668567,0.012581033134307246,0.012826237470094894,0.006287372880712113,0.0064163268984964335,0.012703699779208547,0.21979706518324604,1.7470509999999997,1 days 01:00:00
15m,DEVELOPMENT,134,CLOSED,BTCUSDT,LONG,2024-04-28 11:30:00+00:00,2024-04-28 11:45:00+00:00,63497.99,63529.73899499999,2024-04-28 22:30:00+00:00,62894.44160504999,62862.994384247475,0.00020149005527962658,12.800610622002797,0.12800610622002798,62894.44160504999,64800.33377489999,SL,-0.12160899946240637,0.012800610622002797,0.012666268213524878,0.006397106757621473,0.006336302257890001,0.012733409015511475,-0.1598092873134455,-1.2484504999999881,0 days 10:45:00
15m,DEVELOPMENT,135,CLOSED,BTCUSDT,LONG,2024-04-28 23:15:00+00:00,2024-04-28 23:30:00+00:00,62967.21,62998.69360499999,2024-04-29 03:45:00+00:00,62368.70666894999,62337.52231561552,0.00020065433520868688,12.640960984327027,0.12640960984327027,62368.70666894999,64258.667477099996,SL,-0.1200922880120239,0.012640960984327028,0.012508294098796516,0.006317321831246683,0.006257275687241415,0.0125745975184881,-0.15781614061363552,-1.2484504999999988,0 days 04:15:00
15m,DEVELOPMENT,136,CLOSED,BTCUSDT,LONG,2024-04-29 04:00:00+00:00,2024-04-29 04:15:00+00:00,62471.91,62503.145955,2024-04-29 13:45:00+00:00,61878.11449545,61847.17543820228,0.00019972278693272574,12.483302502195524,0.12483302502195524,61878.11449545,63753.208874100004,SL,-0.11859449303685117,0.012483302502195525,0.012352290242434982,0.0062385319851045035,0.006179234738585882,0.012417766723690386,-0.15584785250517208,-1.2484504999999964,0 days 09:30:00
15m,DEVELOPMENT,137,CLOSED,BTCUSDT,LONG,2024-04-29 13:45:00+00:00,2024-04-29 14:00:00+00:00,62014.0,62045.007,2024-04-29 22:15:00+00:00,63285.907139999996,63254.26418643,0.00019868819326349175,12.327610341850699,0.12327610341850699,61424.55693,63285.907139999996,TP,0.2527129316455342,0.0123276103418507,0.01256787546741337,0.006160724808520649,0.006287081274342575,0.012447806082863224,0.21536963975340692,1.747051000000007,0 days 08:15:00
15m,DEVELOPMENT,138,CLOSED,BTCUSDT,LONG,2024-04-30 09:00:00+00:00,2024-04-30 09:15:00+00:00,62092.02,62123.066009999995,2024-04-30 10:00:00+00:00,61501.83534989999,61471.08443222505,0.0002019018962312617,12.54276482711884,0.1254276482711884,61501.83534989999,63365.5273302,SL,-0.11915939998177442,0.01254276482711884,0.012411128510258228,0.006268248289414351,0.006208668589422716,0.012476916878837067,-0.15659021019798855,-1.248450499999994,0 days 00:45:00
15m,DEVELOPMENT,139,CLOSED,BTCUSDT,LONG,2024-04-30 10:00:00+00:00,2024-04-30 10:15:00+00:00,61729.36,61760.22468,2024-04-30 11:30:00+00:00,61142.6224332,61112.0511219834,0.0002005551488012701,12.386331050697274,0.12386331050697275,61142.6224332,62995.4291736,SL,-0.1176732400168696,0.012386331050697275,0.012256336506320206,0.006190070490103339,0.006131233870094685,0.012321304360198024,-0.1546372119340851,-1.248450499999998,0 days 01:15:00
15m,DEVELOPMENT,140,CLOSED,BTCUSDT,LONG,2024-04-30 12:15:00+00:00,2024-04-30 12:30:00+00:00,61296.11,61326.758055,2024-04-30 14:00:00+00:00,60713.490474449995,60683.13372921277,0.0001994536921472751,12.231848321492395,0.12231848321492395,60713.490474449995,62553.2932161,SL,-0.1162056154880424,0.012231848321492395,0.01210347507335833,0.006112867726882324,0.0060547649191382644,0.012167632646020589,-0.1527085715289137,-1.2484505000000024,0 days 01:30:00
15m,DEVELOPMENT,141,CLOSED,BTCUSDT,LONG,2024-04-30 14:15:00+00:00,2024-04-30 14:30:00+00:00,60829.6,60860.0148,2024-04-30 16:15:00+00:00,60251.414652,60221.288944674,0.00019847665738620548,12.079292305978994,0.12079292305978995,60251.414652,62077.215096,SL,-0.1147562952207198,0.012079292305978994,0.011952520133227746,0.006036627839069694,0.005979249691459308,0.012015877530529002,-0.15080398519045554,-1.248450499999994,0 days 01:45:00
15m,DEVELOPMENT,142,CLOSED,BTCUSDT,LONG,2024-04-30 16:30:00+00:00,2024-04-30 16:45:00+00:00,60374.19,60404.377094999996,2024-04-30 19:15:00+00:00,59800.33332404999,59770.43315738797,0.0001974797116996973,11.928638974120398,0.11928638974120398,59800.33332404999,61612.4646369,SL,-0.11332505092355459,0.011928638974120399,0.011803447908087005,0.005961338817650161,0.005904676292189454,0.011866015109839615,-0.1489231529156016,-1.2484505000000052,0 days 02:30:00
15m,DEVELOPMENT,143,CLOSED,BTCUSDT,LONG,2024-04-30 19:15:00+00:00,2024-04-30 19:30:00+00:00,60046.04,60076.063019999994,2024-04-30 19:45:00+00:00,59475.302389799996,59445.5647386051,0.0001960824994750686,11.779864595583337,0.11779864595583338,59475.302389799996,61277.5842804,SL,-0.11191165715244444,0.011779864595583337,0.011656234916652691,0.0058869888033886535,0.005831032974813144,0.011718021778201797,-0.14706577844288227,-1.2484504999999924,0 days 00:15:00
15m,DEVELOPMENT,144,CLOSED,BTCUSDT,LONG,2024-05-01 02:15:00+00:00,2024-05-01 02:30:00+00:00,59742.31,59772.18115499999,2024-05-01 07:00:00+00:00,59174.45934344999,59144.87211377827,0.00019462140265274447,11.632945736000039,0.11632945736000039,59174.45934344999,60967.62477809999,SL,-0.11051589127504413,0.011632945736000039,0.011510857970500719,0.005813566084956267,0.005758308139319184,0.011571874224275452,-0.14523156920582034,-1.2484504999999928,0 days 04:30:00
15m,DEVELOPMENT,145,CLOSED,BTCUSDT,LONG,2024-05-01 08:45:00+00:00,2024-05-01 09:00:00+00:00,57169.7,57198.28485,2024-05-01 17:15:00+00:00,56626.30200149999,56597.98885049925,0.00020084272252923933,11.487859253276943,0.11487859253276943,56626.30200149999,58342.250546999996,SL,-0.10913753343568035,0.011487859253276942,0.011367294170413801,0.005741059097089782,0.0056864903303709335,0.011427549427460715,-0.1434202362868318,-1.248450499999996,0 days 08:15:00
15m,DEVELOPMENT,146,CLOSED,BTCUSDT,LONG,2024-05-03 10:45:00+00:00,2024-05-03 11:00:00+00:00,59040.01,59069.530005,2024-05-03 12:30:00+00:00,60250.9206051,60220.795144797456,0.00019205472420364891,11.34458229394944,0.1134458229394944,58478.83470495,60250.9206051,TP,0.23256110229775376,0.01134458229394944,0.011565688202858516,0.005669456418765048,0.0057857369699131625,0.01145519338867821,0.1981956384122676,1.7470510000000083,0 days 01:30:00
15m,DEVELOPMENT,147,CLOSED,BTCUSDT,LONG,2024-05-05 03:30:00+00:00,2024-05-05 03:45:00+00:00,63113.68,63145.23684,2024-05-05 15:15:00+00:00,64408.1415768,64375.93750601161,0.00018279415063353078,11.542579934720937,0.11542579934720937,62513.784471599996,64408.1415768,TP,0.23662000445889703,0.011542579934720937,0.01176754481764865,0.005768405764477766,0.0058867157667064785,0.011655121531184243,0.2016547581753432,1.747051000000015,0 days 11:30:00
15m,DEVELOPMENT,148,CLOSED,BTCUSDT,LONG,2024-05-05 20:30:00+00:00,2024-05-05 20:45:00+00:00,63689.98,63721.82499,2024-05-06 08:15:00+00:00,64996.2614898,64963.763359055105,0.00018430158334973025,11.74403323959141,0.1174403323959141,63084.606740100004,64996.2614898,TP,0.24074974687058445,0.01174403323959141,0.011972924447431046,0.005869082078755917,0.005989456952191238,0.011858539030947156,0.2051742501526148,1.747051000000006,0 days 11:30:00
15m,DEVELOPMENT,149,CLOSED,BTCUSDT,LONG,2024-05-06 13:00:00+00:00,2024-05-06 13:15:00+00:00,63655.38,63687.207689999996,2024-05-06 15:00:00+00:00,63050.3356131,63018.81044529345,0.00018762013524953702,11.949002520463154,0.11949002520463153,63050.3356131,64960.951843799994,SL,-0.11351850970215138,0.011949002520463154,0.011823597739010892,0.00597151550248001,0.005914756247628691,0.011886271750108701,-0.14917738171173414,-1.2484504999999941,0 days 01:45:00
15m,DEVELOPMENT,150,CLOSED,BTCUSDT,LONG,2024-05-06 15:15:00+00:00,2024-05-06 15:30:00+00:00,63401.88,63433.58093999999,2024-05-06 19:15:00+00:00,62799.24513059999,62767.8455080347,0.00018602093705329416,11.799974167104779,0.11799974167104779,62799.24513059999,64702.25255879999,SL,-0.11210270310677836,0.01179997416710478,0.011676133438221015,0.005897038564269356,0.005840987212716016,0.011738025776985373,-0.14731683648908953,-1.2484504999999921,0 days 03:45:00
15m,DEVELOPMENT,151,CLOSED,BTCUSDT,LONG,2024-05-06 19:30:00+00:00,2024-05-06 19:45:00+00:00,63060.01,63091.540004999995,2024-05-07 08:30:00+00:00,64353.3708051,64321.19411969745,0.00018469678342546448,11.652804500282512,0.11652804500282513,62460.62460495,64353.3708051,TP,0.2388795805105386,0.011652804500282513,0.011879917659993019,0.005823490504887566,0.005942930295143744,0.011766420800031312,0.20358043755023175,1.7470510000000095,0 days 12:45:00
15m,DEVELOPMENT,152,CLOSED,BTCUSDT,LONG,2024-05-07 14:00:00+00:00,2024-05-07 14:15:00+00:00,63339.57,63371.239785,2024-05-07 23:00:00+00:00,62737.527387149996,62706.158623456424,0.00018709088856391,11.856181560772255,0.11856181560772255,62737.527387149996,64638.6645807,SL,-0.1126366873914453,0.011856181560772255,0.01173175093529195,0.005925128216277657,0.005868809872581698,0.011793938088859354,-0.14801855797636887,-1.2484504999999986,0 days 08:45:00
15m,DEVELOPMENT,153,CLOSED,BTCUSDT,LONG,2024-05-07 23:30:00+00:00,2024-05-07 23:45:00+00:00,62484.0,62515.242,2024-05-08 13:00:00+00:00,61890.08958,61859.144535210005,0.00018728729984734247,11.708310873483176,0.11708310873483177,61890.08958,63765.54684,SL,-0.11123187891300113,0.011708310873483176,0.011585432150865974,0.005851229821830368,0.005795613882373129,0.011646843704203498,-0.14617246564155378,-1.2484504999999888,0 days 13:15:00
15m,DEVELOPMENT,154,CLOSED,BTCUSDT,LONG,2024-05-08 21:15:00+00:00,2024-05-08 21:30:00+00:00,61650.0,61680.825,2024-05-08 23:00:00+00:00,61064.016749999995,61033.484741625,0.00018745346603714894,11.562284434280826,0.11562284434280827,61064.016749999995,62914.4415,SL,-0.10984459125221406,0.011562284434280827,0.01144093825914305,0.005778253090594571,0.005723330794968547,0.011501583885563119,-0.14434939783120104,-1.248450499999999,0 days 01:30:00
15m,DEVELOPMENT,155,CLOSED,BTCUSDT,LONG,2024-05-08 23:30:00+00:00,2024-05-08 23:45:00+00:00,61060.0,61090.53,2024-05-09 16:00:00+00:00,62312.3406,62281.184429700006,0.0001869042426320784,11.418079241642264,0.11418079241642265,60479.6247,62312.3406,TP,0.23406777136040324,0.011418079241642265,0.011640617606061873,0.005706186527557136,0.005823220413237,0.011529406940794136,0.199479667571905,1.7470510000000121,0 days 16:15:00
15m,DEVELOPMENT,156,CLOSED,BTCUSDT,LONG,2024-05-10 15:15:00+00:00,2024-05-10 15:30:00+00:00,61200.0,61230.6,2024-05-10 16:00:00+00:00,60618.293999999994,60587.984852999994,0.0001897312720898862,11.617359628826986,0.11617359628826986,60618.293999999994,62455.212,SL,-0.1103678193623204,0.011617359628826986,0.011495435439522446,0.005805776925950241,0.005750593016269346,0.011556369942219587,-0.14503698437288942,-1.2484505000000066,0 days 00:30:00
15m,DEVELOPMENT,157,CLOSED,BTCUSDT,LONG,2024-05-10 16:00:00+00:00,2024-05-10 16:15:00+00:00,61070.76,61101.295379999996,2024-05-10 17:15:00+00:00,60490.28242619999,60460.037284986895,0.00018776144540303162,11.472467536546377,0.11472467536546377,60490.28242619999,62323.321287599996,SL,-0.1089913082807348,0.011472467536546377,0.011352063989750322,0.005733367084729677,0.005678871430590019,0.011412238515319695,-0.1432280783223512,-1.2484505000000026,0 days 01:00:00
15m,DEVELOPMENT,158,CLOSED,BTCUSDT,LONG,2024-05-10 17:30:00+00:00,2024-05-10 17:45:00+00:00,60592.64,60622.93631999999,2024-05-12 16:15:00+00:00,61835.39504639999,61804.4773488768,0.00018688277458905764,11.329382543217354,0.11329382543217355,60016.70695679999,61835.39504639999,TP,0.23224951120578397,0.011329382543217355,0.011550192208984662,0.005661860341436839,0.005777985097040234,0.011439845438477073,0.1979300910151049,1.747051000000006,1 days 22:30:00
15m,DEVELOPMENT,159,CLOSED,BTCUSDT,LONG,2024-05-13 03:30:00+00:00,2024-05-13 03:45:00+00:00,60950.0,60980.475,2024-05-13 07:45:00+00:00,62200.0845,62168.98445775,0.00018902960171880926,11.527114901873805,0.11527114901873806,60370.670249999996,62200.0845,TP,0.2363029751498563,0.011527114901873805,0.011751778371311325,0.005760677112380437,0.005878828599955662,0.0116395057123361,0.20138457616433506,1.7470509999999975,0 days 04:00:00
15m,DEVELOPMENT,160,CLOSED,BTCUSDT,LONG,2024-05-14 02:30:00+00:00,2024-05-14 02:45:00+00:00,62592.88,62624.176439999996,2024-05-14 06:00:00+00:00,61997.934675599994,61966.9357082622,0.0001872806791460517,11.728298294645368,0.11728298294645369,61997.934675599994,63876.6599688,SL,-0.11142176440840065,0.011728298294645369,0.011605209804043067,0.0058612185380533316,0.005805507655848174,0.011666726193901505,-0.1464219987009906,-1.2484504999999917,0 days 03:15:00
15m,DEVELOPMENT,161,CLOSED,BTCUSDT,LONG,2024-05-14 10:45:00+00:00,2024-05-14 11:00:00+00:00,61719.0,61749.8595,2024-05-15 10:30:00+00:00,62984.85669,62953.364261655006,0.00018756354533352998,11.582022571667357,0.11582022571667358,61132.360905,62984.85669,TP,0.2374285686605673,0.011582022571667357,0.011807756191589155,0.005788117227219817,0.00590683151154933,0.011694948738769147,0.20234384115854165,1.7470510000000117,0 days 23:30:00
15m,DEVELOPMENT,162,CLOSED,BTCUSDT,LONG,2024-05-16 15:00:00+00:00,2024-05-16 15:15:00+00:00,65657.87,65690.698935,2024-05-16 17:15:00+00:00,65033.791945649995,65001.27504967718,0.0001793886267336979,11.78416427112644,0.11784164271126439,65033.791945649995,67004.51291369999,SL,-0.11195250514448465,0.011784164271126439,0.01166048946710097,0.005889137566779423,0.005833161314206336,0.011722298880985759,-0.1471194577636978,-1.2484504999999866,0 days 02:00:00
15m,DEVELOPMENT,163,CLOSED,BTCUSDT,LONG,2024-05-16 17:30:00+00:00,2024-05-16 17:45:00+00:00,64738.01,64770.379004999995,2024-05-17 06:45:00+00:00,66065.7865851,66032.75369180745,0.0001796684219641463,11.637191785848023,0.11637191785848022,64122.675214949995,66065.7865851,TP,0.2385595237658588,0.011637191785848024,0.0118640006537542,0.005815688048898339,0.005934967810782073,0.011750655859680412,0.20330767546657616,1.7470510000000037,0 days 13:00:00
15m,DEVELOPMENT,164,CLOSED,BTCUSDT,LONG,2024-05-21 14:30:00+00:00,2024-05-21 14:45:00+00:00,70456.82,70492.04841,2024-05-21 15:45:00+00:00,69787.1279259,69752.23436193705,0.00016796641073440617,11.840296356743703,0.11840296356743704,69787.1279259,71901.88937820001,SL,-0.1124857739838581,0.011840296356743704,0.011716032446479679,0.0059171895835794025,0.005860946696587961,0.011778136280167363,-0.14782023906724884,-1.2484505000000024,0 days 01:00:00
15m,DEVELOPMENT,165,CLOSED,BTCUSDT,LONG,2024-05-21 16:00:00+00:00,2024-05-21 16:15:00+00:00,69968.98,70003.96449,2024-05-21 19:15:00+00:00,69303.9248451,69269.27288267745,0.0001670280229902299,11.692623790242957,0.11692623790242956,69303.9248451,71404.0437798,SL,-0.11108284770240706,0.011692623790242957,0.011569909703564358,0.005843390200021894,0.005787848776169848,0.011631238976191742,-0.14597662017240612,-1.2484504999999912,0 days 03:00:00
15m,DEVELOPMENT,166,CLOSED,BTCUSDT,LONG,2024-05-21 20:00:00+00:00,2024-05-21 20:15:00+00:00,69539.4,69574.16969999998,2024-05-22 21:00:00+00:00,68878.42800299998,68843.98878899848,0.00016596379160037518,11.546793000859935,0.11546793000859935,68878.42800299998,70965.65309399998,SL,-0.10969741876379432,0.011546793000859935,0.01142560940831591,0.005770511244805877,0.0057156625354251745,0.011486173780231052,-0.14415599495320122,-1.248450500000003,1 days 00:45:00
15m,DEVELOPMENT,167,CLOSED,BTCUSDT,LONG,2024-05-22 22:45:00+00:00,2024-05-22 23:00:00+00:00,69141.28,69175.85063999999,2024-05-23 13:45:00+00:00,68484.09213359999,68449.8500875332,0.00016483759740420456,11.402781017889705,0.11402781017889706,68484.09213359999,70559.36765279999,SL,-0.10832926894057311,0.011402781017889704,0.011283108831106954,0.005698541238324177,0.005644376603854199,0.011342917842178377,-0.14235807663174815,-1.2484504999999915,0 days 14:45:00
15m,DEVELOPMENT,168,CLOSED,BTCUSDT,LONG,2024-05-23 14:00:00+00:00,2024-05-23 14:15:00+00:00,68231.8,68265.91589999999,2024-05-23 18:00:00+00:00,67583.25674099999,67549.46511262949,0.0001649514989825066,11.26056515711873,0.1126056515711873,67583.25674099999,69631.234218,SL,-0.10697818272705213,0.01126056515711873,0.01114238552579477,0.005627468844135611,0.005573979752773454,0.011201448596909067,-0.1405825820068747,-1.2484505000000012,0 days 03:45:00
15m,DEVELOPMENT,169,CLOSED,BTCUSDT,LONG,2024-05-23 18:30:00+00:00,2024-05-23 18:45:00+00:00,67093.93,67127.476965,2024-05-23 20:00:00+00:00,66456.20219535,66422.97409425232,0.0001656567998682524,11.120123017251727,0.11120123017251726,66456.20219535,68470.0265043,SL,-0.10564394730532493,0.011120123017251727,0.01100341732618567,0.005557282867192493,0.0055044608935392834,0.011061743760731777,-0.13882923140949413,-1.2484504999999988,0 days 01:15:00
15m,DEVELOPMENT,170,CLOSED,BTCUSDT,LONG,2024-05-24 05:45:00+00:00,2024-05-24 06:00:00+00:00,67299.99,67333.639995,2024-05-24 08:15:00+00:00,66660.30359505,66626.97344325249,0.0001630898385591296,10.981432476383103,0.10981432476383103,66660.30359505,68680.3127949,SL,-0.1043263525117655,0.010981432476383104,0.010866182342543464,0.005487972252065479,0.005435809075808763,0.010923781327874242,-0.13709774865856633,-1.2484504999999917,0 days 02:15:00
15m,DEVELOPMENT,171,CLOSED,BTCUSDT,LONG,2024-05-26 02:45:00+00:00,2024-05-26 03:00:00+00:00,68904.0,68938.45199999999,2024-05-26 21:30:00+00:00,68249.06747999998,68214.94294625998,0.000157306573819099,10.844471688512412,0.10844471688512412,68249.06747999998,70317.22103999999,SL,-0.10302519080391115,0.010844471688512412,0.010730658958141473,0.005419526081214061,0.005368013485814155,0.010787539567028215,-0.13538786101759326,-1.2484505000000148,0 days 18:30:00
15m,DEVELOPMENT,172,CLOSED,BTCUSDT,LONG,2024-05-27 05:30:00+00:00,2024-05-27 05:45:00+00:00,68548.76,68583.03438,2024-05-27 15:15:00+00:00,69954.6950676,69919.7177200662,0.00015614968303627905,10.709219080103228,0.10709219080103229,67897.2040362,69954.6950676,TP,0.21953631517533004,0.010709219080103229,0.01091794175997444,0.005351933573265383,0.005461701730852747,0.010813635304118129,0.18709551903113425,1.747051,0 days 09:30:00
15m,DEVELOPMENT,173,CLOSED,BTCUSDT,LONG,2024-05-28 02:00:00+00:00,2024-05-28 02:15:00+00:00,68714.28,68748.63713999999,2024-05-28 03:30:00+00:00,68061.1507686,68027.1201932157,0.00015849227190256916,10.896127690523944,0.10896127690523943,68061.1507686,70123.6098828,SL,-0.10351593573056513,0.010896127690523944,0.010781772830411896,0.005445341174673493,0.005393583206809127,0.01083892438148262,-0.13603276063298358,-1.2484504999999904,0 days 01:15:00
15m,DEVELOPMENT,174,CLOSED,BTCUSDT,LONG,2024-05-28 03:45:00+00:00,2024-05-28 04:00:00+00:00,68050.3,68084.32515,2024-05-28 18:30:00+00:00,67403.4818985,67369.78015755076,0.00015804270370673901,10.76023082675473,0.10760230826754731,67403.4818985,69446.01165300001,SL,-0.10222488156752009,0.010760230826754731,0.010647302204227941,0.005377426700027557,0.005326314259242018,0.010703740959269575,-0.13433615555777234,-1.2484504999999886,0 days 14:30:00
15m,DEVELOPMENT,175,CLOSED,BTCUSDT,LONG,2024-05-29 07:30:00+00:00,2024-05-29 07:45:00+00:00,68201.22,68235.32061,2024-05-29 14:30:00+00:00,67552.9674039,67519.19092019805,0.0001557262247492584,10.626028873150563,0.10626028873150563,67552.9674039,69600.0270222,SL,-0.10094992947455983,0.010626028873150563,0.010514508700126848,0.005310359256945882,0.005259884292209447,0.010570243549155329,-0.13266071059699258,-1.2484505000000001,0 days 06:45:00
15m,DEVELOPMENT,176,CLOSED,BTCUSDT,LONG,2024-05-29 16:15:00+00:00,2024-05-29 16:30:00+00:00,67350.01,67383.68500499999,2024-05-30 14:00:00+00:00,68731.35870509999,68696.99302574745,0.00015572761700339405,10.493500690735985,0.10493500690735985,66709.84815494998,68731.35870509999,TP,0.21511414209594673,0.010493500690735985,0.01069801901919843,0.005244128281226963,0.005351685352274457,0.01059581363350142,0.1833268087525109,1.7470510000000092,0 days 21:30:00
15m,DEVELOPMENT,177,CLOSED,BTCUSDT,LONG,2024-05-31 07:45:00+00:00,2024-05-31 08:00:00+00:00,68175.0,68209.0875,2024-05-31 14:30:00+00:00,67526.996625,67493.2331266875,0.0001565281804396432,10.676644355823411,0.10676644355823411,67526.996625,69573.26925,SL,-0.10143078920749782,0.010676644355823411,0.010564592973309044,0.005335654350735426,0.005284938956133001,0.010620593306868428,-0.1332926198434987,-1.2484504999999957,0 days 06:30:00
15m,DEVELOPMENT,178,CLOSED,BTCUSDT,LONG,2024-05-31 14:45:00+00:00,2024-05-31 15:00:00+00:00,67501.76,67535.51087999999,2024-05-31 16:00:00+00:00,66860.15577119999,66826.7256933144,0.00015611764474802618,10.543484895440296,0.10543484895440296,66860.15577119999,68886.22109759999,SL,-0.10016574106063011,0.010543484895440295,0.010432831021462651,0.005269107893772063,0.00521902502324259,0.010488132917014652,-0.13163018989454772,-1.2484504999999892,0 days 01:00:00
15m,DEVELOPMENT,179,CLOSED,BTCUSDT,LONG,2024-05-31 16:15:00+00:00,2024-05-31 16:30:00+00:00,67000.01,67033.51000499999,2024-06-02 14:30:00+00:00,68374.18020509998,68339.99311499744,0.00015532509342656124,10.411986204236952,0.10411986204236952,66363.17490494999,68374.18020509998,TP,0.21344311549115252,0.010411986204236952,0.01061491581535753,0.005203391406414401,0.005310112964159217,0.010513504370573619,0.1819027091009844,1.7470510000000068,1 days 22:00:00
15m,DEVELOPMENT,180,CLOSED,BTCUSDT,LONG,2024-06-04 09:30:00+00:00,2024-06-04 09:45:00+00:00,68723.61,68757.971805,2024-06-04 15:15:00+00:00,70133.1312411,70098.06467547944,0.00015407242119348642,10.593707192349823,0.10593707192349823,68070.39208695,70133.1312411,TP,0.21716835033992427,0.010593707192349824,0.01080017854552872,0.005294206492927397,0.005402790668098852,0.010696997161026248,0.18507746744101944,1.7470509999999995,0 days 05:30:00
15m,DEVELOPMENT,181,CLOSED,BTCUSDT,LONG,2024-06-07 18:15:00+00:00,2024-06-07 18:30:00+00:00,69041.01,69075.53050499999,2024-06-11 02:15:00+00:00,68384.77519994999,68350.58281235001,0.0001560407815678777,10.778599767215976,0.10778599767215977,68384.77519994999,70457.04111509999,SL,-0.10239939109184289,0.010778599767215976,0.010665478362659044,0.005386606580316759,0.005335406884772415,0.010722013465089174,-0.13456548268680707,-1.2484505000000035,3 days 07:45:00
15m,DEVELOPMENT,182,CLOSED,BTCUSDT,LONG,2024-06-11 02:45:00+00:00,2024-06-11 03:00:00+00:00,68268.62,68302.75430999999,2024-06-11 04:15:00+00:00,67619.72676689998,67585.91690351654,0.00015583805987194908,10.644168715580806,0.10644168715580805,67619.72676689998,69668.80939619998,SL,-0.10112226251034205,0.010644168715580805,0.010532458164910786,0.005319424645466735,0.005268863514211751,0.010588288159678487,-0.13288717755051213,-1.2484505,0 days 01:15:00
15m,DEVELOPMENT,183,CLOSED,BTCUSDT,LONG,2024-06-11 04:30:00+00:00,2024-06-11 04:45:00+00:00,68094.24,68128.28712000001,2024-06-11 06:45:00+00:00,67447.0042488,67413.2807466756,0.00015428854499069963,10.511414292453424,0.10511414292453423,67447.0042488,69490.8528624,SL,-0.09986106231861074,0.010511414292453424,0.010401096999454124,0.005253080605924197,0.005203150074764102,0.0104562306806883,-0.13122980429120656,-1.2484505000000032,0 days 02:00:00
15m,DEVELOPMENT,184,CLOSED,BTCUSDT,LONG,2024-06-11 07:00:00+00:00,2024-06-11 07:15:00+00:00,67791.62,67825.51581,2024-06-11 09:45:00+00:00,67147.2606519,67113.68702157405,0.0001530444031704269,10.380315586867802,0.10380315586867803,67147.2606519,69182.0261262,SL,-0.09861559185724968,0.010380315586867802,0.010271374174783627,0.005187564011428464,0.0051382562154991505,0.010325820226927615,-0.12959310184582873,-1.2484504999999972,0 days 02:30:00
15m,DEVELOPMENT,185,CLOSED,BTCUSDT,LONG,2024-06-11 10:00:00+00:00,2024-06-11 10:15:00+00:00,67155.09,67188.66754499999,2024-06-11 15:30:00+00:00,66516.78086954998,66483.52247911521,0.00015256816846076932,10.250851948660182,0.10250851948660182,66516.78086954998,68532.44089589998,SL,-0.09738565494454464,0.010250851948660182,0.010143269257458995,0.0051228645420579675,0.005074171714586069,0.010197036256644035,-0.12797681240730785,-1.2484505000000006,0 days 05:15:00
15m,DEVELOPMENT,186,CLOSED,BTCUSDT,LONG,2024-06-11 15:45:00+00:00,2024-06-11 16:00:00+00:00,66244.48,66277.60224,2024-06-12 04:30:00+00:00,67603.1542848,67569.3527076576,0.00015273640933115813,10.123002985216322,0.10123002985216323,65614.8262176,67603.1542848,TP,0.20751903171093122,0.010123002985216322,0.010320300313398189,0.005058972006604395,0.005162731522459733,0.010221703529064128,0.17685402488325258,1.7470510000000095,0 days 12:30:00
15m,DEVELOPMENT,187,CLOSED,BTCUSDT,LONG,2024-06-12 20:00:00+00:00,2024-06-12 20:15:00+00:00,67791.36,67825.25568,2024-06-13 03:30:00+00:00,67147.0031232,67113.42962163841,0.00015185612246485292,10.299680332752041,0.10299680332752041,67147.0031232,69181.7607936,SL,-0.09784953679441047,0.010299680332752041,0.010191585187659809,0.005147266533109686,0.005098341764711308,0.010245608297820993,-0.1285864106126433,-1.2484504999999881,0 days 07:15:00
15m,DEVELOPMENT,188,CLOSED,BTCUSDT,LONG,2024-06-13 16:00:00+00:00,2024-06-13 16:15:00+00:00,66708.13,66741.484065,2024-06-14 16:00:00+00:00,66074.06922435,66041.03218973782,0.0001523973061519914,10.17122238009206,0.1017122238009206,66074.06922435,68076.3137463,SL,-0.09662915414570375,0.010171222380092059,0.010064475401212993,0.0050830696552172415,0.005034755078146043,0.010117824733363284,-0.12698267666037208,-1.2484505000000083,0 days 23:45:00
15m,DEVELOPMENT,189,CLOSED,BTCUSDT,LONG,2024-06-14 16:45:00+00:00,2024-06-14 17:00:00+00:00,65293.39,65326.036694999995,2024-06-16 10:45:00+00:00,66632.55742889999,66599.24115018555,0.00015375747661148587,10.044366559252529,0.1004436655925253,64672.77632804999,66632.55742889999,TP,0.20590700462795433,0.010044366559252529,0.010240131263492363,0.00501967344290417,0.005122626945217137,0.010142300388121306,0.17548020641708814,1.7470510000000123,1 days 17:45:00
15m,DEVELOPMENT,190,CLOSED,BTCUSDT,LONG,2024-06-17 04:00:00+00:00,2024-06-17 04:15:00+00:00,66250.01,66283.13500499999,2024-06-17 10:00:00+00:00,65620.30365495,65587.49350312252,0.0001541820775374791,10.219671460768103,0.10219671460768102,65620.30365495,67608.79770509999,SL,-0.09708943251834153,0.010219671460768102,0.010112416008787341,0.005107282089338522,0.0050587373730806694,0.010166019462419192,-0.12758753945031615,-1.2484504999999948,0 days 05:45:00
15m,DEVELOPMENT,191,CLOSED,BTCUSDT,LONG,2024-06-17 10:00:00+00:00,2024-06-17 10:15:00+00:00,65784.12,65817.01206,2024-06-17 14:00:00+00:00,65158.841939399994,65126.262518430296,0.00015333742850855814,10.092211381397158,0.10092211381397158,65158.841939399994,67133.3523012,SL,-0.09587852991522261,0.010092211381397159,0.009986293622949395,0.005043583898748946,0.0049956446337912595,0.010039228532540205,-0.12599626345210937,-1.2484504999999966,0 days 03:45:00
15m,DEVELOPMENT,192,CLOSED,BTCUSDT,LONG,2024-06-17 14:00:00+00:00,2024-06-17 14:15:00+00:00,65355.99,65388.667994999996,2024-06-17 18:00:00+00:00,66696.4413549,66663.09313422255,0.00015241694461646157,9.966340988338107,0.09966340988338107,64734.78131504999,66696.4413549,TP,0.20430749992085478,0.009966340988338108,0.010160584974200818,0.004980680154091733,0.005082833904052392,0.010063514058144124,0.17411705990017173,1.7470510000000095,0 days 03:45:00
15m,DEVELOPMENT,193,CLOSED,BTCUSDT,LONG,2024-06-18 01:45:00+00:00,2024-06-18 02:00:00+00:00,65133.99,65166.55699499999,2024-06-18 14:00:00+00:00,64514.891425049995,64482.63397933747,0.00015560564456243293,10.140284105121497,0.10140284105121497,64514.891425049995,66469.88813489999,SL,-0.09633523280277895,0.010140284105121498,0.010033861823438248,0.005067608248435561,0.005019440632034813,0.010087048880470375,-0.12659642761180906,-1.2484504999999921,0 days 12:00:00
15m,DEVELOPMENT,194,CLOSED,BTCUSDT,LONG,2024-06-18 14:00:00+00:00,2024-06-18 14:15:00+00:00,64867.75,64900.183874999995,2024-06-18 19:45:00+00:00,64251.18203624999,64219.05644523187,0.00015429562059106485,10.013814147467345,0.10013814147467345,64251.18203624999,66198.18755249999,SL,-0.09513373660337651,0.010013814147467345,0.009908719167989676,0.005004404871297278,0.004956838002995682,0.00996124287429296,-0.1250175127931265,-1.248450499999997,0 days 05:30:00
15m,DEVELOPMENT,195,CLOSED,BTCUSDT,LONG,2024-06-20 13:30:00+00:00,2024-06-20 13:45:00+00:00,65399.91,65432.609955,2024-06-20 14:15:00+00:00,64778.28385545,64745.89471352228,0.00015113139356805885,9.888921527294391,0.09888921527294392,64778.28385545,66741.2621541,SL,-0.09394722550418198,0.00988892152729439,0.009785137295865436,0.004941989768762271,0.004895016156010063,0.009837005924772334,-0.12345829025211413,-1.2484504999999966,0 days 00:30:00
15m,DEVELOPMENT,196,CLOSED,BTCUSDT,LONG,2024-06-20 14:15:00+00:00,2024-06-20 14:30:00+00:00,65064.99,65097.522495,2024-06-21 03:45:00+00:00,64446.547270049996,64414.323996414976,0.0001500147194195854,9.765586571997574,0.09765586571997574,64446.547270049996,66399.4729449,SL,-0.09277551261053199,0.009765586571997574,0.009663096740924458,0.004880353109443986,0.0048339653531380075,0.009714318462581993,-0.121918514386036,-1.2484504999999941,0 days 13:15:00
15m,DEVELOPMENT,197,CLOSED,BTCUSDT,LONG,2024-06-21 04:00:00+00:00,2024-06-21 04:15:00+00:00,64541.99,64574.260995,2024-06-21 08:45:00+00:00,63928.518385049996,63896.554125857474,0.00014934417685517033,9.643789854329206,0.09643789854329207,63928.518385049996,65865.74621489999,SL,-0.09161841335872002,0.009643789854329206,0.009542578279808023,0.004819485184572161,0.0047736759778925315,0.009593161162464692,-0.12039794265532194,-1.2484504999999968,0 days 04:30:00
15m,DEVELOPMENT,198,CLOSED,BTCUSDT,LONG,2024-06-21 09:00:00+00:00,2024-06-21 09:15:00+00:00,63694.02,63725.867009999994,2024-06-24 00:00:00+00:00,63088.60833989999,63057.06403573004,0.0001494449999063085,9.523512189338877,0.09523512189338877,63088.60833989999,65000.384350199995,SL,-0.09047574548692347,0.009523512189338878,0.009423562928911765,0.004759376406465859,0.0047141385337223386,0.009473514940188197,-0.1188963355453623,-1.2484505000000015,2 days 14:45:00
15m,DEVELOPMENT,199,CLOSED,BTCUSDT,LONG,2024-06-24 00:15:00+00:00,2024-06-24 00:30:00+00:00,63108.22,63139.77411,2024-06-24 05:15:00+00:00,62508.3763689,62477.12218071555,0.00014895103385968549,9.404734631351502,0.09404734631351502,62508.3763689,64402.5695922,SL,-0.0893473290064934,0.009404734631351502,0.00930603194139547,0.004700017307021839,0.004655343642518175,0.009355360949540014,-0.11741345652878038,-1.2484504999999935,0 days 04:45:00
15m,DEVELOPMENT,200,CLOSED,BTCUSDT,LONG,2024-06-24 05:45:00+00:00,2024-06-24 06:00:00+00:00,62314.01,62345.167004999996,2024-06-24 09:30:00+00:00,61721.71533494999,61690.85447728252,0.00014896805826565917,9.28743847098309,0.0928743847098309,61721.71533494999,63592.07034509999,SL,-0.08823298617360881,0.009287438470983091,0.009189966804230123,0.00464139853622249,0.00459728204313651,0.009238680579359,-0.11594907202818103,-1.248450500000003,0 days 03:30:00
15m,DEVELOPMENT,201,CLOSED,BTCUSDT,LONG,2024-06-24 11:30:00+00:00,2024-06-24 11:45:00+00:00,61168.13,61198.71406499999,2024-06-24 16:30:00+00:00,60586.72692434999,60556.43356088782,0.00014986597957683247,9.171605232193698,0.09171605232193698,60586.72692434999,62422.68834629999,SL,-0.08713254146127151,0.0091716052321937,0.009075349235281825,0.004583510860665836,0.004539944589935604,0.00912345545060144,-0.11450295137934849,-1.248450500000001,0 days 04:45:00
15m,DEVELOPMENT,202,CLOSED,BTCUSDT,LONG,2024-06-24 17:00:00+00:00,2024-06-24 17:15:00+00:00,60211.36,60241.465679999994,2024-06-24 19:45:00+00:00,59639.051023199994,59609.2314976884,0.00015034854426498688,9.057216669377167,0.09057216669377167,59639.051023199994,61446.29499359999,SL,-0.08604582153166511,0.009057216669377168,0.008962161180432054,0.004526345162106523,0.004483322251340703,0.009009667413447227,-0.11307486679492156,-1.2484504999999886,0 days 02:30:00
15m,DEVELOPMENT,203,CLOSED,BTCUSDT,LONG,2024-06-24 20:00:00+00:00,2024-06-24 20:15:00+00:00,59331.39,59361.055694999995,2024-06-24 20:30:00+00:00,58767.445138049996,58738.061415480974,0.00015067546659619995,8.944254764487138,0.08944254764487138,58767.445138049996,60548.276808899995,SL,-0.08497265520884635,0.008944254764487137,0.008850384810733844,0.0044698924360249605,0.0044274061084207126,0.008897298544445674,-0.11166459332851301,-1.2484504999999946,0 days 00:15:00
15m,DEVELOPMENT,204,CLOSED,BTCUSDT,LONG,2024-06-24 20:30:00+00:00,2024-06-24 20:45:00+00:00,59204.01,59233.612004999995,2024-06-24 23:30:00+00:00,60418.284245099996,60388.07510297745,0.0001491163787792197,8.832701724198914,0.08832701724198914,58641.275884949995,60418.284245099996,TP,0.18106817827418176,0.008832701724198914,0.00900485108080355,0.004414143790203366,0.004504677879341246,0.008918821669544611,0.1543118037996347,1.7470510000000035,0 days 02:45:00
15m,DEVELOPMENT,205,CLOSED,BTCUSDT,LONG,2024-06-26 05:30:00+00:00,2024-06-26 05:45:00+00:00,61630.0,61660.814999999995,2024-06-26 17:00:00+00:00,61044.206849999995,61013.684746574996,0.00014574668483302396,8.986859370352395,0.08986859370352394,61044.206849999995,62894.031299999995,SL,-0.08537740961039506,0.008986859370352394,0.008892542281260548,0.004491184093128912,0.00444849538832428,0.008939679481453192,-0.11219649074346119,-1.2484504999999986,0 days 11:15:00
15m,DEVELOPMENT,206,CLOSED,BTCUSDT,LONG,2024-06-26 19:15:00+00:00,2024-06-26 19:30:00+00:00,60819.09,60849.49954499999,2024-06-27 14:00:00+00:00,62066.48953589999,62035.456291132046,0.00014584795323504865,8.874774964015273,0.08874774964015274,60241.004549549994,62066.48953589999,TP,0.18193066917736406,0.008874774964015274,0.009047744328063932,0.004435169897058375,0.004526135231647294,0.008961305128705669,0.15504684475657918,1.747051000000008,0 days 18:30:00
15m,DEVELOPMENT,207,CLOSED,BTCUSDT,LONG,2024-06-28 08:15:00+00:00,2024-06-28 08:30:00+00:00,61396.01,61426.708005,2024-06-28 14:45:00+00:00,60812.44092495,60782.03470448753,0.00014699903690238542,9.02966691681905,0.0902966691681905,60812.44092495,62655.242165100004,SL,-0.08578409199836586,0.00902966691681905,0.008934900562527034,0.004512577169824374,0.00446968512382492,0.008982262293649294,-0.11273092177136122,-1.2484504999999912,0 days 06:15:00
15m,DEVELOPMENT,208,CLOSED,BTCUSDT,LONG,2024-06-28 14:45:00+00:00,2024-06-28 15:00:00+00:00,60928.01,60958.474005,2024-06-28 19:15:00+00:00,60348.88926495,60318.714820317524,0.000146280705987157,8.917048613351156,0.08917048613351156,60348.88926495,62177.643485099994,SL,-0.08471418997491593,0.008917048613351157,0.008823464188154035,0.0044562961585954556,0.0044139390636086405,0.008870235222204096,-0.11132493799862524,-1.2484504999999964,0 days 04:15:00
15m,DEVELOPMENT,209,CLOSED,BTCUSDT,LONG,2024-06-28 19:30:00+00:00,2024-06-28 19:45:00+00:00,60446.28,60476.50313999999,2024-06-30 07:00:00+00:00,61686.0332028,61655.190186198604,0.0001456075406458563,8.805834889076806,0.08805834889076807,59871.738108599995,61686.0332028,TP,0.18051741486753134,0.008805834889076805,0.008977460611064915,0.00440071708599462,0.004490975793428178,0.008891692879422798,0.15384242648796684,1.7470510000000181,1 days 11:15:00
15m,DEVELOPMENT,210,CLOSED,BTCUSDT,LONG,2024-07-01 08:45:00+00:00,2024-07-01 09:00:00+00:00,62923.91,62955.371955,2024-07-02 14:15:00+00:00,62325.81823545,62294.65532633228,0.0001423154744162455,8.959523626827023,0.08959523626827023,62325.81823545,64214.4793941,SL,-0.08511771321638283,0.008959523626827023,0.008865493426363473,0.004477523051887404,0.004434964195279199,0.008912487247166603,-0.11185521751673992,-1.248450499999998,1 days 05:15:00
15m,DEVELOPMENT,211,CLOSED,BTCUSDT,LONG,2024-07-02 14:45:00+00:00,2024-07-02 15:00:00+00:00,62035.43,62066.447714999995,2024-07-03 01:45:00+00:00,61445.783237849995,61415.060346231076,0.00014255335174669627,8.847780152784328,0.08847780152784328,61445.783237849995,63307.776669299994,SL,-0.08405612229107022,0.008847780152784328,0.008754922700080856,0.004421679236772992,0.004379651175627483,0.008801330412400474,-0.11046015555633588,-1.2484504999999908,0 days 10:45:00
15m,DEVELOPMENT,212,CLOSED,BTCUSDT,LONG,2024-07-03 02:45:00+00:00,2024-07-03 03:00:00+00:00,61362.01,61392.691005,2024-07-03 03:15:00+00:00,60778.76409495,60748.37471290253,0.00014232036752261177,8.737430347033742,0.08737430347033742,60778.76409495,62620.544825100005,SL,-0.08300777156277486,0.008737430347033743,0.008645731015541622,0.004366531907562883,0.004325028021780927,0.00869155992934381,-0.10908249285469404,-1.2484504999999948,0 days 00:15:00
15m,DEVELOPMENT,213,CLOSED,BTCUSDT,LONG,2024-07-03 03:15:00+00:00,2024-07-03 03:30:00+00:00,60996.01,61026.508004999996,2024-07-03 08:45:00+00:00,60416.24292495,60386.03480348753,0.00014138867042812677,8.628456827698384,0.08628456827698384,60416.24292495,62247.0381651,SL,-0.08197249589932402,0.008628456827698385,0.008537901173291692,0.004312072377659516,0.004271086129710056,0.008583158507369572,-0.10772201240768367,-1.248450499999989,0 days 05:15:00
15m,DEVELOPMENT,214,CLOSED,BTCUSDT,LONG,2024-07-03 09:00:00+00:00,2024-07-03 09:15:00+00:00,60565.98,60596.26299,2024-07-03 10:30:00+00:00,59990.3003601,59960.305209919956,0.00014061663226814627,8.520842429688711,0.08520842429688712,59990.3003601,61808.188249800005,SL,-0.08095013222807736,0.00852084242968871,0.00843141618838913,0.004258292068809909,0.004217817002695356,0.008476109071505264,-0.10637849991766046,-1.2484504999999952,0 days 01:15:00
15m,DEVELOPMENT,215,CLOSED,BTCUSDT,LONG,2024-07-03 10:30:00+00:00,2024-07-03 10:45:00+00:00,60200.0,60230.1,2024-07-03 20:45:00+00:00,59627.799,59597.9851005,0.00013970706012440197,8.414570201998743,0.08414570201998743,59627.799,61434.702,SL,-0.07994051951024306,0.008414570201998742,0.008326259287728765,0.004205182509744296,0.004165212249988988,0.008370394759733283,-0.10505174375970384,-1.2484504999999944,0 days 10:00:00
15m,DEVELOPMENT,216,CLOSED,BTCUSDT,LONG,2024-07-04 02:00:00+00:00,2024-07-04 02:15:00+00:00,58721.99,58751.35099499999,2024-07-04 07:45:00+00:00,58163.83748504999,58134.75556630747,0.00014143714594313223,8.309623405036001,0.08309623405036001,58163.83748504999,59926.378014899994,SL,-0.07894349871551065,0.008309623405036002,0.008222413907400148,0.004152735334849933,0.004113263585492432,0.008265998920342365,-0.10374153494828917,-1.2484505000000021,0 days 05:30:00
15m,DEVELOPMENT,217,CLOSED,BTCUSDT,LONG,2024-07-04 08:45:00+00:00,2024-07-04 09:00:00+00:00,57688.46,57717.304229999994,2024-07-04 09:00:00+00:00,57140.1311877,57111.56112210615,0.00014217548129559902,8.205985507984762,0.08205985507984762,57140.1311877,58871.650314599996,SL,-0.07795891279699696,0.008205985507984763,0.008119863690078463,0.004100942282850266,0.004061962826452315,0.008162905109302582,-0.10244766710436277,-1.2484504999999937,0 days 00:00:00
15m,DEVELOPMENT,218,CLOSED,BTCUSDT,LONG,2024-07-04 09:15:00+00:00,2024-07-04 09:30:00+00:00,57540.01,57568.780005,2024-07-04 13:15:00+00:00,56993.09220495,56964.59565884753,0.00014076449397569933,8.103640186202183,0.08103640186202184,56993.09220495,58720.1556051,SL,-0.07698660666651871,0.008103640186202183,0.008018592482447991,0.004049795195503127,0.004011301892169298,0.008061097087672425,-0.1011699364228413,-1.2484504999999904,0 days 03:45:00
15m,DEVELOPMENT,219,CLOSED,BTCUSDT,LONG,2024-07-05 00:15:00+00:00,2024-07-05 00:30:00+00:00,57050.0,57078.524999999994,2024-07-05 02:45:00+00:00,56507.73974999999,56479.485880124994,0.00014020284018633798,8.002571318646897,0.08002571318646898,56507.73974999999,58220.095499999996,SL,-0.0760264271701546,0.008002571318646897,0.007918584332657698,0.003999286016314474,0.003961272802730145,0.00796055881904462,-0.09990814164050384,-1.2484505000000006,0 days 02:15:00
15m,DEVELOPMENT,220,CLOSED,BTCUSDT,LONG,2024-07-05 03:15:00+00:00,2024-07-05 03:30:00+00:00,55445.53,55473.252765,2024-07-05 04:15:00+00:00,54918.52023735,54891.060977231326,0.00014246078229481125,7.902762985339701,0.07902762985339701,54918.52023735,56582.7178203,SL,-0.07507822306412168,0.007902762985339701,0.007819823487808561,0.003949406789275016,0.0039118676777430295,0.007861274467018045,-0.098662084004288,-1.2484504999999946,0 days 00:45:00
15m,DEVELOPMENT,221,CLOSED,BTCUSDT,LONG,2024-07-05 05:00:00+00:00,2024-07-05 05:15:00+00:00,54443.99,54471.211995,2024-07-05 06:30:00+00:00,53926.499875049994,53899.53662511247,0.00014327199963114936,7.804199464855898,0.07804199464855899,53926.499875049994,55560.6362349,SL,-0.07414184499096034,0.007804199464855898,0.007722294391472236,0.003900149657599132,0.003863078735103247,0.00776322839270238,-0.09743156723999086,-1.2484505000000008,0 days 01:15:00
15m,DEVELOPMENT,222,CLOSED,BTCUSDT,LONG,2024-07-05 07:15:00+00:00,2024-07-05 07:30:00+00:00,54296.01,54323.158005,2024-07-05 11:00:00+00:00,55409.6211651,55381.91635451745,0.0001418707143487417,7.706865231848916,0.07706865231848915,53779.92642495,55409.6211651,TP,0.1579888114994709,0.007706865231848916,0.007857072035217651,0.003851506862492568,0.003930501268242263,0.007782008130734831,0.1346428661016695,1.7470510000000092,0 days 03:30:00
15m,DEVELOPMENT,223,CLOSED,BTCUSDT,LONG,2024-07-07 05:00:00+00:00,2024-07-07 05:15:00+00:00,57669.99,57698.824994999995,2024-07-07 07:30:00+00:00,57121.83674504999,57093.27582667747,0.000135901789859193,7.841373589592843,0.07841373589592843,57121.83674504999,58852.8014949,SL,-0.07449500846484813,0.007841373589592844,0.007759078373770065,0.003918727431080533,0.0038814799268484046,0.007800207357928937,-0.09789566778613998,-1.2484505000000024,0 days 02:15:00
15m,DEVELOPMENT,224,CLOSED,BTCUSDT,LONG,2024-07-07 07:45:00+00:00,2024-07-07 08:00:00+00:00,57369.99,57398.674994999994,2024-07-07 13:15:00+00:00,56824.68824504999,56796.27590092747,0.00013490861453424079,7.7435757196766195,0.0774357571967662,56824.68824504999,58546.64849489999,SL,-0.07356590426339556,0.0077435757196766195,0.007662306892498613,0.003869852933371082,0.003833069981239764,0.007702922914610846,-0.09667470979018164,-1.2484505000000037,0 days 05:15:00
15m,DEVELOPMENT,225,CLOSED,BTCUSDT,LONG,2024-07-07 13:45:00+00:00,2024-07-07 14:00:00+00:00,56872.01,56900.446005,2024-07-07 21:15:00+00:00,56331.44154495,56303.27582417753,0.0001343925772980081,7.646997588018098,0.07646997588018098,56331.44154495,58038.4549251,SL,-0.07264838788017206,0.007646997588018099,0.007566742348331848,0.0038215880000084974,0.0037852638060684347,0.007606851806076932,-0.09546897962259894,-1.2484504999999877,0 days 07:15:00
15m,DEVELOPMENT,226,CLOSED,BTCUSDT,LONG,2024-07-07 21:30:00+00:00,2024-07-07 21:45:00+00:00,56371.11,56399.295555,2024-07-07 23:45:00+00:00,55835.30259945,55807.38494815028,0.0001338957146129113,7.551623982001517,0.07551623982001517,55835.30259945,57527.2814661,SL,-0.07174231479152893,0.007551623982001517,0.007472369688310411,0.0037739250284860313,0.0037380538710903373,0.007511978899576369,-0.09427828736141723,-1.248450499999992,0 days 02:00:00
15m,DEVELOPMENT,227,CLOSED,BTCUSDT,LONG,2024-07-08 01:15:00+00:00,2024-07-08 01:30:00+00:00,54794.0,54821.397,2024-07-08 08:00:00+00:00,55917.82494,55889.86602753,0.0001360315549555105,7.457439878743358,0.07457439878743358,54273.18303,55917.82494,TP,0.1528756540859831,0.007457439878743358,0.007602785381980066,0.003726856511115741,0.003803294338159063,0.007530150849274804,0.13028527797598488,1.7470510000000035,0 days 06:30:00
15m,DEVELOPMENT,228,CLOSED,BTCUSDT,LONG,2024-07-10 12:45:00+00:00,2024-07-10 13:00:00+00:00,58150.44,58179.51522,2024-07-10 13:30:00+00:00,57597.7200678,57568.92120776611,0.00013041695127408265,7.58759500159649,0.07587595001596491,57597.7200678,59343.1055244,SL,-0.07208404846594187,0.00758759500159649,0.007507963192054736,0.0037919015500230777,0.003755859525789482,0.007547761075812559,-0.09472736773540565,-1.2484504999999901,0 days 00:30:00
15m,DEVELOPMENT,229,CLOSED,BTCUSDT,LONG,2024-07-10 13:45:00+00:00,2024-07-10 14:00:00+00:00,57760.0,57788.88,2024-07-10 20:15:00+00:00,57210.9912,57182.3857044,0.00012966097052921058,7.492962266596086,0.07492962266596086,57210.9912,58944.6576,SL,-0.07118501383707769,0.007492962266596086,0.00741432362760816,0.003744608828883262,0.003709016321964213,0.007453625150847475,-0.0935459248821294,-1.2484504999999897,0 days 06:15:00
15m,DEVELOPMENT,230,CLOSED,BTCUSDT,LONG,2024-07-10 20:30:00+00:00,2024-07-10 20:45:00+00:00,57289.93,57318.574965,2024-07-11 10:00:00+00:00,58464.9464643,58435.71399106785,0.00012909444798138602,7.3995097941863675,0.07399509794186368,56745.38921535,58464.9464643,TP,0.1516881018278488,0.007399509794186368,0.00754372624007506,0.0036979059441210587,0.003773749995035095,0.007471655939156154,0.12927320985443122,1.7470510000000046,0 days 13:15:00
15m,DEVELOPMENT,231,CLOSED,BTCUSDT,LONG,2024-07-11 14:45:00+00:00,2024-07-11 15:00:00+00:00,57790.01,57818.905005,2024-07-11 16:00:00+00:00,57240.71595495,57212.095596972526,0.0001302109380889167,7.5286538599750115,0.07528653859975011,57240.71595495,58975.2831051,SL,-0.07152409289261653,0.007528653859975012,0.007449640637714573,0.0037624457071337423,0.003726683660687469,0.007489129367821212,-0.09399151675812732,-1.2484505,0 days 01:00:00
15m,DEVELOPMENT,232,CLOSED,BTCUSDT,LONG,2024-07-11 16:00:00+00:00,2024-07-11 16:15:00+00:00,57518.42,57547.179209999995,2024-07-12 01:15:00+00:00,56971.7074179,56943.22156419105,0.0001291941037406067,7.434756240836024,0.07434756240836024,56971.7074179,58698.1227942,SL,-0.07063204204812247,0.0074347562408360246,0.007356728474088451,0.003715520360237445,0.0036802043392132893,0.0073957246994507345,-0.09281925146249767,-1.2484504999999881,0 days 09:00:00
15m,DEVELOPMENT,233,CLOSED,BTCUSDT,LONG,2024-07-12 01:30:00+00:00,2024-07-12 01:45:00+00:00,56782.21,56810.601104999994,2024-07-12 13:45:00+00:00,57946.813127099995,57917.839720536445,0.00012923696586713778,7.342029715898464,0.07342029715898464,56242.49509394999,57946.813127099995,TP,0.15050977458578405,0.0073420297158984646,0.007485125875061326,0.003669180267814698,0.0037444351551081346,0.007413615422922832,0.12826900357190144,1.7470510000000021,0 days 12:00:00
15m,DEVELOPMENT,234,CLOSED,BTCUSDT,LONG,2024-07-14 13:00:00+00:00,2024-07-14 13:15:00+00:00,59625.99,59655.802995,2024-07-14 21:15:00+00:00,60848.9190549,60818.494595372555,0.0001252211889467612,7.470170578607657,0.07470170578607657,59059.24496505,60848.9190549,TP,0.15313663025211696,0.007470170578607657,0.007615764203184721,0.003733218679963875,0.003809786995089042,0.0075430056750529165,0.13050768979527166,1.7470510000000108,0 days 08:00:00
15m,DEVELOPMENT,235,CLOSED,BTCUSDT,LONG,2024-07-16 07:00:00+00:00,2024-07-16 07:15:00+00:00,63228.02,63259.634009999994,2024-07-16 08:15:00+00:00,62627.0376699,62595.72415106505,0.00012014846449931979,7.600547891090447,0.07600547891090448,62627.0376699,64524.826690199996,SL,-0.0722071041527383,0.007600547891090447,0.007520780140973454,0.003798374758165841,0.0037622712060895193,0.007560645964255361,-0.09488907814905757,-1.2484504999999924,0 days 01:00:00
15m,DEVELOPMENT,236,CLOSED,BTCUSDT,LONG,2024-07-16 08:30:00+00:00,2024-07-16 08:45:00+00:00,62726.0,62757.363,2024-07-16 12:15:00+00:00,64012.510259999995,63980.504004869996,0.00011959956965089907,7.505753607225256,0.07505753607225256,62129.78937,64012.510259999995,TP,0.15386607344746572,0.007505753607225257,0.007652040745030076,0.003751001302960855,0.0038279343396848534,0.0075789356426457085,0.13112934345256472,1.7470509999999975,0 days 03:30:00
15m,DEVELOPMENT,237,CLOSED,BTCUSDT,LONG,2024-07-17 11:45:00+00:00,2024-07-17 12:00:00+00:00,64723.73,64756.091865,2024-07-17 16:30:00+00:00,64108.53094635,64076.47668087683,0.00011793101980665236,7.636751952332715,0.07636751952332715,64108.53094635,66051.21370230001,SL,-0.07255105178103213,0.007636751952332715,0.007556604240592984,0.0038164677422950852,0.0037801922164039776,0.007596659958699063,-0.09534106793265688,-1.2484504999999912,0 days 04:30:00
15m,DEVELOPMENT,238,CLOSED,BTCUSDT,LONG,2024-07-17 17:15:00+00:00,2024-07-17 17:30:00+00:00,64234.01,64266.127005,2024-07-18 15:00:00+00:00,63623.465734950005,63591.654002082534,0.0001173480724866994,7.54150613022217,0.0754150613022217,63623.465734950005,65551.4495451,SL,-0.07164619267142568,0.00754150613022217,0.007462358023385489,0.003768868630795694,0.0037330455344594705,0.007501914165255165,-0.0941519709902885,-1.248450499999989,0 days 21:30:00
15m,DEVELOPMENT,239,CLOSED,BTCUSDT,LONG,2024-07-18 15:15:00+00:00,2024-07-18 15:30:00+00:00,63754.51,63786.387255,2024-07-19 13:45:00+00:00,65062.115000100006,65029.58394259996,0.00011675607504422786,7.44744821714496,0.0744744821714496,63148.52338245,65062.115000100006,TP,0.15267082751988365,0.007447448217144961,0.007592598982897117,0.0037218631769839203,0.00379819859074365,0.0075200617677275705,0.13011071855211398,1.7470510000000106,0 days 22:15:00
15m,DEVELOPMENT,240,CLOSED,BTCUSDT,LONG,2024-07-21 07:00:00+00:00,2024-07-21 07:15:00+00:00,66755.45,66788.827725,2024-07-21 18:00:00+00:00,66120.93944774999,66087.87897802611,0.00011345354025614861,7.577428954959261,0.07577428954959262,66120.93944774999,68124.6042795,SL,-0.07198746848264748,0.007577428954959262,0.007497903838076964,0.0037868210669459836,0.0037508273327047353,0.007537648399650719,-0.09460044967533443,-1.24845050000001,0 days 10:45:00
15m,DEVELOPMENT,241,CLOSED,BTCUSDT,LONG,2024-07-22 05:45:00+00:00,2024-07-22 06:00:00+00:00,67626.01,67659.82300499998,2024-07-22 09:00:00+00:00,66983.22477494998,66949.73316256251,0.00011059625459964151,7.48292301122766,0.0748292301122766,66983.22477494998,69013.01946509999,SL,-0.07108963840251928,0.00748292301122766,0.007404389734224826,0.0037395917097577417,0.003704046890557342,0.007443638600315084,-0.09342058974828685,-1.248450500000001,0 days 03:00:00
15m,DEVELOPMENT,242,CLOSED,BTCUSDT,LONG,2024-07-22 15:00:00+00:00,2024-07-22 15:15:00+00:00,66817.99,66851.398995,2024-07-22 19:45:00+00:00,68188.4269749,68154.33276141254,0.00011053763810230133,7.38959574874186,0.0738959574874186,66182.88500504999,68188.4269749,TP,0.15148486637350758,0.007389595748741861,0.00753361896988484,0.0036929513986705647,0.0037686938318582885,0.007461645230528853,0.12910000642435202,1.7470509999999981,0 days 04:30:00
15m,DEVELOPMENT,243,CLOSED,BTCUSDT,LONG,2024-07-23 05:45:00+00:00,2024-07-23 06:00:00+00:00,66428.01,66461.224005,2024-07-23 17:00:00+00:00,65796.61176495,65763.71345906753,0.00011312711880788098,7.518566784130826,0.07518566784130826,65796.61176495,67790.4484851,SL,-0.07142826315158782,0.007518566784130826,0.007439659425731373,0.0037574046897207378,0.003721690558143849,0.007479095247864586,-0.09386558460931459,-1.2484504999999917,0 days 11:00:00
15m,DEVELOPMENT,244,CLOSED,BTCUSDT,LONG,2024-07-23 17:00:00+00:00,2024-07-23 17:15:00+00:00,65946.0,65978.973,2024-07-24 21:30:00+00:00,65319.183269999994,65286.523678364996,0.00011253274541472947,7.424794971334309,0.0742479497133431,65319.183269999994,67298.55246,SL,-0.07053740749878389,0.007424794971334309,0.007346871748110155,0.003710542214559665,0.0036752735108102493,0.007385815725369914,-0.09269488994359826,-1.2484505000000028,1 days 04:15:00
15m,DEVELOPMENT,245,CLOSED,BTCUSDT,LONG,2024-07-24 23:00:00+00:00,2024-07-24 23:15:00+00:00,65402.0,65434.700999999994,2024-07-25 01:00:00+00:00,64780.353989999996,64747.963813005,0.00011205358275692844,7.332192683678367,0.07332192683678368,64780.353989999996,66743.39502,SL,-0.06965766262704981,0.007332192683678368,0.007255241321463163,0.003664264209733606,0.0036294353784202624,0.007293699588153868,-0.0915387962203452,-1.248450499999989,0 days 01:45:00
15m,DEVELOPMENT,246,CLOSED,BTCUSDT,LONG,2024-07-25 01:45:00+00:00,2024-07-25 02:00:00+00:00,64477.99,64510.228995,2024-07-25 03:45:00+00:00,63865.126705049996,63833.19414169747,0.00011224181726851572,7.240745334806894,0.07240745334806895,63865.126705049996,65800.4335749,SL,-0.06878888996235863,0.007240745334806894,0.007164753712518096,0.0036185633857105585,0.0035841689407291057,0.007202732326439664,-0.09039712133612328,-1.248450499999999,0 days 01:45:00
15m,DEVELOPMENT,247,CLOSED,BTCUSDT,LONG,2024-07-25 03:45:00+00:00,2024-07-25 04:00:00+00:00,64093.58,64125.626789999995,2024-07-25 14:00:00+00:00,63484.37052209999,63452.62833683894,0.00011150672325904441,7.150438520285293,0.07150438520285293,63484.37052209999,65408.139325799995,SL,-0.06793095265898344,0.007150438520285293,0.0070753946680149,0.003573432543869937,0.003539467067541176,0.007112899611411113,-0.08926968545869475,-1.2484505000000057,0 days 10:00:00
15m,DEVELOPMENT,248,CLOSED,BTCUSDT,LONG,2024-07-29 14:15:00+00:00,2024-07-29 14:30:00+00:00,68815.64,68850.04781999999,2024-07-29 14:45:00+00:00,68161.54734179999,68127.4665681291,0.00010255995803797185,7.061258015331554,0.07061258015331555,68161.54734179999,70227.0487764,SL,-0.0670837155779385,0.0070612580153315545,0.006987150112460649,0.003528864575377379,0.003495322717588681,0.007024187292966061,-0.08815631099869678,-1.2484504999999986,0 days 00:15:00
15m,DEVELOPMENT,249,CLOSED,BTCUSDT,LONG,2024-07-29 15:30:00+00:00,2024-07-29 15:45:00+00:00,68174.0,68208.087,2024-07-29 16:15:00+00:00,67526.00613,67492.24312693499,0.00010223406166743269,6.973189772575614,0.06973189772575614,67526.00613,69572.24874,SL,-0.06624704526569894,0.006973189772575614,0.006900006145912432,0.0034848524600577303,0.0034517289374252796,0.00693658139748301,-0.08705682258167001,-1.2484505000000128,0 days 00:30:00
15m,DEVELOPMENT,250,CLOSED,BTCUSDT,LONG,2024-07-29 16:45:00+00:00,2024-07-29 17:00:00+00:00,66940.01,66973.48000499999,2024-07-30 00:15:00+00:00,66303.74520494998,66270.59333234752,0.00010282010012519245,6.886219919846673,0.06886219919846673,66303.74520494998,68312.94960509999,SL,-0.06542080993317713,0.0068862199198466735,0.006813949041787883,0.0034413892652902373,0.0034086788603231812,0.006850068125613418,-0.08597104702042509,-1.2484504999999957,0 days 07:15:00
15m,DEVELOPMENT,251,CLOSED,BTCUSDT,LONG,2024-07-30 02:30:00+00:00,2024-07-30 02:45:00+00:00,66200.62,66233.72030999999,2024-07-30 15:00:00+00:00,65571.38310689999,65538.59741534654,0.00010267179204429184,6.800334757988108,0.06800334757988108,65571.38310689999,67558.3947162,SL,-0.06460487943496043,0.006800334757988108,0.006728965244703022,0.0033984681449210135,0.0033661657052041455,0.006764633850125159,-0.08489881328777674,-1.2484505000000061,0 days 12:15:00
15m,DEVELOPMENT,252,CLOSED,BTCUSDT,LONG,2024-07-30 15:00:00+00:00,2024-07-30 15:15:00+00:00,65884.0,65916.942,2024-07-31 19:45:00+00:00,65257.77258,65225.14369371,0.0001018785240173857,6.71552075869962,0.06715520758699621,65257.77258,67235.28083999999,SL,-0.06379912524881579,0.0067155207586996205,0.006645041368337068,0.0033560823381802575,0.00332418277555595,0.006680265113736207,-0.08383995248958868,-1.2484504999999921,1 days 04:30:00
15m,DEVELOPMENT,253,CLOSED,BTCUSDT,LONG,2024-07-31 21:00:00+00:00,2024-07-31 21:15:00+00:00,64960.0,64992.479999999996,2024-08-01 00:15:00+00:00,64342.555199999995,64310.3839224,0.00010203895223580215,6.6317645624063255,0.06631764562406325,64342.555199999995,66292.3296,SL,-0.0630034204554449,0.0066317645624063256,0.006562164193323872,0.003314225168618438,0.003282723458390986,0.006596948627009424,-0.08279429783818451,-1.248450499999999,0 days 03:00:00
15m,DEVELOPMENT,254,CLOSED,BTCUSDT,LONG,2024-08-01 00:30:00+00:00,2024-08-01 00:45:00+00:00,64658.35,64690.679175,2024-08-01 02:00:00+00:00,64043.77238325,64011.750497058376,0.00010123642323244158,6.549052976154394,0.06549052976154394,64043.77238325,65984.4927585,SL,-0.06221763971848836,0.006549052976154395,0.006480320665169654,0.0032728900430555622,0.0032417812231961105,0.006514671266251673,-0.08176168462606408,-1.2484504999999948,0 days 01:15:00
15m,DEVELOPMENT,255,CLOSED,BTCUSDT,LONG,2024-08-01 02:30:00+00:00,2024-08-01 02:45:00+00:00,64038.0,64070.01899999999,2024-08-01 15:15:00+00:00,63429.31880999999,63397.60415059499,0.00010094226710831712,6.467372971532953,0.06467372971532953,63429.31880999999,65351.41937999999,SL,-0.06144165926478936,0.006467372971532953,0.006399497892196715,0.003232070450540495,0.003201349620908722,0.006433420071449217,-0.08074195019996824,-1.2484505000000037,0 days 12:30:00
15m,DEVELOPMENT,256,CLOSED,BTCUSDT,LONG,2024-08-01 16:00:00+00:00,2024-08-01 16:15:00+00:00,63057.0,63088.52849999999,2024-08-01 17:30:00+00:00,62457.64321499999,62426.41439339249,0.00010123412028261045,6.386711682621897,0.06386711682621897,62457.64321499999,64350.299069999994,SL,-0.06067535686488979,0.006386711682621897,0.00631968314351278,0.0031917599613295825,0.0031614222828974113,0.006353182244226993,-0.07973493393525145,-1.2484504999999995,0 days 01:15:00
15m,DEVELOPMENT,257,CLOSED,BTCUSDT,LONG,2024-08-02 15:15:00+00:00,2024-08-02 15:30:00+00:00,62856.0,62887.428,2024-08-02 20:15:00+00:00,62258.553719999996,62227.42444314,0.00010029121248153609,6.307056403965302,0.06307056403965303,62258.553719999996,64145.17656,SL,-0.05991861181378368,0.006307056403965302,0.006240863847005686,0.0031519522258697044,0.0031219929199624258,0.006273945145832131,-0.0787404772105868,-1.2484504999999995,0 days 04:45:00
15m,DEVELOPMENT,258,CLOSED,BTCUSDT,LONG,2024-08-02 21:30:00+00:00,2024-08-02 21:45:00+00:00,62065.86,62096.892929999995,2024-08-02 22:45:00+00:00,61475.9240007,61445.18603869965,0.00010030122756047066,6.228394588570111,0.06228394588570111,61475.9240007,63338.8307886,SL,-0.059171304911903304,0.006228394588570111,0.0061630275873630685,0.003112640973797549,0.0030830553213420536,0.0061956962951396025,-0.07775842338297607,-1.2484504999999932,0 days 01:00:00
15m,DEVELOPMENT,259,CLOSED,BTCUSDT,LONG,2024-08-02 23:00:00+00:00,2024-08-02 23:15:00+00:00,61738.02,61768.88900999999,2024-08-03 00:45:00+00:00,61151.20011989999,61120.62451984005,9.95762420938802e-05,6.150713845929776,0.061507138459297755,61151.20011989999,63004.266790199996,SL,-0.058433318446339706,0.006150713845929775,0.006086162104116744,0.0030738200129578996,0.003044603353734552,0.006118423366692452,-0.07678861776307867,-1.2484504999999864,0 days 01:30:00
15m,DEVELOPMENT,260,CLOSED,BTCUSDT,LONG,2024-08-03 16:15:00+00:00,2024-08-03 16:30:00+00:00,61027.78,61058.29388999999,2024-08-03 16:45:00+00:00,60447.710951099994,60417.48709562445,9.947873668096945e-05,6.074001940072556,0.060740019400725556,60447.710951099994,62279.45976779999,SL,-0.057704536172303936,0.006074001940072556,0.006010255289711495,0.0030354832284215415,0.0030066309603355035,0.006042114188757045,-0.07583090759084503,-1.248450499999992,0 days 00:15:00
15m,DEVELOPMENT,261,CLOSED,BTCUSDT,LONG,2024-08-03 17:30:00+00:00,2024-08-03 17:45:00+00:00,60797.92,60828.31896,2024-08-03 18:30:00+00:00,60220.0357704,60189.9257525148,9.860944524175537e-05,5.99824678763415,0.0599824678763415,60220.0357704,62044.885339199995,SL,-0.056984843294815214,0.00599824678763415,0.00593529518759793,0.002997624581526176,0.0029691321598788395,0.005966756741405016,-0.07488514201145231,-1.2484504999999972,0 days 00:45:00
15m,DEVELOPMENT,262,CLOSED,BTCUSDT,LONG,2024-08-03 19:30:00+00:00,2024-08-03 19:45:00+00:00,60119.99,60150.049994999994,2024-08-04 14:45:00+00:00,59548.54949504999,59518.77522030247,9.847766471427318e-05,5.923436455954379,0.05923436455954379,59548.54949504999,61353.0509949,SL,-0.05627412645062161,0.005923436455954379,0.005861269990349138,0.002960238108922332,0.002932101045696964,0.0058923391546192964,-0.07395117205154443,-1.248450499999995,0 days 19:00:00
15m,DEVELOPMENT,263,CLOSED,BTCUSDT,LONG,2024-08-04 16:00:00+00:00,2024-08-04 16:15:00+00:00,59264.23,59293.862115,2024-08-04 16:45:00+00:00,58700.92349385,58671.57303210308,9.865370465921775e-05,5.849559161197591,0.05849559161197591,58700.92349385,60479.73935730001,SL,-0.055572273690338125,0.005849559161197591,0.005788168037800823,0.0029233179216380098,0.0028955317847925628,0.005818849706430573,-0.07302885059576711,-1.2484504999999997,0 days 00:30:00
15m,DEVELOPMENT,264,CLOSED,BTCUSDT,LONG,2024-08-04 17:45:00+00:00,2024-08-04 18:00:00+00:00,57864.43,57893.362214999994,2024-08-04 19:15:00+00:00,59051.2294593,59021.70384457035,9.978006191873628e-05,5.776603266496527,0.05776603266496527,57314.428592849996,59051.2294593,TP,0.1184189235340764,0.005776603266496527,0.0058891892641605445,0.002886858204145537,0.0029460676659128194,0.005832925870058356,0.10092020513336097,1.7470510000000126,0 days 01:15:00
15m,DEVELOPMENT,265,CLOSED,BTCUSDT,LONG,2024-08-05 05:15:00+00:00,2024-08-05 05:30:00+00:00,53437.05,53463.768525,2024-08-05 05:30:00+00:00,52929.130839749996,52902.66627433013,0.00010993281645486363,5.87742265224414,0.0587742265224414,52929.130839749996,54533.0438955,SL,-0.055836983817672464,0.00587742265224414,0.005815739101508839,0.0029372427047693103,0.0029093242128601293,0.0058465669176294395,-0.07337671248905489,-1.2484504999999941,0 days 00:00:00
15m,DEVELOPMENT,266,CLOSED,BTCUSDT,LONG,2024-08-05 06:30:00+00:00,2024-08-05 06:45:00+00:00,50405.99,50431.192995,2024-08-05 06:45:00+00:00,51439.8168549,51414.09694647255,0.000115089865983135,5.804119243164166,0.058041192431641665,49926.881065049995,51439.8168549,TP,0.11898299418020679,0.005804119243164167,0.005917241527213436,0.0029006093169235804,0.002960100814013389,0.0058607101309369695,0.10140092327889222,1.7470510000000037,0 days 00:00:00
15m,DEVELOPMENT,267,CLOSED,BTCUSDT,LONG,2024-08-05 13:00:00+00:00,2024-08-05 13:15:00+00:00,49992.0,50016.996,2024-08-05 13:30:00+00:00,51017.33592,50991.82725204,0.0001180682435790307,5.905418866819405,0.05905418866819405,49516.82604,51017.33592,TP,0.12105961115288927,0.005905418866819405,0.006020515480533715,0.0029512338165013554,0.0030117636220777784,0.005962997438579134,0.10317067936695702,1.747050999999999,0 days 00:15:00
15m,DEVELOPMENT,268,CLOSED,BTCUSDT,LONG,2024-08-07 14:45:00+00:00,2024-08-07 15:00:00+00:00,56085.83,56113.872915,2024-08-07 17:15:00+00:00,55552.73418585,55524.95781875708,0.00010707666689975443,6.008486478574607,0.060084864785746074,55552.73418585,57236.1503733,SL,-0.05708212291739309,0.006008486478574607,0.005945427412981968,0.0030027418683529314,0.0029742008068938766,0.005976942675246808,-0.07501297948419648,-1.2484504999999901,0 days 02:15:00
15m,DEVELOPMENT,269,CLOSED,BTCUSDT,LONG,2024-08-07 17:30:00+00:00,2024-08-07 17:45:00+00:00,55804.0,55831.901999999995,2024-08-07 18:00:00+00:00,55273.58297999999,55245.946188509995,0.00010627523377462324,5.933548437131854,0.059335484371318546,55273.58297999999,56948.54003999999,SL,-0.056370192798539866,0.0059335484371318544,0.005871275846284155,0.0029652915727789624,0.0029371064763799005,0.005902398049158862,-0.07407741513111474,-1.2484504999999986,0 days 00:15:00
15m,DEVELOPMENT,270,CLOSED,BTCUSDT,LONG,2024-08-07 18:45:00+00:00,2024-08-07 19:00:00+00:00,54805.01,54832.412505,2024-08-08 01:15:00+00:00,55929.0607551,55901.09622472245,0.00010686279807364204,5.8595450254124595,0.0585954502541246,54284.08837995,55929.0607551,TP,0.12011920886677588,0.005859545025412459,0.005973747557957749,0.002928308358526774,0.002988367962960024,0.005916676321486798,0.10236923996191886,1.747051000000004,0 days 06:15:00
15m,DEVELOPMENT,271,CLOSED,BTCUSDT,LONG,2024-08-11 11:45:00+00:00,2024-08-11 12:00:00+00:00,60669.14,60699.47457,2024-08-11 15:00:00+00:00,60092.4798243,60062.43358438785,9.821851079659832e-05,5.96181199840139,0.0596181199840139,60092.4798243,61913.4640614,SL,-0.05663870369295899,0.00596181199840139,0.005899242781478168,0.0029794162910550767,0.0029510969392083073,0.005930513230263384,-0.07443027170310193,-1.2484504999999964,0 days 03:00:00
15m,DEVELOPMENT,272,CLOSED,BTCUSDT,LONG,2024-08-11 16:15:00+00:00,2024-08-11 16:30:00+00:00,60193.0,60223.0965,2024-08-11 19:30:00+00:00,59620.865535,59591.0551022325,9.776076662903038e-05,5.887456082614077,0.058874560826140766,59620.865535,61427.55843,SL,-0.055932303913290425,0.005887456082614077,0.005825667231027043,0.002942256912850579,0.002914290760893529,0.0058565476737441075,-0.07350197490067566,-1.2484504999999966,0 days 03:00:00
15m,DEVELOPMENT,273,CLOSED,BTCUSDT,LONG,2024-08-11 19:30:00+00:00,2024-08-11 19:45:00+00:00,59818.0,59847.909,2024-08-11 20:00:00+00:00,59249.42991,59219.805195045,9.714671127874754e-05,5.814027536259756,0.05814027536259756,59249.42991,61044.86718,SL,-0.05523471437496161,0.0058140275362597565,0.00575300931726671,0.002905560987636026,0.0028779436304482205,0.005783504618084247,-0.07258525584657233,-1.2484504999999952,0 days 00:15:00
15m,DEVELOPMENT,274,CLOSED,BTCUSDT,LONG,2024-08-11 20:30:00+00:00,2024-08-11 20:45:00+00:00,58719.5,58748.859749999996,2024-08-12 00:30:00+00:00,58161.371152499996,58132.29046692375,9.77298081628944e-05,5.741514793156289,0.05741514793156289,58161.371152499996,59923.836944999995,SL,-0.05454582519635271,0.0057415147931562886,0.005681257595402113,0.0028693227352101463,0.002842049822612302,0.005711372557822449,-0.07167997014273357,-1.2484504999999986,0 days 03:45:00
15m,DEVELOPMENT,275,CLOSED,BTCUSDT,LONG,2024-08-12 00:45:00+00:00,2024-08-12 01:00:00+00:00,58450.01,58479.235005,2024-08-12 07:15:00+00:00,57894.44265495,57865.49543362253,9.695589264959702e-05,5.6699064313753365,0.056699064313753364,57894.44265495,59648.8197051,SL,-0.053865527866289765,0.005669906431375336,0.0056104007633780515,0.002833536447463959,0.0028066036835304228,0.005640140130994382,-0.07078597519203754,-1.2484505,0 days 06:15:00
15m,DEVELOPMENT,276,CLOSED,BTCUSDT,LONG,2024-08-14 14:15:00+00:00,2024-08-14 14:30:00+00:00,59492.68,59522.42634,2024-08-14 15:30:00+00:00,58927.2020766,58897.7384755617,9.406859759815414e-05,5.5991911714432305,0.0559919117144323,58927.2020766,60712.8748668,SL,-0.05319371522695458,0.005599191171443231,0.005540427660098935,0.0027981964874776765,0.0027715996298640676,0.005569796117341744,-0.06990313017583849,-1.2484504999999932,0 days 01:00:00
15m,DEVELOPMENT,277,CLOSED,BTCUSDT,LONG,2024-08-14 16:45:00+00:00,2024-08-14 17:00:00+00:00,59131.99,59161.555994999995,2024-08-14 22:00:00+00:00,58569.94043505,58540.655464832475,9.346200892741196e-05,5.529357874564272,0.05529357874564272,58569.94043505,60344.7871149,SL,-0.05253028145700498,0.005529357874564272,0.0054713272636707205,0.0027632972886375558,0.0027370321479090946,0.00550032943654665,-0.06903129603178662,-1.2484504999999928,0 days 05:00:00
15m,DEVELOPMENT,278,CLOSED,BTCUSDT,LONG,2024-08-15 06:30:00+00:00,2024-08-15 06:45:00+00:00,58143.85,58172.921924999995,2024-08-15 12:30:00+00:00,59336.38036349999,59306.71217331824,9.386490071628261e-05,5.460395540866185,0.05460395540866185,57591.19270574999,59336.38036349999,TP,0.1119367441710794,0.005460395540866185,0.005566818649957666,0.002728833353755891,0.0027848017258417642,0.005513635079597655,0.09539589490065789,1.7470509999999964,0 days 05:45:00
15m,DEVELOPMENT,279,CLOSED,BTCUSDT,LONG,2024-08-15 18:30:00+00:00,2024-08-15 18:45:00+00:00,57986.58,58015.57329,2024-08-15 19:00:00+00:00,57435.4175571,57406.699848321456,9.576215178296201e-05,5.5556961351725365,0.055556961351725366,57435.4175571,59175.8847558,SL,-0.05278050151405796,0.005555696135172537,0.005497389104233902,0.0027764598376672934,0.002750069586910002,0.005526529424577296,-0.06936011617804169,-1.2484504999999906,0 days 00:15:00
15m,DEVELOPMENT,280,CLOSED,BTCUSDT,LONG,2024-08-15 19:45:00+00:00,2024-08-15 20:00:00+00:00,57046.34,57074.86317,2024-08-15 20:45:00+00:00,56504.1145383,56475.86248103085,9.612647328611805e-05,5.4864053098198475,0.05486405309819847,56504.1145383,58216.3604334,SL,-0.05212222135915807,0.0054864053098198475,0.005428825486093289,0.0027418317390404414,0.0027157706283608344,0.005457602367401276,-0.06849505452247248,-1.2484505000000008,0 days 00:45:00
15m,DEVELOPMENT,281,CLOSED,BTCUSDT,LONG,2024-08-15 21:00:00+00:00,2024-08-15 21:15:00+00:00,56956.62,56985.09831,2024-08-16 02:30:00+00:00,58124.8002762,58095.7378760619,9.507711388776353e-05,5.4179786819252715,0.054179786819252715,56415.247326900004,58124.8002762,TP,0.11106720916170652,0.005417978681925272,0.005523575086435995,0.0027076355232009018,0.0027631691277819072,0.005470804650982809,0.09465485074236243,1.747051000000003,0 days 05:15:00
15m,DEVELOPMENT,282,CLOSED,BTCUSDT,LONG,2024-08-19 00:00:00+00:00,2024-08-19 00:15:00+00:00,58657.6,58686.928799999994,2024-08-19 09:45:00+00:00,58100.05951199999,58071.00948224399,9.393129075067875e-05,5.512538972377182,0.05512538972377182,58100.05951199999,59860.667376,SL,-0.05237049768360388,0.005512538972377181,0.005454684875862083,0.002754892040168101,0.002728706791326637,0.005483598831494739,-0.06882132036333788,-1.2484505000000017,0 days 09:30:00
15m,DEVELOPMENT,283,CLOSED,BTCUSDT,LONG,2024-08-19 10:00:00+00:00,2024-08-19 10:15:00+00:00,58107.34,58136.39366999999,2024-08-19 20:45:00+00:00,59299.12154339999,59269.471982628296,9.363818532470799e-05,5.4437864045816395,0.054437864045816395,57555.02973329999,59299.12154339999,TP,0.11159626102745507,0.00544378640458164,0.005549885801606936,0.002720532935822335,0.0027763310663360147,0.00549686400215835,0.09510572481910815,1.7470510000000103,0 days 10:30:00
15m,DEVELOPMENT,284,CLOSED,BTCUSDT,LONG,2024-08-20 15:15:00+00:00,2024-08-20 15:30:00+00:00,59055.48,59085.00774,2024-08-21 18:15:00+00:00,60266.707894800005,60236.574540852605,9.374285170715023e-05,5.538797118686643,0.05538797118686643,58494.1576626,60266.707894800005,TP,0.11354395692580035,0.005538797118686644,0.005646748274529847,0.0027680145520670744,0.0028247865305301772,0.005592801082597252,0.0967656104499866,1.7470510000000075,1 days 02:45:00
15m,DEVELOPMENT,285,CLOSED,BTCUSDT,LONG,2024-08-22 14:45:00+00:00,2024-08-22 15:00:00+00:00,60510.48,60540.73524,2024-08-23 14:00:00+00:00,61751.549944800005,61720.67416982761,9.308552395101573e-05,5.635466060195123,0.056354660601951226,59935.327887600004,61751.549944800005,TP,0.1155256460715663,0.005635466060195123,0.005745301293708325,0.0028163248676635983,0.0028740876906990886,0.0056904125583626865,0.09845446615930017,1.7470510000000121,0 days 23:00:00
15m,DEVELOPMENT,286,CLOSED,BTCUSDT,LONG,2024-08-24 22:00:00+00:00,2024-08-24 22:15:00+00:00,63668.99,63700.82449499999,2024-08-25 23:15:00+00:00,64974.840984899995,64942.353564407545,9.001174185264168e-05,5.733822170244373,0.05733822170244374,63063.81625005,64974.840984899995,TP,0.11754192175083639,0.005733822170244374,0.0058455743643424365,0.0028654783459488085,0.0029242493068245426,0.005789727652773351,0.10017279756347622,1.7470510000000032,1 days 01:00:00
15m,DEVELOPMENT,287,CLOSED,BTCUSDT,LONG,2024-08-26 21:30:00+00:00,2024-08-26 21:45:00+00:00,63024.0,63055.511999999995,2024-08-27 10:00:00+00:00,62424.95688,62393.744401560005,9.251998294904039e-05,5.833894895083011,0.05833894895083011,62424.95688,64316.62224,SL,-0.05542345924814015,0.005833894895083011,0.005772668168159116,0.0029154897026897135,0.0028877779730654423,0.005803267675755156,-0.07283328998713744,-1.2484504999999848,0 days 12:15:00
15m,DEVELOPMENT,288,CLOSED,BTCUSDT,LONG,2024-08-27 11:00:00+00:00,2024-08-27 11:15:00+00:00,62416.9,62448.10845,2024-08-27 14:00:00+00:00,61823.6273655,61792.71555181725,9.225474571800792e-05,5.761134365625332,0.05761134365625332,61823.6273655,63697.070619,SL,-0.054732216037250585,0.005761134365625332,0.005700671260458094,0.0028791276190030042,0.0028517615109841295,0.005730889129987133,-0.07192491079332114,-1.2484504999999975,0 days 02:45:00
15m,DEVELOPMENT,289,CLOSED,BTCUSDT,LONG,2024-08-27 14:15:00+00:00,2024-08-27 14:30:00+00:00,62033.8,62064.8169,2024-08-27 21:15:00+00:00,61444.168731,61413.446646634504,9.166677019375445e-05,5.689281307889747,0.05689281307889747,61444.168731,63306.113238,SL,-0.05404959403447527,0.005689281307889747,0.005629572300563445,0.002843219044422211,0.0028161942474048828,0.005659413291827094,-0.07102786093475556,-1.2484504999999908,0 days 06:45:00
15m,DEVELOPMENT,290,CLOSED,BTCUSDT,LONG,2024-08-27 22:15:00+00:00,2024-08-27 22:30:00+00:00,58935.81,58965.277904999995,2024-08-28 09:45:00+00:00,60144.583463099996,60114.51117136845,9.528191171948354e-05,5.618324403859023,0.05618324403859023,58375.62512594999,60144.583463099996,TP,0.11517424639994846,0.005618324403859023,0.0057278255464902365,0.0028077583227679084,0.0028653454459674705,0.005673103768735379,0.09815499268086382,1.7470510000000128,0 days 11:15:00
15m,DEVELOPMENT,291,CLOSED,BTCUSDT,LONG,2024-08-28 15:30:00+00:00,2024-08-28 15:45:00+00:00,58758.6,58787.97929999999,2024-08-28 16:15:00+00:00,58200.09950699999,58170.99945724649,9.723724828902468e-05,5.716381339604142,0.05716381339604142,58200.09950699999,59963.73888599999,SL,-0.05430705110738435,0.005716381339604142,0.005656387917444997,0.002856762288657085,0.0028296087631039294,0.005686371051761015,-0.0713661914161945,-1.2484504999999981,0 days 00:30:00
15m,DEVELOPMENT,292,CLOSED,BTCUSDT,LONG,2024-08-29 19:15:00+00:00,2024-08-29 19:30:00+00:00,59476.01,59505.748005,2024-08-29 22:00:00+00:00,58910.69052495,58881.23517968752,9.486623783991651e-05,5.645086443084468,0.05645086443084468,58910.69052495,60695.8629651,SL,-0.053629731775630456,0.005645086443084468,0.005585841260864296,0.002821132655214555,0.0027943177893268133,0.005615450444541368,-0.07047610992412058,-1.2484505000000057,0 days 02:30:00
15m,DEVELOPMENT,293,CLOSED,BTCUSDT,LONG,2024-08-29 22:15:00+00:00,2024-08-29 22:30:00+00:00,59181.99,59211.580995,2024-08-30 14:45:00+00:00,58619.465185049994,58590.155452457475,9.414848658297623e-05,5.574680738864568,0.05574680738864568,58619.465185049994,60395.812614899995,SL,-0.052960859992911634,0.005574680738864568,0.005516174464510184,0.0027859473957342904,0.0027594669657374092,0.0055454143614717,-0.06959712955775808,-1.2484504999999944,0 days 16:15:00
15m,DEVELOPMENT,294,CLOSED,BTCUSDT,LONG,2024-08-30 15:00:00+00:00,2024-08-30 15:15:00+00:00,58596.99,58626.28849499999,2024-08-30 15:15:00+00:00,58040.02561004999,58011.00559724497,9.390246727589244e-05,5.505153136908766,0.055051531369087664,58040.02561004999,59798.81426489999,SL,-0.05230033040111801,0.005505153136908766,0.0054473765547369095,0.0027512009679699716,0.0027250508027693784,0.0054762517707393505,-0.06872911186350304,-1.2484504999999975,0 days 00:00:00
15m,DEVELOPMENT,295,CLOSED,BTCUSDT,LONG,2024-08-30 15:30:00+00:00,2024-08-30 15:45:00+00:00,58212.54,58241.64627,2024-08-31 00:30:00+00:00,59406.479195399996,59376.775955802295,9.334373311313813e-05,5.436492685496677,0.054364926854966765,57659.2298073,59406.479195399996,TP,0.11144674160873198,0.005436492685496677,0.005542449927937007,0.00271688789879862,0.0027726112696033335,0.005489499168401954,0.09497829982689635,1.7470509999999964,0 days 08:45:00
15m,DEVELOPMENT,296,OPEN,BTCUSDT,LONG,2024-08-31 09:15:00+00:00,2024-08-31 09:30:00+00:00,58931.99,58961.455995,,,,9.381342452561265e-05,5.5313761019071634,0.055313761019071636,58371.841435049995,60140.6851149,END_OF_DATA,,0.0055313761019071634,,0.0027643058980044537,,,,,
15m,VALIDATION,1,CLOSED,BTCUSDT,LONG,2024-09-01 02:30:00+00:00,2024-09-01 02:45:00+00:00,58480.0,58509.24,2024-09-01 05:15:00+00:00,57924.1476,57895.1855262,0.0003414848659804842,19.980019980019982,0.19980019980019983,57924.1476,59679.4248,SL,-0.18981518231893166,0.019980019980019983,0.019770329670329677,0.009985017481268661,0.009890109890107829,0.01987512737137649,-0.24944065934065782,-1.2484504999999921,0 days 02:30:00
15m,VALIDATION,2,CLOSED,BTCUSDT,LONG,2024-09-01 22:30:00+00:00,2024-09-01 22:45:00+00:00,57545.0,57573.7725,2024-09-02 14:30:00+00:00,58725.24795,58695.885326025,0.0003427051529782455,19.730828512147202,0.19730828512147203,56998.034775,58725.24795,TP,0.40447705425700964,0.019730828512147202,0.02011538235984895,0.009860484014066268,0.010062722541192937,0.019923206555259206,0.3447076368297543,1.7470510000000075,0 days 15:45:00
15m,VALIDATION,3,CLOSED,BTCUSDT,LONG,2024-09-03 08:45:00+00:00,2024-09-03 09:00:00+00:00,58789.01,58818.404505,2024-09-03 13:45:00+00:00,58230.22045995,58201.10534972003,0.00034130799627516014,20.075191785703403,0.20075191785703403,58230.22045995,59994.7725951,SL,-0.19071933825398577,0.020075191785703404,0.019864502647912445,0.010032579603049006,0.009937219933921482,0.01996979953697049,-0.2506288322245721,-1.2484504999999952,0 days 04:45:00
15m,VALIDATION,4,CLOSED,BTCUSDT,LONG,2024-09-03 14:15:00+00:00,2024-09-03 14:30:00+00:00,58043.0,58072.021499999995,2024-09-03 23:45:00+00:00,57491.301284999994,57462.5556343575,0.0003413832138068864,19.8248133319326,0.198248133319326,57491.301284999994,59233.46193,SL,-0.18834068037983148,0.0198248133319326,0.01961675191601397,0.009907452939494943,0.009813282599304342,0.019720735538799286,-0.24750298116657735,-1.2484504999999906,0 days 09:15:00
15m,VALIDATION,5,CLOSED,BTCUSDT,LONG,2024-09-05 03:30:00+00:00,2024-09-05 03:45:00+00:00,57157.01,57185.588505,2024-09-05 06:15:00+00:00,56613.73261995,56585.42575364003,0.000342351248248144,19.577557606491464,0.19577557606491464,56613.73261995,58329.3002751,SL,-0.18599168920509881,0.019577557606491464,0.019372091139411338,0.009783886859815029,0.009690891015211336,0.019474777875026363,-0.24441611582602796,-1.248450499999986,0 days 02:30:00
15m,VALIDATION,6,CLOSED,BTCUSDT,LONG,2024-09-05 06:30:00+00:00,2024-09-05 06:45:00+00:00,56878.0,56906.439,2024-09-05 12:15:00+00:00,56337.37461,56309.205922695,0.0003397398607670622,19.333385662609317,0.19333385662609318,56337.37461,58044.56778,SL,-0.18367199472573906,0.019333385662609316,0.019130481780080234,0.009661861900353967,0.00957002590299109,0.019231887803345057,-0.24136774997177365,-1.2484504999999964,0 days 05:30:00
15m,VALIDATION,7,CLOSED,BTCUSDT,LONG,2024-09-05 15:45:00+00:00,2024-09-05 16:00:00+00:00,55976.01,56003.998005,2024-09-06 07:15:00+00:00,55443.95802495,55416.23604593753,0.0003409088586417768,19.092259039260895,0.19092259039260895,55443.95802495,57124.077965100005,SL,-0.18138123155239946,0.019092259039260897,0.018891885780643852,0.009541358840210085,0.009450668224433368,0.018992027064643452,-0.23835740343694767,-1.248450499999999,0 days 15:15:00
15m,VALIDATION,8,CLOSED,BTCUSDT,LONG,2024-09-06 07:30:00+00:00,2024-09-06 07:45:00+00:00,55703.58,55731.431789999995,2024-09-06 12:45:00+00:00,56846.060425799995,56817.637395587095,0.00033830352369470504,18.8541397551081,0.188541397551081,55174.11747209999,56846.060425799995,TP,0.38650515380036465,0.0188541397551081,0.019221606938935158,0.009422358698202698,0.0096156112751051,0.019037969973307797,0.3293914371330136,1.747051,0 days 05:00:00
15m,VALIDATION,9,CLOSED,BTCUSDT,LONG,2024-09-06 15:30:00+00:00,2024-09-06 15:45:00+00:00,54405.01,54432.212504999996,2024-09-06 16:15:00+00:00,53887.89037995,53860.94643476002,0.0003524237073424903,19.18320212986636,0.19183202129866359,53887.89037995,55520.856755099994,SL,-0.18224521363756285,0.01918320212986636,0.01898187442351341,0.009586807661100457,0.00949568505428361,0.019082492715384067,-0.23949278290632667,-1.2484504999999972,0 days 00:30:00
15m,VALIDATION,10,CLOSED,BTCUSDT,LONG,2024-09-06 16:45:00+00:00,2024-09-06 17:00:00+00:00,54074.0,54101.037,2024-09-06 18:30:00+00:00,53560.02662999999,53533.246616685,0.0003501586965974314,18.94394860048941,0.1894394860048941,53560.02662999999,55183.05774,SL,-0.17997224532499181,0.01894394860048941,0.018745131859927273,0.009467240679903571,0.009377254557240155,0.018844495237143724,-0.2365058210225522,-1.2484504999999955,0 days 01:30:00
15m,VALIDATION,11,CLOSED,BTCUSDT,LONG,2024-09-06 19:00:00+00:00,2024-09-06 19:15:00+00:00,53769.99,53796.874995,2024-09-06 20:30:00+00:00,53258.90624505,53232.27679192748,0.0003477465754424781,18.707679049018328,0.18707679049018328,53258.90624505,54872.8124949,SL,-0.1777276255481449,0.01870767904901833,0.018511341957398883,0.009349164942038265,0.00926030112926276,0.018609466071301026,-0.23355611262586312,-1.2484504999999924,0 days 01:15:00
15m,VALIDATION,12,CLOSED,BTCUSDT,LONG,2024-09-07 18:00:00+00:00,2024-09-07 18:15:00+00:00,54140.39,54167.460195,2024-09-08 22:15:00+00:00,55250.8093989,55223.18399420055,0.00034106004218539316,18.474356259182304,0.18474356259182304,53625.78559305,55250.8093989,TP,0.3787196870323122,0.018474356259182305,0.01883442146267377,0.009232561848666901,0.009421921692180795,0.018654483540847696,0.3227564257696084,1.7470510000000075,1 days 04:00:00
15m,VALIDATION,13,CLOSED,BTCUSDT,LONG,2024-09-10 16:00:00+00:00,2024-09-10 16:15:00+00:00,56622.01,56650.321005,2024-09-10 18:30:00+00:00,57783.3274251,57754.43576138745,0.0003318037729971754,18.79679025096014,0.1879679025096014,56083.817794949995,57783.3274251,TP,0.3853295032955429,0.01879679025096014,0.01916313969295135,0.009393698276340548,0.009586363027987667,0.018980061304328215,0.32838951204730316,1.747051000000008,0 days 02:15:00
15m,VALIDATION,14,CLOSED,BTCUSDT,LONG,2024-09-11 02:00:00+00:00,2024-09-11 02:15:00+00:00,56962.83,56991.311415,2024-09-11 04:15:00+00:00,56421.39830084999,56393.187601699574,0.0003355748661807986,19.124851701556842,0.19124851701556844,56421.39830084999,58131.1376433,SL,-0.1816908699883067,0.019124851701556842,0.018924136382949003,0.009557647027263024,0.00946680159226856,0.019024448619531585,-0.23876430669234414,-1.248450499999996,0 days 02:00:00
15m,VALIDATION,15,CLOSED,BTCUSDT,LONG,2024-09-11 04:45:00+00:00,2024-09-11 05:00:00+00:00,56530.51,56558.775255,2024-09-11 13:45:00+00:00,55993.18750245,55965.19090869877,0.00033392388423361045,18.88632592064541,0.1888632592064541,55993.18750245,57689.9507601,SL,-0.17942481546800237,0.018886325920645413,0.018688113930108236,0.009438443738452956,0.00934873133071924,0.018787175069172195,-0.2357864303879282,-1.2484505000000052,0 days 08:45:00
15m,VALIDATION,16,CLOSED,BTCUSDT,LONG,2024-09-11 14:00:00+00:00,2024-09-11 14:15:00+00:00,55802.02,55829.92100999999,2024-09-11 15:45:00+00:00,56946.519430199995,56918.0461704849,0.0003340641488243617,18.650775041136995,0.18650775041136997,55271.62179989999,56946.519430199995,TP,0.3823362279797292,0.018650775041136994,0.01901427864668876,0.009320727156988043,0.009511895270977922,0.018832622427965965,0.3258385518639375,1.7470510000000172,0 days 01:30:00
15m,VALIDATION,17,CLOSED,BTCUSDT,LONG,2024-09-12 13:15:00+00:00,2024-09-12 13:30:00+00:00,57760.0,57788.88,2024-09-13 15:15:00+00:00,58944.6576,58915.1852712,0.0003283726571610682,18.97628807996211,0.18976288079962111,57210.9912,58944.6576,TP,0.3890091639380534,0.01897628807996211,0.01934613593464057,0.009483402338810789,0.009677906920779038,0.019161309259589827,0.3315254306638609,1.7470510000000108,1 days 01:45:00
15m,VALIDATION,18,CLOSED,BTCUSDT,LONG,2024-09-14 06:00:00+00:00,2024-09-14 06:15:00+00:00,60020.01,60050.020005,2024-09-14 18:00:00+00:00,59449.519804949996,59419.795045047525,0.00032152332863139645,19.307482316389546,0.19307482316389546,59449.519804949996,61251.0204051,SL,-0.18342590646405257,0.019307482316389547,0.019104850289479038,0.009648916699843711,0.009557203746611344,0.019206120446455054,-0.2410443595163762,-1.2484504999999966,0 days 11:45:00
15m,VALIDATION,19,CLOSED,BTCUSDT,LONG,2024-09-15 11:15:00+00:00,2024-09-15 11:30:00+00:00,59961.1,59991.08055,2024-09-15 23:00:00+00:00,59391.169744499995,59361.474159627745,0.00031782522644408564,19.06667876042913,0.19066678760429132,59391.169744499995,61190.902161,SL,-0.18113821251162407,0.01906667876042913,0.018866573966838426,0.009528575092668303,0.009438005986412432,0.018966581079080735,-0.23803804631797237,-1.2484505000000057,0 days 11:30:00
15m,VALIDATION,20,CLOSED,BTCUSDT,LONG,2024-09-16 01:15:00+00:00,2024-09-16 01:30:00+00:00,58721.09,58750.45054499999,2024-09-16 02:45:00+00:00,58162.94603954999,58133.86456653022,0.0003204890913974392,18.828878514357232,0.18828878514357233,58162.94603954999,59925.45955589999,SL,-0.17887905075359023,0.01882887851435723,0.018631269434349056,0.009409734389982315,0.009320294864606646,0.018730029254588963,-0.23506922795688545,-1.2484505,0 days 01:15:00
15m,VALIDATION,21,CLOSED,BTCUSDT,LONG,2024-09-16 03:00:00+00:00,2024-09-16 03:15:00+00:00,58350.01,58379.185005,2024-09-16 14:30:00+00:00,57795.39315495,57766.49545837253,0.0003185046882583474,18.594044120793914,0.18594044120793915,57795.39315495,59546.7687051,SL,-0.17664806533547983,0.018594044120793914,0.01839889962774618,0.009292375872459875,0.009204051839791689,0.018496427712251566,-0.2321374367962715,-1.248450499999996,0 days 11:15:00
15m,VALIDATION,22,CLOSED,BTCUSDT,LONG,2024-09-16 15:00:00+00:00,2024-09-16 15:15:00+00:00,57840.01,57868.930005,2024-09-17 09:45:00+00:00,59026.30860510001,58996.79545079746,0.0003173056524104105,18.362138589528907,0.18362138589528906,57290.24070495,59026.30860510001,TP,0.3764192528448168,0.01836213858952891,0.018720016670638828,0.009176481054237316,0.00936469068065945,0.018541171734896767,0.3207959258497523,1.747051000000009,0 days 18:30:00
15m,VALIDATION,23,CLOSED,BTCUSDT,LONG,2024-09-18 10:15:00+00:00,2024-09-18 10:30:00+00:00,59679.99,59709.82999499999,2024-09-18 18:00:00+00:00,60904.026594899995,60873.57458160255,0.00031289008931180537,18.682614039928264,0.18682614039928264,59112.731695049995,60904.026594899995,TP,0.3829889194991782,0.018682614039928266,0.01904673818756647,0.009336638700612203,0.00952813316036124,0.01886477186097344,0.32639479541071,1.7470510000000152,0 days 07:30:00
15m,VALIDATION,24,CLOSED,BTCUSDT,LONG,2024-09-20 13:15:00+00:00,2024-09-20 13:30:00+00:00,62917.99,62949.44899499999,2024-09-23 03:00:00+00:00,64208.43797489999,64176.33375591254,0.00030196742100351237,19.008682766612292,0.19008682766612292,62319.954505049995,64208.43797489999,TP,0.3896732469197567,0.019008682766612293,0.019379161993733567,0.009499591587510455,0.009694428210972182,0.019194019798482637,0.33209138236092817,1.7470510000000024,2 days 13:30:00
15m,VALIDATION,25,CLOSED,BTCUSDT,LONG,2024-09-24 14:30:00+00:00,2024-09-24 14:45:00+00:00,62921.95,62953.41097499999,2024-09-24 19:45:00+00:00,64212.479194499996,64180.37295490275,0.00030721833955956644,19.340442389350486,0.19340442389350487,62323.87686524999,64212.479194499996,TP,0.39647423628743445,0.019340442389350485,0.01971738761151893,0.009665388500423342,0.009863625618568017,0.01952901411899136,0.3378873921675737,1.7470510000000108,0 days 05:00:00
15m,VALIDATION,26,CLOSED,BTCUSDT,LONG,2024-09-25 06:30:00+00:00,2024-09-25 06:45:00+00:00,63967.01,63998.993505,2024-09-25 13:30:00+00:00,63359.00356995,63327.32406816503,0.0003074734640965622,19.677992231675734,0.19677992231675734,63359.00356995,65278.9733751,SL,-0.18694584324045813,0.019677992231675736,0.019471471703204297,0.009834079076298645,0.009740606154678772,0.01957468523097742,-0.24566999240631557,-1.2484504999999935,0 days 06:45:00
15m,VALIDATION,27,CLOSED,BTCUSDT,LONG,2024-09-25 17:45:00+00:00,2024-09-25 18:00:00+00:00,63168.01,63199.594005,2024-09-26 10:30:00+00:00,64463.5858851,64431.35409215745,0.0003074793116914621,19.432567663837254,0.19432567663837255,62567.59806495,64463.5858851,TP,0.39836278139460457,0.019432567663837254,0.019811308407605446,0.009711428117858769,0.009910609508556403,0.01962203762641517,0.3394968676967467,1.7470510000000066,0 days 16:30:00
15m,VALIDATION,28,CLOSED,BTCUSDT,LONG,2024-09-28 08:15:00+00:00,2024-09-28 08:30:00+00:00,65642.63,65675.451315,2024-09-30 01:45:00+00:00,65018.69680185,64986.18745344908,0.0003010519909333039,19.77172537382402,0.1977172537382402,65018.69680185,66988.9603413,SL,-0.18783633151244328,0.01977172537382402,0.019564221116025737,0.009880922225797237,0.009787004060041207,0.019667926285838445,-0.24684020428813147,-1.248450499999993,1 days 17:15:00
15m,VALIDATION,29,CLOSED,BTCUSDT,LONG,2024-09-30 03:00:00+00:00,2024-09-30 03:15:00+00:00,64430.0,64462.215,2024-09-30 09:15:00+00:00,63817.59284999999,63785.684053574994,0.00030289265988062266,19.52513176314657,0.19525131763146572,63817.59284999999,65751.4593,SL,-0.1854936305934134,0.01952513176314657,0.019320215505292348,0.0097576870380532,0.009664940222757344,0.019422627260810545,-0.24376160512266284,-1.2484505000000032,0 days 06:00:00
15m,VALIDATION,30,CLOSED,BTCUSDT,LONG,2024-09-30 10:15:00+00:00,2024-09-30 10:30:00+00:00,63609.99,63641.794995,2024-09-30 23:30:00+00:00,63005.377045049994,62973.87435652747,0.00030297092779400396,19.281613676110947,0.19281613676110948,63005.377045049994,64914.630894899994,SL,-0.18318014791747697,0.019281613676110948,0.01907925314058016,0.009635988843633233,0.00954439876967443,0.01918038761330766,-0.24072140234747572,-1.248450500000001,0 days 13:00:00
15m,VALIDATION,31,CLOSED,BTCUSDT,LONG,2024-10-01 13:45:00+00:00,2024-10-01 14:00:00+00:00,62866.8,62898.2334,2024-10-01 15:00:00+00:00,62269.251066,62238.116440467,0.00030272921392868397,19.041132754684895,0.19041132754684895,62269.251066,64156.198068,SL,-0.18089551907374482,0.019041132754684897,0.018841296066424477,0.00951580847310421,0.009425360713568736,0.018941169186672945,-0.23771911708152713,-1.2484504999999988,0 days 01:00:00
15m,VALIDATION,32,CLOSED,BTCUSDT,LONG,2024-10-01 15:15:00+00:00,2024-10-01 15:30:00+00:00,62372.01,62403.196005,2024-10-01 17:15:00+00:00,61779.16404495,61748.274462927526,0.0003013251295291381,18.80365111923882,0.18803651119238818,61779.16404495,63651.2599251,SL,-0.17863938419626824,0.018803651119238818,0.018606306800742406,0.00939712699612012,0.009307807304022185,0.018704934300142306,-0.23475427641639177,-1.2484504999999955,0 days 01:45:00
15m,VALIDATION,33,CLOSED,BTCUSDT,LONG,2024-10-01 20:45:00+00:00,2024-10-01 21:00:00+00:00,60809.03,60839.43451499999,2024-10-02 16:00:00+00:00,62056.2232053,62025.19509369735,0.0003052153839135513,18.569131362579085,0.18569131362579086,60231.04016984999,62056.2232053,TP,0.38066255297001156,0.018569131362579087,0.01893104373283576,0.009279925718428717,0.009470256994913922,0.01875018271334264,0.3244121951612541,1.7470510000000137,0 days 19:00:00
15m,VALIDATION,34,CLOSED,BTCUSDT,LONG,2024-10-02 19:00:00+00:00,2024-10-02 19:15:00+00:00,60849.7,60880.12484999999,2024-10-02 19:15:00+00:00,60271.32360149999,60241.187939699244,0.00031033476879660656,18.89321946963329,0.1889321946963329,60271.32360149999,62097.72734699999,SL,-0.17949030590591278,0.01889321946963329,0.018694935131299488,0.009441888790420128,0.009352143637468013,0.01879403242788814,-0.2358724929347337,-1.2484504999999975,0 days 00:00:00
15m,VALIDATION,35,CLOSED,BTCUSDT,LONG,2024-10-02 19:45:00+00:00,2024-10-02 20:00:00+00:00,60190.01,60220.105005,2024-10-03 03:45:00+00:00,61424.5071051,61393.79485154745,0.00030982314979366974,18.657582613554634,0.18657582613554635,59617.903954949994,61424.5071051,TP,0.3824757815132476,0.018657582613554633,0.019021218898692818,0.009324129242154871,0.009515367132912445,0.018839496375067315,0.32595748362593285,1.7470510000000026,0 days 07:45:00
15m,VALIDATION,36,CLOSED,BTCUSDT,LONG,2024-10-03 08:30:00+00:00,2024-10-03 08:45:00+00:00,60390.0,60420.195,2024-10-04 08:30:00+00:00,61628.5989,61597.78460055,0.00031418658058499804,18.983214465328796,0.18983214465328796,59815.99305,61628.5989,TP,0.38915115310733905,0.018983214465328798,0.019353197315258055,0.009486863800763924,0.0096814393773158,0.019168303178079722,0.3316464381486725,1.747051000000006,0 days 23:45:00
15m,VALIDATION,37,CLOSED,BTCUSDT,LONG,2024-10-05 03:00:00+00:00,2024-10-05 03:15:00+00:00,61859.98,61890.90999,2024-10-07 00:30:00+00:00,63128.7281898,63097.1638257051,0.00031207376966141203,19.314529588354446,0.19314529588354445,61272.0008901,63128.7281898,TP,0.3959430303419777,0.019314529588354445,0.019690969770031472,0.009652438574888811,0.009850410090060248,0.019502848664949057,0.3374346823186427,1.7470510000000026,1 days 21:15:00
15m,VALIDATION,38,CLOSED,BTCUSDT,LONG,2024-10-07 10:30:00+00:00,2024-10-07 10:45:00+00:00,63026.0,63057.513,2024-10-07 14:15:00+00:00,64318.66326,64286.50392837,0.00031164608685230503,19.651627173088354,0.19651627173088354,62426.93787,64318.66326,TP,0.4028534465967441,0.019651627173088354,0.020034637386691846,0.00982090313497638,0.010022329858274634,0.01984323299325101,0.3433239490437129,1.7470510000000055,0 days 03:30:00
15m,VALIDATION,39,CLOSED,BTCUSDT,LONG,2024-10-07 23:00:00+00:00,2024-10-07 23:15:00+00:00,62624.44,62655.75222,2024-10-08 07:15:00+00:00,62029.194697800005,61998.18010045111,0.0003191184756821357,19.99460814116399,0.19994608141163991,62029.194697800005,63908.8672644,SL,-0.18995377349501533,0.01999460814116399,0.019784764728722475,0.009992307916623618,0.009897331029875521,0.019889638946499137,-0.24962278531140095,-1.248450499999992,0 days 08:00:00
15m,VALIDATION,40,CLOSED,BTCUSDT,LONG,2024-10-09 08:45:00+00:00,2024-10-09 09:00:00+00:00,62150.0,62181.075,2024-10-09 18:00:00+00:00,61559.26425,61528.484617875,0.0003175441198027614,19.745234729264492,0.19745234729264494,61559.26425,63424.6965,SL,-0.18758466376977406,0.019745234729264493,0.019538008490780863,0.009867683522869887,0.009773891190985574,0.019641574713855463,-0.24650948170367487,-1.2484504999999932,0 days 09:00:00
15m,VALIDATION,41,CLOSED,BTCUSDT,LONG,2024-10-09 19:30:00+00:00,2024-10-09 19:45:00+00:00,61107.49,61138.043744999995,2024-10-09 20:45:00+00:00,60526.66330754999,60496.39997589622,0.00031893352021709025,19.498971510779302,0.19498971510779303,60526.66330754999,62360.804619899995,SL,-0.18524510165912958,0.0194989715107793,0.019294329804773674,0.009744613448664502,0.009651990897833697,0.0193966043464982,-0.24343500732118076,-1.2484504999999948,0 days 01:00:00
15m,VALIDATION,42,CLOSED,BTCUSDT,LONG,2024-10-09 21:00:00+00:00,2024-10-09 21:15:00+00:00,60624.3,60654.61215,2024-10-10 17:00:00+00:00,60048.0660285,60018.04199548575,0.000317466042774352,19.25577969527363,0.1925577969527363,60048.0660285,61867.704393,SL,-0.18293471864425542,0.01925577969527363,0.019053690287371732,0.009623078308481917,0.00953161094915976,0.019154689257641678,-0.24039887788454242,-1.2484505000000015,0 days 19:45:00
15m,VALIDATION,43,CLOSED,BTCUSDT,LONG,2024-10-10 17:15:00+00:00,2024-10-10 17:30:00+00:00,60252.53,60282.656265,2024-10-10 17:45:00+00:00,59679.82970235,59649.989787498824,0.0003154409933848368,19.015620976108256,0.19015620976108255,59679.82970235,61488.3093903,SL,-0.18065315080250793,0.019015620976108257,0.018816052033963998,0.009503058958574515,0.009412732383173398,0.018915791341747912,-0.23740061515432812,-1.2484504999999986,0 days 00:15:00
15m,VALIDATION,44,CLOSED,BTCUSDT,LONG,2024-10-10 18:30:00+00:00,2024-10-10 18:45:00+00:00,59241.99,59271.610994999995,2024-10-11 01:45:00+00:00,60457.0432149,60426.81469329255,0.0003168204340858853,18.77845752440563,0.1877845752440563,58678.894885049995,60457.0432149,TP,0.38495368698206817,0.018778457524405632,0.019144449661556297,0.009384536493955042,0.009577013337445334,0.018961549831400377,0.32806922996470583,1.7470510000000108,0 days 07:00:00
15m,VALIDATION,45,CLOSED,BTCUSDT,LONG,2024-10-13 02:15:00+00:00,2024-10-13 02:30:00+00:00,62787.99,62819.383995,2024-10-13 15:15:00+00:00,62191.19015505,62160.09455997247,0.0003041449596895536,19.106199012881863,0.19106199012881864,62191.19015505,64075.771674899996,SL,-0.18151366478504988,0.019106199012881863,0.018905679454241667,0.009548325343768602,0.009457568511376278,0.01900589385514488,-0.23853143710731828,-1.248450499999998,0 days 12:45:00
15m,VALIDATION,46,CLOSED,BTCUSDT,LONG,2024-10-13 15:30:00+00:00,2024-10-13 15:45:00+00:00,62112.0,62143.056,2024-10-14 03:30:00+00:00,63385.91712,63354.224161440005,0.0003036205021671047,18.86790586891851,0.1886790586891851,61521.625439999996,63385.91712,TP,0.3867873556936713,0.01886790586891851,0.019235641354303733,0.00942923831530065,0.009622631993146532,0.019051870308447183,0.32963193816200187,1.7470510000000123,0 days 11:45:00
15m,VALIDATION,47,CLOSED,BTCUSDT,LONG,2024-10-15 04:00:00+00:00,2024-10-15 04:15:00+00:00,65499.97,65532.719984999996,2024-10-15 13:45:00+00:00,66843.3743847,66809.95269750766,0.0002929408165697853,19.197208504444987,0.19197208504444987,64877.39278515,66843.3743847,TP,0.3935379774374478,0.019197208504444986,0.019571362098196623,0.009593807348546732,0.009790576337264536,0.019384383685811267,0.33538502314899493,1.7470510000000194,0 days 09:30:00
15m,VALIDATION,48,CLOSED,BTCUSDT,LONG,2024-10-17 07:00:00+00:00,2024-10-17 07:15:00+00:00,67188.02,67221.61401,2024-10-18 14:30:00+00:00,68566.0462902,68531.7632670549,0.00029056515177864,19.532258477620804,0.19532258477620804,66549.3978699,68566.0462902,TP,0.400406418166918,0.019532258477620804,0.019912942195349635,0.009761248614503356,0.009961451823584712,0.01972270043808807,0.34123851705585956,1.7470510000000028,1 days 07:15:00
15m,VALIDATION,49,CLOSED,BTCUSDT,LONG,2024-10-19 12:00:00+00:00,2024-10-19 12:15:00+00:00,68174.0,68208.087,2024-10-21 13:30:00+00:00,67526.00613,67492.24312693499,0.0002913607018044243,19.87315609705723,0.1987315609705723,67526.00613,69572.24874,SL,-0.18879994872816655,0.01987315609705723,0.01966458732381861,0.009931612242407276,0.00983721226804433,0.019768824510451605,-0.24810651665949401,-1.2484505000000128,2 days 01:15:00
15m,VALIDATION,50,CLOSED,BTCUSDT,LONG,2024-10-21 14:00:00+00:00,2024-10-21 14:15:00+00:00,67349.48,67383.15474,2024-10-22 00:30:00+00:00,66709.3231926,66675.9685310037,0.00029124931171270566,19.62529743905574,0.1962529743905574,66709.3231926,68730.8178348,SL,-0.18644522954345166,0.01962529743905574,0.01941932994243285,0.00980774484710496,0.009714522232332207,0.019522267079437168,-0.2450121240043774,-1.2484504999999941,0 days 10:15:00
15m,VALIDATION,51,CLOSED,BTCUSDT,LONG,2024-10-22 00:30:00+00:00,2024-10-22 00:45:00+00:00,66968.3,67001.78414999999,2024-10-23 09:00:00+00:00,66331.7663085,66298.60042534575,0.00028925394044761437,19.38053008240801,0.19380530082408012,66331.7663085,68341.81983299999,SL,-0.18411987849404346,0.01938053008240801,0.019177131419193142,0.009685422330035895,0.009593362390790379,0.019278784720826274,-0.24195632471647086,-1.2484504999999877,1 days 08:15:00
15m,VALIDATION,52,CLOSED,BTCUSDT,LONG,2024-10-23 09:15:00+00:00,2024-10-23 09:30:00+00:00,66352.0,66385.17599999999,2024-10-23 17:00:00+00:00,65721.32423999999,65688.46357787999,0.00028829953651552645,19.138815472301648,0.19138815472301648,65721.32423999999,67712.87951999999,SL,-0.1818235292995811,0.01913881547230165,0.01893795360391984,0.009564625423436857,0.009473713658789752,0.01903833908222661,-0.23893863745802918,-1.24845050000001,0 days 07:30:00
15m,VALIDATION,53,CLOSED,BTCUSDT,LONG,2024-10-23 18:15:00+00:00,2024-10-23 18:30:00+00:00,65626.22,65659.03311,2024-10-24 00:45:00+00:00,66972.2137722,66938.72766531391,0.00028785248029950986,18.900115534781143,0.18900115534781145,65002.442778900004,66972.2137722,TP,0.38744764579546437,0.018900115534781145,0.01926847878655403,0.00944533509984145,0.009639058922736043,0.019084394022577493,0.3301946574515517,1.7470510000000123,0 days 06:15:00
15m,VALIDATION,54,CLOSED,BTCUSDT,LONG,2024-10-25 06:45:00+00:00,2024-10-25 07:00:00+00:00,67646.21,67680.03310500001,2024-10-25 17:45:00+00:00,67003.23277395,66969.73115756303,0.00028413077602379867,19.229980327440035,0.19229980327440035,67003.23277395,69033.63376710001,SL,-0.1826896182032168,0.019229980327440034,0.01902816168390355,0.009610185071185313,0.009518840262082301,0.019129025333267616,-0.240076785547828,-1.2484505000000063,0 days 10:45:00
15m,VALIDATION,55,CLOSED,BTCUSDT,LONG,2024-10-25 18:00:00+00:00,2024-10-25 18:15:00+00:00,66971.99,67005.475995,2024-10-25 23:00:00+00:00,66335.42123505,66302.25352443248,0.00028341181219663104,18.99014337884081,0.1899014337884081,66335.42123505,68345.5855149,SL,-0.18041110726225168,0.01899014337884081,0.018790841824079876,0.009490326526156037,0.009400120972524595,0.018890447498680633,-0.23708253996385298,-1.2484504999999895,0 days 04:45:00
15m,VALIDATION,56,CLOSED,BTCUSDT,LONG,2024-10-25 23:15:00+00:00,2024-10-25 23:30:00+00:00,65835.67,65868.587835,2024-10-26 05:30:00+00:00,67185.9595917,67152.36661190414,0.000284707753740645,18.753297684571226,0.18753297684571227,65209.90195665,67185.9595917,TP,0.3844379165522793,0.018753297684571228,0.01911879945644352,0.00937196286085524,0.00956418181913202,0.018936144679987263,0.32762967473127735,1.7470509999999941,0 days 06:00:00
15m,VALIDATION,57,CLOSED,BTCUSDT,LONG,2024-10-26 15:00:00+00:00,2024-10-26 15:15:00+00:00,66825.52,66858.93276,2024-10-27 22:00:00+00:00,68196.1114152,68162.0133594924,0.0002853859502278144,19.080600056930148,0.1908060005693015,66190.3434324,68196.1114152,TP,0.3911475334009339,0.019080600056930148,0.01945248095203972,0.009535532262331618,0.009731106029033336,0.019266638291364956,0.3333478141005991,1.747051000000002,1 days 06:45:00
15m,VALIDATION,58,CLOSED,BTCUSDT,LONG,2024-10-30 12:00:00+00:00,2024-10-30 12:15:00+00:00,72062.0,72098.031,2024-10-31 13:45:00+00:00,71377.05069,71341.362164655,0.00026926692153675385,19.413614856231447,0.19413614856231448,71377.05069,73539.99162,SL,-0.1844341921124227,0.01941361485623145,0.019209868968315297,0.009701956449891498,0.009609739353835061,0.01931169580372656,-0.242369371740696,-1.248450500000001,1 days 01:30:00
15m,VALIDATION,59,CLOSED,BTCUSDT,LONG,2024-10-31 15:00:00+00:00,2024-10-31 15:15:00+00:00,70774.41,70809.797205,2024-10-31 19:45:00+00:00,70101.69923294999,70066.64838333352,0.0002707462578410198,19.17148761173525,0.19171487611735252,70101.69923294999,72225.9931491,SL,-0.18213392278815269,0.019171487611735254,0.018970282849250092,0.009580953329200807,0.00948988636780742,0.019070839697008228,-0.23934653294614627,-1.2484504999999972,0 days 04:30:00
15m,VALIDATION,60,CLOSED,BTCUSDT,LONG,2024-10-31 20:15:00+00:00,2024-10-31 20:30:00+00:00,70193.74,70228.83687,2024-11-01 01:30:00+00:00,69526.5485013,69491.78522704936,0.00026958128640604137,18.932380186214626,0.18932380186214626,69526.5485013,71633.4136074,SL,-0.17986234249872216,0.018932380186214626,0.01873368485616031,0.009461459363423968,0.009371528192173375,0.01883298755559734,-0.23636139509669443,-1.2484504999999841,0 days 05:00:00
15m,VALIDATION,61,CLOSED,BTCUSDT,LONG,2024-11-01 18:15:00+00:00,2024-11-01 18:30:00+00:00,69459.9,69494.62994999999,2024-11-03 02:00:00+00:00,68799.68365049998,68765.28380867474,0.0002690316493495879,18.696254916387765,0.18696254916387767,68799.68365049998,70884.52254899999,SL,-0.17761909343355253,0.018696254916387767,0.018500037721040277,0.009343455730326985,0.009254646183610587,0.01859810191393757,-0.23341348798491815,-1.2484505000000026,1 days 07:30:00
15m,VALIDATION,62,CLOSED,BTCUSDT,LONG,2024-11-03 02:45:00+00:00,2024-11-03 03:00:00+00:00,68214.91,68249.017455,2024-11-03 15:30:00+00:00,67566.52728045,67532.74401680978,0.00027052513423924616,18.463074608710528,0.18463074608710528,67566.52728045,69613.9978041,SL,-0.17540382224467269,0.01846307460871053,0.018269304640692114,0.009226923842431423,0.009139221931309364,0.018366145773740787,-0.2305023472678161,-1.2484504999999808,0 days 12:30:00
15m,VALIDATION,63,CLOSED,BTCUSDT,LONG,2024-11-03 15:30:00+00:00,2024-11-03 15:45:00+00:00,67692.05,67725.896025,2024-11-03 21:00:00+00:00,69080.4139455,69045.87373852725,0.00026921463729010745,18.232802533517905,0.18232802533517906,67048.63706475,69080.4139455,TP,0.3737678960144433,0.018232802533517906,0.01858815985489617,0.009111845344084659,0.0092987292920921,0.018410574636176756,0.31853635898985255,1.7470510000000146,0 days 05:15:00
15m,VALIDATION,64,CLOSED,BTCUSDT,LONG,2024-11-04 14:45:00+00:00,2024-11-04 15:00:00+00:00,68394.01,68428.20700499999,2024-11-04 16:45:00+00:00,67743.92493494999,67710.05297248252,0.0002711019546809315,18.551020674366907,0.18551020674366908,67743.92493494999,69796.77114509999,SL,-0.17623933184393742,0.018551020674366907,0.01835632771238943,0.009270874899732107,0.009182755233810385,0.01845363013354249,-0.23160031036423623,-1.2484504999999957,0 days 01:45:00
15m,VALIDATION,65,CLOSED,BTCUSDT,LONG,2024-11-04 17:15:00+00:00,2024-11-04 17:30:00+00:00,67798.0,67831.89899999999,2024-11-04 21:15:00+00:00,67153.58000999999,67120.003219995,0.00027007428662647497,18.3196517329441,0.18319651732944098,67153.58000999999,69188.53697999999,SL,-0.1740412690870927,0.0183196517329441,0.018127386988006852,0.009155248242348266,0.009068227607806722,0.018223475850154987,-0.2287117836581986,-1.2484504999999966,0 days 03:45:00
15m,VALIDATION,66,CLOSED,BTCUSDT,LONG,2024-11-04 21:45:00+00:00,2024-11-04 22:00:00+00:00,67120.56,67154.12027999999,2024-11-05 04:45:00+00:00,68497.20268559999,68462.95408425719,0.0002693977429404912,18.09116843258626,0.18091168432586263,66482.57907719999,68497.20268559999,TP,0.3708644323361732,0.018091168432586263,0.018443765305337367,0.009041063684448375,0.009226495900618671,0.018267559585067046,0.3160619390131825,1.7470509999999995,0 days 06:45:00
15m,VALIDATION,67,CLOSED,BTCUSDT,LONG,2024-11-07 04:45:00+00:00,2024-11-07 05:00:00+00:00,74707.34,74744.69367,2024-11-07 17:15:00+00:00,76239.58754339999,76201.4677496283,0.0002462638312048437,18.40691462540663,0.18406914625406628,73997.2467333,76239.58754339999,TP,0.3773371503918924,0.01840691462540663,0.018765665391455806,0.009198857883760642,0.009387526458955747,0.018586384342716387,0.32157818603231364,1.7470510000000048,0 days 12:15:00
15m,VALIDATION,68,CLOSED,BTCUSDT,LONG,2024-11-09 16:45:00+00:00,2024-11-09 17:00:00+00:00,76087.19,76125.233595,2024-11-10 04:30:00+00:00,77647.73826689999,77608.91439776655,0.0002460179190273109,18.72817155450984,0.1872817155450984,75363.98125905,77647.73826689999,TP,0.38392283716441217,0.01872817155450984,0.019093183618107235,0.009359406074216715,0.009551367492797778,0.018910773567014493,0.3271907084247806,1.7470510000000048,0 days 11:30:00
15m,VALIDATION,69,CLOSED,BTCUSDT,LONG,2024-11-12 10:45:00+00:00,2024-11-12 11:00:00+00:00,86787.52,86830.91376,2024-11-12 13:00:00+00:00,85962.6046224,85919.62332008881,0.0002194499006627757,19.055035399090045,0.19055035399090045,85962.6046224,88567.5320352,SL,-0.18102759766951657,0.019055035399090044,0.018855052802576596,0.009522756321382518,0.009432242522548002,0.01895499884393052,-0.23789268471511374,-1.2484504999999846,0 days 02:00:00
15m,VALIDATION,70,CLOSED,BTCUSDT,LONG,2024-11-12 14:15:00+00:00,2024-11-12 14:30:00+00:00,86012.02,86055.02601,2024-11-12 17:30:00+00:00,87776.12653020001,87732.23846693491,0.0002186668372770923,18.817380369404617,0.18817380369404618,85194.4757499,87776.12653020001,TP,0.38575159557870065,0.018817380369404616,0.019184131112804315,0.009403988190606422,0.009596863988395923,0.019000852179002346,0.3287492319174894,1.7470510000000123,0 days 03:00:00
15m,VALIDATION,71,CLOSED,BTCUSDT,LONG,2024-11-13 03:45:00+00:00,2024-11-13 04:00:00+00:00,87136.0,87179.568,2024-11-13 04:45:00+00:00,86307.77232,86264.61843384,0.00021961339818191118,19.145801180511,0.19145801180511002,86307.77232,88923.15936,SL,-0.18188989527311972,0.019145801180511002,0.01894486599712154,0.009568116531989353,0.009477171584352587,0.01904528811634194,-0.2390258505670942,-1.248450499999993,0 days 00:45:00
15m,VALIDATION,72,CLOSED,BTCUSDT,LONG,2024-11-13 06:00:00+00:00,2024-11-13 06:15:00+00:00,86691.19,86734.535595,2024-11-13 13:30:00+00:00,88469.22630689999,88424.99169374655,0.00021798714880185915,18.907014117007414,0.18907014117007415,85867.19023904999,88469.22630689999,TP,0.38758906500731555,0.018907014117007414,0.019275511822147887,0.009448782667168289,0.0096425771996723,0.019091359866840588,0.33031517920131964,1.7470510000000024,0 days 07:15:00
15m,VALIDATION,73,CLOSED,BTCUSDT,LONG,2024-11-13 21:15:00+00:00,2024-11-13 21:30:00+00:00,88785.75,88830.14287499999,2024-11-14 07:45:00+00:00,90606.74573249999,90561.44235963374,0.00021655936474271635,19.236999311014728,0.19236999311014727,87941.84144625,90606.74573249999,TP,0.39435367902939417,0.01923699931101473,0.019611928427586408,0.009613692809100747,0.009810869648615621,0.019424562457716368,0.33608018883307667,1.747051000000004,0 days 10:15:00
15m,VALIDATION,74,CLOSED,BTCUSDT,LONG,2024-11-14 15:00:00+00:00,2024-11-14 15:15:00+00:00,89393.51,89438.20675499999,2024-11-14 15:15:00+00:00,88543.82468744999,88499.55277510626,0.0002188409681448495,19.57274375540342,0.19572743755403418,88543.82468744999,91226.9708901,SL,-0.18594595641690229,0.01957274375540342,0.019367327809690457,0.009781481137132533,0.009688508158925198,0.01946998929605773,-0.2443560172780539,-1.248450500000006,0 days 00:00:00
15m,VALIDATION,75,CLOSED,BTCUSDT,LONG,2024-11-14 16:15:00+00:00,2024-11-14 16:30:00+00:00,88226.79,88270.90339499999,2024-11-14 21:00:00+00:00,87388.19436104999,87344.50026386947,0.0002189694577332896,19.32863185003074,0.1932863185003074,87388.19436104999,90036.32146289998,SL,-0.18362683231838434,0.01932863185003074,0.019125777858764667,0.009659486181922883,0.00956767276576327,0.019227158947686153,-0.24130840097486594,-1.2484504999999892,0 days 04:30:00
15m,VALIDATION,76,CLOSED,BTCUSDT,LONG,2024-11-14 23:15:00+00:00,2024-11-14 23:30:00+00:00,87444.14,87487.86206999999,2024-11-15 09:15:00+00:00,89237.61931139999,89193.00050174429,0.00021817385937625665,19.087564516389516,0.19087564516389516,86612.9834493,89237.61931139999,TP,0.3912903030796073,0.019087564516389516,0.019459581148813947,0.009539012751816426,0.009734657903359008,0.019273670655175434,0.3334694867592284,1.747051000000001,0 days 09:45:00
15m,VALIDATION,77,CLOSED,BTCUSDT,LONG,2024-11-16 15:30:00+00:00,2024-11-16 15:45:00+00:00,90402.92,90448.12146,2024-11-17 02:00:00+00:00,89543.64024539999,89498.8684252773,0.00021471646456899598,19.420700866798335,0.19420700866798335,89543.64024539999,92257.0838892,SL,-0.18450151098342807,0.019420700866798334,0.019216880611201286,0.009705497684556157,0.009613246929064366,0.01931874461362052,-0.2424578370750482,-1.2484505000000004,0 days 10:15:00
15m,VALIDATION,78,CLOSED,BTCUSDT,LONG,2024-11-17 02:15:00+00:00,2024-11-17 02:30:00+00:00,89734.52,89779.38726,2024-11-17 22:00:00+00:00,88881.5933874,88837.1525907063,0.00021361791198021976,19.178485245344746,0.19178485245344745,88881.5933874,91574.9750052,SL,-0.18220040205597385,0.019178485245344747,0.01897720704269485,0.009584450397473437,0.009493350196445576,0.019077800593919014,-0.23943389493793243,-1.2484504999999986,0 days 19:30:00
15m,VALIDATION,79,CLOSED,BTCUSDT,LONG,2024-11-17 22:00:00+00:00,2024-11-17 22:15:00+00:00,89375.99,89420.677995,2024-11-18 06:30:00+00:00,91209.0915549,91163.48700912256,0.0002117998987456352,18.93929054510705,0.1893929054510705,88526.47121505,91209.0915549,TP,0.3882507237182865,0.01893929054510705,0.019308417317831186,0.009464912816145499,0.009659038178003601,0.0191239509941491,0.33087906486119917,1.7470510000000055,0 days 08:15:00
15m,VALIDATION,80,CLOSED,BTCUSDT,LONG,2024-11-18 12:00:00+00:00,2024-11-18 12:15:00+00:00,90276.0,90321.13799999999,2024-11-18 13:45:00+00:00,89417.92661999998,89373.21765668999,0.00021334805437739178,19.269839061451904,0.19269839061451904,89417.92661999998,92127.56076,SL,-0.18306828613603582,0.019269839061451903,0.019067602100501964,0.009630104478484947,0.009538570335418004,0.01916867481390295,-0.24057440211189263,-1.2484505000000052,0 days 01:30:00
15m,VALIDATION,81,CLOSED,BTCUSDT,LONG,2024-11-19 22:45:00+00:00,2024-11-19 23:00:00+00:00,91826.19,91872.103095,2024-11-20 12:15:00+00:00,93709.5451569,93662.69038432156,0.00020713039488962898,19.029504993408054,0.19029504993408053,90953.38206404999,93709.5451569,TP,0.3901000973661156,0.019029504993408053,0.01940039004572958,0.009509997497954273,0.009705047546637006,0.01921504504459128,0.33245515728238667,1.747051000000007,0 days 13:15:00
15m,VALIDATION,82,CLOSED,BTCUSDT,LONG,2024-11-21 15:30:00+00:00,2024-11-21 15:45:00+00:00,96234.52,96282.63726,2024-11-21 18:15:00+00:00,98208.2900052,98159.18586019741,0.00020109158388934012,19.361628027656195,0.19361628027656197,95319.8108874,98208.2900052,TP,0.3969085365789391,0.019361628027656196,0.01973898615791522,0.009675976025815004,0.00987443029410366,0.019550406319918664,0.33825751607344906,1.7470510000000061,0 days 02:30:00
15m,VALIDATION,83,CLOSED,BTCUSDT,LONG,2024-11-22 13:30:00+00:00,2024-11-22 13:45:00+00:00,97611.03,97659.835515,2024-11-24 12:30:00+00:00,96683.23715985,96634.89554127009,0.0002017159615337201,19.69954762413317,0.1969954762413317,96683.23715985,99613.0322253,SL,-0.18715062485495745,0.01969954762413317,0.019492800871817897,0.009844851386373402,0.009751276073943743,0.019596127460317143,-0.2459391008112257,-1.2484504999999848,1 days 22:45:00
15m,VALIDATION,84,CLOSED,BTCUSDT,LONG,2024-11-24 12:45:00+00:00,2024-11-24 13:00:00+00:00,96899.99,96948.439995,2024-11-24 15:45:00+00:00,95978.95559504999,95930.96611725248,0.00020066185920817977,19.453854216729354,0.19453854216729355,95978.95559504999,98887.4087949,SL,-0.18481647609196908,0.019453854216729356,0.01924968601672478,0.00972206607532463,0.009629657837278672,0.0193517239126033,-0.2428717402380265,-1.2484504999999886,0 days 02:45:00
15m,VALIDATION,85,CLOSED,BTCUSDT,LONG,2024-11-24 16:00:00+00:00,2024-11-24 16:15:00+00:00,96130.0,96178.06499999999,2024-11-24 23:00:00+00:00,98101.62629999999,98052.57548685,0.0001997464297665217,19.21122510560246,0.19211225105602459,95216.28434999999,98101.62629999999,TP,0.3938253142587749,0.01921122510560246,0.01958565188291065,0.009600812146725424,0.009797724803856359,0.01939853695058178,0.33562990031967993,1.747051000000006,0 days 06:45:00
15m,VALIDATION,86,CLOSED,BTCUSDT,LONG,2024-11-25 13:15:00+00:00,2024-11-25 13:30:00+00:00,97636.01,97684.82800499999,2024-11-25 14:30:00+00:00,96707.97972494998,96659.62573508751,0.00020009780546796828,19.546519711316428,0.1954651971131643,96707.97972494998,99638.52456509999,SL,-0.18569682144534244,0.019546519711316428,0.019341378986946163,0.009768375667823046,0.009675527257101251,0.019443902924924296,-0.24402862306852935,-1.2484505000000043,0 days 01:00:00
15m,VALIDATION,87,CLOSED,BTCUSDT,LONG,2024-11-25 17:15:00+00:00,2024-11-25 17:30:00+00:00,95075.93,95123.46796499999,2024-11-25 21:30:00+00:00,94172.23328534998,94125.1471687073,0.00020292295146544104,19.302734873086127,0.19302734873086128,94172.23328534998,97025.93732429999,SL,-0.18338080456640252,0.019302734873086126,0.019100152670593087,0.009646544164460001,0.009554853762177969,0.01920139792663797,-0.2409850900367197,-1.2484505000000081,0 days 04:00:00
15m,VALIDATION,88,CLOSED,BTCUSDT,LONG,2024-11-25 22:00:00+00:00,2024-11-25 22:15:00+00:00,94116.24,94163.29812,2024-11-25 22:15:00+00:00,93221.6651388,93175.05430623061,0.00020243545954712466,19.0619905273951,0.190619905273951,93221.6651388,96046.56408240001,SL,-0.18109367312632776,0.0190619905273951,0.01886193493681009,0.009526232147624044,0.009435685311059178,0.01896191745868322,-0.2379795160492162,-1.248450499999997,0 days 00:00:00
15m,VALIDATION,89,CLOSED,BTCUSDT,LONG,2024-11-26 00:00:00+00:00,2024-11-26 00:15:00+00:00,93384.02,93430.71201,2024-11-26 08:15:00+00:00,92496.4048899,92450.15668745506,0.0002014781686679791,18.824248753120163,0.18824248753120162,92496.4048899,95299.3262502,SL,-0.17883506686497455,0.018824248753120162,0.018626688262456167,0.009407420666226735,0.009318003132792838,0.01872542379901957,-0.23501142767957048,-1.2484504999999897,0 days 08:00:00
15m,VALIDATION,90,CLOSED,BTCUSDT,LONG,2024-11-26 08:30:00+00:00,2024-11-26 08:45:00+00:00,92780.01,92826.40000499999,2024-11-26 11:15:00+00:00,91898.13600494999,91852.18693694752,0.00020026061660357743,18.58947210209162,0.1858947210209162,91898.13600494999,94682.9280051,SL,-0.1766046300153736,0.01858947210209162,0.01839437559238017,0.009290091005541805,0.009201788690535461,0.018491879696077268,-0.23208035740592264,-1.2484504999999964,0 days 02:30:00
15m,VALIDATION,91,CLOSED,BTCUSDT,LONG,2024-11-26 20:30:00+00:00,2024-11-26 20:45:00+00:00,91415.98,91461.68798999999,2024-11-27 06:15:00+00:00,93290.92174979999,93244.2762889251,0.0002007138070226928,18.3576235931946,0.183576235931946,90547.07111009999,93290.92174979999,TP,0.3763266965481465,0.0183576235931946,0.018715413677025963,0.009174224684254237,0.009362388032527234,0.01853661271678147,0.32071704656114447,1.7470510000000123,0 days 09:30:00
15m,VALIDATION,92,CLOSED,BTCUSDT,LONG,2024-11-28 03:30:00+00:00,2024-11-28 03:45:00+00:00,95210.95,95258.55547499999,2024-11-29 11:45:00+00:00,97163.7265845,97115.14472120775,0.0001960770888238775,18.678020243105834,0.18678020243105833,94305.96992024999,97163.7265845,TP,0.3828947478121938,0.018678020243105834,0.01904205485764397,0.009334342950075798,0.009525790323983103,0.0188601332740589,0.3263145394373851,1.7470510000000117,1 days 08:00:00
15m,VALIDATION,93,CLOSED,BTCUSDT,LONG,2024-11-30 02:00:00+00:00,2024-11-30 02:15:00+00:00,96580.0,96628.29,2024-12-02 08:15:00+00:00,95662.00709999999,95614.17609645,0.00019667127291595802,19.004008793992337,0.19004008793992339,95662.00709999999,98560.85579999999,SL,-0.18054283217081413,0.019004008793992336,0.018804561721699385,0.009497255769110353,0.009406984353024037,0.01890424012213439,-0.23725564280864023,-1.2484504999999941,2 days 06:00:00
15m,VALIDATION,94,CLOSED,BTCUSDT,LONG,2024-12-02 09:00:00+00:00,2024-12-02 09:15:00+00:00,95357.96,95405.63898,2024-12-02 16:00:00+00:00,97313.75175960001,97265.09488372022,0.00019670734739004293,18.766990169807883,0.18766990169807884,94451.5825902,97313.75175960001,TP,0.38471860907822136,0.018766990169807884,0.01913275880821744,0.00937880568206231,0.009571164986601,0.01894997066866331,0.32786888943153275,1.7470510000000128,0 days 06:45:00
15m,VALIDATION,95,CLOSED,BTCUSDT,LONG,2024-12-03 09:30:00+00:00,2024-12-03 09:45:00+00:00,95240.01,95287.63000499998,2024-12-03 13:30:00+00:00,94334.75370494998,94287.58632809752,0.00020038835593759016,19.094531517891333,0.19094531517891333,94334.75370494998,97193.38260509999,SL,-0.18140282066722638,0.019094531517891335,0.018894134409611067,0.00954249451168777,0.009451793101353877,0.018994287613041647,-0.23838577420777043,-1.2484504999999921,0 days 03:45:00
15m,VALIDATION,96,CLOSED,BTCUSDT,LONG,2024-12-03 13:30:00+00:00,2024-12-03 13:45:00+00:00,94546.99,94594.263495,2024-12-03 14:30:00+00:00,93648.32086005001,93601.49669962,0.00019933961315008117,18.85638389131015,0.1885638389131015,93648.32086005001,96486.1487649,SL,-0.1791403587075487,0.018856383891310148,0.018658486142370853,0.00942348020555255,0.0093339100261961,0.01875739023174865,-0.23541261897297838,-1.248450499999986,0 days 00:45:00
15m,VALIDATION,97,CLOSED,BTCUSDT,LONG,2024-12-04 12:45:00+00:00,2024-12-04 13:00:00+00:00,95967.98,96015.96398999999,2024-12-04 16:15:00+00:00,95055.80435009999,95008.27644792495,0.00019393865015736436,18.6212064497787,0.18621206449778702,95055.80435009999,97936.28326979998,SL,-0.17690611424802333,0.0186212064497787,0.018425776888088274,0.009305950249763181,0.009217497192639803,0.018523447442402984,-0.2324765450282933,-1.2484504999999937,0 days 03:15:00
15m,VALIDATION,98,CLOSED,BTCUSDT,LONG,2024-12-04 17:15:00+00:00,2024-12-04 17:30:00+00:00,94996.99,95044.488495,2024-12-04 19:45:00+00:00,96945.3782649,96896.90557576757,0.00019347741715731922,18.388962149051142,0.18388962149051144,94094.04361005,96945.3782649,TP,0.3769691291124828,0.01838896214905114,0.01874736302133615,0.0091898861314584,0.009378370696013948,0.018568256827472346,0.32126454711462316,1.74705100000002,0 days 02:15:00
15m,VALIDATION,99,CLOSED,BTCUSDT,LONG,2024-12-05 16:00:00+00:00,2024-12-05 16:15:00+00:00,101453.99,101504.716995,2024-12-05 18:45:00+00:00,100489.66982504999,100439.42499013747,0.0001843254806915415,18.709905752562257,0.1870990575256226,100489.66982504999,103534.81133489999,SL,-0.17774877978821288,0.018709905752562258,0.018513545291689117,0.009350277737410576,0.009261403347517185,0.01861168108492776,-0.23358391191739203,-1.2484504999999986,0 days 02:30:00
15m,VALIDATION,100,CLOSED,BTCUSDT,LONG,2024-12-05 19:00:00+00:00,2024-12-05 19:15:00+00:00,100560.0,100610.28,2024-12-05 19:45:00+00:00,99604.17719999999,99554.37511139999,0.0001836448043997713,18.476555191206224,0.18476555191206223,99604.17719999999,102622.4856,SL,-0.17553189114684337,0.018476555191206223,0.018282643744474514,0.009233660765220288,0.009145894819647319,0.018379555584867605,-0.23067064566739173,-1.248450500000009,0 days 00:30:00
15m,VALIDATION,101,CLOSED,BTCUSDT,LONG,2024-12-05 20:30:00+00:00,2024-12-05 20:45:00+00:00,98959.99,99009.469995,2024-12-05 22:15:00+00:00,98019.37529505,97970.36560740249,0.00018428656356473506,18.246114985744295,0.18246114985744297,98019.37529505,100989.65939490001,SL,-0.1733426516136926,0.018246114985744296,0.018054622008968912,0.00911849824375055,0.009031826917941493,0.018150325161692044,-0.22779371377009786,-1.2484504999999904,0 days 01:30:00
15m,VALIDATION,102,CLOSED,BTCUSDT,LONG,2024-12-07 03:30:00+00:00,2024-12-07 03:45:00+00:00,99485.97,99535.71298499999,2024-12-09 03:45:00+00:00,98540.35585514999,98491.08567722242,0.00018102596844649332,18.018548838121824,0.18018548838121823,98540.35585514999,101526.4272447,SL,-0.17118071634817622,0.018018548838121824,0.017829444168065738,0.009004772033042554,0.0089191816748688,0.017923953707911354,-0.22495266306227513,-1.2484504999999946,2 days 00:00:00
15m,VALIDATION,103,CLOSED,BTCUSDT,LONG,2024-12-09 03:45:00+00:00,2024-12-09 04:00:00+00:00,99090.84,99140.38541999999,2024-12-09 11:15:00+00:00,98148.98156579999,98099.9070750171,0.00017948105434140326,17.793820902994682,0.1779382090299468,98148.98156579999,101123.19312839999,SL,-0.16904574481056103,0.01779382090299468,0.017607074752617753,0.008892464219386735,0.00880794134698095,0.017700405566367684,-0.22214704603254115,-1.2484504999999975,0 days 07:15:00
15m,VALIDATION,104,CLOSED,BTCUSDT,LONG,2024-12-09 20:30:00+00:00,2024-12-09 20:45:00+00:00,96886.09,96934.53304499999,2024-12-09 21:00:00+00:00,95965.18771454999,95917.20512069271,0.0001812759109689592,17.57189578208305,0.1757189578208305,95965.18771454999,98873.22370589999,SL,-0.16693740070834656,0.01757189578208305,0.01738747873585009,0.008781557112483962,0.008698088412131254,0.017479645524615214,-0.2193764207508949,-1.2484505000000008,0 days 00:15:00
15m,VALIDATION,105,CLOSED,BTCUSDT,LONG,2024-12-09 21:00:00+00:00,2024-12-09 21:15:00+00:00,96544.01,96592.28200499999,2024-12-09 22:15:00+00:00,95626.35918494998,95578.54600535751,0.00017964932765225907,17.35273851859565,0.1735273851859565,95626.35918494998,98524.12764509999,SL,-0.16485535194328288,0.017352738518595652,0.01717062152784299,0.008672033242674983,0.008589605566704126,0.017261638809379108,-0.21664035079910063,-1.2484505000000037,0 days 01:00:00
15m,VALIDATION,106,CLOSED,BTCUSDT,LONG,2024-12-10 16:00:00+00:00,2024-12-10 16:15:00+00:00,95810.6,95858.5053,2024-12-10 16:30:00+00:00,94899.920247,94852.4702868765,0.00017876676188610907,17.136314591723426,0.17136314591723426,94899.920247,97775.67540600001,SL,-0.16279927055905233,0.017136314591723427,0.016956468970083287,0.008563875358182359,0.008482475722903131,0.01704635108108549,-0.21393840520194454,-1.2484505000000028,0 days 00:15:00
15m,VALIDATION,107,CLOSED,BTCUSDT,LONG,2024-12-10 17:30:00+00:00,2024-12-10 17:45:00+00:00,94856.02,94903.44801,2024-12-10 21:15:00+00:00,96801.5169702,96753.1162117149,0.00017831375219811682,16.922589911202003,0.16922589911202005,93954.41352989999,96801.5169702,TP,0.34690886464642884,0.016922589911202005,0.01725241118857133,0.008457066422387794,0.008630520854711506,0.0170875872770993,0.29564627626955625,1.7470510000000148,0 days 03:30:00
15m,VALIDATION,108,CLOSED,BTCUSDT,LONG,2024-12-12 19:45:00+00:00,2024-12-12 20:00:00+00:00,99481.33,99531.07066499999,2024-12-13 17:30:00+00:00,101521.6920783,101470.93123226085,0.00017299061209235928,17.217940836546212,0.17217940836546214,98535.75995835,101521.6920783,TP,0.35296348481515416,0.017217940836546212,0.0175535185034505,0.008604668084229307,0.008781149826638454,0.01738581791086776,0.30080620756428966,1.747051000000004,0 days 21:30:00
15m,VALIDATION,109,CLOSED,BTCUSDT,LONG,2024-12-14 19:00:00+00:00,2024-12-14 19:15:00+00:00,100978.89,101029.379445,2024-12-15 12:30:00+00:00,103049.9670339,102998.44205038306,0.0001733995263026001,17.518446538408643,0.17518446538408644,100019.08565055,103049.9670339,TP,0.3591237766144542,0.017518446538408644,0.01785988106144223,0.008754845846281051,0.008934407734586317,0.01768925358086737,0.30605619543373597,1.7470510000000135,0 days 17:15:00
15m,VALIDATION,110,CLOSED,BTCUSDT,LONG,2024-12-16 12:00:00+00:00,2024-12-16 12:15:00+00:00,104060.45,104112.48022499999,2024-12-16 15:15:00+00:00,106194.7298295,106141.63246458524,0.00017120134824256505,17.824196983397393,0.17824196983397392,103071.35542274998,106194.7298295,TP,0.3653915843373111,0.017824196983397392,0.018171590582603807,0.008907644669363153,0.009090340461532507,0.01799798513089566,0.31139781164041425,1.7470510000000015,0 days 03:00:00
15m,VALIDATION,111,CLOSED,BTCUSDT,LONG,2024-12-18 02:00:00+00:00,2024-12-18 02:15:00+00:00,105407.99,105460.693995,2024-12-18 04:00:00+00:00,104406.08705505,104353.88401152247,0.00017196249162908697,18.13528370831289,0.1813528370831289,104406.08705505,107569.90787489999,SL,-0.17228972678412344,0.01813528370831289,0.017944953905794148,0.009063110299005039,0.008976965435614506,0.018040075734619545,-0.22641004013285002,-1.2484504999999955,0 days 01:45:00
15m,VALIDATION,112,CLOSED,BTCUSDT,LONG,2024-12-18 04:30:00+00:00,2024-12-18 04:45:00+00:00,104052.84,104104.86641999999,2024-12-18 19:45:00+00:00,103063.81775579999,103012.2858469221,0.00017202942060156885,17.90909985203632,0.1790909985203632,103063.81775579999,106186.9637484,SL,-0.1701409236317908,0.01790909985203632,0.0177211438490892,0.008950074888572959,0.008865004426756674,0.017815079315329635,-0.22358624664824597,-1.248450499999996,0 days 15:00:00
15m,VALIDATION,113,CLOSED,BTCUSDT,LONG,2024-12-18 20:45:00+00:00,2024-12-18 21:00:00+00:00,100846.68,100897.10333999999,2024-12-19 01:45:00+00:00,99888.13230659999,99838.18824044669,0.00017528488314154055,17.68573696827184,0.1768573696827184,99888.13230659999,102915.04540679998,SL,-0.16801892042321284,0.01768573696827184,0.017500125158789823,0.008838449259505101,0.008754439799294703,0.017592889058799806,-0.22079767160907432,-1.2484504999999984,0 days 04:45:00
15m,VALIDATION,114,CLOSED,BTCUSDT,LONG,2024-12-19 02:30:00+00:00,2024-12-19 02:45:00+00:00,99336.79,99386.458395,2024-12-19 05:30:00+00:00,101374.1875629,101323.50046911856,0.00017572977401351822,17.46515987375728,0.1746515987375728,98392.59381105,101374.1875629,TP,0.3580314133041107,0.01746515987375728,0.017805555839696813,0.008728215828964265,0.008907231535614159,0.01763544736457842,0.30512525022607817,1.7470510000000166,0 days 02:45:00
15m,VALIDATION,115,CLOSED,BTCUSDT,LONG,2024-12-19 15:30:00+00:00,2024-12-19 15:45:00+00:00,100233.95,100284.066975,2024-12-19 17:30:00+00:00,99281.22630524999,99231.58569209737,0.0001771964464502968,17.769980303553563,0.17769980303553565,99281.22630524999,102289.7483145,SL,-0.16881925315869836,0.017769980303553562,0.01758348436026777,0.008880549876837864,0.008796140250257496,0.01767669012709536,-0.22184940794961505,-1.2484504999999946,0 days 01:45:00
15m,VALIDATION,116,CLOSED,BTCUSDT,LONG,2024-12-19 17:45:00+00:00,2024-12-19 18:00:00+00:00,98855.86,98905.28792999999,2024-12-19 18:00:00+00:00,97916.2350507,97867.27693317465,0.00017742582717927003,17.54835252338412,0.17548352523384123,97916.2350507,100883.39368859999,SL,-0.1667137338678334,0.01754835252338412,0.017364182563651204,0.008769791366007413,0.00868643449907348,0.017456225865080895,-0.21908249481994962,-1.2484504999999881,0 days 00:00:00
15m,VALIDATION,117,CLOSED,BTCUSDT,LONG,2024-12-19 18:15:00+00:00,2024-12-19 18:30:00+00:00,98459.85,98509.079925,2024-12-19 19:30:00+00:00,97523.98912575,97475.22713118713,0.0001759176809426013,17.32948889219536,0.1732948889219536,97523.98912575,100479.2615235,SL,-0.1646344746829767,0.01732948889219536,0.017147615906271774,0.008660414238976849,0.00857809700163556,0.01723851124061241,-0.21635009072205627,-1.2484504999999932,0 days 01:00:00
15m,VALIDATION,118,CLOSED,BTCUSDT,LONG,2024-12-19 19:45:00+00:00,2024-12-19 20:00:00+00:00,97199.72,97248.31985999999,2024-12-19 20:00:00+00:00,96275.83666139998,96227.69874306928,0.00017597584163990383,17.113354935430074,0.17113354935430075,96275.83666139998,99193.28625719999,SL,-0.16258114808722254,0.017113354935430074,0.01693375027538273,0.008552401267079303,0.00847111069303787,0.01702351196011717,-0.21365176525815252,-1.2484505000000063,0 days 00:00:00
15m,VALIDATION,119,CLOSED,BTCUSDT,LONG,2024-12-19 20:15:00+00:00,2024-12-19 20:30:00+00:00,96590.18,96638.47508999999,2024-12-20 08:45:00+00:00,95672.09033909999,95624.25429393044,0.00017487772435109163,16.899916608498852,0.16899916608498852,95672.09033909999,98571.2445918,SL,-0.1605534306484582,0.016899916608498853,0.016722551983692657,0.008445735436531095,0.008365458721206587,0.016811194157737682,-0.2109870933983874,-1.2484505000000026,0 days 12:15:00
15m,VALIDATION,120,CLOSED,BTCUSDT,LONG,2024-12-20 09:15:00+00:00,2024-12-20 09:30:00+00:00,95174.13,95221.717065,2024-12-20 10:00:00+00:00,94269.49989435001,94222.36514440284,0.00017526611371674014,16.689140291417544,0.16689140291417545,94269.49989435001,97126.1514063,SL,-0.15855100296843852,0.016689140291417544,0.01651398776405912,0.008340399945735854,0.008261124444251507,0.01660152438998736,-0.20835565541390258,-1.2484504999999926,0 days 00:30:00
15m,VALIDATION,121,CLOSED,BTCUSDT,LONG,2024-12-20 10:15:00+00:00,2024-12-20 10:30:00+00:00,94722.01,94769.371005,2024-12-20 11:15:00+00:00,93821.67729494999,93774.76645630252,0.00017390632235642905,16.48099278351155,0.1648099278351155,93821.67729494999,96664.7584251,SL,-0.1565735496324625,0.01648099278351155,0.016308024764248596,0.008236378202654247,0.008158091427837185,0.01639446963049143,-0.20575703681071408,-1.2484505000000012,0 days 00:45:00
15m,VALIDATION,122,CLOSED,BTCUSDT,LONG,2024-12-20 12:15:00+00:00,2024-12-20 12:30:00+00:00,93643.61,93690.431805,2024-12-20 13:30:00+00:00,95564.2404411,95516.45832087946,0.00017371508471708834,16.275441298186163,0.16275441298186163,92753.52748695,95564.2404411,TP,0.33364247978590555,0.01627544129818616,0.016592649649087816,0.00813365382218192,0.008300475062072817,0.016434128884254738,0.2843402599543769,1.7470510000000157,0 days 01:00:00
15m,VALIDATION,123,CLOSED,BTCUSDT,LONG,2024-12-21 13:00:00+00:00,2024-12-21 13:15:00+00:00,97408.18,97456.88408999999,2024-12-21 13:30:00+00:00,96482.3152491,96434.07409147544,0.00016991613939395335,16.559497501936793,0.16559497501936793,96482.3152491,99406.02177179999,SL,-0.15731936407387234,0.016559497501936794,0.016385705575653966,0.008275610945495525,0.00819695126345878,0.016472562208954305,-0.2067371293604174,-1.2484505000000001,0 days 00:15:00
15m,VALIDATION,124,CLOSED,BTCUSDT,LONG,2024-12-22 02:45:00+00:00,2024-12-22 03:00:00+00:00,96719.99,96768.349995,2024-12-22 14:15:00+00:00,95800.66649505,95752.76616180247,0.00016899086223977252,16.352966903175137,0.16352966903175137,95800.66649505,98703.7169949,SL,-0.1553572717787915,0.016352966903175135,0.016181342515526314,0.00817239725295967,0.008094718617071837,0.016267115870031507,-0.20415869706752446,-1.2484504999999997,0 days 11:15:00
15m,VALIDATION,125,CLOSED,BTCUSDT,LONG,2024-12-22 15:00:00+00:00,2024-12-22 15:15:00+00:00,95533.89,95581.656945,2024-12-22 20:00:00+00:00,94625.84037554999,94578.52745536221,0.00016895513927052416,16.14901216084994,0.16149012160849938,94625.84037554999,97493.29008389999,SL,-0.15341965076349862,0.01614901216084994,0.015979528278221817,0.00807047084500175,0.007993761019620649,0.0160642318646224,-0.20161242306719276,-1.2484505000000057,0 days 04:45:00
15m,VALIDATION,126,CLOSED,BTCUSDT,LONG,2024-12-23 14:45:00+00:00,2024-12-23 15:00:00+00:00,94389.67,94436.864835,2024-12-23 15:00:00+00:00,93492.49618665,93445.74993855668,0.0001688705059899906,15.947601148794801,0.15947601148794802,93492.49618665,96325.6021317,SL,-0.15150619582138455,0.0159476011487948,0.0157802310747382,0.007969815666564465,0.00789406256865212,0.015863878235216587,-0.19909790628013413,-1.2484504999999981,0 days 00:00:00
15m,VALIDATION,127,CLOSED,BTCUSDT,LONG,2024-12-23 16:15:00+00:00,2024-12-23 16:30:00+00:00,93439.07,93485.789535,2024-12-23 20:15:00+00:00,92550.93163965,92504.65617383018,0.00016846092031587122,15.748702141521944,0.15748702141521945,92550.93163965,95355.50532570001,SL,-0.14961660555238984,0.015748702141521943,0.015583419512546671,0.007870415862828974,0.007795607560053295,0.01566602342288227,-0.19661475062934072,-1.2484504999999955,0 days 03:45:00
15m,VALIDATION,128,CLOSED,BTCUSDT,LONG,2024-12-26 05:15:00+00:00,2024-12-26 05:30:00+00:00,98272.34,98321.47617,2024-12-26 08:00:00+00:00,97338.2614083,97289.59227759585,0.00015817789169819482,15.552283809224901,0.155522838092249,97338.2614083,100287.9056934,SL,-0.1477505823155254,0.015552283809224902,0.015389062590647087,0.007772255776723764,0.007698380485565914,0.015470636262289679,-0.1941625649776871,-1.2484504999999986,0 days 02:30:00
15m,VALIDATION,129,CLOSED,BTCUSDT,LONG,2024-12-26 09:00:00+00:00,2024-12-26 09:15:00+00:00,95909.61,95957.564805,2024-12-27 07:30:00+00:00,94997.98915695,94950.49016237153,0.0001600531989745047,15.358315212843596,0.15358315212843596,94997.98915695,97876.7161011,SL,-0.14590783218198697,0.015358315212843596,0.015197129694684803,0.007675319946448768,0.007602366030357806,0.015277685976806574,-0.19174096306632193,-1.2484505,0 days 22:15:00
15m,VALIDATION,130,CLOSED,BTCUSDT,LONG,2024-12-27 07:45:00+00:00,2024-12-27 08:00:00+00:00,95104.76,95152.31237999999,2024-12-27 09:00:00+00:00,97055.35862759998,97006.8309482862,0.00015939461080694475,15.166765799190928,0.1516676579919093,94200.78925619999,97055.35862759998,TP,0.31091490908686087,0.01516676579919093,0.01546236606461716,0.007579593103042942,0.007735050557585641,0.015314643660628582,0.26497113356242424,1.7470510000000075,0 days 01:00:00
15m,VALIDATION,131,CLOSED,BTCUSDT,LONG,2024-12-27 14:45:00+00:00,2024-12-27 15:00:00+00:00,95692.0,95739.84599999999,2024-12-27 15:15:00+00:00,94782.44754,94735.05631623,0.00016118129358936112,15.43147222632622,0.1543147222632622,94782.44754,97654.64292,SL,-0.14660284209018665,0.01543147222632622,0.015269518925310926,0.007711880173075033,0.007638578752031279,0.015350458925106312,-0.19265429216693009,-1.2484504999999952,0 days 00:15:00
15m,VALIDATION,132,CLOSED,BTCUSDT,LONG,2024-12-27 15:45:00+00:00,2024-12-27 16:00:00+00:00,94573.75,94621.03687499999,2024-12-27 17:15:00+00:00,93674.82650624998,93627.98909299687,0.00016105309029873838,15.239010395989627,0.15239010395989627,93674.82650624998,96513.45761249999,SL,-0.14477440661057855,0.015239010395989627,0.015079076981883717,0.007615697349318654,0.007543310146013597,0.015159007495332251,-0.19025150148378414,-1.2484504999999977,0 days 01:15:00
15m,VALIDATION,133,CLOSED,BTCUSDT,LONG,2024-12-27 17:30:00+00:00,2024-12-27 17:45:00+00:00,94239.98,94287.09998999999,2024-12-29 21:45:00+00:00,93344.22899009999,93297.55687560495,0.00015960771895139384,15.048948955945887,0.15048948955945887,93344.22899009999,96172.84198979998,SL,-0.14296877543854744,0.015048948955945888,0.014891010236653237,0.007520714120911205,0.007449229733192015,0.01496994385410322,-0.18787867848524978,-1.2484504999999906,2 days 04:00:00
15m,VALIDATION,134,CLOSED,BTCUSDT,LONG,2024-12-30 14:00:00+00:00,2024-12-30 14:15:00+00:00,92880.14,92926.58007,2024-12-30 14:45:00+00:00,91997.3142693,91951.31561216536,0.0001599247272121002,14.861257968448136,0.14861257968448136,91997.3142693,94785.1116714,SL,-0.1411856641580209,0.014861257968448137,0.014705289066069275,0.007426915526460346,0.007356322694379917,0.014783238220840263,-0.18553544941337854,-1.2484504999999861,0 days 00:30:00
15m,VALIDATION,135,CLOSED,BTCUSDT,LONG,2024-12-30 15:30:00+00:00,2024-12-30 15:45:00+00:00,92184.82,92230.91241,2024-12-30 17:45:00+00:00,94075.5306582,94028.49289287091,0.00015912135623135024,14.675907869134072,0.14675907869134072,91308.6032859,94075.5306582,TP,0.30085244417385254,0.014675907869134072,0.014961941313503497,0.007334286791171048,0.007484713013257185,0.014818999804428232,0.25639559518678673,1.7470510000000083,0 days 02:00:00
15m,VALIDATION,136,CLOSED,BTCUSDT,LONG,2024-12-30 22:00:00+00:00,2024-12-30 22:15:00+00:00,92580.49,92626.780245,2024-12-31 08:30:00+00:00,94479.3158499,94432.07619197505,0.0001612065893402482,14.932047324865131,0.1493204732486513,91700.51244255,94479.3158499,TP,0.30610323901347597,0.014932047324865132,0.015223072927226753,0.007462292516173914,0.007615344135680748,0.015077636651854662,0.2608704821095294,1.7470509999999992,0 days 10:15:00
15m,VALIDATION,137,OPEN,BTCUSDT,LONG,2024-12-31 21:00:00+00:00,2024-12-31 21:15:00+00:00,93567.29,93614.07364499998,,,,0.00016229031176140767,15.192657197102424,0.15192657197102424,92677.93290854998,95486.35511789998,END_OF_DATA,,0.015192657197102425,,0.007592532332383173,,,,,
1h,DEVELOPMENT,1,CLOSED,BTCUSDT,LONG,2024-01-12 17:00:00+00:00,2024-01-12 18:00:00+00:00,43803.98,43825.88199,2024-01-12 18:00:00+00:00,43387.6231701,43365.92935851495,0.00045589544517504374,19.980019980019982,0.19980019980019983,43387.6231701,44702.399629800006,SL,-0.18981518231893207,0.019980019980019983,0.019770329670329673,0.009985017481268663,0.00989010989010982,0.019875127371378483,-0.2494406593406602,-1.2484505000000041,0 days 00:00:00
1h,DEVELOPMENT,2,CLOSED,BTCUSDT,LONG,2024-01-12 19:00:00+00:00,2024-01-12 20:00:00+00:00,43472.56,43494.296279999995,2024-01-12 22:00:00+00:00,43059.353317199995,43037.8236405414,0.0004536417461528176,19.7308285121472,0.197308285121472,43059.353317199995,44364.182205599995,SL,-0.18744780110740653,0.0197308285121472,0.019523753466912215,0.009860484014065364,0.009766760113511115,0.01962724412757648,-0.24632962721404242,-1.2484504999999906,0 days 02:00:00
1h,DEVELOPMENT,3,CLOSED,BTCUSDT,LONG,2024-01-13 03:00:00+00:00,2024-01-13 04:00:00+00:00,42609.94,42631.24497,2024-01-14 20:00:00+00:00,42204.9325203,42183.83005403985,0.00045705315390597717,19.484744968476825,0.19484744968476825,42204.9325203,43483.8698694,SL,-0.1851099459523984,0.019484744968476825,0.01928025257003266,0.009737503732371044,0.009644948759395344,0.019382452491766386,-0.24325739598267426,-1.2484505000000026,1 days 16:00:00
1h,DEVELOPMENT,4,CLOSED,BTCUSDT,LONG,2024-01-17 17:00:00+00:00,2024-01-17 18:00:00+00:00,42371.1,42392.28554999999,2024-01-18 16:00:00+00:00,41968.36269449999,41947.37851315275,0.0004538969847280564,19.241730586875754,0.19241730586875755,41968.36269449999,43240.131260999995,SL,-0.18280124860395489,0.019241730586875755,0.019039788624366494,0.009616057264803066,0.009524656640501178,0.019140713905304245,-0.2402234817205014,-1.2484504999999901,0 days 22:00:00
1h,DEVELOPMENT,5,CLOSED,BTCUSDT,LONG,2024-01-18 21:00:00+00:00,2024-01-18 22:00:00+00:00,41123.99,41144.551994999994,2024-01-19 15:00:00+00:00,40733.10647504999,40712.73992181247,0.0004618289947831399,19.00174708865348,0.1900174708865348,40733.10647504999,41967.443034899996,SL,-0.18052134540495088,0.01900174708865348,0.018802323752958063,0.009496125481584279,0.00940586480888277,0.018901990290467047,-0.2372274065370295,-1.2484504999999984,0 days 17:00:00
1h,DEVELOPMENT,6,CLOSED,BTCUSDT,LONG,2024-01-22 17:00:00+00:00,2024-01-22 18:00:00+00:00,40707.99,40728.343994999996,2024-01-22 18:00:00+00:00,40321.06055505,40300.900024772476,0.00046072967451945076,18.764756672532574,0.18764756672532573,40321.06055505,41542.91087489999,SL,-0.1782698772338058,0.018764756672532575,0.01856782055125435,0.009377689491519453,0.009288554552901595,0.01866624404442105,-0.2342686985020138,-1.2484504999999868,0 days 00:00:00
1h,DEVELOPMENT,7,CLOSED,BTCUSDT,LONG,2024-01-23 00:00:00+00:00,2024-01-23 01:00:00+00:00,39872.0,39891.935999999994,2024-01-23 08:00:00+00:00,39493.016639999994,39473.270131679994,0.00046452300556920596,18.530722008694404,0.18530722008694406,39493.016639999994,40689.774719999994,SL,-0.176046489447919,0.018530722008694406,0.018336242081213157,0.009260730639025013,0.009172707394303932,0.018433438033328947,-0.2313468915711555,-1.2484505000000008,0 days 07:00:00
1h,DEVELOPMENT,8,CLOSED,BTCUSDT,LONG,2024-01-23 12:00:00+00:00,2024-01-23 13:00:00+00:00,39065.68,39085.21284,2024-01-23 14:00:00+00:00,38694.3607116,38675.0135312442,0.0004681976866241123,18.29960623289905,0.1829960623289905,38694.3607116,39866.9170968,SL,-0.17385083182779243,0.01829960623289905,0.018107551865484774,0.009145230501198856,0.009058305085284386,0.018203535586483244,-0.2284615255126595,-1.2484505000000008,0 days 01:00:00
1h,DEVELOPMENT,9,CLOSED,BTCUSDT,LONG,2024-01-31 11:00:00+00:00,2024-01-31 12:00:00+00:00,42647.98,42669.30399,2024-01-31 16:00:00+00:00,43522.6900698,43500.92872476511,0.00042352162446600554,18.07137294067861,0.18071372940678612,42242.6109501,43522.6900698,TP,0.3704586296984689,0.01807137294067861,0.018423583999292444,0.009031170884895646,0.009216400199743752,0.018247571084639397,0.3157161016738584,1.7470510000000181,0 days 04:00:00
1h,DEVELOPMENT,10,CLOSED,BTCUSDT,LONG,2024-02-01 02:00:00+00:00,2024-02-01 03:00:00+00:00,42162.55,42183.631275,2024-02-01 17:00:00+00:00,43027.3039005,43005.790248549754,0.00043587460552615737,18.386773641651498,0.183867736416515,41761.79496225,43027.3039005,TP,0.3769242652576434,0.018386773641651498,0.01874513185992729,0.009188792424612059,0.009377254557241593,0.01856604698185365,0.321226312774211,1.7470510000000112,0 days 14:00:00
1h,DEVELOPMENT,11,CLOSED,BTCUSDT,LONG,2024-02-04 07:00:00+00:00,2024-02-04 08:00:00+00:00,42845.03,42866.452515,2024-02-04 22:00:00+00:00,42437.787989849996,42416.56909585508,0.0004364177101539271,18.70767904901835,0.1870767904901835,42437.787989849996,43723.7815653,SL,-0.1777276255481466,0.01870767904901835,0.018511341957398904,0.009349164942037452,0.009260301129261551,0.018609466071299003,-0.23355611262586287,-1.2484504999999895,0 days 14:00:00
1h,DEVELOPMENT,12,CLOSED,BTCUSDT,LONG,2024-02-13 15:00:00+00:00,2024-02-13 16:00:00+00:00,48727.47,48751.833735,2024-02-13 21:00:00+00:00,49726.8704097,49702.006974495154,0.000378946899917719,18.474356259182322,0.18474356259182323,48264.315397649996,49726.8704097,TP,0.3787196870323132,0.018474356259182322,0.01883442146267379,0.009232561848666448,0.0094219216921817,0.01865448354084815,0.32275642576960895,1.7470510000000086,0 days 05:00:00
1h,DEVELOPMENT,13,CLOSED,BTCUSDT,LONG,2024-02-17 15:00:00+00:00,2024-02-17 16:00:00+00:00,50984.56,51010.052279999996,2024-02-18 10:00:00+00:00,52030.253325599995,52004.2381989372,0.00036849188367387727,18.796790250960157,0.18796790250960158,50499.9517572,52030.253325599995,TP,0.38532950329554416,0.018796790250960156,0.019163139692951373,0.009393698276341383,0.009586363027987654,0.018980061304329037,0.3283895120473036,1.7470510000000088,0 days 18:00:00
1h,DEVELOPMENT,14,CLOSED,BTCUSDT,LONG,2024-02-21 10:00:00+00:00,2024-02-21 11:00:00+00:00,51271.1,51296.73555,2024-02-21 12:00:00+00:00,50783.7681945,50758.37631040275,0.0003728278514510046,19.124851701556864,0.19124851701556864,50783.7681945,52322.670261,SL,-0.18169086998830317,0.019124851701556863,0.01892413638294903,0.009557647027264448,0.009466801592269673,0.01902444861953412,-0.2387643066923432,-1.2484504999999897,0 days 01:00:00
1h,DEVELOPMENT,15,CLOSED,BTCUSDT,LONG,2024-03-14 16:00:00+00:00,2024-03-14 17:00:00+00:00,71337.64,71373.30881999999,2024-03-14 18:00:00+00:00,70659.5757318,70624.2459439341,0.0002646132879768238,18.886325920645433,0.18886325920645433,70659.5757318,72800.7749964,SL,-0.1794248154680018,0.018886325920645434,0.018688113930108267,0.009438443738451291,0.009348731330717449,0.01878717506916874,-0.23578643038792424,-1.2484504999999826,0 days 01:00:00
1h,DEVELOPMENT,16,CLOSED,BTCUSDT,LONG,2024-03-15 09:00:00+00:00,2024-03-15 10:00:00+00:00,67799.31,67833.209655,2024-03-15 11:00:00+00:00,67154.87755845,67121.30011967078,0.000274950501914843,18.650775041137024,0.18650775041137024,67154.87755845,69189.8738481,SL,-0.1771870232543806,0.018650775041137026,0.01845503515708029,0.009320727156990314,0.00923213364536116,0.018552860802351474,-0.23284569425494941,-1.2484504999999948,0 days 01:00:00
1h,DEVELOPMENT,17,CLOSED,BTCUSDT,LONG,2024-03-16 20:00:00+00:00,2024-03-16 21:00:00+00:00,67129.19,67162.754595,2024-03-16 21:00:00+00:00,66491.12704905,66457.88148552548,0.00027423178324098113,18.41816195996325,0.1841816195996325,66491.12704905,68506.00968690001,SL,-0.17497714085902105,0.01841816195996325,0.018224863350193434,0.00920447874061227,0.009116990170182583,0.018321468910794853,-0.2299416350799726,-1.2484505000000086,0 days 00:00:00
1h,DEVELOPMENT,18,CLOSED,BTCUSDT,LONG,2024-03-16 22:00:00+00:00,2024-03-16 23:00:00+00:00,66361.11,66394.290555,2024-03-16 23:00:00+00:00,65730.34764944999,65697.48247562526,0.00027394599572894607,18.188450036806433,0.18188450036806433,65730.34764944999,67722.1763661,SL,-0.17279482018975267,0.018188450036806435,0.017997562253670146,0.009089680178313787,0.00900328276822004,0.018092962946533828,-0.22707379542676306,-1.2484505000000163,0 days 00:00:00
1h,DEVELOPMENT,19,CLOSED,BTCUSDT,LONG,2024-03-17 07:00:00+00:00,2024-03-17 08:00:00+00:00,65636.68,65669.49833999999,2024-03-17 10:00:00+00:00,66982.88830679999,66949.3968626466,0.0002735151560825545,17.96160308832815,0.1796160308832815,65012.803356599994,66982.88830679999,TP,0.3682083751540312,0.01796160308832815,0.018311674732519666,0.00897631338746979,0.009160417575044912,0.018136730962514704,0.31379836637066866,1.7470510000000046,0 days 02:00:00
1h,DEVELOPMENT,20,CLOSED,BTCUSDT,LONG,2024-03-19 02:00:00+00:00,2024-03-19 03:00:00+00:00,65875.87,65908.80793499999,2024-03-19 03:00:00+00:00,65249.719855649986,65217.09499572217,0.00027727838725046325,18.27508796981733,0.18275087969817333,65249.719855649986,67226.9840937,SL,-0.1736179022020153,0.018275087969817333,0.0180832909215741,0.009132977496159054,0.009046168545057852,0.018179146041216905,-0.22815542713462364,-1.2484504999999961,0 days 00:00:00
1h,DEVELOPMENT,21,CLOSED,BTCUSDT,LONG,2024-03-19 03:00:00+00:00,2024-03-19 04:00:00+00:00,65876.01,65908.948005,2024-03-19 04:00:00+00:00,65249.858524949996,65217.233595687525,0.00027381958013975965,18.047160470182348,0.1804716047018235,65249.858524949996,67227.1269651,SL,-0.17145253400208196,0.018047160470182348,0.017857755521047784,0.009019070699742294,0.008933344432739082,0.017952415132481376,-0.22530986512579346,-1.2484504999999977,0 days 00:00:00
1h,DEVELOPMENT,22,CLOSED,BTCUSDT,LONG,2024-03-19 09:00:00+00:00,2024-03-19 10:00:00+00:00,64141.84,64173.910919999995,2024-03-19 10:00:00+00:00,63532.17181079999,63500.4057248946,0.00027771528077904004,17.822075689836904,0.17822075689836905,63532.17181079999,65457.389138399994,SL,-0.16931417234572835,0.017822075689836903,0.017635033005472065,0.008906584552641657,0.0088219274664676,0.017728512019109258,-0.22249979306014656,-1.248450499999996,0 days 00:00:00
1h,DEVELOPMENT,23,CLOSED,BTCUSDT,LONG,2024-03-19 12:00:00+00:00,2024-03-19 13:00:00+00:00,63624.0,63655.812,2024-03-19 14:00:00+00:00,63019.25388,62987.74425306,0.00027648375884816774,17.599798174292303,0.17599798174292303,63019.25388,64928.92824,SL,-0.16720248040644606,0.017599798174292303,0.017415088292453106,0.008795501336477381,0.008711900096273205,0.017507401432750584,-0.21972476830594206,-1.248450499999994,0 days 01:00:00
1h,DEVELOPMENT,24,CLOSED,BTCUSDT,LONG,2024-03-20 06:00:00+00:00,2024-03-20 07:00:00+00:00,61750.0,61780.875,2024-03-20 07:00:00+00:00,63016.4925,62984.98425375,0.00028132157259426005,17.380292911249406,0.17380292911249406,61163.066249999996,63016.4925,TP,0.356291661778836,0.017380292911249404,0.017719034820089657,0.008685803553847779,0.008863949384737058,0.017549752938584837,0.30364258110891207,1.7470510000000012,0 days 00:00:00
1h,DEVELOPMENT,25,CLOSED,BTCUSDT,LONG,2024-03-22 12:00:00+00:00,2024-03-22 13:00:00+00:00,64260.51,64292.640255,2024-03-22 13:00:00+00:00,63649.71385245,63617.888995523776,0.00027504908933555905,17.683632153116456,0.17683632153116455,63649.71385245,65578.4930601,SL,-0.16799892415329667,0.017683632153116455,0.017498042433669498,0.008837397377868301,0.008753397915791656,0.017590795293659957,-0.2207713940337426,-1.248450499999997,0 days 00:00:00
1h,DEVELOPMENT,26,CLOSED,BTCUSDT,LONG,2024-03-22 17:00:00+00:00,2024-03-22 18:00:00+00:00,63579.36,63611.149679999995,2024-03-22 21:00:00+00:00,62975.03818319999,62943.55066410839,0.00027452862269861594,17.4630813099259,0.174630813099259,62975.03818319999,64883.372673599995,SL,-0.16590363603283187,0.017463081309925903,0.01727980627157823,0.0087271770664282,0.008644225248413075,0.017371402314841276,-0.21801792592917732,-1.2484505000000048,0 days 03:00:00
1h,DEVELOPMENT,27,CLOSED,BTCUSDT,LONG,2024-03-22 22:00:00+00:00,2024-03-22 23:00:00+00:00,63022.01,63053.521004999995,2024-03-23 01:00:00+00:00,64314.5914251,64282.43412938745,0.0002735022709160845,17.245281184122533,0.17245281184122532,62422.98579494999,64314.5914251,TP,0.3535239551087981,0.017245281184122534,0.01758139171440108,0.008618331426346184,0.008795093403901489,0.017413424830247673,0.3012838573800268,1.747051000000013,0 days 02:00:00
1h,DEVELOPMENT,28,CLOSED,BTCUSDT,LONG,2024-03-27 19:00:00+00:00,2024-03-27 20:00:00+00:00,68652.01,68686.33600499999,2024-03-28 06:00:00+00:00,70060.0627251,70025.03269373745,0.00025545494313964837,17.546264058628054,0.17546264058628055,67999.47264494999,70060.0627251,TP,0.35969402882804796,0.017546264058628056,0.01788824074513072,0.008768747655485097,0.00894859466989992,0.017717342325385015,0.3065421816989041,1.747051000000012,0 days 10:00:00
1h,DEVELOPMENT,29,CLOSED,BTCUSDT,LONG,2024-03-29 17:00:00+00:00,2024-03-29 18:00:00+00:00,69404.29,69438.992145,2024-03-31 18:00:00+00:00,70827.77198789999,70792.35810190605,0.00025709618548469516,17.85250000438121,0.17852500004381208,68744.60222355,70827.77198789999,TP,0.3659717891952607,0.01785250000438121,0.018200445229466598,0.008921789107637539,0.00910477500223216,0.0180265641098697,0.31189227985154316,1.7470510000000068,2 days 00:00:00
1h,DEVELOPMENT,30,CLOSED,BTCUSDT,LONG,2024-04-01 09:00:00+00:00,2024-04-01 10:00:00+00:00,69395.0,69429.6975,2024-04-01 14:00:00+00:00,68735.40052499999,68701.0328247375,0.0002616183183504955,18.1640807035336,0.181640807035336,68735.40052499999,70818.29144999999,SL,-0.17256330543437232,0.0181640807035336,0.017973448676550017,0.009077501600964948,0.008991219948246507,0.018068721549211457,-0.22676955636366739,-1.2484504999999926,0 days 04:00:00
1h,DEVELOPMENT,31,CLOSED,BTCUSDT,LONG,2024-04-01 16:00:00+00:00,2024-04-01 17:00:00+00:00,68566.17,68600.453085,2024-04-02 02:00:00+00:00,67914.44855415,67880.49132987294,0.00026147841425999945,17.937537690183287,0.1793753769018329,67914.44855415,69972.4621467,SL,-0.17041109020009074,0.01793753769018329,0.017749283232124817,0.008964286701741495,0.008879081156638482,0.017843367858379977,-0.2239412789807788,-1.2484504999999837,0 days 09:00:00
1h,DEVELOPMENT,32,CLOSED,BTCUSDT,LONG,2024-04-02 05:00:00+00:00,2024-04-02 06:00:00+00:00,66764.64,66798.02231999999,2024-04-02 08:00:00+00:00,66130.04209679998,66096.97707575158,0.0002651847990933743,17.713820128763928,0.17713820128763927,66130.04209679998,68133.98276639999,SL,-0.1682857174651733,0.017713820128763928,0.017527913586512546,0.008852483822468,0.008768340963738632,0.01762082478620663,-0.2211482759666564,-1.2484505000000141,0 days 02:00:00
1h,DEVELOPMENT,33,CLOSED,BTCUSDT,LONG,2024-04-02 14:00:00+00:00,2024-04-02 15:00:00+00:00,65702.31,65735.161155,2024-04-02 15:00:00+00:00,65077.80954344999,65045.270638678274,0.00026611165885633996,17.492892780145887,0.17492892780145888,65077.80954344999,67049.8643781,SL,-0.1661868524490637,0.01749289278014589,0.01730930487041826,0.008742075352395856,0.008658981926170374,0.01740105727856623,-0.2183901073781941,-1.2484504999999935,0 days 00:00:00
1h,DEVELOPMENT,34,CLOSED,BTCUSDT,LONG,2024-04-02 16:00:00+00:00,2024-04-02 17:00:00+00:00,65543.91,65576.681955,2024-04-03 00:00:00+00:00,64920.91513544999,64888.45467788227,0.0002634277967366112,17.274720844703136,0.17274720844703137,64920.91513544999,66888.2155941,SL,-0.1641141645466331,0.017274720844703138,0.01709342264943798,0.008633043900398537,0.008550986818127312,0.01718403071852585,-0.21566633875930005,-1.2484504999999972,0 days 07:00:00
1h,DEVELOPMENT,35,CLOSED,BTCUSDT,LONG,2024-04-09 08:00:00+00:00,2024-04-09 09:00:00+00:00,70500.01,70535.26000499999,2024-04-09 14:00:00+00:00,69829.90740494999,69794.99245124753,0.00024185449880843198,17.05926995683171,0.1705926995683171,69829.90740494999,71945.96520509999,SL,-0.16206732727604845,0.01705926995683171,0.016880232918634764,0.00852537229226837,0.008444338628629066,0.016969710920897437,-0.21297654107241237,-1.248450499999983,0 days 05:00:00
1h,DEVELOPMENT,36,CLOSED,BTCUSDT,LONG,2024-04-09 17:00:00+00:00,2024-04-09 18:00:00+00:00,68823.99,68858.40199500001,2024-04-10 12:00:00+00:00,68169.81797505001,68135.73306606249,0.0002446543296308251,16.846506179536597,0.16846506179536597,68169.81797505001,70235.57003490001,SL,-0.16004601822737974,0.016846506179536598,0.01666970209718236,0.008419043567984844,0.008339020558870964,0.016758064126855807,-0.21032029063095448,-1.2484504999999937,0 days 18:00:00
1h,DEVELOPMENT,37,CLOSED,BTCUSDT,LONG,2024-04-10 13:00:00+00:00,2024-04-10 14:00:00+00:00,68259.77,68293.899885,2024-04-10 17:00:00+00:00,69659.77788270001,69624.94799375867,0.0002436000290963043,16.636395999086094,0.16636395999086095,67610.96088615,69659.77788270001,TP,0.34104196096077793,0.016636395999086093,0.016960639357108283,0.008314040979054032,0.008484561959531903,0.016798602938585934,0.2906463226659976,1.747051000000024,0 days 03:00:00
1h,DEVELOPMENT,38,CLOSED,BTCUSDT,LONG,2024-04-12 15:00:00+00:00,2024-04-12 16:00:00+00:00,69347.3,69381.97365,2024-04-12 16:00:00+00:00,68688.1539135,68653.80983654325,0.00024396469393005504,16.926751965785392,0.16926751965785392,68688.1539135,70769.613123,SL,-0.1608083732481654,0.016926751965785393,0.016749105703904477,0.00845914640968712,0.008378742223064568,0.016837888632751687,-0.21132211955060695,-1.2484504999999966,0 days 00:00:00
1h,DEVELOPMENT,39,CLOSED,BTCUSDT,LONG,2024-04-13 02:00:00+00:00,2024-04-13 03:00:00+00:00,66536.0,66569.268,2024-04-13 04:00:00+00:00,67900.65336,67866.70303332,0.0002511014685822192,16.715640957243327,0.16715640957243327,65903.57531999999,67900.65336,TP,0.342666462801659,0.016715640957243327,0.017041428799500002,0.008353643656792361,0.008524976888194608,0.01687862054498697,0.2920307724999287,1.7470509999999975,0 days 01:00:00
1h,DEVELOPMENT,40,CLOSED,BTCUSDT,LONG,2024-04-15 19:00:00+00:00,2024-04-15 20:00:00+00:00,63301.11,63332.76055499999,2024-04-15 21:00:00+00:00,62699.43294944999,62668.08323297527,0.00026854000744117403,17.00737999070979,0.1700737999070979,62699.43294944999,64599.41576609999,SL,-0.1615743596318833,0.01700737999070979,0.016828887537707293,0.008499440275215379,0.00841865309540111,0.01691809337061649,-0.21232872053091686,-1.2484505000000032,0 days 01:00:00
1h,DEVELOPMENT,41,CLOSED,BTCUSDT,LONG,2024-04-15 21:00:00+00:00,2024-04-15 22:00:00+00:00,63262.94,63294.571469999995,2024-04-16 04:00:00+00:00,62661.625755299996,62630.29494242235,0.00026535077174419814,16.795263386782803,0.16795263386782805,62661.625755299996,64560.462899399994,SL,-0.1595591988919263,0.016795263386782805,0.01661899709753852,0.00839343497590159,0.008313655376456954,0.016707090352358546,-0.20968054972860617,-1.248450499999996,0 days 06:00:00
1h,DEVELOPMENT,42,CLOSED,BTCUSDT,LONG,2024-04-16 05:00:00+00:00,2024-04-16 06:00:00+00:00,62700.41,62731.760205,2024-04-16 10:00:00+00:00,62104.442602949995,62073.390381648525,0.0002643922672332553,16.58579230813285,0.1658579230813285,62104.442602949995,63986.3954091,SL,-0.15756917130315326,0.016585792308132848,0.016411724417858996,0.008288751778176062,0.008209967192524472,0.016498718970700536,-0.20706540699984563,-1.2484504999999972,0 days 04:00:00
1h,DEVELOPMENT,43,CLOSED,BTCUSDT,LONG,2024-04-19 02:00:00+00:00,2024-04-19 03:00:00+00:00,61359.57,61390.24978499999,2024-04-19 04:00:00+00:00,62618.0547807,62586.74575330965,0.0002668002462450228,16.378933759681455,0.16378933759681455,60776.34728714999,62618.0547807,TP,0.33576404938637266,0.016378933759681455,0.016698159178657652,0.008185374192742486,0.008353256217435821,0.016538630410178307,0.2861483260378553,1.7470510000000172,0 days 01:00:00
1h,DEVELOPMENT,44,CLOSED,BTCUSDT,LONG,2024-04-24 16:00:00+00:00,2024-04-24 17:00:00+00:00,64797.99,64830.388994999994,2024-04-24 18:00:00+00:00,64182.08510504999,64149.99406249747,0.0002570522324729689,16.664796223255742,0.16664796223255743,64182.08510504999,66126.99677489999,SL,-0.1583197282379286,0.016664796223255743,0.016489899186892674,0.008328233994629508,0.008249074130510741,0.01657730812514025,-0.20805173177321726,-1.248450499999999,0 days 01:00:00
1h,DEVELOPMENT,45,CLOSED,BTCUSDT,LONG,2024-04-24 20:00:00+00:00,2024-04-24 21:00:00+00:00,64110.01,64142.065005,2024-04-25 10:00:00+00:00,63500.644354949996,63468.89403277252,0.00025657035416754297,16.456952335370413,0.16456952335370414,63500.644354949996,65424.9063051,SL,-0.15634515936801324,0.016456952335370412,0.0162842366206107,0.008224363985691003,0.008146191406008361,0.016370555391699362,-0.20545690371569372,-1.2484505000000006,0 days 13:00:00
1h,DEVELOPMENT,46,CLOSED,BTCUSDT,LONG,2024-04-25 11:00:00+00:00,2024-04-25 12:00:00+00:00,63861.24,63893.17062,2024-04-25 13:00:00+00:00,63254.2389138,63222.6117943431,0.0002543573988519461,16.251700683306783,0.16251700683306783,63254.2389138,65171.0340324,SL,-0.15439521738613743,0.016251700683306784,0.016081139084635477,0.008121789446929718,0.008044591838236368,0.016166381285166086,-0.20289443843924576,-1.2484504999999928,0 days 01:00:00
1h,DEVELOPMENT,47,CLOSED,BTCUSDT,LONG,2024-04-26 16:00:00+00:00,2024-04-26 17:00:00+00:00,63662.5,63694.331249999996,2024-04-27 00:00:00+00:00,63057.387937499996,63025.85924353125,0.0002519691881781745,16.04900893661423,0.16049008936614229,63057.387937499996,64968.217874999995,SL,-0.1524695951449468,0.016049008936614227,0.015880574587824464,0.008020494221195417,0.007944259423622287,0.015964753644817704,-0.20036393231420319,-1.2484504999999886,0 days 07:00:00
1h,DEVELOPMENT,48,CLOSED,BTCUSDT,LONG,2024-04-27 02:00:00+00:00,2024-04-27 03:00:00+00:00,62929.98,62961.444989999996,2024-04-28 03:00:00+00:00,64220.6738898,64188.5635528551,0.0002517230214552065,15.848845168068573,0.15848845168068573,62331.830540099996,64220.6738898,TP,0.3248973657142277,0.015848845168068573,0.016157739160394233,0.007920462352856128,0.008082911035714326,0.016003373388570455,0.2768874079971944,1.7470510000000046,1 days 00:00:00
1h,DEVELOPMENT,49,CLOSED,BTCUSDT,LONG,2024-04-29 04:00:00+00:00,2024-04-29 05:00:00+00:00,62542.0,62573.27099999999,2024-04-29 06:00:00+00:00,61947.53828999999,61916.56452085499,0.0002577051783862885,16.12545596526857,0.16125455965268573,61947.53828999999,63824.736419999994,SL,-0.1531958610193708,0.01612545596526857,0.015956219304913078,0.008058698633315917,0.00798210070280771,0.016040799336123627,-0.20131833562567608,-1.2484505000000046,0 days 01:00:00
1h,DEVELOPMENT,50,CLOSED,BTCUSDT,LONG,2024-04-29 07:00:00+00:00,2024-04-29 08:00:00+00:00,62399.98,62431.17999,2024-04-29 13:00:00+00:00,61806.868190099995,61775.96475600495,0.00025507028298058773,15.924338746861306,0.15924338746861305,61806.868190099995,63679.803589799994,SL,-0.15128519719032377,0.015924338746861305,0.015757212811712995,0.007958190278289902,0.007882547679695241,0.015840737957985143,-0.1988074867068832,-1.2484504999999968,0 days 05:00:00
1h,DEVELOPMENT,51,CLOSED,BTCUSDT,LONG,2024-04-30 10:00:00+00:00,2024-04-30 11:00:00+00:00,61782.18,61813.07109,2024-04-30 11:00:00+00:00,61194.9403791,61164.342908910454,0.0002544078395026765,15.72572986903225,0.1572572986903225,61194.9403791,63049.3325118,SL,-0.14939836322353975,0.01572572986903225,0.01556068833405676,0.00785893546678206,0.007784236285170095,0.015643171751952154,-0.19632795317858093,-1.2484504999999901,0 days 00:00:00
1h,DEVELOPMENT,52,CLOSED,BTCUSDT,LONG,2024-04-30 12:00:00+00:00,2024-04-30 13:00:00+00:00,61230.16,61260.77508,2024-04-30 14:00:00+00:00,60648.1673292,60617.8432455354,0.00025349986230822316,15.529598047675028,0.15529598047675028,60648.1673292,62485.9905816,SL,-0.1475350619121965,0.01552959804767503,0.01536661491616468,0.007760918564554208,0.007687151033599149,0.015448069598153358,-0.19387934447418956,-1.2484505000000028,0 days 01:00:00
1h,DEVELOPMENT,53,CLOSED,BTCUSDT,LONG,2024-04-30 14:00:00+00:00,2024-04-30 15:00:00+00:00,61247.87,61278.493935,2024-04-30 15:00:00+00:00,60665.70899565,60635.37614115218,0.0002502658176476552,15.335912388859656,0.15335912388859657,60665.70899565,62504.0638137,SL,-0.14569499975623393,0.015335912388859656,0.015174961988338573,0.00766412413236264,0.00759127663248459,0.01525540076484723,-0.19146127489827938,-1.2484504999999937,0 days 00:00:00
1h,DEVELOPMENT,54,CLOSED,BTCUSDT,LONG,2024-04-30 17:00:00+00:00,2024-04-30 18:00:00+00:00,60368.82,60399.004409999994,2024-04-30 19:00:00+00:00,59795.014365899995,59765.11685871705,0.0002507432453879793,15.144642383966273,0.15144642383966272,59795.014365899995,61606.98449819999,SL,-0.14387788691614253,0.015144642383966274,0.014985699362146549,0.007568536923519969,0.0074965979800628475,0.015065134903582817,-0.18907336356583818,-1.2484504999999955,0 days 01:00:00
1h,DEVELOPMENT,55,CLOSED,BTCUSDT,LONG,2024-04-30 20:00:00+00:00,2024-04-30 21:00:00+00:00,59958.62,59988.59931,2024-05-01 07:00:00+00:00,59388.7133169,59359.018960241556,0.0002493100035157251,14.955757904879523,0.14955757904879524,59388.7133169,61188.3712962,SL,-0.14208343716729668,0.014955757904879522,0.014798797225667813,0.007474141881497807,0.007403100162914125,0.014877242044411931,-0.18671523434225595,-1.2484504999999866,0 days 10:00:00
1h,DEVELOPMENT,56,CLOSED,BTCUSDT,LONG,2024-05-01 10:00:00+00:00,2024-05-01 11:00:00+00:00,57768.68,57797.56434,2024-05-01 14:00:00+00:00,57219.588696599996,57190.9789022517,0.00025553376457806124,14.769229199242908,0.1476922919924291,57219.588696599996,58953.5156268,SL,-0.14031136785487744,0.014769229199242909,0.014614226138796853,0.007380924137551881,0.007310768453624324,0.014691692591176204,-0.1843865157840934,-1.2484504999999952,0 days 03:00:00
1h,DEVELOPMENT,57,CLOSED,BTCUSDT,LONG,2024-05-01 14:00:00+00:00,2024-05-01 15:00:00+00:00,57482.01,57510.751005,2024-05-01 15:00:00+00:00,56935.643494949996,56907.175673202524,0.00025360522390855685,14.585026885772285,0.14585026885772284,56935.643494949996,58660.9660251,SL,-0.13856139984934238,0.014585026885772285,0.014431957028606108,0.007288869008380994,0.007219588308456532,0.014508457316837526,-0.1820868410805583,-1.2484504999999986,0 days 00:00:00
1h,DEVELOPMENT,58,CLOSED,BTCUSDT,LONG,2024-05-01 16:00:00+00:00,2024-05-01 17:00:00+00:00,57044.0,57072.522,2024-05-01 18:00:00+00:00,58213.97244,58184.86545378,0.00025236526168631335,14.403121949627876,0.14403121949627876,56501.79678,58213.97244,TP,0.29526040098637396,0.014403121949627876,0.014683838796426126,0.0071979619938163245,0.007345592194308886,0.01454355418812521,0.2516298860521947,1.74705100000001,0 days 01:00:00
1h,DEVELOPMENT,59,CLOSED,BTCUSDT,LONG,2024-05-08 00:00:00+00:00,2024-05-08 01:00:00+00:00,62586.01,62617.303005,2024-05-08 13:00:00+00:00,61991.12997495,61960.134409962535,0.0002340327633721683,14.654500457172528,0.14654500457172528,61991.12997495,63869.649065100006,SL,-0.13922141613735595,0.014654500457172528,0.014500701474874506,0.007323588434368972,0.00725397772629882,0.014577566160667792,-0.1829541842300708,-1.2484504999999868,0 days 12:00:00
1h,DEVELOPMENT,60,CLOSED,BTCUSDT,LONG,2024-05-09 00:00:00+00:00,2024-05-09 01:00:00+00:00,61400.01,61430.710005,2024-05-09 10:00:00+00:00,60816.40290495,60785.994703497534,0.00023557808534489325,14.471729044355278,0.14471729044355278,60816.40290495,62659.324205100005,SL,-0.13748504204557407,0.014471729044355279,0.014319848248034773,0.007232248397978362,0.007163505876954295,0.014395754274932657,-0.18067237361289679,-1.2484504999999868,0 days 09:00:00
1h,DEVELOPMENT,61,CLOSED,BTCUSDT,LONG,2024-05-09 11:00:00+00:00,2024-05-09 12:00:00+00:00,61053.99,61084.516995,2024-05-09 16:00:00+00:00,62306.2073349,62275.05423123255,0.00023395842130983713,14.291237162624116,0.14291237162624115,60473.67182505,62306.2073349,TP,0.2929667908100157,0.014291237162624116,0.01456977337492366,0.0071420475575333315,0.007288530952938209,0.01443057851047154,0.24967520176199642,1.7470510000000012,0 days 04:00:00
1h,DEVELOPMENT,62,CLOSED,BTCUSDT,LONG,2024-05-10 16:00:00+00:00,2024-05-10 17:00:00+00:00,61071.55,61102.085775,2024-05-10 17:00:00+00:00,60491.06491725,60460.81938479138,0.00023797326644714085,14.54066293861013,0.1454066293861013,60491.06491725,62324.1274905,SL,-0.13813993126585752,0.01454066293861013,0.014388058681069417,0.007266698120244145,0.007197628154610582,0.014464326274854727,-0.1815329791603918,-1.2484504999999926,0 days 00:00:00
1h,DEVELOPMENT,63,CLOSED,BTCUSDT,LONG,2024-05-10 18:00:00+00:00,2024-05-10 19:00:00+00:00,60717.08,60747.438539999996,2024-05-13 07:00:00+00:00,61962.3873108,61931.4061171446,0.00023637723097776682,14.359311311077272,0.14359311311077272,60139.9641546,61962.3873108,TP,0.29436229384327217,0.014359311311077273,0.014639174288530172,0.00717606762172631,0.007323248768648477,0.014499316390374786,0.2508644918532899,1.7470510000000092,2 days 12:00:00
1h,DEVELOPMENT,64,CLOSED,BTCUSDT,LONG,2024-05-14 11:00:00+00:00,2024-05-14 12:00:00+00:00,61798.57,61829.469285,2024-05-14 12:00:00+00:00,61211.17459215,61180.569004853925,0.0002362938798925935,14.609925189052587,0.1460992518905259,61211.17459215,63066.058670700004,SL,-0.13879793995196954,0.014609925189052587,0.014456594024193482,0.007301311938556899,0.007231912968580195,0.014533224907137095,-0.18239768407235266,-1.2484504999999977,0 days 00:00:00
1h,DEVELOPMENT,65,CLOSED,BTCUSDT,LONG,2024-05-14 13:00:00+00:00,2024-05-14 14:00:00+00:00,61695.98,61726.82799,2024-05-15 10:00:00+00:00,62961.3645498,62929.8838675251,0.0002337348311950549,14.42770972044884,0.14427709720448842,61109.559710099995,62961.3645498,TP,0.29576444414433206,0.01442770972044884,0.01470890578290039,0.007210249735355515,0.007358131957427554,0.014568381692783069,0.25205944694819976,1.7470510000000075,0 days 20:00:00
1h,DEVELOPMENT,66,CLOSED,BTCUSDT,LONG,2024-05-19 20:00:00+00:00,2024-05-19 21:00:00+00:00,66164.0,66197.082,2024-05-20 16:00:00+00:00,67521.02364,67487.26312818,0.00022175474985072202,14.679517359757732,0.14679517359757732,65535.11117999999,67521.02364,TP,0.3009264378297161,0.014679517359757732,0.014965621153099412,0.00733609063456045,0.007486553853476628,0.014822644488037079,0.2564586548288219,1.7470510000000057,0 days 19:00:00
1h,DEVELOPMENT,67,CLOSED,BTCUSDT,LONG,2024-05-22 23:00:00+00:00,2024-05-23 00:00:00+00:00,69166.62,69201.20331,2024-05-23 13:00:00+00:00,68509.19127689999,68474.93668126155,0.0002158303482849391,14.935719812134181,0.14935719812134182,68509.19127689999,70585.2273762,SL,-0.14189307027919693,0.014935719812134181,0.014778969432705832,0.0074641278421464065,0.007393181307004687,0.014857309149151093,-0.18646506867318802,-1.2484504999999984,0 days 13:00:00
1h,DEVELOPMENT,68,CLOSED,BTCUSDT,LONG,2024-05-23 15:00:00+00:00,2024-05-23 16:00:00+00:00,68075.99,68110.027995,2024-05-23 18:00:00+00:00,67428.92771505,67395.21325119247,0.0002165531487277269,14.749441022250878,0.14749441022250878,67428.92771505,69472.2285549,SL,-0.14012337522888166,0.014749441022250879,0.014594645638722354,0.0073710349936267835,0.007300973306014494,0.014672008299641277,-0.18413947018949614,-1.2484504999999997,0 days 02:00:00
1h,DEVELOPMENT,69,CLOSED,BTCUSDT,LONG,2024-05-24 07:00:00+00:00,2024-05-24 08:00:00+00:00,67155.93,67189.50796499998,2024-05-24 17:00:00+00:00,68533.29812429998,68499.03147523783,0.0002167821427590069,14.565485507576057,0.14565485507576056,66517.61288534998,68533.29812429998,TP,0.29858881335370563,0.014565485507576057,0.014849366820118715,0.007279103202184659,0.007428397608863498,0.014707500811048158,0.25446646021496266,1.7470510000000006,0 days 09:00:00
1h,DEVELOPMENT,70,CLOSED,BTCUSDT,LONG,2024-05-28 05:00:00+00:00,2024-05-28 06:00:00+00:00,68049.67,68083.69483499999,2024-05-28 18:00:00+00:00,67402.85788664999,67369.15645770666,0.00021766882351873548,14.819697755543055,0.14819697755543057,67402.85788664999,69445.36873169999,SL,-0.14079083175056364,0.014819697755543055,0.01466416502759863,0.007406145804866755,0.007335750388994512,0.014741896193861268,-0.1850165907275666,-1.2484505000000035,0 days 12:00:00
1h,DEVELOPMENT,71,CLOSED,BTCUSDT,LONG,2024-05-29 16:00:00+00:00,2024-05-29 17:00:00+00:00,67555.18,67588.95758999999,2024-05-30 17:00:00+00:00,68940.73674179999,68906.2663734291,0.00021652747014313674,14.634865996574458,0.1463486599657446,66913.06801409999,68940.73674179999,TP,0.30001109604172116,0.014634865996574459,0.014920099534847697,0.007313776110231653,0.007463781658251674,0.014777557768483326,0.25567857274181566,1.747051000000011,1 days 00:00:00
1h,DEVELOPMENT,72,CLOSED,BTCUSDT,LONG,2024-05-31 17:00:00+00:00,2024-05-31 18:00:00+00:00,67342.77,67376.441385,2024-06-03 02:00:00+00:00,68723.9702127,68689.60822759366,0.0002210014188947905,14.890289146166683,0.14890289146166683,66702.67697115,68723.9702127,TP,0.30524720678448675,0.014890289146166684,0.015180500881625477,0.007441423861151482,0.0075940474645430885,0.01503547132569457,0.260140945431,1.7470510000000237,2 days 08:00:00
1h,DEVELOPMENT,73,CLOSED,BTCUSDT,LONG,2024-06-07 19:00:00+00:00,2024-06-07 20:00:00+00:00,69255.01,69289.63750499999,2024-06-11 01:00:00+00:00,68596.74112995,68562.44275938503,0.00021864986967842158,15.15017021053332,0.1515017021053332,68596.74112995,70675.43025509999,SL,-0.1439304026497944,0.015150170210533321,0.014991169174173775,0.00757129945553818,0.007499334254212382,0.015070633709750562,-0.18914237574425205,-1.2484504999999853,3 days 05:00:00
1h,DEVELOPMENT,74,CLOSED,BTCUSDT,LONG,2024-06-11 03:00:00+00:00,2024-06-11 04:00:00+00:00,68464.0,68498.23199999999,2024-06-11 04:00:00+00:00,67813.24968,67779.34305516,0.00021841756132058113,14.96121678821139,0.1496121678821139,67813.24968,69868.19664,SL,-0.1421352979229892,0.01496121678821139,0.014804198818019115,0.007476869959123743,0.007405802310162543,0.014882672269286286,-0.18678338579850598,-1.2484504999999795,0 days 00:00:00
1h,DEVELOPMENT,75,CLOSED,BTCUSDT,LONG,2024-06-11 12:00:00+00:00,2024-06-11 13:00:00+00:00,67020.0,67053.51,2024-06-11 15:00:00+00:00,66382.9749,66349.78341255001,0.00022034073979426125,14.774619999201894,0.14774619999201893,66382.9749,68394.5802,SL,-0.140362581801513,0.014774619999201894,0.014619560362310272,0.00738361819050454,0.007313436899603299,0.014697055090107838,-0.18445381725313303,-1.2484504999999797,0 days 02:00:00
1h,DEVELOPMENT,76,CLOSED,BTCUSDT,LONG,2024-06-11 16:00:00+00:00,2024-06-11 17:00:00+00:00,66487.48,66520.72373999999,2024-06-12 10:00:00+00:00,67851.13821479998,67817.21264569259,0.00021933541355508514,14.590350451496468,0.14590350451496467,65855.51650259999,67851.13821479998,TP,0.2990985384909443,0.014590350451496467,0.014874716381796134,0.007291529461015707,0.007441078730261493,0.0147326081912772,0.2549008634663744,1.747051000000006,0 days 17:00:00
1h,DEVELOPMENT,77,CLOSED,BTCUSDT,LONG,2024-06-13 20:00:00+00:00,2024-06-13 21:00:00+00:00,66712.97,66746.326485,2024-06-14 16:00:00+00:00,66078.86322015,66045.82378853993,0.00022240919389146806,14.844996668745594,0.14844996668745594,66078.86322015,68081.25301469999,SL,-0.14103117774755328,0.014844996668745595,0.01468919842870711,0.007418788939902092,0.007348273351028383,0.014767062290930475,-0.18533243513593645,-1.2484504999999915,0 days 19:00:00
1h,DEVELOPMENT,78,CLOSED,BTCUSDT,LONG,2024-06-14 17:00:00+00:00,2024-06-14 18:00:00+00:00,65416.01,65448.718004999995,2024-06-16 10:00:00+00:00,66757.6923651,66724.31351891745,0.00022398986302187858,14.659849380897507,0.14659849380897508,64794.23082494999,66757.6923651,TP,0.30052324917761775,0.014659849380897507,0.014945569845331201,0.0073262615596673825,0.007476523184256859,0.014802784743924241,0.25611504520746486,1.747051000000008,1 days 16:00:00
1h,DEVELOPMENT,79,CLOSED,BTCUSDT,LONG,2024-06-17 10:00:00+00:00,2024-06-17 11:00:00+00:00,65890.01,65922.955005,2024-06-17 13:00:00+00:00,65263.72545494999,65231.09359222252,0.00022625970825773293,14.915708566918953,0.14915708566918953,65263.72545494999,67241.4141051,SL,-0.14170295844934058,0.014915708566918954,0.014759168205509139,0.00745412721984987,0.007383275740624673,0.014837402960474543,-0.18621523818224323,-1.2484505000000048,0 days 02:00:00
1h,DEVELOPMENT,80,CLOSED,BTCUSDT,LONG,2024-06-17 14:00:00+00:00,2024-06-17 15:00:00+00:00,65472.98,65505.71649,2024-06-17 18:00:00+00:00,66815.8308198,66782.4229043901,0.00022486097622020964,14.729679357945685,0.14729679357945685,64850.6593251,66815.8308198,TP,0.3019547462583364,0.014729679357945684,0.015016760808632047,0.00736115909942216,0.007512136472552695,0.014873295571974855,0.2573350105197838,1.7470510000000008,0 days 03:00:00
1h,DEVELOPMENT,81,CLOSED,BTCUSDT,LONG,2024-06-18 15:00:00+00:00,2024-06-18 16:00:00+00:00,64705.99,64738.34299499999,2024-06-18 19:00:00+00:00,64090.95956504999,64058.91408526747,0.00023149738774887044,14.986757290532884,0.14986757290532884,64090.95956504999,66033.10985489999,SL,-0.14237793907697832,0.014986757290532884,0.014829471272768742,0.0074896338283508375,0.007418444858813155,0.014908078687163992,-0.18710224632744393,-1.248450499999998,0 days 03:00:00
1h,DEVELOPMENT,82,CLOSED,BTCUSDT,LONG,2024-06-21 04:00:00+00:00,2024-06-21 05:00:00+00:00,64670.0,64702.335,2024-06-21 08:00:00+00:00,64055.311649999996,64023.283994175,0.00022873737029021344,14.799841959536437,0.14799841959536436,64055.311649999996,65996.3817,SL,-0.14060219672703123,0.014799841959536437,0.014644517618171102,0.007396222868333852,0.007325921769969863,0.014722144638303715,-0.18476870094304246,-1.2484505000000001,0 days 03:00:00
1h,DEVELOPMENT,83,CLOSED,BTCUSDT,LONG,2024-06-21 09:00:00+00:00,2024-06-21 10:00:00+00:00,64100.0,64132.049999999996,2024-06-21 13:00:00+00:00,63490.729499999994,63458.98413525,0.0002278931960339678,14.615257842710223,0.14615257842710225,63490.729499999994,65414.691,SL,-0.13884860149421493,0.014615257842710224,0.014461870711650981,0.007303976932887673,0.007234552632140037,0.01453852956502771,-0.18246425961360385,-1.2484504999999921,0 days 03:00:00
1h,DEVELOPMENT,84,CLOSED,BTCUSDT,LONG,2024-06-21 17:00:00+00:00,2024-06-21 18:00:00+00:00,63671.04,63702.875519999994,2024-06-24 00:00:00+00:00,63065.84676479999,63034.3138414176,0.00022656710152029033,14.432975865074257,0.14432975865074257,63065.84676479999,64976.933030399996,SL,-0.13711687715895307,0.014432975865074258,0.014281501783370303,0.007212881491789708,0.0071443230532104145,0.014357204545000123,-0.18018855935239775,-1.2484504999999921,2 days 06:00:00
1h,DEVELOPMENT,85,CLOSED,BTCUSDT,LONG,2024-06-24 06:00:00+00:00,2024-06-24 07:00:00+00:00,62405.0,62436.2025,2024-06-24 09:00:00+00:00,61811.840475,61780.9345547625,0.00022828049662810068,14.252967314272661,0.1425296731427266,61811.840475,63684.926550000004,SL,-0.13540675094668894,0.014252967314272662,0.01410338242230937,0.007122922196038178,0.007055218820564792,0.01417814101660297,-0.17794124169987394,-1.2484505000000024,0 days 02:00:00
1h,DEVELOPMENT,86,CLOSED,BTCUSDT,LONG,2024-06-24 11:00:00+00:00,2024-06-24 12:00:00+00:00,61291.95,61322.595975,2024-06-24 15:00:00+00:00,60709.370015249995,60679.01533024237,0.00022952720138901477,14.075203836051012,0.14075203836051012,60709.370015249995,62549.0478945,SL,-0.13371795348492288,0.014075203836051013,0.013927484571791656,0.007034084875587586,0.0069672258988449365,0.014001310774432523,-0.17572195266719806,-1.2484505000000001,0 days 03:00:00
1h,DEVELOPMENT,87,CLOSED,BTCUSDT,LONG,2024-06-24 17:00:00+00:00,2024-06-24 18:00:00+00:00,60244.89,60275.01244499999,2024-06-24 19:00:00+00:00,59672.26232054999,59642.42618938972,0.00023060397444916823,13.899657429790075,0.13899657429790074,59672.26232054999,61480.5126939,SL,-0.1320502187607762,0.013899657429790076,0.01375378052506443,0.006946355537125,0.006880330427745207,0.013826685964870206,-0.17353034268050088,-1.2484504999999968,0 days 01:00:00
1h,DEVELOPMENT,88,CLOSED,BTCUSDT,LONG,2024-06-24 20:00:00+00:00,2024-06-24 21:00:00+00:00,59514.0,59543.757,2024-06-25 03:00:00+00:00,60734.63214,60704.26482393,0.00023052459461191327,13.726300444095273,0.13726300444095274,58948.319429999996,60734.63214,TP,0.28138572924377253,0.013726300444095273,0.01399382603975069,0.006859720361866193,0.007000413226488173,0.013860133588354365,0.2398054691715722,1.7470510000000092,0 days 06:00:00
1h,DEVELOPMENT,89,CLOSED,BTCUSDT,LONG,2024-06-26 19:00:00+00:00,2024-06-26 20:00:00+00:00,61000.01,61030.510005,2024-06-27 14:00:00+00:00,62251.1202051,62219.99464499745,0.00022883417402573574,13.965866347363576,0.13965866347363576,60420.20490495,62251.1202051,TP,0.28629677039922685,0.013965866347363576,0.014238061082473694,0.006979443451954533,0.00712259183715491,0.014102035289109444,0.24399080768028017,1.7470510000000097,0 days 18:00:00
1h,DEVELOPMENT,90,CLOSED,BTCUSDT,LONG,2024-06-28 18:00:00+00:00,2024-06-28 19:00:00+00:00,60828.02,60858.43400999999,2024-06-28 19:00:00+00:00,60249.84966989999,60219.72474506504,0.00023348634645525677,14.20961340798324,0.1420961340798324,60249.84966989999,62075.602690199994,SL,-0.13499487800388085,0.01420961340798324,0.014060483515266455,0.007101256075952043,0.007033758636951382,0.014135014712903425,-0.17739998964003395,-1.248450500000001,0 days 00:00:00
1h,DEVELOPMENT,91,CLOSED,BTCUSDT,LONG,2024-06-28 20:00:00+00:00,2024-06-28 21:00:00+00:00,60229.92,60260.03496,2024-06-30 07:00:00+00:00,61465.2356592,61434.5030413704,0.0002328639644903067,14.03239064111008,0.1403239064111008,59657.4346104,61465.2356592,TP,0.2876605017982689,0.01403239064111008,0.014305881934705316,0.007012688976066768,0.007156519226965884,0.014169208203032652,0.2451530210194209,1.7470510000000061,1 days 10:00:00
1h,DEVELOPMENT,92,CLOSED,BTCUSDT,LONG,2024-07-02 17:00:00+00:00,2024-07-02 18:00:00+00:00,62147.99,62179.063995,2024-07-03 01:00:00+00:00,61557.27335505,61526.49471837248,0.00022961585197172918,14.277298754016595,0.14277298754016596,61557.27335505,63422.645274899995,SL,-0.13563790570407572,0.014277298754016595,0.014127458503593194,0.007135081836089984,0.007067262883236626,0.01420234471932661,-0.17824500768101212,-1.248450499999987,0 days 07:00:00
1h,DEVELOPMENT,93,CLOSED,BTCUSDT,LONG,2024-07-03 05:00:00+00:00,2024-07-03 06:00:00+00:00,61121.52,61152.08075999999,2024-07-03 08:00:00+00:00,60540.55995239999,60510.289672423794,0.00023056013201923182,14.099231813276324,0.14099231813276325,60540.55995239999,62375.12237519999,SL,-0.13394622527255637,0.014099231813276325,0.01395126037539599,0.007046092860206451,0.006979119747571169,0.014025212607777619,-0.1760219300690063,-1.2484504999999926,0 days 02:00:00
1h,DEVELOPMENT,94,CLOSED,BTCUSDT,LONG,2024-07-03 09:00:00+00:00,2024-07-03 10:00:00+00:00,60606.02,60636.32300999999,2024-07-03 10:00:00+00:00,60029.95977989999,59999.944800010046,0.00022962120785251263,13.923385729291303,0.13923385729291302,60029.95977989999,61849.04947019999,SL,-0.13227564353514798,0.013923385729291303,0.01377725979606239,0.006958213757765849,0.006892075935997769,0.013850289693763618,-0.1738265787542653,-1.2484504999999957,0 days 00:00:00
1h,DEVELOPMENT,95,CLOSED,BTCUSDT,LONG,2024-07-03 11:00:00+00:00,2024-07-03 12:00:00+00:00,60386.01,60416.203004999996,2024-07-03 13:00:00+00:00,59812.040974949996,59782.13495446253,0.00022758353090022803,13.749732803462866,0.13749732803462866,59812.040974949996,61624.527065099996,SL,-0.13062589734824184,0.013749732803462866,0.013605429357690525,0.00687143068638681,0.006806117737712869,0.013677548424099678,-0.17165860793349488,-1.2484504999999906,0 days 01:00:00
1h,DEVELOPMENT,96,CLOSED,BTCUSDT,LONG,2024-07-04 02:00:00+00:00,2024-07-04 03:00:00+00:00,58972.13,59001.616064999995,2024-07-04 07:00:00+00:00,58411.59990435,58382.39410439783,0.00023013345376322427,13.578245682650186,0.13578245682650186,58411.59990435,60181.648386299996,SL,-0.12899672685016486,0.013578245682650186,0.013435741994210774,0.00678572997633631,0.006721231612910973,0.013506961589247284,-0.16951767611627308,-1.2484504999999884,0 days 04:00:00
1h,DEVELOPMENT,97,CLOSED,BTCUSDT,LONG,2024-07-04 09:00:00+00:00,2024-07-04 10:00:00+00:00,57748.01,57776.884005,2024-07-04 12:00:00+00:00,57199.11516495,57170.51560736753,0.00023208065969257359,13.408897354861702,0.134088973548617,57199.11516495,58932.4216851,SL,-0.12738787542025026,0.013408897354861702,0.01326817097712243,0.006701098128366169,0.006637404190655586,0.013338502319021756,-0.16740344607125615,-1.2484504999999886,0 days 02:00:00
1h,DEVELOPMENT,98,CLOSED,BTCUSDT,LONG,2024-07-04 13:00:00+00:00,2024-07-04 14:00:00+00:00,57420.02,57448.73000999999,2024-07-04 14:00:00+00:00,56874.24270989999,56845.805588545045,0.00023049528062144033,13.24166114500031,0.1324166114500031,56874.24270989999,58597.704610199995,SL,-0.1257990896384102,0.013241661145000309,0.013102689911283532,0.00661752181159326,0.006554622266774163,0.013172144078367424,-0.16531558477306144,-1.248450499999995,0 days 00:00:00
1h,DEVELOPMENT,99,CLOSED,BTCUSDT,LONG,2024-07-04 14:00:00+00:00,2024-07-04 15:00:00+00:00,57450.25,57478.975125,2024-07-04 19:00:00+00:00,58628.5546275,58599.24035018626,0.00022750076323079863,13.076510710661589,0.1307651071066159,56904.18537375,58628.5546275,TP,0.26806520207463225,0.01307651071066159,0.013331371904412387,0.006534987861399459,0.0066690204624361,0.013204008323835559,0.2284533111357227,1.7470510000000175,0 days 04:00:00
1h,DEVELOPMENT,100,CLOSED,BTCUSDT,LONG,2024-07-05 00:00:00+00:00,2024-07-05 01:00:00+00:00,57375.99,57404.677995,2024-07-05 01:00:00+00:00,56830.631215049994,56802.215899442475,0.00023177093333526092,13.304735796711265,0.13304735796711264,56830.631215049994,58552.7715549,SL,-0.12639831459044618,0.013304735796711264,0.013165102594524782,0.006649043376667351,0.006585844219370687,0.013234887596038039,-0.16610304057772027,-1.2484504999999964,0 days 00:00:00
1h,DEVELOPMENT,101,CLOSED,BTCUSDT,LONG,2024-07-05 05:00:00+00:00,2024-07-05 06:00:00+00:00,54806.02,54833.42300999999,2024-07-05 06:00:00+00:00,54285.08877989999,54257.94623551004,0.0002396129581558476,13.13879869323702,0.1313879869323702,54285.08877989999,55930.09147019999,SL,-0.12482187064389752,0.01313879869323702,0.013000907000951497,0.006566116288472965,0.006503705353152268,0.013069821641625233,-0.16403139797971128,-1.248450500000002,0 days 00:00:00
1h,DEVELOPMENT,102,CLOSED,BTCUSDT,LONG,2024-07-05 07:00:00+00:00,2024-07-05 08:00:00+00:00,54415.04,54442.24752,2024-07-05 11:00:00+00:00,55531.0924704,55503.3269241648,0.00023832467897327836,12.97493116278776,0.1297493116278776,53897.825044799996,55531.0924704,TP,0.2659828467254138,0.012974931162787761,0.013227812571150495,0.006484223469658167,0.006617214893021207,0.013101438362679374,0.22667866462879618,1.747051000000008,0 days 03:00:00
1h,DEVELOPMENT,103,CLOSED,BTCUSDT,LONG,2024-07-07 15:00:00+00:00,2024-07-07 16:00:00+00:00,56825.42,56853.832709999995,2024-07-07 21:00:00+00:00,56285.29438289999,56257.15173570855,0.00023219865303614185,13.201383375204141,0.13201383375204143,56285.29438289999,57990.90936419999,SL,-0.12541644076093628,0.013201383375204141,0.013062834856681374,0.006597392991105793,0.0065346847707250235,0.013132077761830816,-0.16481273675465258,-1.2484504999999968,0 days 05:00:00
1h,DEVELOPMENT,104,CLOSED,BTCUSDT,LONG,2024-07-18 19:00:00+00:00,2024-07-18 20:00:00+00:00,63555.0,63586.7775,2024-07-19 13:00:00+00:00,64858.513049999994,64826.083793474994,0.0002050227389890635,13.036735286538155,0.13036735286538156,62950.909725,64858.513049999994,TP,0.2672498158189869,0.013036735286538155,0.013290821257272784,0.006515110088224249,0.006648734996134419,0.013163845084358668,0.2277584141908173,1.7470509999999968,0 days 17:00:00
1h,DEVELOPMENT,105,CLOSED,BTCUSDT,LONG,2024-07-23 06:00:00+00:00,2024-07-23 07:00:00+00:00,66519.34,66552.59967,2024-07-23 16:00:00+00:00,65887.0736733,65854.13013646335,0.00019930500439676766,13.264266169845667,0.13264266169845668,65887.0736733,67883.6516634,SL,-0.12601384302287214,0.013264266169845667,0.013125057696393138,0.006628818675584934,0.006565811754071492,0.013194630429656427,-0.16559779731876736,-1.248450499999987,0 days 09:00:00
1h,DEVELOPMENT,106,CLOSED,BTCUSDT,LONG,2024-07-23 17:00:00+00:00,2024-07-23 18:00:00+00:00,65940.29,65973.260145,2024-07-24 21:00:00+00:00,65313.52754354999,65280.87077977822,0.00019854762029498696,13.098833804891855,0.13098833804891855,65313.52754354999,67292.72534789999,SL,-0.12444219421838794,0.013098833804891855,0.012961361544109515,0.006546143830530528,0.0064839227334213545,0.013030066563951882,-0.16353245613134118,-1.2484504999999984,1 days 03:00:00
1h,DEVELOPMENT,107,CLOSED,BTCUSDT,LONG,2024-07-25 04:00:00+00:00,2024-07-25 05:00:00+00:00,64220.0,64252.10999999999,2024-07-25 14:00:00+00:00,63609.588899999995,63577.784105549996,0.00020132357860072706,12.93546471784756,0.1293546471784756,63609.588899999995,65537.1522,SL,-0.12289014706960723,0.012935464717847562,0.01279970701563375,0.006464500108867999,0.0064030550353344345,0.012867555144202434,-0.16149287394729098,-1.2484504999999961,0 days 09:00:00
1h,DEVELOPMENT,108,CLOSED,BTCUSDT,LONG,2024-07-29 17:00:00+00:00,2024-07-29 18:00:00+00:00,67015.09,67048.597545,2024-07-30 00:00:00+00:00,66378.11156954999,66344.92251376522,0.00019052051263069675,12.774133175442675,0.12774133175442676,66378.11156954999,68389.5694959,SL,-0.12135745710403181,0.012774133175442674,0.012640068647766406,0.006383874650396214,0.006323195921842317,0.012707070572238532,-0.15947872949947942,-1.2484504999999957,0 days 06:00:00
1h,DEVELOPMENT,109,CLOSED,BTCUSDT,LONG,2024-07-30 02:00:00+00:00,2024-07-30 03:00:00+00:00,66418.0,66451.209,2024-07-30 14:00:00+00:00,65786.69691,65753.803561545,0.00018983572993161476,12.614813765353288,0.1261481376535329,65786.69691,67780.23318000001,SL,-0.11984388289823412,0.012614813765353288,0.012482421294885906,0.0063042547552994805,0.006244332813848457,0.012548587569147937,-0.15748970552762126,-1.2484504999999944,0 days 11:00:00
1h,DEVELOPMENT,110,CLOSED,BTCUSDT,LONG,2024-07-30 15:00:00+00:00,2024-07-30 16:00:00+00:00,66216.01,66249.118005,2024-07-30 19:00:00+00:00,65586.62682495,65553.83351153752,0.00018803995837738736,12.457481392198822,0.12457481392198823,65586.62682495,67574.10036509999,SL,-0.11834918603982911,0.012457481392198823,0.012326740124987697,0.006225627882158684,0.0061664532891386025,0.012392081171297286,-0.1555254887283129,-1.248450499999998,0 days 03:00:00
1h,DEVELOPMENT,111,CLOSED,BTCUSDT,LONG,2024-07-30 19:00:00+00:00,2024-07-30 20:00:00+00:00,65931.03,65963.995515,2024-07-30 20:00:00+00:00,65304.35555985,65271.70338207008,0.0001864973638655903,12.302111273589121,0.12302111273589121,65304.35555985,67283.2754253,SL,-0.11687313108991895,0.012302111273589121,0.012173000615772804,0.006147981645972228,0.006089545080425822,0.012237526726398051,-0.15358576970567894,-1.2484504999999935,0 days 00:00:00
1h,DEVELOPMENT,112,CLOSED,BTCUSDT,LONG,2024-07-31 21:00:00+00:00,2024-07-31 22:00:00+00:00,64978.0,65010.488999999994,2024-08-01 00:00:00+00:00,64360.38410999999,64328.20391794499,0.0001868725973776449,12.148678936220811,0.12148678936220812,64360.38410999999,66310.69877999999,SL,-0.11541548554600735,0.012148678936220812,0.012021178550785173,0.0060713038162012066,0.006013596073429072,0.012084899889630279,-0.1516702429226436,-1.2484505000000017,0 days 02:00:00
1h,DEVELOPMENT,113,CLOSED,BTCUSDT,LONG,2024-08-01 00:00:00+00:00,2024-08-01 01:00:00+00:00,64645.9,64678.222949999996,2024-08-01 02:00:00+00:00,64031.440720499995,63999.42500013975,0.0001854899480045527,11.997160212022367,0.11997160212022367,64031.440720499995,65971.787409,SL,-0.11397601980537107,0.011997160212022366,0.011871250015597194,0.005995582314852701,0.005938594304949772,0.011934176619802474,-0.1497786066527931,-1.24845049999999,0 days 01:00:00
1h,DEVELOPMENT,114,CLOSED,BTCUSDT,LONG,2024-08-01 05:00:00+00:00,2024-08-01 06:00:00+00:00,64304.0,64336.151999999995,2024-08-01 15:00:00+00:00,63692.790479999996,63660.94408476,0.00018415044832565135,11.84753123434725,0.1184753123434725,63692.790479999996,65622.87504,SL,-0.1125545071289069,0.01184753123434725,0.011723191394042775,0.005920805214565345,0.005864527961001511,0.011785333175566855,-0.14791056293286375,-1.2484504999999944,0 days 09:00:00
1h,DEVELOPMENT,115,CLOSED,BTCUSDT,LONG,2024-08-01 16:00:00+00:00,2024-08-01 17:00:00+00:00,62908.01,62939.464005,2024-08-01 17:00:00+00:00,62310.06936495,62278.91433026753,0.0001858892289468031,11.699768434214517,0.11699768434214518,62310.06936495,64198.2532851,SL,-0.11115072360540618,0.011699768434214518,0.011576979364497437,0.005846960736738814,0.005791385374935878,0.011638346111674691,-0.14606581751579284,-1.248450499999996,0 days 00:00:00
1h,DEVELOPMENT,116,CLOSED,BTCUSDT,LONG,2024-08-01 17:00:00+00:00,2024-08-01 18:00:00+00:00,63220.0,63251.60999999999,2024-08-01 20:00:00+00:00,64516.642199999995,64484.3838789,0.00018266489242876736,11.553848536596345,0.11553848536596345,62619.09389999999,64516.642199999995,TP,0.2368510079815993,0.011553848536596344,0.01177903304457461,0.005774037249672114,0.005892462753663158,0.011666500003335273,0.20185162639709306,1.7470510000000108,0 days 02:00:00
1h,DEVELOPMENT,117,CLOSED,BTCUSDT,LONG,2024-08-02 23:00:00+00:00,2024-08-03 00:00:00+00:00,61498.34,61529.08916999999,2024-08-03 00:00:00+00:00,60913.79827829999,60883.34137916084,0.00019105594884620363,11.75549851301702,0.11755498513017021,60913.79827829999,62759.6709534,SL,-0.11168017327958829,0.011755498513017021,0.011632124556122905,0.0058748118505823595,0.005818971763943379,0.011693783614525739,-0.14676157996325395,-1.2484505000000032,0 days 00:00:00
1h,DEVELOPMENT,118,CLOSED,BTCUSDT,LONG,2024-08-03 01:00:00+00:00,2024-08-03 02:00:00+00:00,61342.01,61372.681005,2024-08-03 16:00:00+00:00,60758.95419495,60728.57471785253,0.0001891539257845522,11.608883548018765,0.11608883548018765,60758.95419495,62600.1346251,SL,-0.11028729447668079,0.011608883548018766,0.01148704831518231,0.005801541003506969,0.005746397356268524,0.011547938359775493,-0.14493116469965733,-1.2484504999999941,0 days 14:00:00
1h,DEVELOPMENT,119,CLOSED,BTCUSDT,LONG,2024-08-03 16:00:00+00:00,2024-08-03 17:00:00+00:00,60912.01,60942.466005,2024-08-03 18:00:00+00:00,60333.041344950005,60302.87482427753,0.00018811344405979345,11.464097169697432,0.11464097169697432,60333.041344950005,62161.315325100004,SL,-0.10891178770412152,0.011464097169697433,0.011343781469901459,0.0057291839928522905,0.005674728098999657,0.011403912091851948,-0.14312357843557236,-1.2484504999999906,0 days 01:00:00
1h,DEVELOPMENT,120,CLOSED,BTCUSDT,LONG,2024-08-03 19:00:00+00:00,2024-08-03 20:00:00+00:00,60246.01,60276.133004999996,2024-08-04 14:00:00+00:00,59673.371674949994,59643.53498911252,0.00018782088378032803,11.321116571859699,0.11321116571859699,59673.371674949994,61481.6556651,SL,-0.10755343629737918,0.0113211165718597,0.011202301453438031,0.005657729421218115,0.0056039527030699934,0.01126168212428811,-0.141338536446965,-1.2484504999999977,0 days 18:00:00
1h,DEVELOPMENT,121,CLOSED,BTCUSDT,LONG,2024-08-05 13:00:00+00:00,2024-08-05 14:00:00+00:00,51951.01,51976.985505,2024-08-05 14:00:00+00:00,53016.525215099995,52990.01695249245,0.00021509364431448943,11.179919232751843,0.11179919232751843,51457.21564995,53016.525215099995,TP,0.22918555068839458,0.011179919232751842,0.011397815858598176,0.005587166033358141,0.0057017588087024665,0.011288924842060608,0.19531889075498393,1.7470510000000046,0 days 00:00:00
1h,DEVELOPMENT,122,CLOSED,BTCUSDT,LONG,2024-08-07 20:00:00+00:00,2024-08-07 21:00:00+00:00,55141.31,55168.88065499999,2024-08-07 22:00:00+00:00,54617.19184844999,54589.88325252577,0.00020618585812668487,11.375042999739838,0.11375042999739839,54617.19184844999,56272.25826809999,SL,-0.10806575083710998,0.011375042999739838,0.011255661923457567,0.005684679160288929,0.005630646284870908,0.011315325445159837,-0.1420117812054672,-1.2484505000000017,0 days 01:00:00
1h,DEVELOPMENT,123,CLOSED,BTCUSDT,LONG,2024-08-11 16:00:00+00:00,2024-08-11 17:00:00+00:00,60182.2,60212.291099999995,2024-08-11 19:00:00+00:00,59610.168188999996,59580.3631049055,0.00018655946955729887,11.233173088445668,0.11233173088445668,59610.168188999996,61416.536922,SL,-0.10671795123006118,0.011233173088445668,0.01111528093688243,0.00561377965439523,0.005560420678780561,0.011174200333175791,-0.14024060558856508,-1.2484504999999972,0 days 02:00:00
1h,DEVELOPMENT,124,CLOSED,BTCUSDT,LONG,2024-08-11 21:00:00+00:00,2024-08-11 22:00:00+00:00,59009.79,59039.294895,2024-08-12 00:00:00+00:00,58448.90194605,58419.677495076976,0.0001878930397642952,11.093072583362185,0.11093072583362185,58448.90194605,60220.0807929,SL,-0.10538696142414594,0.011093072583362186,0.0109766507865998,0.005543764409476019,0.005491070928763833,0.011034835338239853,-0.13849152013234775,-1.2484504999999968,0 days 02:00:00
1h,DEVELOPMENT,125,CLOSED,BTCUSDT,LONG,2024-08-12 01:00:00+00:00,2024-08-12 02:00:00+00:00,58584.02,58613.312009999994,2024-08-12 07:00:00+00:00,58027.178889899995,57998.165300455046,0.00018689814720805788,10.954719416396806,0.10954719416396806,58027.178889899995,59785.57825019999,SL,-0.10407257176696853,0.010954719416396806,0.010839749636121722,0.005474622396999415,0.005422586111116156,0.010897208508115572,-0.13676424932760262,-1.2484504999999964,0 days 05:00:00
1h,DEVELOPMENT,126,CLOSED,BTCUSDT,LONG,2024-08-12 07:00:00+00:00,2024-08-12 08:00:00+00:00,58674.62,58703.95731,2024-08-12 11:00:00+00:00,59878.036456199996,59848.0974379719,0.00018428215558899112,10.818091794690913,0.10818091794690914,58116.917736899995,59878.036456199996,TP,0.22176817861979947,0.010818091794690914,0.011028936403769438,0.005406342725981606,0.005517226815292103,0.01092356954127371,0.1889975808800654,1.7470509999999986,0 days 03:00:00
1h,DEVELOPMENT,127,CLOSED,BTCUSDT,LONG,2024-08-14 17:00:00+00:00,2024-08-14 18:00:00+00:00,59168.37,59197.954185,2024-08-14 22:00:00+00:00,58605.97464315,58576.67165582843,0.00018593379988100797,11.006900566798869,0.11006900566798869,58605.97464315,60381.9132687,SL,-0.10456830573455599,0.01100690056679887,0.010891383145350316,0.005500699933432663,0.005448415780564693,0.010949115713997357,-0.13741570516070253,-1.248450499999993,0 days 04:00:00
1h,DEVELOPMENT,128,CLOSED,BTCUSDT,LONG,2024-08-14 22:00:00+00:00,2024-08-14 23:00:00+00:00,58985.99,59015.48299499999,2024-08-15 01:00:00+00:00,58425.32816504999,58396.11550096747,0.00018418254987400196,10.8696221400649,0.108696221400649,58425.32816504999,60195.79265489999,SL,-0.10326412637812891,0.0108696221400649,0.010755545455704918,0.005432095022519946,0.005380462959331699,0.010812557981851646,-0.13570185195575038,-1.2484504999999948,0 days 02:00:00
1h,DEVELOPMENT,129,CLOSED,BTCUSDT,LONG,2024-08-15 02:00:00+00:00,2024-08-15 03:00:00+00:00,58412.75,58441.956374999994,2024-08-15 06:00:00+00:00,57857.53681124999,57828.60804284437,0.00018367037177055524,10.73405585439482,0.1073405585439482,57857.53681124999,59610.7955025,SL,-0.10197621278962929,0.01073405585439482,0.010621401938202945,0.005364345754319203,0.005313357647925492,0.010677703402244696,-0.13400937398447174,-1.2484505000000032,0 days 03:00:00
1h,DEVELOPMENT,130,CLOSED,BTCUSDT,LONG,2024-08-15 08:00:00+00:00,2024-08-15 09:00:00+00:00,58378.3,58407.48915,2024-08-15 14:00:00+00:00,59575.638933,59545.85111353351,0.0001814866639564977,10.600180355908837,0.10600180355908836,57823.4142585,59575.638933,TP,0.21730104857540236,0.010600180355908836,0.010806777871045501,0.005297441457225503,0.005406091981512675,0.010703533438738179,0.18519055690970984,1.747051000000009,0 days 05:00:00
1h,DEVELOPMENT,131,CLOSED,BTCUSDT,LONG,2024-08-19 01:00:00+00:00,2024-08-19 02:00:00+00:00,58564.0,58593.282,2024-08-19 09:00:00+00:00,58007.34918,57978.34550541,0.00018406864301042546,10.785185907267188,0.10785185907267188,58007.34918,59765.14764,SL,-0.10246196106804108,0.010785185907267188,0.010671995381170418,0.005389898004631139,0.005338667024097206,0.010728565028728345,-0.13464770738520704,-1.2484505000000028,0 days 07:00:00
1h,DEVELOPMENT,132,CLOSED,BTCUSDT,LONG,2024-08-19 10:00:00+00:00,2024-08-19 11:00:00+00:00,58046.01,58075.033005,2024-08-19 17:00:00+00:00,59236.533665099996,59206.91539826745,0.00018339503504301408,10.650672713076174,0.10650672713076174,57494.282674949995,59236.533665099996,TP,0.218336129280551,0.010650672713076174,0.01085825432425403,0.005322675019027741,0.005431843083668689,0.010754518102696429,0.18607268414052433,1.747050999999999,0 days 06:00:00
1h,DEVELOPMENT,133,CLOSED,BTCUSDT,LONG,2024-08-20 17:00:00+00:00,2024-08-20 18:00:00+00:00,59039.47,59068.989734999996,2024-08-21 18:00:00+00:00,60250.369529699994,60220.24434493515,0.0001834559818787352,10.836559510419354,0.10836559510419354,58478.299837649996,60250.369529699994,TP,0.22214676217761087,0.010836559510419355,0.011047764055277428,0.005415571969224038,0.005526645350313041,0.010942217319537078,0.189320221292377,1.7470510000000052,1 days 00:00:00
1h,DEVELOPMENT,134,CLOSED,BTCUSDT,LONG,2024-08-26 15:00:00+00:00,2024-08-26 16:00:00+00:00,63532.54,63564.30627,2024-08-26 21:00:00+00:00,62928.6632073,62897.198875696355,0.0001734572631657155,11.02569060062153,0.11025690600621531,62928.6632073,64835.5923954,SL,-0.10474681575103227,0.011025690600621531,0.010909975977768008,0.005510090255183187,0.005457716847306861,0.010967807102490047,-0.13765028943191188,-1.2484504999999944,0 days 05:00:00
1h,DEVELOPMENT,135,CLOSED,BTCUSDT,LONG,2024-08-27 01:00:00+00:00,2024-08-27 02:00:00+00:00,62994.81,63026.30740499999,2024-08-27 10:00:00+00:00,62396.04433094999,62364.846308784516,0.00017275608031421013,10.888177823966275,0.10888177823966276,62396.04433094999,64286.83355309999,SL,-0.10344041001179494,0.010888177823966276,0.01077390639770375,0.005441368227868273,0.005389648022863127,0.0108310162507314,-0.13593351048419638,-1.2484505000000026,0 days 08:00:00
1h,DEVELOPMENT,136,CLOSED,BTCUSDT,LONG,2024-08-27 11:00:00+00:00,2024-08-27 12:00:00+00:00,62416.99,62448.198495,2024-08-27 14:00:00+00:00,61823.71651005,61792.80465179498,0.00017218078936345545,10.752380111194851,0.10752380111194851,61823.71651005,63697.1624649,SL,-0.10215029780800292,0.01075238011119485,0.01063953388192786,0.005373503303945272,0.0053224281550409,0.01069593145898617,-0.1342381432601118,-1.248450499999992,0 days 02:00:00
1h,DEVELOPMENT,137,CLOSED,BTCUSDT,LONG,2024-08-27 17:00:00+00:00,2024-08-27 18:00:00+00:00,61933.31,61964.276654999994,2024-08-27 21:00:00+00:00,61344.63388844999,61313.96157150577,0.00017136125272781917,10.618276071973959,0.10618276071973959,61344.63388844999,63203.5621881,SL,-0.10087627592615026,0.01061827607197396,0.010506837264598593,0.005306484793589592,0.005256046655626141,0.010562531449215734,-0.13256392071193854,-1.2484504999999932,0 days 03:00:00
1h,DEVELOPMENT,138,CLOSED,BTCUSDT,LONG,2024-08-28 08:00:00+00:00,2024-08-28 09:00:00+00:00,59224.0,59253.611999999994,2024-08-28 15:00:00+00:00,58661.07588,58631.74534206,0.00017696549170287282,10.485844582751245,0.10485844582751246,58661.07588,60438.684239999995,SL,-0.09961814368720757,0.010485844582751244,0.010375795643855271,0.005240302140304357,0.005190493068461363,0.01043079520876572,-0.1309105791225798,-1.2484504999999901,0 days 06:00:00
1h,VALIDATION,1,CLOSED,BTCUSDT,LONG,2024-09-02 00:00:00+00:00,2024-09-02 01:00:00+00:00,57467.25,57495.98362499999,2024-09-02 11:00:00+00:00,58645.903297499994,58616.580345851246,0.00034750288142444116,19.980019980019982,0.19980019980019983,56921.02378874999,58645.903297499994,TP,0.40958541708166685,0.019980019980019983,0.020369430569430573,0.009985017481267093,0.010189810189809544,0.020174827671076638,0.34906113886113965,1.7470510000000037,0 days 10:00:00
1h,VALIDATION,2,CLOSED,BTCUSDT,LONG,2024-09-03 15:00:00+00:00,2024-09-03 16:00:00+00:00,57725.01,57753.872505,2024-09-04 00:00:00+00:00,57176.33377995,57147.745613060026,0.0003519890792551572,20.32873240645469,0.20328732406454691,57176.33377995,58908.9499551,SL,-0.1931280375046001,0.02032873240645469,0.020115382359848947,0.010159286559946431,0.010062722541194957,0.020222009101141386,-0.25379416137204514,-1.2484504999999975,0 days 08:00:00
1h,VALIDATION,3,CLOSED,BTCUSDT,LONG,2024-09-04 06:00:00+00:00,2024-09-04 07:00:00+00:00,56277.0,56305.138499999994,2024-09-04 14:00:00+00:00,57431.24126999999,57402.525649364994,0.00035654280089735327,20.0751917857034,0.200751917857034,55742.087114999995,57431.24126999999,TP,0.4115364153171151,0.0200751917857034,0.020466457273606756,0.010032579603047913,0.010238347810707779,0.02027092741375569,0.3507238388440493,1.7470510000000008,0 days 07:00:00
1h,VALIDATION,4,CLOSED,BTCUSDT,LONG,2024-09-05 16:00:00+00:00,2024-09-05 17:00:00+00:00,56335.0,56363.167499999996,2024-09-05 21:00:00+00:00,55799.535825,55771.636057087504,0.0003623920754823098,20.42556525108207,0.2042556525108207,55799.535825,57490.43085,SL,-0.1940479737246731,0.02042556525108207,0.020211198943771966,0.010207678786146484,0.010110654799283816,0.020318333585430302,-0.25500307150495743,-1.2484504999999857,0 days 04:00:00
1h,VALIDATION,5,CLOSED,BTCUSDT,LONG,2024-09-05 21:00:00+00:00,2024-09-05 22:00:00+00:00,56150.59,56178.66529499999,2024-09-06 07:00:00+00:00,55616.87864204999,55589.070202728966,0.0003590476352896824,20.170816927900294,0.20170816927900295,55616.87864204999,57302.23860089999,SL,-0.19162780099919538,0.020170816927900296,0.019959124204241983,0.010080368279808481,0.009984554379309889,0.02006492265911837,-0.251822664790456,-1.2484505000000006,0 days 09:00:00
1h,VALIDATION,6,CLOSED,BTCUSDT,LONG,2024-09-06 16:00:00+00:00,2024-09-06 17:00:00+00:00,54074.0,54101.037,2024-09-06 18:00:00+00:00,53560.02662999999,53533.246616685,0.00036818602634554933,19.919245834203537,0.19919245834203536,53560.02662999999,55183.05774,SL,-0.18923781274773335,0.019919245834203538,0.019710193349173573,0.009954645594303374,0.00986002668792854,0.019814672282231913,-0.24868192421334237,-1.2484504999999957,0 days 01:00:00
1h,VALIDATION,7,CLOSED,BTCUSDT,LONG,2024-09-06 19:00:00+00:00,2024-09-06 20:00:00+00:00,53534.27,53561.03713499999,2024-09-06 20:00:00+00:00,53025.42676364999,52998.91405026817,0.0003672597357273135,19.67081234348092,0.19670812343480923,53025.42676364999,54632.257877699994,SL,-0.18687763250853312,0.019670812343480924,0.01946436716793609,0.009830490926275338,0.009737052110022742,0.019567543036298082,-0.2455803550562482,-1.2484504999999944,0 days 00:00:00
1h,VALIDATION,8,CLOSED,BTCUSDT,LONG,2024-09-16 03:00:00+00:00,2024-09-16 04:00:00+00:00,58575.09,58604.377544999996,2024-09-16 14:00:00+00:00,58018.333769549994,57989.32460266522,0.0003314680257209225,19.42547732344471,0.1942547732344471,58018.333769549994,59776.4650959,SL,-0.18454688851508527,0.019425477323444712,0.019221606938935158,0.009707884719362419,0.009615611275104952,0.019323495994467373,-0.2425174687719325,-1.2484505000000021,0 days 10:00:00
1h,VALIDATION,9,CLOSED,BTCUSDT,LONG,2024-09-16 15:00:00+00:00,2024-09-16 16:00:00+00:00,57881.7,57910.640849999996,2024-09-17 09:00:00+00:00,59068.853666999996,59039.3192401665,0.000331255220945571,19.18320212986636,0.19183202129866359,57331.53444149999,59068.853666999996,TP,0.3932508502584294,0.01918320212986636,0.01955708273937746,0.009586807661102313,0.00978343308623041,0.01937024074733272,0.33514032464185284,1.7470510000000068,0 days 17:00:00
1h,VALIDATION,10,CLOSED,BTCUSDT,LONG,2024-09-30 03:00:00+00:00,2024-09-30 04:00:00+00:00,64553.68,64585.95684,2024-09-30 09:00:00+00:00,63940.097271599996,63908.1272229642,0.0003022020359215459,19.518007648989094,0.19518007648989094,63940.097271599996,65877.6759768,SL,-0.18542594972877824,0.019518007648989096,0.019313166158712952,0.009754126761113575,0.009661413786248957,0.019415540547362532,-0.2436726640838428,-1.248450500000001,0 days 05:00:00
1h,VALIDATION,11,CLOSED,BTCUSDT,LONG,2024-09-30 10:00:00+00:00,2024-09-30 11:00:00+00:00,63645.98,63677.80299,2024-09-30 23:00:00+00:00,63041.024960099996,63009.50444761995,0.00030268912413901897,19.2745784141401,0.19274578414140103,63041.024960099996,64951.3590498,SL,-0.18311331117081847,0.0192745784141401,0.019072291713683704,0.00963247297058273,0.009540916314998938,0.01917338928558167,-0.24063357058422394,-1.2484504999999988,0 days 12:00:00
1h,VALIDATION,12,CLOSED,BTCUSDT,LONG,2024-10-01 00:00:00+00:00,2024-10-01 01:00:00+00:00,63532.0,63563.765999999996,2024-10-01 13:00:00+00:00,62928.128339999996,62896.66427583,0.0002994502439759987,19.03418523673329,0.1903418523673329,62928.128339999996,64835.04132,SL,-0.18082951591719262,0.01903418523673329,0.018834421462673775,0.00951233645014037,0.009421921692181557,0.018934258142321927,-0.2376323807589216,-1.248450499999993,0 days 12:00:00
1h,VALIDATION,13,CLOSED,BTCUSDT,LONG,2024-10-01 15:00:00+00:00,2024-10-01 16:00:00+00:00,62628.85,62660.164424999995,2024-10-01 16:00:00+00:00,62033.56278074999,62002.54599935962,0.00029997990626817836,18.796790250960143,0.18796790250960144,62033.56278074999,63913.367713499996,SL,-0.1785742042332617,0.018796790250960142,0.01859951793727632,0.009393698276340954,0.009304411174223209,0.018698109450564163,-0.23466862187206233,-1.2484504999999955,0 days 00:00:00
1h,VALIDATION,14,CLOSED,BTCUSDT,LONG,2024-10-01 21:00:00+00:00,2024-10-01 22:00:00+00:00,61142.0,61172.570999999996,2024-10-02 13:00:00+00:00,60560.84529,60530.564867355,0.00030344247037247736,18.562356063275768,0.18562356063275767,60560.84529,62396.022419999994,SL,-0.17634702087100143,0.01856235606327577,0.01836754413639169,0.009276539761755876,0.009188366251320069,0.018464906013075946,-0.23174182708374486,-1.2484504999999904,0 days 15:00:00
1h,VALIDATION,15,CLOSED,BTCUSDT,LONG,2024-10-09 14:00:00+00:00,2024-10-09 15:00:00+00:00,61872.99,61903.92649499999,2024-10-09 18:00:00+00:00,61284.88723004999,61254.244786434974,0.00029611765819070266,18.33084574650879,0.1833084574650879,61284.88723004999,63142.00502489999,SL,-0.1741476150130609,0.01833084574650879,0.018138463520399183,0.009160842452026743,0.009073768644520119,0.018234611096546862,-0.22885153537651573,-1.2484504999999892,0 days 03:00:00
1h,VALIDATION,16,CLOSED,BTCUSDT,LONG,2024-10-10 01:00:00+00:00,2024-10-10 02:00:00+00:00,60803.01,60833.411505,2024-10-10 17:00:00+00:00,60225.07738995,60194.96485125503,0.0002975704039310189,18.10222283404474,0.1810222283404474,60225.07738995,62050.0797351,SL,-0.17197564021748768,0.018102222834044737,0.017912240005401443,0.009046588122959212,0.008960600302851132,0.018007188425810346,-0.2259972914827442,-1.2484504999999915,0 days 15:00:00
1h,VALIDATION,17,CLOSED,BTCUSDT,LONG,2024-10-21 15:00:00+00:00,2024-10-21 16:00:00+00:00,67341.02,67374.69051,2024-10-22 00:00:00+00:00,66700.9436049,66667.59313309756,0.00026532888208857406,17.87645131408196,0.17876451314081962,66700.9436049,68722.1843202,SL,-0.1698307543631667,0.017876451314081963,0.01768883795754067,0.008933758777651167,0.008848843400470235,0.0177826021781214,-0.22317864581291075,-1.2484504999999884,0 days 08:00:00
1h,VALIDATION,18,CLOSED,BTCUSDT,LONG,2024-10-22 09:00:00+00:00,2024-10-22 10:00:00+00:00,66960.02,66993.50001,2024-10-23 09:00:00+00:00,66323.5650099,66290.40322739506,0.00026351057373213917,17.653495623959174,0.17653495623959173,66323.5650099,68333.3700102,SL,-0.16771261959593373,0.017653495623959174,0.01746822218738572,0.008822336643657575,0.00873848033385901,0.017560816977516585,-0.2203951543847952,-1.2484504999999932,0 days 23:00:00
1h,VALIDATION,19,CLOSED,BTCUSDT,LONG,2024-10-23 11:00:00+00:00,2024-10-23 12:00:00+00:00,66414.0,66447.207,2024-10-23 17:00:00+00:00,65782.73492999999,65749.843562535,0.00026236348270520664,17.433320644553785,0.17433320644553785,65782.73492999999,67776.15114,SL,-0.16562090227534831,0.017433320644553784,0.017250357944389193,0.008712304170190453,0.008629493719052998,0.01734179788924345,-0.21764637875353474,-1.2484504999999988,0 days 05:00:00
1h,VALIDATION,20,CLOSED,BTCUSDT,LONG,2024-10-23 18:00:00+00:00,2024-10-23 19:00:00+00:00,66057.78,66090.80889,2024-10-24 00:00:00+00:00,67412.6250678,67378.91875526612,0.00026048843982835474,17.21589169475006,0.1721589169475006,65429.9008011,67412.6250678,TP,0.3529214779203656,0.01721589169475006,0.01755142942388074,0.008603644025362716,0.008780104764319929,0.017383748789682643,0.3007704080120522,1.747051000000025,0 days 05:00:00
1h,VALIDATION,21,CLOSED,BTCUSDT,LONG,2024-10-25 18:00:00+00:00,2024-10-25 19:00:00+00:00,67026.62,67060.13330999999,2024-10-25 23:00:00+00:00,66389.53197689999,66356.33721091154,0.0002612037997576125,17.516361632824037,0.17516361632824037,66389.53197689999,68401.33597619999,SL,-0.16640981241378683,0.017516361632824037,0.017332527417487552,0.00875380391445344,0.008670599008246935,0.017424402922700373,-0.2186831043867988,-1.248450499999994,0 days 04:00:00
1h,VALIDATION,22,CLOSED,BTCUSDT,LONG,2024-10-31 17:00:00+00:00,2024-10-31 18:00:00+00:00,70785.28,70820.67263999999,2024-10-31 18:00:00+00:00,70112.46591359998,70077.40968064319,0.00024424926152575145,17.29789699307699,0.1729789699307699,70112.46591359998,72237.08609279999,SL,-0.16433434374732706,0.01729789699307699,0.01711635556413465,0.008644626183444557,0.008562459011570928,0.017207085195015487,-0.2159556814995542,-1.2484504999999975,0 days 00:00:00
1h,VALIDATION,23,CLOSED,BTCUSDT,LONG,2024-10-31 21:00:00+00:00,2024-10-31 22:00:00+00:00,70442.39,70477.61119499999,2024-11-01 01:00:00+00:00,69772.83508304998,69737.94866550846,0.00024237707212089622,17.082157051518998,0.17082157051518998,69772.83508304998,71887.16341889999,SL,-0.16228476039449458,0.017082157051518998,0.016902879813263303,0.008536810120696965,0.008455667740501166,0.016992477861198133,-0.21326227512047502,-1.2484505000000048,0 days 03:00:00
1h,VALIDATION,24,CLOSED,BTCUSDT,LONG,2024-11-01 02:00:00+00:00,2024-11-01 03:00:00+00:00,69579.89,69614.679945,2024-11-01 13:00:00+00:00,71006.97354389999,70971.47005712804,0.00024232112880432808,16.86910782562442,0.1686910782562442,68918.53314555,71006.97354389999,TP,0.34581249525592717,0.016869107825624417,0.017197886737145836,0.008430338743439715,0.008603244991068801,0.017033583734508514,0.29471191695864846,1.7470509999999928,0 days 10:00:00
1h,VALIDATION,25,CLOSED,BTCUSDT,LONG,2024-11-03 15:00:00+00:00,2024-11-03 16:00:00+00:00,68090.91,68124.955455,2024-11-04 03:00:00+00:00,69487.4545641,69452.71083681795,0.00025194182088560764,17.163525325083608,0.1716352532508361,67443.70590045,69487.4545641,TP,0.3518479804272504,0.017163525325083608,0.017498042433669488,0.008577473925578886,0.008753397915793508,0.017330871841372393,0.29985554082712496,1.7470509999999912,0 days 11:00:00
1h,VALIDATION,26,CLOSED,BTCUSDT,LONG,2024-11-04 17:00:00+00:00,2024-11-04 18:00:00+00:00,67830.0,67863.915,2024-11-04 21:00:00+00:00,67185.27584999999,67151.68321207499,0.00025732499090165805,17.463081309925894,0.17463081309925893,67185.27584999999,69221.1933,SL,-0.16590363603283156,0.017463081309925892,0.01727980627157822,0.008727177066428086,0.00864422524841366,0.017371402314841744,-0.2180179259291774,-1.248450500000006,0 days 03:00:00
1h,VALIDATION,27,CLOSED,BTCUSDT,LONG,2024-11-24 16:00:00+00:00,2024-11-24 17:00:00+00:00,96403.99,96452.191995,2024-11-25 09:00:00+00:00,98381.2358349,98332.04521698256,0.00017879615618291496,17.245281184122522,0.1724528118412252,95487.67007505,98381.2358349,TP,0.3535239551087973,0.017245281184122524,0.017581391714401068,0.008618331426347336,0.008795093403900741,0.017413424830248075,0.3012838573800256,1.7470510000000072,0 days 16:00:00
1h,VALIDATION,28,CLOSED,BTCUSDT,LONG,2024-11-25 15:00:00+00:00,2024-11-25 16:00:00+00:00,96000.57,96048.57028500001,2024-11-25 17:00:00+00:00,95088.08458215001,95040.54053985894,0.00018268115815325424,17.546264058628044,0.17546264058628044,95088.08458215001,97969.5416907,SL,-0.16669389293079329,0.017546264058628042,0.017362116017332743,0.008768747655486624,0.00868540070902107,0.017454148364507694,-0.2190564213712618,-1.2484504999999981,0 days 01:00:00
1h,VALIDATION,29,CLOSED,BTCUSDT,LONG,2024-11-25 20:00:00+00:00,2024-11-25 21:00:00+00:00,94955.89,95003.36794499999,2024-11-25 21:00:00+00:00,94053.33426554999,94006.30759841722,0.0001823874968819199,17.327426474840575,0.17327426474840577,94053.33426554999,96903.4353039,SL,-0.1646148812027605,0.017327426474840577,0.017145575133987123,0.008659383545645905,0.008577076105045163,0.017236459650691066,-0.21632434246227927,-1.2484504999999984,0 days 00:00:00
1h,VALIDATION,30,CLOSED,BTCUSDT,LONG,2024-11-25 22:00:00+00:00,2024-11-25 23:00:00+00:00,94404.49,94451.692245,2024-11-25 23:00:00+00:00,93507.17532255,93460.42173488873,0.00018116476088355472,17.111318240612523,0.17111318240612522,93507.17532255,96340.7260899,SL,-0.16256179897753428,0.017111318240612523,0.016931734955677298,0.008551383428590721,0.008470102529101818,0.01702148595769254,-0.21362633813151663,-1.2484504999999906,0 days 00:00:00
1h,VALIDATION,31,CLOSED,BTCUSDT,LONG,2024-11-26 00:00:00+00:00,2024-11-26 01:00:00+00:00,93836.58,93883.49829,2024-11-26 08:00:00+00:00,92944.6633071,92898.19097544646,0.00017998802370156348,16.897905315406216,0.16897905315406217,92944.6633071,95761.1682558,SL,-0.16053432286150635,0.016897905315406216,0.016720561799121028,0.008444730292557087,0.008364463131123967,0.016809193423681056,-0.21096198339971467,-1.248450499999995,0 days 07:00:00
1h,VALIDATION,32,CLOSED,BTCUSDT,LONG,2024-11-26 09:00:00+00:00,2024-11-26 10:00:00+00:00,93519.61,93566.369805,2024-11-26 10:00:00+00:00,92630.70610694999,92584.39075389651,0.00017834563976368935,16.68715408323867,0.1668715408323867,92630.70610694999,95437.6972011,SL,-0.15853213349443815,0.016687154083238672,0.016512022401135078,0.008339407337949332,0.008260141271203397,0.016599548609152727,-0.20833085858796463,-1.2484505000000061,0 days 00:00:00
1h,VALIDATION,33,CLOSED,BTCUSDT,LONG,2024-11-26 11:00:00+00:00,2024-11-26 12:00:00+00:00,92356.84,92403.01842,2024-11-26 16:00:00+00:00,94251.07878839999,94203.95324900579,0.0001783386693331198,16.479031347386556,0.16479031347386555,91478.98823579999,94251.07878839999,TP,0.33781602492243545,0.016479031347386555,0.01680020766834712,0.008235397974705311,0.00840430598716668,0.01663970396187199,0.2878970819448298,1.7470509999999972,0 days 04:00:00
1h,VALIDATION,34,CLOSED,BTCUSDT,LONG,2024-11-26 21:00:00+00:00,2024-11-26 22:00:00+00:00,91700.09,91745.940045,2024-11-27 07:00:00+00:00,93580.8588459,93534.06841647705,0.00018275076599177177,16.766640819858917,0.1676664081985892,90828.48064455,93580.8588459,TP,0.3437119472416866,0.016766640819858916,0.01709342264943797,0.008379130844507063,0.008550986818128414,0.016930117662635476,0.29292176610975423,1.7470510000000048,0 days 09:00:00
1h,VALIDATION,35,CLOSED,BTCUSDT,LONG,2024-12-02 09:00:00+00:00,2024-12-02 10:00:00+00:00,95492.81,95540.556405,2024-12-02 17:00:00+00:00,94585.15084095,94537.85826552953,0.0001785552711721378,17.059269956831702,0.17059269956831702,94585.15084095,97451.3675331,SL,-0.16206732727604783,0.017059269956831703,0.016880232918634754,0.008525372292269368,0.008444338628629465,0.016969710920898835,-0.21297654107241312,-1.248450499999988,0 days 07:00:00
1h,VALIDATION,36,CLOSED,BTCUSDT,LONG,2024-12-09 21:00:00+00:00,2024-12-09 22:00:00+00:00,96892.0,96940.446,2024-12-09 22:00:00+00:00,95971.04153999999,95923.05601923,0.000173782016430341,16.846506179536586,0.16846506179536586,95971.04153999999,98879.25491999999,SL,-0.1600460182273831,0.016846506179536588,0.01666970209718235,0.008419043567983652,0.008339020558868435,0.016758064126852087,-0.21032029063095414,-1.2484504999999926,0 days 00:00:00
1h,VALIDATION,37,CLOSED,BTCUSDT,LONG,2024-12-10 18:00:00+00:00,2024-12-10 19:00:00+00:00,95132.04,95179.60601999999,2024-12-10 21:00:00+00:00,97083.1981404,97034.65654132981,0.00017478950265448982,16.636395999086083,0.16636395999086084,94227.8099598,97083.1981404,TP,0.34104196096077566,0.016636395999086083,0.016960639357108273,0.008314040979053234,0.008484561959531746,0.01679860293858498,0.2906463226659963,1.7470510000000175,0 days 02:00:00
1h,VALIDATION,38,CLOSED,BTCUSDT,LONG,2024-12-18 06:00:00+00:00,2024-12-18 07:00:00+00:00,103794.65,103846.54732499999,2024-12-18 20:00:00+00:00,102808.08185174999,102756.67781082411,0.00016299773465564647,16.92675196578538,0.16926751965785383,102808.08185174999,105923.47827149999,SL,-0.16080837324816724,0.016926751965785383,0.016749105703904466,0.008459146409687536,0.008378742223063625,0.01683788863275116,-0.21132211955060826,-1.2484505000000048,0 days 13:00:00
1h,VALIDATION,39,CLOSED,BTCUSDT,LONG,2024-12-18 21:00:00+00:00,2024-12-18 22:00:00+00:00,101010.54,101061.04526999999,2024-12-18 23:00:00+00:00,100050.43481729999,100000.40959989134,0.0001654014255699111,16.71564095724332,0.1671564095724332,100050.43481729999,103082.26617539999,SL,-0.15880276591564071,0.01671564095724332,0.01654021030539705,0.008353643656792304,0.008274242273835285,0.01662788593062759,-0.20868650310890866,-1.248450499999998,0 days 01:00:00
1h,VALIDATION,40,CLOSED,BTCUSDT,LONG,2024-12-19 00:00:00+00:00,2024-12-19 01:00:00+00:00,100831.17,100881.585585,2024-12-19 01:00:00+00:00,99872.76972915,99822.83334428542,0.0001636290987739385,16.507162932159495,0.16507162932159497,99872.76972915,102899.2172967,SL,-0.15682217258388484,0.016507162932159494,0.016333920257186482,0.008249456737710105,0.008171045651418702,0.01642050238912881,-0.20608375816235963,-1.2484504999999984,0 days 00:00:00
1h,VALIDATION,41,CLOSED,BTCUSDT,LONG,2024-12-19 02:00:00+00:00,2024-12-19 03:00:00+00:00,100534.56,100584.82728,2024-12-19 10:00:00+00:00,102596.5238256,102545.2255636872,0.0001620650498956389,16.301285051877418,0.16301285051877418,99578.9790072,102596.5238256,TP,0.33417227027886703,0.016301285051877418,0.016618997097538512,0.008146569241318055,0.008313655376457733,0.016460224617775788,0.2847917635116753,1.7470510000000021,0 days 07:00:00
1h,VALIDATION,42,CLOSED,BTCUSDT,LONG,2024-12-19 18:00:00+00:00,2024-12-19 19:00:00+00:00,98932.72,98982.18635999999,2024-12-19 19:00:00+00:00,97992.3644964,97943.3683141518,0.00016756340628615754,16.58579230813284,0.1658579230813284,97992.3644964,100961.8300872,SL,-0.15756917130315165,0.01658579230813284,0.01641172441785899,0.008288751778175866,0.008209967192525766,0.016498718970701633,-0.20706540699984513,-1.2484504999999948,0 days 00:00:00
1h,VALIDATION,43,CLOSED,BTCUSDT,LONG,2024-12-19 21:00:00+00:00,2024-12-19 22:00:00+00:00,97417.66,97466.36882999999,2024-12-20 01:00:00+00:00,96491.70514169999,96443.45928912914,0.0001680470295169141,16.378933759681445,0.16378933759681444,96491.70514169999,99415.6962066,SL,-0.1556039634040725,0.016378933759681445,0.01620703684987359,0.008185374192742447,0.008107572211042286,0.016292946403784734,-0.20448288041741228,-1.248450500000003,0 days 03:00:00
1h,VALIDATION,44,CLOSED,BTCUSDT,LONG,2024-12-20 04:00:00+00:00,2024-12-20 05:00:00+00:00,97304.07,97352.722035,2024-12-20 06:00:00+00:00,96379.19481464999,96331.00521724267,0.00016614486806081067,16.17465515786585,0.1617465515786585,96379.19481464999,99299.7764757,SL,-0.15366326564269595,0.01617465515786585,0.01600490215198405,0.008083285935963594,0.008006454303143895,0.01608974023910749,-0.20193256319165334,-1.2484505000000083,0 days 01:00:00
1h,VALIDATION,45,CLOSED,BTCUSDT,LONG,2024-12-20 06:00:00+00:00,2024-12-20 07:00:00+00:00,97281.38,97330.02069,2024-12-20 08:00:00+00:00,96356.7204831,96308.54212285846,0.00016411097225984324,15.97292432550656,0.1597292432550656,96356.7204831,99276.6211038,SL,-0.15174677232777703,0.01597292432550656,0.01580528848471037,0.007982470927289664,0.007906597541123783,0.015889068468413446,-0.1994140536064074,-1.2484504999999946,0 days 01:00:00
1h,VALIDATION,46,CLOSED,BTCUSDT,LONG,2024-12-20 12:00:00+00:00,2024-12-20 13:00:00+00:00,93941.74,93988.71087,2024-12-20 14:00:00+00:00,95868.4850874,95820.5508448563,0.00016782557544124896,15.77370948673892,0.1577370948673892,93048.8237613,95868.4850874,TP,0.3233571030215031,0.01577370948673892,0.016081139084635463,0.007882913286724436,0.008044591838235448,0.015927505124959884,0.27557474932516884,1.7470510000000106,0 days 01:00:00
1h,VALIDATION,47,CLOSED,BTCUSDT,LONG,2024-12-22 05:00:00+00:00,2024-12-22 06:00:00+00:00,96156.19,96204.26809499999,2024-12-22 15:00:00+00:00,95242.22541404999,95194.60430134297,0.00016682221334261493,16.04900893661421,0.16049008936614212,95242.22541404999,98128.35345689999,SL,-0.1524695951449483,0.01604900893661421,0.015880574587824447,0.008020494221194814,0.007944259423622,0.015964753644816816,-0.20036393231420377,-1.2484504999999935,0 days 09:00:00
1h,VALIDATION,48,CLOSED,BTCUSDT,LONG,2024-12-22 15:00:00+00:00,2024-12-22 16:00:00+00:00,95377.71,95425.398855,2024-12-22 20:00:00+00:00,94471.14486645,94423.90929401679,0.0001660862344641709,15.848845168068555,0.15848845168068557,94471.14486645,97333.90683210001,SL,-0.1505679893278278,0.015848845168068556,0.01568251153802968,0.007920462352857904,0.007845178358192368,0.01576564071105027,-0.19786498674497632,-1.248450499999991,0 days 04:00:00
1h,VALIDATION,49,CLOSED,BTCUSDT,LONG,2024-12-23 01:00:00+00:00,2024-12-23 02:00:00+00:00,94450.0,94497.22499999999,2024-12-23 04:00:00+00:00,96387.16949999999,96338.97591524999,0.00016562579322983303,15.651177848643007,0.15651177848643008,93552.25274999999,96387.16949999999,TP,0.3208452350581372,0.01565117784864301,0.01595621930491306,0.007821678085277419,0.007982100702807767,0.015803778788085185,0.273434059116496,1.7470509999999988,0 days 02:00:00
1h,VALIDATION,50,CLOSED,BTCUSDT,LONG,2024-12-23 19:00:00+00:00,2024-12-23 20:00:00+00:00,93044.79,93091.31239499999,2024-12-23 22:00:00+00:00,94953.13864289998,94905.66207357854,0.000171061491530939,15.924338746861286,0.15924338746861286,92160.39927104999,94953.13864289998,TP,0.32644496521551547,0.015924338746861288,0.01623470410903761,0.007958190278290247,0.008121412760898075,0.016079603039188324,0.2782063193204283,1.7470510000000046,0 days 02:00:00
1h,VALIDATION,51,CLOSED,BTCUSDT,LONG,2024-12-26 10:00:00+00:00,2024-12-26 11:00:00+00:00,95500.02,95547.77001,2024-12-27 09:00:00+00:00,97458.7254102,97409.9960474949,0.00016957242577294123,16.202267137790784,0.16202267137790785,94592.29230989999,97458.7254102,TP,0.3321424277821973,0.016202267137790785,0.016518049324306328,0.008097085026380308,0.008263156240272743,0.01636024126665305,0.2830618700534472,1.7470510000000117,0 days 22:00:00
1h,VALIDATION,52,CLOSED,BTCUSDT,LONG,2024-12-27 17:00:00+00:00,2024-12-27 18:00:00+00:00,94291.3,94338.44565,2024-12-29 19:00:00+00:00,93395.06119349999,93348.36366290324,0.0001747436701460352,16.48504622875327,0.1648504622875327,93395.06119349999,96225.214563,SL,-0.1566120583751144,0.01648504622875327,0.016312035668582504,0.008238403912418903,0.008160097883232843,0.016398501795651745,-0.20580764206810193,-1.2484505000000035,2 days 01:00:00
1h,VALIDATION,53,CLOSED,BTCUSDT,LONG,2024-12-29 20:00:00+00:00,2024-12-29 21:00:00+00:00,93858.55,93905.47927499999,2024-12-30 13:00:00+00:00,92966.42448224999,92919.94127000887,0.0001733598967218007,16.279444188725193,0.16279444188725195,92966.42448224999,95783.5888605,SL,-0.1546587876200253,0.016279444188725192,0.016108591421964528,0.008135654267226849,0.00805832487341761,0.01619397914064446,-0.2032408023713595,-1.248450499999993,0 days 16:00:00
1h,VALIDATION,54,CLOSED,BTCUSDT,LONG,2024-12-30 15:00:00+00:00,2024-12-30 16:00:00+00:00,92130.21,92176.27510500001,2024-12-30 17:00:00+00:00,94019.80060710001,93972.79070679647,0.000174409373841647,16.076406424118446,0.16076406424118447,91254.51235395,94019.80060710001,TP,0.3295623146013697,0.016076406424118447,0.016389735585324517,0.008034186118999984,0.00819896727629918,0.01623315339529916,0.2808630191966276,1.7470510000000126,0 days 01:00:00
