timeframe,period_role,trade_id,status,symbol,side,signal_timestamp,entry_timestamp,entry_reference_price,entry_price,exit_timestamp,exit_reference_price,exit_price,quantity,position_value,risk_amount,stop_loss,take_profit,exit_reason,gross_pnl,entry_fee,exit_fee,entry_slippage,exit_slippage,slippage,net_pnl,R,holding_time
5m,DEVELOPMENT,1,CLOSED,BTCUSDT,LONG,2024-01-01 07:25:00+00:00,2024-01-01 07:30:00+00:00,42487.7,42508.943849999996,2024-01-01 19:30:00+00:00,43359.122726999994,43337.4431656365,0.00047001920467661736,19.980019980019982,0.19980019980019983,42083.8544115,43359.122726999994,TP,0.40958541708166785,0.019980019980019983,0.020369430569430573,0.009985017481268853,0.01018981018980867,0.020174827671077523,0.34906113886113976,1.7470510000000041,0 days 12:00:00
5m,DEVELOPMENT,2,CLOSED,BTCUSDT,LONG,2024-01-02 07:05:00+00:00,2024-01-02 07:10:00+00:00,45335.82,45358.487909999996,2024-01-02 15:15:00+00:00,44904.90303089999,44882.450579384546,0.00044817923487200064,20.32873240645469,0.20328732406454691,44904.90303089999,46265.657668199994,SL,-0.19312803750460228,0.02032873240645469,0.020115382359848947,0.010159286559945795,0.010062722541194197,0.02022200910113999,-0.2537941613720459,-1.2484505000000015,0 days 08:05:00
5m,DEVELOPMENT,3,CLOSED,BTCUSDT,LONG,2024-01-03 00:45:00+00:00,2024-01-03 00:50:00+00:00,45186.24,45208.833119999996,2024-01-03 11:10:00+00:00,44756.744788799995,44734.366416405595,0.0004440546326957134,20.075191785703403,0.20075191785703403,44756.744788799995,46113.0097824,SL,-0.1907193382539851,0.020075191785703404,0.019864502647912445,0.010032579603049166,0.009937219933923085,0.01996979953697225,-0.2506288322245732,-1.2484505000000008,0 days 10:20:00
5m,DEVELOPMENT,4,CLOSED,BTCUSDT,LONG,2024-01-04 02:45:00+00:00,2024-01-04 02:50:00+00:00,43066.93,43088.463465,2024-01-04 10:25:00+00:00,42657.57883035,42636.25004093483,0.0004600956204445756,19.824813331932603,0.19824813331932603,42657.57883035,43950.2327343,SL,-0.18834068037982904,0.019824813331932603,0.01961675191601397,0.009907452939496752,0.009813282599305558,0.01972073553880231,-0.24750298116657793,-1.2484504999999935,0 days 07:35:00
5m,DEVELOPMENT,5,CLOSED,BTCUSDT,LONG,2024-01-04 13:50:00+00:00,2024-01-04 13:55:00+00:00,43474.89,43496.627445,2024-01-04 19:15:00+00:00,44366.5599939,44344.37671390305,0.00045009369131541565,19.577557606491467,0.1957755760649147,43061.661170549996,44366.5599939,TP,0.4013350389896464,0.019577557606491467,0.01995912420424199,0.009783886859815304,0.009984554379310126,0.019768441239125432,0.3420299159397875,1.7470510000000112,0 days 05:20:00
5m,DEVELOPMENT,6,CLOSED,BTCUSDT,LONG,2024-01-05 06:50:00+00:00,2024-01-05 06:55:00+00:00,43874.0,43895.937,2024-01-05 10:55:00+00:00,43456.97763,43435.249141185006,0.00045378336118451115,19.919245834203547,0.19919245834203547,43456.97763,44773.85574,SL,-0.1892378127477303,0.01991924583420355,0.019710193349173583,0.00995464559430375,0.009860026687928585,0.019814672282232333,-0.24868192421333976,-1.248450499999982,0 days 04:00:00
5m,DEVELOPMENT,7,CLOSED,BTCUSDT,LONG,2024-01-05 19:45:00+00:00,2024-01-05 19:50:00+00:00,43710.91,43732.765455,2024-01-08 02:50:00+00:00,43295.43780045,43273.79008154978,0.00044979575699875964,19.67081234348093,0.19670812343480928,43295.43780045,44607.4207641,SL,-0.18687763250853215,0.01967081234348093,0.0194643671679361,0.009830490926276051,0.009737052110023195,0.019567543036299248,-0.2455803550562484,-1.248450499999995,2 days 07:00:00
5m,DEVELOPMENT,8,CLOSED,BTCUSDT,LONG,2024-01-08 06:20:00+00:00,2024-01-08 06:25:00+00:00,44049.74,44071.76487,2024-01-08 12:00:00+00:00,44953.2001674,44930.7235673163,0.00044076921767813754,19.425477323444724,0.19425477323444726,43631.047221299996,44953.2001674,TP,0.3982174311882574,0.019425477323444726,0.019804079876478663,0.009707884719363166,0.009906993434955541,0.019614878154318706,0.3393729958340153,1.747051000000005,0 days 05:35:00
5m,DEVELOPMENT,9,CLOSED,BTCUSDT,LONG,2024-01-09 07:15:00+00:00,2024-01-09 07:20:00+00:00,46866.0,46889.433,2024-01-09 09:25:00+00:00,46420.538669999994,46397.328400665,0.000421513121843825,19.764511285316868,0.1976451128531687,46420.538669999994,47827.221659999996,SL,-0.1877677958690047,0.01976451128531687,0.01955708273937747,0.009877316984165198,0.009783433086229846,0.01966075007039504,-0.24675013996409406,-1.248450499999996,0 days 02:05:00
5m,DEVELOPMENT,10,CLOSED,BTCUSDT,LONG,2024-01-09 12:45:00+00:00,2024-01-09 12:50:00+00:00,46792.0,46815.396,2024-01-09 12:55:00+00:00,46347.24204,46324.06841898,0.0004169142913794663,19.5180076489891,0.19518007648989102,46347.24204,47751.70392,SL,-0.18542594972877813,0.019518007648989102,0.01931316615871296,0.00975412676111426,0.009661413786247963,0.019415540547362223,-0.2436726640838424,-1.2484504999999984,0 days 00:05:00
5m,DEVELOPMENT,11,CLOSED,BTCUSDT,LONG,2024-01-09 21:10:00+00:00,2024-01-09 21:15:00+00:00,47914.25,47938.207125,2024-01-09 21:15:00+00:00,47458.82505375,47435.095641223124,0.00040207132410857987,19.27457841414011,0.1927457841414011,47458.82505375,48896.971267500005,SL,-0.18311331117081675,0.019274578414140108,0.019072291713683708,0.00963247297058509,0.009540916314999157,0.019173389285584246,-0.2406335705842248,-1.2484505000000028,0 days 00:00:00
5m,DEVELOPMENT,12,CLOSED,BTCUSDT,LONG,2024-01-11 10:15:00+00:00,2024-01-11 10:20:00+00:00,46372.97,46396.156485,2024-01-11 12:40:00+00:00,47324.0796147,47300.41757489265,0.0004102534925039986,19.034185236733293,0.19034185236733295,45932.194920149996,47324.0796147,TP,0.390196041184807,0.019034185236733295,0.019405161506997226,0.009512336450140902,0.009707434470734013,0.019219770920874915,0.3325369235202016,1.747051000000001,0 days 02:20:00
5m,DEVELOPMENT,13,CLOSED,BTCUSDT,LONG,2024-01-13 07:20:00+00:00,2024-01-13 07:25:00+00:00,43254.02,43275.64700999999,2024-01-13 09:45:00+00:00,42842.89053989999,42821.46909463005,0.0004475124300523935,19.366389955534693,0.19366389955534694,42842.89053989999,44141.159950199995,SL,-0.18398554375548157,0.019366389955534694,0.01916313969295136,0.009678355799865855,0.00958636302798755,0.019264718827853404,-0.24177979223182103,-1.2484504999999915,0 days 02:20:00
5m,DEVELOPMENT,14,CLOSED,BTCUSDT,LONG,2024-01-13 14:45:00+00:00,2024-01-13 14:50:00+00:00,42930.0,42951.465,2024-01-14 20:00:00+00:00,42521.95035,42500.689374825,0.00044526657476192836,19.12485170155685,0.1912485170155685,42521.95035,43810.4943,SL,-0.18169086998830408,0.01912485170155685,0.018924136382949014,0.009557647027263238,0.009466801592270082,0.01902444861953332,-0.23876430669234325,-1.2484504999999908,1 days 05:10:00
5m,DEVELOPMENT,15,CLOSED,BTCUSDT,LONG,2024-01-15 02:55:00+00:00,2024-01-15 03:00:00+00:00,42399.71,42420.909855,2024-01-15 18:30:00+00:00,43269.3280521,43247.69338807395,0.00044521265539096763,18.886325920645415,0.18886325920645416,41996.700756449995,43269.3280521,TP,0.38716496215136126,0.018886325920645416,0.0192544204128388,0.009438443738453007,0.009632026219527096,0.019070469957980105,0.32995374585989695,1.7470510000000106,0 days 15:30:00
5m,DEVELOPMENT,16,CLOSED,BTCUSDT,LONG,2024-01-16 03:15:00+00:00,2024-01-16 03:20:00+00:00,42748.5,42769.87425,2024-01-16 14:35:00+00:00,42342.175507500004,42321.004419746256,0.00044928703624569523,19.21595004238358,0.19215950042383578,42342.175507500004,43625.271735,SL,-0.18255632698935953,0.01921595004238358,0.019014278646688768,0.009603173434474891,0.009511895270978971,0.01911506870545386,-0.23990162438388574,-1.2484504999999881,0 days 11:15:00
5m,DEVELOPMENT,17,CLOSED,BTCUSDT,LONG,2024-01-16 19:55:00+00:00,2024-01-16 20:00:00+00:00,43166.1,43187.68305,2024-01-17 07:00:00+00:00,42755.8062195,42734.42831639025,0.00043939120461712557,18.976288079962114,0.18976288079962114,42755.8062195,44051.436711,SL,-0.18027947846080797,0.018976288079962114,0.018777131936562913,0.009483402338812133,0.009393262599581714,0.018876664938393847,-0.23690956341572686,-1.248450499999997,0 days 11:00:00
5m,DEVELOPMENT,18,CLOSED,BTCUSDT,LONG,2024-01-17 19:20:00+00:00,2024-01-17 19:25:00+00:00,42662.32,42683.651159999994,2024-01-18 16:35:00+00:00,42256.814648399995,42235.6862410758,0.00043903496257129745,18.739615189436915,0.18739615189436915,42256.814648399995,43537.32418319999,SL,-0.17803102686216873,0.018739615189436915,0.018542942928023772,0.009365125032199842,0.009276109518770673,0.018641234550970515,-0.23395481953059993,-1.2484504999999937,0 days 21:10:00
5m,DEVELOPMENT,19,CLOSED,BTCUSDT,LONG,2024-01-19 06:05:00+00:00,2024-01-19 06:10:00+00:00,41257.69,41278.318845,2024-01-19 14:45:00+00:00,40865.535656550004,40845.10288872173,0.00044831995606444964,18.505894091004745,0.18505894091004746,40865.535656550004,42103.885221900004,SL,-0.17581061802598624,0.018505894091004744,0.018311674732519653,0.009248322884060016,0.009160417575045827,0.018408740459105843,-0.2310369273086165,-1.2484504999999853,0 days 08:35:00
5m,DEVELOPMENT,20,CLOSED,BTCUSDT,LONG,2024-01-20 04:20:00+00:00,2024-01-20 04:25:00+00:00,41656.41,41677.238205,2024-01-22 02:45:00+00:00,41260.46582295,41239.83559003853,0.0004384908587254916,18.275087969817317,0.18275087969817316,41260.46582295,42510.7829691,SL,-0.17361790220201487,0.01827508796981732,0.018083290921574083,0.009132977496159692,0.009046168545057224,0.018179146041216915,-0.22815542713462317,-1.2484504999999948,1 days 22:20:00
5m,DEVELOPMENT,21,CLOSED,BTCUSDT,LONG,2024-01-22 13:05:00+00:00,2024-01-22 13:10:00+00:00,41135.87,41156.437935,2024-01-22 14:15:00+00:00,40744.87355565,40724.501118872184,0.00043850151703325074,18.04716047018233,0.1804716047018233,40744.87355565,41979.566693700006,SL,-0.1714525340020817,0.01804716047018233,0.01785775552104777,0.00901907069974091,0.008933344432737854,0.017952415132478763,-0.22530986512579057,-1.248450499999983,0 days 01:05:00
5m,DEVELOPMENT,22,CLOSED,BTCUSDT,LONG,2024-01-23 02:30:00+00:00,2024-01-23 02:35:00+00:00,40040.01,40060.030005,2024-01-23 08:10:00+00:00,39659.42970495,39639.59999009753,0.00044488423217886917,17.822075689836886,0.17822075689836886,39659.42970495,40861.2306051,SL,-0.1693141723457268,0.017822075689836885,0.01763503300547205,0.00890658455264145,0.008821927466468161,0.01772851201910961,-0.22249979306014533,-1.2484504999999904,0 days 05:35:00
5m,DEVELOPMENT,23,CLOSED,BTCUSDT,LONG,2024-01-23 22:20:00+00:00,2024-01-23 22:25:00+00:00,39426.96,39446.67348,2024-01-24 00:50:00+00:00,40235.6069496,40215.4891461252,0.00044616685316229836,17.59979817429229,0.1759979817429229,39052.2067452,40235.6069496,TP,0.36079146482232327,0.01759979817429229,0.017942818240709243,0.008795501336477248,0.008975897068889465,0.017771398405366713,0.307477450001955,1.7470509999999988,0 days 02:25:00
5m,DEVELOPMENT,24,CLOSED,BTCUSDT,LONG,2024-01-24 05:30:00+00:00,2024-01-24 05:35:00+00:00,39804.11,39824.012055,2024-01-26 10:40:00+00:00,40620.4922961,40600.18204995195,0.0004496525470433173,17.906968454014525,0.17906968454014524,39425.77193445,40620.4922961,TP,0.3670883788024353,0.017906968454014526,0.018255975269183267,0.008949009722145584,0.00913255391154508,0.018081563633690664,0.3128438714455468,1.7470510000000086,2 days 05:05:00
5m,DEVELOPMENT,25,CLOSED,BTCUSDT,LONG,2024-01-26 20:10:00+00:00,2024-01-26 20:15:00+00:00,42209.59,42230.694794999996,2024-01-26 23:55:00+00:00,41808.38784705,41787.483653126474,0.00043142789581281305,18.219499794119965,0.18219499794119964,41808.38784705,43075.3086909,SL,-0.173089800642788,0.018219499794119964,0.018028286143780676,0.009105197298410469,0.009018652398089327,0.018123849696499796,-0.22746143627718846,-1.2484504999999935,0 days 03:40:00
5m,DEVELOPMENT,26,CLOSED,BTCUSDT,LONG,2024-01-27 05:05:00+00:00,2024-01-27 05:10:00+00:00,41876.66,41897.59833,2024-01-27 08:55:00+00:00,41478.6223467,41457.883035526655,0.00042943429478538444,17.992265592044852,0.1799226559204485,41478.6223467,42735.5502966,SL,-0.17093101894291557,0.01799226559204485,0.017803436764656344,0.008991636977532465,0.008906171468061013,0.01789780844559348,-0.22462452974521024,-1.2484504999999908,0 days 03:45:00
5m,DEVELOPMENT,27,CLOSED,BTCUSDT,LONG,2024-01-27 12:30:00+00:00,2024-01-27 12:35:00+00:00,41792.62,41813.51631,2024-01-28 04:55:00+00:00,42649.7866362,42628.461742881904,0.000424931147399817,17.76786546242926,0.1776786546242926,41395.3811469,42649.7866362,TP,0.3642368022333058,0.01776786546242926,0.01811416116029201,0.00887949298472076,0.00906161138583673,0.01794110437055749,0.31041367124002706,1.7470510000000115,0 days 16:20:00
5m,DEVELOPMENT,28,CLOSED,BTCUSDT,LONG,2024-01-28 08:20:00+00:00,2024-01-28 08:25:00+00:00,42536.0,42557.268,2024-01-28 17:35:00+00:00,42131.69532,42110.62947234,0.00042479157802379657,18.07796903010162,0.1807796903010162,42131.69532,43408.41336,SL,-0.17174522301960657,0.018077969030101622,0.017888240745130707,0.009034467281408573,0.008948594669900363,0.017983061951308936,-0.22569449474614783,-1.2484504999999946,0 days 09:10:00
5m,DEVELOPMENT,29,CLOSED,BTCUSDT,LONG,2024-01-29 01:10:00+00:00,2024-01-29 01:15:00+00:00,42084.67,42105.712335,2024-01-29 16:20:00+00:00,42947.8265817,42926.35266840915,0.00042399235197219227,17.852500004381195,0.17852500004381194,41684.655211649995,42947.8265817,TP,0.36597178919526113,0.017852500004381194,0.018200445229466584,0.008921789107636049,0.009104775002234732,0.01802656410987078,0.3118922798515426,1.747051000000005,0 days 15:05:00
5m,DEVELOPMENT,30,CLOSED,BTCUSDT,LONG,2024-01-29 21:35:00+00:00,2024-01-29 21:40:00+00:00,43227.05,43248.663525,2024-01-30 23:40:00+00:00,42816.17688975,42794.76880130513,0.0004199917228201466,18.164080703533585,0.18164080703533586,42816.17688975,44113.6367955,SL,-0.1725633054343705,0.018164080703533585,0.017973448676550003,0.009077501600966587,0.00899121994824718,0.018068721549213768,-0.2267695563636679,-1.2484504999999964,1 days 02:00:00
5m,DEVELOPMENT,31,CLOSED,BTCUSDT,LONG,2024-01-31 05:45:00+00:00,2024-01-31 05:50:00+00:00,43041.09,43062.610544999996,2024-01-31 09:55:00+00:00,42631.98443955,42610.66844733022,0.00041654552436942314,17.937537690183273,0.17937537690183272,42631.98443955,43923.862755899994,SL,-0.17041109020009187,0.017937537690183275,0.0177492832321248,0.008964286701740518,0.008879081156640205,0.017843367858380723,-0.22394127898078067,-1.2484504999999952,0 days 04:05:00
5m,DEVELOPMENT,32,CLOSED,BTCUSDT,LONG,2024-01-31 17:55:00+00:00,2024-01-31 18:00:00+00:00,43715.04,43736.89752,2024-01-31 19:15:00+00:00,43299.5285448,43277.8787805276,0.0004050086113370008,17.713820128763913,0.17713820128763913,43299.5285448,44611.6354704,SL,-0.168285717465169,0.017713820128763914,0.01752791358651254,0.00885248382246981,0.008768340963737692,0.017620824786207502,-0.22114827596665293,-1.2484504999999955,0 days 01:15:00
5m,DEVELOPMENT,33,CLOSED,BTCUSDT,LONG,2024-02-01 07:30:00+00:00,2024-02-01 07:35:00+00:00,42268.94,42290.07447,2024-02-01 17:25:00+00:00,43135.8759594,43114.3080214203,0.0004136406237013156,17.492892780145883,0.17492892780145883,41867.173725299996,43135.8759594,TP,0.35859993095531356,0.017492892780145885,0.01783382926043093,0.0087420753523956,0.008921375317874491,0.017663450670270094,0.3056097582444667,1.7470510000000012,0 days 09:50:00
5m,DEVELOPMENT,34,CLOSED,BTCUSDT,LONG,2024-02-01 19:45:00+00:00,2024-02-01 19:50:00+00:00,43171.1,43192.685549999995,2024-02-02 13:45:00+00:00,42760.75869449999,42739.378315152746,0.000412065075540008,17.79819723393656,0.1779819723393656,42760.75869449999,44056.539261,SL,-0.16908732104804527,0.01779819723393656,0.017611405153966395,0.008894651291321031,0.008810107630797391,0.017704758922118424,-0.22220168235806664,-1.248450499999997,0 days 17:55:00
5m,DEVELOPMENT,35,CLOSED,BTCUSDT,LONG,2024-02-02 22:20:00+00:00,2024-02-02 22:25:00+00:00,43109.94,43131.49497,2024-02-04 19:05:00+00:00,42700.1800203,42678.82993028985,0.0004075030912679062,17.576217531281145,0.17576217531281146,42700.1800203,43994.1248694,SL,-0.16697845840562459,0.017576217531281146,0.017391755128290352,0.008783716907185924,0.008700227677984115,0.01748394458517004,-0.21943037565036613,-1.2484504999999944,1 days 20:40:00
5m,DEVELOPMENT,36,CLOSED,BTCUSDT,LONG,2024-02-05 03:50:00+00:00,2024-02-05 03:55:00+00:00,42674.74,42696.07737,2024-02-05 13:35:00+00:00,43549.9989174,43528.2239179413,0.00040652461387450566,17.357006366795268,0.1735700636679527,42269.1165963,43549.9989174,TP,0.35581429343625376,0.01735700636679527,0.01769529442088411,0.00867416610034791,0.008852073247065308,0.017526239347413215,0.30323575330116115,1.7470510000000041,0 days 09:40:00
5m,DEVELOPMENT,37,CLOSED,BTCUSDT,LONG,2024-02-05 13:35:00+00:00,2024-02-05 13:40:00+00:00,43481.11,43502.850555,2024-02-05 15:00:00+00:00,43067.82204945,43046.288138425276,0.0004059490116618624,17.659939187275953,0.17659939187275953,43067.82204945,44372.907566099995,SL,-0.1677738350575301,0.017659939187275955,0.017474598125505492,0.008825556815229011,0.008741669897700512,0.017567226712929523,-0.22047559908324108,-1.2484504999999915,0 days 01:20:00
5m,DEVELOPMENT,38,CLOSED,BTCUSDT,LONG,2024-02-05 23:50:00+00:00,2024-02-05 23:55:00+00:00,42713.69,42735.046845,2024-02-07 17:35:00+00:00,43589.7477819,43567.95290800905,0.0004080885626916516,17.43968384353645,0.1743968384353645,42307.69637655,43589.7477819,TP,0.35750916105040553,0.01743968384353645,0.017779583281646975,0.00871548417967626,0.008894238760202448,0.01760972293987871,0.3046801709853434,1.7470510000000081,1 days 17:40:00
5m,DEVELOPMENT,39,CLOSED,BTCUSDT,LONG,2024-02-07 20:00:00+00:00,2024-02-07 20:05:00+00:00,43737.94,43759.80897,2024-02-08 00:25:00+00:00,44635.0051494,44612.6876468253,0.0004054875936705124,17.7440596387266,0.177440596387266,43322.2108803,44635.0051494,TP,0.36374878879588374,0.017744059638726602,0.018089891361085384,0.008867596021350961,0.009049470415749288,0.017917066437100247,0.30999777135897144,1.7470510000000112,0 days 04:20:00
5m,DEVELOPMENT,40,CLOSED,BTCUSDT,LONG,2024-02-08 00:25:00+00:00,2024-02-08 00:30:00+00:00,44497.54,44519.78877,2024-02-08 15:20:00+00:00,45410.1845454,45387.4794531273,0.00040552186389006305,18.053747722002296,0.18053747722002297,44074.5908823,45410.1845454,TP,0.3700973171197067,0.018053747722002297,0.018405615265104123,0.009022362679660641,0.009207411338220929,0.01822977401788157,0.31540818011471866,1.7470510000000017,0 days 14:50:00
5m,DEVELOPMENT,41,CLOSED,BTCUSDT,LONG,2024-02-08 18:50:00+00:00,2024-02-08 18:55:00+00:00,45292.53,45315.176264999995,2024-02-09 02:55:00+00:00,46221.47979029999,46198.36905040484,0.0004053573730268705,18.36884080902999,0.1836884080902999,44862.024502349996,46221.47979029999,TP,0.37655664666986766,0.01836884080902999,0.018726849516397984,0.009179830489268645,0.009368108812605252,0.018547939301873897,0.3209130170425658,1.747050999999996,0 days 08:00:00
5m,DEVELOPMENT,42,CLOSED,BTCUSDT,LONG,2024-02-09 05:35:00+00:00,2024-02-09 05:40:00+00:00,46195.02,46218.11751,2024-02-09 11:50:00+00:00,47142.479860199994,47118.908620269896,0.00040437460979677925,18.68943323364794,0.1868943323364794,45755.9363349,47142.479860199994,TP,0.3831287112664848,0.01868943323364794,0.019053690287371736,0.009340046593527046,0.009531610949159384,0.01887165754268643,0.3265139302027787,1.7470510000000001,0 days 06:10:00
5m,DEVELOPMENT,43,CLOSED,BTCUSDT,LONG,2024-02-10 03:05:00+00:00,2024-02-10 03:10:00+00:00,47377.91,47401.598955,2024-02-10 10:50:00+00:00,46927.58296545,46904.11917396727,0.0004011599058960111,19.01562097610826,0.1901562097610826,46927.58296545,48349.6309341,SL,-0.1806531508025101,0.01901562097610826,0.018816052033963998,0.00950305895857396,0.00941273238317373,0.01891579134174769,-0.23740061515433006,-1.2484505000000083,0 days 07:40:00
5m,DEVELOPMENT,44,CLOSED,BTCUSDT,LONG,2024-02-10 13:45:00+00:00,2024-02-10 13:50:00+00:00,47333.0,47356.6665,2024-02-11 03:35:00+00:00,48303.79983,48279.647930085004,0.0003965325034946374,18.778457524405628,0.18778457524405628,46883.099835,48303.79983,TP,0.38495368698206983,0.01877845752440563,0.019144449661556297,0.009384536493955582,0.009577013337446623,0.018961549831402205,0.3280692299647057,1.7470510000000103,0 days 13:45:00
5m,DEVELOPMENT,45,CLOSED,BTCUSDT,LONG,2024-02-11 11:20:00+00:00,2024-02-11 11:25:00+00:00,48279.29,48303.429645,2024-02-12 06:45:00+00:00,47820.395348549995,47796.48515087572,0.00039554539197942003,19.106199012881863,0.19106199012881864,47820.395348549995,49269.4982379,SL,-0.18151366478505185,0.019106199012881863,0.018905679454241663,0.009548325343767327,0.00945756851137651,0.019005893855143837,-0.2385314371073192,-1.2484505000000026,0 days 19:20:00
5m,DEVELOPMENT,46,CLOSED,BTCUSDT,LONG,2024-02-12 14:10:00+00:00,2024-02-12 14:15:00+00:00,48109.2,48133.25459999999,2024-02-12 15:10:00+00:00,49095.919691999996,49071.371732153995,0.00039199314539845194,18.867905868918502,0.18867905868918503,47651.922053999995,49095.919691999996,TP,0.38678735569367123,0.018867905868918504,0.019235641354303726,0.009429238315299973,0.00962263199314867,0.019051870308448644,0.32963193816200037,1.7470510000000052,0 days 00:55:00
5m,DEVELOPMENT,47,CLOSED,BTCUSDT,LONG,2024-02-13 00:25:00+00:00,2024-02-13 00:30:00+00:00,50146.03,50171.10301499999,2024-02-13 11:15:00+00:00,49669.39198484999,49644.55728885757,0.0003826347708302419,19.19720850444498,0.1919720850444498,49669.39198484999,51174.52507529999,SL,-0.18237827769590362,0.01919720850444498,0.01899573380119083,0.009593807348546106,0.009502618209699809,0.019096425558245915,-0.23966764555978534,-1.2484504999999972,0 days 10:45:00
5m,DEVELOPMENT,48,CLOSED,BTCUSDT,LONG,2024-02-13 20:35:00+00:00,2024-02-13 20:40:00+00:00,49302.01,49326.661005,2024-02-14 08:55:00+00:00,50313.1942251,50288.037627987454,0.0003843313109148191,18.957780287102537,0.18957780287102538,48833.39439495,50313.1942251,TP,0.38862975880906775,0.018957780287102537,0.019327267424898167,0.00947415306701765,0.009668467946420591,0.019142621013438242,0.3312020900836288,1.7470510000000052,0 days 12:15:00
5m,DEVELOPMENT,49,CLOSED,BTCUSDT,LONG,2024-02-14 22:55:00+00:00,2024-02-14 23:00:00+00:00,51792.44,51818.33622,2024-02-17 13:30:00+00:00,51300.1528578,51274.502781371106,0.000372236025179878,19.288651505967305,0.19288651505967305,51300.1528578,52854.7029444,SL,-0.18324700905969032,0.019288651505967307,0.019086217108412178,0.00963950599998183,0.009547882495451566,0.019187388495433395,-0.24080926616950324,-1.248450499999984,2 days 14:30:00
5m,DEVELOPMENT,50,CLOSED,BTCUSDT,LONG,2024-02-17 19:10:00+00:00,2024-02-17 19:15:00+00:00,51306.65,51332.303325,2024-02-18 22:35:00+00:00,52358.9493915,52332.76991680425,0.00037107399385327065,19.048082808495273,0.19048082808495273,50818.98029175,52358.9493915,TP,0.3904809379332703,0.019048082808495275,0.01941932994243285,0.0095192817633657,0.009714522232331008,0.019233803995696706,0.3327797211866455,1.747051000000004,1 days 03:20:00
5m,DEVELOPMENT,51,CLOSED,BTCUSDT,LONG,2024-02-19 06:05:00+00:00,2024-02-19 06:10:00+00:00,52312.39,52338.546194999995,2024-02-19 16:55:00+00:00,51815.16073305,51789.25315268347,0.0003702917159792923,19.380530082408008,0.1938053008240801,51815.16073305,53385.3171189,SL,-0.18411987849404188,0.019380530082408007,0.01917713141919314,0.009685422330037479,0.009593362390792153,0.019278784720829632,-0.24195632471647266,-1.2484504999999972,0 days 10:45:00
5m,DEVELOPMENT,52,CLOSED,BTCUSDT,LONG,2024-02-20 04:40:00+00:00,2024-02-20 04:45:00+00:00,51816.24,51842.14812,2024-02-20 13:35:00+00:00,52878.991082399996,52852.5515868588,0.00036917481559600246,19.138815472301644,0.19138815472301646,51323.7266388,52878.991082399996,TP,0.39234093486947136,0.019138815472301646,0.019511830985856803,0.009564625423439123,0.009760795890873468,0.019325421314312592,0.33436486709700036,1.7470509999999986,0 days 08:50:00
5m,DEVELOPMENT,53,CLOSED,BTCUSDT,LONG,2024-02-20 22:40:00+00:00,2024-02-20 22:45:00+00:00,52257.72,52283.84886,2024-02-21 06:05:00+00:00,51761.0103714,51735.1298662143,0.0003724447746894965,19.47284630856239,0.1947284630856239,51761.0103714,53329.5258372,SL,-0.18499690571003102,0.01947284630856239,0.01926847878655403,0.009731557375592309,0.009639058922737632,0.01937061629832994,-0.24310884710347738,-1.2484504999999932,0 days 07:20:00
5m,DEVELOPMENT,54,CLOSED,BTCUSDT,LONG,2024-02-21 21:25:00+00:00,2024-02-21 21:30:00+00:00,51316.0,51341.657999999996,2024-02-23 14:45:00+00:00,50828.24142,50802.82729929,0.0003745492661619934,19.229980327440035,0.19229980327440035,50828.24142,52368.49116,SL,-0.18268961820321653,0.019229980327440034,0.019028161683903557,0.009610185071182857,0.009518840262081506,0.01912902533326436,-0.24007678554782447,-1.2484504999999881,1 days 17:15:00
5m,DEVELOPMENT,55,CLOSED,BTCUSDT,LONG,2024-02-24 04:10:00+00:00,2024-02-24 04:15:00+00:00,50892.11,50917.556055,2024-02-25 20:15:00+00:00,51935.9071761,51909.93922251195,0.00037295865807714904,18.990143378840816,0.18990143378840818,50408.38049445,51935.9071761,TP,0.3892931941029739,0.018990143378840817,0.019360261273294422,0.009490326526157456,0.009684973123208655,0.01917529964936611,0.3317674898014726,1.7470510000000015,1 days 16:00:00
5m,DEVELOPMENT,56,CLOSED,BTCUSDT,LONG,2024-02-26 13:25:00+00:00,2024-02-26 13:30:00+00:00,51411.09,51436.79554499999,2024-02-26 15:30:00+00:00,52465.531455899996,52439.29869017205,0.00037563730842612205,19.321579432588543,0.19321579432588543,50922.427589549996,52465.531455899996,TP,0.39608755038719734,0.019321579432588543,0.019698157015729696,0.00965596173542546,0.009854005510618529,0.019509967246043987,0.3375578466928351,1.7470510000000137,0 days 02:00:00
5m,DEVELOPMENT,57,CLOSED,BTCUSDT,LONG,2024-02-26 19:10:00+00:00,2024-02-26 19:15:00+00:00,53821.06,53847.97052999999,2024-02-27 01:40:00+00:00,54924.92994059999,54897.467475629695,0.00036507968387969103,19.658800058655316,0.19658800058655318,53309.49082469999,54924.92994059999,TP,0.4030004889585392,0.019658800058655317,0.02004195007179851,0.009824487785432656,0.010025988029912907,0.01985047581534556,0.3434492630127398,1.7470510000000077,0 days 06:25:00
5m,DEVELOPMENT,58,CLOSED,BTCUSDT,LONG,2024-02-27 01:40:00+00:00,2024-02-27 01:45:00+00:00,55100.01,55127.560005,2024-02-27 02:05:00+00:00,56230.1112051,56201.996149497456,0.0003628295214534627,20.0019062155112,0.20001906215511203,54576.28440495,56230.1112051,TP,0.4100340794404144,0.020001906215511202,0.020391743367651514,0.009995955130189535,0.010200972169909228,0.020196927300098762,0.34944350255715295,1.7470510000000117,0 days 00:20:00
5m,DEVELOPMENT,59,CLOSED,BTCUSDT,LONG,2024-02-27 12:20:00+00:00,2024-02-27 12:25:00+00:00,56871.79,56900.225894999996,2024-02-27 16:05:00+00:00,56331.223636049996,56303.05802423197,0.0003576611569383684,20.351000623660205,0.20351000623660206,56331.223636049996,58038.2304129,SL,-0.19333959113232602,0.020351000623660204,0.020137416872114896,0.010170415104276203,0.01007374530871193,0.020244160412988134,-0.25407216904108926,-1.2484505000000015,0 days 03:40:00
5m,DEVELOPMENT,60,CLOSED,BTCUSDT,LONG,2024-02-27 19:30:00+00:00,2024-02-27 19:35:00+00:00,57222.12,57250.73106,2024-02-27 21:50:00+00:00,56678.2237494,56649.884637525305,0.0003510380025000473,20.097182272969814,0.20097182272969816,56678.2237494,58395.7456812,SL,-0.19092825337789004,0.020097182272969815,0.019886262345014998,0.010043569351807469,0.00994810522511828,0.01999167457692575,-0.2509033725728006,-1.248450499999988,0 days 02:15:00
5m,DEVELOPMENT,61,CLOSED,BTCUSDT,LONG,2024-02-28 04:05:00+00:00,2024-02-28 04:10:00+00:00,57008.35,57036.85417499999,2024-02-28 07:50:00+00:00,58177.5912585,58148.50246287075,0.00034795975058904747,19.84652955311687,0.1984652955311687,56466.48563324999,58177.5912585,TP,0.4068488966860834,0.01984652955311687,0.020233338414107117,0.009918305623744674,0.010121730072089585,0.02004003569583426,0.3467289930230251,1.7470510000000066,0 days 03:40:00
5m,DEVELOPMENT,62,CLOSED,BTCUSDT,LONG,2024-03-01 06:15:00+00:00,2024-03-01 06:20:00+00:00,61740.0,61770.869999999995,2024-03-01 15:55:00+00:00,61153.16129999999,61122.584719349994,0.00032690023895615334,20.19291216352948,0.2019291216352948,61153.16129999999,63006.287399999994,SL,-0.19183771125872084,0.020192912163529482,0.01998098755037324,0.010091410376574931,0.009995491520946606,0.020086901897521537,-0.2520985128701451,-1.2484505000000026,0 days 09:35:00
5m,DEVELOPMENT,63,CLOSED,BTCUSDT,LONG,2024-03-01 20:25:00+00:00,2024-03-01 20:30:00+00:00,62498.87,62530.119435,2024-03-02 05:15:00+00:00,61904.81824065,61873.86583152968,0.0003189033649304678,19.941065497325543,0.19941065497325544,61904.81824065,63780.721823700005,SL,-0.1894451049995809,0.019941065497325543,0.01973178401493111,0.009965549973675264,0.00987082742117462,0.019836377394849884,-0.24895433190668745,-1.248450499999996,0 days 08:45:00
5m,DEVELOPMENT,64,CLOSED,BTCUSDT,LONG,2024-03-02 12:35:00+00:00,2024-03-02 12:40:00+00:00,62087.75,62118.793874999996,2024-03-03 07:25:00+00:00,61497.605936249995,61466.857133281876,0.0003170113043513297,19.692359871045138,0.1969235987104514,61497.605936249995,63361.1697525,SL,-0.1870823394045835,0.01969235987104514,0.01948568855419852,0.009841259305868289,0.009747718136165436,0.019588977442033723,-0.24584936527186088,-1.2484504999999924,0 days 18:45:00
5m,DEVELOPMENT,65,CLOSED,BTCUSDT,LONG,2024-03-03 11:50:00+00:00,2024-03-03 11:55:00+00:00,61816.91,61847.818455,2024-03-03 22:20:00+00:00,63084.7748241,63053.232436687955,0.0003144291358260939,19.446756109534793,0.19446756109534793,61229.34027045,63084.7748241,TP,0.3986536409860647,0.019446756109534793,0.019825773386109625,0.009718518795368782,0.009917845615861511,0.019636364411230293,0.33974474707919,1.7470510000000066,0 days 10:25:00
5m,DEVELOPMENT,66,CLOSED,BTCUSDT,LONG,2024-03-03 22:20:00+00:00,2024-03-03 22:25:00+00:00,63165.99,63197.572994999995,2024-03-04 00:45:00+00:00,62565.59726505,62534.314466417476,0.0003130841979143355,19.786161451272243,0.19786161451272244,62565.59726505,64461.5244549,SL,-0.18797347785541527,0.019786161451272242,0.019578505686841143,0.009888136657306538,0.009794149918378512,0.01968228657568505,-0.2470204315692137,-1.2484504999999904,0 days 02:20:00
5m,DEVELOPMENT,67,CLOSED,BTCUSDT,LONG,2024-03-04 07:15:00+00:00,2024-03-04 07:20:00+00:00,63700.0,63731.85,2024-03-04 08:35:00+00:00,65006.487,64973.983756500005,0.0003065874879414444,19.53938779336094,0.1953938779336094,63094.5315,65006.487,TP,0.40055256735815414,0.01953938779336094,0.01992021046145355,0.009764811490934559,0.009965087774612772,0.01972989926554733,0.34136306983779235,1.7470510000000108,0 days 01:15:00
5m,DEVELOPMENT,68,CLOSED,BTCUSDT,LONG,2024-03-04 13:05:00+00:00,2024-03-04 13:10:00+00:00,65259.8,65292.4299,2024-03-04 14:00:00+00:00,64639.505601000004,64607.18584819951,0.0003044826156967846,19.88040984115095,0.1988040984115095,64639.505601000004,66598.278498,SL,-0.1888688611095845,0.01988040984115095,0.01967176493986807,0.009935237301924483,0.009840802871368697,0.01977604017329318,-0.2481970760638967,-1.2484504999999924,0 days 00:50:00
5m,DEVELOPMENT,69,CLOSED,BTCUSDT,LONG,2024-03-07 07:35:00+00:00,2024-03-07 07:40:00+00:00,66349.18,66382.35458999999,2024-03-07 14:35:00+00:00,67710.00168179999,67676.1466809591,0.00029574818241188863,19.632460714213988,0.19632460714213987,65718.53104409999,67710.00168179999,TP,0.40246053897903733,0.019632460714213987,0.020015097373534022,0.00981132469475816,0.010012554964247036,0.019823879659005197,0.34298910123228415,1.747051000000008,0 days 06:55:00
5m,DEVELOPMENT,70,CLOSED,BTCUSDT,LONG,2024-03-08 06:50:00+00:00,2024-03-08 06:55:00+00:00,67371.01,67404.695505,2024-03-08 15:10:00+00:00,68752.7894151,68718.41302039244,0.00029634592989904936,19.975107168991496,0.19975107168991496,66730.64854995,68752.7894151,TP,0.4094847056831734,0.019975107168991497,0.020364422007715138,0.009982562303344458,0.01018730465618551,0.020169866959529967,0.34897530954693684,1.7470509999999961,0 days 08:15:00
5m,DEVELOPMENT,71,CLOSED,BTCUSDT,LONG,2024-03-09 04:35:00+00:00,2024-03-09 04:40:00+00:00,68285.17,68319.31258499999,2024-03-10 08:55:00+00:00,69685.69883669999,69650.85598728164,0.00029748153315462065,20.323733851855568,0.2032373385185557,67636.11945915,69685.69883669999,TP,0.4166314655687699,0.02032373385185557,0.02071984342462823,0.01015678853166021,0.010365104264445242,0.020521892796105452,0.3550659954961806,1.747050999999997,1 days 04:15:00
5m,DEVELOPMENT,72,CLOSED,BTCUSDT,LONG,2024-03-10 08:55:00+00:00,2024-03-10 09:00:00+00:00,69635.35,69670.167675,2024-03-10 14:40:00+00:00,68973.46599825,68938.97926525088,0.00029680487109675285,20.678445136067534,0.20678445136067536,68973.46599825,71063.57102850001,SL,-0.19645039582041296,0.020678445136067536,0.020461424854364505,0.010334055540263164,0.010235830342353367,0.02056988588261653,-0.2581601516934615,-1.2484505000000032,0 days 05:40:00
5m,DEVELOPMENT,73,CLOSED,BTCUSDT,LONG,2024-03-11 06:50:00+00:00,2024-03-11 06:55:00+00:00,69007.97,69042.473985,2024-03-11 07:10:00+00:00,70423.3234647,70388.11180296766,0.00029576783258172405,20.42054288662352,0.2042054288662352,68352.04924515,70423.3234647,TP,0.4186160265913542,0.020420542886623518,0.020818539267483813,0.01020516885888321,0.010414476872177447,0.020619645731060655,0.35675729870618617,1.7470510000000055,0 days 00:15:00
5m,DEVELOPMENT,74,CLOSED,BTCUSDT,LONG,2024-03-11 11:40:00+00:00,2024-03-11 11:45:00+00:00,72042.0,72078.021,2024-03-11 11:55:00+00:00,71357.24079,71321.562169605,0.0002882563019374783,20.7769437844319,0.207769437844319,71357.24079,73519.58141999999,SL,-0.19738615759223022,0.0207769437844319,0.02055888975941429,0.010383280252087993,0.010284587173294724,0.020667867425382715,-0.25938985856145913,-1.2484505000000008,0 days 00:10:00
5m,DEVELOPMENT,75,CLOSED,BTCUSDT,LONG,2024-03-11 19:05:00+00:00,2024-03-11 19:10:00+00:00,72641.15,72677.47057499998,2024-03-11 19:50:00+00:00,71950.69586924999,71914.72052131536,0.00028231325188216055,20.517813056598282,0.20517813056598283,71950.69586924999,74131.01998649999,SL,-0.19492435092750407,0.02051781305659828,0.020302478608569284,0.010253779638477262,0.010156317463016281,0.020410097101493545,-0.2561547396941652,-1.2484504999999935,0 days 00:40:00
5m,DEVELOPMENT,76,CLOSED,BTCUSDT,LONG,2024-03-11 22:15:00+00:00,2024-03-11 22:20:00+00:00,72686.21,72722.553105,2024-03-12 00:55:00+00:00,71995.32757395,71959.32991016303,0.0002786194014185659,20.26191421574497,0.2026191421574497,71995.32757395,74177.0041671,SL,-0.1924932479966608,0.02026191421574497,0.020049265426050726,0.010125894160790041,0.010029647536792228,0.02015554169758227,-0.25295996933603876,-1.2484504999999981,0 days 02:35:00
5m,DEVELOPMENT,77,CLOSED,BTCUSDT,LONG,2024-03-12 01:50:00+00:00,2024-03-12 01:55:00+00:00,72450.0,72486.22499999999,2024-03-12 03:20:00+00:00,71761.36274999999,71725.48206862499,0.0002760415093167152,20.00920695367101,0.2000920695367101,71761.36274999999,73935.94949999999,SL,-0.19009246586171608,0.020009206953671012,0.019799210326692233,0.009999603674995599,0.009904557442066586,0.019904161117062183,-0.24980504425914152,-1.248450500000005,0 days 01:25:00
5m,DEVELOPMENT,78,CLOSED,BTCUSDT,LONG,2024-03-12 11:05:00+00:00,2024-03-12 11:10:00+00:00,72149.26,72185.33463,2024-03-12 15:00:00+00:00,71463.48128369999,71427.74954305815,0.0002737349846223279,19.759651464900642,0.19759651464900643,71463.48128369999,73629.0413226,SL,-0.18772162636070108,0.019759651464900642,0.01955227392277651,0.009874888288306934,0.009781027475124238,0.019655915763431172,-0.24668946751180937,-1.2484505,0 days 03:50:00
5m,DEVELOPMENT,79,CLOSED,BTCUSDT,LONG,2024-03-13 01:25:00+00:00,2024-03-13 01:30:00+00:00,71804.61,71840.512305,2024-03-13 08:10:00+00:00,73277.32255109999,73240.68388982445,0.00027161844778569644,19.513208440413322,0.19513208440413324,71122.10718194999,73277.32255109999,TP,0.40001589716429253,0.019513208440413325,0.01989352087291698,0.009751728356027556,0.009951736304609443,0.019703464660637,0.34090570319032526,1.7470509999999995,0 days 06:40:00
5m,DEVELOPMENT,80,CLOSED,BTCUSDT,LONG,2024-03-13 19:55:00+00:00,2024-03-13 20:00:00+00:00,73349.24,73385.91462,2024-03-14 01:00:00+00:00,72652.05547379999,72615.7294460631,0.00027053929464898726,19.8537735784656,0.198537735784656,72652.05547379999,74853.6329124,SL,-0.18861580995833999,0.0198537735784656,0.019645408224759603,0.00992192582631712,0.009827617921339724,0.019749543747656844,-0.24786453550922205,-1.248450500000002,0 days 05:00:00
5m,DEVELOPMENT,81,CLOSED,BTCUSDT,LONG,2024-03-14 04:00:00+00:00,2024-03-14 04:05:00+00:00,73289.57,73326.214785,2024-03-14 12:20:00+00:00,72592.95263715,72556.65616083142,0.0002673826368558944,19.60615665987497,0.1960615665987497,72592.95263715,74792.7390807,SL,-0.1862633873584353,0.01960615665987497,0.01940039004572958,0.009798179240316464,0.00970504754663776,0.019503226786954223,-0.24477316085099407,-1.2484505000000086,0 days 08:15:00
5m,DEVELOPMENT,82,CLOSED,BTCUSDT,LONG,2024-03-15 00:20:00+00:00,2024-03-15 00:25:00+00:00,71814.79,71850.697395,2024-03-15 02:20:00+00:00,71132.19042104999,71096.62432583947,0.0002694702867143437,19.361628027656195,0.19361628027656197,71132.19042104999,73287.7113429,SL,-0.1839403042507471,0.019361628027656196,0.019158427741505942,0.009675976025815729,0.009584005873689684,0.019259981899505414,-0.24172034191941466,-1.2484505000000037,0 days 01:55:00
5m,DEVELOPMENT,83,CLOSED,BTCUSDT,LONG,2024-03-16 07:35:00+00:00,2024-03-16 07:40:00+00:00,69386.7,69421.39335,2024-03-16 10:10:00+00:00,68727.1794165,68692.81582679176,0.0002754215702384752,19.120149164599837,0.19120149164599837,68727.1794165,70809.821217,SL,-0.1816461947121638,0.019120149164599837,0.018919483199117366,0.009555296933833382,0.009464473836474776,0.019019770770308156,-0.23870559784618917,-1.2484504999999826,0 days 02:30:00
5m,DEVELOPMENT,84,CLOSED,BTCUSDT,LONG,2024-03-17 20:10:00+00:00,2024-03-17 20:15:00+00:00,68639.99,68674.309995,2024-03-17 21:50:00+00:00,67987.56689505,67953.57311160247,0.00027494534761629335,18.881682033884363,0.18881682033884364,67987.56689505,70047.7961949,SL,-0.17938069738338155,0.018881682033884364,0.018683518780938747,0.009436122955463904,0.009346432606773496,0.018782555562237402,-0.23572845376044207,-1.2484505000000135,0 days 01:35:00
5m,DEVELOPMENT,85,CLOSED,BTCUSDT,LONG,2024-03-18 11:20:00+00:00,2024-03-18 11:25:00+00:00,68309.69,68343.844845,2024-03-18 13:40:00+00:00,67660.40639655,67626.57619335172,0.0002728290911255174,18.646189073084727,0.18646189073084726,67660.40639655,69710.72174190001,SL,-0.17714345541196624,0.018646189073084726,0.0184504973187627,0.009318435318882184,0.009229863591176894,0.018548298910059078,-0.23278844071387272,-1.248450500000006,0 days 02:15:00
5m,DEVELOPMENT,86,CLOSED,BTCUSDT,LONG,2024-03-20 11:20:00+00:00,2024-03-20 11:25:00+00:00,63397.33,63429.028665,2024-03-20 16:25:00+00:00,62794.73837835,62763.341009160824,0.0002903029350411019,18.413633188255684,0.18413633188255685,62794.73837835,64697.6092383,SL,-0.1749341163961735,0.018413633188255684,0.018220382107944938,0.009202215486383562,0.00911474842818608,0.01831696391456964,-0.22988509560694376,-1.2484504999999986,0 days 05:00:00
5m,DEVELOPMENT,87,CLOSED,BTCUSDT,LONG,2024-03-21 08:05:00+00:00,2024-03-21 08:10:00+00:00,67340.03,67373.700015,2024-03-21 09:45:00+00:00,66699.96301485,66666.61303334258,0.0002698972706566575,18.183977748088903,0.18183977748088903,66699.96301485,68721.1740153,SL,-0.17275233232942003,0.018183977748088904,0.017993136901622717,0.009087445151467654,0.009001068985301956,0.01808851413676961,-0.22701796111590125,-1.2484504999999813,0 days 01:35:00
5m,DEVELOPMENT,88,CLOSED,BTCUSDT,LONG,2024-03-21 12:05:00+00:00,2024-03-21 12:10:00+00:00,67246.15,67279.77307499999,2024-03-21 14:00:00+00:00,66606.97534425,66573.67185657787,0.000266903197757894,17.957186578142956,0.17957186578142956,66606.97534425,68625.3685365,SL,-0.17059775954547635,0.017957186578142957,0.017768725905005348,0.008974106235952403,0.008888807356179767,0.01786291359213217,-0.22418658562075683,-1.24845049999999,0 days 01:50:00
5m,DEVELOPMENT,89,CLOSED,BTCUSDT,LONG,2024-03-22 00:15:00+00:00,2024-03-22 00:20:00+00:00,65946.0,65978.973,2024-03-22 01:55:00+00:00,65319.183269999994,65286.523678364996,0.0002687708393876516,17.733223955145203,0.17733223955145203,65319.183269999994,67298.55246,SL,-0.16847005866432457,0.017733223955145202,0.01754711376973595,0.008862180887128536,0.008777945857796317,0.017640126744924853,-0.22139052313413057,-1.248450500000003,0 days 01:35:00
5m,DEVELOPMENT,90,CLOSED,BTCUSDT,LONG,2024-03-22 05:50:00+00:00,2024-03-22 05:55:00+00:00,66337.11,66370.278555,2024-03-22 09:35:00+00:00,65706.57576944999,65673.72248156527,0.0002638538662581156,17.51205460136485,0.1751205460136485,65706.57576944999,67697.6841261,SL,-0.1663688945387059,0.01751205460136485,0.017328265588323524,0.008751651474944045,0.008668467027673795,0.01742011850261784,-0.21862933323101214,-1.2484504999999981,0 days 03:40:00
5m,DEVELOPMENT,91,CLOSED,BTCUSDT,LONG,2024-03-22 19:45:00+00:00,2024-03-22 19:50:00+00:00,64080.0,64112.03999999999,2024-03-22 20:45:00+00:00,63470.919599999994,63439.1841402,0.0002697409672045399,17.29364367905615,0.1729364367905615,63470.919599999994,65394.28079999999,SL,-0.1642939362013297,0.01729364367905615,0.01711214688864446,0.008642500589231732,0.008560353621131368,0.0172028542103631,-0.2159025809793934,-1.2484504999999912,0 days 00:55:00
5m,DEVELOPMENT,92,CLOSED,BTCUSDT,LONG,2024-03-23 06:20:00+00:00,2024-03-23 06:25:00+00:00,64146.83,64178.903415,2024-03-23 16:30:00+00:00,65462.4814833,65429.75024255835,0.0002660992300622474,17.07795678497084,0.1707795678497084,63537.11438085,65462.4814833,TP,0.35009384673638283,0.01707795678497084,0.017410806162709926,0.008534711036966652,0.008709757960334229,0.01724446899730088,0.29836061479140125,1.747051000000002,0 days 10:05:00
5m,DEVELOPMENT,93,CLOSED,BTCUSDT,LONG,2024-03-24 07:55:00+00:00,2024-03-24 08:00:00+00:00,64583.44,64615.731719999996,2024-03-24 14:20:00+00:00,65908.0463544,65875.0923312228,0.0002689131404176569,17.376019337210007,0.17376019337210008,63969.5744028,65908.0463544,TP,0.35620405457888554,0.017376019337210006,0.01771467795409223,0.008683667834685993,0.00886176986197632,0.017545437696662315,0.30356791959092105,1.7470510000000015,0 days 06:20:00
5m,DEVELOPMENT,94,CLOSED,BTCUSDT,LONG,2024-03-24 14:20:00+00:00,2024-03-24 14:25:00+00:00,65895.88,65928.82794,2024-03-24 16:55:00+00:00,65269.5396606,65236.9048907697,0.00026815711039540125,17.679283992145994,0.17679283992145994,65269.5396606,67247.40449880001,SL,-0.16795761553758026,0.017679283992145994,0.01749373990664842,0.008835224383880574,0.008751245576112206,0.01758646995999278,-0.2207171093963675,-1.2484505000000048,0 days 02:30:00
5m,DEVELOPMENT,95,CLOSED,BTCUSDT,LONG,2024-03-24 20:10:00+00:00,2024-03-24 20:15:00+00:00,66215.88,66248.98794,2024-03-24 23:10:00+00:00,67573.96769880001,67540.18071495062,0.0002635328919314871,17.458787379362413,0.17458787379362414,65586.4980606,67573.96769880001,TP,0.3579007787613448,0.017458787379362413,0.017799059145386188,0.008725031174094604,0.0089039815634731,0.017629012737567704,0.30501391949902845,1.7470510000000206,0 days 02:55:00
5m,DEVELOPMENT,96,CLOSED,BTCUSDT,LONG,2024-03-25 03:35:00+00:00,2024-03-25 03:40:00+00:00,66975.81,67009.297905,2024-03-25 14:05:00+00:00,68349.4838631,68315.30912116845,0.0002650900269815497,17.76349658965115,0.1776349658965115,66339.20492595,68349.4838631,TP,0.3641472414330298,0.01776349658965115,0.018109707138183453,0.008877309640006043,0.009059383260722266,0.01793669290072831,0.31033734480446684,1.7470510000000028,0 days 10:25:00
5m,DEVELOPMENT,97,CLOSED,BTCUSDT,LONG,2024-03-25 19:55:00+00:00,2024-03-25 20:00:00+00:00,70960.89,70996.370445,2024-03-25 21:15:00+00:00,70286.40674055,70251.26353717972,0.00025456968847639147,18.073523907138135,0.18073523907138137,70286.40674055,72416.29785389999,SL,-0.17170299324072863,0.018073523907138137,0.01788384227373272,0.009032245830652158,0.008946394334032897,0.017978640164685054,-0.22563899958628456,-1.2484504999999941,0 days 01:15:00
5m,DEVELOPMENT,98,CLOSED,BTCUSDT,LONG,2024-03-26 02:50:00+00:00,2024-03-26 02:55:00+00:00,70517.75,70553.008875,2024-03-26 14:25:00+00:00,69847.47878625,69812.55504685687,0.0002529744741682054,17.848110321137852,0.17848110321137853,69847.47878625,71964.0690525,SL,-0.1695615078484925,0.017848110321137853,0.017660794403317512,0.008919595362887365,0.00883481460896331,0.017754409971850675,-0.22282482254479857,-1.2484505000000081,0 days 11:30:00
5m,DEVELOPMENT,99,CLOSED,BTCUSDT,LONG,2024-03-26 22:55:00+00:00,2024-03-26 23:00:00+00:00,70249.21,70284.334605,2024-03-27 08:55:00+00:00,69581.49125895,69546.70051332052,0.00025077434679959983,17.625508100813384,0.17625508100813383,69581.49125895,71690.0212971,SL,-0.16744673113266606,0.017625508100813383,0.017440528393295348,0.008808349875466442,0.008724626509903351,0.017532976385369794,-0.2200457440121446,-1.2484504999999966,0 days 09:55:00
5m,DEVELOPMENT,100,CLOSED,BTCUSDT,LONG,2024-03-27 11:35:00+00:00,2024-03-27 11:40:00+00:00,70304.33,70339.482165,2024-03-27 13:30:00+00:00,71746.27180829999,71710.39867239585,0.0002474525209311276,17.40568218271934,0.1740568218271934,69636.08734335,71746.27180829999,TP,0.3568121354998215,0.01740568218271934,0.01774491892846054,0.00869849184543503,0.008876897913184694,0.017575389758619726,0.3040861446300219,1.7470510000000108,0 days 01:50:00
5m,DEVELOPMENT,101,CLOSED,BTCUSDT,LONG,2024-03-27 22:25:00+00:00,2024-03-27 22:30:00+00:00,69324.6,69359.2623,2024-03-28 08:45:00+00:00,70746.44754600001,70711.07432222701,0.0002553294824329049,17.709464544987096,0.17709464544987097,68665.669677,70746.44754600001,TP,0.36303959801867713,0.017709464544987095,0.018054622008968894,0.008850307118933141,0.009031826917943435,0.017882134036876576,0.3093933774278445,1.7470510000000112,0 days 10:15:00
5m,DEVELOPMENT,102,CLOSED,BTCUSDT,LONG,2024-03-28 08:45:00+00:00,2024-03-28 08:50:00+00:00,70790.0,70825.39499999999,2024-03-29 06:05:00+00:00,70117.14104999999,70082.082479475,0.00025440802466575454,18.018548838121806,0.18018548838121806,70117.14104999999,72241.90289999999,SL,-0.17118071634817597,0.018018548838121807,0.017829444168065717,0.009004772033041716,0.00891918167486973,0.017923953707911444,-0.22495266306227496,-1.2484504999999948,0 days 21:15:00
5m,DEVELOPMENT,103,CLOSED,BTCUSDT,LONG,2024-03-29 13:30:00+00:00,2024-03-29 13:35:00+00:00,70350.0,70385.175,2024-03-29 15:35:00+00:00,69681.32325,69646.482588375,0.000252806374396237,17.79382090299466,0.17793820902994661,69681.32325,71792.8785,SL,-0.16904574481055865,0.01779382090299466,0.017607074752617732,0.008892464219388373,0.008807941346982227,0.0177004055663706,-0.22214704603254165,-1.2484505000000017,0 days 02:00:00
5m,DEVELOPMENT,104,CLOSED,BTCUSDT,LONG,2024-03-29 22:55:00+00:00,2024-03-29 23:00:00+00:00,69807.99,69842.893995,2024-03-31 23:30:00+00:00,71239.7518749,71204.13199896255,0.0002515917479499201,17.57189578208303,0.1757189578208303,69144.46505505001,71239.7518749,TP,0.3602194727541448,0.01757189578208303,0.017914372030875824,0.008781557112485417,0.008961666848863072,0.01774322396134849,0.3069899809798375,1.747050999999989,2 days 00:30:00
5m,DEVELOPMENT,105,CLOSED,BTCUSDT,LONG,2024-03-31 23:30:00+00:00,2024-03-31 23:35:00+00:00,71267.44,71303.07372,2024-04-01 03:25:00+00:00,70590.0429828,70554.7479613086,0.0002507406503956978,17.87857907976519,0.1787857907976519,70590.0429828,72729.1351944,SL,-0.16985096866883298,0.01787857907976519,0.017690943392323053,0.00893482212881768,0.008849896644484198,0.01778471877330188,-0.22320520991422313,-1.2484504999999957,0 days 03:50:00
5m,DEVELOPMENT,106,CLOSED,BTCUSDT,LONG,2024-04-01 12:55:00+00:00,2024-04-01 13:00:00+00:00,69841.13,69876.050565,2024-04-01 14:35:00+00:00,69177.29005935,69142.70141432033,0.00025267021689577443,17.655596852078652,0.17655596852078653,69177.29005935,71273.5715763,SL,-0.16773258178811612,0.017655596852078653,0.017470301363116086,0.00882338673267124,0.008739520441777046,0.017562907174448285,-0.22042138717775914,-1.248450499999994,0 days 01:35:00
5m,DEVELOPMENT,107,CLOSED,BTCUSDT,LONG,2024-04-02 18:45:00+00:00,2024-04-02 18:50:00+00:00,65981.66,66014.65083,2024-04-02 21:25:00+00:00,65354.5043217,65321.827069539155,0.0002641140329740783,17.435395666086887,0.17435395666086886,65354.5043217,67334.9438466,SL,-0.165640615498408,0.017435395666086886,0.017252411188571307,0.00871334116246094,0.008630520854711327,0.017343862017172265,-0.21767228437023844,-1.2484504999999908,0 days 02:35:00
5m,DEVELOPMENT,108,CLOSED,BTCUSDT,LONG,2024-04-03 03:50:00+00:00,2024-04-03 03:55:00+00:00,66190.0,66223.095,2024-04-03 11:05:00+00:00,65560.86405,65528.083617975004,0.00025999903563169596,17.217940836546187,0.1721794083654619,65560.86405,67547.5569,SL,-0.1635747402812299,0.017217940836546188,0.017037238547466638,0.008604668084231281,0.008522880714090299,0.017127548798321582,-0.2149574684635643,-1.2484504999999955,0 days 07:10:00
5m,DEVELOPMENT,109,CLOSED,BTCUSDT,LONG,2024-04-04 00:45:00+00:00,2024-04-04 00:50:00+00:00,66328.0,66361.16399999999,2024-04-04 02:25:00+00:00,65697.55235999999,65664.70358382,0.00025622211977487867,17.003198110808363,0.17003198110808362,65697.55235999999,67688.38728,SL,-0.16153463072787294,0.017003198110808363,0.01682474954663543,0.008497350380211452,0.008416583064847976,0.016913933445059426,-0.21227651183037616,-1.2484504999999917,0 days 01:35:00
5m,DEVELOPMENT,110,CLOSED,BTCUSDT,LONG,2024-04-04 07:10:00+00:00,2024-04-04 07:15:00+00:00,66050.0,66083.025,2024-04-04 13:20:00+00:00,67404.68549999999,67370.98315725,0.0002540914805795493,16.79113366342537,0.1679113366342537,65422.194749999995,67404.68549999999,TP,0.3442140444146451,0.01679113366342537,0.01711839285852553,0.008391371146138138,0.008563478168345745,0.016954849314483884,0.2933496685782103,1.7470510000000046,0 days 06:05:00
5m,DEVELOPMENT,111,CLOSED,BTCUSDT,LONG,2024-04-04 16:20:00+00:00,2024-04-04 16:25:00+00:00,68023.44,68057.45172,2024-04-04 20:15:00+00:00,67376.8772028,67343.1887641986,0.00025102600587631317,17.08419027539162,0.1708419027539162,67376.8772028,69418.6007544,SL,-0.16230407652933457,0.017084190275391622,0.016904891698451382,0.008537826224582254,0.00845667418631859,0.016994500410900844,-0.21328765891407842,-1.2484505000000021,0 days 03:50:00
5m,DEVELOPMENT,112,CLOSED,BTCUSDT,LONG,2024-04-05 19:30:00+00:00,2024-04-05 19:35:00+00:00,67988.57,68022.564285,2024-04-05 20:00:00+00:00,67342.33864215,67308.66747282894,0.00024802234182727225,16.87111569106187,0.16871115691061872,67342.33864215,69383.01557070001,SL,-0.16027981473617584,0.01687111569106187,0.01669405333188418,0.008431342174442075,0.008351202267073712,0.016782544441515786,-0.21062752820063768,-1.248450499999984,0 days 00:25:00
5m,DEVELOPMENT,113,CLOSED,BTCUSDT,LONG,2024-04-05 23:30:00+00:00,2024-04-05 23:35:00+00:00,67888.47,67922.414235,2024-04-06 23:05:00+00:00,69280.86251970001,69246.22208844016,0.0002452901412239138,16.660698579972326,0.16660698579972327,67243.19009265001,69280.86251970001,TP,0.34154015779633573,0.016660698579972325,0.016985415595295986,0.008326186196888371,0.008496956275784924,0.016823142472673296,0.2910709011483941,1.7470510000000108,0 days 23:30:00
5m,DEVELOPMENT,114,CLOSED,BTCUSDT,LONG,2024-04-07 07:35:00+00:00,2024-04-07 07:40:00+00:00,69480.01,69514.750005,2024-04-08 08:00:00+00:00,70905.0450051,70869.59248259745,0.0002438544150670242,16.95147870099969,0.1695147870099969,68819.60250494999,70905.0450051,TP,0.34750107761869403,0.01695147870099969,0.017281863020882176,0.008471503598700412,0.008645254137508065,0.01711675773620848,0.2961509781606037,1.7470510000000097,1 days 00:20:00
5m,DEVELOPMENT,115,CLOSED,BTCUSDT,LONG,2024-04-09 12:45:00+00:00,2024-04-09 12:50:00+00:00,70931.98,70967.44599,2024-04-09 13:45:00+00:00,70257.7715301,70222.64264433495,0.00024303162645119812,17.247333824037256,0.17247333824037256,70257.7715301,72386.7949098,SL,-0.16385398100696993,0.017247333824037255,0.017066323055553986,0.00861935723340119,0.008537430242898603,0.01715678747629979,-0.21532442536286095,-1.2484504999999926,0 days 00:55:00
5m,DEVELOPMENT,116,CLOSED,BTCUSDT,LONG,2024-04-09 21:35:00+00:00,2024-04-09 21:40:00+00:00,69209.9,69244.50494999999,2024-04-10 02:50:00+00:00,68552.05990049998,68517.78387054974,0.0002459722185939383,17.032224507990442,0.17032224507990443,68552.05990049998,70629.39504899998,SL,-0.16181038875407508,0.017032224507990443,0.016853471311779084,0.00851185632583072,0.008430951131452964,0.016942807457283684,-0.2126388920311283,-1.2484504999999946,0 days 05:10:00
5m,DEVELOPMENT,117,CLOSED,BTCUSDT,LONG,2024-04-10 05:00:00+00:00,2024-04-10 05:05:00+00:00,69223.99,69258.601995,2024-04-10 12:30:00+00:00,68566.01597505,68531.73296706247,0.00024285500368083015,16.81979804242488,0.1681979804242488,68566.01597505,70643.77403490001,SL,-0.15979228425112355,0.01681979804242488,0.016643274261969626,0.008405696173125704,0.008325800031000927,0.01673149620412663,-0.2099868527596447,-1.2484505000000063,0 days 07:25:00
5m,DEVELOPMENT,118,CLOSED,BTCUSDT,LONG,2024-04-10 22:00:00+00:00,2024-04-10 22:05:00+00:00,70390.01,70425.205005,2024-04-11 13:40:00+00:00,69720.95295495,69686.09247847254,0.0002358533562743857,16.610020966740915,0.16610020966740915,69720.95295495,71833.7091051,SL,-0.15779934961406408,0.016610020966740916,0.016435698796694972,0.008300860053344118,0.008221960378534288,0.016522820431878405,-0.20736788980937837,-1.2484504999999795,0 days 15:35:00
5m,DEVELOPMENT,119,CLOSED,BTCUSDT,LONG,2024-04-11 19:40:00+00:00,2024-04-11 19:45:00+00:00,70502.54,70537.79126999999,2024-04-11 23:25:00+00:00,69832.41335729999,69797.49715062133,0.0002325400319790963,16.40286023766062,0.1640286023766062,69832.41335729999,71948.54709539999,SL,-0.15583127092350435,0.01640286023766062,0.01623071221946637,0.00819733145310222,0.008119415817642493,0.01631674727074471,-0.20478159065137608,-1.2484505000000055,0 days 03:40:00
5m,DEVELOPMENT,120,CLOSED,BTCUSDT,LONG,2024-04-12 02:05:00+00:00,2024-04-12 02:10:00+00:00,70416.0,70451.208,2024-04-12 13:45:00+00:00,69746.69592,69711.82257204001,0.00022992200820776387,16.19828322402288,0.1619828322402288,69746.69592,71860.23216,SL,-0.15388773817525023,0.01619828322402288,0.016028282241586762,0.008095094064978655,0.00801815019588914,0.016113244260867795,-0.20222754790172767,-1.248450499999987,0 days 11:35:00
5m,DEVELOPMENT,121,CLOSED,BTCUSDT,LONG,2024-04-13 11:05:00+00:00,2024-04-13 11:10:00+00:00,67772.0,67805.886,2024-04-13 17:10:00+00:00,67127.82714,67094.26322643,0.00023591252390159074,15.996257701643536,0.15996257701643538,67127.82714,69162.00372,SL,-0.1519684452315075,0.015996257701643535,0.01582837697706479,0.007994131784928974,0.007918147562311045,0.01591227934724002,-0.19970535925745583,-1.248450499999991,0 days 06:00:00
5m,DEVELOPMENT,122,CLOSED,BTCUSDT,LONG,2024-04-15 09:20:00+00:00,2024-04-15 09:25:00+00:00,66610.04,66643.34502,2024-04-15 11:40:00+00:00,65976.9115698,65943.9231140151,0.00023703419814084665,15.796751848239484,0.15796751848239485,65976.9115698,67976.21192039999,SL,-0.15007308977262965,0.015796751848239483,0.01563096493759221,0.00789442870976481,0.007819392164878545,0.015713820874643354,-0.1972146274331047,-1.2484504999999975,0 days 02:15:00
5m,DEVELOPMENT,123,CLOSED,BTCUSDT,LONG,2024-04-16 21:00:00+00:00,2024-04-16 21:05:00+00:00,63121.08,63152.64054,2024-04-17 05:15:00+00:00,64415.6933508,64383.485504124605,0.00024701634175590094,15.599734238416206,0.15599734238416205,62521.1141346,64415.6933508,TP,0.3197906539029645,0.015599734238416206,0.015903773058722936,0.007795969134640431,0.007955864461591168,0.0157518335962316,0.27253531300959377,1.747051000000007,0 days 08:10:00
5m,DEVELOPMENT,124,CLOSED,BTCUSDT,LONG,2024-04-18 03:05:00+00:00,2024-04-18 03:10:00+00:00,62081.48,62112.52074,2024-04-18 05:35:00+00:00,61491.3955326,61460.649834833705,0.00025553619623352997,15.871997288375841,0.15871997288375841,61491.3955326,63354.7711548,SL,-0.15078794025588535,0.015871997288375843,0.015705420676834336,0.007932032627873148,0.007856638657744776,0.015788671285617922,-0.19815402950671346,-1.2484504999999926,0 days 02:25:00
5m,DEVELOPMENT,125,CLOSED,BTCUSDT,LONG,2024-04-18 10:55:00+00:00,2024-04-18 11:00:00+00:00,61821.76,61852.67088,2024-04-18 14:05:00+00:00,63089.7242976,63058.1794354512,0.000253409286809161,15.67404121494256,0.1567404121494256,61234.144171199994,63089.7242976,TP,0.32131392835429373,0.01567404121494256,0.015979528278221793,0.007833104055442498,0.007993761019619643,0.01582686507506214,0.2738334937860673,1.7470510000000072,0 days 03:05:00
5m,DEVELOPMENT,126,CLOSED,BTCUSDT,LONG,2024-04-18 21:15:00+00:00,2024-04-18 21:20:00+00:00,63701.59,63733.440794999995,2024-04-19 00:05:00+00:00,63096.10638704999,63064.55833385647,0.00025022344549214886,15.947601148794778,0.1594760114879478,63096.10638704999,65008.1096109,SL,-0.15150619582138458,0.015947601148794777,0.015780231074738176,0.007969815666563724,0.0078940625686533,0.015863878235217024,-0.19909790628013455,-1.2484505000000024,0 days 02:45:00
5m,DEVELOPMENT,127,CLOSED,BTCUSDT,LONG,2024-04-20 04:35:00+00:00,2024-04-20 04:40:00+00:00,64122.88,64154.941439999995,2024-04-20 09:05:00+00:00,63513.39202559999,63481.635329587196,0.0002454791756960868,15.74870214152192,0.1574870214152192,63513.39202559999,65438.040268799996,SL,-0.1496166055523912,0.01574870214152192,0.015583419512546647,0.007870415862828974,0.007795607560052159,0.015666023422881134,-0.19661475062934092,-1.2484504999999988,0 days 04:25:00
5m,DEVELOPMENT,128,CLOSED,BTCUSDT,LONG,2024-04-20 13:00:00+00:00,2024-04-20 13:05:00+00:00,63980.89,64012.880444999995,2024-04-20 17:15:00+00:00,65293.138053899995,65260.49148487305,0.0002429555380278104,15.552283809224877,0.15552283809224876,63372.75164054999,65293.138053899995,TP,0.3188179319612205,0.015552283809224876,0.01585539782066667,0.0077722557767230605,0.00793166474270395,0.01570392051942701,0.2717063298119019,1.747051000000004,0 days 04:10:00
5m,DEVELOPMENT,129,CLOSED,BTCUSDT,LONG,2024-04-21 02:20:00+00:00,2024-04-21 02:25:00+00:00,65200.0,65232.6,2024-04-21 16:05:00+00:00,64580.274,64547.983863,0.00024257378525678667,15.823718704141863,0.15823718704141862,64580.274,66537.252,SL,-0.15032928164204795,0.015823718704141863,0.015657648776341893,0.007907905399370892,0.007832740758549329,0.015740646157920223,-0.19755129528045196,-1.248450499999996,0 days 13:40:00
5m,DEVELOPMENT,130,CLOSED,BTCUSDT,LONG,2024-04-22 01:15:00+00:00,2024-04-22 01:20:00+00:00,65222.71,65255.32135499999,2024-04-22 02:05:00+00:00,64602.76814144999,64570.46675737927,0.00023946498826958007,15.626364762802751,0.15626364762802752,64602.76814144999,66560.4277821,SL,-0.14845436988549976,0.015626364762802752,0.015462366064617136,0.007809277742528588,0.00773505055758636,0.015544328300114948,-0.1950874290130346,-1.248450499999999,0 days 00:45:00
5m,DEVELOPMENT,131,CLOSED,BTCUSDT,LONG,2024-04-22 13:05:00+00:00,2024-04-22 13:10:00+00:00,66213.2,66246.3066,2024-04-24 14:25:00+00:00,65583.843534,65551.051612233,0.00023294086898311997,15.431472226326195,0.15431472226326196,65583.843534,67571.232732,SL,-0.14660284209018482,0.015431472226326196,0.015269518925310904,0.007711880173076365,0.007638578752031167,0.015350458925107533,-0.19265429216692945,-1.248450499999993,2 days 01:15:00
5m,DEVELOPMENT,132,CLOSED,BTCUSDT,LONG,2024-04-25 20:00:00+00:00,2024-04-25 20:05:00+00:00,64986.03,65018.523015,2024-04-26 00:15:00+00:00,64368.337784849995,64336.15361595757,0.00023437952277805373,15.239010395989602,0.15239010395989602,64368.337784849995,66318.8934753,SL,-0.1447744066105768,0.015239010395989603,0.015079076981883691,0.007615697349320145,0.007543310146014871,0.015159007495335016,-0.1902515014837851,-1.2484505000000061,0 days 04:10:00
5m,DEVELOPMENT,133,CLOSED,BTCUSDT,LONG,2024-04-26 09:30:00+00:00,2024-04-26 09:35:00+00:00,64555.27,64587.547634999995,2024-04-26 13:10:00+00:00,63941.67215864999,63909.70132257067,0.00023300077967027252,15.048948955945864,0.15048948955945865,63941.67215864999,65879.2985877,SL,-0.14296877543854739,0.015048948955945864,0.014891010236653212,0.00752071412091214,0.007449229733192716,0.014969943854104856,-0.1878786784852513,-1.2484505000000026,0 days 03:35:00
5m,DEVELOPMENT,134,CLOSED,BTCUSDT,LONG,2024-04-27 13:20:00+00:00,2024-04-27 13:25:00+00:00,63215.88,63247.48793999999,2024-04-29 02:40:00+00:00,62615.013060599995,62583.7055540697,0.0002349699324429503,14.861257968448111,0.1486125796844811,62615.013060599995,64512.43769879999,SL,-0.14118566415802092,0.014861257968448111,0.01470528906606925,0.007426915526459514,0.007356322694381409,0.014783238220840923,-0.1855354494133792,-1.2484504999999928,1 days 13:15:00
5m,DEVELOPMENT,135,CLOSED,BTCUSDT,LONG,2024-04-29 10:20:00+00:00,2024-04-29 10:25:00+00:00,62673.18,62704.51659,2024-04-29 12:30:00+00:00,62077.4714241,62046.43268838795,0.00023404865657595286,14.675907869134049,0.1467590786913405,62077.4714241,63958.6069218,SL,-0.13942479190016993,0.01467590786913405,0.014521884216047486,0.0073342867911711995,0.007264574395221108,0.014598861186392307,-0.1832214451717438,-1.2484505000000028,0 days 02:05:00
5m,DEVELOPMENT,136,CLOSED,BTCUSDT,LONG,2024-04-29 17:25:00+00:00,2024-04-29 17:30:00+00:00,63184.22,63215.81211,2024-04-29 19:00:00+00:00,62583.6539889,62552.36216190555,0.00022926019580592351,14.49286946236907,0.1449286946236907,62583.6539889,64480.1283522,SL,-0.1376858812991692,0.01449286946236907,0.014340766797361508,0.007242813324521764,0.007173970383872545,0.01441678370839431,-0.18093630126729413,-1.248450500000001,0 days 01:30:00
5m,DEVELOPMENT,137,CLOSED,BTCUSDT,LONG,2024-04-29 20:10:00+00:00,2024-04-29 20:15:00+00:00,63115.98,63147.53799,2024-04-30 00:45:00+00:00,64410.488749799995,64378.2835054251,0.00022664563611195666,14.312113916647498,0.14312113916647498,62516.062610099994,64410.488749799995,TP,0.29339475905091295,0.014312113916647497,0.014591057016882958,0.00715248071796338,0.0072991780974897775,0.014451658815453157,0.25003992930192936,1.7470510000000006,0 days 04:30:00
5m,DEVELOPMENT,138,CLOSED,BTCUSDT,LONG,2024-04-30 00:45:00+00:00,2024-04-30 00:50:00+00:00,64400.39,64432.590195,2024-04-30 01:55:00+00:00,63788.26429304999,63756.37016090347,0.00022600215219875295,14.561904055810267,0.14561904055810268,63788.26429304999,65721.2419989,SL,-0.13834172718688453,0.014561904055810267,0.014409076872744538,0.007277313371218986,0.007208142507625969,0.014485455878844955,-0.18179816399428428,-1.2484505000000048,0 days 01:05:00
5m,DEVELOPMENT,139,CLOSED,BTCUSDT,LONG,2024-05-01 23:35:00+00:00,2024-05-01 23:40:00+00:00,58222.0,58251.111,2024-05-02 00:55:00+00:00,57668.59989,57639.765590055,0.0002468671800674056,14.38028750836343,0.14380287508363432,57668.59989,59416.133219999996,SL,-0.13661632460469264,0.014380287508363431,0.014229366390963158,0.00718655047894154,0.007118242316638916,0.014304792795580456,-0.17953077129959966,-1.248450499999992,0 days 01:15:00
5m,DEVELOPMENT,140,CLOSED,BTCUSDT,LONG,2024-05-02 11:00:00+00:00,2024-05-02 11:05:00+00:00,58015.75,58044.757874999996,2024-05-02 14:40:00+00:00,59205.6530325,59176.05020598375,0.00024465492851336517,14.200936088483713,0.14200936088483715,57464.31029625,59205.6530325,TP,0.2911156413541236,0.014200936088483714,0.014477712332848263,0.007096919584448579,0.0072424774051256776,0.014339396989574257,0.24809759594321737,1.7470510000000123,0 days 03:35:00
5m,DEVELOPMENT,141,CLOSED,BTCUSDT,LONG,2024-05-02 18:00:00+00:00,2024-05-02 18:05:00+00:00,59405.69,59435.392845,2024-05-02 20:35:00+00:00,58841.03891655,58811.618397091734,0.00024310070385773918,14.448785834680736,0.14448785834680736,58841.03891655,60624.1007019,SL,-0.13726707582073014,0.014448785834680736,0.014297145827345764,0.00722078252607728,0.007152148988165322,0.014372931514242602,-0.18038593899699923,-1.248450499999989,0 days 02:30:00
5m,DEVELOPMENT,142,CLOSED,BTCUSDT,LONG,2024-05-03 19:55:00+00:00,2024-05-03 20:00:00+00:00,62067.32,62098.35365999999,2024-05-04 01:25:00+00:00,63340.320733199995,63308.6505728334,0.0002297738870750121,14.268580101417003,0.14268580101417003,61477.3701234,63340.320733199995,TP,0.29250232671670323,0.014268580101417003,0.014546674727593623,0.007130724688362869,0.00727697585172114,0.01440770054008401,0.24927937134760858,1.7470510000000128,0 days 05:25:00
5m,DEVELOPMENT,143,CLOSED,BTCUSDT,LONG,2024-05-04 04:45:00+00:00,2024-05-04 04:50:00+00:00,62980.02,63011.51000999999,2024-05-04 10:55:00+00:00,64271.74021019999,64239.60434009489,0.00023039616794010565,14.517610442423607,0.14517610442423606,62381.39490989999,64271.74021019999,TP,0.2976073864808663,0.014517610442423607,0.014800558669946442,0.007255177632394241,0.007403981325635915,0.014659158958030157,0.2536300584104661,1.7470510000000004,0 days 06:05:00
5m,DEVELOPMENT,144,CLOSED,BTCUSDT,LONG,2024-05-04 19:45:00+00:00,2024-05-04 19:50:00+00:00,63757.47,63789.348735,2024-05-05 01:15:00+00:00,63151.455247649996,63119.879520026174,0.00023155883258058386,14.770987124152343,0.14770987124152343,63151.455247649996,65065.1357097,SL,-0.1403280685807789,0.014770987124152344,0.014615965614284365,0.007381802660745432,0.007311638626454687,0.01469344128720012,-0.18440846260641572,-1.2484505000000012,0 days 05:25:00
5m,DEVELOPMENT,145,CLOSED,BTCUSDT,LONG,2024-05-05 07:15:00+00:00,2024-05-05 07:20:00+00:00,63686.72,63718.56336,2024-05-06 08:15:00+00:00,64992.934627200004,64960.438159886406,0.00022892485512222474,14.586762885784298,0.145867628857843,63081.3777264,64992.934627200004,TP,0.29902499429029145,0.014586762885784298,0.014871058894428236,0.007289736574604603,0.0074392490717495935,0.014728985646354196,0.25483818686372467,1.7470510000000083,1 days 00:55:00
5m,DEVELOPMENT,146,CLOSED,BTCUSDT,LONG,2024-05-06 08:15:00+00:00,2024-05-06 08:20:00+00:00,64968.01,65000.494005,2024-05-06 10:40:00+00:00,64350.48906495,64318.31382041753,0.00022832667222349312,14.841346489044765,0.14841346489044765,64350.48906495,66300.5038851,SL,-0.14099650012830653,0.014841346489044765,0.01468558655764224,0.0074169647621409535,0.0073464665120770685,0.014763431274218022,-0.18528686444921155,-1.2484504999999981,0 days 02:20:00
5m,DEVELOPMENT,147,CLOSED,BTCUSDT,LONG,2024-05-07 07:15:00+00:00,2024-05-07 07:20:00+00:00,63755.83,63787.707915,2024-05-07 13:50:00+00:00,63149.83083585,63118.25592043208,0.0002297659722448148,14.656244726358242,0.14656244726358242,63149.83083585,65063.4620733,SL,-0.13923798713047028,0.014656244726358243,0.014502427437955113,0.007324460133111945,0.007254841139546444,0.014579301272658388,-0.18297596056744203,-1.2484504999999928,0 days 06:30:00
5m,DEVELOPMENT,148,CLOSED,BTCUSDT,LONG,2024-05-08 03:40:00+00:00,2024-05-08 03:45:00+00:00,62922.01,62953.471005,2024-05-08 06:20:00+00:00,62323.93629495,62292.77432680253,0.0002299071254992225,14.4734515589582,0.144734515589582,62323.93629495,64212.5404251,SL,-0.137501406364716,0.0144734515589582,0.014321552684846936,0.007233109224866066,0.007164358521683034,0.0143974677465491,-0.18069387835507025,-1.2484504999999917,0 days 02:35:00
5m,DEVELOPMENT,149,CLOSED,BTCUSDT,LONG,2024-05-08 18:15:00+00:00,2024-05-08 18:20:00+00:00,62701.5,62732.85075,2024-05-08 19:20:00+00:00,62105.522242499996,62074.46948137875,0.00022783817446663898,14.292938193968123,0.14292938193968124,62105.522242499996,63987.507765,SL,-0.13578648429152226,0.014292938193968123,0.014142933807622429,0.007142897648159478,0.007075004406013211,0.014217902054172688,-0.1784402583472855,-1.2484504999999964,0 days 01:00:00
5m,DEVELOPMENT,150,CLOSED,BTCUSDT,LONG,2024-05-09 02:25:00+00:00,2024-05-09 02:30:00+00:00,61598.99,61629.789495,2024-05-09 09:20:00+00:00,61013.491600049994,60982.984854249975,0.00022902359903017853,14.11467619761719,0.1411467619761719,61013.491600049994,62862.385284899996,SL,-0.13409295078296074,0.01411467619761719,0.013966542670923197,0.007053811193211828,0.00698676471781923,0.014040575911031057,-0.1762147455625322,-1.2484504999999957,0 days 06:50:00
5m,DEVELOPMENT,151,CLOSED,BTCUSDT,LONG,2024-05-09 18:55:00+00:00,2024-05-09 19:00:00+00:00,62259.68,62290.809839999994,2024-05-10 14:45:00+00:00,61667.90174159999,61637.0677907292,0.00022376715805372027,13.938637490761513,0.13938637490761513,61667.90174159999,63536.62603679999,SL,-0.13242053908015008,0.013938637490761513,0.013792351490295972,0.006965835827465714,0.006899625557925623,0.013865461385391336,-0.1740169894465989,-1.2484504999999952,0 days 19:45:00
5m,DEVELOPMENT,152,CLOSED,BTCUSDT,LONG,2024-05-10 23:05:00+00:00,2024-05-10 23:10:00+00:00,60949.99,60980.464994999995,2024-05-13 07:50:00+00:00,62200.0742949,62168.974257752554,0.00022572465371639656,13.764794344461215,0.13764794344461215,60370.66034505,62200.0742949,TP,0.2821748445826082,0.013764794344461215,0.014033070186234767,0.006878957693383206,0.007020045115673821,0.013899002809057027,0.24047797724285522,1.7470510000000155,2 days 08:40:00
5m,DEVELOPMENT,153,CLOSED,BTCUSDT,LONG,2024-05-13 12:50:00+00:00,2024-05-13 12:55:00+00:00,62880.01,62911.450005,2024-05-14 06:05:00+00:00,62282.335504949995,62251.19433719752,0.00022261499429517987,14.005032083964569,0.1400503208396457,62282.335504949995,64169.6790051,SL,-0.13305130430593182,0.014005032083964569,0.01385804927224336,0.006999016533714702,0.0069324908815622055,0.013931507415276908,-0.17484589307741663,-1.248450500000004,0 days 17:10:00
5m,DEVELOPMENT,154,CLOSED,BTCUSDT,LONG,2024-05-14 21:35:00+00:00,2024-05-14 21:40:00+00:00,61739.65,61770.519824999996,2024-05-15 12:30:00+00:00,63005.9302215,62974.42725638925,0.00022389905251390702,13.830360862109009,0.1383036086210901,61152.81462675,63005.9302215,TP,0.2835189418109497,0.013830360862109009,0.014099914595311513,0.0069117245687688456,0.00705348403967493,0.013965208608443774,0.24162345774508548,1.7470510000000101,0 days 14:50:00
5m,DEVELOPMENT,155,CLOSED,BTCUSDT,LONG,2024-05-15 18:10:00+00:00,2024-05-15 18:15:00+00:00,65208.25,65240.854125,2024-05-16 00:05:00+00:00,66545.6712075,66512.39837189626,0.0002156891280242482,14.071742937778426,0.14071742937778425,64588.44558375,66545.6712075,TP,0.28846721404681125,0.014071742937778426,0.01434600120763573,0.007032355291243165,0.007176588898264956,0.01420894418950812,0.24584052571188897,1.7470510000000115,0 days 05:50:00
5m,DEVELOPMENT,156,CLOSED,BTCUSDT,LONG,2024-05-16 00:05:00+00:00,2024-05-16 00:10:00+00:00,66561.1,66594.38055,2024-05-16 01:35:00+00:00,65928.4367445,65895.47252612775,0.0002149931833634202,14.317337868559534,0.14317337868559535,65928.4367445,67926.268161,SL,-0.13601828729701212,0.014317337868559534,0.014167077407629002,0.007155091388584583,0.007087082244936163,0.014242173633520747,-0.17874487620672144,-1.2484505000000041,0 days 01:25:00
5m,DEVELOPMENT,157,CLOSED,BTCUSDT,LONG,2024-05-16 07:10:00+00:00,2024-05-16 07:15:00+00:00,66067.09,66100.123545,2024-05-16 15:00:00+00:00,65439.122309549995,65406.40274839522,0.0002138993212174141,14.138771558662711,0.1413877155866271,65439.122309549995,67422.1260159,SL,-0.13432186273372246,0.014138771558662711,0.013990385151154546,0.007065852852904564,0.006998691921537452,0.014064544774442016,-0.17651556421798176,-1.2484504999999955,0 days 07:45:00
5m,DEVELOPMENT,158,CLOSED,BTCUSDT,LONG,2024-05-16 21:35:00+00:00,2024-05-16 21:40:00+00:00,65499.9,65532.64995,2024-05-17 14:55:00+00:00,66843.302949,66809.88129752551,0.0002130607009532311,13.962432333669726,0.13962432333669728,64877.3234505,66843.302949,TP,0.2862263739765784,0.013962432333669726,0.01423456013985295,0.006977727303182765,0.007120840490169691,0.014098567793352456,0.2439308137097033,1.7470510000000214,0 days 17:15:00
5m,DEVELOPMENT,159,CLOSED,BTCUSDT,LONG,2024-05-17 23:35:00+00:00,2024-05-17 23:40:00+00:00,66963.7,66997.18185,2024-05-19 19:05:00+00:00,66327.2100315,66294.04642648426,0.0002120405525721803,14.206119460252847,0.14206119460252847,66327.2100315,68337.125487,SL,-0.13496168462738925,0.014206119460252848,0.014057026236517499,0.0070995099751381095,0.007032029132822923,0.014131539107961033,-0.17735636943212063,-1.2484504999999764,1 days 19:25:00
5m,DEVELOPMENT,160,CLOSED,BTCUSDT,LONG,2024-05-20 02:05:00+00:00,2024-05-20 02:10:00+00:00,66637.9,66671.21895,2024-05-20 16:35:00+00:00,68004.643329,67970.64100733551,0.00021041973569632734,14.02894027001097,0.1402894027001097,66004.5067605,68004.643329,TP,0.2875897700528995,0.01402894027001097,0.014302364315873487,0.007010964652679307,0.007154759537703769,0.014165724190383075,0.24509274127663197,1.7470510000000186,0 days 14:25:00
5m,DEVELOPMENT,161,CLOSED,BTCUSDT,LONG,2024-05-21 06:35:00+00:00,2024-05-21 06:40:00+00:00,71349.77,71385.444885,2024-05-21 13:50:00+00:00,70671.59043615,70636.25464093193,0.00019995376069153735,14.27378816339422,0.14273788163394222,70671.59043615,72813.1537827,SL,-0.13560455421595494,0.01427378816339422,0.014123984756619398,0.0071333274179881875,0.007065525140878494,0.014198852558866682,-0.17820117969483523,-1.2484504999999948,0 days 07:10:00
5m,DEVELOPMENT,162,CLOSED,BTCUSDT,LONG,2024-05-21 22:35:00+00:00,2024-05-21 22:40:00+00:00,70100.0,70135.05,2024-05-22 04:40:00+00:00,69433.6995,69398.98265025001,0.00020098032306038028,14.095765006855924,0.14095765006855923,69433.6995,71537.751,SL,-0.13391328974529243,0.014095765006855923,0.013947829953108972,0.007044360323266914,0.00697740367839271,0.014021764001659623,-0.17597864870691693,-1.2484504999999937,0 days 06:00:00
5m,DEVELOPMENT,163,CLOSED,BTCUSDT,LONG,2024-05-22 08:30:00+00:00,2024-05-22 08:35:00+00:00,70070.16,70105.19508,2024-05-22 18:20:00+00:00,69404.1431292,69369.44105763541,0.0001985582116291127,13.91996216099487,0.1391996216099487,69404.1431292,71507.2989816,SL,-0.13224311878086548,0.013919962160994871,0.013773872158115232,0.006956502829083186,0.0068903812696909095,0.013846884098774095,-0.17378383719874965,-1.2484504999999884,0 days 09:45:00
5m,DEVELOPMENT,164,CLOSED,BTCUSDT,LONG,2024-05-23 04:35:00+00:00,2024-05-23 04:40:00+00:00,69542.86,69577.63143,2024-05-23 13:35:00+00:00,68881.85511569999,68847.41418814214,0.00019756855258651476,13.746351934023096,0.13746351934023096,68881.85511569999,70969.18405859999,SL,-0.1305937782437699,0.013746351934023097,0.013602083970475522,0.006869741096462016,0.006804444207341622,0.013674185303803637,-0.17161639945207216,-1.2484505000000083,0 days 08:55:00
5m,DEVELOPMENT,165,CLOSED,BTCUSDT,LONG,2024-05-24 02:55:00+00:00,2024-05-24 03:00:00+00:00,67978.38,68012.36919,2024-05-24 05:25:00+00:00,67332.24549809999,67298.57937535095,0.00019959467875030988,13.574906979525522,0.13574906979525522,67332.24549809999,69372.6165738,SL,-0.1289650083362249,0.013574906979525523,0.013432438330775403,0.0067840614590318395,0.006719578954863211,0.013503640413895051,-0.16947599406042085,-1.2484504999999968,0 days 02:25:00
5m,DEVELOPMENT,166,CLOSED,BTCUSDT,LONG,2024-05-24 10:40:00+00:00,2024-05-24 10:45:00+00:00,67518.02,67551.77901,2024-05-24 17:55:00+00:00,68902.8145902,68868.3631829049,0.0001984492560909163,13.405600292152474,0.13405600292152475,66876.2612199,68902.8145902,TP,0.2748114562639137,0.013405600292152474,0.013666875441846527,0.006699450420864674,0.006836856148997516,0.01353630656986219,0.2342026739600525,1.7470509999999984,0 days 07:10:00
5m,DEVELOPMENT,167,CLOSED,BTCUSDT,LONG,2024-05-25 03:00:00+00:00,2024-05-25 03:05:00+00:00,68900.0,68934.45,2024-05-26 21:30:00+00:00,68245.10549999999,68210.98294725,0.00019786288274450985,13.639568997407277,0.13639568997407278,68245.10549999999,70313.139,SL,-0.12957931366352626,0.013639568997407278,0.013496421720779488,0.006816376310547789,0.006751586653714996,0.013567962964262784,-0.17028326734597585,-1.2484504999999977,1 days 18:25:00
5m,DEVELOPMENT,168,CLOSED,BTCUSDT,LONG,2024-05-27 00:55:00+00:00,2024-05-27 01:00:00+00:00,68821.72,68856.13085999999,2024-05-27 15:35:00+00:00,70233.25347719999,70198.1368504614,0.00019561737894628338,13.469455843215496,0.13469455843215497,68167.5695514,70233.25347719999,TP,0.27612047910479576,0.013469455843215496,0.013731975537599765,0.006731362240485361,0.006869422480039852,0.013600784720525214,0.23531826300345532,1.7470510000000041,0 days 14:35:00
5m,DEVELOPMENT,169,CLOSED,BTCUSDT,LONG,2024-05-28 22:05:00+00:00,2024-05-28 22:10:00+00:00,68585.29,68619.58264499999,2024-05-29 08:00:00+00:00,67933.38681854999,67899.42012514072,0.00019971760967913316,13.704539023039127,0.13704539023039128,67933.38681854999,69991.97429789999,SL,-0.1301965451414172,0.013704539023039126,0.013560709885992334,0.006848845088973895,0.006783746816402864,0.01363259190537676,-0.1710943859558254,-1.2484504999999877,0 days 09:50:00
5m,DEVELOPMENT,170,CLOSED,BTCUSDT,LONG,2024-05-29 21:45:00+00:00,2024-05-29 21:50:00+00:00,67691.46,67725.30573000001,2024-05-30 17:20:00+00:00,69079.81184460002,69045.27193867772,0.0001998309998702725,13.533615560545798,0.13533615560545798,67048.05267270001,69079.81184460002,TP,0.27743573727815696,0.013533615560545798,0.013797385727820837,0.006763426067239461,0.006902143935877997,0.013665570003117458,0.2364391659866729,1.7470510000000143,0 days 19:30:00
5m,DEVELOPMENT,171,CLOSED,BTCUSDT,LONG,2024-05-31 02:15:00+00:00,2024-05-31 02:20:00+00:00,68673.97,68708.306985,2024-05-31 09:15:00+00:00,68021.22391515,67987.21330319243,0.0002004098067294191,13.769818523569448,0.1376981852356945,68021.22391515,70082.4731247,SL,-0.1308167167081745,0.013769818523569448,0.013625304278164586,0.0068814685275213104,0.006816060169164839,0.01369752869668615,-0.1719093682065947,-1.2484504999999948,0 days 06:55:00
5m,DEVELOPMENT,172,CLOSED,BTCUSDT,LONG,2024-05-31 11:10:00+00:00,2024-05-31 11:15:00+00:00,68411.62,68445.82581,2024-05-31 14:20:00+00:00,67761.3675519,67727.48686812405,0.0001986692502000135,13.59808089299343,0.1359808089299343,67761.3675519,69814.7423262,SL,-0.1291851663047502,0.01359808089299343,0.013455369034021464,0.006795642625184019,0.006731050042031261,0.01352669266721528,-0.1697653088989804,-1.248450499999996,0 days 03:05:00
5m,DEVELOPMENT,173,CLOSED,BTCUSDT,LONG,2024-05-31 19:40:00+00:00,2024-05-31 19:45:00+00:00,67854.26,67888.18712999999,2024-06-03 08:25:00+00:00,69245.95087259999,69211.32789716369,0.0001978029720265361,13.428485179807636,0.13428485179807637,67209.30525869998,69245.95087259999,TP,0.27528059074248273,0.013428485179807636,0.013690206355962086,0.006710887146329941,0.006848527441702133,0.013559414588032073,0.23460248461868097,1.747050999999999,2 days 12:40:00
5m,DEVELOPMENT,174,CLOSED,BTCUSDT,LONG,2024-06-03 08:25:00+00:00,2024-06-03 08:30:00+00:00,69264.56,69299.19227999999,2024-06-03 14:55:00+00:00,68606.20035719998,68571.89725702138,0.0001971574681722945,13.662853296309814,0.13662853296309815,68606.20035719998,70685.17612559999,SL,-0.1298005203212674,0.013662853296309814,0.013519461650965042,0.006828012641832161,0.006763112381673416,0.013591125023505577,-0.17057396029204785,-1.2484505000000108,0 days 06:25:00
5m,DEVELOPMENT,175,CLOSED,BTCUSDT,LONG,2024-06-04 01:50:00+00:00,2024-06-04 01:55:00+00:00,69182.68,69217.27133999999,2024-06-04 16:00:00+00:00,70601.6167668,70566.3159584166,0.00019492894588835587,13.492449739574504,0.13492449739574505,68525.0986266,70601.6167668,TP,0.2765918482345568,0.013492449739574504,0.013755417584998812,0.006742853443065532,0.006881149367182856,0.013624002810248389,0.23571997809973508,1.7470510000000095,0 days 14:05:00
5m,DEVELOPMENT,176,CLOSED,BTCUSDT,LONG,2024-06-04 21:50:00+00:00,2024-06-04 21:55:00+00:00,70580.01,70615.300005,2024-06-07 17:55:00+00:00,69909.14700494999,69874.19243144752,0.00019440453035260929,13.727934233180633,0.13727934233180633,69909.14700494999,72027.6060051,SL,-0.1304188054836408,0.013727934233180633,0.0135838595634034,0.006860536848166733,0.006795327445424037,0.01365586429359077,-0.1713864635738156,-1.248450500000006,2 days 20:00:00
5m,DEVELOPMENT,177,CLOSED,BTCUSDT,LONG,2024-06-08 03:10:00+00:00,2024-06-08 03:15:00+00:00,69483.14,69517.88157,2024-06-11 01:50:00+00:00,68822.7027543,68788.29140292286,0.00019501053079709293,13.556718984855143,0.13556718984855143,68822.7027543,70908.23920139999,SL,-0.12879221784212688,0.013556718984855144,0.013414441219109091,0.006774972006424032,0.006710575897502215,0.013485547903926247,-0.16924892595001736,-1.2484504999999884,2 days 22:35:00
5m,DEVELOPMENT,178,CLOSED,BTCUSDT,LONG,2024-06-11 22:10:00+00:00,2024-06-11 22:15:00+00:00,67528.01,67561.77400499998,2024-06-12 12:30:00+00:00,68913.00948509999,68878.55298035745,0.00019815404991823431,13.387639138751233,0.13387639138751234,66886.15626494998,68913.00948509999,TP,0.274443257107233,0.013387639138751233,0.013648564225565495,0.00669047433220753,0.006827695960761578,0.013518170292969107,0.23388888344994713,1.7470510000000172,0 days 14:15:00
5m,DEVELOPMENT,179,CLOSED,BTCUSDT,LONG,2024-06-12 12:30:00+00:00,2024-06-12 12:35:00+00:00,69299.89,69334.539945,2024-06-12 18:50:00+00:00,68641.19454555,68606.87394827722,0.00019645755748546288,13.62129436697296,0.1362129436697296,68641.19454555,70721.2307439,SL,-0.12940570010802477,0.01362129436697296,0.013478338882591577,0.006807243561705114,0.006742540711651367,0.013549784273356482,-0.1700551176309458,-1.2484505000000004,0 days 06:15:00
5m,DEVELOPMENT,180,CLOSED,BTCUSDT,LONG,2024-06-13 08:05:00+00:00,2024-06-13 08:10:00+00:00,67735.99,67769.857995,2024-06-13 15:15:00+00:00,67092.15941505,67058.61333534248,0.00019848660647284883,13.451409134574412,0.13451409134574413,67092.15941505,69125.2551549,SL,-0.1277917479501553,0.013451409134574412,0.013310236595707054,0.0067223433955880705,0.006658447521613566,0.013380790917201638,-0.1679341845976384,-1.2484504999999886,0 days 07:05:00
5m,DEVELOPMENT,181,CLOSED,BTCUSDT,LONG,2024-06-13 22:45:00+00:00,2024-06-13 22:50:00+00:00,66976.25,67009.738125,2024-06-14 16:05:00+00:00,66339.64074375,66306.47092337813,0.00019823451170060744,13.283642716394953,0.13283642716394953,66339.64074375,68349.9328875,SL,-0.12619792505680522,0.013283642716394952,0.013144230886086388,0.006638502107144597,0.006575403144614455,0.013213905251759053,-0.1658397039110456,-1.2484504999999941,0 days 17:15:00
5m,DEVELOPMENT,182,CLOSED,BTCUSDT,LONG,2024-06-15 00:15:00+00:00,2024-06-15 00:20:00+00:00,66116.39,66149.44819499999,2024-06-17 13:05:00+00:00,65487.95371304999,65455.209736193465,0.00019830805916692943,13.117968686513791,0.13117968686513792,65487.95371304999,67472.4371589,SL,-0.12462398037512822,0.013117968686513791,0.01298029560514883,0.0065557064900100106,0.006493394499824062,0.013049100989834073,-0.1637713456566249,-1.2484505000000004,2 days 12:45:00
5m,DEVELOPMENT,183,CLOSED,BTCUSDT,LONG,2024-06-19 01:00:00+00:00,2024-06-19 01:05:00+00:00,65347.89,65380.563944999994,2024-06-19 20:15:00+00:00,64726.75830554999,64694.394926397224,0.0001981377976410951,12.954360948595088,0.1295436094859509,64726.75830554999,66688.17522389999,SL,-0.12306966598340595,0.012954360948595088,0.012818404930439583,0.006473943502545281,0.006412408669553216,0.012886352172098497,-0.16172878403453914,-1.2484504999999924,0 days 19:10:00
5m,DEVELOPMENT,184,CLOSED,BTCUSDT,LONG,2024-06-20 00:55:00+00:00,2024-06-20 01:00:00+00:00,65098.0,65130.549,2024-06-20 11:05:00+00:00,66433.15998,66399.94340001,0.00019641771685015842,12.792793731777369,0.1279279373177737,64479.24351,66433.15998,TP,0.2622490749013025,0.01279279373177737,0.013042125281609711,0.006393200265755623,0.0065243248032056346,0.012917525068961258,0.22349663081895418,1.7470510000000028,0 days 10:05:00
5m,DEVELOPMENT,185,CLOSED,BTCUSDT,LONG,2024-06-21 18:30:00+00:00,2024-06-21 18:35:00+00:00,64003.98,64035.98199,2024-06-23 23:35:00+00:00,63395.6221701,63363.924359014956,0.00020326177072245853,13.016067089238863,0.13016067089238864,63395.6221701,65316.7016298,SL,-0.12365588973834624,0.013016067089238864,0.012879463465137303,0.006504781154041806,0.006442953209172597,0.012947734363214402,-0.1624991546559368,-1.2484504999999906,2 days 05:00:00
5m,DEVELOPMENT,186,CLOSED,BTCUSDT,LONG,2024-06-24 23:35:00+00:00,2024-06-24 23:40:00+00:00,60317.56,60347.718779999996,2024-06-25 03:40:00+00:00,61554.673155599994,61523.8958190222,0.00021299446824592572,12.853730271400764,0.12853730271400765,59744.24159219999,61554.673155599994,TP,0.2634982587370604,0.012853730271400764,0.013104249474390366,0.006423653309045419,0.006555402438413867,0.012979055747459285,0.22456122324380998,1.7470510000000015,0 days 04:00:00
5m,DEVELOPMENT,187,CLOSED,BTCUSDT,LONG,2024-06-25 09:50:00+00:00,2024-06-25 09:55:00+00:00,61516.0,61546.757999999994,2024-06-26 17:05:00+00:00,60931.29041999999,60900.824774789995,0.0002124899439505525,13.078067157758218,0.1307806715775822,60931.29041999999,62777.693159999995,SL,-0.12424490588155315,0.013078067157758218,0.012940812842937546,0.006535765696029894,0.006473643243089314,0.013009408939119208,-0.16327319482136815,-1.248450499999999,1 days 07:10:00
5m,DEVELOPMENT,188,CLOSED,BTCUSDT,LONG,2024-06-27 01:20:00+00:00,2024-06-27 01:25:00+00:00,61065.34,61095.87266999999,2024-06-27 14:10:00+00:00,62317.79012339999,62286.631228338294,0.00021138837221918006,12.914957073021588,0.12914957073021588,60484.91394329999,62317.79012339999,TP,0.2647533928712353,0.012914957073021588,0.01316666958637478,0.006454251410803961,0.006586628107239601,0.013040879518043561,0.2256308866937953,1.747051000000007,0 days 12:45:00
5m,DEVELOPMENT,189,CLOSED,BTCUSDT,LONG,2024-06-27 17:10:00+00:00,2024-06-27 17:15:00+00:00,61870.01,61900.945005,2024-06-28 07:45:00+00:00,61281.93555495,61251.29458717253,0.00021228048381446792,13.140362554234171,0.13140362554234172,61281.93555495,63138.963905100005,SL,-0.12483672771413847,0.013140362554234172,0.013002454449227485,0.0065668978282028495,0.006504479464345239,0.013071377292548089,-0.1640509220101482,-1.2484504999999917,0 days 14:30:00
5m,DEVELOPMENT,190,CLOSED,BTCUSDT,LONG,2024-06-28 11:15:00+00:00,2024-06-28 11:20:00+00:00,61700.83,61731.680414999995,2024-06-28 14:15:00+00:00,61114.36361084999,61083.80642904457,0.0002102077155849768,12.976475519259001,0.12976475519259,61114.36361084999,62966.314023299994,SL,-0.12327975993059351,0.012976475519259002,0.012840287408684377,0.006484995261997139,0.0064233553820328216,0.01290835064402996,-0.16200487350256684,-1.248450500000002,0 days 02:55:00
5m,DEVELOPMENT,191,CLOSED,BTCUSDT,LONG,2024-06-29 00:20:00+00:00,2024-06-29 00:25:00+00:00,60694.05,60724.397025,2024-06-30 18:45:00+00:00,61938.8849655,61907.915523017255,0.00021102939043612362,12.814632488786907,0.1281463248878691,60117.15305475,61938.8849655,TP,0.26269676396303765,0.012814632488786908,0.013064389675993366,0.006404114187298852,0.006535462569280621,0.012939576756579472,0.22387816504167787,1.7470510000000101,1 days 18:20:00
5m,DEVELOPMENT,192,CLOSED,BTCUSDT,LONG,2024-06-30 18:45:00+00:00,2024-06-30 18:50:00+00:00,61957.39,61988.368695,2024-07-01 01:05:00+00:00,63228.1360689,63196.52200086555,0.00021033441069356177,13.038286999318057,0.13038286999318058,61368.48500805,63228.1360689,TP,0.26728162554324175,0.013038286999318057,0.013292403212934767,0.006515885556880162,0.006649526369651573,0.013165411926531735,0.22778552340445718,1.7470510000000081,0 days 06:15:00
5m,DEVELOPMENT,193,CLOSED,BTCUSDT,LONG,2024-07-01 01:05:00+00:00,2024-07-01 01:10:00+00:00,63306.34,63337.993169999994,2024-07-01 11:20:00+00:00,62704.61323829999,62673.260931680845,0.00020944529974531047,13.265844964757076,0.13265844964757076,62704.61323829999,64604.7530334,SL,-0.12602884196903222,0.013265844964757075,0.013126619921851952,0.0066296076785388024,0.006566593257554396,0.013196200936093198,-0.16561750779173445,-1.2484504999999995,0 days 10:10:00
5m,DEVELOPMENT,194,CLOSED,BTCUSDT,LONG,2024-07-01 15:55:00+00:00,2024-07-01 16:00:00+00:00,63132.9,63164.46645,2024-07-02 08:05:00+00:00,62532.8217855,62501.55537460725,0.0002074013071794273,13.10039290902108,0.1310039290902108,62532.8217855,64427.755779,SL,-0.12445700609719777,0.01310039290902108,0.012962904285440903,0.00654692299301371,0.006484694489965282,0.013031617482978992,-0.16355192077463873,-1.248450500000004,0 days 16:05:00
5m,DEVELOPMENT,195,CLOSED,BTCUSDT,LONG,2024-07-02 12:40:00+00:00,2024-07-02 12:45:00+00:00,62908.57,62940.024285,2024-07-02 14:15:00+00:00,62310.62404215,62279.46873012892,0.0002055449536879486,12.937004376778685,0.12937004376778685,62310.62404215,64198.8247707,SL,-0.12290477421417488,0.012937004376778685,0.012801230515844392,0.006465269553612495,0.006403817166505196,0.012869086720117691,-0.16151209582691564,-1.2484505000000021,0 days 01:30:00
5m,DEVELOPMENT,196,CLOSED,BTCUSDT,LONG,2024-07-03 00:05:00+00:00,2024-07-03 00:10:00+00:00,62208.71,62239.814354999995,2024-07-03 01:55:00+00:00,61617.41621144999,61586.60750334427,0.00020526497008535065,12.775653631696851,0.1277565363169685,61617.41621144999,63484.61064209999,SL,-0.1213719018183708,0.012775653631696852,0.012641573146832194,0.006384634498598275,0.006323948547689692,0.012708583046287966,-0.15949771164318785,-1.2484505000000028,0 days 01:45:00
5m,DEVELOPMENT,197,CLOSED,BTCUSDT,LONG,2024-07-04 00:15:00+00:00,2024-07-04 00:20:00+00:00,60400.0,60430.2,2024-07-04 01:30:00+00:00,59825.897999999994,59795.985050999996,0.00020877500419371335,12.616315258426935,0.12616315258426936,59825.897999999994,61638.804,SL,-0.11985814745762052,0.012616315258426936,0.012483907029789744,0.006305005126649535,0.006245076052920864,0.0125500811795704,-0.1575084509254076,-1.248450500000002,0 days 01:10:00
5m,DEVELOPMENT,198,CLOSED,BTCUSDT,LONG,2024-07-04 19:20:00+00:00,2024-07-04 19:25:00+00:00,58469.83,58499.064914999995,2024-07-04 23:00:00+00:00,57914.074265849995,57885.11722871707,0.0002129771506041065,12.458964158601356,0.12458964158601356,57914.074265849995,59669.0462133,SL,-0.11836327269116179,0.012458964158601355,0.012328207329756834,0.006226368894851896,0.006167187258507586,0.012393556153359481,-0.15554400033287946,-1.2484505000000004,0 days 03:35:00
5m,DEVELOPMENT,199,CLOSED,BTCUSDT,LONG,2024-07-05 23:35:00+00:00,2024-07-05 23:40:00+00:00,56823.65,56852.061825,2024-07-06 01:40:00+00:00,56283.54120675,56255.399436146625,0.0002164138845967034,12.303575546880197,0.12303575546880197,56283.54120675,57989.1030615,SL,-0.11688704205207053,0.012303575546880196,0.01217444952151569,0.0061487134167307785,0.0060902698957057706,0.012238983312436549,-0.15360405043290296,-1.2484504999999952,0 days 02:00:00
5m,DEVELOPMENT,200,CLOSED,BTCUSDT,LONG,2024-07-06 06:20:00+00:00,2024-07-06 06:25:00+00:00,56568.0,56596.284,2024-07-06 16:25:00+00:00,57728.20968,57699.345575160005,0.00021468061307783264,12.15012494704713,0.1215012494704713,56030.32116,57728.20968,TP,0.249074525401236,0.01215012494704713,0.01238693088226508,0.006072026460293344,0.0061965637229929585,0.012268590183286302,0.2122688793886375,1.7470510000000095,0 days 10:00:00
5m,DEVELOPMENT,201,CLOSED,BTCUSDT,LONG,2024-07-06 20:15:00+00:00,2024-07-06 20:20:00+00:00,57996.09,58025.088045,2024-07-07 05:05:00+00:00,57444.837164549994,57416.11474596772,0.00021304891015462143,12.362181769613201,0.12362181769613202,57444.837164549994,59185.589805899996,SL,-0.11744381581226794,0.012362181769613201,0.012232440671941111,0.006178001883864728,0.006119279975957602,0.01229728185982233,-0.1543357201136446,-1.248450499999998,0 days 08:45:00
5m,DEVELOPMENT,202,CLOSED,BTCUSDT,LONG,2024-07-07 10:30:00+00:00,2024-07-07 10:35:00+00:00,57886.01,57914.953004999996,2024-07-07 12:40:00+00:00,57335.80347494999,57307.13557321252,0.00021079185249419397,12.208000231038135,0.12208000231038135,57335.80347494999,59073.252065099994,SL,-0.11597905266968456,0.012208000231038135,0.01207987726861339,0.006100949640697394,0.006042960114362812,0.012143909755060207,-0.15241083992439627,-1.2484504999999961,0 days 02:05:00
5m,DEVELOPMENT,203,CLOSED,BTCUSDT,LONG,2024-07-07 20:20:00+00:00,2024-07-07 20:25:00+00:00,57310.0,57338.655,2024-07-07 21:10:00+00:00,56765.268449999996,56736.885815775,0.00021025504783282905,12.055741649695083,0.12055741649695083,56765.268449999996,58485.4281,SL,-0.11453255810130196,0.012055741649695082,0.011929216641081533,0.006024858395649472,0.0059675921165981945,0.011992450512247666,-0.15050996690432625,-1.248450499999998,0 days 00:45:00
5m,DEVELOPMENT,204,CLOSED,BTCUSDT,LONG,2024-07-08 21:25:00+00:00,2024-07-08 21:30:00+00:00,56603.44,56631.74172,2024-07-09 08:35:00+00:00,57764.3765544,57735.4943661228,0.00021022454335345938,11.905382042398054,0.11905382042398055,56065.4243028,57764.3765544,TP,0.24405735701107764,0.011905382042398055,0.012137417938404393,0.005949716163116594,0.006071744841622037,0.01202146100473863,0.20799309602553656,1.7470510000000077,0 days 11:05:00
5m,DEVELOPMENT,205,CLOSED,BTCUSDT,LONG,2024-07-09 22:45:00+00:00,2024-07-09 22:50:00+00:00,58127.94,58157.00397,2024-07-10 00:55:00+00:00,57575.433930299994,57546.64621333485,0.000208283895768795,12.113167353112877,0.12113167353112876,57575.433930299994,59320.1440494,SL,-0.11507811663302306,0.012113167353112877,0.011986039661741957,0.006053556898106469,0.005996017839790335,0.012049574737896803,-0.1512268983857747,-1.248450500000002,0 days 02:05:00
5m,DEVELOPMENT,206,CLOSED,BTCUSDT,LONG,2024-07-10 03:35:00+00:00,2024-07-10 03:40:00+00:00,58075.68,58104.71784,2024-07-10 04:25:00+00:00,59266.8121968,59237.178790701604,0.00020587126097899774,11.962091530549666,0.11962091530549666,57523.670661599994,59266.8121968,TP,0.24521988734789918,0.011962091530549666,0.01219523269448008,0.00597805673690581,0.0061006666805790135,0.012078723417484824,0.2089838397053846,1.7470510000000112,0 days 00:45:00
5m,DEVELOPMENT,207,CLOSED,BTCUSDT,LONG,2024-07-10 23:40:00+00:00,2024-07-10 23:45:00+00:00,57873.38,57902.31668999999,2024-07-11 03:15:00+00:00,57323.293523099994,57294.63187633845,0.00021019653946406563,12.17086659519041,0.12170866595190409,57323.293523099994,59060.3630238,SL,-0.11562627385036044,0.01217086659519041,0.012043133350273887,0.006082392101543381,0.006024578964618382,0.012106971066161763,-0.15194724486198646,-1.2484504999999904,0 days 03:30:00
5m,DEVELOPMENT,208,CLOSED,BTCUSDT,LONG,2024-07-11 07:15:00+00:00,2024-07-11 07:20:00+00:00,58168.01,58197.094005,2024-07-11 12:30:00+00:00,59361.0358851,59331.35536715745,0.00020652356189374712,12.019071145777836,0.12019071145777836,57615.12306495,59361.0358851,TP,0.2463879552222915,0.012019071145777837,0.012253322842409046,0.006006532306734927,0.006129726284346711,0.012136258591081639,0.209979302643023,1.7470509999999988,0 days 05:10:00
5m,DEVELOPMENT,209,CLOSED,BTCUSDT,LONG,2024-07-12 06:20:00+00:00,2024-07-12 06:25:00+00:00,57320.0,57348.659999999996,2024-07-12 10:20:00+00:00,56775.17339999999,56746.7858133,0.00021323672913870615,12.228840678887751,0.12228840678887752,56775.17339999999,58495.6332,SL,-0.11617704213176382,0.012228840678887751,0.012100498995962826,0.0061113646571145114,0.006053276136048404,0.012164640793162915,-0.1526710225997773,-1.2484504999999981,0 days 03:55:00
5m,DEVELOPMENT,210,CLOSED,BTCUSDT,LONG,2024-07-12 11:25:00+00:00,2024-07-12 11:30:00+00:00,57248.53,57277.154265,2024-07-12 16:35:00+00:00,58422.6973503,58393.48600162485,0.00021084012168131537,12.076322174792072,0.12076322174792072,56704.38272235,58422.6973503,TP,0.2475615870114793,0.012076322174792072,0.01231168969397877,0.006035143515637912,0.006158924309143481,0.012194067824781394,0.21097950731792706,1.7470510000000035,0 days 05:05:00
5m,DEVELOPMENT,211,CLOSED,BTCUSDT,LONG,2024-07-12 18:35:00+00:00,2024-07-12 18:40:00+00:00,58440.13,58469.35006499999,2024-07-12 19:20:00+00:00,57884.65656434999,57855.71423606782,0.00021014584392868986,12.28709091337142,0.1228709091337142,57884.65656434999,59638.73706629999,SL,-0.11673043391463907,0.01228709091337142,0.01215813789423559,0.006140475219074926,0.006082110002118549,0.012222585221193474,-0.15339824794343954,-1.2484504999999957,0 days 00:40:00
5m,DEVELOPMENT,212,CLOSED,BTCUSDT,LONG,2024-07-12 23:45:00+00:00,2024-07-12 23:50:00+00:00,57878.7,57907.63934999999,2024-07-13 22:50:00+00:00,59065.79213699999,59036.25924093149,0.00020953791324651754,12.133845910430923,0.12133845910430922,57328.56295649999,59065.79213699999,TP,0.2487408092183275,0.012133845910430922,0.012370334567225222,0.0060638910097092,0.006188261414319798,0.012252152424028998,0.21198447631664236,1.7470509999999986,0 days 23:00:00
5m,DEVELOPMENT,213,CLOSED,BTCUSDT,LONG,2024-07-14 04:10:00+00:00,2024-07-14 04:15:00+00:00,59670.0,59699.835,2024-07-14 21:20:00+00:00,60893.8317,60863.38478415,0.00020679485318584137,12.345618614043953,0.12345618614043953,59102.83665,60893.8317,TP,0.25308209672567916,0.012345618614043954,0.01258623472083167,0.006169724444799397,0.006296265493162342,0.01246598993796174,0.21568425345284178,1.7470510000000061,0 days 17:05:00
5m,DEVELOPMENT,214,CLOSED,BTCUSDT,LONG,2024-07-14 21:20:00+00:00,2024-07-14 21:25:00+00:00,60870.74,60901.17537,2024-07-15 02:25:00+00:00,62119.1988774,62088.1392779613,0.000206253612059181,12.561087398712129,0.12561087398712129,60292.1636163,62119.1988774,TP,0.25749915297110026,0.01256108739871213,0.012805902992113028,0.006277404996857479,0.006406154573342516,0.012683559570199995,0.21944860301007513,1.7470510000000072,0 days 05:00:00
5m,DEVELOPMENT,215,CLOSED,BTCUSDT,LONG,2024-07-15 05:45:00+00:00,2024-07-15 05:50:00+00:00,62958.01,62989.489004999996,2024-07-15 11:20:00+00:00,62359.59411494999,62328.41431789252,0.00020289602240358053,12.780316772348568,0.12780316772348568,62359.59411494999,64249.278785099996,SL,-0.12141620281976526,0.012780316772348569,0.01264618734782277,0.006386964903721161,0.006326256802311495,0.012713221706032656,-0.15955592864596926,-1.2484504999999977,0 days 05:30:00
5m,DEVELOPMENT,216,CLOSED,BTCUSDT,LONG,2024-07-15 13:20:00+00:00,2024-07-15 13:25:00+00:00,62868.99,62900.42449499999,2024-07-15 22:10:00+00:00,64158.43298489999,64126.35376840754,0.00020064920613115995,12.620920240234716,0.12620920240234715,62271.42025004999,64158.43298489999,TP,0.25872571127157695,0.012620920240234717,0.012866901975716891,0.006307306466882725,0.006436669322519632,0.012743975789402357,0.22049391326622297,1.747051,0 days 08:45:00
5m,DEVELOPMENT,217,CLOSED,BTCUSDT,LONG,2024-07-15 22:10:00+00:00,2024-07-15 22:15:00+00:00,64135.63,64167.69781499999,2024-07-16 05:50:00+00:00,63526.020836849995,63494.257826431574,0.0002001192861380719,12.841193879861315,0.12841193879861315,63526.020836849995,65451.05177129999,SL,-0.12199455055280584,0.012841193879861315,0.012706425550092172,0.00641738824580673,0.006356390970530529,0.01277377921633726,-0.16031594919909659,-1.248450499999989,0 days 07:35:00
5m,DEVELOPMENT,218,CLOSED,BTCUSDT,LONG,2024-07-16 18:20:00+00:00,2024-07-16 18:25:00+00:00,64743.99,64776.36199499999,2024-07-16 22:05:00+00:00,64128.598375049995,64096.53407586247,0.00019576644467057998,12.681038086455626,0.12681038086455626,64128.598375049995,66071.8892349,SL,-0.12047303049651316,0.012681038086455626,0.012547950591738275,0.006337350368042629,0.006277113852794772,0.012614464220837401,-0.15831648339554447,-1.2484504999999904,0 days 03:40:00
5m,DEVELOPMENT,219,CLOSED,BTCUSDT,LONG,2024-07-17 05:10:00+00:00,2024-07-17 05:15:00+00:00,65882.92,65915.86146,2024-07-17 07:30:00+00:00,65256.7028454,65224.07449397731,0.00018998279752415078,12.522879761385154,0.12522879761385153,65256.7028454,67234.1786892,SL,-0.11897048688852076,0.012522879761385153,0.012391452138289419,0.006258310725330259,0.006198825481884918,0.012457136207215176,-0.15634195499541054,-1.2484504999999904,0 days 02:15:00
5m,DEVELOPMENT,220,CLOSED,BTCUSDT,LONG,2024-07-18 06:10:00+00:00,2024-07-18 06:15:00+00:00,64919.68,64952.139839999996,2024-07-18 14:15:00+00:00,64302.618441599996,64270.4671323792,0.0001903970219090933,12.366693992158972,0.12366693992158972,64302.618441599996,66251.1826368,SL,-0.11748668305394487,0.012366693992158971,0.012236905538711262,0.006180256867644881,0.006121513526118115,0.012301770393762994,-0.1543920529785781,-1.2484504999999957,0 days 08:00:00
5m,DEVELOPMENT,221,CLOSED,BTCUSDT,LONG,2024-07-18 22:15:00+00:00,2024-07-18 22:20:00+00:00,63952.01,63983.986005,2024-07-19 01:15:00+00:00,63344.14614495,63312.47407187753,0.00019086738634947222,12.212456176995559,0.12212456176995559,63344.14614495,65263.6657251,SL,-0.11602138526970862,0.012212456176995559,0.012084286449417992,0.006103176500247045,0.006045165807611864,0.012148342307858908,-0.1524664702039811,-1.248450499999993,0 days 02:55:00
5m,DEVELOPMENT,222,CLOSED,BTCUSDT,LONG,2024-07-19 03:40:00+00:00,2024-07-19 03:45:00+00:00,64354.0,64386.176999999996,2024-07-19 07:35:00+00:00,63742.31522999999,63710.444072385,0.00018730949068380978,12.060142020947627,0.12060142020947627,63742.31522999999,65673.90054,SL,-0.11457436272774466,0.012060142020947627,0.011933570830437782,0.006027057481732206,0.005969770300368035,0.01199682778210024,-0.1505649033612303,-1.2484504999999961,0 days 03:50:00
5m,DEVELOPMENT,223,CLOSED,BTCUSDT,LONG,2024-07-19 12:40:00+00:00,2024-07-19 12:45:00+00:00,64258.32,64290.44916,2024-07-19 14:10:00+00:00,65576.2581432,65543.4700141284,0.0001852487840368865,11.90972753207527,0.11909727532075269,63647.5446684,65576.2581432,TP,0.24414643846363215,0.01190972753207527,0.012141848121675418,0.005951887822125974,0.006073961041358977,0.012025848863484952,0.20806901394639649,1.7470510000000015,0 days 01:25:00
5m,DEVELOPMENT,224,CLOSED,BTCUSDT,LONG,2024-07-19 19:00:00+00:00,2024-07-19 19:05:00+00:00,66932.0,66965.466,2024-07-20 00:35:00+00:00,66295.81134,66262.66343433001,0.00018095280162567484,12.117588684868874,0.12117588684868874,66295.81134,68304.77532,SL,-0.11512012038948387,0.012117588684868874,0.011990414591621177,0.006055766459204898,0.005998206399008282,0.01205397285821318,-0.1512820965241871,-1.2484504999999853,0 days 05:30:00
5m,DEVELOPMENT,225,CLOSED,BTCUSDT,LONG,2024-07-20 07:15:00+00:00,2024-07-20 07:20:00+00:00,66700.0,66733.34999999999,2024-07-21 18:05:00+00:00,66066.0165,66032.98349175,0.00017931750345682104,11.966457719310247,0.11966457719310247,66066.0165,68068.01699999999,SL,-0.11368433845281788,0.011966457719310247,0.011840869745546087,0.005980238740283416,0.005923396571058648,0.011903635311342064,-0.1493953012290163,-1.2484504999999908,1 days 10:45:00
5m,DEVELOPMENT,226,CLOSED,BTCUSDT,LONG,2024-07-22 00:30:00+00:00,2024-07-22 00:35:00+00:00,68324.0,68358.162,2024-07-22 05:30:00+00:00,67674.58038,67640.74308981,0.00017287199243502783,11.817211664136407,0.11817211664136407,67674.58038,69725.32523999999,SL,-0.11226646363579874,0.011817211664136407,0.011693190027721295,0.005905653005564837,0.0058495197737475566,0.011755172779312394,-0.14753203810696885,-1.2484504999999964,0 days 04:55:00
5m,DEVELOPMENT,227,CLOSED,BTCUSDT,LONG,2024-07-22 12:20:00+00:00,2024-07-22 12:25:00+00:00,67618.01,67651.819005,2024-07-22 14:20:00+00:00,66975.30081495,66941.81316454252,0.00017249834789838245,11.66982701068289,0.11669827010682891,66975.30081495,69004.8553851,SL,-0.11086627260024078,0.011669827010682891,0.011547352176205774,0.005831997506588635,0.005776564370288586,0.01160856187687722,-0.14569201366400666,-1.248450500000009,0 days 01:55:00
5m,DEVELOPMENT,228,CLOSED,BTCUSDT,LONG,2024-07-22 19:10:00+00:00,2024-07-22 19:15:00+00:00,67689.99,67723.834995,2024-07-23 04:40:00+00:00,67046.59664505,67013.07334672748,0.00017016579974150773,11.524280543486082,0.11524280543486082,67046.59664505,69078.3116949,SL,-0.1094835447934397,0.011524280543486082,0.011403333219182198,0.005759260641421002,0.0057045188690237674,0.01146377951044477,-0.14387493806655274,-1.248450499999983,0 days 09:25:00
5m,DEVELOPMENT,229,CLOSED,BTCUSDT,LONG,2024-07-24 03:35:00+00:00,2024-07-24 03:40:00+00:00,66013.3,66046.30665,2024-07-24 21:30:00+00:00,65385.8435835,65353.15066170825,0.00017231166909809924,11.380549336626391,0.11380549336626392,65385.8435835,67367.232783,SL,-0.10811806241342795,0.011380549336626392,0.011261110471338497,0.0056874309528360395,0.005633371921629985,0.011320802874466025,-0.14208052509585886,-1.2484505,0 days 17:50:00
5m,DEVELOPMENT,230,CLOSED,BTCUSDT,LONG,2024-07-25 09:25:00+00:00,2024-07-25 09:30:00+00:00,64462.0,64494.231,2024-07-25 13:55:00+00:00,63849.28869,63817.364045655006,0.00017425761305870976,11.238610750117044,0.11238610750117044,63849.28869,65784.11562,SL,-0.10676961037467496,0.011238610750117044,0.011120661530294567,0.005616497126495234,0.005563112321307172,0.011179609447802406,-0.14030849210288895,-1.2484504999999908,0 days 04:25:00
5m,DEVELOPMENT,231,CLOSED,BTCUSDT,LONG,2024-07-26 00:10:00+00:00,2024-07-26 00:15:00+00:00,66062.62,66095.65130999999,2024-07-26 03:05:00+00:00,67417.56433619998,67383.85555403189,0.0001679148659006979,11.098442426337934,0.11098442426337934,65434.69479689999,67417.56433619998,TP,0.22751529651593103,0.011098442426337934,0.011314751069227262,0.005546447989172905,0.005660205637430785,0.01120665362660369,0.19389544939376213,1.7470510000000088,0 days 02:50:00
5m,DEVELOPMENT,232,CLOSED,BTCUSDT,LONG,2024-07-26 06:40:00+00:00,2024-07-26 06:45:00+00:00,67152.01,67185.58600499999,2024-07-27 13:05:00+00:00,68529.2977251,68495.03307623745,0.00016807391057277796,11.29214417398405,0.1129214417398405,66513.73014495,68529.2977251,TP,0.23148613394144266,0.011292144173984052,0.011512228063935002,0.005643250461760364,0.005758993528731345,0.011402243990491709,0.19727951771303187,1.7470510000000157,1 days 06:20:00
5m,DEVELOPMENT,233,CLOSED,BTCUSDT,LONG,2024-07-27 13:05:00+00:00,2024-07-27 13:10:00+00:00,68530.0,68564.265,2024-07-27 19:40:00+00:00,67878.62235,67844.68303882501,0.0001675687270805252,11.489226609261806,0.11489226609261806,67878.62235,69935.5503,SL,-0.10915052365920301,0.011489226609261806,0.011368647175997606,0.005741742433414098,0.005687167171583918,0.011428909604998016,-0.14343730704946045,-1.248450499999986,0 days 06:30:00
5m,DEVELOPMENT,234,CLOSED,BTCUSDT,LONG,2024-07-28 11:15:00+00:00,2024-07-28 11:20:00+00:00,67709.99,67743.844995,2024-07-29 02:15:00+00:00,69098.72189490001,69064.17253395256,0.0001674828554101527,11.345932596225383,0.11345932596225383,67066.40654505,69098.72189490001,TP,0.23258878315700468,0.011345932596225383,0.011567064822525815,0.005670131232496696,0.005786425624075049,0.011456556856571744,0.19821922888168175,1.7470510000000021,0 days 14:55:00
5m,DEVELOPMENT,235,CLOSED,BTCUSDT,LONG,2024-07-29 05:15:00+00:00,2024-07-29 05:20:00+00:00,69552.0,69586.776,2024-07-29 14:00:00+00:00,68890.90824,68856.46278588001,0.00016589292488416752,11.543953803899392,0.11543953803899391,68890.90824,70978.51152,SL,-0.10967044568322139,0.011543953803899392,0.011422800008727469,0.005769092355771482,0.0057142571329294855,0.011483349488700967,-0.14412054898454923,-1.248450499999985,0 days 08:40:00
5m,DEVELOPMENT,236,CLOSED,BTCUSDT,LONG,2024-07-30 04:55:00+00:00,2024-07-30 05:00:00+00:00,66808.04,66841.44402,2024-07-30 14:00:00+00:00,66173.0295798,66139.9430650101,0.0001705525276814218,11.399977231487256,0.11399977231487256,66173.0295798,68178.2729004,SL,-0.10830263226915059,0.011399977231487257,0.011280334470442797,0.005697140045721069,0.005642988729586557,0.011340128775307625,-0.14232307274638828,-1.2484504999999955,0 days 09:00:00
5m,DEVELOPMENT,237,CLOSED,BTCUSDT,LONG,2024-07-31 00:55:00+00:00,2024-07-31 01:00:00+00:00,66344.01,66377.182005,2024-07-31 04:35:00+00:00,65713.41018495,65680.55347985752,0.00016960340887603074,11.257796339632725,0.11257796339632725,65713.41018495,67704.7256451,SL,-0.10695187826907358,0.011257796339632725,0.01113964576704828,0.005626085127252796,0.005572609188118326,0.011198694315371122,-0.1405480146911257,-1.2484504999999935,0 days 03:35:00
5m,DEVELOPMENT,238,CLOSED,BTCUSDT,LONG,2024-07-31 13:10:00+00:00,2024-07-31 13:15:00+00:00,66331.63,66364.795815,2024-07-31 19:25:00+00:00,65701.14785685,65668.29728292159,0.0001675193692080326,11.117388732548681,0.11117388732548682,65701.14785685,67692.09173130001,SL,-0.10561797091741688,0.011117388732548682,0.011000711737800584,0.005555916408070355,0.005503107422610013,0.011059023830680368,-0.13879509521844652,-1.2484504999999895,0 days 06:10:00
5m,DEVELOPMENT,239,CLOSED,BTCUSDT,LONG,2024-08-01 08:30:00+00:00,2024-08-01 08:35:00+00:00,64497.96,64530.208979999996,2024-08-01 15:00:00+00:00,63884.90689019999,63852.9644367549,0.00017013322081711654,10.978732293769015,0.10978732293769015,63884.90689019999,65820.8131596,SL,-0.10430070010222449,0.010978732293769016,0.01086351049834591,0.0054866228354662075,0.00543447248541489,0.010921095320881098,-0.13706403821522053,-1.2484504999999981,0 days 06:25:00
5m,DEVELOPMENT,240,CLOSED,BTCUSDT,LONG,2024-08-02 10:50:00+00:00,2024-08-02 10:55:00+00:00,64761.97,64794.350985,2024-08-02 12:30:00+00:00,64146.407475149994,64114.33427141242,0.00016732639524662878,10.841805182664901,0.10841805182664901,64146.407475149994,66090.2380047,SL,-0.10299985833206507,0.010841805182664902,0.010728020437272832,0.005418193494584512,0.00536669356541846,0.010784887060002971,-0.1353545710120058,-1.2484504999999992,0 days 01:35:00
5m,DEVELOPMENT,241,CLOSED,BTCUSDT,LONG,2024-08-03 07:00:00+00:00,2024-08-03 07:05:00+00:00,61872.6,61903.53629999999,2024-08-03 15:45:00+00:00,61284.50093699999,61253.858686531494,0.00017295596456909615,10.706585831004556,0.10706585831004556,61284.50093699999,63141.60702599999,SL,-0.10171524070334816,0.010706585831004556,0.010594220212708165,0.00535061760669788,0.005299759986346574,0.010650377593044453,-0.13366642434010534,-1.2484504999999981,0 days 08:40:00
5m,DEVELOPMENT,242,CLOSED,BTCUSDT,LONG,2024-08-04 02:05:00+00:00,2024-08-04 02:10:00+00:00,60940.0,60970.469999999994,2024-08-04 07:35:00+00:00,60360.76529999999,60330.584917349996,0.00017341268551080387,10.5730529395559,0.105730529395559,60360.76529999999,62189.8794,SL,-0.10044664486804625,0.010573052939555901,0.010462088748955262,0.005283884527513134,0.005233661205079533,0.010517545732592667,-0.13199933228915006,-1.2484504999999975,0 days 05:25:00
5m,DEVELOPMENT,243,CLOSED,BTCUSDT,LONG,2024-08-04 10:20:00+00:00,2024-08-04 10:25:00+00:00,60744.0,60774.371999999996,2024-08-04 14:30:00+00:00,60166.62828,60136.54496586,0.00017180244124499676,10.441185474731576,0.10441185474731576,60166.62828,61989.85944,SL,-0.09919387100182321,0.010441185474731576,0.010331605233174269,0.005217983745492312,0.005168386809992106,0.010386370555484418,-0.13035303226521347,-1.2484504999999975,0 days 04:05:00
5m,DEVELOPMENT,244,CLOSED,BTCUSDT,LONG,2024-08-08 06:40:00+00:00,2024-08-08 06:45:00+00:00,57178.01,57206.599005,2024-08-08 12:30:00+00:00,58350.730985099995,58321.55561960745,0.00018024079117821034,10.31096266527582,0.1031096266527582,56634.53301494999,58350.730985099995,TP,0.21137215818571303,0.01031096266527582,0.010511923327622047,0.005152904880196795,0.005258590959290441,0.010411495839487236,0.18013777635332795,1.7470510000000008,0 days 05:45:00
5m,DEVELOPMENT,245,CLOSED,BTCUSDT,LONG,2024-08-10 07:10:00+00:00,2024-08-10 07:15:00+00:00,60622.02,60652.331009999994,2024-08-11 15:05:00+00:00,60045.8076999,60015.78479605005,0.00017296813344372427,10.490920483810614,0.10490920483810615,60045.8076999,61865.3776302,SL,-0.09966636601561209,0.010490920483810614,0.010380818273333023,0.005242838822493649,0.005193005639485489,0.010435844461979139,-0.13097394923473488,-1.248450499999989,1 days 07:50:00
5m,DEVELOPMENT,246,CLOSED,BTCUSDT,LONG,2024-08-14 03:00:00+00:00,2024-08-14 03:05:00+00:00,60847.5,60877.923749999994,2024-08-14 13:40:00+00:00,60269.144512499995,60239.00994024375,0.0001701779025879149,10.36007737768201,0.1036007737768201,60269.144512499995,62095.48222499999,SL,-0.0984233238129618,0.010360077377682011,0.010251348365603239,0.0051774499638581346,0.005128238301952142,0.010305688265810277,-0.12934043782205734,-1.2484504999999941,0 days 10:35:00
5m,DEVELOPMENT,247,CLOSED,BTCUSDT,LONG,2024-08-15 11:25:00+00:00,2024-08-15 11:30:00+00:00,58736.38,58765.74818999999,2024-08-15 18:00:00+00:00,58178.09070809999,58149.00166274594,0.00017409573546155427,10.23086615108655,0.1023086615108655,58178.09070809999,59941.063153799994,SL,-0.09719578487364221,0.010230866151086551,0.010123493210830895,0.005112876637223579,0.005064278744787621,0.0101771553820112,-0.12772729961757087,-1.2484505000000008,0 days 06:30:00
5m,DEVELOPMENT,248,CLOSED,BTCUSDT,LONG,2024-08-16 04:55:00+00:00,2024-08-16 05:00:00+00:00,58310.0,58339.155,2024-08-16 12:35:00+00:00,57755.76345,57726.885568275,0.00017318156992793087,10.103266451168897,0.10103266451168898,57755.76345,59505.9381,SL,-0.0959835558404404,0.010103266451168897,0.00999723266976388,0.005049108671248623,0.00500111689332836,0.010050225564576982,-0.12613428052595016,-1.2484504999999981,0 days 07:35:00
5m,DEVELOPMENT,249,CLOSED,BTCUSDT,LONG,2024-08-17 01:35:00+00:00,2024-08-17 01:40:00+00:00,59307.94,59337.59397,2024-08-18 23:40:00+00:00,58744.2180303,58714.845921284854,0.0001681439625603883,9.977258178915202,0.09977258178915202,58744.2180303,60524.3458494,SL,-0.09478644576770577,0.009977258178915201,0.009872546854327488,0.004986136021446775,0.004938742798562153,0.009924878820008929,-0.12456112962095739,-1.2484504999999966,1 days 22:00:00
5m,DEVELOPMENT,250,CLOSED,BTCUSDT,LONG,2024-08-19 17:20:00+00:00,2024-08-19 17:25:00+00:00,58805.99,58835.392994999995,2024-08-20 00:25:00+00:00,60012.100854899996,59982.09480447255,0.00016746419093052539,9.852821485987175,0.09852821485987175,58247.03906505,60012.100854899996,TP,0.2019803784883525,0.009852821485987175,0.010044852976749067,0.004923948768608737,0.005024938957852502,0.009948887726461238,0.17213381629915503,1.7470510000000126,0 days 07:00:00
5m,DEVELOPMENT,251,CLOSED,BTCUSDT,LONG,2024-08-20 03:55:00+00:00,2024-08-20 04:00:00+00:00,60619.19,60649.499595,2024-08-20 14:20:00+00:00,60043.00459905,60012.983096750475,0.00016529045428856826,10.024783340431886,0.10024783340431886,60043.00459905,61862.4895869,SL,-0.09523794667746668,0.010024783340431886,0.009919573239274055,0.0050098867268523195,0.004962267753513835,0.009972154480366154,-0.12515445773753878,-1.248450500000002,0 days 10:20:00
5m,DEVELOPMENT,252,CLOSED,BTCUSDT,LONG,2024-08-21 06:05:00+00:00,2024-08-21 06:10:00+00:00,59426.19,59455.903095,2024-08-21 13:40:00+00:00,58861.34406405,58831.913392017974,0.0001665058202262037,9.899753912122659,0.0989975391212266,58861.34406405,60645.0211569,SL,-0.09405013586679327,0.00989975391212266,0.009795855994814931,0.004947403254433972,0.004900378186500503,0.009847781440934475,-0.12359352721466534,-1.2484505000000043,0 days 07:30:00
5m,DEVELOPMENT,253,CLOSED,BTCUSDT,LONG,2024-08-22 06:00:00+00:00,2024-08-22 06:05:00+00:00,60871.82,60902.25591,2024-08-22 15:35:00+00:00,60293.2333509,60263.086734224555,0.0001605241662872444,9.776283854965152,0.09776283854965152,60293.2333509,62120.3010282,SL,-0.09287713947170757,0.009776283854965153,0.009673681755907295,0.004885699077943628,0.004839260508207293,0.009724959586150921,-0.12205206466873095,-1.2484504999999921,0 days 09:30:00
5m,DEVELOPMENT,254,CLOSED,BTCUSDT,LONG,2024-08-23 00:20:00+00:00,2024-08-23 00:25:00+00:00,60618.1,60648.409049999995,2024-08-23 14:10:00+00:00,61861.377231,61830.4465423845,0.00015918560555268113,9.654353720430956,0.09654353720430957,60041.92495949999,61861.377231,TP,0.19791183888659564,0.009654353720430957,0.009842517074442156,0.004824764477975886,0.004923720397419064,0.00974848487539495,0.16866648321632755,1.7470510000000137,0 days 13:45:00
5m,DEVELOPMENT,255,CLOSED,BTCUSDT,LONG,2024-08-23 21:15:00+00:00,2024-08-23 21:20:00+00:00,63959.98,63991.95999,2024-08-26 09:30:00+00:00,63352.0403901,63320.36436990496,0.00015350134153098397,9.822851705662051,0.09822851705662052,63352.0403901,65271.799189800004,SL,-0.09331954568947315,0.009822851705662052,0.00971976087701113,0.004908971367147424,0.004862311594302035,0.00977128296144946,-0.12263344123359578,-1.2484504999999935,2 days 12:10:00
5m,DEVELOPMENT,256,CLOSED,BTCUSDT,LONG,2024-08-27 05:10:00+00:00,2024-08-27 05:15:00+00:00,63116.0,63147.558,2024-08-27 10:05:00+00:00,62516.08242,62484.82437879,0.00015361387015723967,9.700340775358761,0.09700340775358761,62516.08242,64410.50916,SL,-0.09215566123916563,0.009700340775358762,0.00959853569892137,0.004847746514421749,0.004801668683802532,0.009649415198224282,-0.12110395291167005,-1.248450499999997,0 days 04:50:00
5m,DEVELOPMENT,257,CLOSED,BTCUSDT,LONG,2024-08-29 01:05:00+00:00,2024-08-29 01:10:00+00:00,59307.0,59336.6535,2024-08-29 13:35:00+00:00,60523.38657,60493.124876715,0.00016144081676963855,9.579357805417033,0.09579357805417033,58743.286965,60523.38657,TP,0.1963744413684195,0.009579357805417034,0.00976605948904461,0.004787285260078533,0.004885472480762628,0.00967275774084116,0.1673562663331167,1.747051000000004,0 days 12:25:00
5m,DEVELOPMENT,258,CLOSED,BTCUSDT,LONG,2024-08-30 09:50:00+00:00,2024-08-30 09:55:00+00:00,59664.99,59694.82249499999,2024-08-30 13:45:00+00:00,59097.87427004999,59068.325332914974,0.00016327290165724605,9.746546882672893,0.09746546882672893,59097.87427004999,60888.71894489999,SL,-0.09259463080440442,0.009746546882672893,0.009644256873139242,0.004870838022324486,0.004824540706922187,0.009695378729246673,-0.12168081328946322,-1.2484504999999904,0 days 03:50:00
5m,DEVELOPMENT,259,OPEN,BTCUSDT,LONG,2024-08-30 22:05:00+00:00,2024-08-30 22:10:00+00:00,59220.99,59250.60049499999,,,,0.00016244540221072856,9.624987628637466,0.09624987628637467,58658.09449004999,60435.61250489999,END_OF_DATA,,0.009624987628637467,,0.004810088769932716,,,,,
5m,VALIDATION,1,CLOSED,BTCUSDT,LONG,2024-09-01 18:20:00+00:00,2024-09-01 18:25:00+00:00,58323.85,58353.011925,2024-09-01 22:20:00+00:00,57769.48180575,57740.59706484713,0.00034239912081487613,19.980019980019982,0.19980019980019983,57769.48180575,59520.0721635,SL,-0.18981518231892947,0.019980019980019983,0.019770329670329673,0.009985017481269473,0.00989010989010986,0.019875127371379333,-0.24944065934065843,-1.2484504999999952,0 days 03:55:00
5m,VALIDATION,2,CLOSED,BTCUSDT,LONG,2024-09-02 05:40:00+00:00,2024-09-02 05:45:00+00:00,57816.01,57844.918005,2024-09-02 20:50:00+00:00,59001.8163651,58972.31545691745,0.00034109873767029466,19.7308285121472,0.197308285121472,57266.468824949996,59001.8163651,TP,0.4044770542570097,0.0197308285121472,0.020115382359848947,0.009860484014065715,0.010062722541194492,0.019923206555260205,0.34470763682975336,1.747051000000003,0 days 15:05:00
5m,VALIDATION,3,CLOSED,BTCUSDT,LONG,2024-09-02 20:50:00+00:00,2024-09-02 20:55:00+00:00,59096.99,59126.53849499999,2024-09-03 13:40:00+00:00,58535.273110049995,58506.00547349497,0.0003395292925426549,20.0751917857034,0.200751917857034,58535.273110049995,60309.0692649,SL,-0.19071933825398485,0.0200751917857034,0.019864502647912445,0.010032579603048633,0.00993721993392198,0.019969799536970614,-0.25062883222457133,-1.2484504999999915,0 days 16:45:00
5m,VALIDATION,4,CLOSED,BTCUSDT,LONG,2024-09-04 19:55:00+00:00,2024-09-04 20:00:00+00:00,58058.0,58087.028999999995,2024-09-05 03:05:00+00:00,57506.158709999996,57477.405630645,0.0003412950132452566,19.824813331932603,0.19824813331932603,57506.158709999996,59248.76957999999,SL,-0.18834068037983082,0.019824813331932603,0.01961675191601397,0.009907452939494845,0.009813282599305227,0.01972073553880007,-0.24750298116657748,-1.248450499999991,0 days 07:05:00
5m,VALIDATION,5,CLOSED,BTCUSDT,LONG,2024-09-06 01:35:00+00:00,2024-09-06 01:40:00+00:00,56462.01,56490.241004999996,2024-09-06 07:20:00+00:00,55925.33859494999,55897.37592565252,0.0003465653050543481,19.577557606491467,0.1957755760649147,55925.33859494999,57620.045825099995,SL,-0.18599168920510187,0.019577557606491467,0.01937209113941134,0.00978388685981381,0.00969089101521179,0.0194747778750256,-0.24441611582603026,-1.2484504999999975,0 days 05:40:00
5m,VALIDATION,6,CLOSED,BTCUSDT,LONG,2024-09-06 12:30:00+00:00,2024-09-06 12:35:00+00:00,56414.0,56442.206999999995,2024-09-06 13:40:00+00:00,55877.784929999994,55849.846037535,0.00034253419010722464,19.333385662609324,0.19333385662609323,55877.784929999994,57571.051139999996,SL,-0.1836719947257407,0.019333385662609323,0.019130481780080238,0.00966186190035273,0.009570025902990753,0.019231887803343485,-0.2413677499717737,-1.2484504999999964,0 days 01:05:00
5m,VALIDATION,7,CLOSED,BTCUSDT,LONG,2024-09-06 23:45:00+00:00,2024-09-06 23:50:00+00:00,53891.98,53918.92599,2024-09-08 22:20:00+00:00,54997.30450980001,54969.805857545114,0.00035409197584539826,19.0922590392609,0.190922590392609,53379.736730100005,54997.30450980001,TP,0.3913865396254298,0.0190922590392609,0.019464367167936095,0.009541358840210401,0.009737052110020716,0.01927841095023112,0.3335515024680017,1.7470510000000197,1 days 22:30:00
5m,VALIDATION,8,CLOSED,BTCUSDT,LONG,2024-09-09 08:00:00+00:00,2024-09-09 08:05:00+00:00,55090.01,55117.555005,2024-09-09 16:20:00+00:00,56219.9061051,56191.79615204746,0.0003524372102805092,19.425477323444717,0.19425477323444718,54566.37945495,56219.9061051,TP,0.3982174311882572,0.01942547732344472,0.019804079876478656,0.009707884719362658,0.009906993434955462,0.01961487815431812,0.3393729958340157,1.747051000000008,0 days 08:15:00
5m,VALIDATION,9,CLOSED,BTCUSDT,LONG,2024-09-10 07:20:00+00:00,2024-09-10 07:25:00+00:00,57108.49,57137.044245,2024-09-10 14:10:00+00:00,56565.673802549994,56537.39096564872,0.0003459141358549788,19.764511285316864,0.19764511285316866,56565.673802549994,58279.785129899996,SL,-0.18776779586900352,0.019764511285316866,0.019557082739377465,0.009877316984166126,0.009783433086230591,0.019660750070396717,-0.24675013996409456,-1.2484504999999986,0 days 06:45:00
5m,VALIDATION,10,CLOSED,BTCUSDT,LONG,2024-09-10 23:20:00+00:00,2024-09-10 23:25:00+00:00,57806.01,57834.913005,2024-09-11 01:30:00+00:00,57256.56387495,57227.93559301253,0.00033747794601682394,19.518007648989098,0.195180076489891,57256.56387495,58991.6112651,SL,-0.18542594972877788,0.0195180076489891,0.01931316615871296,0.009754126761114033,0.009661413786247334,0.019415540547361367,-0.24367266408384128,-1.248450499999993,0 days 02:05:00
5m,VALIDATION,11,CLOSED,BTCUSDT,LONG,2024-09-11 11:20:00+00:00,2024-09-11 11:25:00+00:00,56744.0,56772.371999999996,2024-09-11 13:45:00+00:00,56204.648279999994,56176.54595586,0.00033950630800030885,19.27457841414011,0.1927457841414011,56204.648279999994,57907.81944,SL,-0.1831133111708184,0.019274578414140108,0.019072291713683708,0.00963247297058332,0.009540916314998064,0.019173389285581384,-0.24063357058422358,-1.2484504999999964,0 days 02:20:00
5m,VALIDATION,12,CLOSED,BTCUSDT,LONG,2024-09-12 00:20:00+00:00,2024-09-12 00:25:00+00:00,57664.12,57692.952059999996,2024-09-13 15:20:00+00:00,58846.81110119999,58817.3876956494,0.00032992219252254523,19.03418523673329,0.1903418523673329,57116.02253939999,58846.81110119999,TP,0.39019604118480444,0.01903418523673329,0.019405161506997226,0.009512336450139386,0.0097074344707323,0.019219770920871685,0.33253692352020225,1.747051000000005,1 days 14:55:00
5m,VALIDATION,13,CLOSED,BTCUSDT,LONG,2024-09-13 17:45:00+00:00,2024-09-13 17:50:00+00:00,59880.06,59910.000029999996,2024-09-15 23:00:00+00:00,59310.900029699995,59281.244579685146,0.000323258052843214,19.36638995553469,0.1936638995553469,59310.900029699995,61108.2000306,SL,-0.18398554375548046,0.01936638995553469,0.019163139692951355,0.009678355799866744,0.009586363027989224,0.019264718827855968,-0.24177979223182247,-1.2484504999999992,2 days 05:10:00
5m,VALIDATION,14,CLOSED,BTCUSDT,LONG,2024-09-16 07:30:00+00:00,2024-09-16 07:35:00+00:00,58921.07,58950.530535,2024-09-16 13:30:00+00:00,58361.02522965,58331.84471703517,0.00032442204553531667,19.124851701556846,0.19124851701556847,58361.02522965,60129.5411457,SL,-0.18169086998830467,0.019124851701556846,0.018924136382949003,0.009557647027264254,0.009466801592270539,0.01902444861953479,-0.2387643066923453,-1.2484505000000017,0 days 05:55:00
5m,VALIDATION,15,CLOSED,BTCUSDT,LONG,2024-09-16 20:10:00+00:00,2024-09-16 20:15:00+00:00,58164.16,58193.24208,2024-09-16 21:00:00+00:00,57611.3096592,57582.50400437041,0.0003245450029177239,18.88632592064541,0.1888632592064541,57611.3096592,59357.1069216,SL,-0.1794248154680017,0.018886325920645413,0.01868811393010824,0.009438443738453522,0.009348731330717385,0.01878717506917091,-0.23578643038792627,-1.2484504999999948,0 days 00:45:00
5m,VALIDATION,16,CLOSED,BTCUSDT,LONG,2024-09-16 23:00:00+00:00,2024-09-16 23:05:00+00:00,58069.99,58099.02499499999,2024-09-17 10:35:00+00:00,59261.0054949,59231.37499215255,0.00032101700575426327,18.650775041137,0.18650775041137,57518.03474504999,59261.0054949,TP,0.38233622797972966,0.018650775041136998,0.019014278646688764,0.009320727156988248,0.009511895270978121,0.01883262242796637,0.32583855186393756,1.7470510000000172,0 days 11:30:00
5m,VALIDATION,17,CLOSED,BTCUSDT,LONG,2024-09-17 12:40:00+00:00,2024-09-17 12:45:00+00:00,59310.0,59339.655,2024-09-17 15:00:00+00:00,60526.4481,60496.184875950006,0.0003197910078843922,18.97628807996211,0.18976288079962111,58746.25845,60526.4481,TP,0.38900916393805435,0.01897628807996211,0.019346135934640577,0.009483402338811278,0.009677906920779139,0.019161309259590417,0.33152543066386125,1.7470510000000126,0 days 02:15:00
5m,VALIDATION,18,CLOSED,BTCUSDT,LONG,2024-09-18 02:55:00+00:00,2024-09-18 03:00:00+00:00,60352.0,60382.176,2024-09-18 09:50:00+00:00,59778.35424,59748.46506288,0.00031975466264066977,19.307482316389546,0.19307482316389546,59778.35424,61589.81952,SL,-0.18342590646405044,0.019307482316389547,0.019104850289479038,0.009648916699844683,0.009557203746612716,0.0192061204464574,-0.2410443595163764,-1.2484504999999975,0 days 06:50:00
5m,VALIDATION,19,CLOSED,BTCUSDT,LONG,2024-09-18 23:00:00+00:00,2024-09-18 23:05:00+00:00,60838.15,60868.569075,2024-09-19 00:00:00+00:00,62085.9404565,62054.89748627175,0.0003132434202114375,19.066678760429134,0.19066678760429134,60259.883384249995,62085.9404565,TP,0.3908621503012506,0.019066678760429136,0.019438288329469897,0.009528575092667598,0.009724006167818555,0.01925258126048615,0.3331046019508654,1.747051000000003,0 days 00:55:00
5m,VALIDATION,20,CLOSED,BTCUSDT,LONG,2024-09-19 08:15:00+00:00,2024-09-19 08:20:00+00:00,62182.0,62213.09099999999,2024-09-19 14:30:00+00:00,63457.35281999999,63425.624143589994,0.00031182264502096325,19.399450590549883,0.19399450590549883,61590.96008999999,63457.35281999999,TP,0.3976838896673422,0.019399450590549882,0.0197775458825597,0.009694877856344609,0.009893719801180137,0.019588597657524746,0.3389182955367079,1.7470510000000012,0 days 06:10:00
5m,VALIDATION,21,CLOSED,BTCUSDT,LONG,2024-09-20 03:40:00+00:00,2024-09-20 03:45:00+00:00,63371.18,63402.865589999994,2024-09-20 13:40:00+00:00,62768.83693409999,62737.45251563295,0.0003113113283239975,19.73803030637077,0.1973803030637077,62768.83693409999,64670.9229018,SL,-0.18751621995208057,0.019738030306370773,0.01953087967830541,0.009864083111627604,0.00977032500165203,0.019634408113279635,-0.2464195380500364,-1.2484504999999948,0 days 09:55:00
5m,VALIDATION,22,CLOSED,BTCUSDT,LONG,2024-09-20 21:05:00+00:00,2024-09-20 21:10:00+00:00,63200.0,63231.6,2024-09-22 10:40:00+00:00,62599.284,62567.984358,0.00030826132727442327,19.491856941685423,0.19491856941685423,62599.284,64496.231999999996,SL,-0.18517751147498254,0.019491856941685422,0.019287289903082434,0.009741057941871327,0.009648469186133707,0.019389527128005034,-0.24334618544775544,-1.2484504999999952,1 days 13:30:00
5m,VALIDATION,23,CLOSED,BTCUSDT,LONG,2024-09-22 17:05:00+00:00,2024-09-22 17:10:00+00:00,62865.98,62897.41299,2024-09-23 03:05:00+00:00,64155.3612498,64123.2835691751,0.0003060341108525461,19.248753859320033,0.19248753859320034,62268.438860099996,64155.3612498,TP,0.39459464433248675,0.019248753859320032,0.01962391207203818,0.0096195671460851,0.009816864468252534,0.019436431614337633,0.3362855467867909,1.7470510000000086,0 days 09:55:00
5m,VALIDATION,24,CLOSED,BTCUSDT,LONG,2024-09-23 03:05:00+00:00,2024-09-23 03:10:00+00:00,64180.0,64212.09,2024-09-23 06:25:00+00:00,63569.969099999995,63538.18411545,0.00030500024927563696,19.584703456509633,0.19584703456509633,63569.969099999995,65496.3318,SL,-0.18605957656584274,0.019584703456509634,0.01937916199373357,0.009787457999254125,0.00969442821097074,0.019481886210224866,-0.24450532822631083,-1.248450499999995,0 days 03:15:00
5m,VALIDATION,25,CLOSED,BTCUSDT,LONG,2024-09-23 18:40:00+00:00,2024-09-23 18:45:00+00:00,63548.01,63579.784005,2024-09-24 00:40:00+00:00,62943.98616495,62912.51417186753,0.00030419169696816725,19.34044238935049,0.1934044238935049,62943.98616495,64851.3796851,SL,-0.18373903539307995,0.01934044238935049,0.019137464446474253,0.00966538850042482,0.009573518982727633,0.019238907483152455,-0.24145584971205714,-1.2484504999999948,0 days 05:55:00
5m,VALIDATION,26,CLOSED,BTCUSDT,LONG,2024-09-24 05:50:00+00:00,2024-09-24 05:55:00+00:00,63223.99,63255.601995,2024-09-24 20:05:00+00:00,64520.7140349,64488.45367788255,0.0003019373328512975,19.09922775427351,0.1909922775427351,62623.045975049994,64520.7140349,TP,0.39152939654187835,0.01909922775427351,0.0194714717032043,0.00954484145640834,0.00974060615467857,0.019285447611086907,0.3336732494733136,1.747051000000004,0 days 14:10:00
5m,VALIDATION,27,CLOSED,BTCUSDT,LONG,2024-09-24 22:10:00+00:00,2024-09-24 22:15:00+00:00,64457.99,64490.218994999996,2024-09-25 06:55:00+00:00,63845.316805049995,63813.39414664747,0.0003013258129165896,19.43256766383726,0.1943256766383726,63845.316805049995,65780.0233749,SL,-0.18461424852051372,0.01943256766383726,0.01922862286620529,0.009711428117858998,0.009619120993599043,0.01933054911145804,-0.24260598816201434,-1.2484504999999986,0 days 08:40:00
5m,VALIDATION,28,CLOSED,BTCUSDT,LONG,2024-09-26 03:45:00+00:00,2024-09-26 03:50:00+00:00,63529.35,63561.114675,2024-09-26 14:10:00+00:00,64832.3369685,64799.92080001575,0.0003019173615412966,19.190204039299786,0.19190204039299785,62925.503528249996,64832.3369685,TP,0.3933943876522129,0.019190204039299788,0.01956422111602574,0.009590306866216343,0.009787004060042126,0.019377310926258468,0.33526265157062896,1.7470510000000086,0 days 10:20:00
5m,VALIDATION,29,CLOSED,BTCUSDT,LONG,2024-09-27 00:15:00+00:00,2024-09-27 00:20:00+00:00,65195.35,65227.947674999996,2024-09-30 02:10:00+00:00,64575.668198249994,64543.38036415087,0.0002993369017285515,19.525131763146575,0.19525131763146575,64575.668198249994,66532.50662849999,SL,-0.18549363059341284,0.019525131763146575,0.01932021550529235,0.009757687038053438,0.00966494022275691,0.01942262726081035,-0.2437616051226621,-1.2484504999999992,3 days 01:50:00
5m,VALIDATION,30,CLOSED,BTCUSDT,LONG,2024-09-30 20:50:00+00:00,2024-09-30 20:55:00+00:00,63824.0,63855.912,2024-09-30 23:30:00+00:00,63217.35288,63185.74420356,0.0003019550276896985,19.281613676110947,0.19281613676110948,63217.35288,65133.03024,SL,-0.18318014791747628,0.019281613676110948,0.019079253140580166,0.00963598884363264,0.009544398769673465,0.019180387613306104,-0.2407214023474735,-1.2484504999999895,0 days 02:35:00
5m,VALIDATION,31,CLOSED,BTCUSDT,LONG,2024-10-01 03:40:00+00:00,2024-10-01 03:45:00+00:00,63737.19,63769.058595,2024-10-01 13:30:00+00:00,63131.36800905,63099.80232504548,0.00029859516784803026,19.041132754684902,0.19041132754684903,63131.36800905,65044.4397669,SL,-0.1808955190737443,0.019041132754684904,0.018841296066424484,0.009515808473105873,0.009425360713567362,0.018941169186673233,-0.23771911708152693,-1.2484504999999972,0 days 09:45:00
5m,VALIDATION,32,CLOSED,BTCUSDT,LONG,2024-10-02 03:40:00+00:00,2024-10-02 03:45:00+00:00,61867.97,61898.903985,2024-10-02 09:45:00+00:00,61279.91494515,61249.274987677425,0.0003037800333879179,18.803651119238822,0.18803651119238823,61279.91494515,63136.882064699996,SL,-0.17863938419626785,0.01880365111923882,0.018606306800742413,0.009397126996120145,0.009307807304022567,0.018704934300142712,-0.2347542764163918,-1.2484504999999952,0 days 06:00:00
5m,VALIDATION,33,CLOSED,BTCUSDT,LONG,2024-10-03 00:35:00+00:00,2024-10-03 00:40:00+00:00,61089.56,61120.104779999994,2024-10-03 08:15:00+00:00,60508.90373219999,60478.6492803339,0.00030381380119386467,18.569131362579096,0.18569131362579097,60508.90373219999,62342.5068756,SL,-0.17641138790736202,0.018569131362579098,0.018374248328928828,0.009279925718429281,0.009191720024474926,0.018471645742904205,-0.23182641334177417,-1.2484504999999926,0 days 07:35:00
5m,VALIDATION,34,CLOSED,BTCUSDT,LONG,2024-10-03 19:30:00+00:00,2024-10-03 19:35:00+00:00,60904.79,60935.242395,2024-10-04 16:30:00+00:00,62153.9472429,62122.87026927855,0.00030093482561678494,18.337536544055848,0.1833753654405585,60325.88997105,62153.9472429,TP,0.3759149170600556,0.018337536544055847,0.018694935131299495,0.00916418617893853,0.009352143637468398,0.018516329816406926,0.3203661155682933,1.7470510000000008,0 days 20:55:00
5m,VALIDATION,35,CLOSED,BTCUSDT,LONG,2024-10-04 18:55:00+00:00,2024-10-04 19:00:00+00:00,62344.99,62376.162495,2024-10-05 03:00:00+00:00,61752.40087005,61721.52466961498,0.0002991139862932448,18.65758261355464,0.1865758261355464,61752.40087005,63623.685744899994,SL,-0.17725169689339015,0.018657582613554644,0.018461771284025385,0.00932412924215591,0.009235503393708357,0.018559632635864267,-0.23293068342683443,-1.2484504999999917,0 days 08:00:00
5m,VALIDATION,36,CLOSED,BTCUSDT,LONG,2024-10-05 06:35:00+00:00,2024-10-05 06:40:00+00:00,62213.79,62244.896895,2024-10-07 00:45:00+00:00,63489.7948329,63458.049935483556,0.00029600634826649184,18.424884628113247,0.18424884628113247,61622.44792605,63489.7948329,TP,0.3777055309571236,0.018424884628113248,0.018783985629515176,0.009207838394858356,0.009396691160335851,0.018604529555194205,0.321892131144301,1.7470510000000121,1 days 18:05:00
5m,VALIDATION,37,CLOSED,BTCUSDT,LONG,2024-10-07 06:40:00+00:00,2024-10-07 06:45:00+00:00,63660.0,63691.829999999994,2024-10-07 10:20:00+00:00,63054.9117,63023.38424415,0.0002943306102006641,18.746455188696963,0.18746455188696964,63054.9117,64965.6666,SL,-0.17809600856428343,0.018746455188696963,0.018549711141491593,0.009368543322685512,0.009279495318403533,0.018648038641089045,-0.23404021353556104,-1.2484504999999886,0 days 03:35:00
5m,VALIDATION,38,CLOSED,BTCUSDT,LONG,2024-10-08 09:55:00+00:00,2024-10-08 10:00:00+00:00,62537.37,62568.638685,2024-10-08 15:30:00+00:00,61942.95229815,61911.98082200093,0.0002958774422881394,18.512648781568533,0.18512648781568533,61942.95229815,63820.0114587,SL,-0.17587478927417327,0.01851264878156853,0.018318358532605973,0.009251698541512166,0.009163761146874536,0.018415459688386704,-0.23112125627673447,-1.2484504999999904,0 days 05:30:00
5m,VALIDATION,39,CLOSED,BTCUSDT,LONG,2024-10-08 20:55:00+00:00,2024-10-08 21:00:00+00:00,62400.02,62431.22000999999,2024-10-09 12:40:00+00:00,61806.90780989999,61776.00435599504,0.00029283038858970577,18.281758415657713,0.18281758415657712,61806.90780989999,63679.84441019999,SL,-0.17368127310427675,0.018281758415657712,0.018089891361085384,0.009136311052300713,0.009049470415749461,0.018185781468050173,-0.22823870434907,-1.2484504999999957,0 days 15:40:00
5m,VALIDATION,40,CLOSED,BTCUSDT,LONG,2024-10-10 02:30:00+00:00,2024-10-10 02:35:00+00:00,60910.66,60941.11533,2024-10-10 16:55:00+00:00,60331.7041767,60301.53832461165,0.00029624905327446194,18.0537477220023,0.180537477220023,60331.7041767,62159.9376366,SL,-0.1715151145403635,0.0180537477220023,0.017864273639659884,0.009022362679660445,0.008936605122391203,0.017958967802051647,-0.22539210370407733,-1.2484505000000057,0 days 14:20:00
5m,VALIDATION,41,CLOSED,BTCUSDT,LONG,2024-10-10 21:55:00+00:00,2024-10-10 22:00:00+00:00,60198.78,60228.879389999995,2024-10-11 12:30:00+00:00,61433.45697779999,61402.74024931109,0.0002960138220369269,17.828580785234994,0.17828580785234993,59626.590596099995,61433.45697779999,TP,0.36548145117957825,0.017828580785234995,0.018176059824739223,0.008909835474878803,0.009092576200469882,0.018002411675348683,0.3114743988942554,1.7470509999999977,0 days 14:30:00
5m,VALIDATION,42,CLOSED,BTCUSDT,LONG,2024-10-11 12:30:00+00:00,2024-10-11 12:35:00+00:00,61414.45,61445.157224999995,2024-10-11 17:30:00+00:00,62674.060369499995,62642.72333931525,0.0002952184491036363,18.13974402089359,0.18139744020893592,60830.705652749995,62674.060369499995,TP,0.3718602197586478,0.01813974402089359,0.01849328763186081,0.009065339340775903,0.009251269450654628,0.01831660879143053,0.31691057931446287,1.7470510000000063,0 days 04:55:00
5m,VALIDATION,43,CLOSED,BTCUSDT,LONG,2024-10-11 17:30:00+00:00,2024-10-11 17:35:00+00:00,62684.02,62715.36200999999,2024-10-13 15:25:00+00:00,62088.20838989999,62057.16428570505,0.00029428735503878397,18.456338006222733,0.18456338006222733,62088.20838989999,63969.66925019999,SL,-0.17533982283772973,0.018456338006222733,0.018262638738847425,0.009223557224497065,0.009135887313078855,0.01835944453757592,-0.2304182441203758,-1.2484504999999895,1 days 21:50:00
5m,VALIDATION,44,CLOSED,BTCUSDT,LONG,2024-10-13 19:50:00+00:00,2024-10-13 19:55:00+00:00,62721.94,62753.30097,2024-10-14 03:40:00+00:00,64008.3669894,63976.3628059053,0.0002904412942176805,18.226149950158423,0.18226149950158424,62125.7679603,64008.3669894,TP,0.373631519717889,0.01822614995015842,0.018581377612687015,0.009108520714720186,0.009295336474579901,0.018403857189300085,0.31842013496574345,1.7470510000000066,0 days 07:45:00
5m,VALIDATION,45,CLOSED,BTCUSDT,LONG,2024-10-14 10:20:00+00:00,2024-10-14 10:25:00+00:00,64959.9,64992.379949999995,2024-10-14 14:45:00+00:00,66292.227549,66259.08143522551,0.0002853296339872108,18.544251983091236,0.18544251983091237,64342.456150499995,66292.227549,TP,0.38015253190724807,0.018544251983091238,0.018905679454241688,0.009267492245421066,0.009457568511374198,0.018725060756795264,0.3239775397131199,1.7470510000000248,0 days 04:20:00
5m,VALIDATION,46,CLOSED,BTCUSDT,LONG,2024-10-14 18:40:00+00:00,2024-10-14 18:45:00+00:00,65957.99,65990.968995,2024-10-15 03:55:00+00:00,65331.05930505,65298.39377539748,0.00028591648457758074,18.867905868918527,0.18867905868918528,65331.05930505,67310.7883749,SL,-0.17924982037388432,0.018867905868918528,0.018669887196824227,0.009429238315300945,0.00933961340511338,0.018768851720414325,-0.23555646516004142,-1.2484504999999932,0 days 09:10:00
5m,VALIDATION,47,CLOSED,BTCUSDT,LONG,2024-10-16 05:35:00+00:00,2024-10-16 05:40:00+00:00,67242.64,67276.26131999999,2024-10-18 15:25:00+00:00,68621.78654639999,68587.47565312679,0.00027695630463584305,18.6325847249025,0.186325847249025,66603.49870679999,68621.78654639999,TP,0.38196333104222707,0.0186325847249025,0.01899573380119085,0.009311636544176698,0.009502618209700091,0.01881425475387679,0.3255207577622569,1.7470510000000028,2 days 09:45:00
5m,VALIDATION,48,CLOSED,BTCUSDT,LONG,2024-10-18 18:35:00+00:00,2024-10-18 18:40:00+00:00,68926.01,68960.47300499999,2024-10-18 21:50:00+00:00,68270.86827494999,68236.73284081252,0.0002749079213207836,18.957780287102562,0.18957780287102563,68270.86827494999,70339.68246509999,SL,-0.18010364980401034,0.01895778028710256,0.01875881838298942,0.009474153067017165,0.009384101242113875,0.018858254309131038,-0.23667850278323335,-1.2484505,0 days 03:10:00
5m,VALIDATION,49,CLOSED,BTCUSDT,LONG,2024-10-19 03:05:00+00:00,2024-10-19 03:10:00+00:00,68626.27,68660.583135,2024-10-21 13:15:00+00:00,67973.97730365,67939.99031499817,0.00027266500474617704,18.721338226380055,0.18721338226380055,67973.97730365,70033.7947977,SL,-0.1778573911461712,0.018721338226380054,0.018524857781694198,0.009355991117628326,0.009267062422058985,0.01862305353968731,-0.23372664069393276,-1.248450499999999,2 days 10:05:00
5m,VALIDATION,50,CLOSED,BTCUSDT,LONG,2024-10-22 05:05:00+00:00,2024-10-22 05:10:00+00:00,67591.99,67625.785995,2024-10-22 08:30:00+00:00,66949.52813505,66916.05337098248,0.0002733845500915966,18.48784507883367,0.1848784507883367,66949.52813505,68978.3017149,SL,-0.17563914790036506,0.018487845078833668,0.01829381514473131,0.00923930288797097,0.009151483314021183,0.01839078620199215,-0.2308115943259222,-1.2484504999999884,0 days 03:20:00
5m,VALIDATION,51,CLOSED,BTCUSDT,LONG,2024-10-22 18:00:00+00:00,2024-10-22 18:05:00+00:00,67453.63,67487.356815,2024-10-23 07:45:00+00:00,66812.48324685001,66779.07700522659,0.0002705286579169023,18.25726406552106,0.1825726406552106,66812.48324685001,68837.10395130001,SL,-0.17344857065744754,0.01825726406552106,0.01806565407915342,0.009124069997762137,0.009037345712432338,0.018161415710194473,-0.2279329045123165,-1.2484504999999917,0 days 13:40:00
5m,VALIDATION,52,CLOSED,BTCUSDT,LONG,2024-10-23 23:05:00+00:00,2024-10-23 23:10:00+00:00,66659.99,66693.319995,2024-10-24 19:25:00+00:00,68027.1863949,67993.17280170255,0.0002703353029592729,18.02955886620806,0.1802955886620806,66026.38679505,68027.1863949,TP,0.3696014516201148,0.01802955886620806,0.018380954968510454,0.009010274295954098,0.009195075021766374,0.01820534931772047,0.3149855884676758,1.747050999999996,0 days 20:15:00
5m,VALIDATION,53,CLOSED,BTCUSDT,LONG,2024-10-24 19:25:00+00:00,2024-10-24 19:30:00+00:00,68094.0,68128.04699999999,2024-10-25 07:10:00+00:00,67446.76653,67413.043146735,0.0002692610546102722,18.34422978375819,0.18344229783758192,67446.76653,69490.60793999999,SL,-0.17427476671126774,0.01834422978375819,0.01815170709217765,0.009167531126313619,0.009080393742958819,0.018247924869272437,-0.229018628456476,-1.2484504999999886,0 days 11:40:00
5m,VALIDATION,54,CLOSED,BTCUSDT,LONG,2024-10-25 11:05:00+00:00,2024-10-25 11:10:00+00:00,67953.91,67987.886955,2024-10-25 17:40:00+00:00,67308.00808545,67274.35408140728,0.00026645099232353893,18.115439945140338,0.18115439945140338,67308.00808545,69347.64469409999,SL,-0.17210120607552276,0.018115439945140338,0.017925318402916092,0.009053193375879828,0.00896714277284334,0.01802033614872317,-0.22616230057230235,-1.2484504999999895,0 days 06:30:00
5m,VALIDATION,55,CLOSED,BTCUSDT,LONG,2024-10-26 05:00:00+00:00,2024-10-26 05:05:00+00:00,67074.99,67108.527495,2024-10-28 07:10:00+00:00,68450.6980449,68416.47269587756,0.0002665757132320497,17.889503580932246,0.17889503580932245,66437.44222005,68450.6980449,TP,0.36673035326828385,0.017889503580932248,0.018238170005724617,0.008940281649640463,0.0091236468262726,0.018063928475913062,0.3125387512057139,1.7470510000000072,2 days 02:05:00
5m,VALIDATION,56,CLOSED,BTCUSDT,LONG,2024-10-28 07:10:00+00:00,2024-10-28 07:15:00+00:00,68450.0,68484.22499999999,2024-10-28 19:20:00+00:00,69853.9095,69818.98254525,0.0002657798946489251,18.20173010561328,0.18201730105613279,67799.38274999999,69853.9095,TP,0.3731309190066236,0.01820173010561328,0.018556481825371684,0.00909631689435714,0.009282882353862968,0.01837919924822011,0.31799350782741853,1.747051000000004,0 days 12:05:00
5m,VALIDATION,57,CLOSED,BTCUSDT,LONG,2024-10-28 22:00:00+00:00,2024-10-28 22:05:00+00:00,69895.02,69929.96751,2024-10-29 02:20:00+00:00,71328.56686020001,71292.9025767699,0.00026482789277659005,18.519405937608706,0.18519405937608707,69230.6678349,71328.56686020001,TP,0.3796431941832639,0.018519405937608705,0.018880349159332704,0.009255075431088318,0.009444897028180951,0.01869997245926927,0.32354346662705324,1.747051000000005,0 days 04:15:00
5m,VALIDATION,58,CLOSED,BTCUSDT,LONG,2024-10-29 06:05:00+00:00,2024-10-29 06:10:00+00:00,71208.01,71243.614005,2024-10-29 16:15:00+00:00,72668.48628509999,72632.15204195745,0.0002644816163125438,18.84262618398938,0.1884262618398938,70531.17786494999,72668.48628509999,TP,0.38626912846938694,0.01884262618398938,0.01920986896831534,0.00941660478960017,0.009609739353832152,0.019026344143432322,0.3291902891736499,1.7470510000000083,0 days 10:05:00
5m,VALIDATION,59,CLOSED,BTCUSDT,LONG,2024-10-29 18:50:00+00:00,2024-10-29 18:55:00+00:00,73238.94,73275.55947,2024-10-29 19:55:00+00:00,72542.80387529999,72506.53247336234,0.0002616354996181825,19.171487611735294,0.19171487611735294,72542.80387529999,74741.0706594,SL,-0.1821339227881543,0.019171487611735295,0.018970282849250134,0.009580953329200571,0.009489886367807279,0.01907083969700785,-0.23934653294614755,-1.248450500000001,0 days 01:00:00
5m,VALIDATION,60,CLOSED,BTCUSDT,LONG,2024-10-30 06:05:00+00:00,2024-10-30 06:10:00+00:00,72566.43,72602.713215,2024-10-30 12:00:00+00:00,71876.68608284999,71840.74773980858,0.0002607668411805741,18.932380186214672,0.18932380186214673,71876.68608284999,74054.7674793,SL,-0.17986234249872135,0.018932380186214674,0.01873368485616035,0.009461459363426435,0.009371528192174013,0.01883298755560045,-0.23636139509669685,-1.248450499999994,0 days 05:50:00
5m,VALIDATION,61,CLOSED,BTCUSDT,LONG,2024-10-31 02:55:00+00:00,2024-10-31 03:00:00+00:00,72553.01,72589.286505,2024-10-31 13:30:00+00:00,71863.39363995,71827.46194313002,0.0002575621805443699,18.6962549163878,0.186962549163878,71863.39363995,74041.0722351,SL,-0.1776190934335494,0.0186962549163878,0.018500037721040315,0.009343455730329159,0.009254646183610923,0.018598101913940082,-0.23341348798491757,-1.2484504999999972,0 days 10:30:00
5m,VALIDATION,62,CLOSED,BTCUSDT,LONG,2024-11-01 09:45:00+00:00,2024-11-01 09:50:00+00:00,69561.57,69596.350785,2024-11-01 13:55:00+00:00,70988.2778007,70952.78366179965,0.00026528796984984855,18.463074608710563,0.18463074608710564,68900.38727715,70988.2778007,TP,0.3784884160166439,0.018463074608710564,0.01882291993283433,0.009226923842432838,0.009416168050442564,0.018643091892875403,0.32255932958222366,1.7470509999999981,0 days 04:05:00
5m,VALIDATION,63,CLOSED,BTCUSDT,LONG,2024-11-02 00:10:00+00:00,2024-11-02 00:15:00+00:00,69632.0,69666.81599999999,2024-11-03 02:00:00+00:00,68970.14783999999,68935.66276608,0.0002696450445101481,18.785311701200296,0.18785311701200297,68970.14783999999,71060.15232,SL,-0.1784651551423402,0.018785311701200298,0.018588159854896202,0.009387961869663057,0.009298729292091478,0.018686691161754535,-0.23452531786019126,-1.2484504999999875,1 days 01:45:00
5m,VALIDATION,64,CLOSED,BTCUSDT,LONG,2024-11-04 11:15:00+00:00,2024-11-04 11:20:00+00:00,68998.01,69032.50900499999,2024-11-04 14:30:00+00:00,68342.18391494999,68308.01282299252,0.0002687287618797587,18.55102067436694,0.1855102067436694,68342.18391494999,70413.15918509998,SL,-0.17623933184393806,0.01855102067436694,0.018356327712389462,0.009270874899731073,0.009182755233809995,0.018453630133541066,-0.23160031036423553,-1.24845049999999,0 days 03:10:00
5m,VALIDATION,65,CLOSED,BTCUSDT,LONG,2024-11-05 03:55:00+00:00,2024-11-05 04:00:00+00:00,68243.01,68277.131505,2024-11-05 14:30:00+00:00,69642.6741351,69607.85279803244,0.0002683131427629259,18.31965173294413,0.1831965173294413,67594.36018994999,69642.6741351,TP,0.37554828290123343,0.018319651732944132,0.01867670174521921,0.00915524824235164,0.009343022383801832,0.018498270626153474,0.3200536587969166,1.7470509999999937,0 days 10:30:00
5m,VALIDATION,66,CLOSED,BTCUSDT,LONG,2024-11-06 18:05:00+00:00,2024-11-06 18:10:00+00:00,74859.99,74897.419995,2024-11-06 20:55:00+00:00,76395.36839490001,76357.17071070257,0.0002488655237932162,18.639385657816177,0.18639385657816177,74148.44579505001,76395.36839490001,TP,0.3821027484675776,0.018639385657816178,0.019002667284287022,0.009315035311252114,0.00950608668548357,0.018821121996735683,0.3256395735287387,1.7470510000000246,0 days 02:45:00
5m,VALIDATION,67,CLOSED,BTCUSDT,LONG,2024-11-07 08:55:00+00:00,2024-11-07 09:00:00+00:00,75149.99,75187.56499500001,2024-11-07 18:55:00+00:00,76691.31629490001,76652.97063675257,0.00025223186730873395,18.964699917085653,0.18964699917085653,74435.68934505,76691.31629490001,TP,0.3887716094946807,0.018964699917085652,0.019334321918469653,0.009477611152967016,0.009671996957712583,0.0191496081106796,0.33132297954844575,1.7470510000000088,0 days 09:55:00
5m,VALIDATION,68,CLOSED,BTCUSDT,LONG,2024-11-08 07:35:00+00:00,2024-11-08 07:40:00+00:00,76138.01,76176.07900499999,2024-11-10 04:30:00+00:00,77699.6005851,77660.75078480745,0.0002533038213135126,19.29569190464654,0.1929569190464654,75414.31821494999,77699.6005851,TP,0.39555686253303374,0.01929569190464654,0.0196717649398681,0.0096430244401026,0.009840802871369235,0.019483827311471837,0.33710557837704724,1.7470510000000044,1 days 20:50:00
5m,VALIDATION,69,CLOSED,BTCUSDT,LONG,2024-11-10 04:30:00+00:00,2024-11-10 04:35:00+00:00,77885.8,77924.7429,2024-11-10 05:25:00+00:00,79483.237758,79443.49613912101,0.0002519412959681901,19.63246071421402,0.1963246071421402,77145.495471,79483.237758,TP,0.40246053897904005,0.01963246071421402,0.020015097373534053,0.009811324694758258,0.010012554964247614,0.019823879659005873,0.34298910123228604,1.7470510000000146,0 days 00:50:00
5m,VALIDATION,70,CLOSED,BTCUSDT,LONG,2024-11-10 09:00:00+00:00,2024-11-10 09:05:00+00:00,79198.08,79237.67904,2024-11-10 18:05:00+00:00,80822.4326208,80782.0214044896,0.00025209101794750814,19.97510716899153,0.19975107168991532,78445.3022496,80822.4326208,TP,0.40948470568317386,0.01997510716899153,0.020364422007715172,0.009982562303344336,0.010187304656185692,0.020169866959530026,0.3489753095469371,1.7470509999999944,0 days 09:00:00
5m,VALIDATION,71,CLOSED,BTCUSDT,LONG,2024-11-11 09:10:00+00:00,2024-11-11 09:15:00+00:00,81440.64,81481.36031999999,2024-11-11 15:15:00+00:00,83110.9875264,83069.4320326368,0.00024942801362224,20.323733851855604,0.20323733851855605,80666.54671679999,83110.9875264,TP,0.4166314655687743,0.020323733851855603,0.02071984342462827,0.010156788531660245,0.010365104264445577,0.02052189279610582,0.35506599549618456,1.7470510000000132,0 days 06:00:00
5m,VALIDATION,72,CLOSED,BTCUSDT,LONG,2024-11-13 11:00:00+00:00,2024-11-13 11:05:00+00:00,87567.06,87610.84353,2024-11-13 13:45:00+00:00,89363.0604006,89318.37887039971,0.00023602609337948898,20.678445136067577,0.20678445136067578,86734.7350947,89363.0604006,TP,0.42390295826161734,0.020678445136067578,0.02108146803176954,0.0103340555402638,0.0105460070193931,0.020880062559656902,0.3612629825341233,1.7470510000000161,0 days 02:40:00
5m,VALIDATION,73,CLOSED,BTCUSDT,LONG,2024-11-15 11:50:00+00:00,2024-11-15 11:55:00+00:00,89658.63,89703.459315,2024-11-15 14:35:00+00:00,88806.42472185,88762.02150948907,0.0002345433205941379,21.03934721652125,0.2103934721652125,88806.42472185,91497.5285013,SL,-0.19987905576515416,0.021039347216521252,0.020818539267483862,0.010514416400059517,0.010414476872177154,0.02092889327223667,-0.26266583552139594,-1.2484505000000015,0 days 02:40:00
5m,VALIDATION,74,CLOSED,BTCUSDT,LONG,2024-11-15 19:35:00+00:00,2024-11-15 19:40:00+00:00,90170.97,90216.05548499999,2024-11-17 21:15:00+00:00,89313.89493015,89269.23798268492,0.0002303020640033024,20.77694378443195,0.2077694378443195,89313.89493015,92020.37659469999,SL,-0.19738615759223074,0.02077694378443195,0.020558889759414337,0.010383280252087327,0.01028458717329383,0.020667867425381157,-0.2593898585614582,-1.2484504999999932,2 days 01:35:00
5m,VALIDATION,75,CLOSED,BTCUSDT,LONG,2024-11-18 00:35:00+00:00,2024-11-18 00:40:00+00:00,90096.0,90141.048,2024-11-18 06:55:00+00:00,91943.86895999999,91897.89702552,0.0002276189761694176,20.517813056598328,0.20517813056598327,89239.63751999999,91943.86895999999,TP,0.4206100407704448,0.02051781305659833,0.020917705233071432,0.010253779638478839,0.010464084658864233,0.02071786429734307,0.358456658183432,1.7470510000000017,0 days 06:15:00
5m,VALIDATION,76,CLOSED,BTCUSDT,LONG,2024-11-19 02:40:00+00:00,2024-11-19 02:45:00+00:00,91260.12,91305.75005999999,2024-11-19 17:35:00+00:00,93131.86506119999,93085.2991286694,0.00022863742538124812,20.87591161622214,0.2087591161622214,90392.69255939999,93131.86506119999,TP,0.4279509717628337,0.02087591161622214,0.02128278313362231,0.01043273943839093,0.010646714924270922,0.02107945436266185,0.3647128226503274,1.7470510000000112,0 days 14:50:00
5m,VALIDATION,77,CLOSED,BTCUSDT,LONG,2024-11-20 04:40:00+00:00,2024-11-20 04:45:00+00:00,92252.01,92298.136005,2024-11-20 13:15:00+00:00,94144.09872509999,94097.02667573745,0.00023012664187766112,21.240260090398294,0.21240260090398294,91375.15464494999,94144.09872509999,TP,0.4354200244418469,0.021240260090398293,0.021654232759560157,0.010614822633881806,0.010832532646101126,0.021447355279982934,0.37107817631190554,1.747051000000006,0 days 08:30:00
5m,VALIDATION,78,CLOSED,BTCUSDT,LONG,2024-11-21 00:20:00+00:00,2024-11-21 00:25:00+00:00,94571.65,94618.935825,2024-11-21 04:05:00+00:00,96511.31454149999,96463.05888422925,0.00022840002765631782,21.61096755924136,0.2161096755924136,93672.74646674999,96511.31454149999,TP,0.44301943492257784,0.02161096755924136,0.022032165316970977,0.01080008373775158,0.011021593455210789,0.02182167719296237,0.37755462485340313,1.7470510000000063,0 days 03:40:00
5m,VALIDATION,79,CLOSED,BTCUSDT,LONG,2024-11-21 09:05:00+00:00,2024-11-21 09:10:00+00:00,97418.99,97467.699495,2024-11-21 15:10:00+00:00,96493.02250004999,96444.77598879997,0.00022559417243427738,21.988145006647358,0.21988145006647358,96493.02250004999,99417.0534849,SL,-0.20889287185225996,0.021988145006647357,0.021757379424802596,0.010988578214213918,0.010884131778289605,0.02187270999250352,-0.27451110627621345,-1.2484504999999977,0 days 06:00:00
5m,VALIDATION,80,CLOSED,BTCUSDT,LONG,2024-11-21 22:50:00+00:00,2024-11-21 22:55:00+00:00,98360.07,98409.250035,2024-11-22 13:40:00+00:00,97425.15753465,97376.44495588269,0.00022064905615597961,21.713908137240555,0.21713908137240556,97425.15753465,100377.43503570001,SL,-0.20628755306793836,0.021713908137240556,0.021486020671340218,0.010851528304467511,0.01074838452793164,0.021599912832399152,-0.2710873947089183,-1.2484504999999904,0 days 14:45:00
5m,VALIDATION,81,CLOSED,BTCUSDT,LONG,2024-11-22 19:05:00+00:00,2024-11-22 19:10:00+00:00,99356.55,99406.228275,2024-11-23 01:20:00+00:00,98412.16599225,98362.95990925387,0.00021571175097589496,21.443091559109767,0.21443091559109767,98412.16599225,101394.3528405,SL,-0.203714727905387,0.021443091559109766,0.02121804631319691,0.010716187685711682,0.010614330321759659,0.021330518007471343,-0.26770638378516504,-1.2484505000000063,0 days 06:10:00
5m,VALIDATION,82,CLOSED,BTCUSDT,LONG,2024-11-23 12:35:00+00:00,2024-11-23 12:40:00+00:00,98607.99,98657.293995,2024-11-23 16:20:00+00:00,97670.72105505,97621.88569452248,0.0002146384900374689,21.17565261426945,0.2117565261426945,97670.72105505,100630.4398749,SL,-0.2011739911030802,0.02117565261426945,0.020953414140082692,0.01058253503961379,0.010481948044062044,0.021064483083675832,-0.2643675409411082,-1.2484504999999915,0 days 03:40:00
5m,VALIDATION,83,CLOSED,BTCUSDT,LONG,2024-11-24 00:20:00+00:00,2024-11-24 00:25:00+00:00,97918.6,97967.5593,2024-11-24 12:30:00+00:00,96987.88370699999,96939.3897651465,0.0002134538139582482,20.911549176765845,0.20911549176765845,96987.88370699999,99926.910486,SL,-0.19866494245393657,0.020911549176765847,0.02069208246815569,0.010450549313723436,0.010351216842497448,0.020801766156220883,-0.261070340255079,-1.2484504999999997,0 days 12:05:00
5m,VALIDATION,84,CLOSED,BTCUSDT,LONG,2024-11-24 20:30:00+00:00,2024-11-24 20:35:00+00:00,96720.74,96769.10037,2024-11-25 09:15:00+00:00,98704.4823774,98655.1301362113,0.0002134022075960475,20.650739646041497,0.20650739646041497,95801.4093663,98704.4823774,TP,0.4233350026389896,0.0206507396460415,0.021053222561742847,0.010320209718160573,0.010531877219480136,0.020852086937640707,0.36077895349356454,1.7470510000000006,0 days 12:40:00
5m,VALIDATION,85,CLOSED,BTCUSDT,LONG,2024-11-26 06:00:00+00:00,2024-11-26 06:05:00+00:00,94709.91,94757.26495499999,2024-11-26 07:15:00+00:00,93809.69230545,93762.78745929728,0.00022173664669382614,21.011158181000106,0.21011158181000106,93809.69230545,96652.41025409999,SL,-0.19961125288396636,0.021011158181000106,0.020790646075890516,0.010500328926034367,0.010400523299592328,0.020900852225626695,-0.2623139093664837,-1.2484504999999855,0 days 01:10:00
5m,VALIDATION,86,CLOSED,BTCUSDT,LONG,2024-11-27 00:10:00+00:00,2024-11-27 00:15:00+00:00,92427.99,92474.203995,2024-11-27 14:05:00+00:00,94323.68807490001,94276.52623086257,0.000224377236322175,20.749106323491134,0.20749106323491134,91549.46195505,94323.68807490001,TP,0.425351494947331,0.020749106323491133,0.02115350640573598,0.01036936847750642,0.010582044224979154,0.020951412702485572,0.3624974695156183,1.7470510000000155,0 days 13:50:00
5m,VALIDATION,87,CLOSED,BTCUSDT,LONG,2024-11-27 19:55:00+00:00,2024-11-27 20:00:00+00:00,96627.99,96676.303995,2024-11-28 02:55:00+00:00,95709.54095504999,95661.68618457246,0.00021837038431635146,21.111241657672572,0.21111241657672572,95709.54095504999,98609.83007489999,SL,-0.20056207092072081,0.021111241657672572,0.020889679176475297,0.010550345656005993,0.010450064620548245,0.02100041027655424,-0.2635634020314229,-1.2484505000000066,0 days 06:55:00
5m,VALIDATION,88,CLOSED,BTCUSDT,LONG,2024-11-28 13:55:00+00:00,2024-11-28 14:00:00+00:00,95711.24,95759.09562,2024-11-28 20:35:00+00:00,94801.50466379999,94754.10391146809,0.0002177123898336905,20.847941555743084,0.20847941555743085,94801.50466379999,97674.2775324,SL,-0.19806065416026095,0.020847941555743085,0.02062914240911556,0.010418761397170243,0.010319731070093145,0.02073849246726339,-0.260276230592383,-1.248450500000003,0 days 06:35:00
5m,VALIDATION,89,CLOSED,BTCUSDT,LONG,2024-11-28 22:15:00+00:00,2024-11-28 22:20:00+00:00,95313.31,95360.966655,2024-11-29 11:45:00+00:00,97268.1859881,97219.55189510595,0.00021589467958990752,20.58792534136508,0.2058792534136508,94407.35698845,97268.1859881,TP,0.42204732508885345,0.02058792534136508,0.020989184006268286,0.010288818261551518,0.010499841924095941,0.02078866018564746,0.3596815555555727,1.7470510000000032,0 days 13:25:00
5m,VALIDATION,90,CLOSED,BTCUSDT,LONG,2024-11-29 11:45:00+00:00,2024-11-29 11:50:00+00:00,97311.82,97360.47591000001,2024-11-30 02:00:00+00:00,96386.87115090001,96338.67771532456,0.00021515145010230806,20.94724757468733,0.20947247574687333,96386.87115090001,99307.68542820001,SL,-0.19900408615432458,0.02094724757468733,0.020727406211390992,0.010468389592547674,0.010368887549470069,0.020837277142017743,-0.26151601708242067,-1.2484504999999941,0 days 14:10:00
5m,VALIDATION,91,CLOSED,BTCUSDT,LONG,2024-11-30 05:45:00+00:00,2024-11-30 05:50:00+00:00,96915.0,96963.45749999999,2024-12-01 02:30:00+00:00,95993.82292499999,95945.82601353749,0.0002133380280129474,20.685992812367235,0.20685992812367235,95993.82292499999,98902.72665,SL,-0.19652210063123798,0.020685992812367236,0.02046889331780144,0.010337827492435165,0.010239566442121407,0.02057739393455657,-0.25825438069596324,-1.2484505000000021,0 days 20:40:00
5m,VALIDATION,92,CLOSED,BTCUSDT,LONG,2024-12-01 04:55:00+00:00,2024-12-01 05:00:00+00:00,96515.51,96563.767755,2024-12-02 08:15:00+00:00,95598.13007745,95550.33101241128,0.0002115492891690511,20.427996428055586,0.20427996428055586,95598.13007745,98495.0431101,SL,-0.19407107051341102,0.020427996428055588,0.020213604605543143,0.010208893767143951,0.010111858231886858,0.020320751999030807,-0.2550334235460406,-1.2484504999999926,1 days 03:15:00
5m,VALIDATION,93,CLOSED,BTCUSDT,LONG,2024-12-02 23:55:00+00:00,2024-12-03 00:00:00+00:00,95840.61,95888.530305,2024-12-03 10:55:00+00:00,94929.64500194999,94882.18017944902,0.00021038196871917786,20.173217783154445,0.20173217783154446,94929.64500194999,97806.3009111,SL,-0.19165060972402329,0.020173217783154444,0.019961499862520243,0.010081568107521857,0.009985742802661082,0.02006731091018294,-0.2518526382798809,-1.2484505000000017,0 days 10:55:00
5m,VALIDATION,94,CLOSED,BTCUSDT,LONG,2024-12-03 20:30:00+00:00,2024-12-03 20:35:00+00:00,95635.38,95683.19769,2024-12-04 16:30:00+00:00,94726.3657131,94679.00253024347,0.00020820391904600665,19.921616745911813,0.19921616745911813,94726.3657131,97596.8616438,SL,-0.18926033700139053,0.019921616745911815,0.01971253937816347,0.009955830457726255,0.009861200289224523,0.01981703074695078,-0.24871152387241657,-1.248450499999984,0 days 19:55:00
5m,VALIDATION,95,CLOSED,BTCUSDT,LONG,2024-12-05 12:35:00+00:00,2024-12-05 12:40:00+00:00,102968.0,103019.484,2024-12-05 15:25:00+00:00,101989.28916,101938.29451542,0.00019096536811522187,19.67315368510021,0.19673153685100211,101989.28916,105079.87368,SL,-0.18689987583895795,0.01967315368510021,0.019466683937175086,0.00983166101204346,0.009738211074124885,0.019569872086168345,-0.24560958554740164,-1.2484504999999981,0 days 02:45:00
5m,VALIDATION,96,CLOSED,BTCUSDT,LONG,2024-12-06 04:45:00+00:00,2024-12-06 04:50:00+00:00,97934.77,97983.737385,2024-12-06 17:40:00+00:00,99943.4121327,99893.44042663366,0.0001982756524936175,19.427789463774136,0.19427789463774137,97003.90001115,99943.4121327,TP,0.3982648294872637,0.019427789463774138,0.0198064370804231,0.00970904021178044,0.00990817262652259,0.019617212838303033,0.3394133901047634,1.747051000000014,0 days 12:50:00
5m,VALIDATION,97,CLOSED,BTCUSDT,LONG,2024-12-07 09:15:00+00:00,2024-12-07 09:20:00+00:00,99667.99,99717.823995,2024-12-08 09:55:00+00:00,98720.64575504999,98671.28543217247,0.00019822798961752571,19.766863779563117,0.19766863779563118,98720.64575504999,101712.1804749,SL,-0.18779014515217418,0.019766863779563118,0.019559410544196604,0.009878492643458558,0.00978459757088222,0.01966309021434078,-0.2467795096902747,-1.2484505000000004,1 days 00:35:00
5m,VALIDATION,98,CLOSED,BTCUSDT,LONG,2024-12-08 12:45:00+00:00,2024-12-08 12:50:00+00:00,99989.98,100039.97498999999,2024-12-09 02:50:00+00:00,99039.57524009999,98990.05545247995,0.00019512530670665214,19.520330802849557,0.1952033080284956,99039.57524009999,102040.7744898,SL,-0.1854480202709504,0.019520330802849557,0.019315464931073653,0.009755287757544438,0.009662563747408582,0.01941785150495302,-0.24370166750982664,-1.2484504999999861,0 days 14:00:00
5m,VALIDATION,99,CLOSED,BTCUSDT,LONG,2024-12-10 06:50:00+00:00,2024-12-10 06:55:00+00:00,97357.02,97405.69851,2024-12-10 15:35:00+00:00,96431.6415249,96383.42570413755,0.00019790292445333682,19.276872593549033,0.19276872593549033,96431.6415249,99353.81248020001,SL,-0.18313510644846046,0.019276872593549033,0.019074561815679736,0.009633619487030587,0.009542051933805825,0.019175671420836413,-0.24066221227852566,-1.248450499999999,0 days 08:40:00
5m,VALIDATION,100,CLOSED,BTCUSDT,LONG,2024-12-11 06:10:00+00:00,2024-12-11 06:15:00+00:00,97707.87,97756.72393499999,2024-12-11 15:05:00+00:00,99711.85841369999,99662.00248449315,0.00019473290467179159,19.036450803061,0.19036450803061,96779.15669564999,99711.85841369999,TP,0.390242484728415,0.019036450803061003,0.019407471229212662,0.009513468667195326,0.009708589909558868,0.019222058576754193,0.3325765041193871,1.74705100000001,0 days 08:50:00
5m,VALIDATION,101,CLOSED,BTCUSDT,LONG,2024-12-11 22:05:00+00:00,2024-12-11 22:10:00+00:00,101839.99,101890.909995,2024-12-12 00:25:00+00:00,100872.00089504999,100821.56489460247,0.00019009247305643842,19.36869506292053,0.1936869506292053,100872.00089504999,103928.7281949,SL,-0.18400744285163662,0.01936869506292053,0.019165420608235176,0.009679507777569442,0.009587504056144058,0.0192670118337135,-0.2418085703565058,-1.2484504999999955,0 days 02:15:00
5m,VALIDATION,102,CLOSED,BTCUSDT,LONG,2024-12-12 09:00:00+00:00,2024-12-12 09:05:00+00:00,101110.99,101161.545495,2024-12-12 19:25:00+00:00,100149.93004004999,100099.85507502998,0.00018907508743540056,19.127128059567376,0.19127128059567378,100149.93004004999,103184.7764049,SL,-0.18171249595821123,0.019127128059567376,0.018926388850582218,0.009558784637463678,0.00946792838948414,0.01902671302694782,-0.23879272589530864,-1.248450499999997,0 days 10:20:00
5m,VALIDATION,103,CLOSED,BTCUSDT,LONG,2024-12-13 04:45:00+00:00,2024-12-13 04:50:00+00:00,100040.55,100090.57027499999,2024-12-14 01:00:00+00:00,102092.3816805,102041.33548965974,0.0001887148193475891,18.888573887843794,0.18888573887843796,99089.66457225,102092.3816805,TP,0.3872110449172162,0.018888573887843794,0.01925671219291787,0.009439567160339469,0.009633172682800402,0.01907273984313987,0.3299930189933147,1.7470510000000041,0 days 20:10:00
5m,VALIDATION,104,CLOSED,BTCUSDT,LONG,2024-12-14 01:00:00+00:00,2024-12-14 01:05:00+00:00,102016.36,102067.36817999999,2024-12-14 13:15:00+00:00,101046.69449819998,100996.17115095089,0.00018828973046105515,19.218237243481475,0.19218237243481476,101046.69449819998,104108.71554359999,SL,-0.1825780559713089,0.019218237243481477,0.019016541843611137,0.009604316463507064,0.009513027435522299,0.019117343899029363,-0.2399301789574309,-1.248450500000001,0 days 12:10:00
5m,VALIDATION,105,CLOSED,BTCUSDT,LONG,2024-12-14 15:20:00+00:00,2024-12-14 15:25:00+00:00,101652.1,101702.92605,2024-12-14 20:50:00+00:00,100685.8967895,100635.55384110525,0.0001866076768104207,18.978546755012516,0.18978546755012515,100685.8967895,103736.984571,SL,-0.1803009364381769,0.018978546755012517,0.018779366906818664,0.009484531111948184,0.009394380643729373,0.018878911755677557,-0.23693776185568563,-1.2484504999999901,0 days 05:25:00
5m,VALIDATION,106,CLOSED,BTCUSDT,LONG,2024-12-14 23:25:00+00:00,2024-12-14 23:30:00+00:00,101388.0,101438.69399999999,2024-12-15 16:35:00+00:00,103467.46788,103415.73414606,0.00018476032128546165,18.74184569421763,0.18741845694217632,100424.30705999999,103467.46788,TP,0.3842031536115972,0.01874184569421763,0.019107124266797934,0.009366239727243085,0.009558341304050337,0.018924581031293422,0.3274296026192882,1.7470510000000115,0 days 17:05:00
5m,VALIDATION,107,CLOSED,BTCUSDT,LONG,2024-12-15 16:35:00+00:00,2024-12-15 16:40:00+00:00,103400.0,103451.7,2024-12-16 00:30:00+00:00,105520.734,105467.973633,0.00018432706465274903,19.068948194336794,0.19068948194336796,102417.18299999999,105520.734,TP,0.39090867312928246,0.019068948194336795,0.01944060199464442,0.009529709242546588,0.009725163579110902,0.01925487282165749,0.33314425011864374,1.7470510000000041,0 days 07:50:00
5m,VALIDATION,108,CLOSED,BTCUSDT,LONG,2024-12-16 05:35:00+00:00,2024-12-16 05:40:00+00:00,104963.97,105016.45198499999,2024-12-16 11:50:00+00:00,103966.28746514999,103914.30432141742,0.00018474971555683492,19.401759633016763,0.19401759633016763,103966.28746514999,107116.78102469999,SL,-0.184321564529562,0.01940175963301676,0.01919813816566825,0.009696031800606462,0.009603871018341061,0.01929990281894752,-0.24222136514719456,-1.2484504999999928,0 days 06:10:00
5m,VALIDATION,109,CLOSED,BTCUSDT,LONG,2024-12-16 18:15:00+00:00,2024-12-16 18:20:00+00:00,107381.47,107435.160735,2024-12-16 19:00:00+00:00,106360.80912764999,106307.62872308618,0.00017833807960240244,19.15978024725533,0.1915978024725533,106360.80912764999,109583.8639497,SL,-0.18202269990021366,0.019159780247255332,0.018958698353560385,0.00957510257234087,0.009484091222389208,0.019059193794730075,-0.23920037229575947,-1.248450499999995,0 days 00:40:00
5m,VALIDATION,110,CLOSED,BTCUSDT,LONG,2024-12-17 01:35:00+00:00,2024-12-17 01:40:00+00:00,106396.37,106449.568185,2024-12-17 22:45:00+00:00,105385.07250314999,105332.37996689841,0.00017774443954049428,18.920818836370454,0.18920818836370454,105385.07250314999,108578.5595487,SL,-0.17975250678630905,0.018920818836370455,0.018722244842682745,0.009455681577396726,0.009365805324003518,0.018821486901400244,-0.2362170573667625,-1.2484505000000072,0 days 21:05:00
5m,VALIDATION,111,CLOSED,BTCUSDT,LONG,2024-12-18 10:40:00+00:00,2024-12-18 10:45:00+00:00,104500.0,104552.25,2024-12-18 16:15:00+00:00,103506.7275,103454.97413625,0.00017871291875669806,18.684837760079986,0.18684837760079986,103506.7275,106643.295,SL,-0.17751062759576353,0.018684837760079988,0.018488740387787948,0.009337750005037474,0.009248994691237328,0.018586744696274804,-0.23327095043990626,-1.248450499999994,0 days 05:30:00
5m,VALIDATION,112,CLOSED,BTCUSDT,LONG,2024-12-19 07:20:00+00:00,2024-12-19 07:25:00+00:00,101434.24,101484.95712,2024-12-19 15:05:00+00:00,100470.1075488,100419.87249502561,0.0001818180779810986,18.451799847552607,0.18451799847552608,100470.1075488,103514.6562624,SL,-0.17529670919638918,0.018451799847552606,0.018258148208152546,0.009221289279136945,0.00913364092453698,0.018354930203673923,-0.23036158745576826,-1.248450499999992,0 days 07:40:00
5m,VALIDATION,113,CLOSED,BTCUSDT,LONG,2024-12-20 19:15:00+00:00,2024-12-20 19:20:00+00:00,97514.79,97563.54739499999,2024-12-20 20:30:00+00:00,96587.91192104999,96539.61796508948,0.00018676717768143267,18.22166839155284,0.1822166839155284,96587.91192104999,99514.81834289999,SL,-0.1731104028602799,0.01822166839155284,0.018030431981783498,0.00910628105524754,0.009019725853816737,0.018126006909064275,-0.22748851014268054,-1.2484504999999844,0 days 01:10:00
5m,VALIDATION,114,CLOSED,BTCUSDT,LONG,2024-12-21 05:10:00+00:00,2024-12-21 05:15:00+00:00,97752.0,97800.87599999999,2024-12-21 13:20:00+00:00,96822.86723999999,96774.45580637999,0.00018399024506343946,17.994407142659053,0.17994407142659052,96822.86723999999,99756.89352,SL,-0.1709513642088713,0.017994407142659055,0.017805555839696847,0.008992707217718696,0.008907231535616237,0.017899938753334933,-0.22465126594456214,-1.2484504999999972,0 days 08:05:00
5m,VALIDATION,115,CLOSED,BTCUSDT,LONG,2024-12-22 09:35:00+00:00,2024-12-22 09:40:00+00:00,97002.5,97051.00125,2024-12-22 14:20:00+00:00,96080.4912375,96032.45099188125,0.00018309940211516982,17.7699803035536,0.17769980303553598,96080.4912375,98992.021275,SL,-0.16881925315869786,0.0177699803035536,0.017583484360267805,0.008880549876838593,0.008796140250257921,0.017676690127096516,-0.22184940794961577,-1.2484504999999964,0 days 04:40:00
5m,VALIDATION,116,CLOSED,BTCUSDT,LONG,2024-12-23 09:00:00+00:00,2024-12-23 09:05:00+00:00,95952.46,96000.43623,2024-12-23 13:40:00+00:00,95040.43186770001,94992.91165176616,0.00018279450815558183,17.54835252338415,0.1754835252338415,95040.43186770001,97920.44495460001,SL,-0.1667137338678314,0.01754835252338415,0.017364182563651236,0.00876979136600911,0.008686434499075416,0.017456225865084524,-0.21908249481995135,-1.2484504999999961,0 days 04:35:00
5m,VALIDATION,117,CLOSED,BTCUSDT,LONG,2024-12-24 04:55:00+00:00,2024-12-24 05:00:00+00:00,94412.3,94459.50615,2024-12-24 14:05:00+00:00,96348.69627300001,96300.52192486351,0.00018345944837649768,17.32948889219539,0.17329488892195388,93514.9110885,96348.69627300001,TP,0.35525019208288705,0.01732948889219539,0.01766724063070428,0.008660414238977869,0.008838039335019178,0.01749845357399705,0.30275500898599034,1.7470510000000108,0 days 09:05:00
5m,VALIDATION,118,CLOSED,BTCUSDT,LONG,2024-12-25 06:15:00+00:00,2024-12-25 06:20:00+00:00,98546.79,98596.06339499999,2024-12-26 08:00:00+00:00,97610.10276104999,97561.29770966947,0.00017883007537519097,17.631941448624957,0.17631941448624958,97610.10276104999,100567.9846629,SL,-0.16750784954440906,0.01763194144862496,0.01744689422312164,0.008811564941840936,0.008727811017068645,0.01753937595890958,-0.22012606117506525,-1.2484504999999984,1 days 01:40:00
5m,VALIDATION,119,CLOSED,BTCUSDT,LONG,2024-12-26 22:15:00+00:00,2024-12-26 22:20:00+00:00,95950.65,95998.62532499999,2024-12-27 07:35:00+00:00,95038.63907174999,94991.11975221412,0.00018137796488915418,17.412035293604916,0.17412035293604916,95038.63907174999,97918.59783149998,SL,-0.16541868612265437,0.017412035293604917,0.01722929598319853,0.008701666813394338,0.008618957470334138,0.017320624283728478,-0.21738064168318627,-1.2484504999999955,0 days 09:15:00
5m,VALIDATION,120,CLOSED,BTCUSDT,LONG,2024-12-28 05:30:00+00:00,2024-12-28 05:35:00+00:00,94752.87,94800.246435,2024-12-29 16:30:00+00:00,93852.24397064999,93805.31784866466,0.0001813800328798685,17.194871815399935,0.17194871815399934,93852.24397064999,96696.2513637,SL,-0.16335557881597007,0.017194871815399936,0.017014411635697314,0.008593139338030647,0.008511461548622336,0.017104600886652985,-0.2146694631537203,-1.2484505000000043,1 days 10:55:00
5m,VALIDATION,121,CLOSED,BTCUSDT,LONG,2024-12-30 01:30:00+00:00,2024-12-30 01:35:00+00:00,93955.61,94002.58780499999,2024-12-30 13:35:00+00:00,93062.56192694999,93016.03064598652,0.0001806377590633859,16.980416807254365,0.16980416807254364,93062.56192694999,95882.63956109999,SL,-0.1613182026516293,0.016980416807254366,0.01680220733286223,0.008485965420914504,0.008405306319588808,0.01689127174050331,-0.2119920985322492,-1.2484504999999886,0 days 12:00:00
5m,VALIDATION,122,CLOSED,BTCUSDT,LONG,2024-12-30 20:10:00+00:00,2024-12-30 20:15:00+00:00,94774.69,94822.077345,2024-12-30 21:25:00+00:00,93873.85657155,93826.91964326423,0.00017684316731460584,16.76863648904033,0.16768636489040328,93873.85657155,96718.5188919,SL,-0.15930623670997363,0.01676863648904033,0.016592649649087854,0.008380128180429164,0.00830047506207338,0.01668060324250254,-0.20934812609060435,-1.2484504999999877,0 days 01:10:00
5m,VALIDATION,123,CLOSED,BTCUSDT,LONG,2024-12-31 06:05:00+00:00,2024-12-31 06:10:00+00:00,92899.0,92945.44949999999,2024-12-31 12:25:00+00:00,94804.35848999998,94756.95631075499,0.00017816361738007229,16.55949750193683,0.1655949750193683,92015.99500499999,94804.35848999998,TP,0.3394655609842295,0.01655949750193683,0.016882242108249578,0.00827561094549351,0.008445343725986541,0.016720954671480052,0.28930286670256306,1.747051000000004,0 days 06:15:00
5m,VALIDATION,124,CLOSED,BTCUSDT,LONG,2024-12-31 12:25:00+00:00,2024-12-31 12:30:00+00:00,94802.95,94850.35147499999,2024-12-31 17:35:00+00:00,93901.84796024999,93854.89703626986,0.0001776325663825016,16.848511354786545,0.16848511354786547,93901.84796024999,96747.35850449999,SL,-0.16006506789330135,0.016848511354786544,0.01667168622811806,0.008420045654564477,0.008340013120619588,0.016760058775184064,-0.21034532425139005,-1.2484505000000037,0 days 05:05:00
15m,DEVELOPMENT,1,CLOSED,BTCUSDT,LONG,2024-01-01 15:30:00+00:00,2024-01-01 15:45:00+00:00,42845.95,42867.37297499999,2024-01-01 20:00:00+00:00,43724.72043449999,43702.85807428275,0.00046608920942443145,19.980019980019986,0.19980019980019986,42438.69924524999,43724.72043449999,TP,0.4095854170816667,0.019980019980019987,0.020369430569430576,0.009985017481266581,0.01018981018980773,0.020174827671074314,0.3490611388611418,1.7470510000000143,0 days 04:15:00
15m,DEVELOPMENT,2,CLOSED,BTCUSDT,LONG,2024-01-03 09:30:00+00:00,2024-01-03 09:45:00+00:00,45415.0,45437.7075,2024-01-03 11:00:00+00:00,44983.33042499999,44960.8387597875,0.00044739784476262794,20.328732406454694,0.20328732406454694,44983.33042499999,46346.46165,SL,-0.19312803750460278,0.020328732406454695,0.02011538235984895,0.010159286559945942,0.01006272254119316,0.020222009101139103,-0.2537941613720455,-1.2484504999999992,0 days 01:15:00
15m,DEVELOPMENT,3,CLOSED,BTCUSDT,LONG,2024-01-06 16:00:00+00:00,2024-01-06 16:15:00+00:00,43933.49,43955.456744999996,2024-01-08 02:30:00+00:00,43515.90217754999,43494.14422646122,0.0004567167144267472,20.075191785703403,0.20075191785703403,43515.90217754999,44834.565879899994,SL,-0.19071933825398604,0.020075191785703404,0.019864502647912445,0.010032579603049218,0.009937219933922525,0.01996979953697174,-0.25062883222457366,-1.248450500000003,1 days 10:15:00
15m,DEVELOPMENT,4,CLOSED,BTCUSDT,LONG,2024-01-09 21:00:00+00:00,2024-01-09 21:15:00+00:00,47914.25,47938.207125,2024-01-09 21:15:00+00:00,47458.82505375,47435.095641223124,0.000413549327788562,19.824813331932603,0.19824813331932603,47458.82505375,48896.971267500005,SL,-0.18834068037982993,0.019824813331932603,0.01961675191601397,0.00990745293949689,0.009813282599306437,0.019720735538803328,-0.24750298116657982,-1.2484505000000028,0 days 00:00:00
15m,DEVELOPMENT,5,CLOSED,BTCUSDT,LONG,2024-01-15 13:45:00+00:00,2024-01-15 14:00:00+00:00,42852.55,42873.976275,2024-01-15 14:15:00+00:00,42445.23651225,42424.01389399388,0.00045663032234094937,19.577557606491467,0.1957755760649147,42445.23651225,43731.4558005,SL,-0.18599168920510117,0.019577557606491467,0.019372091139411338,0.009783886859814905,0.009690891015211343,0.019474777875026248,-0.24441611582603023,-1.2484504999999972,0 days 00:15:00
15m,DEVELOPMENT,6,CLOSED,BTCUSDT,LONG,2024-01-16 03:45:00+00:00,2024-01-16 04:00:00+00:00,42924.57,42946.032284999994,2024-01-16 14:30:00+00:00,42516.571962149996,42495.313676168924,0.0004501786226561843,19.33338566260932,0.1933338566260932,42516.571962149996,43804.9529307,SL,-0.18367199472574056,0.01933338566260932,0.019130481780080238,0.009661861900351853,0.009570025902990184,0.019231887803342035,-0.24136774997177213,-1.2484504999999884,0 days 10:30:00
15m,DEVELOPMENT,7,CLOSED,BTCUSDT,LONG,2024-01-18 06:00:00+00:00,2024-01-18 06:15:00+00:00,42855.24,42876.66761999999,2024-01-18 10:45:00+00:00,42447.90094379999,42426.676993328096,0.0004452831831164798,19.0922590392609,0.190922590392609,42447.90094379999,43734.200972399994,SL,-0.18138123155240127,0.0190922590392609,0.018891885780643856,0.009541358840208089,0.009450668224432537,0.018992027064640628,-0.23835740343694664,-1.2484504999999935,0 days 04:30:00
15m,DEVELOPMENT,8,CLOSED,BTCUSDT,LONG,2024-01-20 07:30:00+00:00,2024-01-20 07:45:00+00:00,41730.84,41751.70541999999,2024-01-22 01:15:00+00:00,41334.18836579999,41313.52127161709,0.00045157771557941093,18.854139755108104,0.18854139755108104,41334.18836579999,42586.739528399994,SL,-0.17911903885287758,0.018854139755108103,0.018656265558378248,0.009422358698202528,0.0093327991787784,0.018755157876980927,-0.23538460204334485,-1.2484504999999944,1 days 17:30:00
15m,DEVELOPMENT,9,CLOSED,BTCUSDT,LONG,2024-01-24 07:15:00+00:00,2024-01-24 07:30:00+00:00,40104.86,40124.91243,2024-01-24 18:15:00+00:00,39723.6633057,39703.801474047155,0.0004640256931401198,18.618990302517357,0.18618990302517358,39723.6633057,40927.4106786,SL,-0.17688506029528017,0.018618990302517357,0.018423583999292444,0.00930484272989192,0.009216400199743567,0.018521242929635487,-0.23244887752672544,-1.2484504999999784,0 days 10:45:00
15m,DEVELOPMENT,10,CLOSED,BTCUSDT,LONG,2024-01-25 07:45:00+00:00,2024-01-25 08:00:00+00:00,40130.0,40150.064999999995,2024-01-25 13:45:00+00:00,39748.56434999999,39728.690067824995,0.00045795127957206304,18.3867736416515,0.18386773641651502,39748.56434999999,40953.0663,SL,-0.17467894399190467,0.0183867736416515,0.01819380445228237,0.009188792424611179,0.009101452952616747,0.018290245377227926,-0.22954976746306646,-1.2484505000000004,0 days 05:45:00
15m,DEVELOPMENT,11,CLOSED,BTCUSDT,LONG,2024-01-26 02:00:00+00:00,2024-01-26 02:15:00+00:00,40062.23,40082.261115,2024-01-26 11:00:00+00:00,40883.9063373,40863.46438413135,0.0004530047130460009,18.157453194635455,0.18157453194635456,39681.438503850004,40883.9063373,TP,0.3722232533952753,0.018157453194635454,0.0185113419573989,0.009074189502565517,0.009260301129264443,0.01833449063182996,0.31721996761141097,1.7470510000000015,0 days 08:45:00
15m,DEVELOPMENT,12,CLOSED,BTCUSDT,LONG,2024-01-27 14:30:00+00:00,2024-01-27 14:45:00+00:00,41818.38,41839.289189999996,2024-01-28 04:45:00+00:00,42676.074973799994,42654.73693631309,0.00044155521321805524,18.474356259182322,0.18474356259182323,41420.89629809999,42676.074973799994,TP,0.37871968703231185,0.018474356259182322,0.018834421462673785,0.009232561848666162,0.009421921692183496,0.018654483540849656,0.32275642576960606,1.747050999999993,0 days 14:00:00
15m,DEVELOPMENT,13,CLOSED,BTCUSDT,LONG,2024-01-28 04:45:00+00:00,2024-01-28 05:00:00+00:00,42720.33,42741.690165,2024-01-28 06:45:00+00:00,42314.27326335,42293.11612671833,0.0004397764847014012,18.796790250960154,0.18796790250960155,42314.27326335,43596.5239683,SL,-0.1785742042332612,0.018796790250960153,0.01859951793727633,0.009393698276341128,0.009304411174223589,0.018698109450564715,-0.2346686218720624,-1.248450499999995,0 days 01:45:00
15m,DEVELOPMENT,14,CLOSED,BTCUSDT,LONG,2024-01-29 10:30:00+00:00,2024-01-29 10:45:00+00:00,42356.33,42377.508165,2024-01-29 13:30:00+00:00,41953.73308335,41932.75621680833,0.00043802377409737865,18.56235606327578,0.18562356063275778,41953.73308335,43225.0583283,SL,-0.17634702087100074,0.01856235606327578,0.018367544136391703,0.009276539761755931,0.009188366251319522,0.018464906013075454,-0.2317418270837437,-1.2484504999999835,0 days 02:45:00
15m,DEVELOPMENT,15,CLOSED,BTCUSDT,LONG,2024-01-30 01:00:00+00:00,2024-01-30 01:15:00+00:00,43368.0,43389.684,2024-01-30 23:15:00+00:00,42955.78716,42934.30926642,0.0004224701370608923,18.330845746508807,0.18330845746508806,42955.78716,44257.47768,SL,-0.17414761501305973,0.018330845746508808,0.018138463520399196,0.009160842452028856,0.009073768644521283,0.01823461109655014,-0.22885153537651787,-1.2484504999999997,0 days 22:00:00
15m,DEVELOPMENT,16,CLOSED,BTCUSDT,LONG,2024-02-02 16:00:00+00:00,2024-02-02 16:15:00+00:00,43389.99,43411.684994999996,2024-02-02 17:45:00+00:00,42977.56814505,42956.07936097748,0.0004169896385300342,18.102222834044756,0.18102222834044757,42977.56814505,44279.9186949,SL,-0.17197564021748674,0.018102222834044758,0.01791224000540146,0.009046588122960072,0.00896060030285028,0.018007188425810353,-0.2259972914827433,-1.2484504999999855,0 days 01:30:00
15m,DEVELOPMENT,17,CLOSED,BTCUSDT,LONG,2024-02-03 00:15:00+00:00,2024-02-03 00:30:00+00:00,43355.99,43377.667994999996,2024-02-03 15:00:00+00:00,42943.891315049994,42922.41936939247,0.0004121118570998916,17.87645131408198,0.1787645131408198,42943.891315049994,44245.22135489999,SL,-0.16983075436316933,0.01787645131408198,0.017688837957540688,0.008933758777651419,0.008848843400470909,0.017782602178122327,-0.22317864581291433,-1.2484505000000072,0 days 14:30:00
15m,DEVELOPMENT,18,CLOSED,BTCUSDT,LONG,2024-02-03 17:30:00+00:00,2024-02-03 17:45:00+00:00,43196.32,43217.918159999994,2024-02-04 06:30:00+00:00,42785.7389784,42764.3461089108,0.00040847630741034274,17.65349562395919,0.17653495623959192,42785.7389784,44082.276523199995,SL,-0.16771261959593528,0.01765349562395919,0.017468222187385744,0.008822336643655357,0.00873848033385764,0.017560816977512994,-0.2203951543847932,-1.2484504999999804,0 days 12:45:00
15m,DEVELOPMENT,19,CLOSED,BTCUSDT,LONG,2024-02-05 07:15:00+00:00,2024-02-05 07:30:00+00:00,42909.5,42930.95475,2024-02-05 16:15:00+00:00,42501.645202499996,42480.394379898746,0.0004060781025270305,17.433320644553806,0.17433320644553807,42501.645202499996,43789.573845,SL,-0.16562090227534781,0.017433320644553805,0.017250357944389217,0.00871230417019065,0.008629493719054358,0.01734179788924501,-0.21764637875353585,-1.2484505000000035,0 days 08:45:00
15m,DEVELOPMENT,20,CLOSED,BTCUSDT,LONG,2024-02-06 08:00:00+00:00,2024-02-06 08:15:00+00:00,42963.59,42985.071794999996,2024-02-07 20:00:00+00:00,43844.7732309,43822.85084428455,0.0004005086178954021,17.21589169475008,0.17215891694750082,42555.221077049995,43844.7732309,TP,0.35292147792036477,0.01721589169475008,0.01755142942388076,0.008603644025362235,0.00878010476432246,0.017383748789684697,0.30077040801204924,1.7470510000000057,1 days 11:45:00
15m,DEVELOPMENT,21,CLOSED,BTCUSDT,LONG,2024-02-08 11:00:00+00:00,2024-02-08 11:15:00+00:00,44884.0,44906.441999999995,2024-02-09 02:15:00+00:00,45804.57083999999,45781.66855458,0.000390063448643383,17.516361632824054,0.17516361632824054,44457.37757999999,45804.57083999999,TP,0.3590810365709332,0.017516361632824055,0.017857755521047798,0.00875380391445303,0.008933344432737873,0.0176871483471909,0.3060197710698705,1.7470510000000088,0 days 15:00:00
15m,DEVELOPMENT,22,CLOSED,BTCUSDT,LONG,2024-02-09 02:15:00+00:00,2024-02-09 02:30:00+00:00,45789.95,45812.84497499999,2024-02-09 09:00:00+00:00,46729.1018745,46705.737323562746,0.0003890191866399564,17.82207568983691,0.1782207568983691,45354.71652524999,46729.1018745,TP,0.3653480983493802,0.017822075689836913,0.018169427945031836,0.008906584552640429,0.009089258601817175,0.017995843154457604,0.31136075156005383,1.7470510000000066,0 days 06:30:00
15m,DEVELOPMENT,23,CLOSED,BTCUSDT,LONG,2024-02-10 19:15:00+00:00,2024-02-10 19:30:00+00:00,47484.37,47508.112185,2024-02-11 03:45:00+00:00,48458.2744287,48434.04529148566,0.0003816848230273478,18.13312539169511,0.1813312539169511,47033.031063149996,48458.2744287,TP,0.37172453951390966,0.01813312539169511,0.01848654000557925,0.00906203168000584,0.009247893949762415,0.018309925629768256,0.31679494848686707,1.7470510000000206,0 days 08:15:00
15m,DEVELOPMENT,24,CLOSED,BTCUSDT,LONG,2024-02-11 11:15:00+00:00,2024-02-11 11:30:00+00:00,48361.11,48385.290555,2024-02-12 06:45:00+00:00,47901.437649449996,47877.48693062527,0.000381306046736252,18.449603861711964,0.18449603861711963,47901.437649449996,49352.9963661,SL,-0.175275846782183,0.018449603861711964,0.018255975269183294,0.009220191834938132,0.009132553911546496,0.018352745746484628,-0.23033417165956288,-1.248450500000003,0 days 19:15:00
15m,DEVELOPMENT,25,CLOSED,BTCUSDT,LONG,2024-02-13 08:30:00+00:00,2024-02-13 08:45:00+00:00,50122.84,50147.901419999995,2024-02-13 13:30:00+00:00,49646.422405799996,49621.599194597096,0.00036331529891006945,18.219499794119994,0.18219499794119995,49646.422405799996,51150.8594484,SL,-0.17308980064278923,0.018219499794119996,0.018028286143780704,0.00910519729841013,0.009018652398089392,0.018123849696499522,-0.22746143627718945,-1.2484504999999968,0 days 04:45:00
15m,DEVELOPMENT,26,CLOSED,BTCUSDT,LONG,2024-02-14 07:00:00+00:00,2024-02-14 07:15:00+00:00,49662.49,49687.32124499999,2024-02-14 08:45:00+00:00,50681.067669899996,50655.72713606505,0.00036210979262351424,17.99226559204488,0.17992265592044882,49190.44803254999,50681.067669899996,TP,0.3688369488184306,0.017992265592044882,0.01834293484843384,0.008991636977531482,0.009176055451942009,0.01816769242947349,0.3143340559484784,1.7470510000000132,0 days 01:30:00
15m,DEVELOPMENT,27,CLOSED,BTCUSDT,LONG,2024-02-14 08:45:00+00:00,2024-02-14 09:00:00+00:00,50758.0,50783.379,2024-02-14 12:00:00+00:00,51799.04658,51773.147056710004,0.0003604778962809357,18.306285627957447,0.18306285627957447,50275.545210000004,51799.04658,TP,0.37527428108886357,0.01830628562795745,0.01866307513484634,0.00914856852971416,0.009336205670257537,0.018484774199971698,0.31982014612608806,1.7470510000000066,0 days 03:00:00
15m,DEVELOPMENT,28,CLOSED,BTCUSDT,LONG,2024-02-15 00:15:00+00:00,2024-02-15 00:30:00+00:00,52269.2,52295.334599999995,2024-02-15 01:30:00+00:00,51772.38125399999,51746.495063373,0.00035616535233791316,18.62578627343806,0.1862578627343806,51772.38125399999,53341.241292,SL,-0.17694962371717177,0.01862578627343806,0.01843030864649833,0.009308239017209567,0.00921976420535035,0.018528003222559916,-0.23253372185966809,-1.248450499999996,0 days 01:00:00
15m,DEVELOPMENT,29,CLOSED,BTCUSDT,LONG,2024-02-15 11:15:00+00:00,2024-02-15 11:30:00+00:00,52373.32,52399.50666,2024-02-15 15:30:00+00:00,51875.5115934,51849.573837603304,0.00035102400815234763,18.393484852998835,0.18393484852998834,51875.5115934,53447.4967932,SL,-0.17474270217666596,0.018393484852998836,0.018200445229466615,0.009192146353322543,0.009104775002232508,0.01829692135555505,-0.22963355361468646,-1.2484504999999904,0 days 04:00:00
15m,DEVELOPMENT,30,CLOSED,BTCUSDT,LONG,2024-02-16 02:45:00+00:00,2024-02-16 03:00:00+00:00,52168.14,52194.22407,2024-02-16 09:00:00+00:00,51672.281829299995,51646.44568838535,0.0003480094019440342,18.164080703533614,0.18164080703533614,51672.281829299995,53238.1085514,SL,-0.1725633054343715,0.018164080703533616,0.017973448676550027,0.009077501600965333,0.008991219948247578,0.01806872154921291,-0.22676955636366808,-1.2484504999999955,0 days 06:00:00
15m,DEVELOPMENT,31,CLOSED,BTCUSDT,LONG,2024-02-16 11:30:00+00:00,2024-02-16 11:45:00+00:00,52332.79,52358.956395,2024-02-16 14:45:00+00:00,51835.36683105,51809.44914763448,0.00034258776196494697,17.937537690183298,0.17937537690183297,51835.36683105,53406.135522900004,SL,-0.1704110902000926,0.0179375376901833,0.017749283232124824,0.008964286701740844,0.00887908115663982,0.017843367858380664,-0.22394127898078137,-1.2484504999999975,0 days 03:00:00
15m,DEVELOPMENT,32,CLOSED,BTCUSDT,LONG,2024-02-18 08:45:00+00:00,2024-02-18 09:00:00+00:00,51790.0,51815.895,2024-02-20 13:30:00+00:00,52852.2129,52825.78679355,0.0003418607384618936,17.71382012876394,0.17713820128763938,51297.73605,52852.2129,TP,0.3631288863977491,0.01771382012876394,0.01805906248307355,0.00885248382246964,0.009034048265667945,0.017886532088137584,0.309469471697774,1.7470510000000132,2 days 04:30:00
15m,DEVELOPMENT,33,CLOSED,BTCUSDT,LONG,2024-02-20 13:30:00+00:00,2024-02-20 13:45:00+00:00,52874.68,52901.11734,2024-02-20 14:00:00+00:00,52372.106166599995,52345.920113516695,0.0003406918671360965,18.02298044015033,0.18022980440150332,52372.106166599995,53959.1396868,SL,-0.17122281767479328,0.01802298044015033,0.01783382926043095,0.009006986726710707,0.008921375317874436,0.017928362044585144,-0.2250079894199597,-1.2484505000000037,0 days 00:15:00
15m,DEVELOPMENT,34,CLOSED,BTCUSDT,LONG,2024-02-22 06:30:00+00:00,2024-02-22 06:45:00+00:00,51742.0,51767.871,2024-02-22 13:15:00+00:00,51250.19229,51224.567193855,0.0003438077883082459,17.79819723393658,0.1779819723393658,51250.19229,52803.22842,SL,-0.16908732104804353,0.01779819723393658,0.017611405153966416,0.00889465129132235,0.008810107630798154,0.017704758922120506,-0.222201682358067,-1.2484504999999977,0 days 06:30:00
15m,DEVELOPMENT,35,CLOSED,BTCUSDT,LONG,2024-02-22 20:15:00+00:00,2024-02-22 20:30:00+00:00,51915.2,51941.15759999999,2024-02-22 22:15:00+00:00,51421.74602399999,51396.035150988,0.00033838709692679574,17.57621753128117,0.1757621753128117,51421.74602399999,52979.98075199999,SL,-0.1669784584056262,0.01757621753128117,0.017391755128290377,0.008783716907185055,0.008700227677982288,0.017483944585167343,-0.2194303756503651,-1.2484504999999868,0 days 01:45:00
15m,DEVELOPMENT,36,CLOSED,BTCUSDT,LONG,2024-02-24 07:45:00+00:00,2024-02-24 08:00:00+00:00,51068.7,51094.23434999999,2024-02-26 15:15:00+00:00,52116.11903699999,52090.060977481495,0.0003397057728255262,17.357006366795297,0.17357006366795297,50583.29200649999,52116.11903699999,TP,0.3558142934362509,0.017357006366795297,0.017695294420884137,0.008674166100345588,0.008852073247063802,0.017526239347409392,0.30323575330116204,1.7470510000000066,2 days 07:15:00
15m,DEVELOPMENT,37,CLOSED,BTCUSDT,LONG,2024-02-27 01:30:00+00:00,2024-02-27 01:45:00+00:00,55100.01,55127.560005,2024-02-27 02:00:00+00:00,56230.1112051,56201.996149497456,0.0003203468317058517,17.659939187275977,0.17659939187275978,54576.28440495,56230.1112051,TP,0.36202434056074984,0.01765993918727598,0.018004131402035987,0.008825556815229516,0.009006568985509437,0.01783212580073895,0.3085281441706989,1.7470510000000117,0 days 00:15:00
15m,DEVELOPMENT,38,CLOSED,BTCUSDT,LONG,2024-02-28 04:45:00+00:00,2024-02-28 05:00:00+00:00,57207.49,57236.093745,2024-02-28 08:00:00+00:00,58380.8156199,58351.62521209005,0.000313930562619712,17.96815911152243,0.17968159111522428,56663.73280755,58380.8156199,TP,0.36834277199133014,0.017968159111522428,0.018318358532606,0.008979589760880882,0.009163761146875471,0.018143350907756352,0.3139129034394454,1.7470510000000095,0 days 03:00:00
15m,DEVELOPMENT,39,CLOSED,BTCUSDT,LONG,2024-03-01 12:30:00+00:00,2024-03-01 12:45:00+00:00,62493.49,62524.736744999995,2024-03-01 14:30:00+00:00,61899.489377549995,61868.539632861226,0.00029239240926703626,18.28175841565774,0.18281758415657742,61899.489377549995,63775.231479899994,SL,-0.17368127310427556,0.018281758415657743,0.018089891361085415,0.009136311052301765,0.009049470415748823,0.01818578146805059,-0.2282387043490693,-1.2484504999999897,0 days 01:45:00
15m,DEVELOPMENT,40,CLOSED,BTCUSDT,LONG,2024-03-03 04:15:00+00:00,2024-03-03 04:30:00+00:00,62090.79,62121.835394999995,2024-03-03 07:15:00+00:00,61500.61704104999,61469.86673252947,0.0002906183889643322,18.053747722002328,0.18053747722002328,61500.61704104999,63364.272102899995,SL,-0.1715151145403649,0.018053747722002328,0.017864273639659912,0.009022362679659512,0.008936605122390981,0.017958967802050495,-0.2253921037040776,-1.2484505000000052,0 days 02:45:00
15m,DEVELOPMENT,41,CLOSED,BTCUSDT,LONG,2024-03-03 12:15:00+00:00,2024-03-03 12:30:00+00:00,62568.01,62599.294004999996,2024-03-03 13:15:00+00:00,61973.30106494999,61942.314414417524,0.00028480482198107527,17.828580785235015,0.17828580785235015,61973.30106494999,63851.2798851,SL,-0.16937597237747296,0.017828580785235016,0.017641469829893976,0.00890983547487838,0.008825147488689353,0.017734982963567732,-0.2225810059561697,-1.2484504999999957,0 days 00:45:00
15m,DEVELOPMENT,42,CLOSED,BTCUSDT,LONG,2024-03-03 22:00:00+00:00,2024-03-03 22:15:00+00:00,62998.04,63029.53902,2024-03-04 00:45:00+00:00,62399.243629799996,62368.044007985096,0.00027933287172447036,17.606222137926157,0.17606222137926156,62399.243629799996,64290.1298004,SL,-0.16726350966615652,0.017606222137926158,0.017421444836588623,0.008798711713105312,0.008715079958273373,0.017513791671378683,-0.21980496831204996,-1.248450500000001,0 days 02:30:00
15m,DEVELOPMENT,43,CLOSED,BTCUSDT,LONG,2024-03-04 07:30:00+00:00,2024-03-04 07:45:00+00:00,64123.14,64155.20157,2024-03-04 08:30:00+00:00,65438.305601399996,65405.5864485993,0.0002710089958337425,17.38663675499704,0.1738663675499704,63513.6495543,65438.305601399996,TP,0.3564217089904931,0.017386636754997038,0.017725502305351932,0.008688973890552709,0.008867184745047177,0.017556158635599887,0.30375341129454425,1.7470510000000052,0 days 00:45:00
15m,DEVELOPMENT,44,CLOSED,BTCUSDT,LONG,2024-03-08 11:45:00+00:00,2024-03-08 12:00:00+00:00,67741.22,67775.09061,2024-03-08 15:15:00+00:00,69130.5924222,69096.02712598891,0.00026101162768080654,17.690086716330246,0.17690086716330247,67097.3397039,69130.5924222,TP,0.36264235737324724,0.017690086716330246,0.01803486650643153,0.008840623046641313,0.009021944225326014,0.017862567271967326,0.3090548368785181,1.747051000000019,0 days 03:15:00
15m,DEVELOPMENT,45,CLOSED,BTCUSDT,LONG,2024-03-09 06:30:00+00:00,2024-03-09 06:45:00+00:00,68385.98,68420.17298999999,2024-03-10 09:45:00+00:00,69788.57644979999,69753.6821615751,0.00026306324612404314,17.998832807117978,0.1799883280711798,67735.97126009999,69788.57644979999,TP,0.3689715750864454,0.01799883280711798,0.01834963005852871,0.008994918944085871,0.009179404731629042,0.018174323675714914,0.3144487885450838,1.747051000000006,1 days 03:00:00
15m,DEVELOPMENT,46,CLOSED,BTCUSDT,LONG,2024-03-10 09:45:00+00:00,2024-03-10 10:00:00+00:00,69776.32,69811.20816000001,2024-03-10 14:30:00+00:00,69113.0960784,69078.53953036081,0.00026232130833544315,18.31296746100917,0.1831296746100917,69113.0960784,71207.43232320002,SL,-0.1739777668334758,0.018312967461009168,0.018120772867505876,0.009151907776616864,0.009064918893198503,0.01821682666981537,-0.22862833383180622,-1.2484504999999997,0 days 04:30:00
15m,DEVELOPMENT,47,CLOSED,BTCUSDT,LONG,2024-03-13 06:00:00+00:00,2024-03-13 06:15:00+00:00,72289.67,72325.814835,2024-03-14 07:00:00+00:00,73772.3311317,73735.44496613416,0.0002500430526551048,18.084567527111265,0.18084567527111264,71602.55668665,73772.3311317,TP,0.3707291154233419,0.018084567527111264,0.018437035748214668,0.009037764881114862,0.009223129438824295,0.018260894319939158,0.31594661782807687,1.7470510000000234,1 days 00:45:00
15m,DEVELOPMENT,48,CLOSED,BTCUSDT,LONG,2024-03-17 22:30:00+00:00,2024-03-17 22:45:00+00:00,68774.4,68808.78719999999,2024-03-17 23:15:00+00:00,68120.69932799999,68086.63897833599,0.00026741059191277985,18.400198513952507,0.18400198513952506,68120.69932799999,70184.962944,SL,-0.17480648363330364,0.01840019851395251,0.018207088430548576,0.009195501506222446,0.009108098264405428,0.018303599770627874,-0.2297173703484326,-1.2484504999999997,0 days 00:30:00
15m,DEVELOPMENT,49,CLOSED,BTCUSDT,LONG,2024-03-23 14:30:00+00:00,2024-03-23 14:45:00+00:00,65078.17,65110.709084999995,2024-03-23 23:15:00+00:00,64459.60199415,64427.37219315293,0.0002790740707149303,18.170710631486543,0.18170710631486542,64459.60199415,66412.92326669999,SL,-0.17262629140657637,0.018170710631486543,0.017980009023409096,0.009080814908288208,0.008994501762584196,0.018075316670872404,-0.22685232773234443,-1.2484504999999864,0 days 08:30:00
15m,DEVELOPMENT,50,CLOSED,BTCUSDT,LONG,2024-03-25 13:45:00+00:00,2024-03-25 14:00:00+00:00,67984.01,68018.00200499999,2024-03-25 14:15:00+00:00,69378.36204509999,69343.67286407744,0.0002638137610707408,17.944084929456235,0.17944084929456236,67337.82198494999,69378.36204509999,TP,0.36784925727450835,0.017944084929456237,0.018293815144731336,0.008967558685383523,0.009151483314022614,0.018119041999406137,0.31349231520091464,1.747051000000001,0 days 00:15:00
15m,DEVELOPMENT,51,CLOSED,BTCUSDT,LONG,2024-03-26 07:00:00+00:00,2024-03-26 07:15:00+00:00,70824.01,70859.42200499999,2024-03-26 13:30:00+00:00,70150.82778494999,70115.75237105752,0.0002576547133595419,18.25726406552109,0.1825726406552109,70150.82778494999,72276.61044509998,SL,-0.17344857065745142,0.018257264065521087,0.018065654079153448,0.009124069997759356,0.00903734571243104,0.018161415710190396,-0.22793290451231635,-1.248450499999989,0 days 06:15:00
15m,DEVELOPMENT,52,CLOSED,BTCUSDT,LONG,2024-03-27 13:00:00+00:00,2024-03-27 13:15:00+00:00,71238.79,71274.409395,2024-03-27 13:30:00+00:00,70561.66530105,70526.38446839948,0.0002529597792426308,18.029558866208088,0.1802955886620809,70561.66530105,72699.8975829,SL,-0.17128531436612288,0.01802955886620809,0.017840338645907238,0.009010274295956454,0.008924631638771304,0.017934905934727758,-0.22509011781296595,-1.248450499999982,0 days 00:15:00
15m,DEVELOPMENT,53,CLOSED,BTCUSDT,LONG,2024-03-28 06:00:00+00:00,2024-03-28 06:15:00+00:00,69987.3,70022.29364999999,2024-03-28 14:30:00+00:00,71422.739523,71387.0281532385,0.00025427178524946374,17.804693613647686,0.17804693613647687,69322.0707135,71422.739523,TP,0.36499177013084705,0.017804693613647685,0.01815170709217768,0.008897897857892209,0.009080393742959977,0.017978291600852188,0.3110570778241695,1.7470510000000081,0 days 08:15:00
15m,DEVELOPMENT,54,CLOSED,BTCUSDT,LONG,2024-03-28 14:45:00+00:00,2024-03-28 15:00:00+00:00,71537.97,71573.738985,2024-03-28 16:00:00+00:00,70858.00159515001,70822.57259435244,0.00025310176891746414,18.115439945140366,0.18115439945140366,70858.00159515001,73005.2137647,SL,-0.17210120607551918,0.018115439945140366,0.017925318402916123,0.009053193375882855,0.008967142772841974,0.01802033614872483,-0.2261623005723005,-1.2484504999999773,0 days 01:00:00
15m,DEVELOPMENT,55,CLOSED,BTCUSDT,LONG,2024-03-28 23:00:00+00:00,2024-03-28 23:15:00+00:00,71052.59,71088.116295,2024-03-29 03:15:00+00:00,70377.23513205,70342.04651448398,0.0002516525196236004,17.889503580932274,0.17889503580932276,70377.23513205,72509.8786209,SL,-0.16995475415968003,0.017889503580932276,0.017701753240850392,0.008940281649642147,0.008855304272559806,0.017795585922201953,-0.22334159690366465,-1.2484504999999875,0 days 04:00:00
15m,DEVELOPMENT,56,CLOSED,BTCUSDT,LONG,2024-03-30 01:15:00+00:00,2024-03-30 01:30:00+00:00,70089.1,70124.14455,2024-04-01 05:45:00+00:00,69422.9031045,69388.19165294776,0.0002519301335634908,17.666385102507036,0.17666385102507037,69422.9031045,71526.627441,SL,-0.16783507286289914,0.017666385102507037,0.017480976390856228,0.008828778162170273,0.008744860625738655,0.017573638787908928,-0.2205560731441713,-1.2484504999999813,2 days 04:15:00
15m,DEVELOPMENT,57,CLOSED,BTCUSDT,LONG,2024-04-03 08:30:00+00:00,2024-04-03 08:45:00+00:00,66548.39,66581.66419499999,2024-04-03 11:00:00+00:00,65915.84755304999,65882.88962927346,0.00026202483185168565,17.446049365100272,0.17446049365100272,65915.84755304999,67913.29747889999,SL,-0.1657418283011312,0.01744604936510027,0.017262953077013542,0.008718665349872807,0.008635794435725508,0.017354459785598315,-0.21780529052884331,-1.2484505000000123,0 days 02:15:00
15m,DEVELOPMENT,58,CLOSED,BTCUSDT,LONG,2024-04-04 12:00:00+00:00,2024-04-04 12:15:00+00:00,66573.57,66606.856785,2024-04-04 16:15:00+00:00,67938.9939207,67905.02442373965,0.0002586589803792414,17.228461662274253,0.17228461662274253,65940.78821715,67938.9939207,TP,0.353179159113686,0.017228461662274253,0.017564244380071984,0.008609925868200264,0.008786515447758386,0.01739644131595865,0.30099001175538115,1.7470510000000128,0 days 04:00:00
15m,DEVELOPMENT,59,CLOSED,BTCUSDT,LONG,2024-04-06 05:30:00+00:00,2024-04-06 05:45:00+00:00,68093.6,68127.6468,2024-04-06 23:00:00+00:00,69490.19973600001,69455.45463613201,0.00025729864171247443,17.529150984707204,0.17529150984707204,67446.370332,69490.19973600001,TP,0.35934321508880135,0.017529150984707205,0.017870794137399153,0.008760195394655357,0.00893986700220059,0.017700062396855946,0.306243207569839,1.7470510000000112,0 days 17:15:00
15m,DEVELOPMENT,60,CLOSED,BTCUSDT,LONG,2024-04-06 23:00:00+00:00,2024-04-06 23:15:00+00:00,69556.98,69591.75849,2024-04-06 23:45:00+00:00,68895.84090509999,68861.39298464745,0.00025628161497843983,17.83508825500675,0.17835088255006748,68895.84090509999,70983.5936598,SL,-0.1694377949663573,0.01783508825500675,0.017647909003770456,0.008913087583710741,0.008828368686226148,0.017741456269936888,-0.22266224849507138,-1.2484504999999908,0 days 00:30:00
15m,DEVELOPMENT,61,CLOSED,BTCUSDT,LONG,2024-04-07 14:45:00+00:00,2024-04-07 15:00:00+00:00,69578.44,69613.22922,2024-04-07 19:45:00+00:00,68917.0969278,68882.6383793361,0.0002530072034247798,17.612648446320364,0.17612648446320364,68917.0969278,71005.4938044,SL,-0.16732456120167546,0.017612648446320364,0.017427803700876238,0.008801923261527261,0.00871826098092746,0.01752018424245472,-0.21988519759132677,-1.2484504999999884,0 days 04:45:00
15m,DEVELOPMENT,62,CLOSED,BTCUSDT,LONG,2024-04-08 07:00:00+00:00,2024-04-08 07:15:00+00:00,69911.67,69946.625835,2024-04-08 08:15:00+00:00,71345.5583517,71309.88557252416,0.00024866078537212264,17.392982914261104,0.17392982914261104,69247.15957665,71345.5583517,TP,0.3565518036696621,0.017392982914261106,0.017731972151260055,0.008692145384438497,0.008870421286272115,0.017562566670710614,0.3038642819334303,1.7470510000000146,0 days 01:00:00
15m,DEVELOPMENT,63,CLOSED,BTCUSDT,LONG,2024-04-11 20:15:00+00:00,2024-04-11 20:30:00+00:00,70678.52,70713.85926,2024-04-11 21:45:00+00:00,70006.72066739999,69971.7173070663,0.0002502556616293116,17.696543635473322,0.17696543635473322,70006.72066739999,72128.1364452,SL,-0.16812158646194653,0.017696543635473322,0.01751081841001903,0.00884384989278861,0.008759789099557394,0.017603638992346002,-0.22093258749978487,-1.2484505,0 days 01:15:00
15m,DEVELOPMENT,64,CLOSED,BTCUSDT,LONG,2024-04-12 03:15:00+00:00,2024-04-12 03:30:00+00:00,70914.01,70949.46700499998,2024-04-12 13:00:00+00:00,70239.97233494998,70204.85234878252,0.00024631378497343186,17.475831759849164,0.17475831759849164,70239.97233494998,72368.45634509998,SL,-0.16602476849312253,0.017475831759849163,0.01729242290552955,0.008733549105369262,0.008650536721123762,0.017384085826493024,-0.21817710898499423,-1.2484504999999917,0 days 09:30:00
15m,DEVELOPMENT,65,CLOSED,BTCUSDT,LONG,2024-04-13 15:15:00+00:00,2024-04-13 15:30:00+00:00,67884.31,67918.252155,2024-04-13 16:15:00+00:00,67239.06963345,67205.45009863327,0.000254097713978694,17.257872610014005,0.17257872610014005,67239.06963345,69276.6171981,SL,-0.16395410210713016,0.017257872610014005,0.01707675123697191,0.008624623993009737,0.008542646941956654,0.01716727093496639,-0.21545599688908249,-1.2484504999999977,0 days 00:45:00
15m,DEVELOPMENT,66,CLOSED,BTCUSDT,LONG,2024-04-15 06:15:00+00:00,2024-04-15 06:30:00+00:00,66339.51,66372.67975499999,2024-04-15 13:45:00+00:00,65708.95295744999,65676.09848097127,0.00025677179099578546,17.04263185388106,0.1704263185388106,65708.95295744999,67700.13335009999,SL,-0.16190926114057036,0.01704263185388106,0.016863769432574578,0.008517057398240215,0.00843610276767037,0.016953160165910586,-0.21276882259293659,-1.2484504999999955,0 days 07:15:00
15m,DEVELOPMENT,67,CLOSED,BTCUSDT,LONG,2024-04-20 15:30:00+00:00,2024-04-20 15:45:00+00:00,64568.96,64601.244479999994,2024-04-22 03:45:00+00:00,65893.26936959999,65860.3227349152,0.00026052246706740923,16.83007558755445,0.1683007558755445,63955.232035199995,65893.26936959999,TP,0.3450123441286755,0.01683007558755445,0.017158093760755888,0.008410832377587078,0.008583338549650479,0.016994170927237557,0.2940300038531276,1.7470510000000103,1 days 12:00:00
15m,DEVELOPMENT,68,CLOSED,BTCUSDT,LONG,2024-04-22 14:00:00+00:00,2024-04-22 14:15:00+00:00,66273.99,66307.126995,2024-04-24 14:15:00+00:00,65644.05572505,65611.23369718748,0.00025824994432998503,17.123811855139998,0.17123811855139998,65644.05572505,67633.2695349,SL,-0.16268049143738866,0.01712381185514,0.016944097449720304,0.008557627114011307,0.008476286868293808,0.017033913982305117,-0.21378231472455408,-1.248450499999997,2 days 00:00:00
15m,DEVELOPMENT,69,CLOSED,BTCUSDT,LONG,2024-04-28 00:15:00+00:00,2024-04-28 00:30:00+00:00,63734.01,63765.877005,2024-04-28 22:30:00+00:00,63128.21823495,63096.65412583253,0.00026519266892283876,16.910243109161424,0.16910243109161424,63128.21823495,65041.19454510001,SL,-0.16065153498508733,0.016910243109161425,0.016732770107730777,0.008450896106527463,0.008370570339033403,0.016821466445560866,-0.2111160146475404,-1.2484504999999944,0 days 22:00:00
15m,DEVELOPMENT,70,CLOSED,BTCUSDT,LONG,2024-04-29 22:15:00+00:00,2024-04-29 22:30:00+00:00,63497.54,63529.28877,2024-04-30 08:00:00+00:00,62893.9958823,62862.548884358854,0.00026286045889922256,16.699337999623427,0.1669933799962343,62893.9958823,64799.8745454,SL,-0.1586478837445492,0.016699337999623427,0.01652407844731738,0.008345496251685432,0.008266172309812076,0.016611668561497508,-0.20848296875298747,-1.2484504999999926,0 days 09:30:00
15m,DEVELOPMENT,71,CLOSED,BTCUSDT,LONG,2024-05-02 11:00:00+00:00,2024-05-02 11:15:00+00:00,58135.45,58164.51772499999,2024-05-02 15:15:00+00:00,59327.80807949999,59298.14417546024,0.0002835244570157656,16.4910633055645,0.164910633055645,57582.87254774999,59327.80807949999,TP,0.338062677058597,0.016491063305564498,0.01681247412938995,0.008241410947306757,0.008410442285837745,0.0166518532331445,0.28810728639049804,1.7470510000000024,0 days 04:00:00
15m,DEVELOPMENT,72,CLOSED,BTCUSDT,LONG,2024-05-03 12:30:00+00:00,2024-05-03 12:45:00+00:00,60461.94,60492.17097,2024-05-03 13:30:00+00:00,61702.0143894,61671.163382205305,0.00027737279888349946,16.778882772488075,0.16778882772488074,59887.2492603,61702.0143894,TP,0.3439629042116238,0.016778882772488075,0.01710590319772387,0.008385248761862243,0.008557230213967483,0.016942478975829726,0.2931356392655821,1.7470510000000088,0 days 00:45:00
15m,DEVELOPMENT,73,CLOSED,BTCUSDT,LONG,2024-05-03 20:15:00+00:00,2024-05-03 20:30:00+00:00,62764.38,62795.762189999994,2024-05-04 10:45:00+00:00,64051.677433799996,64019.6515950831,0.0002718611093102681,17.07172556895719,0.1707172556895719,62167.80456809999,64051.677433799996,TP,0.34996610836512904,0.017071725568957193,0.01740445350029617,0.008531596985984685,0.008706580040166594,0.01723817702615128,0.2982517522697244,1.7470510000000123,0 days 14:15:00
15m,DEVELOPMENT,74,CLOSED,BTCUSDT,LONG,2024-05-04 10:45:00+00:00,2024-05-04 11:00:00+00:00,64420.9,64453.11045,2024-05-04 11:45:00+00:00,63808.5793455,63776.675055827254,0.0002694932679921337,17.369679367428443,0.17369679367428442,63808.5793455,65742.172659,SL,-0.16501629424028702,0.017369679367428444,0.017187384582467283,0.008680499433996864,0.008597991286876496,0.01727849072087336,-0.21685184891105613,-1.2484504999999937,0 days 00:45:00
15m,DEVELOPMENT,75,CLOSED,BTCUSDT,LONG,2024-05-04 20:00:00+00:00,2024-05-04 20:15:00+00:00,64126.21,64158.27310499999,2024-05-05 00:30:00+00:00,63516.69037394999,63484.93202876302,0.0002673551410222466,17.153044153731084,0.17153044153731084,63516.69037394999,65441.43856709999,SL,-0.16295820557842713,0.017153044153731086,0.016973022955337678,0.008572235958884445,0.008490756856096163,0.01706299281498061,-0.2141472655024765,-1.2484505000000001,0 days 04:15:00
15m,DEVELOPMENT,76,CLOSED,BTCUSDT,LONG,2024-05-05 13:15:00+00:00,2024-05-05 13:30:00+00:00,63999.67,64031.66983499999,2024-05-06 08:15:00+00:00,65312.303231699996,65279.64708008415,0.00026454269996722447,16.93911082156078,0.16939110821560782,63391.353136649996,65312.303231699996,TP,0.3472475391806208,0.01693911082156078,0.017269254091473,0.008465322749404385,0.008638946518995256,0.01710426926839964,0.29593490499918734,1.7470510000000088,0 days 18:45:00
15m,DEVELOPMENT,77,CLOSED,BTCUSDT,LONG,2024-05-06 08:15:00+00:00,2024-05-06 08:30:00+00:00,65390.94,65423.63547,2024-05-06 10:15:00+00:00,64769.3991153,64737.01441574236,0.0002634330844423531,17.234750087294238,0.17234750087294237,64769.3991153,66732.1081794,SL,-0.16373443236354993,0.017234750087294238,0.017053871385128087,0.008613068509392093,0.008531201293209579,0.01714426980260167,-0.21516732363857394,-1.248450499999992,0 days 01:45:00
15m,DEVELOPMENT,78,CLOSED,BTCUSDT,LONG,2024-05-07 08:15:00+00:00,2024-05-07 08:30:00+00:00,64252.13,64284.256064999994,2024-05-07 11:30:00+00:00,63641.41350434999,63609.59279759782,0.00026475841454582033,17.019797716026932,0.17019797716026933,63641.41350434999,65569.9411863,SL,-0.16169233112527484,0.017019797716026932,0.01684117493899723,0.008505646034995108,0.008424799869432686,0.016930445904427792,-0.2124837496847268,-1.2484505,0 days 03:00:00
15m,DEVELOPMENT,79,CLOSED,BTCUSDT,LONG,2024-05-10 06:45:00+00:00,2024-05-10 07:00:00+00:00,63166.0,63197.583,2024-05-10 14:00:00+00:00,62565.607169999996,62534.324366415,0.0002659520418339482,16.807526237820415,0.16807526237820417,62565.607169999996,64461.53466,SL,-0.1596756990409637,0.016807526237820416,0.016631131249954488,0.008399563337241246,0.00831972548772008,0.016719288824961327,-0.20983364535369994,-1.2484504999999986,0 days 07:00:00
15m,DEVELOPMENT,80,CLOSED,BTCUSDT,LONG,2024-05-12 10:15:00+00:00,2024-05-12 10:30:00+00:00,61280.0,61310.64,2024-05-13 08:00:00+00:00,62536.8528,62505.5843736,0.00027071813663155446,16.59790221648805,0.16597902216488047,60697.5336,62536.8528,TP,0.34025284803615197,0.016597902216488047,0.0169213953306874,0.008294803706390672,0.0084649301304084,0.016759733836799073,0.2899738166521775,1.7470510000000052,0 days 21:30:00
15m,DEVELOPMENT,81,CLOSED,BTCUSDT,LONG,2024-05-13 16:15:00+00:00,2024-05-13 16:30:00+00:00,63210.98,63242.58549,2024-05-13 17:30:00+00:00,62610.1596351,62578.85455528245,0.00026702871519504836,16.88758634900771,0.16887586349007708,62610.1596351,64507.4371998,SL,-0.16043629010226876,0.016887586349007708,0.016710351130274873,0.00843957338780847,0.008359355242757842,0.016798928630566312,-0.21083315621211762,-1.248450499999995,0 days 01:00:00
15m,DEVELOPMENT,82,CLOSED,BTCUSDT,LONG,2024-05-15 03:00:00+00:00,2024-05-15 03:15:00+00:00,61925.09,61956.05254499999,2024-05-15 12:30:00+00:00,63195.17359589999,63163.57600910205,0.000269174085989685,16.67696381532927,0.1667696381532927,61336.492019549994,63195.17359589999,TP,0.34187359105687387,0.01667696381532927,0.017001997840090037,0.008334314750288108,0.008505251545816104,0.01683956629610421,0.2913550631053503,1.7470510000000128,0 days 09:15:00
15m,DEVELOPMENT,83,CLOSED,BTCUSDT,LONG,2024-05-16 07:30:00+00:00,2024-05-16 07:45:00+00:00,66160.6,66193.6803,2024-05-16 15:00:00+00:00,65531.743497,65498.97762525151,0.0002563390906433029,16.968027814435516,0.16968027814435516,65531.743497,67517.55390600002,SL,-0.16120050412414816,0.016968027814435516,0.016789948362523014,0.008479774020208022,0.00839917376814444,0.01687894778835246,-0.21183742808945916,-1.2484504999999992,0 days 07:15:00
15m,DEVELOPMENT,84,CLOSED,BTCUSDT,LONG,2024-05-17 06:45:00+00:00,2024-05-17 07:00:00+00:00,65955.56,65988.53778,2024-05-17 15:15:00+00:00,67308.3085356,67274.65438133219,0.0002539289788176959,16.756402012148346,0.16756402012148347,65328.6524022,67308.3085356,TP,0.34350205424204056,0.016756402012148345,0.017082984287365113,0.00837401399907491,0.008545765026196257,0.016919779025271166,0.2927428889172559,1.7470509999999886,0 days 08:15:00
15m,DEVELOPMENT,85,CLOSED,BTCUSDT,LONG,2024-05-18 07:15:00+00:00,2024-05-18 07:30:00+00:00,67190.0,67223.595,2024-05-19 16:45:00+00:00,66551.35905,66518.083370475,0.0002536141134764828,17.048852450627123,0.17048852450627125,66551.35905,68568.0669,SL,-0.161968358364029,0.017048852450627122,0.01686992474415779,0.008520166142242736,0.008439181963061057,0.016959348105303793,-0.2128464836641177,-1.2484505000000066,1 days 09:15:00
15m,DEVELOPMENT,86,CLOSED,BTCUSDT,LONG,2024-05-20 04:30:00+00:00,2024-05-20 04:45:00+00:00,67055.0,67088.5275,2024-05-20 06:45:00+00:00,66417.64222499999,66384.4334038875,0.00025095525611011247,16.836218600812824,0.16836218600812825,66417.64222499999,68430.29805,SL,-0.1599482836588993,0.016836218600812823,0.016659522486597293,0.00841390234923092,0.00833392820740078,0.016747830556631697,-0.2101918553029411,-1.2484505000000024,0 days 02:00:00
15m,DEVELOPMENT,87,CLOSED,BTCUSDT,LONG,2024-05-20 16:00:00+00:00,2024-05-20 16:15:00+00:00,67513.99,67547.74699500001,2024-05-20 19:15:00+00:00,68898.7019349,68864.25258393255,0.0002461405075229824,16.62623672738331,0.16626236727383312,66872.26952505001,68898.7019349,TP,0.34083369842941663,0.016626236727383312,0.016950282081200013,0.00830896388175161,0.008479380730965562,0.016788344612717172,0.2904688350081161,1.7470509999999921,0 days 03:00:00
15m,DEVELOPMENT,88,CLOSED,BTCUSDT,LONG,2024-05-22 15:30:00+00:00,2024-05-22 15:45:00+00:00,70500.5,70535.75025,2024-05-22 17:30:00+00:00,69830.3927475,69795.47755112624,0.0002398275388548104,16.916415383735078,0.16916415383735078,69830.3927475,71946.465255,SL,-0.1607101731358353,0.01691641538373508,0.016738877604282776,0.008453980701516138,0.008373625614949615,0.01682760631646575,-0.2111930724403189,-1.2484505000000083,0 days 01:45:00
15m,DEVELOPMENT,89,CLOSED,BTCUSDT,LONG,2024-05-23 11:15:00+00:00,2024-05-23 11:30:00+00:00,69928.7,69963.66434999999,2024-05-23 12:45:00+00:00,69264.0277065,69229.39569264675,0.00023877298950230173,16.70543329338511,0.1670543329338511,69264.0277065,71362.937637,SL,-0.15870579055834627,0.01670543329338511,0.016530109770971035,0.008348542375503547,0.008269189480224785,0.016617731855728332,-0.20855906547843073,-1.248450499999987,0 days 01:15:00
15m,DEVELOPMENT,90,CLOSED,BTCUSDT,LONG,2024-05-24 15:00:00+00:00,2024-05-24 15:15:00+00:00,68194.46,68228.55723,2024-05-25 11:15:00+00:00,69593.12837460001,69558.33181041271,0.0002417914616457359,16.497082578621445,0.16497082578621444,67546.27165770001,69593.12837460001,TP,0.33818607065220097,0.016497082578621446,0.016818610718078778,0.00824441907977069,0.008413512115097312,0.016657931194868,0.28821244616063274,1.7470510000000061,0 days 20:00:00
15m,DEVELOPMENT,91,CLOSED,BTCUSDT,LONG,2024-05-25 23:00:00+00:00,2024-05-25 23:15:00+00:00,69294.99,69329.637495,2024-05-26 21:00:00+00:00,68636.34112005,68602.02294948998,0.000242104354021337,16.78500710026044,0.1678500710026044,68636.34112005,70716.2302449,SL,-0.1594617616071737,0.01678500710026044,0.01660884845074321,0.008388309395431882,0.008308578514626387,0.01669688791005827,-0.2095525050682356,-1.248450499999992,0 days 21:45:00
15m,DEVELOPMENT,92,CLOSED,BTCUSDT,LONG,2024-05-27 14:15:00+00:00,2024-05-27 14:30:00+00:00,69058.32,69092.84916,2024-05-27 15:30:00+00:00,70474.7061432,70439.4687901284,0.00023990418892654787,16.575663938354115,0.16575663938354115,68401.9206684,70474.7061432,TP,0.3397969688911967,0.016575663938354114,0.01689872362851264,0.00828369012411283,0.008453588608560478,0.016737278732673305,0.28958530259165666,1.7470510000000103,0 days 01:00:00
15m,DEVELOPMENT,93,CLOSED,BTCUSDT,LONG,2024-05-29 01:30:00+00:00,2024-05-29 01:45:00+00:00,68671.97,68706.305985,2024-05-29 07:45:00+00:00,68019.24292515,67985.23330368743,0.00024546451309172637,16.86495994493919,0.16864959944939192,68019.24292515,70080.4321047,SL,-0.16022133360984242,0.01686495994493919,0.016687962190317054,0.008428265839549302,0.008348155172742795,0.016776421012292098,-0.21055067675739075,-1.2484504999999864,0 days 06:00:00
15m,DEVELOPMENT,94,CLOSED,BTCUSDT,LONG,2024-05-30 02:15:00+00:00,2024-05-30 02:30:00+00:00,68098.52,68132.56926,2024-05-30 08:00:00+00:00,67451.2435674,67417.5179456163,0.0002444443206737544,16.65461960851822,0.1665461960851822,67451.2435674,69495.22064520001,SL,-0.158223047855039,0.01665461960851822,0.016479829375726823,0.008323148230143984,0.008244036706216139,0.016567184936360124,-0.20792468177564413,-1.2484505000000021,0 days 05:30:00
15m,DEVELOPMENT,95,CLOSED,BTCUSDT,LONG,2024-05-30 12:30:00+00:00,2024-05-30 12:45:00+00:00,68228.0,68262.114,2024-05-31 14:30:00+00:00,67579.49286,67545.70311357001,0.00024093749343460694,16.44690264370739,0.1644690264370739,67579.49286,69627.35628,SL,-0.1562496847860461,0.01644690264370739,0.016274292400461684,0.008219341651028517,0.008141216808632619,0.016360558459661136,-0.2053314382898763,-1.2484504999999888,1 days 01:45:00
15m,DEVELOPMENT,96,CLOSED,BTCUSDT,LONG,2024-06-02 00:45:00+00:00,2024-06-02 01:00:00+00:00,67888.99,67922.93449500001,2024-06-03 08:15:00+00:00,69281.39318490001,69246.75248830757,0.00023912065125697855,16.241776331729497,0.16241776331729496,67243.70515005001,69281.39318490001,TP,0.33295235638557963,0.016241776331729497,0.016558328552434904,0.008116829750990059,0.008283305929179597,0.016400135680169656,0.28375211582124554,1.7470510000000128,1 days 07:15:00
15m,DEVELOPMENT,97,CLOSED,BTCUSDT,LONG,2024-06-03 08:15:00+00:00,2024-06-03 08:30:00+00:00,69264.56,69299.19227999999,2024-06-03 14:45:00+00:00,68606.20035719998,68571.89725702138,0.000238462302881311,16.525244978903565,0.16525244978903567,68606.20035719998,70685.17612559999,SL,-0.15699395654620926,0.016525244978903564,0.016351812532849973,0.008258493242828156,0.008179996264557336,0.016438489507385492,-0.20630950356534827,-1.248450500000011,0 days 06:15:00
15m,DEVELOPMENT,98,CLOSED,BTCUSDT,LONG,2024-06-04 03:00:00+00:00,2024-06-04 03:15:00+00:00,69332.22,69366.88610999999,2024-06-04 09:15:00+00:00,68673.2172489,68638.88064027554,0.00023525838471197865,16.319141578738385,0.16319141578738386,68673.2172489,70754.22383219999,SL,-0.155035922744538,0.016319141578738386,0.016147872187869526,0.008155493042845657,0.008077975081475404,0.01623346812432106,-0.20373640463546697,-1.2484504999999981,0 days 06:00:00
15m,DEVELOPMENT,99,CLOSED,BTCUSDT,LONG,2024-06-04 13:15:00+00:00,2024-06-04 13:30:00+00:00,69429.78,69464.49489,2024-06-04 16:15:00+00:00,70853.7847878,70818.35789540611,0.0002319977814924652,16.115608706974687,0.16115608706974688,68769.8499411,70853.7847878,TP,0.33036595160424964,0.016115608706974687,0.016429701920673626,0.008053777464755644,0.008218960440555785,0.01627273790531143,0.2815479030712899,1.7470510000000097,0 days 02:45:00
15m,DEVELOPMENT,100,CLOSED,BTCUSDT,LONG,2024-06-05 01:15:00+00:00,2024-06-05 01:30:00+00:00,71002.13,71037.631065,2024-06-06 20:00:00+00:00,70327.25475435,70292.09112697282,0.00023081956841165317,16.396875343409544,0.16396875343409545,70327.25475435,72458.38368629999,SL,-0.1557744129326432,0.016396875343409546,0.01622479013668046,0.008194340501451614,0.008116453294987221,0.016310793796438836,-0.20470687220917208,-1.2484504999999932,1 days 18:30:00
15m,DEVELOPMENT,101,CLOSED,BTCUSDT,LONG,2024-06-07 05:15:00+00:00,2024-06-07 05:30:00+00:00,71320.0,71355.65999999999,2024-06-07 12:30:00+00:00,70642.10339999999,70606.7823483,0.00022692485744747114,16.192372973570215,0.16192372973570215,70642.10339999999,72782.7732,SL,-0.15383158931912702,0.016192372973570214,0.016022434019212595,0.008092140416574311,0.008015224621916587,0.016107365038490896,-0.20215376135040072,-1.2484504999999908,0 days 07:00:00
15m,DEVELOPMENT,102,CLOSED,BTCUSDT,LONG,2024-06-09 12:30:00+00:00,2024-06-09 12:45:00+00:00,69527.44,69562.20372,2024-06-11 01:45:00+00:00,68866.58168280001,68832.14839195862,0.00022987226264989516,15.990421164029355,0.15990421164029356,68866.58168280001,70953.44779440001,SL,-0.15191299666576444,0.015990421164029354,0.01582260169391287,0.007991214974528022,0.007915258476192826,0.015906473450720847,-0.19963249297442748,-1.2484504999999824,1 days 13:00:00
15m,DEVELOPMENT,103,CLOSED,BTCUSDT,LONG,2024-06-12 04:30:00+00:00,2024-06-12 04:45:00+00:00,67609.48,67643.28473999999,2024-06-12 12:30:00+00:00,68996.15043479999,68961.65235958259,0.00023344502214536964,15.790988104114842,0.15790988104114842,66966.85189259998,68996.15043479999,TP,0.3237113103602133,0.01579098810411484,0.01609875446226404,0.007891548277916667,0.008053403933098918,0.015944952211015585,0.27587661558281884,1.7470509999999966,0 days 07:45:00
15m,DEVELOPMENT,104,CLOSED,BTCUSDT,LONG,2024-06-12 12:30:00+00:00,2024-06-12 12:45:00+00:00,69417.98,69452.68899,2024-06-12 18:45:00+00:00,68758.16210009999,68723.78301904994,0.00023133141930611805,16.066589118683098,0.16066589118683097,68758.16210009999,70841.7427698,SL,-0.15263661126745107,0.016066589118683097,0.015897970265882518,0.008029279919381668,0.007952961613748236,0.015982241533129903,-0.20058341218514658,-1.2484505000000117,0 days 06:00:00
15m,DEVELOPMENT,105,CLOSED,BTCUSDT,LONG,2024-06-14 13:15:00+00:00,2024-06-14 13:30:00+00:00,67331.18,67364.84558999998,2024-06-14 14:15:00+00:00,66691.19713409999,66657.85153553294,0.00023552649680358472,15.86620608952711,0.1586620608952711,66691.19713409999,68712.14250179999,SL,-0.1507329224197465,0.01586620608952711,0.015699690256617525,0.007929138475523345,0.007853772014314593,0.015782910489837938,-0.19808172925572906,-1.2484504999999837,0 days 00:45:00
15m,DEVELOPMENT,106,CLOSED,BTCUSDT,LONG,2024-06-15 04:00:00+00:00,2024-06-15 04:15:00+00:00,66322.36,66355.52118,2024-06-17 09:45:00+00:00,65691.96596819999,65659.11998521589,0.00023612688086065893,15.668322244116789,0.1566832224411679,65691.96596819999,67682.63160359999,SL,-0.1488529764421113,0.015668322244116788,0.015503883202164783,0.007830245999057807,0.007755819510838115,0.01558606550989592,-0.19561124739828878,-1.2484505000000097,2 days 05:30:00
15m,DEVELOPMENT,107,CLOSED,BTCUSDT,LONG,2024-06-19 04:00:00+00:00,2024-06-19 04:15:00+00:00,65616.01,65648.818005,2024-06-19 14:00:00+00:00,64992.32982494999,64959.83366003752,0.0002356920791989219,15.472906412550069,0.1547290641255007,64992.32982494999,66961.7943651,SL,-0.14699647721268247,0.015472906412550069,0.015310518259750357,0.00773258691281838,0.007659088674212129,0.01539167558703051,-0.1931715774720134,-1.2484505000000001,0 days 09:45:00
15m,DEVELOPMENT,108,CLOSED,BTCUSDT,LONG,2024-06-20 05:45:00+00:00,2024-06-20 06:00:00+00:00,65513.93,65546.686965,2024-06-20 14:00:00+00:00,64891.22009535,64858.774485302325,0.00023311518127279202,15.27992781367693,0.1527992781367693,64891.22009535,66857.6207043,SL,-0.14516313230284794,0.01527992781367693,0.01511956497127239,0.007636145833921618,0.007563564267769978,0.015199710101691596,-0.19076233518948887,-1.248450500000001,0 days 08:00:00
15m,DEVELOPMENT,109,CLOSED,BTCUSDT,LONG,2024-06-22 05:45:00+00:00,2024-06-22 06:00:00+00:00,64424.21,64456.422105,2024-06-23 20:30:00+00:00,63811.85788395,63779.95195500802,0.00023410166989520754,15.089356050250869,0.15089356050250868,63811.85788395,65745.55054709999,SL,-0.14335265293116944,0.01508935605025087,0.014930993258503484,0.0075409075713394605,0.007469231244874111,0.015010138816213572,-0.18838314105613735,-1.2484505000000008,1 days 14:30:00
15m,DEVELOPMENT,110,CLOSED,BTCUSDT,LONG,2024-06-25 14:15:00+00:00,2024-06-25 14:30:00+00:00,62084.02,62115.062009999994,2024-06-25 15:00:00+00:00,61493.91138989999,61463.16443420505,0.00023989609962462698,14.901161104140842,0.14901161104140842,61493.91138989999,63357.3632502,SL,-0.14156475391790066,0.014901161104140841,0.014744773418352886,0.007446857123508041,0.007376074746548184,0.014822931870056226,-0.1860336203104506,-1.2484504999999915,0 days 00:30:00
15m,DEVELOPMENT,111,CLOSED,BTCUSDT,LONG,2024-06-26 02:00:00+00:00,2024-06-26 02:15:00+00:00,62344.49,62375.66224499999,2024-06-26 04:15:00+00:00,61751.905622549995,61721.029669738724,0.0002359143422606708,14.71531333160293,0.1471531333160293,61751.905622549995,63623.17548989999,SL,-0.13979915364006645,0.01471531333160293,0.014560876118187759,0.007353979675962137,0.0072840800991426065,0.014638059775104743,-0.18371340286496188,-1.2484504999999892,0 days 02:00:00
15m,DEVELOPMENT,112,CLOSED,BTCUSDT,LONG,2024-06-28 01:15:00+00:00,2024-06-28 01:30:00+00:00,61940.01,61970.980005,2024-06-28 07:45:00+00:00,61351.27020495,61320.594569847526,0.00023449336217433542,14.531783458610963,0.14531783458610964,61351.27020495,63210.3996051,SL,-0.13805557398710405,0.014531783458610963,0.014379272391212842,0.007262260599004942,0.007193232812012237,0.014455493411017178,-0.18142212324794504,-1.2484504999999944,0 days 06:15:00
15m,DEVELOPMENT,113,CLOSED,BTCUSDT,LONG,2024-06-29 07:15:00+00:00,2024-06-29 07:30:00+00:00,61115.99,61146.54799499999,2024-06-30 20:30:00+00:00,62369.4789549,62338.29421542255,0.00023469096861230567,14.350542576245386,0.14350542576245387,60535.082515049995,62369.4789549,TP,0.2941825369703077,0.014350542576245387,0.01463023465105641,0.007171685445398954,0.007318776713883966,0.01449046215928292,0.250711297583723,1.7470510000000155,1 days 13:00:00
15m,DEVELOPMENT,114,CLOSED,BTCUSDT,LONG,2024-06-30 22:15:00+00:00,2024-06-30 22:30:00+00:00,62942.56,62974.031279999996,2024-07-02 14:00:00+00:00,62344.290967199995,62313.1188217164,0.0002318575310523199,14.601003412992364,0.14601003412992364,62344.290967199995,64233.5119056,SL,-0.138713180850068,0.014601003412992364,0.014447765882173011,0.007296853279855775,0.0072274966894296765,0.014524349969285451,-0.18228630011451882,-1.2484504999999904,1 days 15:30:00
15m,DEVELOPMENT,115,CLOSED,BTCUSDT,LONG,2024-07-06 07:00:00+00:00,2024-07-06 07:15:00+00:00,56634.01,56662.327005,2024-07-06 16:15:00+00:00,57795.5735451,57766.67575832745,0.0002544706505929665,14.418899217073765,0.14418899217073766,56095.703734949995,57795.5735451,TP,0.2955838310266691,0.014418899217073766,0.014699923562814535,0.007205846685193561,0.007353638600707108,0.014559485285900668,0.2519055229608801,1.7470510000000048,0 days 09:00:00
15m,DEVELOPMENT,116,CLOSED,BTCUSDT,LONG,2024-07-06 16:15:00+00:00,2024-07-06 16:30:00+00:00,57760.0,57788.88,2024-07-07 07:15:00+00:00,57210.9912,57182.3857044,0.0002538646377324765,14.670553086165556,0.14670553086165558,57210.9912,58944.6576,SL,-0.13937392012394248,0.014670553086165557,0.01451658563152625,0.0073316107377132565,0.007261923777650287,0.014593534515363544,-0.1831545933569978,-1.2484504999999895,0 days 14:45:00
15m,DEVELOPMENT,117,CLOSED,BTCUSDT,LONG,2024-07-09 01:00:00+00:00,2024-07-09 01:15:00+00:00,57079.54,57108.07977,2024-07-09 01:30:00+00:00,56536.998972299996,56508.73047281385,0.0002536870705997877,14.487581464430296,0.14487581464430296,56536.998972299996,58250.2413654,SL,-0.13763564399741243,0.014487581464430296,0.0143355342969611,0.007240170646890629,0.00717135282489258,0.014411523471783209,-0.18087028323058704,-1.248450499999998,0 days 00:15:00
15m,DEVELOPMENT,118,CLOSED,BTCUSDT,LONG,2024-07-10 04:00:00+00:00,2024-07-10 04:15:00+00:00,58727.06,58756.42352999999,2024-07-10 12:30:00+00:00,58168.85929469999,58139.77486505265,0.00024349494082955033,14.306891870793347,0.14306891870793348,58168.85929469999,59931.55200059999,SL,-0.13591904770803803,0.014306891870793348,0.014156741040609372,0.007149870999895528,0.007081911476041301,0.01423178247593683,-0.17861446309537757,-1.2484504999999906,0 days 08:15:00
15m,DEVELOPMENT,119,CLOSED,BTCUSDT,LONG,2024-07-11 11:30:00+00:00,2024-07-11 11:45:00+00:00,58703.52,58732.871759999995,2024-07-11 14:15:00+00:00,58145.54304239999,58116.470270878795,0.00024055448712704047,14.128455843725037,0.14128455843725038,58145.54304239999,59907.5291952,SL,-0.13422386086417526,0.014128455843725038,0.013980177699645144,0.007060697573075437,0.00699358564264338,0.014054283215718819,-0.17638677762326427,-1.2484504999999986,0 days 02:30:00
15m,DEVELOPMENT,120,CLOSED,BTCUSDT,LONG,2024-07-12 13:00:00+00:00,2024-07-12 13:15:00+00:00,57501.56,57530.31077999999,2024-07-13 09:45:00+00:00,58680.9169956,58651.5765371022,0.00024251990103135737,13.95224527666883,0.1395224527666883,56955.007672199994,58680.9169956,TP,0.28601754185355077,0.01395224527666883,0.014224174537111108,0.006972636320173079,0.007115645091100608,0.014088281411273686,0.24375284062849717,1.7470510000000117,0 days 20:30:00
15m,DEVELOPMENT,121,CLOSED,BTCUSDT,LONG,2024-07-13 09:45:00+00:00,2024-07-13 10:00:00+00:00,58678.02,58707.35900999999,2024-07-14 04:15:00+00:00,59881.506190199994,59851.565437104895,0.0002418053689921221,14.195754607966032,0.14195754607966032,58120.28541989999,59881.506190199994,TP,0.2910094222982336,0.014195754607966033,0.014472429865275289,0.007094330138912605,0.007239834850062521,0.014334164988975126,0.24800707283601722,1.7470510000000041,0 days 18:15:00
15m,DEVELOPMENT,122,CLOSED,BTCUSDT,LONG,2024-07-14 21:15:00+00:00,2024-07-14 21:30:00+00:00,60749.99,60780.364994999996,2024-07-15 02:15:00+00:00,61995.9722949,61964.97430875255,0.00023763453744768891,14.443513921488528,0.14443513921488527,60172.561345049995,61995.9722949,TP,0.2960884263165716,0.014443513921488528,0.01472501800781834,0.0072181478868004615,0.007366192099959009,0.014584339986759471,0.2523355544005053,1.7470510000000055,0 days 04:45:00
15m,DEVELOPMENT,123,CLOSED,BTCUSDT,LONG,2024-07-15 16:30:00+00:00,2024-07-15 16:45:00+00:00,63454.0,63485.727,2024-07-15 22:30:00+00:00,64755.44154,64723.06381923,0.00023147876045300866,14.695597392418104,0.14695597392418105,62850.86973,64755.44154,TP,0.30125607448125463,0.014695597392418104,0.014982014585596334,0.007344126632892363,0.007494754670132496,0.014838881303024859,0.25673958120021534,1.7470510000000061,0 days 05:45:00
15m,DEVELOPMENT,124,CLOSED,BTCUSDT,LONG,2024-07-16 23:15:00+00:00,2024-07-16 23:30:00+00:00,65227.9,65260.51395,2024-07-17 11:30:00+00:00,64607.9088105,64575.60485609475,0.00022911374099774797,14.952080490520219,0.1495208049052022,64607.9088105,66565.724229,SL,-0.14204850081198964,0.01495208049052022,0.01479515840577221,0.007472304093213278,0.007401279842806234,0.014873583936019511,-0.18666932364430155,-1.2484504999999961,0 days 12:00:00
15m,DEVELOPMENT,125,CLOSED,BTCUSDT,LONG,2024-07-19 12:45:00+00:00,2024-07-19 13:00:00+00:00,64414.0,64446.206999999995,2024-07-19 14:15:00+00:00,65735.13114,65702.26357443,0.00022911507654308847,14.765597649716723,0.14765597649716722,63801.74492999999,65735.13114,TP,0.3026910622645572,0.014765597649716723,0.015053379147909704,0.0073791092702220765,0.00753045480135363,0.014909564071575707,0.257962521395355,1.7470510000000172,0 days 01:15:00
15m,DEVELOPMENT,126,CLOSED,BTCUSDT,LONG,2024-07-20 16:15:00+00:00,2024-07-20 16:30:00+00:00,66899.99,66933.43999500001,2024-07-21 18:00:00+00:00,66264.10559505,66230.97354225248,0.0002244513723994726,15.023302466295501,0.15023302466295502,66264.10559505,68272.1087949,SL,-0.1427251273784504,0.015023302466295501,0.01486563290691173,0.007507897284506097,0.007436534720814825,0.014944432005320921,-0.18755849475697853,-1.2484505000000001,1 days 01:30:00
15m,DEVELOPMENT,127,CLOSED,BTCUSDT,LONG,2024-07-24 08:30:00+00:00,2024-07-24 08:45:00+00:00,66357.99,66391.168995,2024-07-24 18:45:00+00:00,65727.25730504999,65694.39367639748,0.00022346242078941962,14.835931342662159,0.1483593134266216,65727.25730504999,67718.9923749,SL,-0.14094505488456444,0.01483593134266216,0.01468022824322092,0.007414258542058878,0.00734378601461538,0.014758044556674257,-0.1852192590271218,-1.2484504999999957,0 days 10:00:00
15m,DEVELOPMENT,128,CLOSED,BTCUSDT,LONG,2024-07-25 20:45:00+00:00,2024-07-25 21:00:00+00:00,65298.01,65330.659005,2024-07-26 02:15:00+00:00,66637.27218510001,66603.95354900746,0.00022425760494377615,14.650897117859842,0.14650897117859843,64677.35241495,66637.27218510001,TP,0.3003397300222959,0.014650897117859841,0.014936443102686934,0.007321787665097217,0.007471957530107737,0.014793745195204953,0.2559586446065442,1.7470510000000181,0 days 05:15:00
15m,DEVELOPMENT,129,CLOSED,BTCUSDT,LONG,2024-07-26 09:30:00+00:00,2024-07-26 09:45:00+00:00,67330.71,67364.375355,2024-07-27 13:00:00+00:00,68711.6628621,68677.30703066895,0.0002212831334213256,14.906600059524722,0.14906600059524722,66690.73160145,68711.6628621,TP,0.30558157643263395,0.014906600059524723,0.01519712969468486,0.007449575242139097,0.007602366030357679,0.015051941272496776,0.2604259054059276,1.7470510000000024,1 days 03:15:00
15m,DEVELOPMENT,130,CLOSED,BTCUSDT,LONG,2024-07-27 13:00:00+00:00,2024-07-27 13:15:00+00:00,68858.97,68893.399485,2024-07-27 19:00:00+00:00,68204.46549015,68170.36325740493,0.00022014831482503936,15.166765799190985,0.15166765799190984,68204.46549015,70271.2674747,SL,-0.14408806488886536,0.015166765799190985,0.015007590592128476,0.007579593103044096,0.007507549070600053,0.015087142173644149,-0.18934956345382897,-1.2484505000000008,0 days 05:45:00
15m,DEVELOPMENT,131,CLOSED,BTCUSDT,LONG,2024-07-28 18:15:00+00:00,2024-07-28 18:30:00+00:00,68259.79,68293.91989499998,2024-07-29 03:00:00+00:00,69659.79829289998,69624.96839375354,0.00021931096383349887,14.977605396140211,0.14977605396140212,67610.98069604998,69659.79829289998,TP,0.3070371680907884,0.01497760539614021,0.015269518925310985,0.007485060167984127,0.007638578752029284,0.015123638920013411,0.2616664048493238,1.7470510000000152,0 days 08:30:00
15m,DEVELOPMENT,132,CLOSED,BTCUSDT,LONG,2024-07-29 13:00:00+00:00,2024-07-29 13:15:00+00:00,69956.63,69991.608315,2024-07-29 13:45:00+00:00,69291.69223185,69257.04638573408,0.00021772624980134642,15.239010395989686,0.15239010395989686,69291.69223185,71391.4404813,SL,-0.14477440661057767,0.015239010395989686,0.015079076981883776,0.007615697349320247,0.0075433101460138045,0.01515900749533405,-0.19025150148378517,-1.2484504999999997,0 days 00:30:00
15m,DEVELOPMENT,133,CLOSED,BTCUSDT,LONG,2024-07-31 13:30:00+00:00,2024-07-31 13:45:00+00:00,66702.62,66735.97131,2024-07-31 14:15:00+00:00,66068.6115969,66035.57729110155,0.000225499811578991,15.04894895594595,0.15048948955945948,66068.6115969,68070.69073619999,SL,-0.1429687754385471,0.01504894895594595,0.014891010236653297,0.0075207141209121114,0.007449229733191622,0.014969943854103733,-0.18787867848525008,-1.2484504999999875,0 days 00:30:00
15m,DEVELOPMENT,134,CLOSED,BTCUSDT,LONG,2024-08-02 10:45:00+00:00,2024-08-02 11:00:00+00:00,64764.93,64797.312464999995,2024-08-02 12:30:00+00:00,64149.339340349994,64117.264670679826,0.00022934991287602315,14.861257968448198,0.148612579684482,64149.339340349994,66093.2587143,SL,-0.14118566415802256,0.0148612579684482,0.014705289066069336,0.0074269155264597535,0.0073563226943802705,0.014783238220840024,-0.1855354494133801,-1.2484504999999912,0 days 01:30:00
15m,DEVELOPMENT,135,CLOSED,BTCUSDT,LONG,2024-08-02 13:30:00+00:00,2024-08-02 13:45:00+00:00,65436.01,65468.728005,2024-08-02 14:00:00+00:00,64814.04072495,64781.633704587526,0.00022416668715502308,14.675907869134132,0.14675907869134133,64814.04072495,66778.1025651,SL,-0.13942479190017062,0.014675907869134133,0.014521884216047571,0.007334286791170399,0.007264574395220812,0.014598861186391211,-0.18322144517174357,-1.2484504999999941,0 days 00:15:00
15m,DEVELOPMENT,136,CLOSED,BTCUSDT,LONG,2024-08-04 12:45:00+00:00,2024-08-04 13:00:00+00:00,61062.0,61092.530999999995,2024-08-04 14:00:00+00:00,60481.60569,60451.364887155,0.00023722817217000154,14.492869462369155,0.14492869462369157,60481.60569,62314.38161999999,SL,-0.13768588129917003,0.014492869462369155,0.014340766797361593,0.007242813324521226,0.007173970383871213,0.014416783708392437,-0.18093630126729324,-1.2484504999999875,0 days 01:00:00
15m,DEVELOPMENT,137,CLOSED,BTCUSDT,LONG,2024-08-07 08:45:00+00:00,2024-08-07 09:00:00+00:00,57348.0,57376.674,2024-08-07 13:45:00+00:00,56802.90726,56774.505806370005,0.00024944133075137094,14.312113916647585,0.14312113916647584,56802.90726,58524.20748,SL,-0.13596865844851105,0.014312113916647586,0.01416190828109237,0.007152480717964578,0.00708449638873922,0.014236977106703796,-0.1786796577529548,-1.2484504999999892,0 days 04:45:00
15m,DEVELOPMENT,138,CLOSED,BTCUSDT,LONG,2024-08-08 12:30:00+00:00,2024-08-08 12:45:00+00:00,58049.33,58078.354665,2024-08-08 13:30:00+00:00,57497.571118349995,57468.82233279082,0.00024335422106178616,14.133612760051228,0.14133612760051228,57497.571118349995,59239.9217583,SL,-0.1342728528578596,0.014133612760051229,0.013985280494134491,0.007063274742653602,0.006996138316225432,0.014059413058879033,-0.17645115917092435,-1.248450500000007,0 days 00:45:00
15m,DEVELOPMENT,139,CLOSED,BTCUSDT,LONG,2024-08-10 07:45:00+00:00,2024-08-10 08:00:00+00:00,60842.01,60872.431005,2024-08-11 12:15:00+00:00,60263.70669495,60233.57484160253,0.00022928832716764922,13.957337875764594,0.13957337875764594,60263.70669495,62089.8796251,SL,-0.13259819741043763,0.013957337875764595,0.013810855614758446,0.006975181347207893,0.0069088822485022326,0.013884063595710126,-0.1742504544966708,-1.2484504999999881,1 days 04:15:00
15m,DEVELOPMENT,140,CLOSED,BTCUSDT,LONG,2024-08-14 10:15:00+00:00,2024-08-14 10:30:00+00:00,61193.97,61224.566985,2024-08-14 13:15:00+00:00,60612.321315149995,60582.01515449242,0.00022512632063241764,13.783261497646041,0.1378326149764604,60612.321315149995,62449.058324699996,SL,-0.13094442832096656,0.013783261497646042,0.013638606168228247,0.0068881866554944835,0.0068227144413341234,0.013710901096828607,-0.17207719708366945,-1.2484504999999997,0 days 02:45:00
15m,DEVELOPMENT,141,CLOSED,BTCUSDT,LONG,2024-08-16 09:45:00+00:00,2024-08-16 10:00:00+00:00,58672.51,58701.846255,2024-08-16 12:15:00+00:00,58114.82779245,58085.77037855378,0.00023187271055711986,13.611356205854165,0.13611356205854164,58114.82779245,59875.8831801,SL,-0.1293112850940973,0.013611356205854165,0.013468505022473728,0.006802276964443633,0.00673762132189627,0.013539898286339903,-0.1699310446087651,-1.2484504999999835,0 days 02:15:00
15m,DEVELOPMENT,142,CLOSED,BTCUSDT,LONG,2024-08-17 09:15:00+00:00,2024-08-17 09:30:00+00:00,59353.82,59383.496909999994,2024-08-18 23:30:00+00:00,58789.66194089999,58760.26710992954,0.00022635236424187755,13.44159492252873,0.1344159492252873,58789.66194089999,60571.166848199995,SL,-0.12769851048339598,0.01344159492252873,0.013300525383816788,0.0067174387418922135,0.006653589486651751,0.013371028228543965,-0.16781165901828546,-1.2484505000000068,1 days 14:00:00
15m,DEVELOPMENT,143,CLOSED,BTCUSDT,LONG,2024-08-19 23:15:00+00:00,2024-08-19 23:30:00+00:00,59346.47,59376.143234999996,2024-08-20 00:30:00+00:00,60563.6660997,60533.38426665015,0.00022355697396830843,13.273950907525446,0.13273950907525447,58782.381802649994,60563.6660997,TP,0.27211267677495915,0.013273950907525447,0.01353266021071312,0.0066336586244493245,0.006769714962837643,0.013403373587286969,0.23190269206943365,1.7470510000000095,0 days 01:00:00
15m,DEVELOPMENT,144,CLOSED,BTCUSDT,LONG,2024-08-22 10:30:00+00:00,2024-08-22 10:45:00+00:00,61249.24,61279.86461999999,2024-08-22 13:00:00+00:00,60667.065973799996,60636.7324408131,0.00022039248964277226,13.505621928573834,0.13505621928573835,60667.065973799996,62505.461912399995,SL,-0.128306783039575,0.013505621928573835,0.013363880426433454,0.006749436246162745,0.006685282854642564,0.01343471910080531,-0.1686110044953876,-1.2484504999999846,0 days 02:15:00
15m,DEVELOPMENT,145,CLOSED,BTCUSDT,LONG,2024-08-23 05:15:00+00:00,2024-08-23 05:30:00+00:00,61003.99,61034.491995,2024-08-23 14:15:00+00:00,62255.181834899995,62224.05424398255,0.00021851872491595366,13.337179366640381,0.1333717936664038,60424.147075049994,62255.181834899995,TP,0.27340884438759977,0.01333717936664038,0.013597120992496204,0.006665257054792513,0.006801961476985226,0.01346721853177774,0.23300732549668543,1.7470510000000075,0 days 08:45:00
15m,DEVELOPMENT,146,CLOSED,BTCUSDT,LONG,2024-08-24 06:30:00+00:00,2024-08-24 06:45:00+00:00,64197.39,64229.48869499999,2024-08-24 21:45:00+00:00,63587.19380804999,63555.40021114597,0.00021127295566720724,13.569953917586123,0.13569953917586122,63587.19380804999,65514.07846889999,SL,-0.12891795301015313,0.013569953917586123,0.013427537251221056,0.006781586165708794,0.006717127189203878,0.013498713354912671,-0.16941415753387298,-1.248450499999996,0 days 15:00:00
15m,DEVELOPMENT,147,CLOSED,BTCUSDT,LONG,2024-08-25 14:30:00+00:00,2024-08-25 14:45:00+00:00,64220.0,64252.10999999999,2024-08-26 06:45:00+00:00,63609.588899999995,63577.784105549996,0.0002085644970253097,13.40070900496487,0.1340070900496487,63609.588899999995,65537.1522,SL,-0.12731008405016703,0.01340070900496487,0.013260068563957764,0.006697005999481298,0.006633350957457499,0.013330356956938797,-0.16730121857602845,-1.2484504999999964,0 days 16:00:00
15m,DEVELOPMENT,148,CLOSED,BTCUSDT,LONG,2024-08-29 05:45:00+00:00,2024-08-29 06:00:00+00:00,59436.17,59465.88808499999,2024-08-29 13:45:00+00:00,60655.205846699995,60624.87824377665,0.00022254060851756532,13.233574920473336,0.13233574920473337,58871.22920414999,60655.205846699995,TP,0.2712849791293428,0.013233574920473336,0.013491497295673362,0.006613480719875206,0.006749123209440443,0.01336260392931565,0.23119730298388044,1.7470510000000137,0 days 07:45:00
15m,DEVELOPMENT,149,CLOSED,BTCUSDT,LONG,2024-08-30 12:30:00+00:00,2024-08-30 12:45:00+00:00,59688.0,59717.844,2024-08-30 13:45:00+00:00,59120.665559999994,59091.105227219996,0.00022546931294305554,13.46454125712057,0.1346454125712057,59120.665559999994,60912.20088,SL,-0.1279165063957345,0.013464541257120571,0.01332323089662709,0.006728906175471946,0.006664947922274262,0.013393854097746207,-0.1680981326472284,-1.2484505000000026,0 days 01:00:00
15m,DEVELOPMENT,150,CLOSED,BTCUSDT,LONG,2024-08-31 00:15:00+00:00,2024-08-31 00:30:00+00:00,59374.5,59404.187249999995,2024-08-31 17:45:00+00:00,58810.1453775,58780.740304811254,0.0002238328924309252,13.296611054675788,0.1329661105467579,58810.1453775,60592.270995,SL,-0.12632112751093852,0.013296611054675788,0.013157063121656966,0.006644983035818955,0.006581822472063067,0.013226805507882022,-0.16600160719515328,-1.248450499999986,0 days 17:15:00
15m,VALIDATION,1,CLOSED,BTCUSDT,LONG,2024-09-02 09:45:00+00:00,2024-09-02 10:00:00+00:00,58402.0,58431.200999999994,2024-09-03 02:00:00+00:00,59599.82502,59570.02510749,0.000341940943161856,19.980019980019982,0.19980019980019983,57846.88898999999,59599.82502,TP,0.40958541708166785,0.019980019980019983,0.020369430569430573,0.009985017481267188,0.010189810189808798,0.020174827671075986,0.3490611388611413,1.747051000000012,0 days 16:00:00
15m,VALIDATION,2,CLOSED,BTCUSDT,LONG,2024-09-03 12:15:00+00:00,2024-09-03 12:30:00+00:00,59218.98,59248.58949,2024-09-03 13:30:00+00:00,58656.1035951,58626.77554330246,0.0003431091369674848,20.32873240645469,0.20328732406454691,58656.1035951,60433.5612798,SL,-0.1931280375046002,0.02032873240645469,0.02011538235984895,0.010159286559945751,0.010062722541192873,0.020222009101138624,-0.25379416137204247,-1.2484504999999844,0 days 01:00:00
15m,VALIDATION,3,CLOSED,BTCUSDT,LONG,2024-09-07 12:45:00+00:00,2024-09-07 13:00:00+00:00,54578.72,54606.00936,2024-09-07 17:45:00+00:00,54059.9492664,54032.919291766804,0.0003676370425341663,20.075191785703403,0.20075191785703403,54059.9492664,55698.1295472,SL,-0.19071933825398465,0.020075191785703404,0.01986450264791245,0.010032579603048417,0.009937219933921273,0.019969799536969687,-0.25062883222457016,-1.2484504999999855,0 days 04:45:00
15m,VALIDATION,4,CLOSED,BTCUSDT,LONG,2024-09-08 09:00:00+00:00,2024-09-08 09:15:00+00:00,54643.67,54670.99183499999,2024-09-08 12:45:00+00:00,54124.28191664999,54097.219775691665,0.00036262033423071897,19.824813331932607,0.19824813331932606,54124.28191664999,55764.41167169999,SL,-0.1883406803798324,0.019824813331932607,0.01961675191601397,0.00990745293949481,0.009813282599306812,0.019720735538801624,-0.24750298116658062,-1.2484505000000068,0 days 03:30:00
15m,VALIDATION,5,CLOSED,BTCUSDT,LONG,2024-09-09 08:15:00+00:00,2024-09-09 08:30:00+00:00,55220.66,55248.27033,2024-09-09 16:45:00+00:00,56353.2357366,56325.059118731704,0.00035435602761052927,19.577557606491464,0.19577557606491464,54695.787626699996,56353.2357366,TP,0.4013350389896438,0.019577557606491464,0.019959124204241986,0.009783886859814366,0.00998455437930908,0.019768441239123448,0.3420299159397869,1.7470510000000086,0 days 08:15:00
15m,VALIDATION,6,CLOSED,BTCUSDT,LONG,2024-09-10 07:15:00+00:00,2024-09-10 07:30:00+00:00,57100.0,57128.549999999996,2024-09-10 14:00:00+00:00,56557.2645,56528.98586775,0.0003486741013766942,19.91924583420354,0.19919245834203542,56557.2645,58271.121,SL,-0.1892378127477317,0.01991924583420354,0.019710193349173576,0.009954645594303098,0.009860026687929362,0.019814672282232458,-0.24868192421334126,-1.24845049999999,0 days 06:30:00
15m,VALIDATION,7,CLOSED,BTCUSDT,LONG,2024-09-12 01:45:00+00:00,2024-09-12 02:00:00+00:00,58137.74,58166.80886999999,2024-09-12 12:45:00+00:00,57585.14078129999,57556.348210909346,0.0003381793281361582,19.670812343480925,0.19670812343480926,57585.14078129999,59330.145047399994,SL,-0.18687763250853476,0.019670812343480927,0.019464367167936092,0.009830490926275807,0.009737052110021016,0.019567543036296823,-0.24558035505624862,-1.2484504999999964,0 days 10:45:00
15m,VALIDATION,8,CLOSED,BTCUSDT,LONG,2024-09-13 10:15:00+00:00,2024-09-13 10:30:00+00:00,58159.84,58188.91991999999,2024-09-13 15:30:00+00:00,59352.69831839999,59323.02196924079,0.00033383464326458524,19.425477323444717,0.19425477323444718,57607.030720799994,59352.69831839999,TP,0.3982174311882552,0.01942547732344472,0.019804079876478652,0.009707884719361506,0.009906993434956527,0.019614878154318033,0.33937299583401376,1.747050999999998,0 days 05:00:00
15m,VALIDATION,9,CLOSED,BTCUSDT,LONG,2024-09-15 01:15:00+00:00,2024-09-15 01:30:00+00:00,60189.0,60219.0945,2024-09-15 21:00:00+00:00,59616.903555,59587.0951032225,0.00032821003785297466,19.764511285316857,0.19764511285316858,59616.903555,61423.47639,SL,-0.1877677958690032,0.01976451128531686,0.01955708273937746,0.009877316984166098,0.009783433086231419,0.01966075007039752,-0.246750139964095,-1.2484505000000015,0 days 19:30:00
15m,VALIDATION,10,CLOSED,BTCUSDT,LONG,2024-09-17 05:30:00+00:00,2024-09-17 05:45:00+00:00,58420.0,58449.21,2024-09-17 14:00:00+00:00,59618.1942,59588.3851029,0.0003339310770665522,19.51800764898909,0.1951800764898909,57864.717899999996,59618.1942,TP,0.4001142797408952,0.019518007648989092,0.01989841361806789,0.009754126761113698,0.009954183900983878,0.019708310662097578,0.3409895478117407,1.7470510000000015,0 days 08:15:00
15m,VALIDATION,11,CLOSED,BTCUSDT,LONG,2024-09-17 14:00:00+00:00,2024-09-17 14:15:00+00:00,59739.31,59769.17965499999,2024-09-17 15:00:00+00:00,60964.56324809999,60934.08096647594,0.0003322557991013123,19.85865654790192,0.1985865654790192,59171.48785844999,60964.56324809999,TP,0.4070974970489421,0.01985865654790192,0.02024570176402053,0.009924366090903835,0.010127914839429476,0.02005228093033331,0.3469408578066863,1.7470510000000017,0 days 00:45:00
15m,VALIDATION,12,CLOSED,BTCUSDT,LONG,2024-09-18 03:00:00+00:00,2024-09-18 03:15:00+00:00,60586.0,60616.293,2024-09-18 09:00:00+00:00,60010.13007,59980.125004965004,0.0003333303607240559,20.20525081144506,0.20205250811445064,60010.13007,61828.61886,SL,-0.19195493149703707,0.02020525081144506,0.01999319670417895,0.010097576617413107,0.01000159915166361,0.020099175769076716,-0.2522525547817378,-1.2484504999999895,0 days 05:45:00
15m,VALIDATION,13,CLOSED,BTCUSDT,LONG,2024-09-19 09:30:00+00:00,2024-09-19 09:45:00+00:00,62339.99,62371.159994999995,2024-09-19 16:45:00+00:00,63618.5831949,63586.77390330255,0.0003199114824674916,19.953250257217555,0.19953250257217556,61747.44839504999,63618.5831949,TP,0.4090366444533056,0.019953250257217555,0.020342139104730726,0.0099716393089532,0.010176157631180462,0.02014779694013366,0.34859345815122367,1.747051000000009,0 days 07:00:00
15m,VALIDATION,14,CLOSED,BTCUSDT,LONG,2024-09-20 03:30:00+00:00,2024-09-20 03:45:00+00:00,63371.18,63402.865589999994,2024-09-20 13:30:00+00:00,62768.83693409999,62737.45251563295,0.00032019838979261886,20.30149547015584,0.2030149547015584,62768.83693409999,64670.9229018,SL,-0.19286927980393181,0.02030149547015584,0.020088431275196557,0.010145674897627082,0.010049240257725599,0.020194915155352683,-0.2534541217046369,-1.2484504999999948,0 days 09:45:00
15m,VALIDATION,15,CLOSED,BTCUSDT,LONG,2024-09-21 12:45:00+00:00,2024-09-21 13:00:00+00:00,63151.98,63183.55599,2024-09-22 10:30:00+00:00,62551.7204301,62520.44456988495,0.0003173024093886867,20.048294549371988,0.2004829454937199,62551.7204301,64447.2271098,SL,-0.19046380778788718,0.02004829454937199,0.01983788769807633,0.010019137705832298,0.009923905801939057,0.019943043507771353,-0.25029303354310684,-1.2484504999999975,0 days 21:30:00
15m,VALIDATION,16,CLOSED,BTCUSDT,LONG,2024-09-22 19:45:00+00:00,2024-09-22 20:00:00+00:00,63160.0,63191.579999999994,2024-09-22 22:00:00+00:00,62559.66419999999,62528.3843679,0.000313305215011548,19.798251558819434,0.19798251558819435,62559.66419999999,64455.41159999999,SL,-0.1880883368981322,0.019798251558819435,0.019590468908709625,0.009894178690062953,0.009800134521613633,0.019694313211676584,-0.24717137057733785,-1.248450499999994,0 days 02:00:00
15m,VALIDATION,17,CLOSED,BTCUSDT,LONG,2024-09-22 22:30:00+00:00,2024-09-22 22:45:00+00:00,63500.76,63532.51038,2024-09-23 00:15:00+00:00,62897.1852762,62865.7366835619,0.000307737361482303,19.551327112688227,0.19551327112688227,62897.1852762,64803.1605876,SL,-0.18574249295962303,0.019551327112688227,0.019346135934640563,0.00977077816725977,0.009677906920779088,0.019448685088038858,-0.24408864109499068,-1.2484504999999946,0 days 01:30:00
15m,VALIDATION,18,CLOSED,BTCUSDT,LONG,2024-09-24 07:45:00+00:00,2024-09-24 08:00:00+00:00,63559.93,63591.709964999995,2024-09-24 14:15:00+00:00,62955.79286534999,62924.31496891732,0.0003036163412969412,19.307482316389535,0.19307482316389535,62955.79286534999,64863.544164299994,SL,-0.1834259064640533,0.019307482316389537,0.019104850289479027,0.009648916699843104,0.009557203746610935,0.01920612044645404,-0.2410443595163759,-1.2484504999999957,0 days 06:15:00
15m,VALIDATION,19,CLOSED,BTCUSDT,LONG,2024-09-26 05:30:00+00:00,2024-09-26 05:45:00+00:00,63654.01,63685.837005,2024-09-26 14:15:00+00:00,64959.553745100005,64927.07396822746,0.00029938648304068277,19.06667876042912,0.1906667876042912,63048.97863495,64959.553745100005,TP,0.39086215030125165,0.01906667876042912,0.019438288329469883,0.009528575092667984,0.009724006167818109,0.019252581260486092,0.33310460195086655,1.7470510000000106,0 days 08:30:00
15m,VALIDATION,20,CLOSED,BTCUSDT,LONG,2024-09-27 03:45:00+00:00,2024-09-27 04:00:00+00:00,65366.01,65398.693005,2024-09-30 01:45:00+00:00,64744.70607495,64712.33372191253,0.00029663361298469217,19.399450590549865,0.19399450590549866,64744.70607495,66706.6668651,SL,-0.18429962804915206,0.019399450590549865,0.01919585335660205,0.00969487785634645,0.009602728042320706,0.019297605898667157,-0.2421925378949711,-1.2484504999999915,2 days 21:45:00
15m,VALIDATION,21,CLOSED,BTCUSDT,LONG,2024-10-01 06:15:00+00:00,2024-10-01 06:30:00+00:00,63979.9,64011.88995,2024-10-01 13:30:00+00:00,63371.7710505,63340.08516497476,0.0002992803371093436,19.157500003242202,0.19157500003242203,63371.7710505,65292.127749,SL,-0.18200103701231157,0.019157500003242203,0.01895644204070818,0.009573963020109726,0.009482962501602816,0.019056925521712544,-0.2391719045779745,-1.2484504999999853,0 days 07:00:00
15m,VALIDATION,22,CLOSED,BTCUSDT,LONG,2024-10-03 03:45:00+00:00,2024-10-03 04:00:00+00:00,61464.0,61494.731999999996,2024-10-03 07:45:00+00:00,60879.78468,60849.344787660004,0.0003076453285727929,18.91856703163584,0.18918567031635838,60879.78468,62724.626639999995,SL,-0.17973111407866024,0.018918567031635837,0.018720016670638825,0.009454556237697942,0.009364690680657617,0.01881924691835556,-0.23618894469929047,-1.2484504999999877,0 days 03:45:00
15m,VALIDATION,23,CLOSED,BTCUSDT,LONG,2024-10-04 07:30:00+00:00,2024-10-04 07:45:00+00:00,61409.12,61439.82456,2024-10-04 14:15:00+00:00,60825.4263144,60795.013601242805,0.0003040798728466984,18.682614039928257,0.18682614039928258,60825.4263144,62668.6210512,SL,-0.17748950169866964,0.01868261403992826,0.018486540005579213,0.009336638700613308,0.009247893949762954,0.01858453265037626,-0.23324318839455338,-1.248450499999994,0 days 06:30:00
15m,VALIDATION,24,CLOSED,BTCUSDT,LONG,2024-10-05 06:30:00+00:00,2024-10-05 06:45:00+00:00,62206.0,62237.102999999996,2024-10-07 00:45:00+00:00,63481.84506,63450.10413747,0.0002964405952782205,18.44960386171192,0.18449603861711922,61614.73196999999,63481.84506,TP,0.3782122690691769,0.018449603861711922,0.01880918664097669,0.009220191834937164,0.009409297969473023,0.018629489804410187,0.3223239887620781,1.7470510000000072,1 days 18:00:00
15m,VALIDATION,25,CLOSED,BTCUSDT,LONG,2024-10-09 05:30:00+00:00,2024-10-09 05:45:00+00:00,62504.49,62535.742244999994,2024-10-09 12:30:00+00:00,61910.38482255,61879.42963013872,0.00030017403127549993,18.77160584848723,0.1877160584848723,61910.38482255,63786.457089899995,SL,-0.17833494611681305,0.01877160584848723,0.01857459784510736,0.009381112368058397,0.00929194489500111,0.018673057263059505,-0.23435420707346716,-1.2484504999999952,0 days 06:45:00
15m,VALIDATION,26,CLOSED,BTCUSDT,LONG,2024-10-10 11:30:00+00:00,2024-10-10 11:45:00+00:00,61279.01,61309.649505,2024-10-10 13:45:00+00:00,60696.55300995,60666.20473344503,0.0003023583711726971,18.537485761500754,0.18537485761500755,60696.55300995,62535.842495100005,SL,-0.1761107467896696,0.018537485761500754,0.018342934848433808,0.009264110825337464,0.009176055451941443,0.01844016627727891,-0.23143133367688304,-1.2484504999999895,0 days 02:00:00
15m,VALIDATION,27,CLOSED,BTCUSDT,LONG,2024-10-11 06:30:00+00:00,2024-10-11 06:45:00+00:00,60872.36,60902.79618,2024-10-11 15:00:00+00:00,62120.8521036,62089.79167754821,0.00030058202211032564,18.306285627957415,0.18306285627957417,60293.7682182,62120.8521036,TP,0.3752742810888626,0.018306285627957414,0.01866307513484631,0.00914856852971294,0.009336205670256451,0.01848477419996939,0.31982014612608944,1.747051000000017,0 days 08:15:00
15m,VALIDATION,28,CLOSED,BTCUSDT,LONG,2024-10-12 09:45:00+00:00,2024-10-12 10:00:00+00:00,62843.32,62874.74166,2024-10-13 14:45:00+00:00,62245.9942434,62214.8712462783,0.00029623638653115107,18.625786273438028,0.18625786273438028,62245.9942434,64132.2364932,SL,-0.17694962371717074,0.018625786273438028,0.018430308646498295,0.009308239017210401,0.00921976420535071,0.01852800322256111,-0.23253372185966817,-1.2484504999999986,1 days 04:45:00
15m,VALIDATION,29,CLOSED,BTCUSDT,LONG,2024-10-14 03:15:00+00:00,2024-10-14 03:30:00+00:00,63330.0,63361.66499999999,2024-10-14 07:45:00+00:00,64628.89829999999,64596.583850849995,0.00029029358450411303,18.3934848529988,0.183934848529988,62728.04834999999,64628.89829999999,TP,0.37706184341329685,0.018393484852998798,0.018751973872783746,0.009192146353320881,0.00938067727502905,0.01857282362834993,0.3213435610591644,1.7470510000000017,0 days 04:15:00
15m,VALIDATION,30,CLOSED,BTCUSDT,LONG,2024-10-14 14:00:00+00:00,2024-10-14 14:15:00+00:00,65458.0,65490.729,2024-10-15 13:45:00+00:00,66800.54358,66767.14330821,0.0002857581168705489,18.714507391519444,0.18714507391519444,64835.82171,66800.54358,TP,0.38364272523744447,0.018714507391519444,0.019079253140580156,0.009352577407056011,0.009544398769674991,0.018896976176731,0.32695198852861385,1.7470509999999972,0 days 23:30:00
15m,VALIDATION,31,CLOSED,BTCUSDT,LONG,2024-10-16 01:15:00+00:00,2024-10-16 01:30:00+00:00,67482.63,67516.371315,2024-10-16 07:00:00+00:00,66841.20760185,66807.78699804908,0.00028202245446290084,19.04113275468489,0.19041132754684892,66841.20760185,68866.6987413,SL,-0.1808955190737461,0.019041132754684893,0.018841296066424477,0.009515808473103645,0.00942536071356599,0.018941169186669635,-0.2377191170815251,-1.2484504999999884,0 days 05:30:00
15m,VALIDATION,32,CLOSED,BTCUSDT,LONG,2024-10-16 09:30:00+00:00,2024-10-16 09:45:00+00:00,67398.49,67432.189245,2024-10-17 11:45:00+00:00,66757.86735255,66724.48841887373,0.00027885274569567796,18.803651119238815,0.18803651119238815,66757.86735255,68780.83302990001,SL,-0.1786393841962668,0.018803651119238814,0.018606306800742406,0.009397126996120274,0.00930780730402213,0.018704934300142403,-0.2347542764163904,-1.2484504999999884,1 days 02:00:00
15m,VALIDATION,33,CLOSED,BTCUSDT,LONG,2024-10-18 01:00:00+00:00,2024-10-18 01:15:00+00:00,67483.13,67516.871565,2024-10-18 15:45:00+00:00,68867.20899629999,68832.77539180184,0.00027502949902976726,18.569131362579085,0.18569131362579086,66841.70284935,68867.20899629999,TP,0.3806625529700078,0.018569131362579087,0.018931043732835755,0.0092799257184274,0.009470256994914359,0.018750182713341758,0.32441219516125114,1.7470509999999977,0 days 14:30:00
15m,VALIDATION,34,CLOSED,BTCUSDT,LONG,2024-10-19 03:00:00+00:00,2024-10-19 03:15:00+00:00,68605.99,68640.292995,2024-10-21 13:15:00+00:00,67953.89006505,67919.91312001747,0.0002752496914750864,18.893219469633284,0.18893219469633285,67953.89006505,70013.0988549,SL,-0.1794903059059129,0.018893219469633283,0.018694935131299485,0.009441888790418932,0.009352143637468667,0.0187940324278876,-0.23587249293473325,-1.2484504999999955,2 days 10:00:00
15m,VALIDATION,35,CLOSED,BTCUSDT,LONG,2024-10-22 22:00:00+00:00,2024-10-22 22:15:00+00:00,67638.0,67671.819,2024-10-23 03:15:00+00:00,66995.10081,66961.60325959501,0.00027570682876951533,18.657582613554634,0.18657582613554635,66995.10081,69025.25538,SL,-0.17725169689338913,0.018657582613554633,0.01846177128402538,0.009324129242157106,0.009235503393708,0.018559632635865103,-0.23293068342683423,-1.248450499999991,0 days 05:00:00
15m,VALIDATION,36,CLOSED,BTCUSDT,LONG,2024-10-24 00:45:00+00:00,2024-10-24 01:00:00+00:00,67432.0,67465.716,2024-10-24 09:00:00+00:00,66791.05884,66757.66331058,0.00027309996425611556,18.424884628113244,0.18424884628113244,66791.05884,68815.03032,SL,-0.17504100788627383,0.018424884628113244,0.018231515463941195,0.009207838394859287,0.009120317890915684,0.01832815628577497,-0.23002556426410325,-1.2484505000000017,0 days 08:00:00
15m,VALIDATION,37,CLOSED,BTCUSDT,LONG,2024-10-24 12:45:00+00:00,2024-10-24 13:00:00+00:00,67517.76,67551.51887999999,2024-10-25 17:45:00+00:00,66876.00369119999,66842.5656893544,0.00026935129159626735,18.195088859617634,0.18195088859617634,66876.00369119999,68902.5492576,SL,-0.17285789066533364,0.018195088859617636,0.01800413140203595,0.009092997930841768,0.009006568985510596,0.018099566916352366,-0.22715667784333957,-1.2484504999999941,1 days 04:45:00
15m,VALIDATION,38,CLOSED,BTCUSDT,LONG,2024-10-26 19:45:00+00:00,2024-10-26 20:00:00+00:00,67178.0,67211.58899999999,2024-10-28 07:15:00+00:00,68555.82078,68521.54286961,0.0002673372163768125,17.96815911152239,0.1796815911152239,66539.47310999999,68555.82078,TP,0.3683427719913271,0.01796815911152239,0.018318358532605963,0.008979589760878794,0.009163761146875261,0.018143350907754055,0.3139129034394447,1.7470510000000095,1 days 11:15:00
15m,VALIDATION,39,CLOSED,BTCUSDT,LONG,2024-10-28 07:15:00+00:00,2024-10-28 07:30:00+00:00,68608.35,68642.654175,2024-10-28 22:00:00+00:00,70015.5072585,69980.49950487075,0.0002663323357084873,18.2817584156577,0.18281758415657698,67956.22763325,70015.5072585,TP,0.3747714793654555,0.018281758415657698,0.018638069887178865,0.009136311052302028,0.009323696791985948,0.018460007844287977,0.31939164321833097,1.7470509999999946,0 days 14:30:00
15m,VALIDATION,40,CLOSED,BTCUSDT,LONG,2024-10-29 01:45:00+00:00,2024-10-29 02:00:00+00:00,70310.58,70345.73529,2024-10-29 13:45:00+00:00,71752.64999579999,71716.7736708021,0.0002644201657658924,18.600830986305386,0.18600830986305386,69642.27793709999,71752.64999579999,TP,0.38131238733545303,0.018600830986305387,0.01896336118222848,0.009295767609346736,0.009486423803014345,0.01878219141236108,0.3249660037545581,1.747051,0 days 11:45:00
15m,VALIDATION,41,CLOSED,BTCUSDT,LONG,2024-10-29 13:45:00+00:00,2024-10-29 14:00:00+00:00,71803.99,71839.891995,2024-10-29 19:00:00+00:00,73276.6898349,73240.05148998255,0.0002634395991298922,18.92547234869755,0.1892547234869755,71121.49307504999,73276.6898349,TP,0.3879674541447122,0.01892547234869755,0.019294329804773667,0.009458007170761522,0.009651990897834797,0.01910999806859632,0.3306376539226446,1.747051000000003,0 days 05:00:00
15m,VALIDATION,42,CLOSED,BTCUSDT,LONG,2024-10-31 10:30:00+00:00,2024-10-31 10:45:00+00:00,72524.0,72560.262,2024-10-31 13:30:00+00:00,71834.65938,71798.74205031,0.00026537638046667504,19.255779695273624,0.19255779695273625,71834.65938,74011.46724,SL,-0.18293471864425437,0.019255779695273624,0.019053690287371725,0.009623078308483218,0.009531610949159683,0.019154689257642903,-0.24039887788454262,-1.248450500000003,0 days 02:45:00
15m,VALIDATION,43,CLOSED,BTCUSDT,LONG,2024-11-05 04:15:00+00:00,2024-11-05 04:30:00+00:00,68390.0,68424.19499999999,2024-11-05 14:30:00+00:00,69792.6789,69757.78256055,0.0002779078508137107,19.01562097610825,0.1901562097610825,67739.95305,69792.6789,TP,0.38981547848073955,0.01901562097610825,0.019386235428932596,0.009503058958572735,0.009697966697815879,0.019201025656388614,0.33221259641931006,1.747051000000006,0 days 10:00:00
15m,VALIDATION,44,CLOSED,BTCUSDT,LONG,2024-11-05 14:30:00+00:00,2024-11-05 14:45:00+00:00,69980.27,70015.260135,2024-11-05 15:30:00+00:00,69315.10753365,69280.44997988318,0.0002763326402630933,19.347501691811853,0.19347501691811853,69315.10753365,71415.56533770001,SL,-0.18380610053040564,0.019347501691811854,0.01914444966155629,0.009668916387712074,0.009577013337446868,0.019245929725158942,-0.2415439816089327,-1.2484504999999957,0 days 00:45:00
15m,VALIDATION,45,CLOSED,BTCUSDT,LONG,2024-11-07 15:15:00+00:00,2024-11-07 15:30:00+00:00,75399.99,75437.68999500001,2024-11-08 18:30:00+00:00,76946.44379490001,76907.97057300257,0.0002532712628680466,19.106199012881856,0.19106199012881855,74683.31309505,76946.44379490001,TP,0.39167230560140814,0.019106199012881856,0.019478578831642928,0.009548325343769721,0.009744161496566867,0.01929248684033659,0.3337950409165467,1.7470510000000217,1 days 03:00:00
15m,VALIDATION,46,CLOSED,BTCUSDT,LONG,2024-11-08 18:30:00+00:00,2024-11-08 18:45:00+00:00,76819.21,76857.619605,2024-11-09 16:15:00+00:00,76089.04340895,76050.99888724553,0.0002529308179478722,19.439660592219067,0.19439660592219066,76089.04340895,78394.7719971,SL,-0.18468163311248637,0.019439660592219066,0.01923564135430373,0.009714972809703027,0.009622631993148745,0.019337604802851772,-0.24269453986186093,-1.248450499999995,0 days 21:30:00
15m,VALIDATION,47,CLOSED,BTCUSDT,LONG,2024-11-09 23:15:00+00:00,2024-11-09 23:30:00+00:00,76817.24,76855.64862,2024-11-10 04:45:00+00:00,78392.76159240001,78353.56521160381,0.00024978266203128926,19.197208504444983,0.19197208504444985,76087.0921338,78392.76159240001,TP,0.3935379774374498,0.019197208504444983,0.01957136209819662,0.00959380734854871,0.009790576337267438,0.01938438368581615,0.33538502314899205,1.7470510000000046,0 days 05:15:00
15m,VALIDATION,48,CLOSED,BTCUSDT,LONG,2024-11-10 17:30:00+00:00,2024-11-10 17:45:00+00:00,80200.01,80240.110005,2024-11-10 19:45:00+00:00,79437.70890494999,79397.99005049752,0.00024342262836384062,19.532258477620804,0.19532258477620804,79437.70890494999,81844.9122051,SL,-0.18556133616170561,0.019532258477620804,0.019327267424898174,0.009761248614503209,0.00966846794642079,0.019429716560924,-0.24385057862514858,-1.2484504999999964,0 days 02:00:00
15m,VALIDATION,49,CLOSED,BTCUSDT,LONG,2024-11-11 10:00:00+00:00,2024-11-11 10:15:00+00:00,82129.99,82171.054995,2024-11-11 15:30:00+00:00,83814.4760949,83772.56885685257,0.00023473778579502234,19.28865150596731,0.19288651505967308,81349.34444505,83814.4760949,TP,0.39541253611932975,0.01928865150596731,0.019664587323818615,0.009639505999982105,0.00983721226804075,0.019476718268022858,0.33698257902152096,1.747051000000021,0 days 05:15:00
15m,VALIDATION,50,CLOSED,BTCUSDT,LONG,2024-11-13 13:15:00+00:00,2024-11-13 13:30:00+00:00,88259.18,88303.30958999999,2024-11-13 14:30:00+00:00,90069.37578179999,90024.3410939091,0.00022224871899114223,19.625297439055743,0.19625297439055744,87420.27649409999,90069.37578179999,TP,0.40231369362821784,0.019625297439055743,0.02000779448614294,0.009807744847103615,0.01000890169391609,0.019816646541019705,0.34286395516199947,1.7470510000000086,0 days 01:00:00
15m,VALIDATION,51,CLOSED,BTCUSDT,LONG,2024-11-14 07:45:00+00:00,2024-11-14 08:00:00+00:00,90769.42,90814.80471,2024-11-14 14:30:00+00:00,89906.6566629,89861.70333456855,0.00021987404957316694,19.967818872784015,0.19967818872784016,89906.6566629,92631.1008042,SL,-0.18969926875143578,0.019967818872784017,0.019758256613714147,0.009978919976403464,0.009884070342028574,0.019862990318432038,-0.24928833455636595,-1.2484504999999977,0 days 06:30:00
15m,VALIDATION,52,CLOSED,BTCUSDT,LONG,2024-11-17 08:45:00+00:00,2024-11-17 09:00:00+00:00,90985.11,91030.60255499999,2024-11-17 14:15:00+00:00,90120.29652944999,90075.23638118527,0.00021661703893049566,19.71877957752291,0.1971877957752291,90120.29652944999,92851.2146061,SL,-0.18733333321774912,0.01971877957752291,0.019511830985856807,0.009854462557480508,0.009760795890872326,0.019615258448352834,-0.24617920222948164,-1.2484504999999948,0 days 05:15:00
15m,VALIDATION,53,CLOSED,BTCUSDT,LONG,2024-11-18 06:15:00+00:00,2024-11-18 06:30:00+00:00,90947.39,90992.863695,2024-11-18 11:45:00+00:00,90082.93505804999,90037.89359052097,0.000214004104473881,19.472846308562392,0.19472846308562392,90082.93505804999,92812.7209689,SL,-0.18499690571003286,0.019472846308562393,0.01926847878655403,0.009731557375591969,0.00963905892273797,0.019370616298329937,-0.2431088471034792,-1.2484505000000024,0 days 05:15:00
15m,VALIDATION,54,CLOSED,BTCUSDT,LONG,2024-11-19 04:15:00+00:00,2024-11-19 04:30:00+00:00,91628.74,91674.55437,2024-11-19 18:15:00+00:00,93508.0454574,93461.29143467131,0.00020976355390643647,19.229980327440035,0.19229980327440035,90757.8088263,93508.0454574,TP,0.3942097916199847,0.019229980327440034,0.019604772644021842,0.00961018507118291,0.009807289966993458,0.01941747503817637,0.33595756361034645,1.7470510000000106,0 days 13:45:00
15m,VALIDATION,55,CLOSED,BTCUSDT,LONG,2024-11-20 07:15:00+00:00,2024-11-20 07:30:00+00:00,92678.61,92724.949305,2024-11-20 13:45:00+00:00,94579.44829110001,94532.15856695446,0.00021100688019522787,19.565602269108712,0.19565602269108712,91797.69981195,94579.44829110001,TP,0.4010899575606411,0.019565602269108712,0.019946935857333644,0.009777912178465405,0.009978457157245503,0.019756369335710906,0.34182105009848784,1.7470510000000072,0 days 06:15:00
15m,VALIDATION,56,CLOSED,BTCUSDT,LONG,2024-11-21 00:15:00+00:00,2024-11-21 00:30:00+00:00,94819.91,94867.319955,2024-11-21 04:00:00+00:00,96764.6663541,96716.28402092296,0.00020984130097782388,19.90708183963667,0.19907081839636673,93918.64675545,96764.6663541,TP,0.40809020342923313,0.019907081839636673,0.020295070864691196,0.00994856663649915,0.010152611738212601,0.020101178374711752,0.3477868723501935,1.7470510000000132,0 days 03:30:00
15m,VALIDATION,57,CLOSED,BTCUSDT,LONG,2024-11-21 11:00:00+00:00,2024-11-21 11:15:00+00:00,98257.32,98306.44866,2024-11-21 12:45:00+00:00,97323.38417339999,97274.72248131329,0.00020603451298099157,20.25452127255395,0.20254521272553952,97323.38417339999,100272.5776332,SL,-0.1924230131890349,0.020254521272553953,0.020041950071798497,0.010122199536506163,0.010025988029913079,0.020148187566419243,-0.2528676720998066,-1.2484505000000021,0 days 01:30:00
15m,VALIDATION,58,CLOSED,BTCUSDT,LONG,2024-11-22 03:00:00+00:00,2024-11-22 03:15:00+00:00,98913.56,98963.01677999999,2024-11-22 13:15:00+00:00,97973.38661219999,97924.39991889389,0.00020211496037935545,20.001906215511188,0.2000190621551119,97973.38661219999,100942.2771156,SL,-0.19002310702492314,0.02000190621551119,0.019791986209779396,0.009995955130189117,0.009900943576677727,0.019896898706866846,-0.24971389815708056,-1.2484505000000001,0 days 10:00:00
15m,VALIDATION,59,CLOSED,BTCUSDT,LONG,2024-11-24 02:15:00+00:00,2024-11-24 02:30:00+00:00,98525.79,98575.05289499999,2024-11-24 10:30:00+00:00,97589.30236604999,97540.50771486697,0.00020037972287803593,19.75244178178783,0.1975244178178783,97589.30236604999,100546.5539529,SL,-0.1876531325696094,0.01975244178178783,0.01954513990528797,0.009871285248268292,0.009777458681984624,0.019648743930252916,-0.24659945818693813,-1.2484504999999952,0 days 08:00:00
15m,VALIDATION,60,CLOSED,BTCUSDT,LONG,2024-11-25 06:00:00+00:00,2024-11-25 06:15:00+00:00,98260.38,98309.51019,2024-11-25 13:00:00+00:00,97326.4150881,97277.75188055595,0.00019841507336377845,19.506088676705975,0.19506088676705977,97326.4150881,100275.7003938,SL,-0.18531271651383527,0.019506088676705974,0.019301372276043945,0.009748170253225623,0.00965551389496806,0.019403684148193684,-0.2435238616147789,-1.2484504999999988,0 days 06:45:00
15m,VALIDATION,61,CLOSED,BTCUSDT,LONG,2024-11-27 07:15:00+00:00,2024-11-27 07:30:00+00:00,93434.99,93481.707495,2024-11-27 15:30:00+00:00,95351.34164489999,95303.66597407755,0.0002060596517955401,19.26280809567223,0.19262808095672232,92546.89042005,95351.34164489999,TP,0.39488275266590184,0.01926280809567223,0.019638240225456884,0.009626590752457797,0.009824032128791198,0.019450622881248995,0.33653108146352373,1.7470510000000055,0 days 08:00:00
15m,VALIDATION,62,CLOSED,BTCUSDT,LONG,2024-11-28 23:00:00+00:00,2024-11-28 23:15:00+00:00,95700.0,95747.84999999999,2024-11-29 14:45:00+00:00,97662.80699999999,97613.9755965,0.0002046939224457696,19.59900298224918,0.19599002982249178,94790.3715,97662.80699999999,TP,0.40177466383401084,0.01959900298224918,0.019980987550373218,0.009794604189028288,0.009995491520945655,0.01979009570997394,0.3424045775914145,1.7470510000000021,0 days 15:30:00
15m,VALIDATION,63,CLOSED,BTCUSDT,LONG,2024-11-30 18:45:00+00:00,2024-11-30 19:00:00+00:00,96966.37,97014.85318499999,2024-12-01 01:45:00+00:00,96044.70465314998,95996.6823008234,0.0002055465203797136,19.94106549732552,0.19941065497325522,96044.70465314998,98955.15024869998,SL,-0.18944510499958248,0.019941065497325522,0.01973178401493109,0.009965549973673878,0.009870827421175937,0.019836377394849815,-0.24895433190668892,-1.2484505000000048,0 days 06:45:00
15m,VALIDATION,64,CLOSED,BTCUSDT,LONG,2024-12-01 13:15:00+00:00,2024-12-01 13:30:00+00:00,97283.44,97332.08172,2024-12-02 03:45:00+00:00,96358.7609028,96310.5815223486,0.00020232136745718747,19.69235987104512,0.1969235987104512,96358.7609028,99278.7233544,SL,-0.1870823394045819,0.01969235987104512,0.0194856885541985,0.009841259305869548,0.009747718136167701,0.019588977442037248,-0.24584936527186277,-1.248450500000003,0 days 14:15:00
15m,VALIDATION,65,CLOSED,BTCUSDT,LONG,2024-12-03 22:45:00+00:00,2024-12-03 23:00:00+00:00,96117.76,96165.81887999999,2024-12-04 16:00:00+00:00,95204.16069119998,95156.5586108544,0.00020222108370752086,19.446756109534768,0.19446756109534769,95204.16069119998,98089.13525759999,SL,-0.18474904229998013,0.01944675610953477,0.019242662404165202,0.009718518795369065,0.009626144274217763,0.019344663069586827,-0.24278312388326692,-1.2484504999999977,0 days 17:00:00
15m,VALIDATION,66,CLOSED,BTCUSDT,LONG,2024-12-05 02:15:00+00:00,2024-12-05 02:30:00+00:00,99211.99,99261.595995,2024-12-05 02:30:00+00:00,101246.8279149,101196.20450094256,0.0001934707510365052,19.204215526234808,0.19204215526234808,98268.98003505,101246.8279149,TP,0.39368161963325843,0.01920421552623481,0.019578505686841125,0.009597309108561342,0.009794149918377265,0.019391459026938607,0.3355074393932439,1.747051000000018,0 days 00:00:00
15m,VALIDATION,67,CLOSED,BTCUSDT,LONG,2024-12-05 14:45:00+00:00,2024-12-05 15:00:00+00:00,103508.0,103559.754,2024-12-05 15:15:00+00:00,102524.15646,102472.89438177,0.00018867742572429175,19.539387793360927,0.19539387793360927,102524.15646,105630.94908,SL,-0.18562906644267457,0.019539387793360927,0.019334321918469607,0.009764811490935148,0.009671996957712294,0.019436808448647442,-0.24393958460315257,-1.2484504999999955,0 days 00:15:00
15m,VALIDATION,68,CLOSED,BTCUSDT,LONG,2024-12-06 14:15:00+00:00,2024-12-06 14:30:00+00:00,99254.59,99304.217295,2024-12-06 18:00:00+00:00,101290.3016409,101239.65649007955,0.0001943088866742222,19.29569190464649,0.1929569190464649,98311.17512205,101290.3016409,TP,0.3955568625330332,0.01929569190464649,0.019671764939868053,0.009643024440102885,0.009840802871369356,0.01948382731147224,0.3371055783770464,1.7470510000000046,0 days 03:30:00
15m,VALIDATION,69,CLOSED,BTCUSDT,LONG,2024-12-07 18:30:00+00:00,2024-12-07 18:45:00+00:00,99980.0,100029.98999999999,2024-12-08 08:45:00+00:00,99029.69009999999,98980.17525495,0.00019626574704460103,19.63246071421397,0.1963246071421397,99029.69009999999,102030.58979999999,SL,-0.18651328244738158,0.01963246071421397,0.019426418039018296,0.009811324694757777,0.009718068053535573,0.01952939274829335,-0.2451015539489072,-1.2484504999999966,0 days 14:00:00
15m,VALIDATION,70,CLOSED,BTCUSDT,LONG,2024-12-08 13:15:00+00:00,2024-12-08 13:30:00+00:00,100226.63,100276.743315,2024-12-09 02:15:00+00:00,99273.97588185,99224.33889390908,0.0001933409819269849,19.387604016962317,0.19387604016962318,99273.97588185,102282.2781813,SL,-0.1841870826399082,0.019387604016962316,0.019184131112804297,0.009688957529715344,0.009596863988394919,0.019285821518110265,-0.2420446392877851,-1.2484504999999946,0 days 12:45:00
15m,VALIDATION,71,CLOSED,BTCUSDT,LONG,2024-12-11 13:30:00+00:00,2024-12-11 13:45:00+00:00,98634.24,98683.55712,2024-12-11 15:15:00+00:00,100657.22826239999,100606.8996482688,0.00019401206988545758,19.145801180510986,0.19145801180510988,97696.7215488,100657.22826239999,TP,0.3924841401422068,0.019145801180510985,0.019518952845519143,0.009568116531988028,0.009764358602060265,0.019332475134048295,0.3344869109821283,1.7470509999999961,0 days 01:30:00
15m,VALIDATION,72,CLOSED,BTCUSDT,LONG,2024-12-12 13:15:00+00:00,2024-12-12 13:30:00+00:00,101254.06,101304.68702999999,2024-12-12 19:15:00+00:00,100291.64015969998,100241.49433962013,0.00019229074695197636,19.47995393873489,0.19479953938734892,100291.64015969998,103330.78077059999,SL,-0.18506442997269248,0.01947995393873489,0.019275511822147866,0.009735109414657949,0.009642577199674068,0.019377686614332017,-0.24319758234790725,-1.2484505000000092,0 days 05:45:00
15m,VALIDATION,73,CLOSED,BTCUSDT,LONG,2024-12-13 10:45:00+00:00,2024-12-13 11:00:00+00:00,100457.62,100507.84881,2024-12-14 01:15:00+00:00,102518.0057862,102466.7467833069,0.00019139798074258184,19.236999311014706,0.19236999311014708,99502.7703219,102518.0057862,TP,0.39435367902939705,0.019236999311014708,0.019611928427586384,0.009613692809102903,0.009810869648617661,0.019424562457720562,0.33608018883307544,1.7470509999999995,0 days 14:15:00
15m,VALIDATION,74,CLOSED,BTCUSDT,LONG,2024-12-14 01:15:00+00:00,2024-12-14 01:30:00+00:00,102580.81,102632.10040499999,2024-12-14 04:30:00+00:00,101605.77940094999,101554.97651124952,0.00019070781634758263,19.572743755403398,0.195727437554034,101605.77940094999,104684.74241309999,SL,-0.18594595641690193,0.0195727437554034,0.01936732780969044,0.009781481137131696,0.009688508158923668,0.019469989296055364,-0.24435601727805115,-1.248450499999993,0 days 03:00:00
15m,VALIDATION,75,CLOSED,BTCUSDT,LONG,2024-12-15 01:15:00+00:00,2024-12-15 01:30:00+00:00,101585.08,101635.87254,2024-12-15 23:00:00+00:00,103668.5899908,103616.7556958046,0.00019017529310257764,19.32863185003072,0.19328631850030722,100619.5138146,103668.5899908,TP,0.39623212318253836,0.019328631850030722,0.01970534688478782,0.009659486181923431,0.009857602243514695,0.019517088425438124,0.3376810560222817,1.7470510000000077,0 days 21:30:00
15m,VALIDATION,76,CLOSED,BTCUSDT,LONG,2024-12-15 23:00:00+00:00,2024-12-15 23:15:00+00:00,103640.02,103691.84001,2024-12-16 00:30:00+00:00,105765.6768102,105712.7939717949,0.0001896578897668719,19.665975562340698,0.19665975562340698,102654.9216099,105765.6768102,TP,0.4031475849911125,0.019665975562340697,0.020049265426050716,0.009828073744297406,0.010029647536793985,0.01985772128109139,0.3435746227216297,1.7470510000000046,0 days 01:15:00
15m,VALIDATION,77,CLOSED,BTCUSDT,LONG,2024-12-17 02:15:00+00:00,2024-12-17 02:30:00+00:00,106564.7,106617.98234999999,2024-12-17 22:30:00+00:00,105551.80252649999,105499.02662523674,0.00018767197158154627,20.009206953671,0.20009206953671002,105551.80252649999,108750.341997,SL,-0.19009246586171358,0.020009206953671,0.019799210326692223,0.009999603674996882,0.009904557442066213,0.019904161117063095,-0.2498050442591399,-1.2484504999999975,0 days 20:00:00
15m,VALIDATION,78,CLOSED,BTCUSDT,LONG,2024-12-19 10:30:00+00:00,2024-12-19 10:45:00+00:00,102483.39,102534.63169499999,2024-12-19 14:45:00+00:00,101509.28537804999,101458.53073536097,0.00019271197582956934,19.75965146490063,0.19759651464900632,101509.28537804999,104585.3243289,SL,-0.1877216263607027,0.01975965146490063,0.0195522739227765,0.00987488828830418,0.009781027475124562,0.01965591576342874,-0.2466894675118086,-1.2484504999999966,0 days 04:00:00
15m,VALIDATION,79,CLOSED,BTCUSDT,LONG,2024-12-21 05:30:00+00:00,2024-12-21 05:45:00+00:00,97910.51,97959.46525499999,2024-12-21 13:15:00+00:00,96979.87060244998,96931.38066714877,0.00019919676357581313,19.51320844041331,0.19513208440413313,96979.87060244998,99918.6545601,SL,-0.1853803560481066,0.01951320844041331,0.019308417317831176,0.009751728356027346,0.00965903817800263,0.019410766534029976,-0.24361274834038107,-1.2484504999999941,0 days 07:30:00
15m,VALIDATION,80,CLOSED,BTCUSDT,LONG,2024-12-24 13:15:00+00:00,2024-12-24 13:30:00+00:00,94767.41,94814.793705,2024-12-24 14:15:00+00:00,96711.08957910001,96662.73403431046,0.0002032366291003775,19.269839061451894,0.19269839061451893,93866.64576795,96711.08957910001,TP,0.39502688570752537,0.019269839061451893,0.019645408224759593,0.009630104478486742,0.009827617921340208,0.01945772239982695,0.336653916021487,1.7470510000000055,0 days 00:45:00
15m,VALIDATION,81,CLOSED,BTCUSDT,LONG,2024-12-25 10:00:00+00:00,2024-12-25 10:15:00+00:00,98625.34,98674.65267,2024-12-25 12:00:00+00:00,97687.90614329999,97639.06219022835,0.0001986949650123857,19.60615665987496,0.1960615665987496,97687.90614329999,100648.1457234,SL,-0.186263387358434,0.01960615665987496,0.019400390045729573,0.00979817924031719,0.00970504754663658,0.01950322678695377,-0.24477316085099232,-1.2484505000000004,0 days 01:45:00
15m,VALIDATION,82,CLOSED,BTCUSDT,LONG,2024-12-25 18:15:00+00:00,2024-12-25 18:30:00+00:00,98948.87,98998.34443499999,2024-12-26 07:00:00+00:00,98008.36099064999,97959.35681015467,0.000195575270860904,19.36162802765619,0.19361628027656191,98008.36099064999,100978.31132369999,SL,-0.1839403042507475,0.019361628027656192,0.01915842774150594,0.009675976025814494,0.009584005873689157,0.01925998189950365,-0.2417203419194133,-1.248450499999997,0 days 12:30:00
15m,VALIDATION,83,CLOSED,BTCUSDT,LONG,2024-12-27 04:00:00+00:00,2024-12-27 04:15:00+00:00,96481.35,96529.590675,2024-12-27 07:15:00+00:00,95564.29476825,95516.51262086588,0.00019807552306913204,19.120149164599834,0.19120149164599834,95564.29476825,98460.1824885,SL,-0.1816461947121676,0.019120149164599833,0.01891948319911736,0.009555296933831742,0.009464473836475473,0.019019770770307216,-0.23870559784619202,-1.2484504999999977,0 days 03:00:00
15m,VALIDATION,84,CLOSED,BTCUSDT,LONG,2024-12-28 14:15:00+00:00,2024-12-28 14:30:00+00:00,94900.01,94947.46000499999,2024-12-29 16:15:00+00:00,93997.98540494998,93950.98641224751,0.00019886453026642356,18.88168203388436,0.18881682033884362,93997.98540494998,96846.40920509999,SL,-0.17938069738338122,0.01888168203388436,0.018683518780938744,0.00943612295546276,0.009346432606772283,0.018782555562235043,-0.23572845376043935,-1.2484504999999992,1 days 01:45:00
15m,VALIDATION,85,CLOSED,BTCUSDT,LONG,2024-12-30 12:15:00+00:00,2024-12-30 12:30:00+00:00,94121.31,94168.37065499999,2024-12-30 13:15:00+00:00,93226.68694844999,93180.07360497577,0.00019800904426177068,18.64618907308472,0.1864618907308472,93226.68694844999,96051.73806809999,SL,-0.17714345541196558,0.01864618907308472,0.018450497318762697,0.009318435318881704,0.009229863591176411,0.018548298910058117,-0.23278844071387111,-1.2484504999999977,0 days 00:45:00
1h,DEVELOPMENT,1,CLOSED,BTCUSDT,LONG,2024-01-07 13:00:00+00:00,2024-01-07 14:00:00+00:00,44409.31,44431.51465499999,2024-01-07 15:00:00+00:00,43987.199508449994,43965.205908695774,0.000449681270943834,19.980019980019982,0.19980019980019983,43987.199508449994,45320.144948099995,SL,-0.18981518231893213,0.019980019980019983,0.019770329670329677,0.0099850174812667,0.009890109890107536,0.019875127371374236,-0.24944065934065604,-1.2484504999999833,0 days 01:00:00
1h,DEVELOPMENT,2,CLOSED,BTCUSDT,LONG,2024-01-08 11:00:00+00:00,2024-01-08 12:00:00+00:00,44636.0,44658.318,2024-01-08 17:00:00+00:00,45551.48436,45528.708617820004,0.0004418175470054023,19.730828512147202,0.19730828512147203,44211.73482,45551.48436,TP,0.4044770542570116,0.019730828512147202,0.020115382359848954,0.00986048401406626,0.010062722541194148,0.019923206555260406,0.3447076368297551,1.7470510000000115,0 days 05:00:00
1h,DEVELOPMENT,3,CLOSED,BTCUSDT,LONG,2024-01-16 21:00:00+00:00,2024-01-16 22:00:00+00:00,43434.71,43456.427355,2024-01-17 01:00:00+00:00,43021.86308145,43000.352149909275,0.0004619613946104476,20.075191785703407,0.20075191785703406,43021.86308145,44325.5559021,SL,-0.1907193382539838,0.020075191785703408,0.01986450264791245,0.010032579603050491,0.009937219933922915,0.019969799536973407,-0.25062883222457305,-1.2484504999999997,0 days 03:00:00
1h,DEVELOPMENT,4,CLOSED,BTCUSDT,LONG,2024-01-26 10:00:00+00:00,2024-01-26 11:00:00+00:00,40692.64,40712.986319999996,2024-01-26 14:00:00+00:00,41527.246046399996,41506.4824233768,0.00048694078042105677,19.824813331932607,0.19824813331932606,40305.85645679999,41527.246046399996,TP,0.406403719578147,0.019824813331932607,0.020211198943771977,0.009907452939495057,0.010110654799283034,0.02001810773877809,0.34634959956366435,1.7470510000000123,0 days 03:00:00
1h,DEVELOPMENT,5,CLOSED,BTCUSDT,LONG,2024-01-27 21:00:00+00:00,2024-01-27 22:00:00+00:00,42150.59,42171.66529499999,2024-01-28 19:00:00+00:00,41749.94864204999,41729.07366772897,0.0004783025945691507,20.170816927900304,0.20170816927900304,41749.94864204999,43015.09860089999,SL,-0.1916278009991965,0.020170816927900306,0.019959124204241993,0.010080368279807902,0.009984554379308739,0.020064922659116642,-0.25182266479045545,-1.2484504999999975,0 days 21:00:00
1h,DEVELOPMENT,6,CLOSED,BTCUSDT,LONG,2024-01-29 15:00:00+00:00,2024-01-29 16:00:00+00:00,42641.75,42663.070875,2024-01-30 01:00:00+00:00,43516.332292499996,43494.57412635375,0.00046689667259456393,19.91924583420355,0.1991924583420355,42236.440166249995,43516.332292499996,TP,0.40833956227837365,0.019919245834203552,0.02030747193551218,0.009954645594303509,0.010158815375442115,0.020113460969745624,0.34799938353891224,1.747051000000004,0 days 09:00:00
1h,DEVELOPMENT,7,CLOSED,BTCUSDT,LONG,2024-01-30 01:00:00+00:00,2024-01-30 02:00:00+00:00,43439.51,43461.229755,2024-01-30 23:00:00+00:00,43026.61745745,43005.10414872127,0.00046632130936605747,20.266897566010655,0.20266897566010655,43026.61745745,44330.4543501,SL,-0.19254059106939922,0.020266897566010657,0.020054196476055376,0.010128384590709161,0.010032114295175252,0.020160498885884413,-0.25302218399734966,-1.2484505000000088,0 days 21:00:00
1h,DEVELOPMENT,8,CLOSED,BTCUSDT,LONG,2024-02-05 13:00:00+00:00,2024-02-05 14:00:00+00:00,43447.67,43469.393834999995,2024-02-05 15:00:00+00:00,43034.699896649996,43013.182546701675,0.0004604188461287729,20.01412815142789,0.2001412815142789,43034.699896649996,44338.781711699994,SL,-0.19013921847008816,0.02001412815142789,0.019804079876478656,0.010002063044190494,0.00990699343495486,0.019909056479145353,-0.24986648297714004,-1.248450499999989,0 days 01:00:00
1h,DEVELOPMENT,9,CLOSED,BTCUSDT,LONG,2024-02-06 15:00:00+00:00,2024-02-06 16:00:00+00:00,43244.89,43266.512445,2024-02-07 03:00:00+00:00,42833.84732055,42812.43039688972,0.000456808514678444,19.764511285316864,0.19764511285316866,42833.84732055,44131.8426939,SL,-0.18776779586900308,0.019764511285316866,0.019557082739377462,0.00987731698416675,0.00978343308623214,0.019660750070398893,-0.24675013996409628,-1.2484505000000072,0 days 11:00:00
1h,DEVELOPMENT,10,CLOSED,BTCUSDT,LONG,2024-02-07 17:00:00+00:00,2024-02-07 18:00:00+00:00,43499.91,43521.659955,2024-02-07 21:00:00+00:00,44392.0931541,44369.89710752296,0.0004484665260739155,19.518007648989094,0.19518007648989094,43086.44335545,44392.0931541,TP,0.4001142797408955,0.019518007648989096,0.019898413618067892,0.009754126761113683,0.00995418390098274,0.019708310662096423,0.34098954781174207,1.7470510000000083,0 days 03:00:00
1h,DEVELOPMENT,11,CLOSED,BTCUSDT,LONG,2024-02-08 00:00:00+00:00,2024-02-08 01:00:00+00:00,44676.02,44698.358009999996,2024-02-08 20:00:00+00:00,45592.3251702,45569.5290076149,0.0004442815671989362,19.85865654790192,0.1985865654790192,44251.374429899995,45592.3251702,TP,0.4070974970489445,0.01985865654790192,0.020245701764020532,0.00992436609090528,0.010127914839427698,0.020052280930332976,0.34694085780668904,1.7470510000000155,0 days 19:00:00
1h,DEVELOPMENT,12,CLOSED,BTCUSDT,LONG,2024-02-09 02:00:00+00:00,2024-02-09 03:00:00+00:00,46285.22,46308.36261,2024-02-09 11:00:00+00:00,47234.5298622,47210.9125972689,0.00043631969848750103,20.205250811445065,0.20205250811445066,45845.278983899996,47234.5298622,TP,0.41420259284631344,0.020205250811445065,0.020599051149760128,0.010097576617411789,0.010304677913835871,0.02040225453124766,0.35299603635386056,1.747051000000007,0 days 08:00:00
1h,DEVELOPMENT,13,CLOSED,BTCUSDT,LONG,2024-02-10 20:00:00+00:00,2024-02-10 21:00:00+00:00,47878.0,47901.939,2024-02-12 15:00:00+00:00,48859.97778,48835.54779111,0.000429166222361186,20.557894204405965,0.20557894204405966,47422.91961,48859.97778,TP,0.4214316942852242,0.020557894204405965,0.02095856756244984,0.01027381019710378,0.01048452604424646,0.02075833624135024,0.3591568962770182,1.7470510000000083,1 days 18:00:00
1h,DEVELOPMENT,14,CLOSED,BTCUSDT,LONG,2024-02-12 15:00:00+00:00,2024-02-12 16:00:00+00:00,49917.8,49942.7589,2024-02-12 16:00:00+00:00,49443.331311,49418.609645344506,0.0004188133127460207,20.916692302584806,0.20916692302584808,49443.331311,50941.614078,SL,-0.1987138034343519,0.02091669230258481,0.020697171616869185,0.010453119591495738,0.010353762689777637,0.020806882281273375,-0.2611345496350793,-1.2484504999999892,0 days 00:00:00
1h,DEVELOPMENT,15,CLOSED,BTCUSDT,LONG,2024-02-15 14:00:00+00:00,2024-02-15 15:00:00+00:00,52621.31,52647.62065499999,2024-02-15 15:00:00+00:00,52121.14444844999,52095.08387622576,0.0003923409713419592,20.655818626625692,0.2065581862662569,52121.14444844999,53700.57306809999,SL,-0.19623543832691756,0.02065581862662569,0.020439035810139252,0.010322747939340765,0.010224630220179847,0.02054737815952061,-0.25787767092320313,-1.2484505000000075,0 days 00:00:00
1h,DEVELOPMENT,16,CLOSED,BTCUSDT,LONG,2024-02-18 22:00:00+00:00,2024-02-18 23:00:00+00:00,52239.79,52265.909895,2024-02-19 16:00:00+00:00,51743.25079604999,51717.37917065197,0.00039027730726839884,20.398198575753362,0.20398198575753362,51743.25079604999,53311.2280929,SL,-0.19378798347080323,0.02039819857575336,0.02018411948170083,0.010194002286731823,0.010097108294997428,0.02029111058172925,-0.25466141210998666,-1.2484505000000046,0 days 17:00:00
1h,DEVELOPMENT,17,CLOSED,BTCUSDT,LONG,2024-02-20 13:00:00+00:00,2024-02-20 14:00:00+00:00,52840.14,52866.56007,2024-02-20 14:00:00+00:00,52337.8944693,52311.72552206535,0.00038103087365579146,20.143791570648478,0.20143791570648478,52337.8944693,53923.8912714,SL,-0.19137105335233695,0.020143791570648478,0.019932382478114526,0.010066862354147213,0.009971176827470209,0.020038039181617423,-0.25148526658271736,-1.248450499999993,0 days 00:00:00
1h,DEVELOPMENT,18,CLOSED,BTCUSDT,LONG,2024-02-26 15:00:00+00:00,2024-02-26 16:00:00+00:00,52842.33,52868.751165,2024-02-26 19:00:00+00:00,53926.126188300004,53899.16312520586,0.00037626304952834827,19.892557538098316,0.19892557538098316,52340.06365335,53926.126188300004,TP,0.4077924588769589,0.019892557538098318,0.020280263484515854,0.009941308114991566,0.01014520434442882,0.020086512459420384,0.34753312539492437,1.747051000000012,0 days 03:00:00
1h,DEVELOPMENT,19,CLOSED,BTCUSDT,LONG,2024-02-28 07:00:00+00:00,2024-02-28 08:00:00+00:00,58241.09,58270.210544999994,2024-02-28 08:00:00+00:00,59435.614755899995,59405.89694852205,0.0003473428925046248,20.239743477553787,0.20239743477553787,57687.508439549994,59435.614755899995,TP,0.41490968388268623,0.02023974347755379,0.020634216077931315,0.010114814331610376,0.010322269173550086,0.020437083505160464,0.3535986408220406,1.747051000000012,0 days 00:00:00
1h,DEVELOPMENT,20,CLOSED,BTCUSDT,LONG,2024-03-01 20:00:00+00:00,2024-03-01 21:00:00+00:00,62861.1,62892.530549999996,2024-03-01 21:00:00+00:00,62263.605244499995,62232.47344187775,0.00032743139277260973,20.592988872980406,0.20592988872980406,62263.605244499995,64150.381161,SL,-0.19563853996769606,0.020592988872980406,0.02037686545475848,0.010291348762108268,0.010193529492123144,0.02048487825423141,-0.2570932725496664,-1.248450499999991,0 days 00:00:00
1h,DEVELOPMENT,21,CLOSED,BTCUSDT,LONG,2024-03-03 16:00:00+00:00,2024-03-03 17:00:00+00:00,62845.14,62876.562569999995,2024-03-04 00:00:00+00:00,64134.0938214,64102.0267744893,0.0003234297742378453,20.336152436866854,0.20336152436866856,62247.7969443,64134.0938214,TP,0.4168860434584095,0.020336152436866855,0.02073250404786139,0.010162994721071331,0.010371437742801769,0.020534432463873098,0.3552829545098082,1.747051000000007,0 days 07:00:00
1h,DEVELOPMENT,22,CLOSED,BTCUSDT,LONG,2024-03-04 00:00:00+00:00,2024-03-04 01:00:00+00:00,63459.29,63491.019645,2024-03-04 08:00:00+00:00,64760.8400379,64728.45961788105,0.00032588987511999475,20.691080463350183,0.20691080463350184,62856.10944855,64760.8400379,TP,0.42416197931365557,0.02069108046335018,0.02109434962158088,0.010340370046651582,0.010552451036307914,0.020892821082959496,0.36148372814576507,1.747051000000005,0 days 07:00:00
1h,DEVELOPMENT,23,CLOSED,BTCUSDT,LONG,2024-03-08 14:00:00+00:00,2024-03-08 15:00:00+00:00,68422.0,68456.211,2024-03-08 15:00:00+00:00,67771.64889,67737.763065555,0.00030752802063337115,21.052203068890407,0.21052203068890407,67771.64889,69825.33522,SL,-0.20000118957501684,0.021052203068890406,0.020831260197682406,0.010520841113886936,0.010420840519099151,0.020941681632986087,-0.2628263344745757,-1.2484504999999908,0 days 00:00:00
1h,DEVELOPMENT,24,CLOSED,BTCUSDT,LONG,2024-03-10 01:00:00+00:00,2024-03-10 02:00:00+00:00,68939.56,68974.02978,2024-03-10 22:00:00+00:00,68284.2894822,68250.1473374589,0.00030141256592513594,20.78963929818654,0.2078963929818654,68284.2894822,70353.5103756,SL,-0.19750676814519147,0.02078963929818654,0.02057145203375207,0.010389624836674766,0.010290871452601609,0.020680496289276373,-0.25954835576640645,-1.2484505000000004,0 days 20:00:00
1h,DEVELOPMENT,25,CLOSED,BTCUSDT,LONG,2024-03-24 20:00:00+00:00,2024-03-24 21:00:00+00:00,66161.87,66194.95093499999,2024-03-24 23:00:00+00:00,67518.84995369999,67485.09052872314,0.00031014979150972665,20.530350231486832,0.20530350231486832,65533.001425649985,67518.84995369999,TP,0.4208670497229312,0.020530350231486832,0.02093048675749851,0.010260045093193984,0.010470478618056566,0.020730523711250552,0.3586756890226953,1.7470510000000112,0 days 02:00:00
1h,DEVELOPMENT,26,CLOSED,BTCUSDT,LONG,2024-03-31 12:00:00+00:00,2024-03-31 13:00:00+00:00,70500.0,70535.25,2024-04-01 05:00:00+00:00,69829.8975,69794.98255125001,0.000296145084948843,20.888667603137876,0.20888667603137875,69829.8975,71945.955,SL,-0.19844756178693015,0.020888667603137876,0.02066944103664295,0.010439114244446716,0.01033989046355214,0.020779004707998858,-0.2607846751347098,-1.2484504999999857,0 days 16:00:00
1h,DEVELOPMENT,27,CLOSED,BTCUSDT,LONG,2024-04-06 22:00:00+00:00,2024-04-06 23:00:00+00:00,69056.0,69090.52799999999,2024-04-08 07:00:00+00:00,70472.33855999999,70437.10239072,0.0002985668810079749,20.628143452154156,0.20628143452154157,68399.62271999998,70472.33855999999,TP,0.4228717863105233,0.020628143452154156,0.021030185968036644,0.010308917267440716,0.010520353160595502,0.020829270428036218,0.3603841864622963,1.7470510000000126,1 days 08:00:00
1h,DEVELOPMENT,28,CLOSED,BTCUSDT,LONG,2024-04-08 07:00:00+00:00,2024-04-08 08:00:00+00:00,70698.64,70733.98932,2024-04-08 09:00:00+00:00,72148.66910639999,72112.5947718468,0.0002967196932651975,20.988167614454156,0.20988167614454156,70026.6494268,72148.66910639999,TP,0.43025219167661355,0.020988167614454156,0.021397227001259865,0.0104888393875315,0.010703965483370288,0.021192804870901787,0.36667399218999774,1.7470510000000012,0 days 01:00:00
1h,DEVELOPMENT,29,CLOSED,BTCUSDT,LONG,2024-04-20 17:00:00+00:00,2024-04-20 18:00:00+00:00,65199.99,65232.589994999995,2024-04-20 22:00:00+00:00,64580.26409504999,64547.97396300247,0.0003273589980191871,21.354475298959645,0.21354475298959646,64580.26409504999,66537.2417949,SL,-0.202872851290968,0.021354475298959646,0.021130360080697064,0.010671901698629478,0.010570465272983776,0.021242366971613254,-0.266600053642238,-1.248450499999999,0 days 04:00:00
1h,DEVELOPMENT,30,CLOSED,BTCUSDT,LONG,2024-04-22 03:00:00+00:00,2024-04-22 04:00:00+00:00,65703.49,65736.341745,2024-04-22 22:00:00+00:00,67051.0685799,67017.54304561006,0.00032079883089389174,21.08814157903733,0.2108814157903733,65078.978327549994,67051.0685799,TP,0.432301632969571,0.02108814157903733,0.02149914945841277,0.010538801388821899,0.010754952205308156,0.021293753594130056,0.3684205883379909,1.7470510000000163,0 days 18:00:00
1h,DEVELOPMENT,31,CLOSED,BTCUSDT,LONG,2024-04-22 22:00:00+00:00,2024-04-22 23:00:00+00:00,67027.98,67061.49398999999,2024-04-23 04:00:00+00:00,66390.87905009999,66357.68361057494,0.0003199480482501479,21.45619411483952,0.2145619411483952,66390.87905009999,68402.72386979999,SL,-0.20383920545882234,0.02145619411483952,0.021231011357604277,0.010722735689572474,0.010620816086845711,0.021343551776418185,-0.2678699627076843,-1.248450499999999,0 days 05:00:00
1h,DEVELOPMENT,32,CLOSED,BTCUSDT,LONG,2024-05-03 12:00:00+00:00,2024-05-03 13:00:00+00:00,60641.0,60671.320499999994,2024-05-03 14:00:00+00:00,61884.746909999994,61853.804536544994,0.0003492357110389939,21.188591754492183,0.21188591754492184,60064.607294999994,61884.746909999994,TP,0.43436083646639956,0.021188591754492184,0.02160155740778724,0.010589001376555843,0.010806181794791033,0.021395183171346876,0.3701755041327733,1.7470510000000001,0 days 01:00:00
1h,DEVELOPMENT,33,CLOSED,BTCUSDT,LONG,2024-05-05 15:00:00+00:00,2024-05-05 16:00:00+00:00,64428.64,64460.85432,2024-05-05 18:00:00+00:00,63816.245776799995,63784.3376539116,0.0003344416961324338,21.558397452926524,0.21558397452926525,63816.245776799995,65750.0714064,SL,-0.20481016270871374,0.021558397452926526,0.02133214207165806,0.010773811820552695,0.010671406739197009,0.021445218559749703,-0.26914592079304805,-1.2484504999999981,0 days 02:00:00
1h,DEVELOPMENT,34,CLOSED,BTCUSDT,LONG,2024-05-06 08:00:00+00:00,2024-05-06 09:00:00+00:00,65143.04,65175.61152,2024-05-06 10:00:00+00:00,64523.8554048,64491.5934770976,0.0003266485716462247,21.289520409177225,0.21289520409177226,64523.8554048,66479.1237504,SL,-0.20225576360742595,0.021289520409177226,0.02106608689248291,0.010639440484345685,0.010538312602542297,0.021177753086887983,-0.26578912399597404,-1.2484504999999948,0 days 01:00:00
1h,DEVELOPMENT,35,CLOSED,BTCUSDT,LONG,2024-05-13 07:00:00+00:00,2024-05-13 08:00:00+00:00,62334.36,62365.52718,2024-05-14 06:00:00+00:00,61741.871908199995,61711.0009722459,0.0003371092614691123,21.02399680878165,0.2102399680878165,61741.871908199995,63612.8377236,SL,-0.1997332230559434,0.02102399680878165,0.020803349962273485,0.010506745031873786,0.010406878420345343,0.02091362345221913,-0.26247419327921767,-1.2484504999999957,0 days 22:00:00
1h,DEVELOPMENT,36,CLOSED,BTCUSDT,LONG,2024-05-15 09:00:00+00:00,2024-05-15 10:00:00+00:00,62649.98,62681.30499,2024-05-15 12:00:00+00:00,63934.9310898,63902.9636242551,0.00033122770546650245,20.76178482748373,0.2076178482748373,62054.49194009999,63934.9310898,TP,0.4256114011111336,0.02076178482748373,0.02116643201377139,0.010375704561459049,0.010588510262016041,0.02096421482347509,0.36271896944640336,1.7470510000000028,0 days 02:00:00
1h,DEVELOPMENT,37,CLOSED,BTCUSDT,LONG,2024-05-15 12:00:00+00:00,2024-05-15 13:00:00+00:00,63757.57,63789.44878499999,2024-05-15 16:00:00+00:00,65065.237760699994,65032.70514181965,0.0003311541617410028,21.124141440317302,0.21124141440317304,63151.554297149996,65065.237760699994,TP,0.433039621130341,0.021124141440317303,0.02153585095698909,0.010556792323994507,0.010773312134560061,0.02133010445855457,0.36904952427448007,1.7470510000000103,0 days 03:00:00
1h,DEVELOPMENT,38,CLOSED,BTCUSDT,LONG,2024-05-17 14:00:00+00:00,2024-05-17 15:00:00+00:00,66806.67,66840.073335,2024-05-19 19:00:00+00:00,66171.67260164999,66138.58676534917,0.0003215559351053838,21.492822283748353,0.21492822283748353,66171.67260164999,68176.87480169999,SL,-0.2041871822159232,0.021492822283748353,0.021267255113880418,0.010741040621561924,0.010638947030452404,0.021379987652014328,-0.2683272472655663,-1.2484504999999932,2 days 04:00:00
1h,DEVELOPMENT,39,CLOSED,BTCUSDT,LONG,2024-05-20 15:00:00+00:00,2024-05-20 16:00:00+00:00,67420.0,67453.70999999999,2024-05-20 19:00:00+00:00,68802.7842,68768.3828079,0.000314656719336429,21.22476309567087,0.2122476309567087,66779.17289999999,68802.7842,TP,0.4351023399222468,0.02122476309567087,0.021638433728405494,0.010607078008828456,0.01082462917879231,0.021431707187620767,0.3708074359105496,1.7470510000000032,0 days 03:00:00
1h,DEVELOPMENT,40,CLOSED,BTCUSDT,LONG,2024-05-25 10:00:00+00:00,2024-05-25 11:00:00+00:00,69388.0,69422.694,2024-05-26 15:00:00+00:00,68728.46706,68694.10282647,0.00031106830994750084,21.59520009458251,0.2159520009458251,68728.46706,70811.14788,SL,-0.2051597970005079,0.02159520009458251,0.021368558469589863,0.010792203945319571,0.010689624046816955,0.021481827992136528,-0.2696053835568168,-1.2484505000000046,1 days 04:00:00
1h,DEVELOPMENT,41,CLOSED,BTCUSDT,LONG,2024-05-27 15:00:00+00:00,2024-05-27 16:00:00+00:00,70373.86,70409.04693,2024-05-27 19:00:00+00:00,69704.95646069999,69670.10398246965,0.00030288528217510416,21.3258640470732,0.213258640470732,69704.95646069999,71817.22786859999,SL,-0.20260103724880896,0.0213258640470732,0.021102049103899168,0.010657603221924489,0.010556302703299105,0.021213905925223594,-0.26624285632500494,-1.2484504999999968,0 days 03:00:00
1h,DEVELOPMENT,42,CLOSED,BTCUSDT,LONG,2024-05-30 17:00:00+00:00,2024-05-30 18:00:00+00:00,69315.1,69349.75755,2024-05-30 19:00:00+00:00,68656.25997449999,68621.93184451274,0.00030367643538542765,21.059887167627647,0.21059887167627647,68656.25997449999,70736.75270099999,SL,-0.20007419043308913,0.021059887167627647,0.020838863651803395,0.010524681243188883,0.010424644147974756,0.02094932539116364,-0.2629222666436838,-1.2484505000000028,0 days 01:00:00
1h,DEVELOPMENT,43,CLOSED,BTCUSDT,LONG,2024-06-03 01:00:00+00:00,2024-06-03 02:00:00+00:00,68476.01,68510.24800499999,2024-06-03 13:00:00+00:00,69880.45296509999,69845.51273861744,0.00030356374653720686,20.797227560590997,0.20797227560590997,67825.14552494998,69880.45296509999,TP,0.4263379682835783,0.020797227560591,0.02120256552574692,0.010393417071757184,0.010606586055900678,0.02100000312765786,0.3633381720695825,1.747051000000009,0 days 11:00:00
1h,DEVELOPMENT,44,CLOSED,BTCUSDT,LONG,2024-06-03 13:00:00+00:00,2024-06-03 14:00:00+00:00,69795.33,69830.227665,2024-06-03 14:00:00+00:00,69131.92538834999,69097.35942565581,0.000303023539590571,21.16020275746371,0.2116020275746371,69131.92538834999,71226.8322183,SL,-0.20102721360289427,0.021160202757463713,0.02093812642952413,0.010574813971745006,0.010474300364945408,0.021049114336690412,-0.2641746571265725,-1.2484505000000143,0 days 00:00:00
1h,DEVELOPMENT,45,CLOSED,BTCUSDT,LONG,2024-06-04 15:00:00+00:00,2024-06-04 16:00:00+00:00,70445.0,70480.22249999999,2024-06-07 12:00:00+00:00,71889.82694999999,71853.88203652498,0.00029648447848023646,20.896292011083524,0.20896292011083525,69775.42027499998,71889.82694999999,TP,0.42836876476493707,0.020896292011083523,0.021303560742379542,0.01044292454326685,0.010657108925653481,0.02110003346892033,0.3650688785425537,1.7470509999999946,2 days 20:00:00
1h,DEVELOPMENT,46,CLOSED,BTCUSDT,LONG,2024-06-20 10:00:00+00:00,2024-06-20 11:00:00+00:00,66209.49,66242.594745,2024-06-20 13:00:00+00:00,65580.16879755,65547.37871315122,0.0003209565728410193,21.260996185451713,0.21260996185451714,65580.16879755,67567.4466399,SL,-0.20198477635454445,0.021260996185451714,0.0210378620304854,0.010625185499972543,0.010524193111798155,0.0211493786117707,-0.26543301318225226,-1.2484504999999972,0 days 02:00:00
1h,DEVELOPMENT,47,CLOSED,BTCUSDT,LONG,2024-06-30 18:00:00+00:00,2024-06-30 19:00:00+00:00,62055.3,62086.32765,2024-07-01 01:00:00+00:00,63328.054203,63296.3901758985,0.0003381715288183066,20.9958283401148,0.20995828340114803,61465.4643735,63328.054203,TP,0.4304092346384342,0.020995828340114802,0.02140503703446364,0.010492667836138099,0.010707872453458042,0.021200540289596143,0.3668078289742597,1.747051000000003,0 days 06:00:00
1h,DEVELOPMENT,48,CLOSED,BTCUSDT,LONG,2024-07-01 01:00:00+00:00,2024-07-01 02:00:00+00:00,63640.81,63672.630404999996,2024-07-01 08:00:00+00:00,63035.90410094999,63004.386148899524,0.0003355016055065313,21.362269727701477,0.21362269727701477,63035.90410094999,64946.0830131,SL,-0.2029469003116485,0.02136226972770148,0.021138072706909254,0.010675796965367577,0.010574323515209887,0.021250120480577464,-0.2666973632268367,-1.248450499999995,0 days 06:00:00
1h,DEVELOPMENT,49,CLOSED,BTCUSDT,LONG,2024-07-10 04:00:00+00:00,2024-07-10 05:00:00+00:00,59347.43,59377.103715,2024-07-10 08:00:00+00:00,58783.33267785,58753.94101151107,0.0003552857494812037,21.09583879540694,0.2109583879540694,58783.33267785,60564.6457893,SL,-0.20041573988040368,0.02109583879540694,0.020874437967249145,0.010542648073665633,0.010442440203726276,0.020985088277391907,-0.2633711049204517,-1.2484504999999988,0 days 03:00:00
1h,DEVELOPMENT,50,CLOSED,BTCUSDT,LONG,2024-07-11 11:00:00+00:00,2024-07-11 12:00:00+00:00,58777.99,58807.37899499999,2024-07-11 14:00:00+00:00,58219.30520504999,58190.19555244747,0.00035425368643371587,20.832730798483418,0.20832730798483418,58219.30520504999,59983.526574899995,SL,-0.19791614816550496,0.02083273079848342,0.02061409128875333,0.010411159819329876,0.010312201745247959,0.020723361564577835,-0.26008633181731955,-1.2484504999999968,0 days 02:00:00
1h,DEVELOPMENT,51,CLOSED,BTCUSDT,LONG,2024-07-13 09:00:00+00:00,2024-07-13 10:00:00+00:00,58678.02,58707.35900999999,2024-07-14 04:00:00+00:00,59881.506190199994,59851.565437104895,0.00035043143892177296,20.57290429317141,0.2057290429317141,58120.28541989999,59881.506190199994,TP,0.4217393973542677,0.02057290429317141,0.020973870197845322,0.010281311490838902,0.010492181189517193,0.020773492680356095,0.35941913018289484,1.747051000000004,0 days 18:00:00
1h,DEVELOPMENT,52,CLOSED,BTCUSDT,LONG,2024-07-14 04:00:00+00:00,2024-07-14 05:00:00+00:00,59950.0,59979.975,2024-07-14 21:00:00+00:00,61179.5745,61148.98471275,0.0003489825456460126,20.931964363284195,0.20931964363284195,59380.17525,61179.5745,TP,0.42910003907142397,0.020931964363284195,0.021339928348724606,0.01046075180573872,0.010675301825274612,0.021136053631013334,0.3656920927284018,1.747051000000008,0 days 16:00:00
1h,DEVELOPMENT,53,CLOSED,BTCUSDT,LONG,2024-07-14 21:00:00+00:00,2024-07-14 22:00:00+00:00,61276.36,61306.998179999995,2024-07-15 00:00:00+00:00,60693.928198199996,60663.5812341009,0.00034738760274507114,21.297291129246638,0.21297291129246637,60693.928198199996,62533.138143599994,SL,-0.20232958738979612,0.021297291129246637,0.0210737760588452,0.01064332390267006,0.01054215910897542,0.02118548301164548,-0.26588613758953344,-1.2484504999999912,0 days 02:00:00
1h,DEVELOPMENT,54,CLOSED,BTCUSDT,LONG,2024-07-19 14:00:00+00:00,2024-07-19 15:00:00+00:00,65747.04,65779.91351999999,2024-07-19 19:00:00+00:00,67095.51179039999,67061.9640345048,0.0003197278543970665,21.03167061217418,0.21031670612174183,65122.114384799985,67095.51179039999,TP,0.43114399225956246,0.02103167061217418,0.02144157787240546,0.01051058001607705,0.01072615201220789,0.021236732028284938,0.3674340117466979,1.7470510000000128,0 days 04:00:00
1h,DEVELOPMENT,55,CLOSED,BTCUSDT,LONG,2024-07-20 17:00:00+00:00,2024-07-20 18:00:00+00:00,67403.01,67436.71150499998,2024-07-21 06:00:00+00:00,66762.34438994998,66728.96321775501,0.0003173158518470982,21.39873755697608,0.2139873755697608,66762.34438994998,68785.44573509999,SL,-0.20329335380216018,0.02139873755697608,0.021174157806315614,0.010694021767601064,0.010592375090703186,0.02128639685830425,-0.2671526460237561,-1.2484505000000021,0 days 12:00:00
1h,DEVELOPMENT,56,CLOSED,BTCUSDT,LONG,2024-07-21 20:00:00+00:00,2024-07-21 21:00:00+00:00,67723.91,67757.771955,2024-07-22 08:00:00+00:00,67080.19423545,67046.65413833229,0.0003118734749830159,21.131851796712592,0.21131851796712592,67080.19423545,69112.9273941,SL,-0.20075787239155657,0.021131851796712592,0.020910073012106095,0.010560645575568607,0.01046026663936963,0.021020912214938237,-0.2638207094153135,-1.2484504999999817,0 days 11:00:00
1h,DEVELOPMENT,57,CLOSED,BTCUSDT,LONG,2024-07-27 12:00:00+00:00,2024-07-27 13:00:00+00:00,68400.0,68434.2,2024-07-27 19:00:00+00:00,67749.858,67715.983071,0.0003049395571870431,20.868294644449545,0.20868294644449545,67749.858,69802.884,SL,-0.19825401358870073,0.020868294644449545,0.020649281892156045,0.010428932855795986,0.01032980584900185,0.020758738704797837,-0.26053032883010413,-1.2484505000000028,0 days 06:00:00
1h,DEVELOPMENT,58,CLOSED,BTCUSDT,LONG,2024-07-29 00:00:00+00:00,2024-07-29 01:00:00+00:00,68714.01,68748.367005,2024-07-29 15:00:00+00:00,68060.88333494999,68026.85289328251,0.00029976020498318764,20.608024585678212,0.2060802458567821,68060.88333494999,70123.3343451,SL,-0.19578138299537487,0.020608024585678213,0.020391743367651517,0.01029886286140781,0.010200972169911355,0.020499835031319164,-0.25728098598002375,-1.2484505000000057,0 days 14:00:00
1h,DEVELOPMENT,59,CLOSED,BTCUSDT,LONG,2024-08-18 02:00:00+00:00,2024-08-18 03:00:00+00:00,60125.99,60156.052995,2024-08-18 03:00:00+00:00,59554.492465049996,59524.71521881747,0.0003383034559357099,20.351000623660212,0.20351000623660212,59554.492465049996,61359.1740549,SL,-0.1933395911323248,0.02035100062366021,0.0201374168721149,0.010170415104278045,0.01007374530871109,0.020244160412989133,-0.25407216904108904,-1.2484505,0 days 00:00:00
1h,DEVELOPMENT,60,CLOSED,BTCUSDT,LONG,2024-08-20 00:00:00+00:00,2024-08-20 01:00:00+00:00,60482.77,60513.01138499999,2024-08-20 14:00:00+00:00,59907.88127114999,59877.92733051442,0.00033211340524942905,20.097182272969814,0.20097182272969816,59907.88127114999,61723.271612699995,SL,-0.19092825337789068,0.020097182272969815,0.019886262345015,0.010043569351806978,0.009948105225118024,0.019991674576925002,-0.2509033725728005,-1.2484504999999873,0 days 13:00:00
1h,DEVELOPMENT,61,CLOSED,BTCUSDT,LONG,2024-08-21 18:00:00+00:00,2024-08-21 19:00:00+00:00,60771.28,60801.66563999999,2024-08-22 02:00:00+00:00,60193.64898359999,60163.55215910819,0.0003264142411924371,19.846529553116874,0.19846529553116873,60193.64898359999,62017.69895279999,SL,-0.18854698990742536,0.019846529553116873,0.01963824022545691,0.009918305623744326,0.009824032128791784,0.01974233775253611,-0.24777409743853523,-1.2484504999999992,0 days 07:00:00
1h,DEVELOPMENT,62,CLOSED,BTCUSDT,LONG,2024-08-23 17:00:00+00:00,2024-08-23 18:00:00+00:00,62999.88,63031.37993999999,2024-08-23 21:00:00+00:00,64292.00753879999,64259.86153503059,0.00031094040779220815,19.599002982249207,0.19599002982249208,62401.06614059999,64292.00753879999,TP,0.40177466383401184,0.019599002982249206,0.019980987550373242,0.009794604189028298,0.00999549152094641,0.019790095709974708,0.3424045775914147,1.7470510000000004,0 days 03:00:00
1h,VALIDATION,1,CLOSED,BTCUSDT,LONG,2024-09-02 22:00:00+00:00,2024-09-02 23:00:00+00:00,59349.99,59379.66499499999,2024-09-03 08:00:00+00:00,58785.86834504999,58756.475410877465,0.0003364791630552712,19.980019980019982,0.19980019980019983,58785.86834504999,60567.25829489999,SL,-0.1898151823189337,0.019980019980019983,0.019770329670329673,0.00998501748126732,0.009890109890109348,0.01987512737137667,-0.24944065934066004,-1.2484505000000032,0 days 09:00:00
1h,VALIDATION,2,CLOSED,BTCUSDT,LONG,2024-09-09 13:00:00+00:00,2024-09-09 14:00:00+00:00,55686.93,55714.773465,2024-09-09 14:00:00+00:00,55157.625730349995,55130.046917484826,0.00035413997554063645,19.730828512147202,0.19730828512147203,55157.625730349995,56829.0689343,SL,-0.18744780110740727,0.019730828512147202,0.019523753466912215,0.009860484014065895,0.00976676011351085,0.019627244127576743,-0.24632962721404342,-1.2484504999999955,0 days 00:00:00
1h,VALIDATION,3,CLOSED,BTCUSDT,LONG,2024-09-13 15:00:00+00:00,2024-09-13 16:00:00+00:00,59666.01,59695.843004999995,2024-09-15 23:00:00+00:00,59098.884574949996,59069.33513266253,0.00032640036537962664,19.48474496847683,0.1948474496847683,59098.884574949996,60889.75986509999,SL,-0.18510994595239802,0.01948474496847683,0.019280252570032665,0.009737503732369987,0.009644948759394069,0.019382452491764054,-0.24325739598267157,-1.2484504999999884,2 days 07:00:00
1h,VALIDATION,4,CLOSED,BTCUSDT,LONG,2024-09-18 23:00:00+00:00,2024-09-19 00:00:00+00:00,61759.98,61790.85999,2024-09-19 12:00:00+00:00,63026.6771898,62995.16385120511,0.00031140091900306563,19.241730586875757,0.19241730586875758,61172.951390099995,63026.6771898,TP,0.39445066900231984,0.01924173058687576,0.019616751916013968,0.009616057264803607,0.009813282599304727,0.019429339864108334,0.33616284663532175,1.7470510000000155,0 days 12:00:00
1h,VALIDATION,5,CLOSED,BTCUSDT,LONG,2024-09-22 22:00:00+00:00,2024-09-22 23:00:00+00:00,63881.5,63913.440749999994,2024-09-23 00:00:00+00:00,63274.30634249999,63242.66918932875,0.000306313623187177,19.57755760649146,0.1957755760649146,63274.30634249999,65191.709565,SL,-0.18599168920510104,0.01957755760649146,0.019372091139411334,0.009783886859814076,0.00969089101521112,0.019474777875025197,-0.244416115826029,-1.2484504999999915,0 days 01:00:00
1h,VALIDATION,6,CLOSED,BTCUSDT,LONG,2024-09-23 03:00:00+00:00,2024-09-23 04:00:00+00:00,64354.0,64386.176999999996,2024-09-23 05:00:00+00:00,63742.31522999999,63710.444072385,0.000300272303208953,19.333385662609313,0.19333385662609315,63742.31522999999,65673.90054,SL,-0.1836719947257408,0.019333385662609313,0.01913048178008023,0.009661861900353291,0.009570025902989943,0.019231887803343235,-0.24136774997177357,-1.2484504999999961,0 days 01:00:00
1h,VALIDATION,7,CLOSED,BTCUSDT,LONG,2024-09-24 08:00:00+00:00,2024-09-24 09:00:00+00:00,63851.05,63882.975525,2024-09-24 14:00:00+00:00,63244.14576975,63212.52369686513,0.0002988630207399985,19.09225903926089,0.19092259039260892,63244.14576975,65160.6350355,SL,-0.18138123155239916,0.019092259039260893,0.018891885780643852,0.009541358840209964,0.009450668224432994,0.01899202706464296,-0.2383574034369469,-1.2484504999999952,0 days 05:00:00
1h,VALIDATION,8,CLOSED,BTCUSDT,LONG,2024-09-24 19:00:00+00:00,2024-09-24 20:00:00+00:00,64292.35,64324.49617499999,2024-09-25 07:00:00+00:00,63681.25121324999,63649.41058764337,0.0002931097929444156,18.8541397551081,0.188541397551081,63681.25121324999,65610.9860985,SL,-0.17911903885287841,0.0188541397551081,0.01865626555837824,0.009422358698203308,0.00933279917877786,0.01875515787698117,-0.23538460204334594,-1.2484505000000004,0 days 11:00:00
1h,VALIDATION,9,CLOSED,BTCUSDT,LONG,2024-09-26 10:00:00+00:00,2024-09-26 11:00:00+00:00,64391.99,64424.18599499999,2024-09-26 17:00:00+00:00,65712.6697149,65679.81338004254,0.00028900621738491786,18.61899030251735,0.1861899030251735,63779.94413504999,65712.6697149,TP,0.38168464878024005,0.01861899030251735,0.01898187442351341,0.009304842729892163,0.009495685054284853,0.018800527784177016,0.3252832562700323,1.7470509999999995,0 days 06:00:00
1h,VALIDATION,10,CLOSED,BTCUSDT,LONG,2024-09-27 14:00:00+00:00,2024-09-27 15:00:00+00:00,66242.65,66275.771325,2024-09-27 18:00:00+00:00,65613.01361175,65580.20710494411,0.00028583520375180505,18.943948600489414,0.18943948600489413,65613.01361175,67601.2867515,SL,-0.17997224532498965,0.018943948600489414,0.018745131859927273,0.009467240679904775,0.009377254557243288,0.01884449523714806,-0.23650582102255438,-1.2484505000000068,0 days 03:00:00
1h,VALIDATION,11,CLOSED,BTCUSDT,LONG,2024-10-04 16:00:00+00:00,2024-10-04 17:00:00+00:00,62243.99,62275.11199499999,2024-10-07 00:00:00+00:00,63520.61423489999,63488.85392778255,0.00030040378009308684,18.70767904901833,0.18707679049018333,61652.36087504999,63520.61423489999,TP,0.3835027459224033,0.018707679049018332,0.0190722917136837,0.009349164942036364,0.00954091631499795,0.018890081257034314,0.326832693902667,1.7470510000000092,2 days 07:00:00
1h,VALIDATION,12,CLOSED,BTCUSDT,LONG,2024-10-07 00:00:00+00:00,2024-10-07 01:00:00+00:00,63677.98,63709.81899,2024-10-07 10:00:00+00:00,63072.720800099996,63041.18443969995,0.00029876376261123773,19.034185236733286,0.19034185236733286,63072.720800099996,64984.0153698,SL,-0.18082951591719335,0.019034185236733288,0.01883442146267377,0.009512336450140543,0.009421921692181465,0.018934258142322007,-0.23763238075892243,-1.2484504999999975,0 days 09:00:00
1h,VALIDATION,13,CLOSED,BTCUSDT,LONG,2024-10-07 14:00:00+00:00,2024-10-07 15:00:00+00:00,63991.89,64023.885944999995,2024-10-07 18:00:00+00:00,63383.647085549994,63351.95526200722,0.0002935902745282847,18.796790250960136,0.18796790250960135,63383.647085549994,65304.363663899996,SL,-0.17857420423326115,0.018796790250960135,0.01859951793727631,0.009393698276340465,0.009304411174224654,0.018698109450565117,-0.23466862187206272,-1.2484504999999981,0 days 03:00:00
1h,VALIDATION,14,CLOSED,BTCUSDT,LONG,2024-10-14 03:00:00+00:00,2024-10-14 04:00:00+00:00,64300.0,64332.149999999994,2024-10-14 14:00:00+00:00,65618.79299999999,65585.98360349999,0.000288539339401462,18.56235606327576,0.18562356063275762,63688.828499999996,65618.79299999999,TP,0.38052366102726953,0.01856235606327576,0.018924136382949003,0.009276539761755324,0.00946680159227085,0.018743341354026173,0.3242938272270186,1.7470509999999935,0 days 10:00:00
1h,VALIDATION,15,CLOSED,BTCUSDT,LONG,2024-10-15 13:00:00+00:00,2024-10-15 14:00:00+00:00,67658.0,67691.829,2024-10-15 14:00:00+00:00,67014.91071,66981.403254645,0.0002790045150153265,18.886325920645415,0.18886325920645416,67014.91071,69045.66558,SL,-0.17942481546800165,0.018886325920645416,0.01868811393010824,0.009438443738452896,0.009348731330717527,0.018787175069170423,-0.23578643038792577,-1.248450499999992,0 days 00:00:00
1h,VALIDATION,16,CLOSED,BTCUSDT,LONG,2024-10-18 01:00:00+00:00,2024-10-18 02:00:00+00:00,68085.5,68119.54275,2024-10-21 00:00:00+00:00,69481.933605,69447.1926381975,0.0002737947773605248,18.650775041137,0.18650775041137,67438.34732249999,69481.933605,TP,0.3823362279797296,0.018650775041136998,0.019014278646688764,0.009320727156988158,0.009511895270977691,0.01883262242796585,0.325838551863938,1.7470510000000197,2 days 22:00:00
1h,VALIDATION,17,CLOSED,BTCUSDT,LONG,2024-10-24 13:00:00+00:00,2024-10-24 14:00:00+00:00,67906.0,67939.953,2024-10-25 07:00:00+00:00,67260.55347,67226.923193265,0.0002793097027894929,18.976288079962114,0.18976288079962114,67260.55347,69298.75206,SL,-0.1802794784608098,0.018976288079962114,0.018777131936562913,0.009483402338809994,0.009393262599580943,0.018876664938390936,-0.23690956341572575,-1.2484504999999912,0 days 17:00:00
1h,VALIDATION,18,CLOSED,BTCUSDT,LONG,2024-10-27 15:00:00+00:00,2024-10-27 16:00:00+00:00,67792.0,67825.896,2024-10-28 13:00:00+00:00,69182.41391999999,69147.82271303999,0.000276289976168349,18.739615189436915,0.18739615189436915,67147.63703999999,69182.41391999999,TP,0.38415742882093845,0.018739615189436915,0.019104850289479038,0.009365125032200524,0.009557203746613304,0.018922328778813828,0.32739063456320866,1.7470509999999955,0 days 21:00:00
1h,VALIDATION,19,CLOSED,BTCUSDT,LONG,2024-10-28 19:00:00+00:00,2024-10-28 20:00:00+00:00,69629.99,69664.804995,2024-10-29 02:00:00+00:00,71058.1010949,71022.57204435256,0.0002736916978637576,19.06667876042913,0.19066678760429132,68968.15694505,71058.1010949,TP,0.3908621503012507,0.01906667876042913,0.0194382883294699,0.009528575092666415,0.009724006167816235,0.01925258126048265,0.33310460195086905,1.7470510000000226,0 days 06:00:00
1h,VALIDATION,20,CLOSED,BTCUSDT,LONG,2024-11-05 14:00:00+00:00,2024-11-05 15:00:00+00:00,69964.01,69998.992005,2024-11-05 15:00:00+00:00,69299.00208494999,69264.35258390752,0.00027713899921822,19.399450590549883,0.19399450590549883,69299.00208494999,71398.9718451,SL,-0.18429962804915473,0.019399450590549882,0.019195853356602063,0.00969487785634622,0.009602728042320706,0.019297605898666928,-0.2421925378949736,-1.2484505000000032,0 days 00:00:00
1h,VALIDATION,21,CLOSED,BTCUSDT,LONG,2024-11-07 18:00:00+00:00,2024-11-07 19:00:00+00:00,76604.0,76642.302,2024-11-07 21:00:00+00:00,75875.87898,75837.94104050999,0.00024995987207224304,19.157500003242216,0.19157500003242217,75875.87898,78175.14804,SL,-0.1820010370123126,0.019157500003242216,0.018956442040708187,0.009573963020110064,0.009482962501605513,0.019056925521715576,-0.23917190457797857,-1.2484505000000057,0 days 02:00:00
1h,VALIDATION,22,CLOSED,BTCUSDT,LONG,2024-11-10 04:00:00+00:00,2024-11-10 05:00:00+00:00,79122.02,79161.58101,2024-11-10 18:00:00+00:00,80744.8126302,80704.4402238849,0.0002389867255082485,18.918567031635845,0.18918567031635847,78369.96519989999,80744.8126302,TP,0.3878258968704155,0.018918567031635847,0.01928728990308243,0.009454556237696768,0.00964846918613479,0.019103025423831556,0.33051701451186566,1.7470510000000068,0 days 13:00:00
1h,VALIDATION,23,CLOSED,BTCUSDT,LONG,2024-11-18 06:00:00+00:00,2024-11-18 07:00:00+00:00,92061.84,92107.87091999999,2024-11-18 11:00:00+00:00,91186.79221079999,91141.1988146946,0.00020898055363844503,19.24875385932003,0.1924875385932003,91186.79221079999,93950.02833839999,SL,-0.18286797144711447,0.01924875385932003,0.01904673818756647,0.009619567146084912,0.0095281331603626,0.01914770030644751,-0.24031116380044848,-1.248450499999991,0 days 04:00:00
1h,VALIDATION,24,CLOSED,BTCUSDT,LONG,2024-11-19 17:00:00+00:00,2024-11-19 18:00:00+00:00,92853.75,92900.17687499999,2024-11-19 21:00:00+00:00,91971.17510624998,91925.18951869686,0.00020461406432184789,19.008682766612292,0.19008682766612292,91971.17510624998,94758.18041249999,SL,-0.18058723607861416,0.019008682766612293,0.018809186640976697,0.009499591587510367,0.009409297969472298,0.018908889556982666,-0.23731399504318582,-1.2484505000000043,0 days 03:00:00
1h,VALIDATION,25,CLOSED,BTCUSDT,LONG,2024-11-20 13:00:00+00:00,2024-11-20 14:00:00+00:00,94382.87,94430.061435,2024-11-20 16:00:00+00:00,93485.76082065,93439.01794023968,0.00019878845320256926,18.771605848487237,0.18771605848487238,93485.76082065,96318.6626637,SL,-0.1783349461168117,0.01877160584848724,0.018574597845107364,0.009381112368059715,0.009291944895001302,0.018673057263061017,-0.23435420707346732,-1.2484504999999955,0 days 02:00:00
1h,VALIDATION,26,CLOSED,BTCUSDT,LONG,2024-11-21 03:00:00+00:00,2024-11-21 04:00:00+00:00,95798.12,95846.01905999999,2024-11-21 05:00:00+00:00,97762.9394412,97714.0579714794,0.0001934090319379485,18.53748576150076,0.1853748576150076,94887.55886939999,97762.9394412,TP,0.38001382605535317,0.01853748576150076,0.018898781358992412,0.009264110825336958,0.009454117738364656,0.018718228563701613,0.3238593303711584,1.7470510000000092,0 days 01:00:00
1h,VALIDATION,27,CLOSED,BTCUSDT,LONG,2024-11-25 09:00:00+00:00,2024-11-25 10:00:00+00:00,98492.95,98542.19647499999,2024-11-25 13:00:00+00:00,97556.77451024999,97507.99612299487,0.00019140045818709104,18.861021556077347,0.18861021556077348,97556.77451024999,100513.04040449999,SL,-0.17918441768167565,0.018861021556077346,0.018663075134846312,0.009425797879097716,0.009336205670257837,0.018762003549355553,-0.23547051792195486,-1.248450499999997,0 days 03:00:00
1h,VALIDATION,28,CLOSED,BTCUSDT,LONG,2024-11-29 02:00:00+00:00,2024-11-29 03:00:00+00:00,96739.99,96788.359995,2024-11-29 07:00:00+00:00,95820.47639505,95772.56615685248,0.0001924382877693167,18.62578627343803,0.1862578627343803,95820.47639505,98724.12719490001,SL,-0.17694962371716982,0.01862578627343803,0.018430308646498302,0.009308239017210588,0.009219764205351718,0.018528003222562307,-0.23253372185966847,-1.2484505000000001,0 days 04:00:00
1h,VALIDATION,29,CLOSED,BTCUSDT,LONG,2024-11-29 11:00:00+00:00,2024-11-29 12:00:00+00:00,97237.91,97286.528955,2024-11-30 02:00:00+00:00,96313.66366545,96265.50683361728,0.00018906507458506133,18.393484852998803,0.18393484852998804,96313.66366545,99232.2595341,SL,-0.1747427021766653,0.018393484852998805,0.018200445229466584,0.00919214635332238,0.00910477500223328,0.018296921355555662,-0.22963355361468635,-1.248450499999992,0 days 14:00:00
1h,VALIDATION,30,CLOSED,BTCUSDT,LONG,2024-12-01 21:00:00+00:00,2024-12-01 22:00:00+00:00,97767.61,97816.49380499999,2024-12-02 03:00:00+00:00,96838.32886694999,96789.90970251652,0.00018569547933034898,18.164080703533585,0.18164080703533586,96838.32886694999,99772.8236811,SL,-0.17256330543437173,0.018164080703533585,0.01797344867655,0.009077501600964525,0.008991219948247114,0.018068721549211637,-0.22676955636366697,-1.2484504999999912,0 days 05:00:00
1h,VALIDATION,31,CLOSED,BTCUSDT,LONG,2024-12-04 09:00:00+00:00,2024-12-04 10:00:00+00:00,96815.78,96864.18788999999,2024-12-04 12:00:00+00:00,95895.54601109998,95847.59823809443,0.00018518234737644555,17.93753769018327,0.1793753769018327,95895.54601109998,98801.47164779999,SL,-0.17041109020009454,0.01793753769018327,0.017749283232124793,0.008964286701738482,0.008879081156640984,0.017843367858379464,-0.2239412789807821,-1.2484505000000035,0 days 02:00:00
1h,VALIDATION,32,CLOSED,BTCUSDT,LONG,2024-12-04 19:00:00+00:00,2024-12-04 20:00:00+00:00,97209.64,97258.24481999999,2024-12-05 02:00:00+00:00,99203.4097164,99153.8080115418,0.00018213180961210677,17.71382012876391,0.1771382012876391,96285.66237179999,99203.4097164,TP,0.3631288863977486,0.01771382012876391,0.01805906248307352,0.008852483822469481,0.009034048265669559,0.01788653208813904,0.3094694716977721,1.7470510000000052,0 days 06:00:00
1h,VALIDATION,33,CLOSED,BTCUSDT,LONG,2024-12-08 23:00:00+00:00,2024-12-09 00:00:00+00:00,101109.6,101160.1548,2024-12-09 00:00:00+00:00,100148.553252,100098.478975374,0.00017816283966530958,18.0229804401503,0.180229804401503,100148.553252,103183.357896,SL,-0.17122281767479258,0.0180229804401503,0.017833829260430922,0.009006986726711448,0.008921375317873268,0.017928362044584714,-0.22500798941995853,-1.2484504999999995,0 days 00:00:00
1h,VALIDATION,34,CLOSED,BTCUSDT,LONG,2024-12-13 17:00:00+00:00,2024-12-13 18:00:00+00:00,101737.88,101788.74894,2024-12-14 20:00:00+00:00,100770.8614506,100720.47601987471,0.00017485426846564162,17.798197233936556,0.17798197233936555,100770.8614506,103824.52391880001,SL,-0.16908732104804353,0.017798197233936556,0.017611405153966392,0.008894651291322667,0.008810107630797086,0.017704758922119753,-0.22220168235806623,-1.2484504999999952,1 days 02:00:00
1h,VALIDATION,35,CLOSED,BTCUSDT,LONG,2024-12-15 04:00:00+00:00,2024-12-15 05:00:00+00:00,102366.17,102417.353085,2024-12-15 23:00:00+00:00,104465.7001467,104413.46729662665,0.0001716136670383776,17.57621753128114,0.1757621753128114,101393.17955414999,104465.7001467,TP,0.3603080675328091,0.017576217531281142,0.017918778010965815,0.008783716907186453,0.008963870940952006,0.017747587848138457,0.3070654841424237,1.7470510000000068,0 days 18:00:00
1h,VALIDATION,36,CLOSED,BTCUSDT,LONG,2024-12-15 23:00:00+00:00,2024-12-16 00:00:00+00:00,104463.99,104516.221995,2024-12-16 00:00:00+00:00,106606.5464349,106553.24316168255,0.0001711023984157566,17.882976256698154,0.17882976256698155,103471.05977505,106606.5464349,TP,0.36659654475250125,0.017882976256698154,0.0182315154639412,0.00893701961853889,0.009120317890915542,0.01805733750945443,0.31242471552240747,1.7470509999999988,0 days 00:00:00
1h,VALIDATION,37,CLOSED,BTCUSDT,LONG,2024-12-17 14:00:00+00:00,2024-12-17 15:00:00+00:00,108258.38,108312.50919,2024-12-17 15:00:00+00:00,107229.3840981,107175.76940605095,0.00016798695733010968,18.19508885961764,0.18195088859617642,107229.3840981,110478.7593738,SL,-0.17285789066533452,0.018195088859617643,0.018004131402035956,0.009092997930842119,0.00900656898550952,0.018099566916351638,-0.2271566778433398,-1.2484504999999948,0 days 00:00:00
