timeframe,period_role,trade_id,status,symbol,side,signal_timestamp,entry_timestamp,entry_reference_price,entry_price,exit_timestamp,exit_reference_price,exit_price,quantity,position_value,risk_amount,stop_loss,take_profit,exit_reason,gross_pnl,entry_fee,exit_fee,entry_slippage,exit_slippage,slippage,net_pnl,R,holding_time
5m,DEVELOPMENT,1,CLOSED,BTCUSDT,LONG,2024-01-01 07:20:00+00:00,2024-01-01 07:25:00+00:00,42454.64,42475.86732,2024-01-01 19:30:00+00:00,43325.3846664,43303.7219740668,0.0004703852149621034,19.980019980019982,0.19980019980019983,42051.1086468,43325.3846664,TP,0.4095854170816698,0.019980019980019983,0.020369430569430573,0.009985017481268484,0.010189810189810444,0.020174827671078928,0.3490611388611403,1.747051000000007,0 days 12:05:00
5m,DEVELOPMENT,2,CLOSED,BTCUSDT,LONG,2024-01-02 00:00:00+00:00,2024-01-02 00:05:00+00:00,44264.63,44286.76231499999,2024-01-02 00:55:00+00:00,45172.49756129999,45149.91131251935,0.00045902503014019877,20.32873240645469,0.20328732406454691,43843.89469184999,45172.49756129999,TP,0.4167339346890386,0.02032873240645469,0.020724939401056495,0.01015928655994521,0.010367653527289316,0.020526940087234526,0.35515332279429285,1.7470510000000103,0 days 00:50:00
5m,DEVELOPMENT,3,CLOSED,BTCUSDT,LONG,2024-01-02 00:55:00+00:00,2024-01-02 01:00:00+00:00,45056.0,45078.528,2024-01-02 21:00:00+00:00,44627.742719999995,44605.42884864,0.0004588333259401176,20.683530930724714,0.20683530930724714,44627.742719999995,45980.09856,SL,-0.1964987121404706,0.020683530930724715,0.02046645727360676,0.010336597166778247,0.010238347810707956,0.0205749449774862,-0.2582236453222883,-1.2484505000000046,0 days 20:00:00
5m,DEVELOPMENT,4,CLOSED,BTCUSDT,LONG,2024-01-03 00:45:00+00:00,2024-01-03 00:50:00+00:00,45186.24,45208.833119999996,2024-01-03 11:10:00+00:00,44756.744788799995,44734.366416405595,0.00045180474348598,20.425565251082077,0.20425565251082078,44756.744788799995,46113.0097824,SL,-0.19404797372467408,0.02042556525108208,0.02021119894377197,0.010207678786146937,0.010110654799285527,0.020318333585432464,-0.2550030715049606,-1.2484505000000006,0 days 10:20:00
5m,DEVELOPMENT,5,CLOSED,BTCUSDT,LONG,2024-01-04 00:00:00+00:00,2024-01-04 00:05:00+00:00,42821.08,42842.49054,2024-01-04 14:50:00+00:00,43699.3403508,43677.4906806246,0.0004708133601399238,20.170816927900297,0.20170816927900298,42414.065634599996,43699.3403508,TP,0.41349670683781414,0.0201708169279003,0.020563946149825076,0.01008036827980889,0.010287116633227964,0.020367484913036853,0.3523944588470519,1.7470510000000024,0 days 14:45:00
5m,DEVELOPMENT,6,CLOSED,BTCUSDT,LONG,2024-01-05 00:00:00+00:00,2024-01-05 00:05:00+00:00,44195.0,44217.097499999996,2024-01-05 01:45:00+00:00,43774.926524999995,43753.039061737494,0.0004641385460529363,20.52285934433092,0.2052285934433092,43774.926524999995,45101.43945,SL,-0.19497229192190665,0.020522859344330922,0.02030747193551217,0.010256301521403003,0.010158815375444325,0.02041511689684733,-0.2562177400985971,-1.2484505000000048,0 days 01:40:00
5m,DEVELOPMENT,7,CLOSED,BTCUSDT,LONG,2024-01-05 06:45:00+00:00,2024-01-05 06:50:00+00:00,43767.34,43789.22366999999,2024-01-05 14:40:00+00:00,43351.331433299994,43329.65576758335,0.00046282842826226,20.26689756601065,0.2026689756601065,43351.331433299994,44665.008143399995,SL,-0.19254059106939753,0.020266897566010647,0.020054196476055372,0.010128384590707943,0.010032114295174314,0.020160498885882255,-0.25302218399734583,-1.2484504999999904,0 days 07:50:00
5m,DEVELOPMENT,8,CLOSED,BTCUSDT,LONG,2024-01-06 00:00:00+00:00,2024-01-06 00:05:00+00:00,44136.8,44158.8684,2024-01-06 05:25:00+00:00,43717.279716,43695.421076141996,0.0004532300957111457,20.014128151427887,0.20014128151427887,43717.279716,45042.045768,SL,-0.19013921847008958,0.020014128151427887,0.01980407987647865,0.010002063044190249,0.009906993434957245,0.019909056479147494,-0.24986648297714362,-1.248450500000007,0 days 05:20:00
5m,DEVELOPMENT,9,CLOSED,BTCUSDT,LONG,2024-01-07 00:00:00+00:00,2024-01-07 00:05:00+00:00,43969.74,43991.72487,2024-01-08 02:15:00+00:00,43551.807621299995,43530.03171748935,0.00044927793451434307,19.764511285316857,0.19764511285316858,43551.807621299995,44871.5593674,SL,-0.18776779586900358,0.01976451128531686,0.01955708273937746,0.009877316984166449,0.009783433086229644,0.019660750070396093,-0.246750139964094,-1.2484504999999964,1 days 02:10:00
5m,DEVELOPMENT,10,CLOSED,BTCUSDT,LONG,2024-01-08 06:20:00+00:00,2024-01-08 06:25:00+00:00,44049.74,44071.76487,2024-01-08 12:00:00+00:00,44953.2001674,44930.7235673163,0.00044286875523505875,19.51800764898909,0.1951800764898909,43631.047221299996,44953.2001674,TP,0.40011427974089603,0.019518007648989092,0.01989841361806789,0.009754126761114475,0.009954183900983161,0.019708310662097637,0.3409895478117414,1.747051000000005,0 days 05:35:00
5m,DEVELOPMENT,11,CLOSED,BTCUSDT,LONG,2024-01-09 00:00:00+00:00,2024-01-09 00:05:00+00:00,47039.99,47063.50999499999,2024-01-09 00:35:00+00:00,46592.874895049994,46569.578457602474,0.0004219544303009209,19.85865654790192,0.1985865654790192,46592.874895049994,48004.78019489999,SL,-0.1886621993881154,0.01985865654790192,0.019650239947431692,0.009924366090903443,0.009830034991209158,0.0197544010821126,-0.24792549696556163,-1.2484504999999868,0 days 00:30:00
5m,DEVELOPMENT,12,CLOSED,BTCUSDT,LONG,2024-01-09 00:35:00+00:00,2024-01-09 00:40:00+00:00,46334.88,46358.047439999995,2024-01-09 12:55:00+00:00,45894.4669656,45871.5197321172,0.0004230328888234019,19.61097872875551,0.1961097872875551,45894.4669656,47285.2083888,SL,-0.1863091982177125,0.01961097872875551,0.019405161506997226,0.009800589069841752,0.009707434470731918,0.01950802354057367,-0.24483336199403888,-1.248450499999985,0 days 12:15:00
5m,DEVELOPMENT,13,CLOSED,BTCUSDT,LONG,2024-01-10 03:20:00+00:00,2024-01-10 03:25:00+00:00,46166.99,46190.073495,2024-01-10 08:25:00+00:00,45728.172760049994,45705.30867366997,0.00041927601517306685,19.366389955534693,0.19366389955534694,45728.172760049994,47113.874964899995,SL,-0.183985543755481,0.019366389955534694,0.019163139692951355,0.00967835579986697,0.009586363027989537,0.019264718827856506,-0.24177979223182358,-1.2484505000000048,0 days 05:00:00
5m,DEVELOPMENT,14,CLOSED,BTCUSDT,LONG,2024-01-11 00:00:00+00:00,2024-01-11 00:05:00+00:00,46562.55,46585.831275,2024-01-11 05:35:00+00:00,46119.972962249994,46096.91297576887,0.0004105293643610495,19.12485170155685,0.1912485170155685,46119.972962249994,47517.547900499994,SL,-0.1816908699883072,0.01912485170155685,0.01892413638294901,0.009557647027262294,0.00946680159226978,0.019024448619532074,-0.2387643066923451,-1.2484505000000006,0 days 05:30:00
5m,DEVELOPMENT,15,CLOSED,BTCUSDT,LONG,2024-01-12 06:10:00+00:00,2024-01-12 06:15:00+00:00,46199.84,46222.93992,2024-01-12 07:50:00+00:00,45760.7105208,45737.8301655396,0.0004085920530657025,18.886325920645415,0.18886325920645416,45760.7105208,47147.3987184,SL,-0.17942481546799954,0.018886325920645416,0.018688113930108243,0.009438443738453713,0.009348731330719642,0.018787175069173354,-0.23578643038792654,-1.248450499999996,0 days 01:35:00
5m,DEVELOPMENT,16,CLOSED,BTCUSDT,LONG,2024-01-13 05:10:00+00:00,2024-01-13 05:15:00+00:00,42874.21,42895.647105,2024-01-14 20:00:00+00:00,42466.69063395,42445.45728863303,0.00043479411781534896,18.650775041137003,0.18650775041137002,42466.69063395,43753.5600471,SL,-0.17718702325438038,0.018650775041137,0.01845503515708027,0.009320727156988808,0.009232133645360805,0.018552860802349615,-0.23284569425494725,-1.2484504999999846,1 days 14:45:00
5m,DEVELOPMENT,17,CLOSED,BTCUSDT,LONG,2024-01-15 02:30:00+00:00,2024-01-15 02:35:00+00:00,42300.29,42321.440145,2024-01-15 18:25:00+00:00,43167.8689479,43146.28501342605,0.00043519695683463675,18.41816195996323,0.18418161959963228,41898.22574355,43167.8689479,TP,0.3775677179398765,0.01841816195996323,0.018777131936562913,0.009204478740611139,0.009393262599581528,0.018597741340192667,0.3217746827031577,1.7470510000000028,0 days 15:50:00
5m,DEVELOPMENT,18,CLOSED,BTCUSDT,LONG,2024-01-16 03:00:00+00:00,2024-01-16 03:05:00+00:00,42718.79,42740.149395,2024-01-16 14:40:00+00:00,42312.74790105,42291.59152709948,0.0004384546019305489,18.739615189436915,0.18739615189436915,42312.74790105,43594.9523829,SL,-0.17803102686216593,0.018739615189436915,0.018542942928023776,0.009365125032202135,0.009276109518769874,0.01864123455097201,-0.23395481953059863,-1.2484504999999868,0 days 11:35:00
5m,DEVELOPMENT,19,CLOSED,BTCUSDT,LONG,2024-01-18 00:00:00+00:00,2024-01-18 00:05:00+00:00,42764.08,42785.46204,2024-01-18 12:20:00+00:00,42357.6074196,42336.428615890196,0.0004325276205666225,18.50589409100475,0.1850589409100475,42357.6074196,43641.1712808,SL,-0.1758106180259891,0.018505894091004747,0.018311674732519653,0.00924832288405895,0.009160417575047907,0.018408740459106857,-0.23103692730862038,-1.2484505000000061,0 days 12:15:00
5m,DEVELOPMENT,20,CLOSED,BTCUSDT,LONG,2024-01-19 05:35:00+00:00,2024-01-19 05:40:00+00:00,41193.18,41213.77659,2024-01-19 15:25:00+00:00,40801.6388241,40781.238004687955,0.0004434218235232423,18.275087969817317,0.18275087969817316,40801.6388241,42038.0521218,SL,-0.1736179022020117,0.01827508796981732,0.018083290921574086,0.009132977496161028,0.009046168545058235,0.018179146041219264,-0.22815542713462242,-1.2484504999999906,0 days 09:45:00
5m,DEVELOPMENT,21,CLOSED,BTCUSDT,LONG,2024-01-20 00:00:00+00:00,2024-01-20 00:05:00+00:00,41630.67,41651.485335,2024-01-22 03:10:00+00:00,41234.970481649994,41214.35299640917,0.00043328972124355897,18.047160470182334,0.18047160470182333,41234.970481649994,42484.5150417,SL,-0.17145253400208374,0.018047160470182334,0.01785775552104777,0.009019070699741004,0.008933344432739014,0.01795241513248002,-0.22530986512579387,-1.248450500000001,2 days 03:05:00
5m,DEVELOPMENT,22,CLOSED,BTCUSDT,LONG,2024-01-23 02:30:00+00:00,2024-01-23 02:35:00+00:00,40040.01,40060.030005,2024-01-23 08:10:00+00:00,39659.42970495,39639.59999009753,0.00044488423217886917,17.822075689836886,0.17822075689836886,39659.42970495,40861.2306051,SL,-0.1693141723457268,0.017822075689836885,0.01763503300547205,0.00890658455264145,0.008821927466468161,0.01772851201910961,-0.22249979306014533,-1.2484504999999904,0 days 05:35:00
5m,DEVELOPMENT,23,CLOSED,BTCUSDT,LONG,2024-01-24 00:00:00+00:00,2024-01-24 00:05:00+00:00,39931.1,39951.06555,2024-01-24 20:50:00+00:00,39551.5548945,39531.77911705275,0.0004405338864432938,17.599798174292285,0.17599798174292286,39551.5548945,40750.086861,SL,-0.1672024804064455,0.017599798174292285,0.017415088292453088,0.008795501336478257,0.008711900096273978,0.017507401432752236,-0.2197247683059431,-1.248450500000001,0 days 20:45:00
5m,DEVELOPMENT,24,CLOSED,BTCUSDT,LONG,2024-01-25 00:00:00+00:00,2024-01-25 00:05:00+00:00,40069.56,40089.59477999999,2024-01-25 15:45:00+00:00,39688.69883219999,39668.85448278389,0.00043353625813948406,17.380292911249388,0.17380292911249387,39688.69883219999,40891.38667559999,SL,-0.16511712555865,0.017380292911249387,0.017197886737145826,0.008685803553845387,0.008603244991066942,0.01728904854491233,-0.21698435375195757,-1.2484505000000004,0 days 15:40:00
5m,DEVELOPMENT,25,CLOSED,BTCUSDT,LONG,2024-01-26 00:00:00+00:00,2024-01-26 00:05:00+00:00,39947.44,39967.41372,2024-01-26 11:00:00+00:00,40766.761994399996,40746.3786134028,0.0004294379777817557,17.163525325083597,0.17163525325083598,39567.73958279999,40766.761994399996,TP,0.35184798042724835,0.017163525325083598,0.017498042433669477,0.008577473925576647,0.008753397915791949,0.017330871841368597,0.2998555408271267,1.7470510000000026,0 days 10:55:00
5m,DEVELOPMENT,26,CLOSED,BTCUSDT,LONG,2024-01-27 05:05:00+00:00,2024-01-27 05:10:00+00:00,41876.66,41897.59833,2024-01-27 08:55:00+00:00,41478.6223467,41457.883035526655,0.00041680387435052014,17.463081309925883,0.17463081309925885,41478.6223467,42735.5502966,SL,-0.16590363603282982,0.017463081309925882,0.017279806271578213,0.008727177066428568,0.008644225248412159,0.017371402314840727,-0.21801792592917463,-1.2484504999999906,0 days 03:45:00
5m,DEVELOPMENT,27,CLOSED,BTCUSDT,LONG,2024-01-28 00:00:00+00:00,2024-01-28 00:05:00+00:00,42121.78,42142.84089,2024-01-28 19:40:00+00:00,41721.4124811,41700.55177485945,0.000409210219812557,17.245281184122515,0.17245281184122516,41721.4124811,42985.6977078,SL,-0.16383448041487653,0.017245281184122514,0.01706429195809515,0.008618331426348352,0.00853641418614061,0.01715474561248896,-0.21529879916958317,-1.2484504999999984,0 days 19:35:00
5m,DEVELOPMENT,28,CLOSED,BTCUSDT,LONG,2024-01-29 00:00:00+00:00,2024-01-29 00:05:00+00:00,41947.87,41968.843935,2024-01-29 16:15:00+00:00,42808.2208137,42786.81670329315,0.0004057819056213274,17.030197468668387,0.17030197468668387,41549.15549565,42808.2208137,TP,0.34911479268604373,0.017030197468668386,0.01736211601733274,0.008510843312675634,0.008685400709019082,0.017196244021694715,0.2975262351783479,1.7470510000000128,0 days 16:10:00
5m,DEVELOPMENT,29,CLOSED,BTCUSDT,LONG,2024-01-30 00:00:00+00:00,2024-01-30 00:05:00+00:00,43188.25,43209.844124999996,2024-01-30 23:40:00+00:00,42777.74568374999,42756.35681090812,0.00040100645641568994,17.327426474840568,0.17327426474840568,42777.74568374999,44074.041007499996,SL,-0.16461488120276135,0.01732742647484057,0.017145575133987113,0.00865938354564585,0.008577076105046133,0.017236459650691982,-0.21632434246228102,-1.248450500000009,0 days 23:35:00
5m,DEVELOPMENT,30,CLOSED,BTCUSDT,LONG,2024-01-31 05:40:00+00:00,2024-01-31 05:45:00+00:00,43004.99,43026.492495,2024-01-31 09:55:00+00:00,42596.227570049996,42574.929456264974,0.000397692613280085,17.111318240612512,0.17111318240612514,42596.227570049996,43887.0223449,SL,-0.162561798977534,0.017111318240612513,0.016931734955677284,0.008551383428592213,0.008470102529102,0.01702148595769421,-0.21362633813151805,-1.2484504999999995,0 days 04:10:00
5m,DEVELOPMENT,31,CLOSED,BTCUSDT,LONG,2024-02-01 06:45:00+00:00,2024-02-01 06:50:00+00:00,42197.99,42219.088995,2024-02-01 17:20:00+00:00,43063.4707749,43041.93903951255,0.00040024324820006,16.897905315406206,0.16897905315406206,41796.89810505,43063.4707749,TP,0.3464028366006821,0.016897905315406206,0.017227245490003477,0.00844473029255694,0.008617931710856709,0.01706266200341365,0.29521502379185877,1.7470510000000088,0 days 10:30:00
5m,DEVELOPMENT,32,CLOSED,BTCUSDT,LONG,2024-02-02 00:00:00+00:00,2024-02-02 00:05:00+00:00,43067.01,43088.543505,2024-02-02 13:45:00+00:00,42657.658069950005,42636.32924091503,0.0003990115241908635,17.192825419094383,0.17192825419094385,42657.658069950005,43950.3143751,SL,-0.16333613753972123,0.017192825419094383,0.01701238671632099,0.00859211665122135,0.008510448582451221,0.01710256523367257,-0.21464391490880919,-1.2484504999999897,0 days 13:40:00
5m,DEVELOPMENT,33,CLOSED,BTCUSDT,LONG,2024-02-03 00:00:00+00:00,2024-02-03 00:05:00+00:00,43169.98,43191.56499,2024-02-04 06:55:00+00:00,42759.6493401,42738.26951542995,0.0003930951781349426,16.978395933671,0.16978395933671,42759.6493401,44055.3962898,SL,-0.16129900384762147,0.016978395933671,0.016800207668347125,0.00848495548908928,0.008404305987165659,0.01688926147625494,-0.21196686892589456,-1.2484504999999957,1 days 06:50:00
5m,DEVELOPMENT,34,CLOSED,BTCUSDT,LONG,2024-02-05 03:45:00+00:00,2024-02-05 03:50:00+00:00,42603.34,42624.64167,2024-02-05 13:35:00+00:00,43477.1345034,43455.3959361483,0.0003933555840695686,16.76664081985892,0.16766640819858922,42198.3952533,43477.1345034,TP,0.3437119472416858,0.01676664081985892,0.017093422649437973,0.008379130844507499,0.00855098681812708,0.01693011766263458,0.29292176610975434,1.747051000000005,0 days 09:45:00
5m,DEVELOPMENT,35,CLOSED,BTCUSDT,LONG,2024-02-06 00:00:00+00:00,2024-02-06 00:05:00+00:00,42700.01,42721.360005,2024-02-07 17:35:00+00:00,43575.7872051,43553.99931149746,0.00039931476794828467,17.059269956831706,0.17059269956831707,42294.14640495,43575.7872051,TP,0.3497107714289035,0.017059269956831706,0.017391755128290356,0.008525372292269812,0.008700227677981972,0.017225599970251783,0.2980341463735297,1.7470510000000106,1 days 17:30:00
5m,DEVELOPMENT,36,CLOSED,BTCUSDT,LONG,2024-02-08 00:00:00+00:00,2024-02-08 00:05:00+00:00,44419.54,44441.749769999995,2024-02-08 15:20:00+00:00,45330.584765399995,45307.9194730173,0.0003905563227510894,17.35700636679527,0.17357006366795272,43997.332272299995,45330.584765399995,TP,0.35581429343625076,0.017357006366795272,0.01769529442088411,0.008674166100345129,0.008852073247065073,0.017526239347410204,0.30323575330116115,1.747051000000004,0 days 15:15:00
5m,DEVELOPMENT,37,CLOSED,BTCUSDT,LONG,2024-02-09 00:15:00+00:00,2024-02-09 00:20:00+00:00,45388.83,45411.524415,2024-02-09 02:55:00+00:00,46319.7549033,46296.59502584836,0.00038888672896967647,17.65993918727595,0.1765993918727595,44957.40917085,46319.7549033,TP,0.36202434056074995,0.017659939187275948,0.018004131402035963,0.008825556815229627,0.00900656898550919,0.017832125800738816,0.30852814417069924,1.7470510000000163,0 days 02:35:00
5m,DEVELOPMENT,38,CLOSED,BTCUSDT,LONG,2024-02-09 02:55:00+00:00,2024-02-09 03:00:00+00:00,46285.22,46308.36261,2024-02-09 11:50:00+00:00,47234.5298622,47210.9125972689,0.00038801110855174773,17.968159111522404,0.17968159111522405,45845.278983899996,47234.5298622,TP,0.36834277199132737,0.017968159111522403,0.018318358532605977,0.00897958976087895,0.009163761146875438,0.018143350907754388,0.3139129034394446,1.7470510000000072,0 days 08:50:00
5m,DEVELOPMENT,39,CLOSED,BTCUSDT,LONG,2024-02-10 02:35:00+00:00,2024-02-10 02:40:00+00:00,47293.35,47316.996674999995,2024-02-10 10:50:00+00:00,46843.826708249995,46820.404794895876,0.00038636768392607873,18.281758415657716,0.18281758415657717,46843.826708249995,48263.336608499994,SL,-0.17368127310427578,0.018281758415657715,0.018089891361085395,0.009136311052301286,0.009049470415748318,0.018185781468049604,-0.2282387043490685,-1.2484504999999873,0 days 08:10:00
5m,DEVELOPMENT,40,CLOSED,BTCUSDT,LONG,2024-02-11 00:00:00+00:00,2024-02-11 00:05:00+00:00,47703.99,47727.841994999995,2024-02-12 00:25:00+00:00,48682.3988349,48658.05763548255,0.0003782644881344862,18.053747722002306,0.18053747722002306,47250.56357504999,48682.3988349,TP,0.37009731711970795,0.018053747722002307,0.018405615265104137,0.009022362679660287,0.00920741133821957,0.018229774017879858,0.31540818011472166,1.7470510000000175,1 days 00:20:00
5m,DEVELOPMENT,41,CLOSED,BTCUSDT,LONG,2024-02-12 00:25:00+00:00,2024-02-12 00:30:00+00:00,48710.38,48734.73518999999,2024-02-12 02:35:00+00:00,48247.38783809999,48223.26414418094,0.0003769147557161479,18.368840809030004,0.18368840809030004,48247.38783809999,49709.42989379999,SL,-0.17450857760103303,0.018368840809030004,0.018176059824739233,0.009179830489268395,0.009092576200469629,0.01827240668973802,-0.22932588492454029,-1.2484505000000063,0 days 02:05:00
5m,DEVELOPMENT,42,CLOSED,BTCUSDT,LONG,2024-02-12 02:35:00+00:00,2024-02-12 02:40:00+00:00,48182.79,48206.881395,2024-02-12 10:05:00+00:00,47724.81258105,47700.95017475948,0.0003762895150229538,18.139744020893602,0.18139744020893603,47724.81258105,49171.0190229,SL,-0.17233210086816045,0.018139744020893602,0.017949367407394327,0.009065339340774844,0.008979173290341168,0.018044512631116012,-0.2264657249275644,-1.2484504999999895,0 days 07:25:00
5m,DEVELOPMENT,43,CLOSED,BTCUSDT,LONG,2024-02-13 00:00:00+00:00,2024-02-13 00:05:00+00:00,49946.92,49971.89345999999,2024-02-13 13:35:00+00:00,49472.17452539999,49447.438438137295,0.000358471598635548,17.913504535451484,0.17913504535451483,49472.17452539999,50971.331329199995,SL,-0.17018276922485667,0.017913504535451485,0.01772550230535192,0.008952276129658687,0.008867184745047033,0.01781946087470572,-0.22364123694036578,-1.2484504999999948,0 days 13:30:00
5m,DEVELOPMENT,44,CLOSED,BTCUSDT,LONG,2024-02-14 00:00:00+00:00,2024-02-14 00:05:00+00:00,49669.6,49694.434799999995,2024-02-14 08:55:00+00:00,50688.323496,50662.979334252,0.0003559772193310113,17.69008671633024,0.1769008671633024,49197.490452,50688.323496,TP,0.3626423573732462,0.01769008671633024,0.01803486650643152,0.008840623046640697,0.009021944225327868,0.017862567271968565,0.30905483687851587,1.7470510000000072,0 days 08:50:00
5m,DEVELOPMENT,45,CLOSED,BTCUSDT,LONG,2024-02-15 00:00:00+00:00,2024-02-15 00:05:00+00:00,51841.1,51867.020549999994,2024-02-15 21:55:00+00:00,51348.350344499995,51322.67616932775,0.0003470188303908266,17.998832807117967,0.17998832807117968,51348.350344499995,52904.36096099999,SL,-0.17099340912709393,0.01799883280711797,0.017809935056807266,0.0089949189440853,0.00890942223952126,0.01790434118360656,-0.22470651817462572,-1.2484504999999857,0 days 21:50:00
5m,DEVELOPMENT,46,CLOSED,BTCUSDT,LONG,2024-02-16 00:00:00+00:00,2024-02-16 00:05:00+00:00,51883.26,51909.201629999996,2024-02-17 13:25:00+00:00,51390.1096137,51364.41455889315,0.00034241233178025057,17.77435077097948,0.17774350770979483,51390.1096137,52947.3856626,SL,-0.16886077369131552,0.017774350770979483,0.017587808959638053,0.008882734018478411,0.008798303631634478,0.01768103765011289,-0.22190397107204593,-1.2484504999999928,1 days 13:20:00
5m,DEVELOPMENT,47,CLOSED,BTCUSDT,LONG,2024-02-18 00:00:00+00:00,2024-02-18 00:05:00+00:00,51621.1,51646.91054999999,2024-02-20 13:35:00+00:00,52679.848760999994,52653.5088366195,0.0003398590214840299,17.552668482196218,0.17552668482196218,51130.44144449999,52679.848760999994,TP,0.35982531791088745,0.017552668482196217,0.017894769990914224,0.008771948266962825,0.008951860925918743,0.01772380919288157,0.30665407024489544,1.747051000000009,2 days 13:30:00
5m,DEVELOPMENT,48,CLOSED,BTCUSDT,LONG,2024-02-21 00:00:00+00:00,2024-02-21 00:05:00+00:00,52292.12,52318.26606,2024-02-21 06:05:00+00:00,51795.0833994,51769.1858577003,0.00034135336565316196,17.859016204718593,0.17859016204718592,51795.0833994,53364.6313812,SL,-0.16966511646761778,0.017859016204718595,0.01767158582965007,0.008925045579569213,0.008840213021335088,0.0177652586009043,-0.22296097710289076,-1.2484505000000026,0 days 06:00:00
5m,DEVELOPMENT,49,CLOSED,BTCUSDT,LONG,2024-02-22 00:00:00+00:00,2024-02-22 00:05:00+00:00,51764.6,51790.482299999996,2024-02-22 01:50:00+00:00,51272.577477,51246.9411882615,0.00034053125560204656,17.636277965854568,0.1763627796585457,51272.577477,52826.291946,SL,-0.1675490475416767,0.01763627796585457,0.017451185228602926,0.008813732116867994,0.008729957593096874,0.017543689709964866,-0.22018020044609907,-1.248450499999988,0 days 01:45:00
5m,DEVELOPMENT,50,CLOSED,BTCUSDT,LONG,2024-02-22 01:50:00+00:00,2024-02-22 01:55:00+00:00,51166.5,51192.083249999996,2024-02-23 16:15:00+00:00,50680.162417499996,50654.82233629125,0.00034021506100064165,17.416317725648675,0.17416317725648675,50680.162417499996,52215.924914999996,SL,-0.16545937029714342,0.017416317725648674,0.01723353347111799,0.00870380695934332,0.008621077274195865,0.017324884233539187,-0.21743410572744928,-1.2484504999999988,1 days 14:20:00
5m,DEVELOPMENT,51,CLOSED,BTCUSDT,LONG,2024-02-24 04:05:00+00:00,2024-02-24 04:10:00+00:00,50857.43,50882.858714999995,2024-02-25 20:10:00+00:00,51900.5158893,51874.56563135535,0.0003380136507884504,17.199100836810068,0.1719910083681007,50374.03012785,51900.5158893,TP,0.35257726952820934,0.017199100836810068,0.017534311312119497,0.00859525279200719,0.008771541426772767,0.017366794218779957,0.30047706316049977,1.7470510000000063,1 days 16:00:00
5m,DEVELOPMENT,52,CLOSED,BTCUSDT,LONG,2024-02-26 00:00:00+00:00,2024-02-26 00:05:00+00:00,51691.1,51716.94555,2024-02-26 09:15:00+00:00,51199.7760945,51174.17620645275,0.0003383664200772641,17.499277723084294,0.17499277723084294,51199.7760945,52751.284460999996,SL,-0.16624751100241544,0.017499277723084294,0.017315622803380525,0.008745266228427319,0.008662142472925736,0.017407408701353055,-0.2184698202302333,-1.2484504999999932,0 days 09:10:00
5m,DEVELOPMENT,53,CLOSED,BTCUSDT,LONG,2024-02-27 00:00:00+00:00,2024-02-27 00:05:00+00:00,54570.99,54598.275494999994,2024-02-27 01:55:00+00:00,55690.241004899995,55662.39588439755,0.00031651230735310105,17.281026154422722,0.17281026154422724,54052.29274005,55690.241004899995,TP,0.3542567180681752,0.017281026154422723,0.017617833354172427,0.008636194979720378,0.008813323338754533,0.01744951831847491,0.30190834024110513,1.7470510000000081,0 days 01:50:00
5m,DEVELOPMENT,54,CLOSED,BTCUSDT,LONG,2024-02-27 01:55:00+00:00,2024-02-27 02:00:00+00:00,55768.41,55796.294205,2024-02-27 02:05:00+00:00,56912.220089099996,56883.763979055446,0.0003151218757168772,17.582632887930323,0.17582632887930325,55238.33126295,56912.220089099996,TP,0.36043958074107796,0.017582632887930324,0.017925318402916085,0.008786922982472299,0.008967142772844421,0.01775406575531672,0.3071775636949148,1.7470509999999952,0 days 00:05:00
5m,DEVELOPMENT,55,CLOSED,BTCUSDT,LONG,2024-02-27 02:05:00+00:00,2024-02-27 02:10:00+00:00,56566.57,56594.853285,2024-02-27 03:50:00+00:00,56028.904752149996,56000.89029977392,0.00031609771105588685,17.88950358093224,0.1788950358093224,56028.904752149996,57726.7503507,SL,-0.16995475415968225,0.017889503580932237,0.017701753240850354,0.008940281649640574,0.008855304272561615,0.01779558592220219,-0.22334159690366703,-1.2484505000000032,0 days 01:40:00
5m,DEVELOPMENT,56,CLOSED,BTCUSDT,LONG,2024-02-27 03:50:00+00:00,2024-02-27 03:55:00+00:00,55938.54,55966.509269999995,2024-02-27 12:30:00+00:00,57085.8394554,57057.2965356723,0.00031565994257885224,17.666385102507,0.17666385102507,55406.844177299994,57085.8394554,TP,0.3621564802123112,0.017666385102507,0.018010702948154864,0.008828778162170564,0.009009856402277673,0.017838634564448237,0.3086407575972011,1.7470510000000086,0 days 08:35:00
5m,DEVELOPMENT,57,CLOSED,BTCUSDT,LONG,2024-02-28 00:00:00+00:00,2024-02-28 00:05:00+00:00,57042.52,57071.04125999999,2024-02-28 07:50:00+00:00,58212.46208519999,58183.355854157395,0.00031495338320166883,17.97471752767903,0.1797471752767903,56500.33084739999,58212.46208519999,TP,0.36847721788375404,0.01797471752767903,0.018325044772293495,0.008982867330172561,0.009167105939115886,0.018149973269288446,0.314027482314493,1.747051000000007,0 days 07:45:00
5m,DEVELOPMENT,58,CLOSED,BTCUSDT,LONG,2024-02-28 07:50:00+00:00,2024-02-28 07:55:00+00:00,58275.86,58304.99793,2024-02-28 08:55:00+00:00,59471.0978886,59441.3623396557,0.0003136683293974517,18.28843129622498,0.18288431296224983,57721.9479507,59471.0978886,TP,0.3749082717496997,0.018288431296224983,0.018644872822188407,0.009139645825198994,0.00932709996107468,0.018466745786273674,0.3195082218450126,1.747051000000006,0 days 01:00:00
5m,DEVELOPMENT,59,CLOSED,BTCUSDT,LONG,2024-02-29 00:00:00+00:00,2024-02-29 00:05:00+00:00,62157.65,62188.728825,2024-02-29 00:20:00+00:00,61566.84153675,61536.05811598163,0.00029921210291014794,18.607620329037182,0.18607620329037183,61566.84153675,63432.5034015,SL,-0.17677704270614628,0.01860762032903718,0.018412333353683943,0.009299160584225542,0.009210772062871903,0.018509932647097445,-0.23230692903596487,-1.248450499999992,0 days 00:15:00
5m,DEVELOPMENT,60,CLOSED,BTCUSDT,LONG,2024-02-29 00:20:00+00:00,2024-02-29 00:25:00+00:00,61798.1,61828.99905,2024-02-29 00:45:00+00:00,61210.7090595,61180.10370497025,0.00029719946557755903,18.375545474855404,0.18375545474855404,61210.7090595,63065.579031,SL,-0.17457227360170016,0.018375545474855405,0.0181826941250968,0.009183181146854272,0.009095895010052615,0.01827907615690689,-0.22940958935855923,-1.2484504999999977,0 days 00:20:00
5m,DEVELOPMENT,61,CLOSED,BTCUSDT,LONG,2024-02-29 00:45:00+00:00,2024-02-29 00:50:00+00:00,61301.8,61332.450899999996,2024-02-29 04:50:00+00:00,62559.099918,62527.820368041,0.00029586890462754683,18.146365065905798,0.18146365065905798,60719.126391,62559.099918,TP,0.3719959495269636,0.0181463650659058,0.018500037721040304,0.009068648208846484,0.00925464618361174,0.018323294392458223,0.31702625234755927,1.7470510000000075,0 days 04:00:00
5m,DEVELOPMENT,62,CLOSED,BTCUSDT,LONG,2024-02-29 04:50:00+00:00,2024-02-29 04:55:00+00:00,62520.88,62552.140439999996,2024-02-29 05:15:00+00:00,61926.61903559999,61895.655726082194,0.000295162954917911,18.463074608710556,0.18463074608710556,61926.61903559999,63803.1832488,SL,-0.17540382224467269,0.018463074608710557,0.01826930464069214,0.009226923842433529,0.009139221931311621,0.01836614577374515,-0.23050234726782054,-1.248450500000003,0 days 00:20:00
5m,DEVELOPMENT,63,CLOSED,BTCUSDT,LONG,2024-02-29 05:15:00+00:00,2024-02-29 05:20:00+00:00,61846.53,61877.453265,2024-02-29 06:10:00+00:00,63115.0023303,63083.44482913485,0.0002946598732083084,18.23280253351793,0.1823280253351793,61258.678732349996,63115.0023303,TP,0.37376789601444527,0.01823280253351793,0.018588159854896195,0.009111845344086222,0.00929872929209278,0.018410574636179,0.3185363589898521,1.7470510000000097,0 days 00:50:00
5m,DEVELOPMENT,64,CLOSED,BTCUSDT,LONG,2024-02-29 06:10:00+00:00,2024-02-29 06:15:00+00:00,63199.99,63231.589994999995,2024-02-29 07:30:00+00:00,62599.274095049994,62567.97445800247,0.00029338216350140563,18.55102067436693,0.18551020674366933,62599.274095049994,64496.2217949,SL,-0.17623933184393697,0.018551020674366932,0.01835632771238945,0.009270874899732677,0.009182755233811044,0.018453630133543723,-0.2316003103642371,-1.2484504999999986,0 days 01:15:00
5m,DEVELOPMENT,65,CLOSED,BTCUSDT,LONG,2024-02-29 07:30:00+00:00,2024-02-29 07:35:00+00:00,62821.14,62852.55057,2024-02-29 10:15:00+00:00,62224.025064299996,62192.91305176785,0.00029147029940401856,18.319651732944116,0.18319651732944117,62224.025064299996,64109.6015814,SL,-0.1740412690870912,0.018319651732944118,0.01812738698800687,0.009155248242350885,0.009068227607806395,0.01822347585015728,-0.22871178365819947,-1.2484505,0 days 02:40:00
5m,DEVELOPMENT,66,CLOSED,BTCUSDT,LONG,2024-03-01 00:35:00+00:00,2024-03-01 00:40:00+00:00,61639.99,61670.809994999996,2024-03-01 02:05:00+00:00,61054.10189504999,61023.57484410247,0.0002933505889423705,18.09116843258628,0.1809116843258628,61054.10189504999,62904.226194899995,SL,-0.17187062064141337,0.01809116843258628,0.017901301619886286,0.009041063684450333,0.008955128374129649,0.017996192058579982,-0.22585928275246595,-1.2484505000000021,0 days 01:25:00
5m,DEVELOPMENT,67,CLOSED,BTCUSDT,LONG,2024-03-01 04:35:00+00:00,2024-03-01 04:40:00+00:00,61390.09,61420.78504499999,2024-03-01 13:20:00+00:00,62649.20074589999,62617.87614552704,0.0002908711565701044,17.865534783482918,0.17865534783482917,60806.57719454999,62649.20074589999,TP,0.366238998909777,0.01786553478348292,0.018213734056412998,0.008928303240119397,0.009111422739574451,0.018039725979693846,0.31212000409018725,1.7470510000000063,0 days 08:40:00
5m,DEVELOPMENT,68,CLOSED,BTCUSDT,LONG,2024-03-02 00:00:00+00:00,2024-03-02 00:05:00+00:00,62399.99,62431.18999499999,2024-03-02 05:15:00+00:00,61806.87809504999,61775.97465600247,0.0002911580410502027,18.17734297937721,0.18177342979377212,61806.87809504999,63679.813794899994,SL,-0.17268930036879743,0.01817734297937721,0.017986571764808647,0.00908412942497478,0.008997784774790499,0.018081914199765278,-0.22693512931274856,-1.2484504999999937,0 days 05:10:00
5m,DEVELOPMENT,69,CLOSED,BTCUSDT,LONG,2024-03-03 00:00:00+00:00,2024-03-03 00:05:00+00:00,61943.54,61974.51177,2024-03-03 07:30:00+00:00,61354.76665229999,61324.08926897385,0.0002896454372259326,17.950634558485355,0.17950634558485354,61354.76665229999,63214.0020054,SL,-0.17053551372154468,0.017950634558485355,0.01776224264879405,0.008970831863309998,0.008885564106449327,0.017856395969759326,-0.22410478689858343,-1.2484505000000012,0 days 07:25:00
5m,DEVELOPMENT,70,CLOSED,BTCUSDT,LONG,2024-03-04 00:00:00+00:00,2024-03-04 00:05:00+00:00,63097.39,63128.938695,2024-03-04 00:45:00+00:00,62497.64930804999,62466.40048339597,0.00028080233913225567,17.726753652492768,0.1772675365249277,62497.64930804999,64391.5174689,SL,-0.16840858917235935,0.01772675365249277,0.017540711372909853,0.008858947352569447,0.008774743057983453,0.017633690410552898,-0.22130974460831487,-1.2484505000000037,0 days 00:40:00
5m,DEVELOPMENT,71,CLOSED,BTCUSDT,LONG,2024-03-04 00:45:00+00:00,2024-03-04 00:50:00+00:00,62404.92,62436.12245999999,2024-03-04 01:00:00+00:00,63684.844909199994,63653.0024867454,0.0002803771968343405,17.505664996540403,0.17505664996540404,61811.761235399994,63684.844909199994,TP,0.35886175819994254,0.017505664996540403,0.01784685040732298,0.008748458269133716,0.008927889148234511,0.017676347417368225,0.30583289537871094,1.7470510000000106,0 days 00:10:00
5m,DEVELOPMENT,72,CLOSED,BTCUSDT,LONG,2024-03-04 01:00:00+00:00,2024-03-04 01:05:00+00:00,63361.11,63392.790555,2024-03-04 08:05:00+00:00,64660.6463661,64628.31604291696,0.000280965583130435,17.811192364551108,0.17811192364551107,62758.86264945,64660.6463661,TP,0.3651249929004932,0.017811192364551108,0.01815833250373621,0.008901145609470537,0.00908370810591916,0.017984853715389697,0.31117061431681625,1.7470510000000141,0 days 07:00:00
5m,DEVELOPMENT,73,CLOSED,BTCUSDT,LONG,2024-03-05 00:00:00+00:00,2024-03-05 00:05:00+00:00,68272.84,68306.97641999999,2024-03-05 03:10:00+00:00,67623.90665579999,67590.0947024721,0.0002653030930206319,18.122052119113366,0.18122052119113366,67623.90665579999,69673.1159484,SL,-0.17216402338048395,0.018122052119113368,0.01793186118212327,0.009056497810650103,0.008970415798959798,0.018026913609609903,-0.22624485029133048,-1.2484504999999948,0 days 03:05:00
5m,DEVELOPMENT,74,CLOSED,BTCUSDT,LONG,2024-03-05 03:10:00+00:00,2024-03-05 03:15:00+00:00,67642.44,67676.26122,2024-03-05 04:50:00+00:00,66999.4986078,66965.9988584961,0.00026443590359517046,17.896033287653495,0.17896033287653496,66999.4986078,69029.7864444,SL,-0.17001678800514639,0.017896033287653497,0.01770821441829957,0.00894354487139052,0.008858536477387755,0.017802081348778274,-0.2234231170598777,-1.2484505000000066,0 days 01:35:00
5m,DEVELOPMENT,75,CLOSED,BTCUSDT,LONG,2024-03-06 00:00:00+00:00,2024-03-06 00:05:00+00:00,63594.12,63625.91706,2024-03-06 02:00:00+00:00,62989.6578894,62958.1630604553,0.00027776155043620146,17.672833370510762,0.17672833370510763,62989.6578894,64898.435401200004,SL,-0.16789633302019608,0.017672833370510763,0.017487356984287248,0.008832000684912132,0.008748052518402378,0.01758005320331451,-0.22063657657830857,-1.2484505000000006,0 days 01:55:00
5m,DEVELOPMENT,76,CLOSED,BTCUSDT,LONG,2024-03-06 04:35:00+00:00,2024-03-06 04:40:00+00:00,63627.65,63659.463825,2024-03-06 05:10:00+00:00,64932.6531015,64900.18677494925,0.00027415275218260716,17.45241721009287,0.17452417210092872,63022.86918675,64932.6531015,TP,0.35777019188306286,0.01745241721009287,0.01779256482151758,0.008721847681205134,0.008900732777146791,0.017622580458351925,0.3049026293931005,1.747051000000005,0 days 00:30:00
5m,DEVELOPMENT,77,CLOSED,BTCUSDT,LONG,2024-03-06 05:10:00+00:00,2024-03-06 05:15:00+00:00,65347.62,65380.293809999996,2024-03-06 07:55:00+00:00,66687.89968619999,66654.5557363569,0.0002715958312004198,17.75701524145461,0.1775701524145461,64726.490871899994,66687.89968619999,TP,0.36401437541452375,0.01775701524145461,0.01810309946851056,0.008874070585432676,0.00905607777314082,0.017930148358573497,0.31022411234598507,1.7470509999999995,0 days 02:40:00
5m,DEVELOPMENT,78,CLOSED,BTCUSDT,LONG,2024-03-06 07:55:00+00:00,2024-03-06 08:00:00+00:00,66676.46,66709.79823,2024-03-06 09:55:00+00:00,66042.7002477,66009.67889757616,0.0002708287226010165,18.06692943960245,0.1806692943960245,66042.7002477,68043.9941946,SL,-0.17164034415134574,0.01806692943960245,0.017877317015133825,0.009028950244677241,0.008943130072602343,0.017972080317279586,-0.22555667092336157,-1.2484504999999866,0 days 01:55:00
5m,DEVELOPMENT,79,CLOSED,BTCUSDT,LONG,2024-03-07 03:30:00+00:00,2024-03-07 03:35:00+00:00,66259.58,66292.70979,2024-03-07 14:35:00+00:00,67618.56398579999,67584.75470380709,0.0002691336371154044,17.841598100018675,0.17841598100018677,65629.7826921,67618.56398579999,TP,0.36574830287994053,0.017841598100018674,0.01818933084698804,0.008916340879567339,0.0090992150310097,0.01801555591057704,0.31170181802235675,1.747050999999997,0 days 11:00:00
5m,DEVELOPMENT,80,CLOSED,BTCUSDT,LONG,2024-03-08 03:25:00+00:00,2024-03-08 03:30:00+00:00,67220.0,67253.61,2024-03-08 14:50:00+00:00,68598.6822,68564.3828589,0.0002699184256073903,18.152988527613438,0.1815298852761344,66581.0739,68598.6822,TP,0.37213172883693196,0.018152988527613437,0.018506790274016627,0.009071958284664543,0.009258024149080581,0.018329982433745125,0.3171419676015568,1.747051000000005,0 days 11:20:00
5m,DEVELOPMENT,81,CLOSED,BTCUSDT,LONG,2024-03-09 03:50:00+00:00,2024-03-09 03:55:00+00:00,68249.25,68283.374625,2024-03-10 04:20:00+00:00,69649.0421175,69614.21759644125,0.00027048771053723444,18.46981367007254,0.1846981367007254,67600.54087874999,69649.0421175,TP,0.37862656509064074,0.01846981367007254,0.018829790338502253,0.009230291689190793,0.009419604971736552,0.018649896660927347,0.32267706442113864,1.747050999999998,1 days 00:25:00
5m,DEVELOPMENT,82,CLOSED,BTCUSDT,LONG,2024-03-10 04:20:00+00:00,2024-03-10 04:25:00+00:00,69490.15,69524.895075,2024-03-10 14:40:00+00:00,68829.64612425,68795.23130118787,0.0002702940919150171,18.79216837978397,0.1879216837978397,68829.64612425,70915.39297649999,SL,-0.17853029530219572,0.01879216837978397,0.018594944572638137,0.009391388495643868,0.009302123347992061,0.018693511843635928,-0.23461092009825377,-1.2484504999999941,0 days 10:15:00
5m,DEVELOPMENT,83,CLOSED,BTCUSDT,LONG,2024-03-11 04:05:00+00:00,2024-03-11 04:10:00+00:00,68702.41,68736.761205,2024-03-11 07:10:00+00:00,70111.4964291,70076.44068088545,0.00026998350680042455,18.557791836229278,0.1855779183622928,68049.39359295,70111.4964291,TP,0.3804300955133067,0.018557791836229277,0.018919483199117387,0.009274258788720015,0.00946447383647755,0.018738732625197565,0.32421408785276246,1.7470510000000026,0 days 03:00:00
5m,DEVELOPMENT,84,CLOSED,BTCUSDT,LONG,2024-03-11 07:10:00+00:00,2024-03-11 07:15:00+00:00,70447.12,70482.34356,2024-03-11 11:40:00+00:00,71891.9904312,71856.0444359844,0.0002678923696373808,18.881682033884385,0.18881682033884384,69777.52012439999,71891.9904312,TP,0.38706976363315343,0.018881682033884385,0.01924968601672479,0.00943612295546407,0.00962965783728185,0.019065780792745922,0.3298726147897983,1.7470510000000044,0 days 04:25:00
5m,DEVELOPMENT,85,CLOSED,BTCUSDT,LONG,2024-03-12 01:50:00+00:00,2024-03-12 01:55:00+00:00,72450.0,72486.22499999999,2024-03-12 03:20:00+00:00,71761.36274999999,71725.48206862499,0.00026503277147626976,19.21122510560247,0.1921122510560247,71761.36274999999,73935.94949999999,SL,-0.18251143890930063,0.01921122510560247,0.01900960329811917,0.009600812146725557,0.00950955642727268,0.019110368573998237,-0.23984263588702054,-1.248450500000005,0 days 01:25:00
5m,DEVELOPMENT,86,CLOSED,BTCUSDT,LONG,2024-03-12 07:10:00+00:00,2024-03-12 07:15:00+00:00,72171.34,72207.42567,2024-03-12 08:25:00+00:00,71485.3514133,71449.60873759336,0.00026273782643147797,18.971622072748307,0.18971622072748306,71485.3514133,73651.5741834,SL,-0.18023515022635883,0.018971622072748308,0.018772514899094817,0.009481070501123694,0.009390952926008396,0.01887202342713209,-0.23685131062533404,-1.2484504999999866,0 days 01:10:00
5m,DEVELOPMENT,87,CLOSED,BTCUSDT,LONG,2024-03-13 00:00:00+00:00,2024-03-13 00:05:00+00:00,71408.92,71444.62445999999,2024-03-13 07:10:00+00:00,72873.5169492,72837.0801907254,0.0002622311688027439,18.735007376818903,0.18735007376818902,70730.1782154,72873.5169492,TP,0.384062969813649,0.018735007376818904,0.019100152670593108,0.00936282227726913,0.009554853762175637,0.018917676039444768,0.32731013372679224,1.7470510000000206,0 days 07:05:00
5m,DEVELOPMENT,88,CLOSED,BTCUSDT,LONG,2024-03-13 07:10:00+00:00,2024-03-13 07:15:00+00:00,73005.72,73042.22286,2024-03-13 13:35:00+00:00,72311.8006314,72275.64473108429,0.0002609722127971274,19.06199052739512,0.19061990527395123,72311.8006314,74503.0673172,SL,-0.18109367312632935,0.01906199052739512,0.018861934936810112,0.009526232147621985,0.009435685311061037,0.018961917458683024,-0.23797951604921763,-1.248450500000003,0 days 06:20:00
5m,DEVELOPMENT,89,CLOSED,BTCUSDT,LONG,2024-03-14 00:20:00+00:00,2024-03-14 00:25:00+00:00,73149.18,73185.75458999998,2024-03-14 12:25:00+00:00,72453.89704409998,72417.67009557794,0.0002572119240769884,18.82424875312018,0.18824248753120182,72453.89704409998,74649.46968179998,SL,-0.17883506686497727,0.01882424875312018,0.018626688262456184,0.009407420666224216,0.009318003132793427,0.01872542379901764,-0.23501142767957123,-1.2484504999999924,0 days 12:00:00
5m,DEVELOPMENT,90,CLOSED,BTCUSDT,LONG,2024-03-15 00:00:00+00:00,2024-03-15 00:05:00+00:00,71521.11,71556.870555,2024-03-15 02:25:00+00:00,70841.30184945,70805.88119852528,0.00025978598502017226,18.589472102091637,0.18589472102091636,70841.30184945,72988.0079661,SL,-0.17660463001537366,0.018589472102091636,0.018394375592380188,0.009290091005543242,0.009201788690533029,0.01849187969607627,-0.23208035740592176,-1.2484504999999904,0 days 02:20:00
5m,DEVELOPMENT,91,CLOSED,BTCUSDT,LONG,2024-03-15 02:25:00+00:00,2024-03-15 02:30:00+00:00,70690.0,70725.345,2024-03-15 02:35:00+00:00,70018.09155,69983.082504225,0.0002595621639342249,18.357623593194614,0.18357623593194614,70018.09155,72139.85190000001,SL,-0.17440201124769164,0.018357623593194615,0.018164960333584036,0.00917422468425548,0.009087023678628797,0.01826124836288428,-0.22918584353735455,-1.2484504999999915,0 days 00:05:00
5m,DEVELOPMENT,92,CLOSED,BTCUSDT,LONG,2024-03-16 00:00:00+00:00,2024-03-16 00:05:00+00:00,69570.0,69604.78499999999,2024-03-16 04:30:00+00:00,68908.73714999999,68874.28278142499,0.0002604514431952331,18.12866670654391,0.1812866670654391,68908.73714999999,70996.8807,SL,-0.17222686361389652,0.018128666706543912,0.01793840634945873,0.009059803451543303,0.008973690019738169,0.01803349347128147,-0.22632743014118065,-1.2484504999999981,0 days 04:25:00
5m,DEVELOPMENT,93,CLOSED,BTCUSDT,LONG,2024-03-16 07:05:00+00:00,2024-03-16 07:10:00+00:00,69267.34,69301.97366999999,2024-03-16 10:15:00+00:00,68608.95393329998,68574.64945633334,0.0002583269195619078,17.90256537773154,0.1790256537773154,68608.95393329998,70688.01314339999,SL,-0.1700788444930948,0.017902565377731543,0.017714677954092248,0.008946809284222527,0.008861769861975788,0.017808579146198315,-0.22350466697111693,-1.2484505000000035,0 days 03:05:00
5m,DEVELOPMENT,94,CLOSED,BTCUSDT,LONG,2024-03-17 02:40:00+00:00,2024-03-17 02:45:00+00:00,66311.86,66345.01593,2024-03-17 06:35:00+00:00,65681.56577069999,65648.72498781464,0.00026647493778280583,17.67928399214601,0.1767928399214601,65681.56577069999,67671.9162486,SL,-0.16795761553758137,0.01767928399214601,0.017493739906648438,0.008835224383879342,0.00875124557611291,0.017586469959992253,-0.2207171093963681,-1.2484505000000072,0 days 03:50:00
5m,DEVELOPMENT,95,CLOSED,BTCUSDT,LONG,2024-03-18 00:00:00+00:00,2024-03-18 00:05:00+00:00,68296.02,68330.16801,2024-03-18 00:35:00+00:00,67646.86632989999,67613.04289673505,0.0002555062849663616,17.458787379362423,0.17458787379362423,67646.86632989999,69696.77137019999,SL,-0.16586284261953393,0.017458787379362423,0.017275557405816017,0.00872503117409158,0.008642099752782793,0.017367130926874374,-0.21796431833158675,-1.2484504999999981,0 days 00:30:00
5m,DEVELOPMENT,96,CLOSED,BTCUSDT,LONG,2024-03-18 03:35:00+00:00,2024-03-18 03:40:00+00:00,68026.81,68060.82340499999,2024-03-18 08:25:00+00:00,67380.21517094999,67346.52506336452,0.00025331813435474856,17.2410408076026,0.172410408076026,67380.21517094999,69422.03987309999,SL,-0.1637941957783759,0.017241040807602602,0.017060096084326817,0.008616212297650095,0.008534315199761866,0.01715052749741196,-0.2152458601677173,-1.248450499999992,0 days 04:45:00
5m,DEVELOPMENT,97,CLOSED,BTCUSDT,LONG,2024-03-19 00:00:00+00:00,2024-03-19 00:05:00+00:00,67756.01,67789.88800499999,2024-03-19 00:50:00+00:00,67111.98912494999,67078.43313038752,0.0002511585500334274,17.02600997826423,0.1702600997826423,67111.98912494999,69145.68576509999,SL,-0.16175134916881773,0.01702600997826423,0.01684732200354235,0.008508750613823042,0.00842787493923954,0.016936625553062582,-0.2125613067036869,-1.2484504999999837,0 days 00:45:00
5m,DEVELOPMENT,98,CLOSED,BTCUSDT,LONG,2024-03-19 00:50:00+00:00,2024-03-19 00:55:00+00:00,66987.99,67021.483995,2024-03-19 01:25:00+00:00,66351.26915505,66318.09352047248,0.0002508697214429427,16.813661020518293,0.16813661020518292,66351.26915505,68361.9136749,SL,-0.15973398100952238,0.016813661020518293,0.016637201648107953,0.008402629195660583,0.008322762205155581,0.016725391400816164,-0.20991023507896478,-1.2484504999999944,0 days 00:30:00
5m,DEVELOPMENT,99,CLOSED,BTCUSDT,LONG,2024-03-20 03:10:00+00:00,2024-03-20 03:15:00+00:00,62852.08,62883.50604,2024-03-20 03:50:00+00:00,62254.6709796,62223.54364411021,0.0002640431733467938,16.603960485973875,0.16603960485973876,62254.6709796,64141.1761608,SL,-0.15774177353241603,0.016603960485973877,0.01642970192067358,0.00829783132732287,0.00821896044055523,0.0165167917678781,-0.20729222770694158,-1.2484504999999897,0 days 00:35:00
5m,DEVELOPMENT,100,CLOSED,BTCUSDT,LONG,2024-03-20 03:50:00+00:00,2024-03-20 03:55:00+00:00,62287.8,62318.9439,2024-03-20 03:55:00+00:00,61695.754461,61664.9065837695,0.0002631122146376665,16.396875343409498,0.16396875343409498,61695.754461,63565.322778,SL,-0.15577441293264255,0.016396875343409497,0.016224790136680416,0.008194340501452834,0.008116453294986442,0.016310793796439276,-0.20470687220917175,-1.2484504999999948,0 days 00:00:00
5m,DEVELOPMENT,101,CLOSED,BTCUSDT,LONG,2024-03-20 07:30:00+00:00,2024-03-20 07:35:00+00:00,62644.78,62676.10238999999,2024-03-20 11:25:00+00:00,63929.62443779999,63897.659625581095,0.000258350030651454,16.192372973570166,0.16192372973570165,62049.341366099994,63929.62443779999,TP,0.33193959988797794,0.016192372973570165,0.016507962322825052,0.00809214041657522,0.008258110216519631,0.01635025063309485,0.28288901395848787,1.7470510000000035,0 days 03:50:00
5m,DEVELOPMENT,102,CLOSED,BTCUSDT,LONG,2024-03-21 00:00:00+00:00,2024-03-21 00:05:00+00:00,67744.61,67778.482305,2024-03-21 03:40:00+00:00,67100.69748195,67067.14713320903,0.00024307093963810624,16.474979381121106,0.16474979381121105,67100.69748195,69134.0519511,SL,-0.156516420807152,0.016474979381121108,0.01630207447251624,0.00823337300405783,0.008155114793654529,0.016388487797712358,-0.2056819624585017,-1.2484504999999901,0 days 03:35:00
5m,DEVELOPMENT,103,CLOSED,BTCUSDT,LONG,2024-03-21 07:20:00+00:00,2024-03-21 07:25:00+00:00,67261.5,67295.13075,2024-03-21 13:55:00+00:00,66622.1794425,66588.86835277875,0.00024176344876406352,16.26950289514858,0.1626950289514858,66622.1794425,68641.033365,SL,-0.15456434284696446,0.016269502895148582,0.016098754462263998,0.008130686104521213,0.008053403933097674,0.016184090037618885,-0.20311669024199594,-1.248450499999994,0 days 06:30:00
5m,DEVELOPMENT,104,CLOSED,BTCUSDT,LONG,2024-03-22 00:10:00+00:00,2024-03-22 00:15:00+00:00,65788.99,65821.884495,2024-03-22 02:05:00+00:00,65163.66565005,65131.08381722498,0.00024409190411288684,16.066589118683055,0.16066589118683056,65163.66565005,67138.32218490001,SL,-0.15263661126744923,0.016066589118683056,0.015897970265882477,0.008029279919381948,0.007952961613747946,0.015982241533129896,-0.20058341218514467,-1.2484505000000028,0 days 01:50:00
5m,DEVELOPMENT,105,CLOSED,BTCUSDT,LONG,2024-03-22 03:15:00+00:00,2024-03-22 03:20:00+00:00,65877.99,65910.928995,2024-03-22 10:10:00+00:00,65251.819705049995,65219.193795197476,0.00024072193081561144,15.866206089527067,0.15866206089527066,65251.819705049995,67229.1475749,SL,-0.15073292241974742,0.015866206089527067,0.015699690256617483,0.007929138475523248,0.007853772014314411,0.01578291048983766,-0.19808172925572964,-1.2484504999999908,0 days 06:50:00
5m,DEVELOPMENT,106,CLOSED,BTCUSDT,LONG,2024-03-23 00:00:00+00:00,2024-03-23 00:05:00+00:00,63702.01,63733.861005,2024-03-23 03:30:00+00:00,63096.52239495,63064.97413375253,0.00024583984081691753,15.668322244116748,0.15668322244116747,63096.52239495,65008.5382251,SL,-0.14885297644210924,0.01566832224411675,0.015503883202164743,0.007830245999058058,0.007755819510837308,0.015586065509895365,-0.1956112473982861,-1.2484504999999957,0 days 03:25:00
5m,DEVELOPMENT,107,CLOSED,BTCUSDT,LONG,2024-03-23 03:30:00+00:00,2024-03-23 03:35:00+00:00,63146.11,63177.683054999994,2024-03-23 07:05:00+00:00,64441.23671609999,64409.016097741944,0.0002449109505817098,15.472906412550028,0.15472906412550028,62545.906224449995,64441.23671609999,TP,0.3171907151638173,0.015472906412550029,0.01577447335853063,0.007732586912817007,0.00789118227040033,0.015623769183217338,0.27031956620951936,1.747051,0 days 03:30:00
5m,DEVELOPMENT,108,CLOSED,BTCUSDT,LONG,2024-03-23 07:05:00+00:00,2024-03-23 07:10:00+00:00,64538.0,64570.26899999999,2024-03-23 17:30:00+00:00,65861.67438,65828.74354281,0.00024381121796538985,15.742955929242854,0.15742955929242855,63924.566309999995,65861.67438,TP,0.3227266627773815,0.015742955929242852,0.0160497861403038,0.007867544192523447,0.008028907523913116,0.015896451716436562,0.2750374689913983,1.7470510000000108,0 days 10:20:00
5m,DEVELOPMENT,109,CLOSED,BTCUSDT,LONG,2024-03-24 06:25:00+00:00,2024-03-24 06:30:00+00:00,64299.86,64332.00993,2024-03-24 12:05:00+00:00,65618.6501286,65585.8408035357,0.0002489852043012014,16.017718635527967,0.16017718635527967,63688.6898307,65618.6501286,TP,0.3283592295998781,0.016017718635527967,0.016329903971734408,0.00800485688931922,0.008169036504119171,0.01617389339343839,0.27983771359917736,1.747050999999998,0 days 05:35:00
5m,DEVELOPMENT,110,CLOSED,BTCUSDT,LONG,2024-03-25 00:00:00+00:00,2024-03-25 00:05:00+00:00,66950.0,66983.47499999999,2024-03-25 14:00:00+00:00,68323.1445,68288.98292775,0.00024330294585301384,16.297276790971704,0.16297276790971704,66313.64025,68323.1445,TP,0.3340901019318625,0.016297276790971704,0.016614910715627745,0.008144566112427514,0.008311611163395365,0.01645617727582288,0.28472173714944016,1.7470510000000066,0 days 13:55:00
5m,DEVELOPMENT,111,CLOSED,BTCUSDT,LONG,2024-03-26 02:15:00+00:00,2024-03-26 02:20:00+00:00,70191.9,70226.99595,2024-03-26 14:30:00+00:00,69524.7259905,69489.96362750475,0.00023611595322441378,16.581714090821293,0.16581714090821295,69524.7259905,71631.535869,SL,-0.15753042721964627,0.016581714090821292,0.016407689001438127,0.008286713688566986,0.008207948474954927,0.01649466216352191,-0.2070144924754276,-1.2484504999999921,0 days 12:10:00
5m,DEVELOPMENT,112,CLOSED,BTCUSDT,LONG,2024-03-27 00:00:00+00:00,2024-03-27 00:05:00+00:00,70002.7,70037.70134999999,2024-03-27 13:20:00+00:00,71438.45537699999,71402.7361493115,0.00023380131115668978,16.374906406030657,0.16374906406030657,69337.3243365,71438.45537699999,TP,0.33568148964286604,0.01637490640603066,0.016694053331884198,0.008183361522252184,0.008351202267073043,0.016534563789325225,0.28607796611562597,1.7470510000000203,0 days 13:15:00
5m,DEVELOPMENT,113,CLOSED,BTCUSDT,LONG,2024-03-28 00:00:00+00:00,2024-03-28 00:05:00+00:00,69484.43,69519.17221499998,2024-03-28 09:05:00+00:00,70909.55565929998,70874.10088147034,0.00023965617036471995,16.66069857997234,0.1666069857997234,68823.98049284998,70909.55565929998,TP,0.3415401577963311,0.01666069857997234,0.016985415595296004,0.008326186196885601,0.00849695627578352,0.01682314247266912,0.2910709011483937,1.7470510000000066,0 days 09:00:00
5m,DEVELOPMENT,114,CLOSED,BTCUSDT,LONG,2024-03-29 00:00:00+00:00,2024-03-29 00:05:00+00:00,70788.0,70823.394,2024-03-29 06:05:00+00:00,70115.16006,70080.10247997,0.00023934857881845805,16.951478700999708,0.1695147870099971,70115.16006,72239.86188,SL,-0.16104328341129784,0.01695147870099971,0.01677357293203272,0.00847150359870056,0.008390981956994706,0.016862485555695264,-0.21163082060002555,-1.248450500000007,0 days 06:00:00
5m,DEVELOPMENT,115,CLOSED,BTCUSDT,LONG,2024-03-30 00:00:00+00:00,2024-03-30 00:05:00+00:00,69820.0,69854.90999999999,2024-03-31 23:30:00+00:00,71252.0082,71216.3821959,0.00023964041038490908,16.740059299800887,0.16740059299800888,69156.36089999999,71252.0082,TP,0.34316703272255417,0.016740059299800887,0.017066323055554007,0.008365846726534525,0.008537430242896394,0.01690327696943092,0.29245737339776834,1.7470510000000234,1 days 23:25:00
5m,DEVELOPMENT,116,CLOSED,BTCUSDT,LONG,2024-04-01 00:00:00+00:00,2024-04-01 00:05:00+00:00,71233.42,71269.03671,2024-04-01 03:25:00+00:00,70556.3463429,70521.06816972855,0.00023898491258267024,17.032224507990467,0.17032224507990468,70556.3463429,72694.41744420001,SL,-0.16181038875407272,0.017032224507990468,0.016853471311779108,0.008511856325832809,0.00843095113145515,0.016942807457287958,-0.21263889203113026,-1.2484505000000043,0 days 03:20:00
5m,DEVELOPMENT,117,CLOSED,BTCUSDT,LONG,2024-04-02 00:00:00+00:00,2024-04-02 00:05:00+00:00,69609.02,69643.82451,2024-04-02 02:20:00+00:00,68947.38626490001,68912.91257176756,0.0002415116941202703,16.819798042424903,0.16819798042424902,68947.38626490001,71036.7010002,SL,-0.15979228425112232,0.016819798042424904,0.016643274261969657,0.008405696173126313,0.008325800030998918,0.01673149620412523,-0.2099868527596421,-1.2484504999999892,0 days 02:15:00
5m,DEVELOPMENT,118,CLOSED,BTCUSDT,LONG,2024-04-03 02:05:00+00:00,2024-04-03 02:10:00+00:00,65936.01,65968.978005,2024-04-04 04:15:00+00:00,65309.288224949996,65276.63358083752,0.00025178533106094236,16.61002096674095,0.16610020966740952,65309.288224949996,67288.3575651,SL,-0.15779934961406533,0.01661002096674095,0.016435698796695004,0.00830086005334442,0.008221960378536458,0.01652282043188088,-0.20736788980938217,-1.2484504999999995,1 days 02:05:00
5m,DEVELOPMENT,119,CLOSED,BTCUSDT,LONG,2024-04-04 07:00:00+00:00,2024-04-04 07:05:00+00:00,65707.43,65740.28371499998,2024-04-04 13:15:00+00:00,67055.08938929999,67021.56184460534,0.00024951003115184314,16.40286023766065,0.16402860237660652,65082.88087784998,67055.08938929999,TP,0.33625453620631574,0.01640286023766065,0.01672255198369266,0.008197331453101328,0.008365458721206205,0.016562790174307535,0.28656633381065494,1.747051000000013,0 days 06:10:00
5m,DEVELOPMENT,120,CLOSED,BTCUSDT,LONG,2024-04-05 00:00:00+00:00,2024-04-05 00:05:00+00:00,68340.56,68374.73027999999,2024-04-05 02:35:00+00:00,67690.9829772,67657.1374857114,0.0002440834533909558,16.68914029141755,0.1668914029141755,67690.9829772,69742.2248856,SL,-0.15855100296844055,0.01668914029141755,0.01651398776405913,0.008340399945733757,0.008261124444250504,0.01660152438998426,-0.2083556554139015,-1.2484504999999857,0 days 02:30:00
5m,DEVELOPMENT,121,CLOSED,BTCUSDT,LONG,2024-04-06 00:00:00+00:00,2024-04-06 00:05:00+00:00,67730.0,67763.86499999999,2024-04-06 23:00:00+00:00,69119.14229999999,69084.58272885,0.00024321211287921019,16.480992783511557,0.16480992783511558,67086.22635,69119.14229999999,TP,0.33785623387288377,0.016480992783511558,0.0168022073328622,0.008236378202652187,0.008405306319588907,0.016641684522241094,0.28793134923426894,1.7470510000000148,0 days 22:55:00
5m,DEVELOPMENT,122,CLOSED,BTCUSDT,LONG,2024-04-07 00:00:00+00:00,2024-04-07 00:05:00+00:00,68866.66,68901.09333,2024-04-07 16:40:00+00:00,70279.1151966,70243.97563900171,0.00024337257478233834,16.7686364890403,0.167686364890403,68212.0823967,70279.1151966,TP,0.3437528579612359,0.0167686364890403,0.0170954572142117,0.008380128180429896,0.008552004609408042,0.016932132789837937,0.29295663146814593,1.7470510000000148,0 days 16:35:00
5m,DEVELOPMENT,123,CLOSED,BTCUSDT,LONG,2024-04-08 00:00:00+00:00,2024-04-08 00:05:00+00:00,69268.57,69303.204285,2024-04-08 07:35:00+00:00,70689.2683707,70653.92373651465,0.000246183428783158,17.06130045654095,0.17061300456540948,68610.17224215,70689.2683707,TP,0.34975239616556936,0.01706130045654095,0.01739382520243893,0.008526387034751328,0.00870126323283377,0.017227650267585097,0.29806962023900435,1.7470510000000068,0 days 07:30:00
5m,DEVELOPMENT,124,CLOSED,BTCUSDT,LONG,2024-04-08 07:35:00+00:00,2024-04-08 07:40:00+00:00,70805.99,70841.392995,2024-04-08 09:20:00+00:00,72258.2208549,72222.09174447256,0.00024504137441448627,17.359072304931562,0.17359072304931564,70132.97906505,72258.2208549,TP,0.3558566446518206,0.017359072304931562,0.017697400624154678,0.008675198553188386,0.008853126875513222,0.017528325428701606,0.30327184629403275,1.7470510000000163,0 days 01:40:00
5m,DEVELOPMENT,125,CLOSED,BTCUSDT,LONG,2024-04-10 00:00:00+00:00,2024-04-10 00:05:00+00:00,69100.0,69134.55,2024-04-10 12:30:00+00:00,68443.2045,68408.98289775001,0.00025547343813401804,17.662041182348176,0.17662041182348176,68443.2045,70517.24100000001,SL,-0.16779380453594964,0.017662041182348178,0.017476678060139438,0.008826607287531067,0.008742710385260413,0.01756931767279148,-0.22050184145122873,-1.248450499999983,0 days 12:25:00
5m,DEVELOPMENT,126,CLOSED,BTCUSDT,LONG,2024-04-11 00:00:00+00:00,2024-04-11 00:05:00+00:00,70422.63,70457.841315,2024-04-11 13:40:00+00:00,69753.26290185,69718.38627039907,0.00024754887883207986,17.441759622456846,0.17441759622456846,69753.26290185,71866.9981413,SL,-0.16570107467411616,0.017441759622456848,0.01725870835521916,0.00871652155045151,0.008633671013116547,0.017350192563568057,-0.2177517352153602,-1.2484504999999977,0 days 13:35:00
5m,DEVELOPMENT,127,CLOSED,BTCUSDT,LONG,2024-04-12 00:50:00+00:00,2024-04-12 00:55:00+00:00,70284.07,70319.212035,2024-04-12 14:10:00+00:00,69616.01991465001,69581.21190469268,0.0002449433792413584,17.224225421442497,0.172242254214425,69616.01991465001,71725.59627570001,SL,-0.1636344454081064,0.017224225421442498,0.01704345717564446,0.008607808806317384,0.008525991583614565,0.01713380038993195,-0.2150359283951253,-1.2484504999999961,0 days 13:15:00
5m,DEVELOPMENT,128,CLOSED,BTCUSDT,LONG,2024-04-13 03:50:00+00:00,2024-04-13 03:55:00+00:00,67023.55,67057.061775,2024-04-13 19:45:00+00:00,66386.49115725,66353.29791167138,0.00025365567568747926,17.00940431415466,0.1700940431415466,66386.49115725,68398.2030105,SL,-0.16159359121043593,0.017009404314154663,0.01683089061587761,0.008500451931109685,0.008419655135504137,0.016920107066613822,-0.212353993207082,-1.24845049999998,0 days 15:50:00
5m,DEVELOPMENT,129,CLOSED,BTCUSDT,LONG,2024-04-14 00:00:00+00:00,2024-04-14 00:05:00+00:00,64189.29,64221.384645,2024-04-14 00:20:00+00:00,63579.170798549996,63547.38121315072,0.00026155248062074754,16.797262462798937,0.16797262462798937,63579.170798549996,65505.8123379,SL,-0.15957819061359835,0.01679726246279894,0.016620975193251862,0.008394434014391591,0.008314644919085231,0.016709078933476822,-0.20970550720312597,-1.248450500000002,0 days 00:15:00
5m,DEVELOPMENT,130,CLOSED,BTCUSDT,LONG,2024-04-14 04:35:00+00:00,2024-04-14 04:40:00+00:00,63910.45,63942.405224999995,2024-04-14 17:20:00+00:00,63302.98117274999,63271.32968216362,0.0002594173052020504,16.587766451607006,0.16587766451607006,63302.98117274999,65221.253329499996,SL,-0.15758792615944647,0.016587766451607006,0.01641367784269739,0.008289738356624641,0.008210944393545016,0.016500682750169658,-0.20709005320392052,-1.2484505000000037,0 days 12:40:00
5m,DEVELOPMENT,131,CLOSED,BTCUSDT,LONG,2024-04-15 00:00:00+00:00,2024-04-15 00:05:00+00:00,65453.27,65485.996634999996,2024-04-15 04:05:00+00:00,64831.13666865,64798.72110031568,0.0002501432996870373,16.380883281573123,0.16380883281573122,64831.13666865,66795.7165677,SL,-0.15562248434917791,0.016380883281573125,0.016208965911533015,0.008186348466553054,0.008108537224377366,0.01629488569093042,-0.2045072192332145,-1.2484504999999906,0 days 04:00:00
5m,DEVELOPMENT,132,CLOSED,BTCUSDT,LONG,2024-04-15 05:50:00+00:00,2024-04-15 05:55:00+00:00,65420.55,65453.260275,2024-04-15 09:20:00+00:00,66762.3254805,66728.94431775976,0.0002471470526798938,16.176580365256225,0.16176580365256224,64798.72767225,66762.3254805,TP,0.3316158553637234,0.016176580365256224,0.01649186191657507,0.00808424805859823,0.008250055986279812,0.01633430404487804,0.28261310903701403,1.7470510000000095,0 days 03:25:00
5m,DEVELOPMENT,133,CLOSED,BTCUSDT,LONG,2024-04-16 00:10:00+00:00,2024-04-16 00:15:00+00:00,63581.82,63613.610909999996,2024-04-16 00:45:00+00:00,62977.474800899996,62945.98606349955,0.0002587325402232065,16.45891114351498,0.16458911143514982,62977.474800899996,64885.883128199996,SL,-0.1563637685348435,0.01645891114351498,0.016286174871063794,0.008225342900306323,0.008147161016039024,0.016372503916345347,-0.2054813584657676,-1.2484504999999946,0 days 00:30:00
5m,DEVELOPMENT,134,CLOSED,BTCUSDT,LONG,2024-04-16 01:15:00+00:00,2024-04-16 01:20:00+00:00,63637.0,63668.818499999994,2024-04-16 02:00:00+00:00,63032.130314999995,63000.614249842496,0.00025528406909469507,16.253635061131597,0.16253635061131597,63032.130314999995,64942.19486999999,SL,-0.15441359445882774,0.0162536350611316,0.016083053161165022,0.00812275615248801,0.00804554935525984,0.01616830550774785,-0.2029185881888722,-1.2484504999999968,0 days 00:40:00
5m,DEVELOPMENT,135,CLOSED,BTCUSDT,LONG,2024-04-16 02:00:00+00:00,2024-04-16 02:05:00+00:00,63050.01,63081.535005,2024-04-16 04:10:00+00:00,62450.71965495,62419.49429512253,0.0002544471878742774,16.050919188815044,0.16050919188815044,62450.71965495,64343.1657051,SL,-0.1524877430181783,0.016050919188815044,0.01588246479192843,0.008021448869971484,0.007945204998461975,0.01596665386843346,-0.20038778086735523,-1.2484504999999868,0 days 02:05:00
5m,DEVELOPMENT,136,CLOSED,BTCUSDT,LONG,2024-04-16 06:55:00+00:00,2024-04-16 07:00:00+00:00,63195.13,63226.727564999994,2024-04-16 10:20:00+00:00,62594.46028934999,62563.16305920532,0.0002506966943567604,15.850731595540962,0.15850731595540962,62594.46028934999,64491.26211629999,SL,-0.1505859108601885,0.015850731595540964,0.01568437816744576,0.007921405095221967,0.007846112139791932,0.0157675172350139,-0.1978885378581891,-1.2484505,0 days 03:20:00
5m,DEVELOPMENT,137,CLOSED,BTCUSDT,LONG,2024-04-17 00:00:00+00:00,2024-04-17 00:05:00+00:00,63731.59,63763.455794999994,2024-04-17 10:05:00+00:00,63125.82123705,63094.258326431474,0.0002454860790301961,15.653040748529786,0.15653040748529787,63125.82123705,65038.7249109,SL,-0.14870779841556775,0.015653040748529787,0.015488762085873967,0.00782260906972951,0.007748255170521616,0.015570864240251125,-0.19542046549022263,-1.2484504999999921,0 days 10:00:00
5m,DEVELOPMENT,138,CLOSED,BTCUSDT,LONG,2024-04-18 00:00:00+00:00,2024-04-18 00:05:00+00:00,61386.42,61417.113209999996,2024-04-18 11:15:00+00:00,62645.4554742,62614.1327464629,0.00025168580384795676,15.457815508279813,0.15457815508279812,60802.94207789999,62645.4554742,TP,0.31688135539712,0.015457815508279814,0.015759088332536187,0.007725045231523549,0.007883485909221952,0.0156085311407455,0.2700559204155585,1.7470510000000061,0 days 11:10:00
5m,DEVELOPMENT,139,CLOSED,BTCUSDT,LONG,2024-04-19 00:00:00+00:00,2024-04-19 00:05:00+00:00,63283.05,63314.691525,2024-04-19 00:55:00+00:00,62681.54460975,62650.20383744513,0.00024840366846533556,15.727601642561092,0.15727601642561093,62681.54460975,64580.9853555,SL,-0.14941614553977337,0.015727601642561092,0.015562540463322413,0.007859870885837401,0.007785162813067268,0.01564503369890467,-0.19635132134456157,-1.2484504999999961,0 days 00:50:00
5m,DEVELOPMENT,140,CLOSED,BTCUSDT,LONG,2024-04-19 04:35:00+00:00,2024-04-19 04:40:00+00:00,62626.63,62657.943315,2024-04-19 05:15:00+00:00,62031.36388185,62000.34819990907,0.00024787673604767936,15.53144647638271,0.1553144647638271,62031.36388185,63911.1021813,SL,-0.14755262244679443,0.01553144647638271,0.015368443945613073,0.007761842317032695,0.007688066005809186,0.01544990832284188,-0.1939024211916321,-1.2484504999999986,0 days 00:35:00
5m,DEVELOPMENT,141,CLOSED,BTCUSDT,LONG,2024-04-19 05:15:00+00:00,2024-04-19 05:20:00+00:00,61900.6,61931.550299999995,2024-04-19 06:40:00+00:00,63170.181306,63138.596215347,0.000247656286490596,15.337737763903556,0.15337737763903556,61312.234797,63170.181306,TP,0.3144197916418411,0.015337737763903557,0.01563667027292204,0.007665036363769098,0.007822246259589789,0.015487282623358887,0.26795810098165657,1.7470510000000121,0 days 01:20:00
5m,DEVELOPMENT,142,CLOSED,BTCUSDT,LONG,2024-04-19 06:40:00+00:00,2024-04-19 06:45:00+00:00,63630.76,63662.57538,2024-04-19 06:50:00+00:00,64935.8268876,64903.3589741562,0.0002451271894252834,15.605428174474643,0.15605428174474642,63025.9496262,64935.8268876,TP,0.31990737816938974,0.015605428174474642,0.015909577969595152,0.007798814679897374,0.00795876836898144,0.015757583048878816,0.27263478897644117,1.7470510000000012,0 days 00:05:00
5m,DEVELOPMENT,143,CLOSED,BTCUSDT,LONG,2024-04-19 06:50:00+00:00,2024-04-19 06:55:00+00:00,64694.02,64726.367009999994,2024-04-19 14:25:00+00:00,64079.10333989999,64047.06378823004,0.0002453063772074752,15.877790601024538,0.15877790601024538,64079.10333989999,66020.89435019999,SL,-0.15084297817365225,0.01587779060102454,0.015711153188666786,0.007934927836593404,0.00785950634750715,0.015794434184100554,-0.1982263561474441,-1.2484505000000017,0 days 07:30:00
5m,DEVELOPMENT,144,CLOSED,BTCUSDT,LONG,2024-04-20 03:10:00+00:00,2024-04-20 03:15:00+00:00,63925.86,63957.822929999995,2024-04-20 09:45:00+00:00,63318.244700699994,63286.585578349644,0.00024515784863981323,15.679762273204915,0.15679762273204914,63318.244700699994,65236.9793886,SL,-0.1489616595770259,0.015679762273204917,0.01551520316814763,0.007835963155023532,0.007761482325236239,0.015597445480259771,-0.19575407049863822,-1.2484505000000006,0 days 06:30:00
5m,DEVELOPMENT,145,CLOSED,BTCUSDT,LONG,2024-04-21 00:00:00+00:00,2024-04-21 00:05:00+00:00,64862.0,64894.431,2024-04-21 16:35:00+00:00,64245.48669,64213.363946655,0.00023860604866414908,15.484203761218264,0.15484203761218265,64245.48669,66192.31962,SL,-0.14710380484795613,0.015484203761218264,0.015321697042744279,0.007738232764226269,0.0076646808618022555,0.015402913626028525,-0.19331261927794718,-1.2484504999999932,0 days 16:30:00
5m,DEVELOPMENT,146,CLOSED,BTCUSDT,LONG,2024-04-22 00:00:00+00:00,2024-04-22 00:05:00+00:00,64952.0,64984.475999999995,2024-04-22 05:55:00+00:00,66284.16552,66251.02343724,0.0002353036479272388,15.291084261440098,0.152910842614401,64334.631239999995,66284.16552,TP,0.3134634064988858,0.015291084261440099,0.015589107493695567,0.007641721270083856,0.007798452973333058,0.015440174243416914,0.2671430405003332,1.7470510000000088,0 days 05:50:00
5m,DEVELOPMENT,147,CLOSED,BTCUSDT,LONG,2024-04-22 05:55:00+00:00,2024-04-22 06:00:00+00:00,66377.99,66411.178995,2024-04-22 11:40:00+00:00,65747.06720505,65714.19367144747,0.0002342671920784215,15.557960425776095,0.15557960425776096,65747.06720505,67739.4025749,SL,-0.14780451159120747,0.015557960425776096,0.015394679631107576,0.007775092666552315,0.007701190410759744,0.01547628307731206,-0.1942334347254032,-1.2484504999999961,0 days 05:40:00
5m,DEVELOPMENT,148,CLOSED,BTCUSDT,LONG,2024-04-23 00:00:00+00:00,2024-04-23 00:05:00+00:00,66747.1,66780.47355,2024-04-23 07:35:00+00:00,66112.6688145,66079.61248009275,0.00023006606892271765,15.363921030446022,0.15363921030446023,66112.6688145,68116.083021,SL,-0.1459610888499673,0.015363921030446022,0.015202676679231492,0.007678121454493311,0.007605140910069265,0.015283262364562577,-0.1918109489242074,-1.2484504999999926,0 days 07:30:00
5m,DEVELOPMENT,149,CLOSED,BTCUSDT,LONG,2024-04-24 00:10:00+00:00,2024-04-24 00:15:00+00:00,66602.18,66635.48108999999,2024-04-24 13:30:00+00:00,65969.12627909999,65936.14171596045,0.0002276910356565029,15.172301700851412,0.15172301700851412,65969.12627909999,67968.1907118,SL,-0.14414065733792444,0.015172301700851413,0.015013068394500978,0.007582359670588947,0.007510289341920028,0.015092649012508974,-0.1894186764457858,-1.2484504999999857,0 days 13:15:00
5m,DEVELOPMENT,150,CLOSED,BTCUSDT,LONG,2024-04-25 00:25:00+00:00,2024-04-25 00:30:00+00:00,64484.4,64516.642199999995,2024-04-25 02:00:00+00:00,63871.47577799999,63839.540040110995,0.00023223577270815605,14.983072253852628,0.14983072253852628,63871.47577799999,65806.97504399999,SL,-0.1423429303077174,0.014983072253852628,0.014825824910548445,0.007487792230809357,0.007416620765656614,0.014904412996465971,-0.18705624046858446,-1.2484505000000004,0 days 01:30:00
5m,DEVELOPMENT,151,CLOSED,BTCUSDT,LONG,2024-04-25 06:30:00+00:00,2024-04-25 06:35:00+00:00,64391.99,64424.18599499999,2024-04-25 08:35:00+00:00,63779.94413504999,63748.05416298247,0.00022966844911169676,14.796202882755143,0.14796202882755144,63779.94413504999,65712.6697149,SL,-0.1405676245882951,0.014796202882755143,0.01464091673350063,0.007394404239256699,0.007324120426962212,0.01471852466621891,-0.18472326887076979,-1.2484504999999917,0 days 02:00:00
5m,DEVELOPMENT,152,CLOSED,BTCUSDT,LONG,2024-04-26 06:05:00+00:00,2024-04-26 06:10:00+00:00,64486.0,64518.242999999995,2024-04-26 13:10:00+00:00,63873.060569999994,63841.124039714996,0.00022647337362572813,14.611664152614518,0.14611664152614517,63873.060569999994,65808.60785999999,SL,-0.13881446054033214,0.014611664152614518,0.01445831473733283,0.0073021809858132055,0.007232773755543802,0.014534954741357006,-0.18241939417163652,-1.2484504999999988,0 days 07:00:00
5m,DEVELOPMENT,153,CLOSED,BTCUSDT,LONG,2024-04-28 00:00:00+00:00,2024-04-28 00:05:00+00:00,63520.0,63551.759999999995,2024-04-28 22:30:00+00:00,62916.242399999996,62884.7842788,0.00022704999823136131,14.429426995599897,0.14429426995599898,62916.242399999996,64822.79519999999,SL,-0.13708316201217197,0.014429426995599898,0.014277990159281079,0.007211107943826846,0.007142566362821393,0.014353674306648238,-0.1801442534737012,-1.248450499999995,0 days 22:25:00
5m,DEVELOPMENT,154,CLOSED,BTCUSDT,LONG,2024-04-30 00:00:00+00:00,2024-04-30 00:05:00+00:00,63764.31,63796.192155,2024-04-30 02:00:00+00:00,63158.23023345,63126.65111833328,0.00022335914143268483,14.249462706415382,0.14249462706415383,63158.23023345,65072.115998099995,SL,-0.13537345629632994,0.014249462706415382,0.014099914595311555,0.00712117076782363,0.007053484039674804,0.014174654807498435,-0.1778974884055553,-1.2484504999999924,0 days 01:55:00
5m,DEVELOPMENT,155,CLOSED,BTCUSDT,LONG,2024-04-30 02:00:00+00:00,2024-04-30 02:05:00+00:00,63220.0,63251.60999999999,2024-04-30 08:30:00+00:00,62619.09389999999,62587.784353049996,0.00022247248627787447,14.071742937778467,0.14071742937778467,62619.09389999999,64516.642199999995,SL,-0.13368507408654273,0.014071742937778468,0.013924059995646483,0.007032355291242123,0.006965512754199614,0.013997868045441737,-0.1756787450654094,-1.248450499999996,0 days 06:25:00
5m,DEVELOPMENT,156,CLOSED,BTCUSDT,LONG,2024-05-01 00:00:00+00:00,2024-05-01 00:05:00+00:00,60688.39,60718.734195,2024-05-01 00:30:00+00:00,60111.54685305,60081.491079623476,0.0002288624735049104,13.896239695954883,0.13896239695954882,60111.54685305,61933.1088789,SL,-0.13201774943533331,0.013896239695954883,0.013750398660345838,0.006944647524214843,0.006878638649497428,0.01382328617371227,-0.1734876739653463,-1.2484504999999937,0 days 00:25:00
5m,DEVELOPMENT,157,CLOSED,BTCUSDT,LONG,2024-05-01 00:30:00+00:00,2024-05-01 00:35:00+00:00,60326.0,60356.16299999999,2024-05-01 02:10:00+00:00,59752.60136999999,59722.72506931499,0.00022736576770708808,13.722925336349142,0.13722925336349143,59752.60136999999,61563.28625999999,SL,-0.13037121971214496,0.013722925336349143,0.013578903234944158,0.006858033651347349,0.006792848041492501,0.01365088169283985,-0.1713239299762781,-1.248450500000004,0 days 01:35:00
5m,DEVELOPMENT,158,CLOSED,BTCUSDT,LONG,2024-05-01 04:20:00+00:00,2024-05-01 04:25:00+00:00,60283.21,60313.351604999996,2024-05-01 06:30:00+00:00,59710.218088949994,59680.36297990552,0.00022468942943019301,13.551772559150065,0.13551772559150066,59710.218088949994,61519.6186371,SL,-0.12874522556194154,0.013551772559150065,0.013409546706141785,0.006772500029559595,0.006708127416779142,0.013480627446338737,-0.16918717227357213,-1.2484505000000026,0 days 02:05:00
5m,DEVELOPMENT,159,CLOSED,BTCUSDT,LONG,2024-05-02 00:00:00+00:00,2024-05-02 00:05:00+00:00,58600.01,58629.310005,2024-05-02 00:30:00+00:00,58043.01690495,58013.99539649752,0.00022826047933856484,13.382754405030616,0.13382754405030617,58043.01690495,59801.8962051,SL,-0.1271395108643851,0.013382754405030615,0.013242302397549819,0.006688033185921737,0.006624463430490211,0.013312496616411948,-0.16707706428337746,-1.2484505000000052,0 days 00:25:00
5m,DEVELOPMENT,160,CLOSED,BTCUSDT,LONG,2024-05-02 00:30:00+00:00,2024-05-02 00:35:00+00:00,57990.01,58019.005005,2024-05-02 01:30:00+00:00,57438.81495495,57410.09554747253,0.0002277847448394271,13.215844250901368,0.13215844250901368,57438.81495495,59179.3851051,SL,-0.12555382269347096,0.013215844250901368,0.01307714396548816,0.006604619815542238,0.006541842904196019,0.013146462719738256,-0.1649932736295987,-1.2484504999999948,0 days 00:55:00
5m,DEVELOPMENT,161,CLOSED,BTCUSDT,LONG,2024-05-02 06:40:00+00:00,2024-05-02 06:45:00+00:00,57590.0,57618.795,2024-05-02 12:05:00+00:00,58771.1709,58741.78531455,0.0002265062260624672,13.051015805716956,0.13051015805716956,57042.60705,58771.1709,TP,0.26754256289380723,0.013051015805716956,0.013305380103770378,0.006522246779468348,0.006656018060915598,0.013178264840383945,0.22800790214393596,1.7470509999999986,0 days 05:20:00
5m,DEVELOPMENT,162,CLOSED,BTCUSDT,LONG,2024-05-03 00:00:00+00:00,2024-05-03 00:05:00+00:00,59065.61,59095.142804999996,2024-05-03 12:35:00+00:00,60277.0456611,60246.90713826945,0.00022470198560236597,13.27879592773887,0.1327879592773887,58504.191376949995,60277.0456611,TP,0.27221199847868416,0.01327879592773887,0.013537599660370502,0.006636079923906421,0.0067721859231455635,0.013408265847051983,0.23198733704352278,1.747051000000012,0 days 12:30:00
5m,DEVELOPMENT,163,CLOSED,BTCUSDT,LONG,2024-05-04 00:00:00+00:00,2024-05-04 00:05:00+00:00,62846.0,62877.422999999995,2024-05-04 10:50:00+00:00,64134.97145999999,64102.90397427,0.00021487126641944173,13.510551509200932,0.13510551509200933,62248.64876999999,64134.97145999999,TP,0.27696292998871536,0.013510551509200932,0.013773872158115258,0.006751899804697092,0.006890381269691704,0.013642281074388796,0.23603622524701035,1.7470510000000026,0 days 10:45:00
5m,DEVELOPMENT,164,CLOSED,BTCUSDT,LONG,2024-05-05 00:00:00+00:00,2024-05-05 00:05:00+00:00,63974.57,64006.557284999995,2024-05-05 01:10:00+00:00,63366.49171215,63334.80846629392,0.00021476474469350336,13.74635193402312,0.1374635193402312,63366.49171215,65286.68843069999,SL,-0.13059377824376855,0.013746351934023121,0.01360208397047555,0.006869741096462386,0.006804444207341401,0.013674185303803786,-0.17161639945207102,-1.248450499999998,0 days 01:05:00
5m,DEVELOPMENT,165,CLOSED,BTCUSDT,LONG,2024-05-05 06:45:00+00:00,2024-05-05 06:50:00+00:00,63384.46,63416.15222999999,2024-05-06 08:15:00+00:00,64684.475274599994,64652.133036962696,0.00021406071642901932,13.574906979525549,0.1357490697952555,62781.990707699995,64684.475274599994,TP,0.2782822010495432,0.013574906979525549,0.013839481916556503,0.006784061459031822,0.006923202559557654,0.013707264018589477,0.2371605481348716,1.747051000000005,1 days 01:25:00
5m,DEVELOPMENT,166,CLOSED,BTCUSDT,LONG,2024-05-07 00:50:00+00:00,2024-05-07 00:55:00+00:00,63599.99,63631.78999499999,2024-05-07 03:25:00+00:00,62995.47209504999,62963.97435900247,0.0002170586526816424,13.811830604035912,0.13811830604035913,62995.47209504999,64904.425794899995,SL,-0.1312158419703778,0.013811830604035912,0.013666875441846556,0.00690246406998165,0.006836856148997579,0.01373932021897923,-0.17243386823523948,-1.2484505000000008,0 days 02:30:00
5m,DEVELOPMENT,167,CLOSED,BTCUSDT,LONG,2024-05-07 03:25:00+00:00,2024-05-07 03:30:00+00:00,62962.21,62993.691105,2024-05-07 08:20:00+00:00,64253.5649271,64221.43814463646,0.00021652277804570002,13.639568997407302,0.13639568997407303,62363.75419395,64253.5649271,TP,0.27960775625869466,0.013639568997407302,0.013905404197166772,0.006816376310548146,0.006956180188676285,0.013772556499224431,0.23829022656489615,1.747051000000014,0 days 04:50:00
5m,DEVELOPMENT,168,CLOSED,BTCUSDT,LONG,2024-05-08 02:50:00+00:00,2024-05-08 02:55:00+00:00,62774.17,62805.55708499999,2024-05-08 06:25:00+00:00,62177.50151414999,62146.41276339292,0.00022096167625766091,13.87762117179781,0.1387762117179781,62177.50151414999,64061.66822669999,SL,-0.1318408688035383,0.01387762117179781,0.013731975537599793,0.006935342914440545,0.006869422480039538,0.013804765394480082,-0.17325523090741599,-1.2484505000000026,0 days 03:30:00
5m,DEVELOPMENT,169,CLOSED,BTCUSDT,LONG,2024-05-09 02:00:00+00:00,2024-05-09 02:05:00+00:00,61535.99,61566.75799499999,2024-05-09 09:35:00+00:00,60951.09041504999,60920.61486984247,0.00022259640541982313,13.704539023039155,0.13704539023039156,60951.09041504999,62798.093154899994,SL,-0.13019654514141785,0.013704539023039156,0.013560709885992362,0.006848845088973911,0.006783746816402988,0.013632591905376898,-0.17109438595582624,-1.2484504999999912,0 days 07:30:00
5m,DEVELOPMENT,170,CLOSED,BTCUSDT,LONG,2024-05-10 00:00:00+00:00,2024-05-10 00:05:00+00:00,62920.01,62951.470004999996,2024-05-10 14:15:00+00:00,62321.955304949995,62290.794327297524,0.00021498490121788899,13.533615560545826,0.13533615560545825,62321.955304949995,64210.499405099996,SL,-0.12857272953822038,0.013533615560545826,0.0133915802652379,0.006763426067237906,0.006699139702469334,0.01346256576970724,-0.16896049113371137,-1.2484504999999941,0 days 14:10:00
5m,DEVELOPMENT,171,CLOSED,BTCUSDT,LONG,2024-05-11 00:00:00+00:00,2024-05-11 00:05:00+00:00,60857.99,60888.41899499999,2024-05-13 07:50:00+00:00,62106.18737489999,62075.134281212544,0.00021949697630035421,13.364823861111551,0.13364823861111552,60279.53480504999,62106.18737489999,TP,0.2739755496165886,0.013364823861111551,0.013625304278164616,0.006679072394357446,0.006816060169166736,0.013495132563524182,0.2334902889137883,1.7470510000000026,2 days 07:45:00
5m,DEVELOPMENT,172,CLOSED,BTCUSDT,LONG,2024-05-13 07:50:00+00:00,2024-05-13 07:55:00+00:00,62312.13,62343.28606499999,2024-05-14 06:15:00+00:00,61719.853204349994,61688.993277747824,0.00021811620386541554,13.598080892993458,0.13598080892993458,61719.853204349994,63590.1517863,SL,-0.1291851663047511,0.013598080892993459,0.013455369034021492,0.006795642625183174,0.006731050042030708,0.013526692667213881,-0.16976530889897995,-1.2484504999999901,0 days 22:20:00
5m,DEVELOPMENT,173,CLOSED,BTCUSDT,LONG,2024-05-15 00:00:00+00:00,2024-05-15 00:05:00+00:00,61623.0,61653.811499999996,2024-05-15 09:50:00+00:00,62886.887729999995,62855.444286134996,0.00021780462315468794,13.428485179807664,0.13428485179807664,61037.27338499999,62886.887729999995,TP,0.2752805907424829,0.013428485179807664,0.013690206355962117,0.006710887146329831,0.006848527441701626,0.013559414588031456,0.2346024846186816,1.7470510000000001,0 days 09:45:00
5m,DEVELOPMENT,174,CLOSED,BTCUSDT,LONG,2024-05-16 00:00:00+00:00,2024-05-16 00:05:00+00:00,66426.65,66459.86332499998,2024-05-16 02:55:00+00:00,65795.26469174998,65762.3670594041,0.00020558052052403687,13.662853296309844,0.13662853296309846,65795.26469174998,67789.06059149999,SL,-0.12980052032126727,0.013662853296309844,0.013519461650965072,0.006828012641831891,0.006763112381673859,0.01359112502350575,-0.17057396029204794,-1.2484505000000086,0 days 02:50:00
5m,DEVELOPMENT,175,CLOSED,BTCUSDT,LONG,2024-05-16 07:05:00+00:00,2024-05-16 07:10:00+00:00,66024.0,66057.012,2024-05-16 15:00:00+00:00,65396.44188,65363.743659060005,0.00020425461780763764,13.492449739574534,0.13492449739574533,65396.44188,67378.15224000001,SL,-0.1281816439526799,0.013492449739574534,0.013350846479557699,0.006742853443066233,0.006678762621088151,0.013421616064154384,-0.16844655623596652,-1.2484504999999968,0 days 07:50:00
5m,DEVELOPMENT,176,CLOSED,BTCUSDT,LONG,2024-05-17 00:15:00+00:00,2024-05-17 00:20:00+00:00,65433.99,65466.70699499999,2024-05-17 14:55:00+00:00,66776.04113489999,66742.65311433254,0.0002035259152813988,13.324171461616526,0.13324171461616527,64812.03992504999,66776.04113489999,TP,0.2731421855849612,0.013324171461616527,0.013583859563403433,0.006658756352630976,0.006795327445424519,0.013454083798055495,0.23278007076188575,1.747050999999997,0 days 14:35:00
5m,DEVELOPMENT,177,CLOSED,BTCUSDT,LONG,2024-05-18 00:00:00+00:00,2024-05-18 00:05:00+00:00,66939.8,66973.2699,2024-05-19 19:05:00+00:00,66303.537201,66270.3854323995,0.00020241984608332787,13.556718984855175,0.13556718984855176,66303.537201,68312.735298,SL,-0.12879221784212813,0.013556718984855175,0.01341444121910912,0.00677497200642365,0.006710575897502384,0.013485547903926033,-0.16924892595001845,-1.2484504999999932,1 days 19:00:00
5m,DEVELOPMENT,178,CLOSED,BTCUSDT,LONG,2024-05-20 00:55:00+00:00,2024-05-20 01:00:00+00:00,66459.99,66493.219995,2024-05-20 16:00:00+00:00,67823.08439490001,67789.17285270257,0.00020133840923567775,13.387639138751261,0.13387639138751262,65828.28779505001,67823.08439490001,TP,0.27444325710723605,0.013387639138751262,0.013648564225565527,0.006690474332209829,0.006827695960761539,0.013518170292971369,0.2338888834499479,1.7470510000000194,0 days 15:00:00
5m,DEVELOPMENT,179,CLOSED,BTCUSDT,LONG,2024-05-21 00:00:00+00:00,2024-05-21 00:05:00+00:00,71358.34,71394.01917,2024-05-21 13:50:00+00:00,70680.0789783,70644.73893881084,0.00019079041249293752,13.62129436697299,0.13621294366972989,70680.0789783,72821.8995534,SL,-0.12940570010802496,0.01362129436697299,0.013478338882591607,0.006807243561706227,0.006742540711651727,0.013549784273357953,-0.17005511763094752,-1.2484505000000103,0 days 13:45:00
5m,DEVELOPMENT,180,CLOSED,BTCUSDT,LONG,2024-05-22 00:00:00+00:00,2024-05-22 00:05:00+00:00,70135.01,70170.077505,2024-05-22 04:40:00+00:00,69468.37672994999,69433.64254158502,0.00019169722498334072,13.451409134574439,0.13451409134574438,69468.37672994999,71573.47905509999,SL,-0.12779174795015616,0.01345140913457444,0.013310236595707082,0.0067223433955892475,0.00665844752161228,0.013380790917201527,-0.16793418459763917,-1.2484504999999921,0 days 04:35:00
5m,DEVELOPMENT,181,CLOSED,BTCUSDT,LONG,2024-05-23 00:50:00+00:00,2024-05-23 00:55:00+00:00,69561.52,69596.30076,2024-05-23 13:35:00+00:00,68900.3377524,68865.8875835238,0.00019086708016569846,13.283642716394981,0.1328364271639498,68900.3377524,70988.2267752,SL,-0.12619792505680757,0.013283642716394982,0.013144230886086416,0.0066385021071428095,0.0065754031446146905,0.0132139052517575,-0.16583970391104647,-1.2484504999999981,0 days 12:40:00
5m,DEVELOPMENT,182,CLOSED,BTCUSDT,LONG,2024-05-24 00:00:00+00:00,2024-05-24 00:05:00+00:00,67831.93,67865.84596499999,2024-05-24 05:35:00+00:00,67187.18750534998,67153.59391159732,0.000193292642270739,13.117968686513818,0.13117968686513817,67187.18750534998,69223.16288429999,SL,-0.12462398037512833,0.013117968686513819,0.012980295605148857,0.006555706490010526,0.006493394499822697,0.013049100989833223,-0.16377134565662424,-1.2484504999999928,0 days 05:30:00
5m,DEVELOPMENT,183,CLOSED,BTCUSDT,LONG,2024-05-25 02:40:00+00:00,2024-05-25 02:45:00+00:00,68708.63,68742.984315,2024-05-27 15:35:00+00:00,70117.84400129999,70082.78507929934,0.00018844629859586154,12.954360948595115,0.12954360948595114,68055.55447184999,70117.84400129999,TP,0.26556116247444633,0.012954360948595115,0.013206841443483233,0.006473943502544322,0.006606724083783767,0.01308066758632809,0.22631929249603988,1.7470509999999957,2 days 12:50:00
5m,DEVELOPMENT,184,CLOSED,BTCUSDT,LONG,2024-05-29 00:00:00+00:00,2024-05-29 00:05:00+00:00,68400.01,68434.21000499999,2024-05-29 08:05:00+00:00,67749.86790494999,67715.99297099753,0.00019260036971171084,13.180454147891858,0.13180454147891857,67749.86790494999,69802.89420509999,SL,-0.12521760787177688,0.013180454147891858,0.013042125281609735,0.006586933607140724,0.006524324803204671,0.013111258410345394,-0.16455144571162383,-1.2484504999999788,0 days 08:00:00
5m,DEVELOPMENT,185,CLOSED,BTCUSDT,LONG,2024-05-30 00:00:00+00:00,2024-05-30 00:05:00+00:00,67720.0,67753.86,2024-05-30 17:20:00+00:00,69108.9372,69074.38273140001,0.00019210812622688785,13.016067089238888,0.1301606708923889,67076.3214,69108.9372,TP,0.26682612293882024,0.013016067089238888,0.013269750236808155,0.006504781154042534,0.006638194215510316,0.013142975369552851,0.22739733024322037,1.7470510000000112,0 days 17:15:00
5m,DEVELOPMENT,186,CLOSED,BTCUSDT,LONG,2024-05-31 01:30:00+00:00,2024-05-31 01:35:00+00:00,68530.0,68564.265,2024-05-31 09:25:00+00:00,67878.62235,67844.68303882501,0.00019315072143370933,13.243237249322027,0.13243237249322026,67878.62235,69935.5503,SL,-0.12581406302329323,0.013243237249322026,0.013104249474390393,0.006618309469925938,0.006555402438413623,0.013173711908339561,-0.1653352616553452,-1.248450499999986,0 days 07:50:00
5m,DEVELOPMENT,187,CLOSED,BTCUSDT,LONG,2024-06-01 00:45:00+00:00,2024-06-01 00:50:00+00:00,67650.0,67683.825,2024-06-03 06:25:00+00:00,69037.5015,69002.98274925,0.00019322293262471866,13.078067157758248,0.1307806715775825,67006.98675,69037.5015,TP,0.2680971088511958,0.013078067157758248,0.013332958686662958,0.006535765696030546,0.006669814250455561,0.013205579946486107,0.22848050306028847,1.7470510000000106,2 days 05:35:00
5m,DEVELOPMENT,188,CLOSED,BTCUSDT,LONG,2024-06-03 06:25:00+00:00,2024-06-03 06:30:00+00:00,69099.28,69133.82964,2024-06-04 16:00:00+00:00,70516.50623279999,70481.2479796836,0.00019247189802528824,13.30631940856773,0.1330631940856773,68442.49134359999,70516.50623279999,TP,0.27277622295824355,0.013306319408567729,0.013565659573840714,0.006649834786889929,0.006786222898368284,0.013436057685258213,0.23246818629057694,1.7470510000000026,1 days 09:30:00
5m,DEVELOPMENT,189,CLOSED,BTCUSDT,LONG,2024-06-05 00:00:00+00:00,2024-06-05 00:05:00+00:00,70563.05,70598.331525,2024-06-07 17:55:00+00:00,69892.34820975,69857.40203564512,0.00019176877224235457,13.538555358907967,0.13538555358907967,69892.34820975,72010.2981555,SL,-0.1286196588569933,0.013538555358907967,0.013396468220416227,0.006765894732087653,0.0067015849026589875,0.013467479634746642,-0.16902216207106416,-1.2484505000000063,2 days 17:50:00
5m,DEVELOPMENT,190,CLOSED,BTCUSDT,LONG,2024-06-08 01:50:00+00:00,2024-06-08 01:55:00+00:00,69467.87,69502.60393499999,2024-06-11 01:50:00+00:00,68807.57789564999,68773.17410670216,0.00019236260648089153,13.369702050145667,0.13369702050145668,68807.57789564999,70892.65601369999,SL,-0.12701551023152075,0.013369702050145668,0.013229387027129388,0.006681510269937204,0.006618002514821227,0.013299512784758431,-0.16691411209355425,-1.248450500000003,2 days 23:55:00
5m,DEVELOPMENT,191,CLOSED,BTCUSDT,LONG,2024-06-12 00:00:00+00:00,2024-06-12 00:05:00+00:00,67365.58,67399.26279,2024-06-12 12:30:00+00:00,68747.24804579999,68712.8744217771,0.0001958916780225638,13.202954685416843,0.13202954685416843,66725.27016209999,68747.24804579999,TP,0.2706572719619166,0.013202954685416844,0.01346028027223562,0.006598178253579997,0.006733506889560632,0.013331685143140629,0.23066235186112352,1.747051000000013,0 days 12:25:00
5m,DEVELOPMENT,192,CLOSED,BTCUSDT,LONG,2024-06-14 00:00:00+00:00,2024-06-14 00:05:00+00:00,66897.95,66931.39897499999,2024-06-14 16:05:00+00:00,66262.08498524998,66228.95394275736,0.00020070380734721568,13.433386605358027,0.13433386605358028,66262.08498524998,68270.02695449999,SL,-0.1276205294192216,0.013433386605358028,0.013292403212934794,0.00671333663436024,0.006649526369651141,0.01336286300401138,-0.1677091822415258,-1.2484505000000037,0 days 16:00:00
5m,DEVELOPMENT,193,CLOSED,BTCUSDT,LONG,2024-06-15 00:00:00+00:00,2024-06-15 00:05:00+00:00,66052.0,66085.026,2024-06-17 13:30:00+00:00,65424.17574,65391.463652130005,0.00020073904434503976,13.265844964757106,0.13265844964757106,65424.17574,67406.72652,SL,-0.12602884196903202,0.013265844964757106,0.013126619921851981,0.006629607678538886,0.006566593257553445,0.01319620093609233,-0.16561750779173345,-1.248450499999989,2 days 13:25:00
5m,DEVELOPMENT,194,CLOSED,BTCUSDT,LONG,2024-06-18 00:00:00+00:00,2024-06-18 00:05:00+00:00,66514.61,66547.86730499999,2024-06-18 00:45:00+00:00,65882.38863194999,65849.44743763402,0.0001968566903726579,13.100392909021108,0.13100392909021108,65882.38863194999,67878.82465109999,SL,-0.12445700609719972,0.013100392909021109,0.012962904285440934,0.006546922993012454,0.006484694489963446,0.0130316174829759,-0.16355192077463765,-1.248450499999993,0 days 00:40:00
5m,DEVELOPMENT,195,CLOSED,BTCUSDT,LONG,2024-06-18 05:20:00+00:00,2024-06-18 05:25:00+00:00,65780.01,65812.90000499999,2024-06-18 11:35:00+00:00,65154.77100494999,65122.19361944751,0.00019657247098662806,12.937004376778715,0.12937004376778716,65154.77100494999,67129.15800509999,SL,-0.12290477421417606,0.012937004376778714,0.012801230515844421,0.00646526955361134,0.006403817166505366,0.012869086720116706,-0.16151209582691592,-1.2484505000000012,0 days 06:10:00
5m,DEVELOPMENT,196,CLOSED,BTCUSDT,LONG,2024-06-19 00:00:00+00:00,2024-06-19 00:05:00+00:00,65125.54,65158.10277,2024-06-20 11:15:00+00:00,66461.2648254,66428.0341929873,0.00019607160258783702,12.775653631696882,0.12775653631696882,64506.5217423,66461.2648254,TP,0.26189770713253546,0.012775653631696882,0.013024651120978654,0.006384634498598518,0.00651558335216511,0.012900217850763628,0.22319718452909632,1.747050999999997,1 days 11:10:00
5m,DEVELOPMENT,197,CLOSED,BTCUSDT,LONG,2024-06-22 00:00:00+00:00,2024-06-22 00:05:00+00:00,64185.9,64217.99295,2024-06-23 21:10:00+00:00,63575.8130205,63544.02511398975,0.00020241410926897648,12.998627842015662,0.12998627842015661,63575.8130205,65502.352809,SL,-0.12349021253209352,0.012998627842015663,0.012862207242813707,0.006496065888063471,0.006434320781796963,0.012930386669860435,-0.16228143428678332,-1.2484504999999968,1 days 21:05:00
5m,DEVELOPMENT,198,CLOSED,BTCUSDT,LONG,2024-06-25 00:00:00+00:00,2024-06-25 00:05:00+00:00,60318.01,60348.169004999996,2024-06-25 03:40:00+00:00,61555.1323851,61524.35481890745,0.00021270750610478858,12.836508527043849,0.1283650852704385,59744.687314949995,61555.1323851,TP,0.26314521728102797,0.01283650852704385,0.013086692078235934,0.006415046740150587,0.006546619348791931,0.012961666088942518,0.22426035058680568,1.7470510000000066,0 days 03:35:00
5m,DEVELOPMENT,199,CLOSED,BTCUSDT,LONG,2024-06-25 03:40:00+00:00,2024-06-25 03:45:00+00:00,61580.88,61611.670439999994,2024-06-25 05:40:00+00:00,60995.55373559999,60965.05595873219,0.00021198167081081312,13.060544841316384,0.13060544841316385,60995.55373559999,62843.90384879999,SL,-0.12407843949696504,0.013060544841316385,0.012923474423206769,0.006527008916199464,0.006464969696451607,0.012991978612651072,-0.16305443737413927,-1.248450500000005,0 days 01:55:00
5m,DEVELOPMENT,200,CLOSED,BTCUSDT,LONG,2024-06-25 05:40:00+00:00,2024-06-25 05:45:00+00:00,61010.0,61040.505,2024-06-25 19:00:00+00:00,62261.3151,62230.18444245,0.00021129663484088272,12.897653295488075,0.12897653295488076,60430.099949999996,62261.3151,TP,0.2643986697555826,0.012897653295488075,0.01314902855821714,0.006445603845820574,0.006577803180698587,0.01302340702651916,0.22532858087535823,1.7470510000000066,0 days 13:15:00
5m,DEVELOPMENT,201,CLOSED,BTCUSDT,LONG,2024-06-26 01:25:00+00:00,2024-06-26 01:30:00+00:00,62007.99,62038.993995,2024-06-26 08:15:00+00:00,61418.60405505,61387.894753022476,0.0002115243321634722,13.122756772886037,0.13122756772886038,61418.60405505,63279.7738749,SL,-0.12466946839208605,0.013122756772886037,0.0129850334405546,0.0065580993367744455,0.006495764602577659,0.013053863939352105,-0.1638311225448788,-1.248450499999994,0 days 06:45:00
5m,DEVELOPMENT,202,CLOSED,BTCUSDT,LONG,2024-06-27 01:20:00+00:00,2024-06-27 01:25:00+00:00,61065.34,61095.87266999999,2024-06-27 14:10:00+00:00,62317.79012339999,62286.631228338294,0.0002121107163456489,12.95908931779625,0.12959089317796252,60484.91394329999,62317.79012339999,TP,0.26565809286156844,0.012959089317796251,0.0132116619686001,0.006476306505643868,0.006609135552074674,0.013085442057718541,0.22640189951745354,1.7470510000000072,0 days 12:45:00
5m,DEVELOPMENT,203,CLOSED,BTCUSDT,LONG,2024-06-28 00:00:00+00:00,2024-06-28 00:05:00+00:00,61658.02,61688.84900999999,2024-06-28 14:15:00+00:00,61071.96051989999,61041.424539640044,0.00021373822422027247,13.185265041589911,0.1318526504158991,61071.96051989999,62922.625990199995,SL,-0.12526331256403103,0.013185265041589912,0.013046885684978426,0.006589337851867743,0.006526706195586729,0.013116044047454471,-0.16461150733805383,-1.2484504999999952,0 days 14:10:00
5m,DEVELOPMENT,204,CLOSED,BTCUSDT,LONG,2024-06-29 00:20:00+00:00,2024-06-29 00:25:00+00:00,60694.05,60724.397025,2024-06-30 18:45:00+00:00,61938.8849655,61907.915523017255,0.00021442482131113654,13.020817981312137,0.13020817981312136,60117.15305475,61938.8849655,TP,0.266923515039192,0.013020817981312136,0.013274593723767911,0.006507155412948625,0.006640617170468476,0.013147772583417101,0.22748033075069485,1.7470510000000106,1 days 18:20:00
5m,DEVELOPMENT,205,CLOSED,BTCUSDT,LONG,2024-07-01 00:00:00+00:00,2024-07-01 00:05:00+00:00,62722.08,62753.44104,2024-07-02 14:35:00+00:00,62125.906629599995,62094.8436762852,0.00021111306152184764,13.248071058985158,0.13248071058985159,62125.906629599995,64008.5098608,SL,-0.12585998542294397,0.013248071058985157,0.01310903255322111,0.006620725166908309,0.00655779517419657,0.01317852034110488,-0.1653956093762551,-1.248450499999997,1 days 14:30:00
5m,DEVELOPMENT,206,CLOSED,BTCUSDT,LONG,2024-07-03 00:00:00+00:00,2024-07-03 00:05:00+00:00,62160.71,62191.790355,2024-07-03 01:55:00+00:00,61569.87245145,61539.08751522428,0.00021036282450318764,13.082840679987902,0.130828406799879,61569.87245145,63435.6261621,SL,-0.12429025553551727,0.013082840679987901,0.01294553626705143,0.006538151264361399,0.0064760061365926255,0.013014157400954025,-0.16333278988351063,-1.248450499999987,0 days 01:50:00
5m,DEVELOPMENT,207,CLOSED,BTCUSDT,LONG,2024-07-04 00:00:00+00:00,2024-07-04 00:05:00+00:00,60239.7,60269.81984999999,2024-07-04 01:40:00+00:00,59667.12165149999,59637.28809067424,0.00021436385726519898,12.919671059724655,0.12919671059724655,59667.12165149999,61475.216247,SL,-0.12274010337099876,0.012919671059724655,0.012784079111952843,0.006456607226248238,0.0063952371745631805,0.012851844400811418,-0.1612956979434877,-1.2484504999999995,0 days 01:35:00
5m,DEVELOPMENT,208,CLOSED,BTCUSDT,LONG,2024-07-06 00:00:00+00:00,2024-07-06 00:05:00+00:00,56516.0,56544.257999999994,2024-07-06 16:25:00+00:00,57675.14315999999,57646.30558841999,0.00022563805676510158,12.758536496344547,0.12758536496344547,55978.81541999999,57675.14315999999,TP,0.2615468101349575,0.012758536496344548,0.013007200372658304,0.0063760802080669665,0.0065068536131355735,0.01288293382120254,0.22289813944475212,1.7470509999999981,0 days 16:20:00
5m,DEVELOPMENT,209,CLOSED,BTCUSDT,LONG,2024-07-07 00:00:00+00:00,2024-07-07 00:05:00+00:00,58180.03,58209.12001499999,2024-07-07 04:50:00+00:00,57627.02881484999,57598.21530044257,0.0002230099330994898,12.981211960325322,0.12981211960325323,57627.02881484999,59373.30241529999,SL,-0.12332475730424217,0.012981211960325322,0.012844974140801707,0.0064873622990118856,0.006425699920359597,0.012913062219371482,-0.1620640056247407,-1.2484504999999952,0 days 04:45:00
5m,DEVELOPMENT,210,CLOSED,BTCUSDT,LONG,2024-07-08 05:05:00+00:00,2024-07-08 05:10:00+00:00,55708.68,55736.53434,2024-07-08 08:30:00+00:00,56851.2650268,56822.8393942866,0.0002299983306928391,12.819309856804102,0.128193098568041,55179.1689966,56851.2650268,TP,0.26279264883863274,0.012819309856804103,0.013069158205913216,0.006406451702550327,0.006537848026969502,0.01294429972951983,0.22395988104639555,1.7470510000000072,0 days 03:20:00
5m,DEVELOPMENT,211,CLOSED,BTCUSDT,LONG,2024-07-09 00:00:00+00:00,2024-07-09 00:05:00+00:00,56656.0,56684.327999999994,2024-07-09 08:40:00+00:00,57818.014559999996,57789.10555272,0.00023009968472600747,13.043046001705596,0.13043046001705597,56117.48471999999,57818.014559999996,TP,0.26737918390302934,0.013043046001705597,0.013297254968278839,0.006518263868916974,0.006651953460868801,0.013170217329785775,0.2278686656032592,1.747051000000012,0 days 08:35:00
5m,DEVELOPMENT,212,CLOSED,BTCUSDT,LONG,2024-07-10 00:00:00+00:00,2024-07-10 00:05:00+00:00,57902.26,57931.211129999996,2024-07-10 01:05:00+00:00,57351.899018699994,57323.223069190644,0.0002290766370567381,13.270687026284277,0.13270687026284278,57351.899018699994,59089.8353526,SL,-0.12607484276345204,0.013270687026284277,0.013131411165943423,0.00663202749939107,0.006568990078010757,0.013201017577401827,-0.1656779585330816,-1.248450500000003,0 days 01:00:00
5m,DEVELOPMENT,213,CLOSED,BTCUSDT,LONG,2024-07-10 03:00:00+00:00,2024-07-10 03:05:00+00:00,57964.42,57993.40220999999,2024-07-10 04:25:00+00:00,59153.2702542,59123.6936190729,0.00022597699187818155,13.105174580197284,0.13105174580197285,57413.46818789999,59153.2702542,TP,0.2686528042377272,0.013105174580197285,0.013360594432765332,0.006549312633780547,0.006683639035899271,0.013232951669679818,0.2289540835550848,1.7470510000000177,0 days 01:20:00
5m,DEVELOPMENT,214,CLOSED,BTCUSDT,LONG,2024-07-10 04:25:00+00:00,2024-07-10 04:30:00+00:00,59260.01,59289.640005,2024-07-10 08:10:00+00:00,58696.74360495,58667.39523314753,0.00022489426377474551,13.333899938394174,0.13333899938394175,58696.74360495,60475.432805100005,SL,-0.12667538122382452,0.013333899938394175,0.013193960658540728,0.0066636181601168205,0.006600280469504595,0.013263898629621415,-0.16646714045038083,-1.248450499999993,0 days 03:40:00
5m,DEVELOPMENT,215,CLOSED,BTCUSDT,LONG,2024-07-11 00:00:00+00:00,2024-07-11 00:05:00+00:00,57619.24,57648.04962,2024-07-11 03:20:00+00:00,57071.5691238,57043.0333392381,0.00022841360957709026,13.167599098783406,0.13167599098783406,57071.5691238,58801.0106124,SL,-0.1250954816930893,0.013167599098783405,0.013029405146241676,0.00658050929474433,0.006517961553897803,0.013098470848642133,-0.1643909567867565,-1.2484504999999968,0 days 03:15:00
5m,DEVELOPMENT,216,CLOSED,BTCUSDT,LONG,2024-07-11 03:20:00+00:00,2024-07-11 03:25:00+00:00,57351.39,57380.065695,2024-07-11 11:00:00+00:00,58527.667008899996,58498.40317539555,0.00022661829001460694,13.003372368726708,0.1300337236872671,56806.26503805,58527.667008899996,TP,0.2665658843404139,0.013003372368726708,0.013256808096193192,0.006498436965879981,0.006631719908049866,0.013130156873929846,0.22717554700156412,1.7470510000000035,0 days 07:35:00
5m,DEVELOPMENT,217,CLOSED,BTCUSDT,LONG,2024-07-12 06:20:00+00:00,2024-07-12 06:25:00+00:00,57320.0,57348.659999999996,2024-07-12 10:20:00+00:00,56775.17339999999,56746.7858133,0.00023069974027518464,13.23032096712987,0.13230320967129872,56775.17339999999,58495.6332,SL,-0.12569135511501367,0.013230320967129871,0.013091468748579842,0.006611854556285919,0.006549008878728168,0.013160863435014086,-0.16517400826573744,-1.248450499999998,0 days 03:55:00
5m,DEVELOPMENT,218,CLOSED,BTCUSDT,LONG,2024-07-13 00:00:00+00:00,2024-07-13 00:05:00+00:00,57858.97,57887.899484999994,2024-07-13 22:50:00+00:00,59045.6574747,59016.13464596265,0.00022570022550652237,13.0653119678634,0.130653119678634,57309.02049015,59045.6574747,TP,0.26783563064555477,0.0130653119678634,0.01331995489811706,0.0065293912882860424,0.00666330910360956,0.013192700391895603,0.22825766338767875,1.747051000000012,0 days 22:45:00
5m,DEVELOPMENT,219,CLOSED,BTCUSDT,LONG,2024-07-14 00:00:00+00:00,2024-07-14 00:05:00+00:00,59325.63,59355.29281499999,2024-07-14 21:20:00+00:00,60542.3986713,60512.12747196435,0.00022396219395379505,13.293341601617326,0.13293341601617326,58761.739886849995,60542.3986713,TP,0.27251018115859216,0.013293341601617327,0.013552428829432849,0.006643349126244655,0.006779604216824776,0.013422953343069432,0.23224145738447255,1.747051000000008,0 days 21:15:00
5m,DEVELOPMENT,220,CLOSED,BTCUSDT,LONG,2024-07-15 00:00:00+00:00,2024-07-15 00:05:00+00:00,60856.01,60886.438004999996,2024-07-15 02:25:00+00:00,62104.166765099995,62073.11468171745,0.0002221406193681943,13.525351049553864,0.13525351049553863,60277.57362495,62104.166765099995,TP,0.2772663168679143,0.013525351049553864,0.01378896014150967,0.006759295876837247,0.006897929035270929,0.013657224912108176,0.23629478076474256,1.7470510000000097,0 days 02:20:00
5m,DEVELOPMENT,221,CLOSED,BTCUSDT,LONG,2024-07-15 02:25:00+00:00,2024-07-15 02:30:00+00:00,62206.94,62238.04347,2024-07-15 16:40:00+00:00,63482.8043394,63451.0629372303,0.00022110929271466966,13.761409771596563,0.13761409771596564,61615.66303529999,63482.8043394,TP,0.28210546168460227,0.013761409771596563,0.014029619648044982,0.006877266252670743,0.007018318983513543,0.013895585236184286,0.2404188470287764,1.7470510000000066,0 days 14:10:00
5m,DEVELOPMENT,222,CLOSED,BTCUSDT,LONG,2024-07-16 00:00:00+00:00,2024-07-16 00:05:00+00:00,64870.01,64902.445005,2024-07-16 05:20:00+00:00,64253.420554950004,64221.29384467253,0.00021573283470103962,14.001588439956981,0.1400158843995698,64253.420554950004,66200.4939051,SL,-0.13301858882737702,0.014001588439956981,0.013854641769279634,0.006997295572192257,0.0069307862777782175,0.013928081849970474,-0.1748029008865841,-1.2484504999999928,0 days 05:15:00
5m,DEVELOPMENT,223,CLOSED,BTCUSDT,LONG,2024-07-17 00:00:00+00:00,2024-07-17 00:05:00+00:00,65093.44,65125.98672,2024-07-17 16:10:00+00:00,64474.7268528,64442.489489373605,0.00021231095087726007,13.826960167343012,0.13826960167343014,64474.7268528,66428.5064544,SL,-0.13135957660229497,0.013826960167343012,0.01368184622038675,0.006910025071135611,0.006844345282833332,0.013754370353968943,-0.17262275334399368,-1.2484504999999928,0 days 16:05:00
5m,DEVELOPMENT,224,CLOSED,BTCUSDT,LONG,2024-07-18 01:05:00+00:00,2024-07-18 01:10:00+00:00,64510.0,64542.255,2024-07-18 14:45:00+00:00,63896.832449999994,63864.884033775,0.0002115592314570054,13.654509864302062,0.1365450986430206,63896.832449999994,65833.1001,SL,-0.1297212556323761,0.013654509864302063,0.013511205783276215,0.0068238430106451545,0.00675898238282819,0.013582825393473344,-0.17046979667342774,-1.248450499999995,0 days 13:35:00
5m,DEVELOPMENT,225,CLOSED,BTCUSDT,LONG,2024-07-19 00:00:00+00:00,2024-07-19 00:05:00+00:00,63915.23,63947.187615,2024-07-19 01:15:00+00:00,63307.715738850005,63276.06188098058,0.00021086479124474963,13.484210367125815,0.13484210367125815,63307.715738850005,65226.131367300004,SL,-0.12810336785560258,0.013484210367125816,0.01334269357932283,0.006738735815654943,0.0066746841317269654,0.013413419947381908,-0.16834369174943314,-1.248450499999993,0 days 01:10:00
5m,DEVELOPMENT,226,CLOSED,BTCUSDT,LONG,2024-07-19 02:30:00+00:00,2024-07-19 02:35:00+00:00,63829.05,63860.964524999996,2024-07-19 13:55:00+00:00,65138.18381549999,65105.61472359225,0.00020851603087954795,13.316034850892615,0.13316034850892616,63222.35487975,65138.18381549999,TP,0.2729753870982564,0.013316034850892616,0.013575564370136513,0.006654690080404617,0.006791177773954409,0.013445867854359026,0.23263792002286826,1.7470510000000024,0 days 11:20:00
5m,DEVELOPMENT,227,CLOSED,BTCUSDT,LONG,2024-07-20 03:45:00+00:00,2024-07-20 03:50:00+00:00,66665.99,66699.322995,2024-07-21 18:10:00+00:00,66032.32976504999,65999.31360016747,0.00020312710469964763,13.548440365400978,0.1354844036540098,66032.32976504999,68033.3094549,SL,-0.12871356888869545,0.013548440365400979,0.013406249483766097,0.006770834765315749,0.006706477980871661,0.01347731274618741,-0.16914557148404993,-1.2484504999999968,1 days 14:20:00
5m,DEVELOPMENT,228,CLOSED,BTCUSDT,LONG,2024-07-22 00:00:00+00:00,2024-07-22 00:05:00+00:00,68177.19,68211.278595,2024-07-22 05:45:00+00:00,67529.16580905,67495.40122614548,0.00019614738275104782,13.37946377051182,0.1337946377051182,67529.16580905,69575.50416689999,SL,-0.12710824901420847,0.013379463770511819,0.0132390462982403,0.006686388690909239,0.00662283456640264,0.013309223257311879,-0.16703598234027248,-1.248450499999991,0 days 05:40:00
5m,DEVELOPMENT,229,CLOSED,BTCUSDT,LONG,2024-07-23 03:05:00+00:00,2024-07-23 03:10:00+00:00,67665.27,67699.102635,2024-07-23 04:40:00+00:00,67022.11160865,66988.60055284567,0.00019516646665939633,13.212594657284779,0.1321259465728478,67022.11160865,69053.0846877,SL,-0.12552295074212214,0.01321259465728478,0.013073928476356574,0.0066029958307268,0.0065402343553556536,0.013143230186082454,-0.16495270406184595,-1.2484505000000063,0 days 01:30:00
5m,DEVELOPMENT,230,CLOSED,BTCUSDT,LONG,2024-07-24 00:00:00+00:00,2024-07-24 00:05:00+00:00,65990.0,66022.995,2024-07-24 21:30:00+00:00,65362.765049999995,65330.083667474995,0.0001976251871206249,13.04780674113908,0.1304780674113908,65362.765049999995,67343.4549,SL,-0.12395742436234689,0.013047806741139081,0.012910870009390826,0.006520643049044098,0.006458664336863689,0.012979307385907787,-0.1628954084987846,-1.2484505000000001,0 days 21:25:00
5m,DEVELOPMENT,231,CLOSED,BTCUSDT,LONG,2024-07-26 00:00:00+00:00,2024-07-26 00:05:00+00:00,65828.01,65860.924005,2024-07-26 02:55:00+00:00,67178.14248509999,67144.55341385744,0.00019564065126596034,12.88507406531612,0.1288507406531612,65202.314764949995,67178.14248509999,TP,0.2641407986802926,0.01288507406531612,0.01313620415884913,0.006439317373970826,0.006571387773310478,0.013010705147281303,0.22510881530884605,1.7470510000000008,0 days 02:50:00
5m,DEVELOPMENT,232,CLOSED,BTCUSDT,LONG,2024-07-26 02:55:00+00:00,2024-07-26 03:00:00+00:00,67014.0,67047.507,2024-07-27 12:00:00+00:00,68388.45714,68354.26291143,0.00019553237075158647,13.109957996693588,0.1310995799669359,66377.03193,68388.45714,TP,0.2687508630806449,0.013109957996693587,0.013365471078049149,0.006551703146772976,0.006686078578312076,0.013237781725085052,0.22903765228081716,1.7470510000000141,1 days 09:00:00
5m,DEVELOPMENT,233,CLOSED,BTCUSDT,LONG,2024-07-29 00:00:00+00:00,2024-07-29 00:05:00+00:00,68190.01,68224.10500499999,2024-07-29 02:30:00+00:00,69588.58710509998,69553.79281154744,0.00019551398789553049,13.338766840130969,0.1333876684013097,67541.86395495,69588.58710509998,TP,0.27344138719748556,0.013338766840130968,0.013598739405845122,0.006666050394867187,0.006802771088466754,0.013468821483333941,0.23303505946817551,1.7470509999999926,0 days 02:25:00
5m,DEVELOPMENT,234,CLOSED,BTCUSDT,LONG,2024-07-29 02:30:00+00:00,2024-07-29 02:35:00+00:00,69585.16,69619.95258,2024-07-29 14:00:00+00:00,68923.7530542,68889.2911776729,0.00019493792504019452,13.571569097341936,0.13571569097341937,68923.7530542,71012.3516316,SL,-0.12893329762142464,0.013571569097341935,0.013429135479665334,0.0067823933519937825,0.006717926703184393,0.013500320055178174,-0.1694343222536101,-1.2484504999999941,0 days 11:25:00
5m,DEVELOPMENT,235,CLOSED,BTCUSDT,LONG,2024-07-30 04:40:00+00:00,2024-07-30 04:45:00+00:00,66716.0,66749.358,2024-07-30 14:00:00+00:00,66081.86442,66048.82348779,0.00020078551227632074,13.402304040145527,0.13402304040145527,66081.86442,68084.34516,SL,-0.12732523728294215,0.013402304040145528,0.0132616468592442,0.006697803118512082,0.00663414049987248,0.013331943618384561,-0.16732113180071645,-1.2484504999999957,0 days 09:15:00
5m,DEVELOPMENT,236,CLOSED,BTCUSDT,LONG,2024-07-31 00:00:00+00:00,2024-07-31 00:05:00+00:00,66095.89,66128.937945,2024-07-31 19:50:00+00:00,65467.64856555,65434.91474126723,0.00020014157906679861,13.235150062322637,0.13235150062322637,65467.64856555,67451.5167039,SL,-0.12573723272601353,0.013235150062322638,0.013096247162418563,0.006614267897212399,0.0065513992808483405,0.013165667178060739,-0.16523429712881546,-1.2484504999999864,0 days 19:45:00
5m,DEVELOPMENT,237,CLOSED,BTCUSDT,LONG,2024-08-01 06:20:00+00:00,2024-08-01 06:25:00+00:00,64249.64,64281.76482,2024-08-01 15:00:00+00:00,63638.9471718,63607.1276982141,0.00020332486002865973,13.070080834421722,0.1307008083442172,63638.9471718,65567.4001164,SL,-0.12416903381427151,0.013070080834421722,0.012932910336064467,0.006531774529945334,0.006469690013038689,0.013001464542984023,-0.16317348952774172,-1.2484504999999966,0 days 08:35:00
5m,DEVELOPMENT,238,CLOSED,BTCUSDT,LONG,2024-08-02 00:00:00+00:00,2024-08-02 00:05:00+00:00,65470.0,65502.73499999999,2024-08-02 01:00:00+00:00,64847.70764999999,64815.28379617499,0.00019704628143195902,12.907070355373031,0.12907070355373032,64847.70764999999,66812.7897,SL,-0.12262039353105723,0.012907070355373031,0.01277161065199339,0.006450310022673859,0.006388999825909502,0.01283930984858336,-0.16113838438700703,-1.248450500000005,0 days 00:55:00
5m,DEVELOPMENT,239,CLOSED,BTCUSDT,LONG,2024-08-02 01:00:00+00:00,2024-08-02 01:05:00+00:00,64813.74,64846.14687,2024-08-02 02:20:00+00:00,64197.6854013,64165.58655859935,0.00019655898713528307,12.746092948393006,0.12746092948393006,64197.6854013,66143.0698074,SL,-0.12109106794050538,0.012746092948393005,0.012612322702899623,0.006369861543424573,0.006309316009453563,0.012679177552878135,-0.15912866114467616,-1.2484504999999917,0 days 01:15:00
5m,DEVELOPMENT,240,CLOSED,BTCUSDT,LONG,2024-08-03 03:40:00+00:00,2024-08-03 03:45:00+00:00,61850.0,61880.924999999996,2024-08-03 15:45:00+00:00,61262.11575,61231.484692125,0.00020340877672626556,12.587123256939783,0.12587123256939783,61262.11575,63118.5435,SL,-0.11958081614913865,0.012587123256939784,0.012455021398358202,0.006290416420258875,0.006230626012184802,0.012521042432443678,-0.1571440032368803,-1.2484504999999944,0 days 12:00:00
5m,DEVELOPMENT,241,CLOSED,BTCUSDT,LONG,2024-08-04 00:00:00+00:00,2024-08-04 00:05:00+00:00,60721.49,60751.850744999996,2024-08-04 08:10:00+00:00,60144.33223754999,60114.26007143122,0.00020460506286291454,12.430136240719126,0.12430136240719127,60144.33223754999,61966.8877599,SL,-0.11808940026790257,0.012430136240719127,0.012299681960872779,0.006211962139289536,0.006152917439155116,0.012364879578444652,-0.15518409804793912,-1.2484505,0 days 08:05:00
5m,DEVELOPMENT,242,CLOSED,BTCUSDT,LONG,2024-08-06 00:00:00+00:00,2024-08-06 00:05:00+00:00,54186.0,54213.09299999999,2024-08-06 00:15:00+00:00,55297.35485999999,55269.70618256999,0.00022642329541574336,12.275107171740167,0.12275107171740167,53670.962069999994,55297.35485999999,TP,0.25163662977750034,0.012275107171740168,0.012514349010517383,0.006134486342697259,0.0062603046575873105,0.01239479100028457,0.21445238259495825,1.7470509999999995,0 days 00:10:00
5m,DEVELOPMENT,243,CLOSED,BTCUSDT,LONG,2024-08-06 00:15:00+00:00,2024-08-06 00:20:00+00:00,55414.37,55442.077185,2024-08-06 08:35:00+00:00,54887.65641315,54860.21258494342,0.00022526835122926639,12.489345316190677,0.12489345316190678,54887.65641315,56550.9187287,SL,-0.11865190127975352,0.012489345316190678,0.012358269637097255,0.006241551882154103,0.006182225931514348,0.01242377781366845,-0.1559232940467099,-1.2484505000000063,0 days 08:15:00
5m,DEVELOPMENT,244,CLOSED,BTCUSDT,LONG,2024-08-07 01:45:00+00:00,2024-08-07 01:50:00+00:00,56768.01,56796.394005,2024-08-07 14:25:00+00:00,56228.43006495,56200.315849917526,0.0002171542402601249,12.333577789670487,0.12333577789670487,56228.43006495,57932.321885100006,SL,-0.1171720708553907,0.012333577789670487,0.012204136890767896,0.006163707041314562,0.006105121005886679,0.012268828047201242,-0.15397861358303033,-1.2484505000000015,0 days 12:35:00
5m,DEVELOPMENT,245,CLOSED,BTCUSDT,LONG,2024-08-08 01:10:00+00:00,2024-08-08 01:15:00+00:00,55890.15,55918.095075,2024-08-08 01:40:00+00:00,57036.4569765,57007.93874801175,0.00021781416166877986,12.179753000876252,0.12179753000876252,55358.91412425,57036.4569765,TP,0.24968189310142044,0.012179753000876252,0.012417136386863332,0.006086833083895306,0.006211674030446165,0.01229850711434147,0.21278649659933938,1.7470510000000066,0 days 00:25:00
5m,DEVELOPMENT,246,CLOSED,BTCUSDT,LONG,2024-08-08 01:40:00+00:00,2024-08-08 01:45:00+00:00,57346.54,57375.21327,2024-08-08 01:45:00+00:00,56801.4611373,56773.060406731354,0.00021598746596786141,12.392326923552915,0.12392326923552915,56801.4611373,58522.7175354,SL,-0.1177302023072169,0.012392326923552915,0.012262269452490229,0.006193066928312155,0.006134201827157915,0.01232726875547007,-0.15471206743873012,-1.248450499999993,0 days 00:00:00
5m,DEVELOPMENT,247,CLOSED,BTCUSDT,LONG,2024-08-08 01:45:00+00:00,2024-08-08 01:50:00+00:00,56704.0,56732.352,2024-08-08 12:30:00+00:00,57866.99904,57838.065540480005,0.0002157105951402141,12.237769413624116,0.12237769413624117,56165.02848,57866.99904,TP,0.2508712150658982,0.012237769413624117,0.012476283539495652,0.006115826793415124,0.006241262400947649,0.012357089194362774,0.21380007291841566,1.7470510000000115,0 days 10:40:00
5m,DEVELOPMENT,248,CLOSED,BTCUSDT,LONG,2024-08-09 00:00:00+00:00,2024-08-09 00:05:00+00:00,61607.99,61638.79399499999,2024-08-09 01:00:00+00:00,61022.40605504999,60991.89485202247,0.00020200518363591165,12.451355900056102,0.12451355900056102,61022.40605504999,62871.56987489999,SL,-0.11829099233386742,0.012451355900056102,0.012320678919885013,0.006222566666693645,0.006163421170526663,0.012385987837220308,-0.15544901499102884,-1.2484504999999915,0 days 00:55:00
5m,DEVELOPMENT,249,CLOSED,BTCUSDT,LONG,2024-08-09 01:00:00+00:00,2024-08-09 01:05:00+00:00,60819.99,60850.39999499999,2024-08-09 10:20:00+00:00,60241.89599504999,60211.77504705247,0.00020207035910687027,12.296062178786345,0.12296062178786345,60241.89599504999,62067.40799489999,SL,-0.11681566317777653,0.012296062178786345,0.012167015006219983,0.006144958610087022,0.006086550778498697,0.01223150938858572,-0.15351024975136857,-1.2484504999999964,0 days 09:15:00
5m,DEVELOPMENT,250,CLOSED,BTCUSDT,LONG,2024-08-10 00:00:00+00:00,2024-08-10 00:05:00+00:00,60712.0,60742.356,2024-08-11 15:00:00+00:00,60134.93244,60104.86497378,0.00019990507589017184,12.142705285927834,0.12142705285927834,60134.93244,61957.20312,SL,-0.11535873437555692,0.012142705285927834,0.012015267593952023,0.00606831848372201,0.006010639116533534,0.012078957600255544,-0.1515956648556923,-1.2484504999999988,1 days 14:55:00
5m,DEVELOPMENT,251,CLOSED,BTCUSDT,LONG,2024-08-13 00:00:00+00:00,2024-08-13 00:05:00+00:00,59442.0,59471.721,2024-08-13 03:45:00+00:00,58877.003789999995,58847.565288105,0.0002016296294047515,11.991261065292777,0.11991261065292777,58877.003789999995,60661.155419999996,SL,-0.11391997643739013,0.011991261065292778,0.01186541278041253,0.005992634215538162,0.005935674227319501,0.011928308442857662,-0.1497049587259531,-1.2484505000000008,0 days 03:40:00
5m,DEVELOPMENT,252,CLOSED,BTCUSDT,LONG,2024-08-13 07:05:00+00:00,2024-08-13 07:10:00+00:00,59338.42,59368.08921,2024-08-13 09:20:00+00:00,58774.4083179,58745.02111374105,0.00019946246914033278,11.841705661970147,0.11841705661970148,58774.4083179,60555.4509942,SL,-0.11249916273565791,0.011841705661970148,0.011717426961047772,0.005917893884043057,0.005861644302675087,0.011779538186718144,-0.14783783354539398,-1.2484504999999946,0 days 02:10:00
5m,DEVELOPMENT,253,CLOSED,BTCUSDT,LONG,2024-08-14 00:55:00+00:00,2024-08-14 01:00:00+00:00,60786.85,60817.24342499999,2024-08-14 13:40:00+00:00,60209.07099074999,60178.96645525462,0.00019228124886964425,11.69401551856816,0.1169401551856816,60209.07099074999,62033.5882935,SL,-0.11109606946925712,0.01169401551856816,0.011571286825700787,0.0058440857164248575,0.0057885376816912155,0.011632623398116073,-0.14599399521164216,-1.2484505000000032,0 days 12:40:00
5m,DEVELOPMENT,254,CLOSED,BTCUSDT,LONG,2024-08-16 00:00:00+00:00,2024-08-16 00:05:00+00:00,57496.31,57525.05815499999,2024-08-16 09:55:00+00:00,58675.55931809999,58646.22153844094,0.00020075020768144734,11.548167371503585,0.11548167371503584,56949.807573449994,58675.55931809999,TP,0.23673454551677925,0.011548167371503585,0.01177324115357419,0.005771198086707206,0.005889565359466886,0.011660763446174092,0.20175237354552739,1.7470510000000026,0 days 09:50:00
5m,DEVELOPMENT,255,CLOSED,BTCUSDT,LONG,2024-08-17 01:10:00+00:00,2024-08-17 01:15:00+00:00,59201.22,59230.820609999995,2024-08-18 23:45:00+00:00,58638.51240389999,58609.193147698046,0.00019837169354095825,11.749718194226393,0.11749718194226393,58638.51240389999,60415.4370222,SL,-0.11162525880672015,0.011749718194226393,0.011626404901777987,0.005871923135544244,0.00581611050614141,0.011688033641685653,-0.1466894155444102,-1.2484504999999986,1 days 22:30:00
5m,DEVELOPMENT,256,CLOSED,BTCUSDT,LONG,2024-08-20 00:00:00+00:00,2024-08-20 00:05:00+00:00,59448.0,59477.723999999995,2024-08-20 01:00:00+00:00,60667.27847999999,60636.94484076,0.00019508438691357214,11.603175321554655,0.11603175321554655,58882.94675999999,60667.27847999999,TP,0.23786219474771086,0.011603175321554655,0.011829321208571756,0.005798688316617985,0.005917619413991748,0.011716307730609733,0.20271339048697473,1.747051000000008,0 days 00:55:00
5m,DEVELOPMENT,257,CLOSED,BTCUSDT,LONG,2024-08-20 01:00:00+00:00,2024-08-20 01:05:00+00:00,60859.99,60890.419995,2024-08-20 14:10:00+00:00,60281.51579504999,60251.37503715247,0.00019388413156177023,11.805686201162024,0.11805686201162024,60281.51579504999,62108.2283949,SL,-0.1121569688576173,0.011805686201162024,0.011681785524480829,0.005899893154003738,0.005843814669574137,0.011743707823577875,-0.14738814840683803,-1.2484504999999977,0 days 13:05:00
5m,DEVELOPMENT,258,CLOSED,BTCUSDT,LONG,2024-08-21 02:20:00+00:00,2024-08-21 02:25:00+00:00,59342.1,59371.771049999996,2024-08-21 18:30:00+00:00,60559.206471,60528.9268677645,0.00019636344153932205,11.658445293662687,0.11658445293662688,58778.053339499995,60559.206471,TP,0.2389952153653389,0.011658445293662688,0.011885668392436176,0.0058263094920847506,0.005945807099767249,0.011772116591852,0.20367898508738802,1.7470510000000095,0 days 16:05:00
5m,DEVELOPMENT,259,CLOSED,BTCUSDT,LONG,2024-08-22 00:00:00+00:00,2024-08-22 00:05:00+00:00,61167.48,61198.06374,2024-08-22 02:40:00+00:00,60586.083102599994,60555.7900610487,0.00019382836773457207,11.861920803240501,0.11861920803240501,60586.083102599994,62422.0250148,SL,-0.11269121162898822,0.011861920803240502,0.011737429944410491,0.00592799640341749,0.005871650797603366,0.011799647201020856,-0.14809020957766006,-1.2484505000000001,0 days 02:35:00
5m,DEVELOPMENT,260,CLOSED,BTCUSDT,LONG,2024-08-22 06:00:00+00:00,2024-08-22 06:05:00+00:00,60871.82,60902.25591,2024-08-22 15:35:00+00:00,60293.2333509,60263.086734224555,0.00019234063436403422,11.713978535930153,0.11713978535930153,60293.2333509,62120.3010282,SL,-0.11128572312245447,0.011713978535930153,0.011591040331195566,0.005854062236846681,0.005798419375284877,0.011652481612131558,-0.14624322360171174,-1.2484504999999921,0 days 09:30:00
5m,DEVELOPMENT,261,CLOSED,BTCUSDT,LONG,2024-08-23 00:20:00+00:00,2024-08-23 00:25:00+00:00,60618.1,60648.409049999995,2024-08-23 14:10:00+00:00,61861.377231,61830.4465423845,0.00019073676606946242,11.567881409454916,0.11567881409454916,60041.92495949999,61861.377231,TP,0.237138678368736,0.011567881409454916,0.011793339418125194,0.005781050179636916,0.0058996195188211415,0.011680669698458056,0.20209678784269783,1.747051000000014,0 days 13:45:00
5m,DEVELOPMENT,262,CLOSED,BTCUSDT,LONG,2024-08-24 00:00:00+00:00,2024-08-24 00:05:00+00:00,64100.01,64132.060005,2024-08-26 06:50:00+00:00,63490.73940495,63458.99403524753,0.00018352406427435896,11.769776302404665,0.11769776302404665,63490.73940495,65414.7012051,SL,-0.11181581584643352,0.011769776302404665,0.01164625250011093,0.005881947177613036,0.005826039269689108,0.011707986447302143,-0.14693983109625125,-1.248450499999989,2 days 06:45:00
5m,DEVELOPMENT,263,CLOSED,BTCUSDT,LONG,2024-08-27 02:30:00+00:00,2024-08-27 02:35:00+00:00,63097.99,63129.538994999995,2024-08-27 10:05:00+00:00,62498.24360505,62466.99448324747,0.0001841132289159761,11.622983264346473,0.11622983264346473,62498.24360505,64392.12977489999,SL,-0.11042124530496104,0.011622983264346473,0.011501000054987158,0.005808587338503502,0.005753376715851378,0.01156196405435488,-0.14510719267864955,-1.2484504999999972,0 days 07:30:00
5m,DEVELOPMENT,264,CLOSED,BTCUSDT,LONG,2024-08-28 04:30:00+00:00,2024-08-28 04:35:00+00:00,59595.59,59625.387794999995,2024-08-28 07:15:00+00:00,59029.13391704999,58999.619350091474,0.00019250224540863758,11.478021033898273,0.11478021033898272,59029.13391704999,60817.89555089999,SL,-0.10904406789325727,0.011478021033898273,0.011357559203147512,0.005736142445726002,0.005681620411778321,0.011417762857504322,-0.14329741098780738,-1.2484504999999932,0 days 02:40:00
5m,DEVELOPMENT,265,CLOSED,BTCUSDT,LONG,2024-08-29 01:05:00+00:00,2024-08-29 01:10:00+00:00,59307.0,59336.6535,2024-08-29 13:35:00+00:00,60523.38657,60493.124876715,0.00019102639108501792,11.334866777167198,0.11334866777167198,58743.286965,60523.38657,TP,0.232361936631384,0.011334866777167198,0.011555783330654186,0.005664601088039646,0.005780782056355202,0.011445383144394847,0.19802590337916776,1.7470510000000041,0 days 12:25:00
5m,DEVELOPMENT,266,CLOSED,BTCUSDT,LONG,2024-08-30 06:55:00+00:00,2024-08-30 07:00:00+00:00,59361.01,59390.690505,2024-08-30 14:45:00+00:00,58796.783599949995,58767.38520815002,0.00019418354550870468,11.532694852471062,0.11532694852471062,58796.783599949995,60578.5043151,SL,-0.10956348283132318,0.011532694852471062,0.011411659219994378,0.005763465693388182,0.005708683951972624,0.011472149645360806,-0.14397998654914942,-1.2484505000000017,0 days 07:45:00
5m,DEVELOPMENT,267,OPEN,BTCUSDT,LONG,2024-08-31 00:00:00+00:00,2024-08-31 00:05:00+00:00,59115.24,59144.79762,,,,0.0001925589258964872,11.388858702072312,0.11388858702072313,58553.3496438,60327.6935724,END_OF_DATA,,0.011388858702072312,,0.0056915835592564485,,,,,
5m,VALIDATION,1,CLOSED,BTCUSDT,LONG,2024-09-01 00:05:00+00:00,2024-09-01 00:10:00+00:00,59035.75,59065.267875,2024-09-01 02:20:00+00:00,58474.61519625,58445.37788865188,0.00033827020004893163,19.980019980019986,0.19980019980019986,58474.61519625,60246.5732325,SL,-0.18981518231893024,0.019980019980019987,0.019770329670329677,0.00998501748126859,0.009890109890109267,0.01987512737137786,-0.2494406593406578,-1.248450499999992,0 days 02:10:00
5m,VALIDATION,2,CLOSED,BTCUSDT,LONG,2024-09-02 03:35:00+00:00,2024-09-02 03:40:00+00:00,57710.0,57738.854999999996,2024-09-02 20:50:00+00:00,58893.632099999995,58864.18528395,0.0003417253167238457,19.7308285121472,0.197308285121472,57161.46644999999,58893.632099999995,TP,0.40447705425700897,0.0197308285121472,0.02011538235984895,0.009860484014065175,0.010062722541193848,0.019923206555259025,0.3447076368297538,1.7470510000000052,0 days 17:10:00
5m,VALIDATION,3,CLOSED,BTCUSDT,LONG,2024-09-03 00:00:00+00:00,2024-09-03 00:05:00+00:00,59105.92,59135.47295999999,2024-09-03 13:35:00+00:00,58544.11823039999,58514.84617128479,0.00033947799486244956,20.075191785703403,0.20075191785703403,58544.11823039999,60318.18241919999,SL,-0.19071933825398718,0.020075191785703404,0.019864502647912445,0.01003257960304801,0.009937219933921687,0.019969799536969698,-0.2506288322245727,-1.2484504999999984,0 days 13:30:00
5m,VALIDATION,4,CLOSED,BTCUSDT,LONG,2024-09-05 00:00:00+00:00,2024-09-05 00:05:00+00:00,58016.99,58045.99849499999,2024-09-05 03:05:00+00:00,57465.53851004999,57436.80574079497,0.0003415362616880522,19.824813331932603,0.19824813331932603,57465.53851004999,59206.918464899994,SL,-0.18834068037983168,0.019824813331932603,0.01961675191601397,0.009907452939494705,0.009813282599306408,0.01972073553880111,-0.24750298116657937,-1.2484505000000006,0 days 03:00:00
5m,VALIDATION,5,CLOSED,BTCUSDT,LONG,2024-09-06 00:15:00+00:00,2024-09-06 00:20:00+00:00,56333.81,56361.976904999996,2024-09-06 07:20:00+00:00,55798.35713595,55770.45795738202,0.00034735399078513694,19.57755760649147,0.19577557606491472,55798.35713595,57489.2164431,SL,-0.18599168920509865,0.01957755760649147,0.01937209113941134,0.00978388685981521,0.00969089101521344,0.019474777875028652,-0.24441611582603012,-1.2484504999999966,0 days 07:00:00
5m,VALIDATION,6,CLOSED,BTCUSDT,LONG,2024-09-07 00:00:00+00:00,2024-09-07 00:05:00+00:00,53976.02,54003.00800999999,2024-09-08 22:20:00+00:00,55083.06817019999,55055.5266361149,0.0003580057181079481,19.33338566260932,0.1933338566260932,53462.97792989999,55083.06817019999,TP,0.3963295751525396,0.01933338566260932,0.01971019334917358,0.009661861900352217,0.009860026687929294,0.01952188858828151,0.33776410755247516,1.7470510000000123,1 days 22:15:00
5m,VALIDATION,7,CLOSED,BTCUSDT,LONG,2024-09-09 00:00:00+00:00,2024-09-09 00:05:00+00:00,54776.36,54803.748179999995,2024-09-09 16:10:00+00:00,55899.8231436,55871.8732320282,0.0003589318796019789,19.67081234348093,0.19670812343480928,54255.7106982,55899.8231436,TP,0.4032467377958953,0.01967081234348093,0.020054196476055376,0.00983049092627534,0.010032114295174924,0.019862605221450266,0.3436591237549087,1.7470510000000086,0 days 16:05:00
5m,VALIDATION,8,CLOSED,BTCUSDT,LONG,2024-09-10 00:00:00+00:00,2024-09-10 00:05:00+00:00,56982.31,57010.801154999994,2024-09-10 04:35:00+00:00,56440.69314344999,56412.47279687827,0.0003510585318212565,20.01412815142789,0.2001412815142789,56440.69314344999,58151.017178099995,SL,-0.19013921847008874,0.02001412815142789,0.019804079876478656,0.010002063044190471,0.009906993434956738,0.01990905647914721,-0.24986648297714248,-1.2484505000000012,0 days 04:30:00
5m,VALIDATION,9,CLOSED,BTCUSDT,LONG,2024-09-10 05:45:00+00:00,2024-09-10 05:50:00+00:00,56892.0,56920.445999999996,2024-09-11 04:15:00+00:00,56351.241539999995,56323.06591923,0.0003472304360601261,19.76451128531686,0.1976451128531686,56351.241539999995,58058.85492,SL,-0.18776779586900386,0.019764511285316862,0.019557082739377462,0.009877316984165054,0.00978343308622996,0.019660750070395014,-0.24675013996409317,-1.248450499999992,0 days 22:25:00
5m,VALIDATION,10,CLOSED,BTCUSDT,LONG,2024-09-12 00:10:00+00:00,2024-09-12 00:15:00+00:00,57461.08,57489.81054,2024-09-13 15:20:00+00:00,58639.6067508,58610.2869474246,0.00033950377407156255,19.518007648989094,0.19518007648989094,56914.912434599995,58639.6067508,TP,0.4001142797408946,0.019518007648989096,0.019898413618067896,0.009754126761112916,0.00995418390098249,0.019708310662095406,0.3409895478117422,1.7470510000000088,1 days 15:05:00
5m,VALIDATION,11,CLOSED,BTCUSDT,LONG,2024-09-14 00:00:00+00:00,2024-09-14 00:05:00+00:00,60548.01,60578.284005,2024-09-14 05:55:00+00:00,59972.50116495,59942.51491436753,0.00032781807662730813,19.858656547901926,0.19858656547901926,59972.50116495,61789.8496851,SL,-0.18866219938811404,0.019858656547901928,0.019650239947431695,0.009924366090905282,0.009830034991210226,0.019754401082115507,-0.24792549696556318,-1.2484504999999941,0 days 05:50:00
5m,VALIDATION,12,CLOSED,BTCUSDT,LONG,2024-09-15 00:00:00+00:00,2024-09-15 00:05:00+00:00,60007.91,60037.913955,2024-09-15 22:05:00+00:00,59437.53481545,59407.81604804228,0.0003266432398609728,19.610978728755512,0.19610978728755513,59437.53481545,61238.672234100006,SL,-0.1863091982177126,0.019610978728755512,0.019405161506997226,0.009800589069842878,0.009707434470732775,0.019508023540575653,-0.244833361994041,-1.2484504999999957,0 days 22:00:00
5m,VALIDATION,13,CLOSED,BTCUSDT,LONG,2024-09-16 06:15:00+00:00,2024-09-16 06:20:00+00:00,58766.0,58795.382999999994,2024-09-16 13:35:00+00:00,58207.429169999996,58178.325455415,0.0003293862369352147,19.366389955534693,0.19366389955534694,58207.429169999996,59971.29066,SL,-0.18398554375548093,0.019366389955534694,0.01916313969295136,0.009678355799865554,0.009586363027989236,0.019264718827854792,-0.24177979223182175,-1.2484504999999952,0 days 07:15:00
5m,VALIDATION,14,CLOSED,BTCUSDT,LONG,2024-09-17 00:00:00+00:00,2024-09-17 00:05:00+00:00,58268.0,58297.134,2024-09-17 00:55:00+00:00,57714.162659999995,57685.30557867,0.0003280581803825356,19.12485170155685,0.1912485170155685,57714.162659999995,59463.07668,SL,-0.18169086998830553,0.01912485170155685,0.018924136382949014,0.0095576470272642,0.009466801592269232,0.01902444861953343,-0.2387643066923448,-1.248450499999999,0 days 00:50:00
5m,VALIDATION,15,CLOSED,BTCUSDT,LONG,2024-09-17 00:55:00+00:00,2024-09-17 01:00:00+00:00,57630.01,57658.825005,2024-09-17 08:00:00+00:00,58812.0015051,58782.59550434745,0.00032755308348735257,18.886325920645415,0.18886325920645416,57082.23675495,58812.0015051,TP,0.3871649621513615,0.018886325920645416,0.0192544204128388,0.009438443738452415,0.009632026219528408,0.019070469957980823,0.3299537458598964,1.7470510000000077,0 days 07:00:00
5m,VALIDATION,16,CLOSED,BTCUSDT,LONG,2024-09-18 02:55:00+00:00,2024-09-18 03:00:00+00:00,60352.0,60382.176,2024-09-18 09:50:00+00:00,59778.35424,59748.46506288,0.00031823878030469747,19.215950042383575,0.19215950042383576,59778.35424,61589.81952,SL,-0.18255632698936103,0.019215950042383575,0.019014278646688764,0.009603173434474385,0.009511895270979762,0.019115068705454145,-0.2399016243838875,-1.2484504999999977,0 days 06:50:00
5m,VALIDATION,17,CLOSED,BTCUSDT,LONG,2024-09-19 00:00:00+00:00,2024-09-19 00:05:00+00:00,61860.23,61891.160115,2024-09-19 12:05:00+00:00,63128.9833173,63097.418825641354,0.0003066074063679249,18.97628807996211,0.18976288079962111,61272.24851385,63128.9833173,TP,0.38900916393805307,0.01897628807996211,0.019346135934640577,0.00948340233881029,0.009677906920779496,0.01916130925958979,0.33152543066386064,1.7470510000000095,0 days 12:00:00
5m,VALIDATION,18,CLOSED,BTCUSDT,LONG,2024-09-20 02:50:00+00:00,2024-09-20 02:55:00+00:00,63057.99,63089.51899499999,2024-09-20 18:05:00+00:00,62458.62380504999,62427.39449314747,0.00030603311966793907,19.307482316389546,0.19307482316389546,62458.62380504999,64351.30937489999,SL,-0.18342590646405346,0.019307482316389547,0.019104850289479038,0.009648916699842802,0.009557203746611247,0.019206120446454047,-0.2410443595163761,-1.248450499999996,0 days 15:10:00
5m,VALIDATION,19,CLOSED,BTCUSDT,LONG,2024-09-21 00:00:00+00:00,2024-09-21 00:05:00+00:00,63112.94,63144.49647,2024-09-22 14:00:00+00:00,62513.0515053,62481.794979547354,0.00030195313647781997,19.06667876042913,0.19066678760429132,62513.0515053,64407.3863994,SL,-0.18113821251162435,0.01906667876042913,0.01886657396683843,0.009528575092666993,0.00943800598641059,0.01896658107907758,-0.23803804631796951,-1.2484504999999906,1 days 13:55:00
5m,VALIDATION,20,CLOSED,BTCUSDT,LONG,2024-09-23 00:00:00+00:00,2024-09-23 00:05:00+00:00,63465.96,63497.69297999999,2024-09-23 00:15:00+00:00,62862.71605019999,62831.28469217489,0.0002965285450652169,18.828878514357235,0.18828878514357236,62862.71605019999,64767.64683959999,SL,-0.17887905075359156,0.018828878514357234,0.01863126943434906,0.009409734389981671,0.00932029486460577,0.018730029254587444,-0.2350692279568853,-1.248450499999999,0 days 00:10:00
5m,VALIDATION,21,CLOSED,BTCUSDT,LONG,2024-09-23 00:15:00+00:00,2024-09-23 00:20:00+00:00,62842.02,62873.441009999995,2024-09-23 03:05:00+00:00,64130.9098302,64098.844375284905,0.00029573765682454925,18.59404412079392,0.1859404412079392,62244.7065999,64130.9098302,TP,0.38117325828833964,0.01859404412079392,0.018956442040708198,0.0092923758724602,0.009482962501602871,0.01877533837406307,0.3248474337527745,1.7470510000000166,0 days 02:45:00
5m,VALIDATION,22,CLOSED,BTCUSDT,LONG,2024-09-23 03:05:00+00:00,2024-09-23 03:10:00+00:00,64180.0,64212.09,2024-09-23 06:25:00+00:00,63569.969099999995,63538.18411545,0.0002946262461109093,18.918567031635856,0.18918567031635858,63569.969099999995,65496.3318,SL,-0.17973111407866105,0.018918567031635858,0.01872001667063884,0.00945455623769805,0.009364690680658273,0.018819246918356323,-0.23618894469929205,-1.2484504999999948,0 days 03:15:00
5m,VALIDATION,23,CLOSED,BTCUSDT,LONG,2024-09-24 05:20:00+00:00,2024-09-24 05:25:00+00:00,63110.79,63142.345395,2024-09-24 20:05:00+00:00,64405.192302899995,64372.98970674855,0.000295880900892346,18.682614039928275,0.18682614039928275,62510.92194104999,64405.192302899995,TP,0.38298891949917774,0.018682614039928276,0.01904673818756648,0.00933663870061258,0.009528133160361822,0.018864771860974402,0.3263947954107086,1.7470510000000068,0 days 14:40:00
5m,VALIDATION,24,CLOSED,BTCUSDT,LONG,2024-09-25 00:00:00+00:00,2024-09-25 00:05:00+00:00,64208.0,64240.104,2024-09-25 10:00:00+00:00,63597.70296,63565.90410852001,0.0002959005602888237,19.008682766612303,0.19008682766612303,63597.70296,65524.90608,SL,-0.18058723607860994,0.019008682766612304,0.018809186640976708,0.009499591587512205,0.009409297969471457,0.018908889556983662,-0.23731399504318262,-1.2484504999999868,0 days 09:55:00
5m,VALIDATION,25,CLOSED,BTCUSDT,LONG,2024-09-26 02:45:00+00:00,2024-09-26 02:50:00+00:00,63314.29,63345.947145,2024-09-26 12:30:00+00:00,64612.8660879,64580.55965485606,0.0002963347569106309,18.771605848487248,0.1877160584848725,62712.48767355,64612.8660879,TP,0.3848132293378048,0.01877160584848725,0.019137464446474267,0.009381112368058823,0.009573518982726929,0.018954631350785754,0.32794952769205754,1.7470510000000137,0 days 09:40:00
5m,VALIDATION,26,CLOSED,BTCUSDT,LONG,2024-09-27 00:00:00+00:00,2024-09-27 00:05:00+00:00,65113.99,65146.546995,2024-09-27 14:35:00+00:00,66449.4779349,66416.25319593256,0.00029317329367801163,19.09922775427352,0.1909922775427352,64495.081525049995,66449.4779349,TP,0.3915293965418801,0.019099227754273522,0.019471471703204315,0.009544841456408265,0.00974060615467799,0.019285447611086255,0.33367324947331606,1.7470510000000157,0 days 14:30:00
5m,VALIDATION,27,CLOSED,BTCUSDT,LONG,2024-09-28 00:55:00+00:00,2024-09-28 01:00:00+00:00,65899.1,65932.04955,2024-09-30 00:25:00+00:00,65272.72905449999,65240.09268997275,0.0002947362898085014,19.432567663837272,0.19432567663837272,65272.72905449999,67250.690541,SL,-0.184614248520517,0.01943256766383727,0.019228622866205303,0.009711428117856838,0.009619120993597427,0.019330549111454265,-0.24260598816201384,-1.2484504999999955,1 days 23:25:00
5m,VALIDATION,28,CLOSED,BTCUSDT,LONG,2024-10-01 03:15:00+00:00,2024-10-01 03:20:00+00:00,63598.0,63629.799,2024-10-01 13:35:00+00:00,62993.50101,62962.00425949501,0.0003015914609332618,19.1902040392998,0.19190204039299802,62993.50101,64902.39498,SL,-0.18231173352678123,0.019190204039299802,0.01898880284790735,0.009590306866216512,0.009499150999451453,0.019089457865667965,-0.23958019827965635,-1.2484504999999884,0 days 10:15:00
5m,VALIDATION,29,CLOSED,BTCUSDT,LONG,2024-10-02 01:15:00+00:00,2024-10-02 01:20:00+00:00,61231.99,61262.605995,2024-10-02 13:35:00+00:00,60649.979935049996,60619.654945082475,0.00030933818230690773,18.95086318187757,0.1895086318187757,60649.979935049996,62487.8581149,SL,-0.18003793557595887,0.01895086318187757,0.018751973872783764,0.00947069624281741,0.009380677275028192,0.0188513735178456,-0.23659214614846583,-1.2484504999999968,0 days 12:15:00
5m,VALIDATION,30,CLOSED,BTCUSDT,LONG,2024-10-03 00:35:00+00:00,2024-10-03 00:40:00+00:00,61089.56,61120.104779999994,2024-10-03 08:15:00+00:00,60508.90373219999,60478.6492803339,0.0003061923316211871,18.71450739151946,0.1871450739151946,60508.90373219999,62342.5068756,SL,-0.17779249650813983,0.01871450739151946,0.018518098636445466,0.009352577407055142,0.009263681158800394,0.018616258565855536,-0.2336413611019603,-1.2484504999999926,0 days 07:35:00
5m,VALIDATION,31,CLOSED,BTCUSDT,LONG,2024-10-04 00:00:00+00:00,2024-10-04 00:05:00+00:00,60759.9,60790.27995,2024-10-04 16:30:00+00:00,62006.085548999996,61975.0825062255,0.00030401405378575907,18.48109943837065,0.1848109943837065,60182.3771505,62006.085548999996,TP,0.37885792052072,0.01848109943837065,0.0188412960664245,0.009235931753307154,0.009425360713566972,0.018661292466874126,0.3228742325490507,1.7470510000000101,0 days 16:25:00
5m,VALIDATION,32,CLOSED,BTCUSDT,LONG,2024-10-05 05:25:00+00:00,2024-10-05 05:30:00+00:00,62061.99,62093.02099499999,2024-10-07 00:40:00+00:00,63334.881414899995,63303.21397419255,0.0003028303474033417,18.803651119238836,0.18803651119238837,61472.09078504999,63334.881414899995,TP,0.38547014938089735,0.018803651119238835,0.019170134279552806,0.009397126996119453,0.009589862070810619,0.018986989066930072,0.3285093749151757,1.7470510000000126,1 days 19:10:00
5m,VALIDATION,33,CLOSED,BTCUSDT,LONG,2024-10-07 00:40:00+00:00,2024-10-07 00:45:00+00:00,63310.0,63341.655,2024-10-07 11:05:00+00:00,62708.23845,62676.884330775,0.00030204187612338664,19.131832312960295,0.19131832312960295,62708.23845,64608.4881,SL,-0.18175718754091802,0.019131832312960294,0.018931043732835776,0.009561135588685453,0.009470256994914652,0.019031392583600107,-0.23885145617031417,-1.248450499999999,0 days 10:20:00
5m,VALIDATION,34,CLOSED,BTCUSDT,LONG,2024-10-08 04:20:00+00:00,2024-10-08 04:25:00+00:00,62740.01,62771.380005,2024-10-08 07:15:00+00:00,62143.66620495,62112.59437184753,0.00030098461222500427,18.893219469633312,0.18893219469633313,62143.66620495,64026.8076051,SL,-0.179490305905912,0.01889321946963331,0.018694935131299512,0.009441888790420553,0.009352143637466713,0.018794032427887266,-0.23587249293473211,-1.2484504999999877,0 days 02:50:00
5m,VALIDATION,35,CLOSED,BTCUSDT,LONG,2024-10-09 01:30:00+00:00,2024-10-09 01:35:00+00:00,62444.42,62475.64221,2024-10-09 12:40:00+00:00,61850.8857879,61819.96034500605,0.00029863770829022837,18.65758261355466,0.1865758261355466,61850.8857879,63725.1550542,SL,-0.17725169689339015,0.01865758261355466,0.018461771284025402,0.009324129242156223,0.00923550339370828,0.018559632635864503,-0.23293068342683473,-1.248450499999992,0 days 11:05:00
5m,VALIDATION,36,CLOSED,BTCUSDT,LONG,2024-10-10 02:20:00+00:00,2024-10-10 02:25:00+00:00,60875.81,60906.247905,2024-10-10 16:55:00+00:00,60297.185425949996,60267.03683323703,0.0003025122259517928,18.42488462811327,0.1842488462811327,60297.185425949996,62124.3728631,SL,-0.175041007886274,0.01842488462811327,0.018231515463941222,0.00920783839485886,0.009120317890914198,0.018328156285773056,-0.23002556426410153,-1.2484504999999906,0 days 14:30:00
5m,VALIDATION,37,CLOSED,BTCUSDT,LONG,2024-10-11 00:00:00+00:00,2024-10-11 00:05:00+00:00,60282.61,60312.751305,2024-10-11 13:30:00+00:00,61519.0063311,61488.246827934454,0.00030167897278646064,18.195088859617663,0.18195088859617664,59709.62379195,61519.0063311,TP,0.3729947751231958,0.018195088859617663,0.018549711141491614,0.009092997930842618,0.009279495318403113,0.018372493249245732,0.31787748187284076,1.7470510000000097,0 days 13:25:00
5m,VALIDATION,38,CLOSED,BTCUSDT,LONG,2024-10-12 01:00:00+00:00,2024-10-12 01:05:00+00:00,62932.0,62963.46599999999,2024-10-13 14:45:00+00:00,62333.83133999999,62302.664424329996,0.00029402207276150517,18.512648781568554,0.18512648781568555,62333.83133999999,64222.73531999999,SL,-0.17587478927417508,0.018512648781568556,0.018318358532605994,0.009251698541511484,0.009163761146874557,0.01841545968838604,-0.23112125627673566,-1.2484504999999952,1 days 13:40:00
5m,VALIDATION,39,CLOSED,BTCUSDT,LONG,2024-10-14 00:00:00+00:00,2024-10-14 00:05:00+00:00,62820.44,62851.85022,2024-10-14 03:40:00+00:00,64108.8872244,64076.8327807878,0.00029087064822540926,18.28175841565773,0.1828175841565773,62223.3317178,64108.8872244,TP,0.37477147936545707,0.01828175841565773,0.0186380698871789,0.009136311052302113,0.009323696791985437,0.01846000784428755,0.31939164321833285,1.7470510000000017,0 days 03:35:00
5m,VALIDATION,40,CLOSED,BTCUSDT,LONG,2024-10-14 03:40:00+00:00,2024-10-14 03:45:00+00:00,64017.88,64049.88894,2024-10-14 14:00:00+00:00,65330.8867188,65298.22127544061,0.00029041160405024463,18.60083098630542,0.18600830986305422,63409.3900506,65330.8867188,TP,0.38131238733545736,0.01860083098630542,0.01896336118222852,0.009295767609347954,0.009486423803014015,0.018782191412361968,0.3249660037545614,1.7470510000000143,0 days 10:15:00
5m,VALIDATION,41,CLOSED,BTCUSDT,LONG,2024-10-15 00:00:00+00:00,2024-10-15 00:05:00+00:00,66091.67,66124.715835,2024-10-15 03:35:00+00:00,65463.468676649994,65430.736942311676,0.00028620875129236153,18.925472348697593,0.18925472348697592,65463.468676649994,67447.2101517,SL,-0.17979671631621363,0.018925472348697594,0.018726849516398015,0.009458007170762606,0.009368108812603405,0.01882611598336601,-0.23627515416467526,-1.2484504999999917,0 days 03:30:00
5m,VALIDATION,42,CLOSED,BTCUSDT,LONG,2024-10-15 07:25:00+00:00,2024-10-15 07:30:00+00:00,65749.99,65782.864995,2024-10-15 13:50:00+00:00,67098.5222949,67064.97303375255,0.0002841079243822614,18.68943323364797,0.18689433233647973,65125.03634504999,67098.5222949,TP,0.3831287112664856,0.01868943323364797,0.019053690287371774,0.009340046593524673,0.009531610949159726,0.018871657542684397,0.3265139302027815,1.7470510000000121,0 days 06:20:00
5m,VALIDATION,43,CLOSED,BTCUSDT,LONG,2024-10-16 00:00:00+00:00,2024-10-16 00:05:00+00:00,67046.87,67080.39343499999,2024-10-16 11:45:00+00:00,68422.00130369999,68387.79030304814,0.00028347509611037356,19.015620976108295,0.19015620976108294,66409.58950064999,68422.00130369999,TP,0.3898154784807387,0.019015620976108295,0.019386235428932645,0.00950305895857359,0.009697966697814872,0.01920102565638846,0.3322125964193093,1.7470509999999977,0 days 11:40:00
5m,VALIDATION,44,CLOSED,BTCUSDT,LONG,2024-10-17 00:30:00+00:00,2024-10-17 00:35:00+00:00,67910.0,67943.955,2024-10-17 04:50:00+00:00,67264.51545,67230.88319227501,0.00028475677772675875,19.3475016918119,0.193475016918119,67264.51545,69302.83410000001,SL,-0.1838061005304051,0.0193475016918119,0.01914444966155634,0.00966891638771259,0.009577013337445673,0.01924592972515826,-0.24154398160893162,-1.248450499999987,0 days 04:15:00
5m,VALIDATION,45,CLOSED,BTCUSDT,LONG,2024-10-18 00:00:00+00:00,2024-10-18 00:05:00+00:00,67399.91,67433.60995499999,2024-10-18 15:30:00+00:00,68782.28215409999,68747.89101302293,0.0002833334745927425,19.1061990128819,0.191061990128819,66759.27385545,68782.28215409999,TP,0.3916723056014023,0.019106199012881898,0.019478578831642966,0.009548325343765988,0.009744161496570465,0.01929248684033645,0.33379504091654105,1.747050999999988,0 days 15:25:00
5m,VALIDATION,46,CLOSED,BTCUSDT,LONG,2024-10-19 02:55:00+00:00,2024-10-19 03:00:00+00:00,68459.58,68493.80979,2024-10-21 13:15:00+00:00,67808.8716921,67774.96725625395,0.0002838163135007461,19.43966059221911,0.1943966059221911,67808.8716921,69863.6859858,SL,-0.1846816331124865,0.019439660592219108,0.01923564135430377,0.00971497280970402,0.009622631993149132,0.019337604802853153,-0.24269453986186254,-1.2484505000000006,2 days 10:15:00
5m,VALIDATION,47,CLOSED,BTCUSDT,LONG,2024-10-22 02:15:00+00:00,2024-10-22 02:20:00+00:00,67547.67,67581.443835,2024-10-22 08:35:00+00:00,66905.62939665,66872.17658195167,0.0002840603487447676,19.197208504445022,0.19197208504445024,66905.62939665,68933.0727117,SL,-0.18237827769590312,0.019197208504445024,0.018995733801190875,0.009593807348548228,0.009502618209699196,0.019096425558247424,-0.23966764555978645,-1.2484505000000001,0 days 06:15:00
5m,VALIDATION,48,CLOSED,BTCUSDT,LONG,2024-10-23 06:35:00+00:00,2024-10-23 06:40:00+00:00,67245.5,67279.12275,2024-10-23 08:55:00+00:00,66606.3315225,66573.02835673875,0.00028177805405619057,18.95778028710258,0.1895778028710258,66606.3315225,68624.70520499999,SL,-0.1801036498040089,0.01895778028710258,0.01875881838298944,0.00947415306701637,0.009384101242114256,0.01885825430913063,-0.23667850278323152,-1.248450499999989,0 days 02:15:00
5m,VALIDATION,49,CLOSED,BTCUSDT,LONG,2024-10-24 00:00:00+00:00,2024-10-24 00:05:00+00:00,66644.01,66677.33200499999,2024-10-24 19:25:00+00:00,68010.87864509999,67976.87320577745,0.0002807751549653516,18.72133822638007,0.1872133822638007,66010.55868495,68010.87864509999,TP,0.3837827556452315,0.01872133822638007,0.019086217108412223,0.009355991117629687,0.009547882495452064,0.01890387361308175,0.3270713266973575,1.747051000000012,0 days 19:20:00
5m,VALIDATION,50,CLOSED,BTCUSDT,LONG,2024-10-25 00:00:00+00:00,2024-10-25 00:05:00+00:00,68239.88,68273.99994,2024-10-25 05:15:00+00:00,67591.2599406,67557.4643106297,0.0002789946806285701,19.048082808495316,0.19048082808495317,67591.2599406,69639.4799388,SL,-0.18096154632159028,0.019048082808495317,0.01884817317942016,0.009519281763363068,0.00942880099020317,0.01894808275356624,-0.23780588506307201,-1.2484504999999904,0 days 05:10:00
5m,VALIDATION,51,CLOSED,BTCUSDT,LONG,2024-10-26 03:10:00+00:00,2024-10-26 03:15:00+00:00,66795.99,66829.387995,2024-10-27 21:45:00+00:00,68165.97575489999,68131.89276702254,0.0002814706980880379,18.81051449174899,0.1881051449174899,66161.09411505,68165.97575489999,TP,0.38561084680236674,0.01881051449174899,0.019177131419193177,0.009400556967388571,0.009593362390792825,0.018993919358181396,0.32862928153324317,1.7470509999999868,1 days 18:30:00
5m,VALIDATION,52,CLOSED,BTCUSDT,LONG,2024-10-28 00:00:00+00:00,2024-10-28 00:05:00+00:00,68033.05,68067.066525,2024-10-28 19:05:00+00:00,69428.4078555,69393.69365157225,0.00028117585271979196,19.138815472301683,0.19138815472301685,67386.39585975,69428.4078555,TP,0.39234093486947236,0.019138815472301684,0.01951183098585684,0.009564625423438866,0.009760795890874774,0.01932542131431364,0.3343648670970002,1.7470509999999941,0 days 19:00:00
5m,VALIDATION,53,CLOSED,BTCUSDT,LONG,2024-10-29 00:00:00+00:00,2024-10-29 00:05:00+00:00,69866.54,69901.47326999999,2024-10-29 02:20:00+00:00,71299.50273539999,71263.85298403229,0.0002785756207647729,19.472846308562428,0.19472846308562428,69202.45853729999,71299.50273539999,TP,0.3991884835468411,0.019472846308562428,0.01985237208311631,0.00973155737559177,0.00993115161736747,0.01966270899295924,0.3402005561622031,1.7470510000000008,0 days 02:15:00
5m,VALIDATION,54,CLOSED,BTCUSDT,LONG,2024-10-29 02:20:00+00:00,2024-10-29 02:25:00+00:00,71530.02,71565.78501,2024-10-29 07:45:00+00:00,70850.1271599,70814.70209632006,0.00027684607946745364,19.812707004029164,0.19812707004029165,70850.1271599,72997.10071020001,SL,-0.18822566723967768,0.019812707004029165,0.01960477264402188,0.00990140280061505,0.009807289966991636,0.019708692767606686,-0.24735183965533541,-1.2484504999999912,0 days 05:20:00
5m,VALIDATION,55,CLOSED,BTCUSDT,LONG,2024-10-29 07:45:00+00:00,2024-10-29 07:50:00+00:00,70959.52,70994.99976,2024-10-29 15:50:00+00:00,72414.89975520001,72378.69230532242,0.0002755912717128059,19.56560226910875,0.1956560226910875,70285.0497624,72414.89975520001,TP,0.40108995756064103,0.01956560226910875,0.019946935857333686,0.00977791217846569,0.009978457157242979,0.01975636933570867,0.3418210500984899,1.7470510000000141,0 days 08:00:00
5m,VALIDATION,56,CLOSED,BTCUSDT,LONG,2024-10-30 00:00:00+00:00,2024-10-30 00:05:00+00:00,72660.38,72696.71019,2024-10-30 11:55:00+00:00,71969.7430881,71933.75821655596,0.00027383745134556436,19.907081839636717,0.19907081839636717,71969.7430881,74150.6443938,SL,-0.18912225175986733,0.019907081839636718,0.019698157015729734,0.009948566636498277,0.00985400551061901,0.019802572147117288,-0.2485300627623511,-1.2484504999999864,0 days 11:50:00
5m,VALIDATION,57,CLOSED,BTCUSDT,LONG,2024-10-31 00:00:00+00:00,2024-10-31 00:05:00+00:00,72368.0,72404.184,2024-10-31 13:45:00+00:00,71680.14215999999,71644.30208892,0.0002715146967011651,19.658800058655352,0.1965880005865535,71680.14215999999,73852.26767999999,SL,-0.1867635128011217,0.019658800058655352,0.019452480952039764,0.009824487785433284,0.009731106029031846,0.01955559381446513,-0.24543038762628194,-1.2484504999999946,0 days 13:40:00
5m,VALIDATION,58,CLOSED,BTCUSDT,LONG,2024-11-01 00:00:00+00:00,2024-11-01 00:05:00+00:00,70349.66,70384.83482999999,2024-11-01 01:30:00+00:00,69680.98648169999,69646.14598845915,0.0002758209904608154,19.413614856231494,0.19413614856231495,69680.98648169999,71792.5315266,SL,-0.1844341921124277,0.019413614856231495,0.019209868968315346,0.009701956449887772,0.009609739353833158,0.01931169580372093,-0.24236937174069545,-1.2484504999999952,0 days 01:25:00
5m,VALIDATION,59,CLOSED,BTCUSDT,LONG,2024-11-02 00:00:00+00:00,2024-11-02 00:05:00+00:00,69596.24,69631.03812,2024-11-03 02:00:00+00:00,68934.7277388,68900.2603749306,0.000275329624968333,19.171487611735298,0.191714876117353,68934.7277388,71023.65888239999,SL,-0.18213392278815332,0.0191714876117353,0.018970282849250137,0.009580953329200899,0.009489886367807048,0.019070839697007947,-0.2393465329461467,-1.2484504999999964,1 days 01:55:00
5m,VALIDATION,60,CLOSED,BTCUSDT,LONG,2024-11-04 00:00:00+00:00,2024-11-04 00:05:00+00:00,68678.07,68712.409035,2024-11-04 16:40:00+00:00,68025.28494465,67991.27230217768,0.00027553072948688346,18.932380186214672,0.18932380186214673,68025.28494465,70086.6572157,SL,-0.1798623424987219,0.018932380186214674,0.018733684856160348,0.009461459363424862,0.009371528192176971,0.01883298755560183,-0.23636139509669876,-1.248450500000004,0 days 16:35:00
5m,VALIDATION,61,CLOSED,BTCUSDT,LONG,2024-11-05 00:00:00+00:00,2024-11-05 00:05:00+00:00,67853.73,67887.656865,2024-11-05 14:20:00+00:00,69245.41000229999,69210.78729729884,0.00027539991479698275,18.6962549163878,0.186962549163878,67208.78029635,69245.41000229999,TP,0.38326855405808363,0.0186962549163878,0.019060644924708197,0.009343455730329086,0.009535090007358107,0.018878545737687193,0.32663310847930044,1.7470509999999904,0 days 14:15:00
5m,VALIDATION,62,CLOSED,BTCUSDT,LONG,2024-11-06 00:15:00+00:00,2024-11-06 00:20:00+00:00,69849.99,69884.914995,2024-11-06 00:45:00+00:00,71282.6132949,71246.97198825255,0.00027219839531072504,19.022561718065425,0.19022561718065426,69186.06584505,71282.6132949,TP,0.38995776195654275,0.019022561718065427,0.019393311445950523,0.009506527595233447,0.009701506476213042,0.019208034071446486,0.3323338547210803,1.7470510000000057,0 days 00:25:00
5m,VALIDATION,63,CLOSED,BTCUSDT,LONG,2024-11-06 00:45:00+00:00,2024-11-06 00:50:00+00:00,71372.0,71407.686,2024-11-06 01:15:00+00:00,70693.60914,70658.26233543,0.0002710431419235969,19.354563570933642,0.19354563570933642,70693.60914,72835.83972,SL,-0.18387319014665082,0.019354563570933642,0.019151437426256697,0.00967244556268589,0.009580508967611942,0.01925295453029783,-0.241632145674139,-1.2484505000000004,0 days 00:25:00
5m,VALIDATION,64,CLOSED,BTCUSDT,LONG,2024-11-06 01:15:00+00:00,2024-11-06 01:20:00+00:00,71043.99,71079.51199500001,2024-11-06 02:30:00+00:00,72501.10223490001,72464.85168378256,0.0002688984811454378,19.11317281601443,0.19113172816014432,70368.71687505001,72501.10223490001,TP,0.39181526682304624,0.01911317281601443,0.01948568855419855,0.009551810502756585,0.009747718136168202,0.019299528638924788,0.33391687681390847,1.747051000000001,0 days 01:10:00
5m,VALIDATION,65,CLOSED,BTCUSDT,LONG,2024-11-06 02:30:00+00:00,2024-11-06 02:35:00+00:00,72765.23,72801.61261499999,2024-11-06 03:05:00+00:00,74257.6448673,74220.51604486635,0.00026711985368203263,19.446756109534817,0.19446756109534818,72073.59648884999,74257.6448673,TP,0.39865364098606665,0.019446756109534818,0.019825773386109656,0.009718518795368386,0.009917845615861646,0.019636364411230033,0.3397447470791921,1.7470510000000152,0 days 00:30:00
5m,VALIDATION,66,CLOSED,BTCUSDT,LONG,2024-11-06 03:05:00+00:00,2024-11-06 03:10:00+00:00,74239.29,74276.40964499999,2024-11-06 03:10:00+00:00,73533.64554854999,73496.87872577572,0.00026638553944434234,19.786161451272275,0.19786161451272274,73533.64554854999,75761.9378379,SL,-0.18797347785541624,0.019786161451272277,0.019578505686841174,0.00988813665730718,0.009794149918378126,0.019682286575685305,-0.24702043156921497,-1.248450499999995,0 days 00:00:00
5m,VALIDATION,67,CLOSED,BTCUSDT,LONG,2024-11-06 03:10:00+00:00,2024-11-06 03:15:00+00:00,74057.39,74094.418695,2024-11-06 07:40:00+00:00,73353.47450805,73316.79777079598,0.00026370930682096733,19.539387793360973,0.19539387793360974,73353.47450805,75576.3070689,SL,-0.18562906644267463,0.019539387793360972,0.019334321918469653,0.00976481149093525,0.009671996957712318,0.01943680844864757,-0.24393958460315282,-1.2484504999999937,0 days 04:25:00
5m,VALIDATION,68,CLOSED,BTCUSDT,LONG,2024-11-06 07:40:00+00:00,2024-11-06 07:45:00+00:00,73627.99,73664.803995,2024-11-06 07:45:00+00:00,72928.15595505,72891.69187707247,0.00026193909245935456,19.295691904646535,0.19295691904646536,72928.15595505,75138.1000749,SL,-0.1833138946063648,0.019295691904646535,0.019093183618107273,0.00964302444010047,0.0095513674927992,0.019194391932899672,-0.24089716206201828,-1.2484504999999952,0 days 00:00:00
5m,VALIDATION,69,CLOSED,BTCUSDT,LONG,2024-11-06 07:45:00+00:00,2024-11-06 07:50:00+00:00,73742.1,73778.97105000001,2024-11-06 08:00:00+00:00,73041.1813395,73004.66074883025,0.0002582719049602424,19.055035399090077,0.19055035399090078,73041.1813395,75254.55047100001,SL,-0.1810275976695163,0.01905503539909008,0.018855052802576627,0.009522756321384749,0.009432242522550099,0.018954998843934846,-0.23789268471511785,-1.2484505000000041,0 days 00:10:00
5m,VALIDATION,70,CLOSED,BTCUSDT,LONG,2024-11-07 00:00:00+00:00,2024-11-07 00:05:00+00:00,75597.06,75634.85853,2024-11-07 04:05:00+00:00,74878.5099447,74841.07068972765,0.00024879243162649503,18.81738036940465,0.1881738036940465,74878.5099447,77147.5557006,SL,-0.17876981550343995,0.01881738036940465,0.018619891962427748,0.009403988190607029,0.009314603282853209,0.018718591473460236,-0.2349256793087326,-1.2484504999999915,0 days 04:00:00
5m,VALIDATION,71,CLOSED,BTCUSDT,LONG,2024-11-08 00:35:00+00:00,2024-11-08 00:40:00+00:00,76197.92,76236.01896,2024-11-10 04:30:00+00:00,77760.73933920001,77721.85896953041,0.00024375209559190548,18.58268938108424,0.18582689381084241,75473.6587704,77760.73933920001,TP,0.38094048896155946,0.01858268938108424,0.01894486599712157,0.009286701339872912,0.009477171584352405,0.018763872924225315,0.3246490606591283,1.7470510000000121,2 days 03:50:00
5m,VALIDATION,72,CLOSED,BTCUSDT,LONG,2024-11-10 04:30:00+00:00,2024-11-10 04:35:00+00:00,77885.8,77924.7429,2024-11-10 05:25:00+00:00,79483.237758,79443.49613912101,0.00024263171636344848,18.907014117007446,0.18907014117007445,77145.495471,79483.237758,TP,0.38758906500731904,0.018907014117007445,0.019275511822147925,0.009448782667168816,0.009642577199672318,0.019091359866841136,0.33031517920132253,1.7470510000000148,0 days 00:50:00
5m,VALIDATION,73,CLOSED,BTCUSDT,LONG,2024-11-10 05:25:00+00:00,2024-11-10 05:30:00+00:00,79653.0,79692.8265,2024-11-10 06:30:00+00:00,78895.898235,78856.4502858825,0.000241389346518093,19.236999311014763,0.19236999311014763,78895.898235,81286.68303,SL,-0.18275630030104467,0.019236999311014764,0.019035107003245663,0.009613692809101763,0.009522314658952473,0.019136007468054238,-0.24016441408335937,-1.2484504999999948,0 days 01:00:00
5m,VALIDATION,74,CLOSED,BTCUSDT,LONG,2024-11-10 06:30:00+00:00,2024-11-10 06:35:00+00:00,78833.8,78873.2169,2024-11-10 17:50:00+00:00,80450.681238,80410.455897381,0.00024085583887755696,18.997074821421002,0.18997074821421003,78084.484731,80450.681238,TP,0.38943528694387325,0.018997074821421003,0.019367327809690502,0.00949379051545194,0.009688508158924549,0.01918229867437649,0.33188858563838525,1.7470510000000072,0 days 11:15:00
5m,VALIDATION,75,CLOSED,BTCUSDT,LONG,2024-11-11 00:00:00+00:00,2024-11-11 00:05:00+00:00,80491.61,80531.855805,2024-11-11 10:10:00+00:00,82142.4929211,82101.42167463945,0.000240012249274786,19.32863185003078,0.1932863185003078,79726.53724695,82142.4929211,TP,0.3962321231825395,0.01932863185003078,0.019705346884787884,0.009659486181924106,0.009857602243514693,0.019517088425438797,0.33768105602228204,1.7470510000000041,0 days 10:05:00
5m,VALIDATION,76,CLOSED,BTCUSDT,LONG,2024-11-12 00:00:00+00:00,2024-11-12 00:05:00+00:00,88209.1,88253.20455,2024-11-12 00:15:00+00:00,87370.67250449999,87326.98716824774,0.00022283582406573083,19.665975562340755,0.19665975562340754,87370.67250449999,90018.268641,SL,-0.1868316818791126,0.019665975562340756,0.01945958114881399,0.0098280737442958,0.009734657903359221,0.01956273164765502,-0.24551997023792235,-1.248450500000007,0 days 00:10:00
5m,VALIDATION,77,CLOSED,BTCUSDT,LONG,2024-11-12 00:15:00+00:00,2024-11-12 00:20:00+00:00,86627.72,86671.03386,2024-11-12 00:50:00+00:00,88404.4545372,88360.2523099314,0.00022407371877170286,19.420700866798377,0.19420700866798377,85804.3235214,88404.4545372,TP,0.398119515020524,0.01942070086679838,0.019799210326692275,0.009705497684555732,0.00990455744206736,0.01961005512662309,0.3392895487004103,1.747051000000003,0 days 00:30:00
5m,VALIDATION,78,CLOSED,BTCUSDT,LONG,2024-11-12 00:50:00+00:00,2024-11-12 00:55:00+00:00,88600.01,88644.31000499999,2024-11-12 02:35:00+00:00,87757.86690494999,87713.98797149751,0.0002229094170148782,19.75965146490068,0.19759651464900682,87757.86690494999,90417.19620509999,SL,-0.18772162636070225,0.01975965146490068,0.01955227392277655,0.009874888288305593,0.009781027475126332,0.019655915763431925,-0.24668946751181142,-1.2484505000000077,0 days 01:40:00
5m,VALIDATION,79,CLOSED,BTCUSDT,LONG,2024-11-12 02:35:00+00:00,2024-11-12 02:40:00+00:00,87552.07,87595.846035,2024-11-12 06:40:00+00:00,89347.7629557,89303.08907422215,0.00022276408441350767,19.51320844041336,0.19513208440413363,86719.88757465,89347.7629557,TP,0.40001589716429514,0.019513208440413363,0.01989352087291702,0.009751728356026003,0.009951736304611027,0.019703464660637028,0.34090570319032776,1.7470510000000088,0 days 04:00:00
5m,VALIDATION,80,CLOSED,BTCUSDT,LONG,2024-11-12 06:40:00+00:00,2024-11-12 06:45:00+00:00,89420.0,89464.70999999999,2024-11-12 09:05:00+00:00,88570.06289999999,88525.77786855,0.00022191737477789445,19.85377357846564,0.1985377357846564,88570.06289999999,91254.0042,SL,-0.188615809958339,0.019853773578465638,0.01964540822475964,0.009921925826317853,0.009827617921339514,0.019749543747657368,-0.24786453550922163,-1.2484504999999972,0 days 02:20:00
5m,VALIDATION,81,CLOSED,BTCUSDT,LONG,2024-11-14 01:10:00+00:00,2024-11-14 01:15:00+00:00,90198.15,90243.24907499999,2024-11-14 04:35:00+00:00,89340.81658424999,89296.14617595787,0.00021725898458709733,19.60615665987501,0.1960615665987501,89340.81658424999,92048.11405649998,SL,-0.1862633873584342,0.01960615665987501,0.019400390045729618,0.00979817924031539,0.009705047546637164,0.019503226786952554,-0.24477316085099138,-1.2484504999999924,0 days 03:20:00
5m,VALIDATION,82,CLOSED,BTCUSDT,LONG,2024-11-14 06:05:00+00:00,2024-11-14 06:10:00+00:00,90262.75,90307.881375,2024-11-14 06:55:00+00:00,89404.80256124999,89360.10015996937,0.0002143957729144129,19.361628027656238,0.19361628027656239,89404.80256124999,92114.0390025,SL,-0.183940304250749,0.019361628027656237,0.019158427741505987,0.009675976025814612,0.00958400587368907,0.019259981899503682,-0.24172034191941494,-1.2484505000000026,0 days 00:45:00
5m,VALIDATION,83,CLOSED,BTCUSDT,LONG,2024-11-14 07:50:00+00:00,2024-11-14 07:55:00+00:00,90800.02,90845.42001,2024-11-14 14:40:00+00:00,89936.96580990001,89891.99732699506,0.0002104690491000558,19.120149164599884,0.19120149164599884,89936.96580990001,92662.3284102,SL,-0.18164619471216495,0.019120149164599885,0.018919483199117407,0.009555296933832513,0.00946447383647717,0.019019770770309682,-0.23870559784619194,-1.2484504999999941,0 days 06:45:00
5m,VALIDATION,84,CLOSED,BTCUSDT,LONG,2024-11-15 02:10:00+00:00,2024-11-15 02:15:00+00:00,88090.9,88134.94544999998,2024-11-15 04:35:00+00:00,87253.59599549999,87209.96919750224,0.00021423604380167474,18.88168203388441,0.1888168203388441,87253.59599549999,89897.64435899998,SL,-0.17938069738338158,0.01888168203388441,0.0186835187809388,0.009436122955462445,0.009346432606771062,0.01878255556223351,-0.23572845376043827,-1.2484504999999906,0 days 02:20:00
5m,VALIDATION,85,CLOSED,BTCUSDT,LONG,2024-11-15 06:55:00+00:00,2024-11-15 07:00:00+00:00,88182.68,88226.77133999999,2024-11-15 12:10:00+00:00,89991.3067668,89946.31111341661,0.00021134389018076898,18.646189073084773,0.18646189073084773,87344.5036266,89991.3067668,TP,0.38224221678058,0.018646189073084775,0.0190096032981192,0.009318435318882743,0.009509556427271157,0.018827991746153898,0.32575843266322213,1.7470510000000208,0 days 05:10:00
5m,VALIDATION,86,CLOSED,BTCUSDT,LONG,2024-11-16 00:00:00+00:00,2024-11-16 00:05:00+00:00,91152.01,91197.58600499999,2024-11-16 15:40:00+00:00,90285.61014494998,90240.46733987752,0.00020802767818556292,18.971622072748335,0.18971622072748337,90285.61014494998,93021.53772509999,SL,-0.18023515022636205,0.018971622072748336,0.01877251489909484,0.00948107050112264,0.00939095292600822,0.01887202342713086,-0.23685131062533607,-1.2484504999999952,0 days 15:35:00
5m,VALIDATION,87,CLOSED,BTCUSDT,LONG,2024-11-17 04:40:00+00:00,2024-11-17 04:45:00+00:00,90627.89,90673.203945,2024-11-17 19:00:00+00:00,89766.47190555,89721.58866959723,0.0002066212129019186,18.73500737681893,0.18735007376818932,89766.47190555,92486.6680239,SL,-0.1779872514909178,0.01873500737681893,0.01853838347439922,0.00936282227727118,0.009273828651525009,0.01863665092879619,-0.23389729327093212,-1.2484504999999961,0 days 14:15:00
5m,VALIDATION,88,CLOSED,BTCUSDT,LONG,2024-11-18 00:20:00+00:00,2024-11-18 00:25:00+00:00,89747.95,89792.82397499999,2024-11-18 06:55:00+00:00,91588.68045449999,91542.88611427274,0.00020604479209083306,18.501343747177643,0.18501343747177643,88894.89573524999,91588.68045449999,TP,0.37927292379271577,0.018501343747177643,0.018861934936810137,0.009246048849163205,0.009435685311060673,0.018681734160223878,0.3232279109485041,1.7470509999999981,0 days 06:30:00
5m,VALIDATION,89,CLOSED,BTCUSDT,LONG,2024-11-18 06:55:00+00:00,2024-11-18 07:00:00+00:00,92061.84,92107.87091999999,2024-11-18 11:10:00+00:00,91186.79221079999,91141.1988146946,0.0002043717715445833,18.824248753120205,0.18824248753120207,91186.79221079999,93950.02833839999,SL,-0.1788350668649762,0.018824248753120207,0.01862668826245621,0.009407420666224978,0.009318003132793705,0.018725423799018683,-0.23501142767957126,-1.2484504999999908,0 days 04:10:00
5m,VALIDATION,90,CLOSED,BTCUSDT,LONG,2024-11-19 02:20:00+00:00,2024-11-19 02:25:00+00:00,91177.21,91222.798605,2024-11-19 17:30:00+00:00,93047.2545771,93000.73094981146,0.0002037809888138288,18.589472102091666,0.18589472102091667,90310.57061895,93047.2545771,TP,0.38107953304737513,0.018589472102091664,0.018951780913361433,0.009290091005542487,0.009480630772064238,0.018770721777606726,0.3247675582543153,1.7470510000000097,0 days 15:05:00
5m,VALIDATION,91,CLOSED,BTCUSDT,LONG,2024-11-20 04:30:00+00:00,2024-11-20 04:35:00+00:00,92115.58,92161.63779,2024-11-20 13:15:00+00:00,94004.87054579999,93957.8681105271,0.00020522546767591296,18.91391521723084,0.18913915217230842,91240.02141209999,94004.87054579999,TP,0.38773053583748335,0.01891391521723084,0.01928254742481467,0.009452231492867275,0.009646096760786543,0.019098328253653818,0.330435744941784,1.7470510000000021,0 days 08:40:00
5m,VALIDATION,92,CLOSED,BTCUSDT,LONG,2024-11-21 00:00:00+00:00,2024-11-21 00:05:00+00:00,94267.44,94314.57372,2024-11-21 04:00:00+00:00,96200.8651944,96152.76476180281,0.000204040797699672,19.24402085653332,0.19244020856533323,93371.4279828,96200.8651944,TP,0.39449761895801916,0.01924402085653332,0.019619086823027158,0.009617201827352574,0.009814450636829555,0.01943165246418213,0.3362028588142766,1.7470510000000135,0 days 03:55:00
5m,VALIDATION,93,CLOSED,BTCUSDT,LONG,2024-11-21 04:00:00+00:00,2024-11-21 04:05:00+00:00,96368.72,96416.90436,2024-11-21 11:05:00+00:00,98345.2424472,98296.0698259764,0.0002030752592434277,19.579887848355774,0.19579887848355776,95452.7353164,98345.2424472,TP,0.4013828083655936,0.019579887848355775,0.019961499862520233,0.009785051398478503,0.0099857428026605,0.019770794201139003,0.3420706264535786,1.7470510000000028,0 days 07:00:00
5m,VALIDATION,94,CLOSED,BTCUSDT,LONG,2024-11-22 00:00:00+00:00,2024-11-22 00:05:00+00:00,98304.01,98353.16200499999,2024-11-22 13:40:00+00:00,97369.63038495,97320.94556975753,0.00020255186859065134,19.921616745911802,0.19921616745911802,97369.63038495,100320.2252451,SL,-0.18926033700139067,0.0199216167459118,0.01971253937816346,0.009955830457726285,0.009861200289224145,0.01981703074695043,-0.24871152387241635,-1.2484504999999835,0 days 13:35:00
5m,VALIDATION,95,CLOSED,BTCUSDT,LONG,2024-11-23 05:55:00+00:00,2024-11-23 06:00:00+00:00,98755.15,98804.52757499999,2024-11-23 16:20:00+00:00,97816.48229924998,97767.57405810036,0.00019911186428341366,19.6731536851002,0.196731536851002,97816.48229924998,100780.61812649999,SL,-0.18689987583896017,0.0196731536851002,0.019466683937175072,0.009831661012042355,0.009738211074123634,0.01956987208616599,-0.24560958554740142,-1.2484504999999977,0 days 10:20:00
5m,VALIDATION,96,CLOSED,BTCUSDT,LONG,2024-11-24 00:20:00+00:00,2024-11-24 00:25:00+00:00,97918.6,97967.5593,2024-11-24 12:30:00+00:00,96987.88370699999,96939.3897651465,0.00019830839517274908,19.42778946377413,0.19427789463774128,96987.88370699999,99926.910486,SL,-0.184568854425964,0.01942778946377413,0.019223894813351818,0.009709040211778736,0.009616755784566665,0.019325795996345402,-0.24254633469943535,-1.2484504999999997,0 days 12:05:00
5m,VALIDATION,97,CLOSED,BTCUSDT,LONG,2024-11-25 00:00:00+00:00,2024-11-25 00:05:00+00:00,97740.0,97788.87,2024-11-25 14:40:00+00:00,96810.9813,96762.57580935,0.00019619293517866978,19.185485433105367,0.19185485433105368,96810.9813,99744.6474,SL,-0.18226690558887218,0.019185485433105366,0.01898413376348493,0.009587948742180679,0.009496815289386184,0.019084764031566864,-0.23952128881702933,-1.2484504999999906,0 days 14:35:00
5m,VALIDATION,98,CLOSED,BTCUSDT,LONG,2024-11-26 01:35:00+00:00,2024-11-26 01:40:00+00:00,94558.71,94605.989355,2024-11-26 07:15:00+00:00,93659.92946145,93613.09949671928,0.00020026431260288733,18.946203426295153,0.18946203426295152,93659.92946145,96498.1091421,SL,-0.17999366673357073,0.018946203426295154,0.018747363021336186,0.009468367529381178,0.009378370696013893,0.018846738225395072,-0.23653397140659715,-1.2484504999999904,0 days 05:35:00
5m,VALIDATION,99,CLOSED,BTCUSDT,LONG,2024-11-27 00:10:00+00:00,2024-11-27 00:15:00+00:00,92427.99,92474.203995,2024-11-27 14:05:00+00:00,94323.68807490001,94276.52623086257,0.00020232567509933814,18.70990575256229,0.1870990575256229,91549.46195505,94323.68807490001,TP,0.38354839278865954,0.01870990575256229,0.01907456181567973,0.009350277737412083,0.009542051933805572,0.018892329671217657,0.3268715955491998,1.747051000000015,0 days 13:50:00
5m,VALIDATION,100,CLOSED,BTCUSDT,LONG,2024-11-28 01:00:00+00:00,2024-11-28 01:05:00+00:00,96288.01,96336.15400499999,2024-11-28 03:10:00+00:00,95372.79246494999,95325.10606871752,0.00019760443002606238,19.03645080306099,0.19036450803060992,95372.79246494999,98262.87708509999,SL,-0.18085103936341376,0.01903645080306099,0.018836663251882865,0.00951346866719584,0.00942304314751449,0.01893651181471033,-0.23766066523306795,-1.2484504999999946,0 days 02:05:00
5m,VALIDATION,101,CLOSED,BTCUSDT,LONG,2024-11-29 00:00:00+00:00,2024-11-29 00:05:00+00:00,95612.0,95659.806,2024-11-29 14:35:00+00:00,97573.00212,97524.21561894001,0.00019651960783894872,18.799027561069913,0.18799027561069914,94703.20794,97573.00212,TP,0.38537536759374796,0.018799027561069912,0.01916542060823517,0.009394816372348165,0.009587504056144199,0.018982320428492364,0.3284285989959505,1.7470510000000157,0 days 14:30:00
5m,VALIDATION,102,CLOSED,BTCUSDT,LONG,2024-11-30 00:00:00+00:00,2024-11-30 00:05:00+00:00,97317.5,97366.15874999999,2024-11-30 02:00:00+00:00,96392.49716249999,96344.30091391875,0.00019644533896709127,19.12712805956737,0.1912712805956737,96392.49716249999,99313.48192499999,SL,-0.18171249595821093,0.01912712805956737,0.01892638885058221,0.00955878463746255,0.009467928389483897,0.019026713026946446,-0.23879272589530695,-1.2484504999999886,0 days 01:55:00
5m,VALIDATION,103,CLOSED,BTCUSDT,LONG,2024-11-30 05:45:00+00:00,2024-11-30 05:50:00+00:00,96915.0,96963.45749999999,2024-12-01 02:30:00+00:00,95993.82292499999,95945.82601353749,0.0001948009525943708,18.888573887843787,0.18888573887843788,95993.82292499999,98902.72665,SL,-0.17944617171809893,0.018888573887843787,0.018690338304890867,0.009439567160339682,0.009349844074482333,0.018789411234822015,-0.23581449514565558,-1.248450500000002,0 days 20:40:00
5m,VALIDATION,104,CLOSED,BTCUSDT,LONG,2024-12-01 04:50:00+00:00,2024-12-01 04:55:00+00:00,96430.81,96479.025405,2024-12-02 08:15:00+00:00,95514.23515094999,95466.47803337451,0.00019333730718477674,18.652994971614362,0.18652994971614362,95514.23515094999,98408.6059131,SL,-0.1772081131486225,0.01865299497161436,0.01845723178938727,0.009321836567522526,0.009233232510948349,0.018555069078470876,-0.232873408988095,-1.2484505000000035,1 days 03:20:00
5m,VALIDATION,105,CLOSED,BTCUSDT,LONG,2024-12-03 00:00:00+00:00,2024-12-03 00:05:00+00:00,95843.16,95891.08158,2024-12-03 10:55:00+00:00,94932.1707642,94884.7046788179,0.00019209663609880923,18.42035420339449,0.1842035420339449,94932.1707642,97808.9032116,SL,-0.17499796771940626,0.01842035420339449,0.018227032586029864,0.00920557431453896,0.009118075330679683,0.018323649645218643,-0.22996900415404928,-1.2484504999999986,0 days 10:50:00
5m,VALIDATION,106,CLOSED,BTCUSDT,LONG,2024-12-04 00:00:00+00:00,2024-12-04 00:05:00+00:00,95903.27,95951.221635,2024-12-04 16:20:00+00:00,94991.70941864999,94944.21356394066,0.00018958190035039602,18.19061493850533,0.1819061493850533,94991.70941864999,97870.24606769999,SL,-0.17281538729684762,0.01819061493850533,0.01799970443472572,0.009090762088206732,0.009004354394560429,0.01809511648276716,-0.22710082315284585,-1.2484505000000075,0 days 16:15:00
5m,VALIDATION,107,CLOSED,BTCUSDT,LONG,2024-12-05 00:00:00+00:00,2024-12-05 00:05:00+00:00,98549.99,98599.264995,2024-12-05 02:40:00+00:00,100571.2502949,100520.96466975256,0.00018218940060265803,17.963740989301694,0.17963740989301694,97613.27234505,100571.2502949,TP,0.36825220158978267,0.017963740989301695,0.018313854301183183,0.008977381803748928,0.009161507904542784,0.018138889708291712,0.31383571659100606,1.7470510000000052,0 days 02:35:00
5m,VALIDATION,108,CLOSED,BTCUSDT,LONG,2024-12-05 02:40:00+00:00,2024-12-05 02:45:00+00:00,101312.02,101362.67601,2024-12-05 03:05:00+00:00,103389.9295302,103338.2345654349,0.00018031551556408346,18.277263183698302,0.18277263183698303,100349.0492499,103389.9295302,TP,0.3746793282335339,0.0182772631836983,0.018633487043148586,0.009134064559567837,0.009321404223684484,0.01845546878325232,0.31931310922343464,1.7470510000000088,0 days 00:20:00
5m,VALIDATION,109,CLOSED,BTCUSDT,LONG,2024-12-05 03:05:00+00:00,2024-12-05 03:10:00+00:00,103264.01,103315.64200499999,2024-12-05 05:40:00+00:00,102282.48558494999,102231.34434215752,0.00017999459653850536,18.59625729880663,0.18596257298806632,102282.48558494999,105381.95484509999,SL,-0.1766690910796186,0.01859625729880663,0.018401089578455654,0.009293481908447688,0.009205147362907676,0.018498629271355364,-0.2321650672282362,-1.248450499999991,0 days 02:30:00
5m,VALIDATION,110,CLOSED,BTCUSDT,LONG,2024-12-05 05:40:00+00:00,2024-12-05 05:45:00+00:00,102100.0,102151.04999999999,2024-12-05 15:45:00+00:00,101129.53949999998,101078.97473024999,0.00017977616641936126,18.364324164712492,0.18364324164712492,101129.53949999998,104194.071,SL,-0.17446566835141936,0.01836432416471249,0.018171590582603835,0.0091775732957063,0.009090340461531843,0.018267913757238144,-0.2292694968559738,-1.2484504999999992,0 days 10:00:00
5m,VALIDATION,111,CLOSED,BTCUSDT,LONG,2024-12-06 01:50:00+00:00,2024-12-06 01:55:00+00:00,98391.98,98441.17598999999,2024-12-06 03:00:00+00:00,97456.76423009999,97408.03584798494,0.00018422457397456493,18.13528370831292,0.1813528370831292,97456.76423009999,100409.99950979999,SL,-0.1722897267841239,0.01813528370831292,0.017944953905794172,0.009063110299005646,0.008976965435614636,0.018040075734620284,-0.22641004013285126,-1.2484505000000006,0 days 01:05:00
5m,VALIDATION,112,CLOSED,BTCUSDT,LONG,2024-12-06 04:45:00+00:00,2024-12-06 04:50:00+00:00,97934.77,97983.737385,2024-12-06 17:40:00+00:00,99943.4121327,99893.44042663366,0.00018277624767125885,17.909099852036345,0.17909099852036345,97003.90001115,99943.4121327,TP,0.3671320719293006,0.017909099852036345,0.01825814820815254,0.008950074888573207,0.009133640924536491,0.018083715813109698,0.312881108056002,1.7470510000000141,0 days 12:50:00
5m,VALIDATION,113,CLOSED,BTCUSDT,LONG,2024-12-08 01:10:00+00:00,2024-12-08 01:15:00+00:00,100003.99,100053.991995,2024-12-08 08:55:00+00:00,99053.45207505001,99003.92534901248,0.000182118354582628,18.221668391552836,0.18221668391552837,99053.45207505001,102055.07183490001,SL,-0.17311040286027893,0.018221668391552835,0.01803043198178349,0.009106281055248558,0.0090197258538188,0.018126006909067356,-0.22748851014268262,-1.248450499999996,0 days 07:40:00
5m,VALIDATION,114,CLOSED,BTCUSDT,LONG,2024-12-09 00:00:00+00:00,2024-12-09 00:05:00+00:00,100946.41,100996.88320499999,2024-12-09 00:25:00+00:00,99986.91437294999,99936.92091576352,0.00017816794510514369,17.994407142659046,0.17994407142659047,99986.91437294999,103016.82086909999,SL,-0.1709513642088719,0.017994407142659048,0.01780555583969684,0.008992707217718438,0.00890723153561576,0.017899938753334198,-0.22465126594456195,-1.2484504999999964,0 days 00:20:00
5m,VALIDATION,115,CLOSED,BTCUSDT,LONG,2024-12-09 00:25:00+00:00,2024-12-09 00:30:00+00:00,100044.37,100094.39218499999,2024-12-09 02:45:00+00:00,99093.44826314998,99043.90153901842,0.0001775322264878749,17.76998030355359,0.17769980303553592,99093.44826314998,102096.28002869998,SL,-0.1688192531586994,0.017769980303553593,0.0175834843602678,0.008880549876837375,0.00879614025025702,0.017676690127094392,-0.2218494079496152,-1.2484504999999935,0 days 02:15:00
5m,VALIDATION,116,CLOSED,BTCUSDT,LONG,2024-12-10 00:00:00+00:00,2024-12-10 00:05:00+00:00,97080.86,97129.40043,2024-12-10 03:10:00+00:00,96158.1064257,96110.02737248715,0.00018066983267369223,17.54835252338415,0.1754835252338415,96158.1064257,99071.98843859999,SL,-0.16671373386783322,0.01754835252338415,0.017364182563651236,0.008769791366007923,0.00868643449907423,0.01745622586508215,-0.2190824948199508,-1.2484504999999928,0 days 03:05:00
5m,VALIDATION,117,CLOSED,BTCUSDT,LONG,2024-12-10 06:30:00+00:00,2024-12-10 06:35:00+00:00,97297.58,97346.22879,2024-12-10 15:35:00+00:00,96372.7665021,96324.58011884896,0.0001780191087790304,17.32948889219539,0.17329488892195388,96372.7665021,99293.1533658,SL,-0.16463447468297612,0.01732948889219539,0.017147615906271802,0.008660414238976783,0.008578097001635396,0.01723851124061218,-0.2163500907220555,-1.2484504999999868,0 days 09:00:00
5m,VALIDATION,118,CLOSED,BTCUSDT,LONG,2024-12-11 00:00:00+00:00,2024-12-11 00:05:00+00:00,96707.98,96756.33398999998,2024-12-11 01:55:00+00:00,95788.77065009998,95740.87626477494,0.0001768706422589224,17.113354935430102,0.17113354935430103,95788.77065009998,98691.46066979998,SL,-0.1625811480872228,0.017113354935430102,0.016933750275382763,0.008552401267079512,0.00847111069303586,0.017023511960115374,-0.21365176525815102,-1.2484504999999955,0 days 01:50:00
5m,VALIDATION,119,CLOSED,BTCUSDT,LONG,2024-12-11 02:40:00+00:00,2024-12-11 02:45:00+00:00,97330.65,97379.31532499999,2024-12-11 14:45:00+00:00,99326.90163149999,99277.23818068425,0.00017354729340718835,16.899916608498888,0.16899916608498888,96405.52217174998,99326.90163149999,TP,0.3464440676065082,0.016899916608498888,0.017229295983198528,0.008445735436530221,0.008618957470333392,0.01706469290686361,0.2952501621079472,1.7470510000000075,0 days 12:00:00
5m,VALIDATION,120,CLOSED,BTCUSDT,LONG,2024-12-12 00:00:00+00:00,2024-12-12 00:05:00+00:00,101055.41,101105.937705,2024-12-12 19:25:00+00:00,100094.87832795,100044.83088878603,0.0001700678734177804,17.19487181539993,0.1719487181539993,100094.87832795,103128.0564591,SL,-0.163355578815968,0.017194871815399932,0.01701441163569731,0.008593139338031023,0.008511461548622581,0.017104600886653602,-0.21466946315371885,-1.2484504999999961,0 days 19:20:00
5m,VALIDATION,121,CLOSED,BTCUSDT,LONG,2024-12-13 04:45:00+00:00,2024-12-13 04:50:00+00:00,100040.55,100090.57027499999,2024-12-14 01:00:00+00:00,102092.3816805,102041.33548965974,0.00016965051513444744,16.98041680725436,0.16980416807254362,99089.66457225,102092.3816805,TP,0.3480943015660027,0.016980416807254362,0.01731136513082775,0.008485965420914694,0.008660012571699785,0.017145977992614476,0.2966565416353061,1.7470510000000041,0 days 20:10:00
5m,VALIDATION,122,CLOSED,BTCUSDT,LONG,2024-12-14 01:00:00+00:00,2024-12-14 01:05:00+00:00,102016.36,102067.36817999999,2024-12-14 13:15:00+00:00,101046.69449819998,100996.17115095089,0.0001692683694776955,17.276776988708217,0.17276776988708217,101046.69449819998,104108.71554359999,SL,-0.1641336984284602,0.017276776988708217,0.017095457214211723,0.008634071458623072,0.00855200460940964,0.017186076068032713,-0.21569200869941282,-1.2484505000000008,0 days 12:10:00
5m,VALIDATION,123,CLOSED,BTCUSDT,LONG,2024-12-15 00:00:00+00:00,2024-12-15 00:05:00+00:00,101487.25,101537.99362499999,2024-12-15 23:05:00+00:00,103568.75349749999,103516.96912075124,0.0001680287333581925,17.061300456540973,0.17061300456540973,100522.61368874999,103568.75349749999,TP,0.34975239616557047,0.017061300456540973,0.01739382520243896,0.008526387034751136,0.008701263232835934,0.017227650267587068,0.2980696202390034,1.7470509999999986,0 days 23:00:00
5m,VALIDATION,124,CLOSED,BTCUSDT,LONG,2024-12-16 00:00:00+00:00,2024-12-16 00:05:00+00:00,104608.01,104660.314005,2024-12-16 12:00:00+00:00,103613.71086494999,103561.90400951752,0.00016586107609138537,17.35907230493159,0.17359072304931591,103613.71086494999,106753.52028509999,SL,-0.16491552449612815,0.01735907230493159,0.017176888841091333,0.008675198553188893,0.008592740790940459,0.017267939344129353,-0.21671942498628044,-1.2484505000000026,0 days 11:55:00
5m,VALIDATION,125,CLOSED,BTCUSDT,LONG,2024-12-17 01:35:00+00:00,2024-12-17 01:40:00+00:00,106396.37,106449.568185,2024-12-17 22:45:00+00:00,105385.07250314999,105332.37996689841,0.00016103935107632467,17.142569382867375,0.17142569382867376,105385.07250314999,108578.5595487,SL,-0.16285869263783642,0.017142569382867377,0.01696265811719418,0.008567001190838447,0.008485571844519481,0.017052573035357926,-0.2140164931732559,-1.2484505000000072,0 days 21:05:00
5m,VALIDATION,126,CLOSED,BTCUSDT,LONG,2024-12-19 03:45:00+00:00,2024-12-19 03:50:00+00:00,101205.86,101256.46293,2024-12-19 15:15:00+00:00,100243.89830069999,100193.77635154965,0.00016718702394421674,16.928766692384603,0.16928766692384603,100243.89830069999,103281.5921886,SL,-0.16082751365429004,0.016928766692384602,0.016751099285948028,0.008460153269556462,0.00837973951272928,0.016839892782285742,-0.21134727241490842,-1.2484504999999964,0 days 11:25:00
5m,VALIDATION,127,CLOSED,BTCUSDT,LONG,2024-12-20 03:20:00+00:00,2024-12-20 03:25:00+00:00,97606.23,97655.03311499998,2024-12-20 05:55:00+00:00,96678.48278384998,96630.14354245806,0.0001711906700847569,16.717630556105973,0.16717630556105975,96678.48278384998,99608.13377729998,SL,-0.15882166760198957,0.016717630556105974,0.01654217902341964,0.008354637959071378,0.008275227125271765,0.016629865084343144,-0.20871134226585833,-1.248450500000003,0 days 02:30:00
5m,VALIDATION,128,CLOSED,BTCUSDT,LONG,2024-12-20 07:10:00+00:00,2024-12-20 07:15:00+00:00,98039.83,98088.849915,2024-12-20 08:05:00+00:00,97107.96141585,97059.40743514209,0.00016830789361875189,16.50912771667954,0.1650912771667954,97107.96141585,100050.6269133,SL,-0.1568408385277747,0.01650912771667954,0.01633586442129299,0.008250438639019777,0.008172018219755283,0.01642245685877506,-0.20610828752452226,-1.2484504999999877,0 days 00:50:00
5m,VALIDATION,129,CLOSED,BTCUSDT,LONG,2024-12-21 00:00:00+00:00,2024-12-21 00:05:00+00:00,97691.29,97740.13564499999,2024-12-21 13:20:00+00:00,96762.73428854998,96714.3529214057,0.00016680174652872163,16.30322533154016,0.16303225331540158,96762.73428854998,99694.93835789998,SL,-0.1548847144190816,0.016303225331540157,0.016132122981685645,0.008147538896320913,0.008070096539112668,0.01621763543543358,-0.203537698167741,-1.2484505000000077,0 days 13:15:00
5m,VALIDATION,130,CLOSED,BTCUSDT,LONG,2024-12-22 00:40:00+00:00,2024-12-22 00:45:00+00:00,97347.65,97396.32382499998,2024-12-22 04:40:00+00:00,96422.36058674999,96374.14940645662,0.0001653028608827601,16.099890967736226,0.16099890967736227,96422.36058674999,99344.25030149998,SL,-0.15295298715475678,0.016099890967736227,0.015930922612029837,0.008045922522605282,0.007969446029027785,0.016015368551633068,-0.20099916928615588,-1.2484504999999884,0 days 03:55:00
5m,VALIDATION,131,CLOSED,BTCUSDT,LONG,2024-12-23 03:25:00+00:00,2024-12-23 03:30:00+00:00,95540.01,95587.780005,2024-12-23 14:40:00+00:00,94631.90220494999,94584.58625384752,0.0001663297609379498,15.899092596820987,0.15899092596820988,94631.90220494999,97499.5356051,SL,-0.15104535245655587,0.01589909259682099,0.015732231620017353,0.007945573511654416,0.007870050835425798,0.015815624347080212,-0.1984923010204744,-1.2484504999999988,0 days 11:10:00
5m,VALIDATION,132,CLOSED,BTCUSDT,LONG,2024-12-24 00:00:00+00:00,2024-12-24 00:05:00+00:00,94717.55,94764.908775,2024-12-24 02:15:00+00:00,93817.25968725,93770.35105740638,0.00016568156707759705,15.700798589807528,0.15700798589807527,93817.25968725,96660.20695050001,SL,-0.14916150984120047,0.015700798589807528,0.015536018708607501,0.007846476056875426,0.007771895301953223,0.01561837135882865,-0.19601669849844414,-1.2484504999999944,0 days 02:10:00
5m,VALIDATION,133,CLOSED,BTCUSDT,LONG,2024-12-24 04:25:00+00:00,2024-12-24 04:30:00+00:00,94362.95,94410.13147499999,2024-12-24 14:05:00+00:00,96298.33410449998,96250.18493744773,0.00016423001927809476,15.50497771218671,0.1550497771218671,93466.03016024998,96298.33410449998,TP,0.3178481687925509,0.01550497771218671,0.015807169727797228,0.007748614548817355,0.007907538633215529,0.015656153182032884,0.27087986817053405,1.7470509999999937,0 days 09:35:00
5m,VALIDATION,134,CLOSED,BTCUSDT,LONG,2024-12-25 00:00:00+00:00,2024-12-25 00:05:00+00:00,98610.0,98659.305,2024-12-25 12:00:00+00:00,97672.71195,97623.875594025,0.00015989963613769967,15.775586971098333,0.15775586971098332,97672.71195,100632.4911,SL,-0.1498720181512145,0.015775586971098335,0.015610022185836656,0.007883851559768165,0.007808915550693612,0.015692767110461775,-0.19695039441861126,-1.2484504999999955,0 days 11:55:00
5m,VALIDATION,135,CLOSED,BTCUSDT,LONG,2024-12-26 00:00:00+00:00,2024-12-26 00:05:00+00:00,99792.01,99841.90600499998,2024-12-26 01:05:00+00:00,98843.48694494998,98794.06520147751,0.00015603501529247977,15.578833330320501,0.15578833330320502,98843.48694494998,101838.74412509998,SL,-0.14800280939999838,0.015578833330320502,0.015415333474518787,0.00778552390320674,0.007711522498507955,0.015497046401714695,-0.19449402260655238,-1.2484504999999964,0 days 01:00:00
5m,VALIDATION,136,CLOSED,BTCUSDT,LONG,2024-12-26 01:05:00+00:00,2024-12-26 01:10:00+00:00,98912.17,98961.626085,2024-12-26 07:05:00+00:00,97972.00982415,97923.02381923792,0.0001554595878833152,15.384533607436836,0.15384533607436837,97972.00982415,100940.8586067,SL,-0.14615691348194673,0.015384533607436836,0.015223072927226787,0.007688422592421893,0.007615344135681415,0.015303766728103308,-0.19206828674471366,-1.2484505000000028,0 days 05:55:00
5m,VALIDATION,137,CLOSED,BTCUSDT,LONG,2024-12-27 00:00:00+00:00,2024-12-27 00:05:00+00:00,95862.99,95910.921495,2024-12-27 07:35:00+00:00,94951.81228005,94904.33637390997,0.00015840382888923112,15.19265719710246,0.1519265719710246,94951.81228005,97829.13992490001,SL,-0.14433403963864058,0.01519265719710246,0.01503321025981887,0.0075925323323845755,0.007520365312565792,0.015112897644950368,-0.18967280474051232,-1.2484505000000043,0 days 07:30:00
5m,VALIDATION,138,CLOSED,BTCUSDT,LONG,2024-12-28 02:10:00+00:00,2024-12-28 02:15:00+00:00,94584.79,94632.08239499999,2024-12-29 16:35:00+00:00,93685.76157105,93638.91869026447,0.00015854215077989322,15.003173875683368,0.15003173875683368,93685.76157105,96524.7240429,SL,-0.14253390073800107,0.015003173875683368,0.014845715565858073,0.0074978380188317545,0.007426571068463022,0.014924409087294775,-0.18730719926683728,-1.2484504999999926,1 days 14:20:00
5m,VALIDATION,139,CLOSED,BTCUSDT,LONG,2024-12-30 00:15:00+00:00,2024-12-30 00:20:00+00:00,93788.01,93834.90400499999,2024-12-30 13:45:00+00:00,92896.55496494999,92850.10668746752,0.0001578949107861425,14.81605379649572,0.1481605379649572,92896.55496494999,95711.60208509999,SL,-0.14075621322907833,0.01481605379649572,0.014660559311901496,0.007404324735879076,0.007333946629264891,0.014738271365143968,-0.18497109770261952,-1.2484504999999981,0 days 13:25:00
5m,VALIDATION,140,CLOSED,BTCUSDT,LONG,2024-12-31 05:40:00+00:00,2024-12-31 05:45:00+00:00,92690.53,92736.875265,2024-12-31 08:30:00+00:00,94591.6127703,94544.31696391485,0.0001577718404172553,14.631267485104491,0.1463126748510449,91809.50651235,94591.6127703,TP,0.29993732745576457,0.014631267485104491,0.01491643088838918,0.007311977753674822,0.00746194641740174,0.014773924171076562,0.25561570491119434,1.7470510000000101,0 days 02:45:00
15m,DEVELOPMENT,1,CLOSED,BTCUSDT,LONG,2024-01-02 00:00:00+00:00,2024-01-02 00:15:00+00:00,44630.1,44652.415049999996,2024-01-02 07:15:00+00:00,45545.463351,45522.6906193245,0.00044745664837270616,19.980019980019982,0.19980019980019983,44205.890899499995,45545.463351,TP,0.409585417081669,0.019980019980019983,0.020369430569430573,0.009985017481268205,0.010189810189808936,0.02017482767107714,0.3490611388611413,1.747051000000012,0 days 07:00:00
15m,DEVELOPMENT,2,CLOSED,BTCUSDT,LONG,2024-01-02 07:15:00+00:00,2024-01-02 07:30:00+00:00,45461.1,45483.83055,2024-01-02 14:45:00+00:00,45028.9922445,45006.47774837775,0.00044694415928991476,20.32873240645469,0.20328732406454691,45028.9922445,46393.507161,SL,-0.19312803750460003,0.02032873240645469,0.02011538235984895,0.01015928655994747,0.010062722541193635,0.020222009101141105,-0.2537941613720448,-1.248450499999996,0 days 07:15:00
15m,DEVELOPMENT,3,CLOSED,BTCUSDT,LONG,2024-01-03 02:00:00+00:00,2024-01-03 02:15:00+00:00,45274.51,45297.147254999996,2024-01-03 11:00:00+00:00,44844.175782449995,44821.75369455877,0.000443188876171169,20.0751917857034,0.200751917857034,44844.175782449995,46203.0902001,SL,-0.19071933825398715,0.0200751917857034,0.01986450264791244,0.010032579603047598,0.009937219933922645,0.019969799536970242,-0.2506288322245733,-1.2484505000000012,0 days 08:45:00
15m,DEVELOPMENT,4,CLOSED,BTCUSDT,LONG,2024-01-04 05:45:00+00:00,2024-01-04 06:00:00+00:00,43183.74,43205.331869999995,2024-01-04 07:45:00+00:00,42773.27855129999,42751.891912024344,0.0004588510832779445,19.8248133319326,0.198248133319326,42773.27855129999,44069.438507399995,SL,-0.18834068037983273,0.0198248133319326,0.019616751916013964,0.009907452939494974,0.00981328259930494,0.019720735538799914,-0.24750298116657923,-1.2484505000000001,0 days 01:45:00
15m,DEVELOPMENT,5,CLOSED,BTCUSDT,LONG,2024-01-04 07:45:00+00:00,2024-01-04 08:00:00+00:00,42763.08,42784.46154,2024-01-04 14:45:00+00:00,43640.1507708,43618.3306954146,0.0004575856958767153,19.57755760649146,0.1957755760649146,42356.6169246,43640.1507708,TP,0.4013350389896438,0.01957755760649146,0.019959124204241983,0.009783886859813469,0.009984554379308903,0.019768441239122372,0.342029915939788,1.7470510000000146,0 days 06:45:00
15m,DEVELOPMENT,6,CLOSED,BTCUSDT,LONG,2024-01-05 00:00:00+00:00,2024-01-05 00:15:00+00:00,44195.98,44218.07799,2024-01-05 01:45:00+00:00,43775.897210099996,43754.009261494946,0.00045047742325454113,19.91924583420354,0.19919245834203542,43775.897210099996,45102.4395498,SL,-0.18923781274773388,0.01991924583420354,0.019710193349173573,0.009954645594302253,0.00986002668793077,0.019814672282233024,-0.248681924213344,-1.2484505000000037,0 days 01:30:00
15m,DEVELOPMENT,7,CLOSED,BTCUSDT,LONG,2024-01-05 01:45:00+00:00,2024-01-05 02:00:00+00:00,43376.0,43397.687999999995,2024-01-05 09:00:00+00:00,44265.64176,44243.50893912,0.00045326867052182415,19.670812343480918,0.19670812343480917,42963.71111999999,44265.64176,TP,0.40324673779589515,0.01967081234348092,0.02005419647605537,0.009830490926274894,0.010032114295173852,0.019862605221448747,0.3436591237549101,1.7470510000000168,0 days 07:00:00
15m,DEVELOPMENT,8,CLOSED,BTCUSDT,LONG,2024-01-06 00:00:00+00:00,2024-01-06 00:15:00+00:00,44120.43,44142.490215,2024-01-06 05:15:00+00:00,43701.06531285,43679.21478019358,0.0004533982576412717,20.014128151427883,0.20014128151427885,43701.06531285,45025.3400193,SL,-0.19013921847008802,0.020014128151427883,0.01980407987647865,0.010002063044190802,0.009906993434954124,0.019909056479144926,-0.24986648297713948,-1.2484504999999866,0 days 05:00:00
15m,DEVELOPMENT,9,CLOSED,BTCUSDT,LONG,2024-01-06 05:15:00+00:00,2024-01-06 05:30:00+00:00,43673.99,43695.826994999996,2024-01-08 02:45:00+00:00,43258.86872504999,43237.239290687474,0.0004523203391385282,19.764511285316853,0.19764511285316855,43258.86872504999,44569.74353489999,SL,-0.1877677958690043,0.019764511285316855,0.01955708273937746,0.00987731698416537,0.00978343308622937,0.01966075007039474,-0.24675013996409334,-1.248450499999993,1 days 21:15:00
15m,DEVELOPMENT,10,CLOSED,BTCUSDT,LONG,2024-01-09 00:00:00+00:00,2024-01-09 00:15:00+00:00,47099.99,47123.53999499999,2024-01-09 00:30:00+00:00,46652.304595049995,46628.97844275247,0.0004141880608090995,19.51800764898909,0.1951800764898909,46652.304595049995,48066.010794899994,SL,-0.18542594972877838,0.019518007648989092,0.019313166158712952,0.009754126761111481,0.009661413786248624,0.019415540547360104,-0.2436726640838405,-1.2484504999999895,0 days 00:15:00
15m,DEVELOPMENT,11,CLOSED,BTCUSDT,LONG,2024-01-09 00:30:00+00:00,2024-01-09 00:45:00+00:00,46670.0,46693.335,2024-01-09 12:45:00+00:00,46226.40165,46203.288449175,0.0004127907851118388,19.2745784141401,0.19274578414140103,46226.40165,47627.2017,SL,-0.18311331117081633,0.0192745784141401,0.0190722917136837,0.009632472970584397,0.009540916314998848,0.019173389285583244,-0.24063357058422336,-1.2484504999999957,0 days 12:00:00
15m,DEVELOPMENT,12,CLOSED,BTCUSDT,LONG,2024-01-11 00:00:00+00:00,2024-01-11 00:15:00+00:00,46505.7,46528.952849999994,2024-01-11 05:30:00+00:00,46063.6633215,46040.63148983925,0.0004090826049340865,19.034185236733286,0.19034185236733286,46063.6633215,47459.531907,SL,-0.18082951591719154,0.019034185236733288,0.018834421462673775,0.009512336450140397,0.009421921692180727,0.018934258142321123,-0.23763238075891974,-1.2484504999999835,0 days 05:15:00
15m,DEVELOPMENT,13,CLOSED,BTCUSDT,LONG,2024-01-11 05:30:00+00:00,2024-01-11 05:45:00+00:00,46026.46,46049.473229999996,2024-01-11 11:00:00+00:00,46970.4626946,46946.977463252704,0.0004081868680034007,18.796790250960143,0.18796790250960144,45588.978497699994,46970.4626946,TP,0.3853295032955447,0.018796790250960142,0.01916313969295136,0.00939369827634061,0.009586363027987533,0.018980061304328145,0.32838951204730504,1.747051000000018,0 days 05:15:00
15m,DEVELOPMENT,14,CLOSED,BTCUSDT,LONG,2024-01-14 07:15:00+00:00,2024-01-14 07:30:00+00:00,42989.99,43011.484995,2024-01-14 20:00:00+00:00,42581.37014505,42560.07945997748,0.00044464523147201443,19.12485170155685,0.1912485170155685,42581.37014505,43871.7146949,SL,-0.18169086998830228,0.01912485170155685,0.018924136382949017,0.009557647027265205,0.009466801592268155,0.01902444861953336,-0.2387643066923415,-1.2484504999999817,0 days 12:30:00
15m,DEVELOPMENT,15,CLOSED,BTCUSDT,LONG,2024-01-15 05:45:00+00:00,2024-01-15 06:00:00+00:00,42739.85,42761.219925,2024-01-15 14:15:00+00:00,42333.60772575,42312.44092188713,0.00044166948355941755,18.886325920645426,0.18886325920645428,42333.60772575,43616.4443235,SL,-0.1794248154680001,0.018886325920645427,0.018688113930108254,0.009438443738453069,0.009348731330717472,0.01878717506917054,-0.2357864303879243,-1.2484504999999833,0 days 08:15:00
15m,DEVELOPMENT,16,CLOSED,BTCUSDT,LONG,2024-01-16 03:30:00+00:00,2024-01-16 03:45:00+00:00,42834.24,42855.657119999996,2024-01-16 14:30:00+00:00,42427.100548799994,42405.886998525595,0.00043519983811969175,18.650775041137013,0.18650775041137013,42427.100548799994,43712.770262399994,SL,-0.177187023254382,0.018650775041137015,0.01845503515708028,0.00932072715698925,0.009232133645362206,0.018552860802351457,-0.23284569425495075,-1.2484505000000026,0 days 10:45:00
15m,DEVELOPMENT,17,CLOSED,BTCUSDT,LONG,2024-01-17 00:00:00+00:00,2024-01-17 00:15:00+00:00,43090.46,43112.005229999995,2024-01-17 07:45:00+00:00,42680.885177699995,42659.54473511114,0.0004272165458716994,18.41816195996324,0.1841816195996324,42680.885177699995,43974.2453346,SL,-0.17497714085902305,0.01841816195996324,0.018224863350193424,0.00920447874060964,0.009116990170182294,0.018321468910791935,-0.22994163507997162,-1.2484505000000041,0 days 07:30:00
15m,DEVELOPMENT,18,CLOSED,BTCUSDT,LONG,2024-01-18 00:00:00+00:00,2024-01-18 00:15:00+00:00,42709.04,42730.39452,2024-01-18 16:30:00+00:00,42303.0905748,42281.9390295126,0.00042565602871495376,18.188450036806422,0.18188450036806422,42303.0905748,43585.002410400004,SL,-0.17279482018975034,0.018188450036806424,0.01799756225367014,0.009089680178314385,0.009003282768219583,0.018092962946533966,-0.22707379542676087,-1.248450500000005,0 days 16:15:00
15m,DEVELOPMENT,19,CLOSED,BTCUSDT,LONG,2024-01-20 00:00:00+00:00,2024-01-20 00:15:00+00:00,41603.69,41624.491845,2024-01-22 03:00:00+00:00,41208.24692655,41187.642803086725,0.00043151525201107584,17.961603088328143,0.17961603088328143,41208.24692655,42456.9816819,SL,-0.17063971749581355,0.017961603088328143,0.017773096063916142,0.008976313387467965,0.008890993528721188,0.017867306916189152,-0.224241723564247,-1.2484504999999935,2 days 02:45:00
15m,DEVELOPMENT,20,CLOSED,BTCUSDT,LONG,2024-01-24 00:00:00+00:00,2024-01-24 00:15:00+00:00,39815.02,39834.927509999994,2024-01-26 10:30:00+00:00,40631.6260602,40611.3102471699,0.00044527721000664527,17.737585382469756,0.17737585382469756,39436.57823489999,40631.6260602,TP,0.3636160681603745,0.017737585382469757,0.018083290921574097,0.008864360510978176,0.009046168545057099,0.017910529056035275,0.30988466280029536,1.7470510000000206,2 days 10:15:00
15m,DEVELOPMENT,21,CLOSED,BTCUSDT,LONG,2024-01-27 00:00:00+00:00,2024-01-27 00:15:00+00:00,41856.84,41877.76841999999,2024-01-27 08:45:00+00:00,41458.99073579999,41438.26124043209,0.0004309484757923103,18.047160470182344,0.18047160470182344,41458.99073579999,42715.3237884,SL,-0.17145253400208457,0.018047160470182344,0.017857755521047777,0.009019070699739815,0.008933344432740738,0.017952415132480554,-0.22530986512579526,-1.248450500000008,0 days 08:30:00
15m,DEVELOPMENT,22,CLOSED,BTCUSDT,LONG,2024-01-28 00:00:00+00:00,2024-01-28 00:15:00+00:00,42112.11,42133.166055,2024-01-28 20:00:00+00:00,41711.83439445,41690.97847725278,0.00042299398214157996,17.822075689836893,0.17822075689836894,41711.83439445,42975.8293761,SL,-0.16931417234572657,0.017822075689836892,0.017635033005472058,0.008906584552642517,0.008821927466468366,0.01772851201911088,-0.22249979306014642,-1.248450499999996,0 days 19:45:00
15m,DEVELOPMENT,23,CLOSED,BTCUSDT,LONG,2024-01-29 02:45:00+00:00,2024-01-29 03:00:00+00:00,42237.56,42258.678779999995,2024-01-29 14:45:00+00:00,41836.091992199996,41815.1739462039,0.0004164777196636316,17.599798174292296,0.17599798174292297,41836.091992199996,43103.85235559999,SL,-0.16720248040644586,0.017599798174292296,0.0174150882924531,0.008795501336476684,0.00871190009627425,0.017507401432750935,-0.21972476830594223,-1.2484504999999952,0 days 11:45:00
15m,DEVELOPMENT,24,CLOSED,BTCUSDT,LONG,2024-01-30 00:00:00+00:00,2024-01-30 00:15:00+00:00,43187.99,43209.58399499999,2024-01-30 23:30:00+00:00,42777.48815504999,42756.09941097247,0.00040223235922059704,17.3802929112494,0.17380292911249398,42777.48815504999,44073.7756749,SL,-0.16511712555864855,0.017380292911249397,0.017197886737145836,0.008685803553846018,0.008603244991067066,0.017289048544913085,-0.21698435375195688,-1.2484504999999955,0 days 23:15:00
15m,DEVELOPMENT,25,CLOSED,BTCUSDT,LONG,2024-02-02 00:00:00+00:00,2024-02-02 00:15:00+00:00,43169.44,43191.02472,2024-02-02 13:45:00+00:00,42759.1144728,42737.734915563604,0.00039738638840712385,17.163525325083608,0.1716352532508361,42759.1144728,44054.845214400004,SL,-0.16305777932525803,0.017163525325083608,0.016983394126796857,0.008577473925578586,0.008495945035914823,0.01707341896149341,-0.2142781177386319,-1.248450499999994,0 days 13:30:00
15m,DEVELOPMENT,26,CLOSED,BTCUSDT,LONG,2024-02-03 00:00:00+00:00,2024-02-03 00:15:00+00:00,43212.15,43233.756075,2024-02-04 06:30:00+00:00,42801.41851425,42780.01780499288,0.0003920423023619667,16.94946127139866,0.1694946127139866,42801.41851425,44098.4311965,SL,-0.1610241173259822,0.016949461271398663,0.016771576675355337,0.008470495388003782,0.008389983329340048,0.01686047871734383,-0.21160563399008003,-1.2484504999999828,1 days 06:15:00
15m,DEVELOPMENT,27,CLOSED,BTCUSDT,LONG,2024-02-05 07:00:00+00:00,2024-02-05 07:15:00+00:00,42808.8,42830.2044,2024-02-05 20:15:00+00:00,42401.902356,42380.701404822,0.0003908005405561019,16.738067031648335,0.16738067031648335,42401.902356,43686.808488,SL,-0.15901581922620597,0.016738067031648336,0.016562401018151186,0.008364851090278808,0.008285343180665114,0.01665019427094392,-0.2089664815469494,-1.2484505000000037,0 days 13:00:00
15m,DEVELOPMENT,28,CLOSED,BTCUSDT,LONG,2024-02-06 03:15:00+00:00,2024-02-06 03:30:00+00:00,42901.43,42922.880715,2024-02-07 20:00:00+00:00,43781.3383293,43759.44766013535,0.0003850931958080067,16.529309307825212,0.16529309307825213,42493.65190785,43781.3383293,TP,0.3388467105482211,0.016529309307825212,0.016851465546234724,0.008260524391716376,0.008429947746990083,0.01669047213870646,0.2887754635554547,1.7470510000000075,1 days 16:30:00
15m,DEVELOPMENT,29,CLOSED,BTCUSDT,LONG,2024-02-08 00:00:00+00:00,2024-02-08 00:15:00+00:00,44344.0,44366.172,2024-02-08 15:15:00+00:00,45253.49544,45230.868692280004,0.00037906800443374036,16.817796284404086,0.16817796284404085,43922.510279999995,45253.49544,TP,0.3447606214823862,0.016817796284404087,0.017145575133987127,0.008404695794304383,0.008577076105043983,0.016981771899348366,0.2938154781646466,1.747051000000013,0 days 15:00:00
15m,DEVELOPMENT,30,CLOSED,BTCUSDT,LONG,2024-02-09 00:00:00+00:00,2024-02-09 00:15:00+00:00,45338.06,45360.729029999995,2024-02-09 02:45:00+00:00,46267.94361059999,46244.80963879469,0.00037722758444415,17.11131824061253,0.1711131824061253,44907.12173969999,46267.94361059999,TP,0.35077774824084046,0.01711131824061253,0.017444817833122066,0.008551383428590948,0.008726772302711879,0.017278155731302827,0.29894345643580306,1.7470509999999968,0 days 02:30:00
15m,DEVELOPMENT,31,CLOSED,BTCUSDT,LONG,2024-02-09 02:45:00+00:00,2024-02-09 03:00:00+00:00,46285.22,46308.36261,2024-02-09 11:45:00+00:00,47234.5298622,47210.9125972689,0.00037595721530601337,17.40996305223671,0.1740996305223671,45845.278983899996,47234.5298622,TP,0.3568998922552458,0.01740996305223671,0.017749283232124803,0.008700631210511341,0.008879081156639764,0.017579712367151105,0.3041609336037332,1.747051000000007,0 days 08:45:00
15m,DEVELOPMENT,32,CLOSED,BTCUSDT,LONG,2024-02-10 00:00:00+00:00,2024-02-10 00:15:00+00:00,47212.83,47236.436415,2024-02-11 03:30:00+00:00,48181.1651433,48157.07456072835,0.00037500331255172474,17.713820128763917,0.17713820128763919,46764.072050849994,48181.1651433,TP,0.36312888639774865,0.017713820128763918,0.01805906248307353,0.00885248382246875,0.009034048265668565,0.017886532088137314,0.30946947169777383,1.7470510000000141,1 days 03:15:00
15m,DEVELOPMENT,33,CLOSED,BTCUSDT,LONG,2024-02-11 03:30:00+00:00,2024-02-11 03:45:00+00:00,48272.69,48296.826345,2024-02-12 06:45:00+00:00,47813.85808155,47789.95115250923,0.00037317111297140463,18.022980440150306,0.18022980440150307,47813.85808155,49262.7628719,SL,-0.17122281767479114,0.018022980440150306,0.017833829260430933,0.009006986726711418,0.008921375317873096,0.017928362044584513,-0.22500798941995687,-1.2484504999999897,1 days 03:00:00
15m,DEVELOPMENT,34,CLOSED,BTCUSDT,LONG,2024-02-13 00:00:00+00:00,2024-02-13 00:15:00+00:00,49966.9,49991.88345,2024-02-13 13:30:00+00:00,49491.9646155,49467.21863319226,0.00035602173804348964,17.798197233936566,0.17798197233936566,49491.9646155,50991.721119,SL,-0.16908732104804322,0.017798197233936566,0.017611405153966402,0.008894651291322522,0.00881010763079656,0.017704758922119083,-0.22220168235806523,-1.2484504999999888,0 days 13:15:00
15m,DEVELOPMENT,35,CLOSED,BTCUSDT,LONG,2024-02-14 00:00:00+00:00,2024-02-14 00:15:00+00:00,49581.58,49606.37079,2024-02-14 08:45:00+00:00,50598.4982058,50573.1989566971,0.0003543137151816051,17.576217531281156,0.17576217531281155,49110.3070821,50598.4982058,TP,0.3603080675328103,0.017576217531281156,0.01791877801096583,0.008783716907186667,0.008963870940953361,0.017747587848140026,0.3070654841424233,1.7470510000000032,0 days 08:30:00
15m,DEVELOPMENT,36,CLOSED,BTCUSDT,LONG,2024-02-15 00:00:00+00:00,2024-02-15 00:15:00+00:00,51870.21,51896.145104999996,2024-02-15 21:30:00+00:00,51377.18365394999,51351.495062123024,0.0003445916111980196,17.882976256698168,0.1788297625669817,51377.18365394999,52934.068007099995,SL,-0.16989274294844406,0.017882976256698168,0.017695294420884123,0.008937019618538725,0.008852073247063545,0.01778909286560227,-0.22326010649162864,-1.2484504999999948,0 days 21:15:00
15m,DEVELOPMENT,37,CLOSED,BTCUSDT,LONG,2024-02-16 02:45:00+00:00,2024-02-16 03:00:00+00:00,52168.14,52194.22407,2024-02-16 09:00:00+00:00,51672.281829299995,51646.44568838535,0.00033835044972775976,17.659939187275963,0.17659939187275964,51672.281829299995,53238.1085514,SL,-0.1677738350575309,0.017659939187275965,0.017474598125505503,0.008825556815229403,0.008741669897700083,0.017567226712929485,-0.22047559908324185,-1.2484504999999952,0 days 06:00:00
15m,DEVELOPMENT,38,CLOSED,BTCUSDT,LONG,2024-02-17 00:00:00+00:00,2024-02-17 00:15:00+00:00,52118.0,52144.058999999994,2024-02-17 10:00:00+00:00,51622.618409999995,51596.807100795,0.000334451981260923,17.43968384353646,0.1743968384353646,51622.618409999995,53186.94018,SL,-0.16568135425568775,0.01743968384353646,0.017256654361598546,0.008715484179676328,0.008632643502549575,0.017348127682225906,-0.21772582014304862,-1.2484504999999912,0 days 09:45:00
15m,DEVELOPMENT,39,CLOSED,BTCUSDT,LONG,2024-02-18 00:00:00+00:00,2024-02-18 00:15:00+00:00,51650.01,51675.835005,2024-02-20 13:30:00+00:00,52709.3517051,52682.99702924745,0.0003332732897308554,17.222175531705243,0.17222175531705244,51159.07665495,52709.3517051,TP,0.3530502950077706,0.017222175531705245,0.017557835732818182,0.008606784373665383,0.00878330952116904,0.017390093894834424,0.30088018984841275,1.7470510000000057,2 days 13:15:00
15m,DEVELOPMENT,40,CLOSED,BTCUSDT,LONG,2024-02-21 00:00:00+00:00,2024-02-21 00:15:00+00:00,52341.75,52367.920874999996,2024-02-21 04:30:00+00:00,51844.241666249996,51818.319545416874,0.000334608570459948,17.522755141943417,0.17522755141943416,51844.241666249996,53415.279292499996,SL,-0.16647055234799943,0.017522755141943416,0.017338853826728725,0.008756999071434707,0.008673763795260948,0.017430762866695655,-0.21876292418336724,-1.248450499999994,0 days 04:15:00
15m,DEVELOPMENT,41,CLOSED,BTCUSDT,LONG,2024-02-21 04:30:00+00:00,2024-02-21 04:45:00+00:00,51905.25,51931.202625,2024-02-21 09:15:00+00:00,51411.89059875,51386.184653450626,0.0003332141349988591,17.304210762139856,0.17304210762139857,51411.89059875,52969.8266775,SL,-0.16439432613107494,0.017304210762139855,0.0171226030701912,0.008647781490324127,0.008565584327257828,0.017213365817581955,-0.21603450578098796,-1.2484504999999948,0 days 04:30:00
15m,DEVELOPMENT,42,CLOSED,BTCUSDT,LONG,2024-02-22 00:00:00+00:00,2024-02-22 00:15:00+00:00,51770.78,51796.665389999995,2024-02-22 01:45:00+00:00,51278.69873609999,51253.05938673195,0.000329912976952858,17.088392075045967,0.17088392075045966,51278.69873609999,52832.59869779999,SL,-0.1623439946759762,0.017088392075045967,0.016909049400218357,0.008539926074484363,0.00845875407714589,0.016998680151630252,-0.2133401163028708,-1.2484504999999946,0 days 01:30:00
15m,DEVELOPMENT,43,CLOSED,BTCUSDT,LONG,2024-02-22 01:45:00+00:00,2024-02-22 02:00:00+00:00,51238.82,51264.43941,2024-02-23 16:00:00+00:00,50751.795015899996,50726.41911839205,0.0003291807202019379,16.87526508573241,0.16875265085732408,50751.795015899996,52289.7281982,SL,-0.1603192350223767,0.016875265085732408,0.01669815917865765,0.008433415834948511,0.00835325621743663,0.01678667205238514,-0.2106793313391519,-1.2484505000000012,1 days 14:00:00
15m,DEVELOPMENT,44,CLOSED,BTCUSDT,LONG,2024-02-24 06:30:00+00:00,2024-02-24 06:45:00+00:00,50974.88,51000.367439999995,2024-02-26 15:15:00+00:00,52020.37478879999,51994.36460140559,0.00032675835606206646,16.66479622325574,0.16664796223255737,50490.36376559999,52020.37478879999,TP,0.3416241584597438,0.01666479622325574,0.016989593101646994,0.008328233994629624,0.008499046073860565,0.01682728006849019,0.2911424890663509,1.7470509999999957,2 days 08:30:00
15m,DEVELOPMENT,45,CLOSED,BTCUSDT,LONG,2024-02-27 00:00:00+00:00,2024-02-27 00:15:00+00:00,54606.8,54634.1034,2024-02-27 01:45:00+00:00,55726.785468,55698.922075266004,0.00031034915566464043,16.95564786068466,0.1695564786068466,54087.762366,55726.785468,TP,0.3475865443504668,0.01695564786068466,0.017286113437489405,0.00847358713677303,0.008647380408948524,0.017120967545721552,0.29622381550657123,1.7470510000000075,0 days 01:30:00
15m,DEVELOPMENT,46,CLOSED,BTCUSDT,LONG,2024-02-27 01:45:00+00:00,2024-02-27 02:00:00+00:00,55768.41,55796.294205,2024-02-27 02:00:00+00:00,56912.220089099996,56883.763979055446,0.00030918855802358416,17.251575748303615,0.17251575748303616,55238.33126295,56912.220089099996,TP,0.3536529921016539,0.017251575748303615,0.01758780895963805,0.00862147713558242,0.0087983036316348,0.01741978076721722,0.301393826626495,1.7470509999999952,0 days 00:00:00
15m,DEVELOPMENT,47,CLOSED,BTCUSDT,LONG,2024-02-27 02:00:00+00:00,2024-02-27 02:15:00+00:00,56355.13,56383.307564999996,2024-02-27 03:45:00+00:00,55819.474489349996,55791.564752105325,0.0003113096630941895,17.552668482196214,0.17552668482196215,55819.474489349996,57510.973716299995,SL,-0.1667547365549981,0.017552668482196214,0.017368453226475566,0.008771948266964046,0.008688570898685693,0.017460519165649738,-0.21913637742931963,-1.248450499999992,0 days 01:30:00
15m,DEVELOPMENT,48,CLOSED,BTCUSDT,LONG,2024-02-27 03:45:00+00:00,2024-02-27 04:00:00+00:00,55667.6,55695.4338,2024-02-27 10:15:00+00:00,56809.342476,56780.937804762,0.00031122391620957025,17.333751022226867,0.17333751022226868,55138.479461999996,56809.342476,TP,0.3553375646835311,0.017333751022226868,0.017671585829650067,0.008662544238994041,0.00884021302133584,0.017502757260329883,0.3028294705713243,1.7470509999999977,0 days 06:15:00
15m,DEVELOPMENT,49,CLOSED,BTCUSDT,LONG,2024-02-28 00:00:00+00:00,2024-02-28 00:15:00+00:00,56935.8,56964.2679,2024-02-28 07:45:00+00:00,58103.553258,58074.501481371,0.0003096024686355104,17.63627796585456,0.1763627796585456,56394.625221,58103.553258,TP,0.3615392914339592,0.017636277965854562,0.017980009023409068,0.00881373211686761,0.008994501762585674,0.017808233879453284,0.3081147705652423,1.747051000000003,0 days 07:30:00
15m,DEVELOPMENT,50,CLOSED,BTCUSDT,LONG,2024-02-28 07:45:00+00:00,2024-02-28 08:00:00+00:00,58241.09,58270.210544999994,2024-02-28 08:45:00+00:00,59435.614755899995,59405.89694852205,0.0003079461145176167,17.944084929456206,0.17944084929456205,57687.508439549994,59435.614755899995,TP,0.36784925727450896,0.017944084929456205,0.018293815144731308,0.008967558685384779,0.009151483314020586,0.018119041999405366,0.3134923152009161,1.747051000000012,0 days 00:45:00
15m,DEVELOPMENT,51,CLOSED,BTCUSDT,LONG,2024-02-29 00:00:00+00:00,2024-02-29 00:15:00+00:00,61720.0,61750.85999999999,2024-02-29 01:00:00+00:00,61133.35139999999,61102.78472429999,0.0002956600776980444,18.25726406552106,0.1825726406552106,61133.35139999999,62985.877199999995,SL,-0.17344857065745126,0.01825726406552106,0.018065654079153417,0.00912406999775967,0.009037345712432898,0.018161415710192568,-0.2279329045123183,-1.2484505000000017,0 days 00:45:00
15m,DEVELOPMENT,52,CLOSED,BTCUSDT,LONG,2024-02-29 01:00:00+00:00,2024-02-29 01:15:00+00:00,61091.1,61121.645549999994,2024-02-29 04:45:00+00:00,62344.078461,62312.9064217695,0.00029497829621519505,18.029558866208056,0.18029558866208056,60510.429094499996,62344.078461,TP,0.36960145162011687,0.018029558866208058,0.01838095496851045,0.009010274295954657,0.009195075021766006,0.018205349317720665,0.3149855884676777,1.7470510000000066,0 days 03:30:00
15m,DEVELOPMENT,53,CLOSED,BTCUSDT,LONG,2024-02-29 04:45:00+00:00,2024-02-29 05:00:00+00:00,62443.89,62475.111945,2024-02-29 05:15:00+00:00,61850.36082554999,61819.43564513722,0.00029362460046342197,18.344229783758184,0.18344229783758184,61850.36082554999,63724.6141839,SL,-0.1742747667112678,0.018344229783758183,0.018151707092177644,0.009167531126315203,0.009080393742959044,0.01824792486927425,-0.22901862845647789,-1.2484504999999995,0 days 00:15:00
15m,DEVELOPMENT,54,CLOSED,BTCUSDT,LONG,2024-02-29 05:15:00+00:00,2024-02-29 05:30:00+00:00,62167.46,62198.54373,2024-02-29 06:30:00+00:00,63442.5146046,63410.7933472977,0.00029125183418728134,18.115439945140327,0.18115439945140327,61576.5582927,63442.5146046,TP,0.37136199227868927,0.018115439945140328,0.018468509869671114,0.009053193375881776,0.00923887437202125,0.018292067747903026,0.31648597471597484,1.7470510000000072,0 days 01:00:00
15m,DEVELOPMENT,55,CLOSED,BTCUSDT,LONG,2024-02-29 06:30:00+00:00,2024-02-29 06:45:00+00:00,63434.52,63466.237259999994,2024-02-29 07:00:00+00:00,62831.57488739999,62800.1590999563,0.0002904159840852584,18.431609750051393,0.18431609750051395,62831.57488739999,64735.562005199994,SL,-0.17510489822512762,0.018431609750051394,0.018238170005724606,0.009211199275387313,0.009123646826273483,0.018334846101660796,-0.23010952408256444,-1.2484504999999948,0 days 00:15:00
15m,DEVELOPMENT,56,CLOSED,BTCUSDT,LONG,2024-02-29 07:00:00+00:00,2024-02-29 07:15:00+00:00,63115.13,63146.68756499999,2024-02-29 08:15:00+00:00,62515.22068934999,62483.96307900532,0.00028824520822057903,18.201730105613272,0.18201730105613273,62515.22068934999,64409.62131629999,SL,-0.17292098416177548,0.018201730105613274,0.018010702948154864,0.009096316894358166,0.009009856402277116,0.018106173296635282,-0.2272395905121789,-1.248450499999997,0 days 01:00:00
15m,DEVELOPMENT,57,CLOSED,BTCUSDT,LONG,2024-03-02 00:00:00+00:00,2024-03-02 00:15:00+00:00,62312.77,62343.92638499999,2024-03-02 09:30:00+00:00,61720.48712114999,61689.62687758942,0.0002883154554090415,17.974717527679033,0.17974717527679032,61720.48712114999,63590.80491269999,SL,-0.17076430794661726,0.017974717527679034,0.017786072867226044,0.008982867330172922,0.008897485176200167,0.01788035250637309,-0.22440545084789543,-1.248450499999994,0 days 09:15:00
15m,DEVELOPMENT,58,CLOSED,BTCUSDT,LONG,2024-03-03 04:15:00+00:00,2024-03-03 04:30:00+00:00,62090.79,62121.835394999995,2024-03-03 07:15:00+00:00,61500.61704104999,61469.86673252947,0.0002857374729068196,17.750536258100716,0.17750536258100716,61500.61704104999,63364.272102899995,SL,-0.16863452986831606,0.017750536258100715,0.017564244380071953,0.008870832712692222,0.008786515447759689,0.017657348160451912,-0.22160665866694063,-1.2484505000000052,0 days 02:45:00
15m,DEVELOPMENT,59,CLOSED,BTCUSDT,LONG,2024-03-04 00:00:00+00:00,2024-03-04 00:15:00+00:00,63291.94,63323.58597,2024-03-04 00:45:00+00:00,62690.3501103,62659.004935244855,0.0002768186721612976,17.529150984707176,0.17529150984707176,62690.3501103,64590.057689400004,SL,-0.16653131445241567,0.017529150984707177,0.017345182545122677,0.00876019539465564,0.008676929737429133,0.01743712513208477,-0.21884277311433029,-1.2484504999999921,0 days 00:30:00
15m,DEVELOPMENT,60,CLOSED,BTCUSDT,LONG,2024-03-04 00:45:00+00:00,2024-03-04 01:00:00+00:00,63459.29,63491.019645,2024-03-04 08:00:00+00:00,64760.8400379,64728.45961788105,0.00027264528011254017,17.310526835741815,0.17310526835741816,62856.10944855,64760.8400379,TP,0.3548614746637329,0.017310526835741816,0.017647909003770425,0.008650937948896306,0.008828368686227758,0.017479306635124064,0.3024237321890966,1.7470510000000048,0 days 07:00:00
15m,DEVELOPMENT,61,CLOSED,BTCUSDT,LONG,2024-03-05 00:00:00+00:00,2024-03-05 00:15:00+00:00,68236.35,68270.468175,2024-03-05 03:00:00+00:00,67587.76349325001,67553.96961150339,0.0002579834138704489,17.612648446320335,0.17612648446320336,67587.76349325001,69635.8775385,SL,-0.16732456120167347,0.017612648446320336,0.017427803700876206,0.008801923261528365,0.00871826098092732,0.017520184242455685,-0.2198851975913257,-1.2484504999999841,0 days 02:45:00
15m,DEVELOPMENT,62,CLOSED,BTCUSDT,LONG,2024-03-05 03:00:00+00:00,2024-03-05 03:15:00+00:00,67642.44,67676.26122,2024-03-05 04:45:00+00:00,66999.4986078,66965.9988584961,0.00025700271558620053,17.392982914261072,0.17392982914261074,66999.4986078,69029.7864444,SL,-0.16523768375817482,0.01739298291426107,0.0172104435585759,0.008692145384437801,0.008609526542558527,0.017301671926996328,-0.2171427821580081,-1.2484505000000068,0 days 01:30:00
15m,DEVELOPMENT,63,CLOSED,BTCUSDT,LONG,2024-03-05 04:45:00+00:00,2024-03-05 05:00:00+00:00,67326.18,67359.84309,2024-03-05 05:00:00+00:00,66686.24465909999,66652.90153677044,0.00025498956455421534,17.17605705795937,0.17176057057959368,66686.24465909999,68707.03995179999,SL,-0.16317683391894516,0.017176057057959368,0.016995794339136085,0.008583736660649828,0.008502148243689469,0.017085884904339297,-0.2144345702203799,-1.248450500000005,0 days 00:00:00
15m,DEVELOPMENT,64,CLOSED,BTCUSDT,LONG,2024-03-05 05:00:00+00:00,2024-03-05 05:15:00+00:00,66545.64,66578.91282,2024-03-05 08:00:00+00:00,65913.12369179999,65880.16712995409,0.0002547628969843077,16.961836708088864,0.16961836708088865,65913.12369179999,67910.4910764,SL,-0.16114168706685306,0.016961836708088863,0.01678382223183747,0.008476680014036984,0.008396109170504469,0.01687278918454145,-0.21176013519132084,-1.248450500000011,0 days 02:45:00
15m,DEVELOPMENT,65,CLOSED,BTCUSDT,LONG,2024-03-06 05:45:00+00:00,2024-03-06 06:00:00+00:00,66406.8,66440.0034,2024-03-06 06:15:00+00:00,65775.603366,65742.715564317,0.00025211148802385745,16.75028812148415,0.1675028812148415,65775.603366,67768.803468,SL,-0.15913192263339193,0.01675028812148415,0.016574493847649172,0.008370958581450972,0.008291392620134286,0.016662351201585258,-0.20911905580411053,-1.2484505000000063,0 days 00:15:00
15m,DEVELOPMENT,66,CLOSED,BTCUSDT,LONG,2024-03-06 06:15:00+00:00,2024-03-06 06:30:00+00:00,65893.2,65926.1466,2024-03-06 08:00:00+00:00,67244.669532,67211.047197234,0.00025090770246574223,16.541377975825704,0.16541377975825705,65266.88513399999,67244.669532,TP,0.3390941152265726,0.016541377975825704,0.016863769432574546,0.008266555710056736,0.008436102767670595,0.016702658477727332,0.288986309340445,1.7470510000000137,0 days 01:30:00
15m,DEVELOPMENT,67,CLOSED,BTCUSDT,LONG,2024-03-08 00:00:00+00:00,2024-03-08 00:15:00+00:00,66833.5,66866.91674999999,2024-03-08 14:30:00+00:00,68204.255085,68170.1529574575,0.000251695104329069,16.83007558755442,0.1683007558755442,66198.24758249999,68204.255085,TP,0.3450123441286761,0.016830075587554418,0.017158093760755857,0.008410832377585751,0.008583338549652998,0.016994170927238747,0.29403000385312716,1.7470510000000108,0 days 14:15:00
15m,DEVELOPMENT,68,CLOSED,BTCUSDT,LONG,2024-03-09 00:00:00+00:00,2024-03-09 00:15:00+00:00,68227.52,68261.63376,2024-03-10 04:15:00+00:00,69626.8664352,69592.05300198241,0.00025085558185356806,17.123811855139966,0.17123811855139967,67579.0174224,69626.8664352,TP,0.35103386421681254,0.017123811855139965,0.017457554948196646,0.008557627114011196,0.008733144046120824,0.017290771160132022,0.2991617262533439,1.747051000000015,1 days 04:00:00
15m,DEVELOPMENT,69,CLOSED,BTCUSDT,LONG,2024-03-10 04:15:00+00:00,2024-03-10 04:30:00+00:00,69371.9,69406.58595,2024-03-10 14:30:00+00:00,68712.5200905,68678.16383045475,0.00025102336442655584,17.42267471852992,0.17422674718529918,68712.5200905,70794.71766899999,SL,-0.16551976331796778,0.01742267471852992,0.01723982374735895,0.008706983867331078,0.008624223985670398,0.017331207853001476,-0.21751346963685814,-1.2484504999999873,0 days 10:00:00
15m,DEVELOPMENT,70,CLOSED,BTCUSDT,LONG,2024-03-11 07:00:00+00:00,2024-03-11 07:15:00+00:00,70447.12,70482.34356,2024-03-11 11:30:00+00:00,71891.9904312,71856.0444359844,0.0002441090587519977,17.205378545066527,0.17205378545066527,69777.52012439999,71891.9904312,TP,0.35270596097882617,0.017205378545066527,0.017540711372909874,0.008598390077494161,0.008774743057984669,0.01737313313547883,0.30058673792537094,1.7470510000000041,0 days 04:15:00
15m,DEVELOPMENT,71,CLOSED,BTCUSDT,LONG,2024-03-12 00:00:00+00:00,2024-03-12 00:15:00+00:00,72192.0,72228.09599999999,2024-03-12 03:15:00+00:00,71505.81503999999,71470.06213247999,0.00024236641924688733,17.505664996540425,0.17505664996540424,71505.81503999999,73672.65792,SL,-0.1663081916962718,0.017505664996540424,0.01732194304240173,0.00874845826913333,0.008665304173287513,0.017413762442420842,-0.2185495621776348,-1.248450500000005,0 days 03:00:00
15m,DEVELOPMENT,72,CLOSED,BTCUSDT,LONG,2024-03-12 03:15:00+00:00,2024-03-12 03:30:00+00:00,71669.18,71705.01458999999,2024-03-12 15:00:00+00:00,70987.9644441,70952.47046187795,0.00024108960669543794,17.287333765593736,0.17287333765593738,70987.9644441,73139.1148818,SL,-0.16423399044674386,0.017287333765593736,0.017105903197723833,0.008639347209191928,0.00855723021396833,0.017196577423160258,-0.21582380483322172,-1.2484504999999877,0 days 11:30:00
15m,DEVELOPMENT,73,CLOSED,BTCUSDT,LONG,2024-03-13 01:30:00+00:00,2024-03-13 01:45:00+00:00,71854.52,71890.44726,2024-03-13 08:15:00+00:00,73328.2562052,73291.5920770974,0.00023746862371318002,17.071725568957152,0.17071725568957152,71171.5427874,73328.2562052,TP,0.34996610836512754,0.01707172556895715,0.017404453500296128,0.008531596985984812,0.008706580040166959,0.01723817702615177,0.2982517522697225,1.7470510000000052,0 days 06:30:00
15m,DEVELOPMENT,74,CLOSED,BTCUSDT,LONG,2024-03-14 00:00:00+00:00,2024-03-14 00:15:00+00:00,72976.52,73013.00826,2024-03-14 13:30:00+00:00,72282.8781774,72246.7367383113,0.00023789842086186633,17.369679367428404,0.17369679367428403,72282.8781774,74473.2684252,SL,-0.1650162942402891,0.017369679367428403,0.01718738458246724,0.00868049943399679,0.008597991286875396,0.017278490720872185,-0.21685184891105694,-1.2484505000000012,0 days 13:15:00
15m,DEVELOPMENT,75,CLOSED,BTCUSDT,LONG,2024-03-15 01:15:00+00:00,2024-03-15 01:30:00+00:00,71901.1,71937.05055,2024-03-15 02:15:00+00:00,71217.6800445,71182.07120447775,0.00023844519649591117,17.153044153731045,0.17153044153731045,71217.6800445,73375.791561,SL,-0.16295820557842644,0.017153044153731044,0.016973022955337636,0.008572235958884674,0.008490756856097025,0.0170629928149817,-0.2141472655024768,-1.2484505000000048,0 days 00:45:00
15m,DEVELOPMENT,76,CLOSED,BTCUSDT,LONG,2024-03-16 00:00:00+00:00,2024-03-16 00:15:00+00:00,69772.0,69806.886,2024-03-16 01:30:00+00:00,69108.81714,69074.26273143,0.00024265673190981103,16.93911082156074,0.1693911082156074,69108.81714,71203.02372,SL,-0.16092578546620193,0.01693911082156074,0.01676133485348846,0.008465322749405329,0.008384859856671317,0.016850182606076645,-0.21147641374732778,-1.248450499999992,0 days 01:15:00
15m,DEVELOPMENT,77,CLOSED,BTCUSDT,LONG,2024-03-16 01:30:00+00:00,2024-03-16 01:45:00+00:00,69377.43,69412.11871499999,2024-03-16 05:15:00+00:00,68717.99752784999,68683.63852908606,0.0002409931577170993,16.72784567296201,0.16727845672962013,68717.99752784999,70800.36108929999,SL,-0.15891871376462202,0.01672784567296201,0.016552286932624276,0.008359742964997688,0.00828028360811691,0.0166400265731146,-0.20883887294332293,-1.248450500000002,0 days 03:30:00
15m,DEVELOPMENT,78,CLOSED,BTCUSDT,LONG,2024-03-16 05:15:00+00:00,2024-03-16 05:30:00+00:00,68789.98,68824.37499,2024-03-16 11:15:00+00:00,68136.1312401,68102.06317447996,0.00024001983937611623,16.51921543026139,0.1651921543026139,68136.1312401,70200.8624898,SL,-0.15693667432746905,0.01651921543026139,0.016345846264320802,0.008255479975143289,0.008177011637977476,0.016432491613120763,-0.206234227635172,-1.2484504999999788,0 days 05:45:00
15m,DEVELOPMENT,79,CLOSED,BTCUSDT,LONG,2024-03-18 00:00:00+00:00,2024-03-18 00:15:00+00:00,67866.88,67900.81344,2024-03-18 01:00:00+00:00,67221.80530559999,67188.19440294719,0.00024025024744719252,16.313187230825655,0.16313187230825654,67221.80530559999,69258.8297088,SL,-0.1549793549515252,0.016313187230825654,0.01614198033083814,0.00815251735673288,0.008075027679258523,0.016227545035991404,-0.2036620675491804,-1.2484505000000083,0 days 00:45:00
15m,DEVELOPMENT,80,CLOSED,BTCUSDT,LONG,2024-03-18 01:00:00+00:00,2024-03-18 01:15:00+00:00,67456.01,67489.73800499999,2024-03-18 05:30:00+00:00,68839.5327651,68805.11299871745,0.00023869893554323652,16.109728621885413,0.16109728621885414,66814.84062495,68839.5327651,TP,0.3302454113292058,0.016109728621885415,0.016423707232725963,0.008050838891496293,0.008215961597160868,0.01626680048865716,0.28144517498593724,1.747051000000012,0 days 04:15:00
15m,DEVELOPMENT,81,CLOSED,BTCUSDT,LONG,2024-03-18 05:30:00+00:00,2024-03-18 05:45:00+00:00,68679.99,68714.32999500001,2024-03-18 08:00:00+00:00,68027.18669505001,67993.17310170249,0.00023853674530557252,16.39089263286038,0.1639089263286038,68027.18669505001,70088.61659490001,SL,-0.15571757568749262,0.01639089263286038,0.01621887021467851,0.008191350641110132,0.008113491853265856,0.016304842494375988,-0.20463218102940753,-1.2484504999999937,0 days 02:15:00
15m,DEVELOPMENT,82,CLOSED,BTCUSDT,LONG,2024-03-19 00:00:00+00:00,2024-03-19 00:15:00+00:00,67888.41,67922.354205,2024-03-19 00:45:00+00:00,67243.13066294999,67209.50909761852,0.0002383083606132237,16.18646487958425,0.1618646487958425,67243.13066294999,69280.8012891,SL,-0.15377546094997688,0.01618646487958425,0.016016587930673013,0.008089187845867405,0.008012300115393509,0.016101487961260916,-0.20208000172149504,-1.2484505000000066,0 days 00:30:00
15m,DEVELOPMENT,83,CLOSED,BTCUSDT,LONG,2024-03-21 00:00:00+00:00,2024-03-21 00:15:00+00:00,67775.88,67809.76794,2024-03-21 03:30:00+00:00,67131.6702606,67098.1044254697,0.00023572690545306052,15.984586755986356,0.15984586755986357,67131.6702606,69165.96329880001,SL,-0.15185756833148484,0.015984586755986355,0.01581682851798228,0.007988299228379112,0.007912370444213031,0.01590066967259214,-0.1995596532780456,-1.2484505000000008,0 days 03:15:00
15m,DEVELOPMENT,84,CLOSED,BTCUSDT,LONG,2024-03-21 03:30:00+00:00,2024-03-21 03:45:00+00:00,66969.06,67002.54453,2024-03-21 05:00:00+00:00,66332.5190847,66299.35282515766,0.00023559144766410403,15.785226463001294,0.15785226463001295,66332.5190847,68342.5954206,SL,-0.14996359573295912,0.015785226463001293,0.0156195605112721,0.007888668897052484,0.007813687099183382,0.015702355996235866,-0.1970707387034684,-1.2484504999999773,0 days 01:15:00
15m,DEVELOPMENT,85,CLOSED,BTCUSDT,LONG,2024-03-21 05:00:00+00:00,2024-03-21 05:15:00+00:00,66535.99,66569.257995,2024-03-21 15:00:00+00:00,65903.56541505,65870.61363234249,0.00023416743805877336,15.588352598162668,0.1558835259816267,65903.56541505,67900.64315490001,SL,-0.14809324482312464,0.015588352598162668,0.015424752837644953,0.007790281158502544,0.007716234536088845,0.01550651569459139,-0.19461286595352362,-1.2484504999999921,0 days 09:45:00
15m,DEVELOPMENT,86,CLOSED,BTCUSDT,LONG,2024-03-22 05:30:00+00:00,2024-03-22 05:45:00+00:00,66278.0,66311.139,2024-03-22 09:30:00+00:00,65648.02760999999,65615.20359619499,0.00023214703265248774,15.393934150656651,0.15393934150656652,65648.02760999999,67637.36177999999,SL,-0.14624622099149803,0.015393934150656652,0.01523237481174551,0.007693120515069764,0.007619997404575583,0.015313117919645347,-0.19218564787354553,-1.2484505000000117,0 days 03:45:00
15m,DEVELOPMENT,87,CLOSED,BTCUSDT,LONG,2024-03-23 05:30:00+00:00,2024-03-23 05:45:00+00:00,64070.68,64102.715339999995,2024-03-23 14:30:00+00:00,65384.7696468,65352.07726197661,0.00023714971223615764,15.201940496437327,0.15201940496437327,63461.6881866,65384.7696468,TP,0.3116359815911338,0.015201940496437328,0.015498226316712894,0.007597171662386262,0.007752989653181327,0.015350161315567589,0.2655856534624161,1.7470510000000183,0 days 08:45:00
15m,DEVELOPMENT,88,CLOSED,BTCUSDT,LONG,2024-03-25 00:00:00+00:00,2024-03-25 00:15:00+00:00,66863.93,66897.36196499999,2024-03-25 14:00:00+00:00,68235.30920429999,68201.19154969785,0.00023120883059124108,15.467260829566616,0.15467260829566618,66228.38834534999,68235.30920429999,TP,0.31707498212334956,0.015467260829566617,0.01576871774313487,0.007729765532016405,0.007888303023077865,0.015618068555094271,0.2702209349955538,1.7470510000000121,0 days 13:45:00
15m,DEVELOPMENT,89,CLOSED,BTCUSDT,LONG,2024-03-26 00:00:00+00:00,2024-03-26 00:15:00+00:00,69860.0,69894.93,2024-03-26 07:15:00+00:00,71292.8286,71257.1821857,0.00022515526968233833,15.737211813578158,0.15737211813578159,69195.98069999999,71292.8286,TP,0.3226089098415658,0.015737211813578157,0.0160439300718248,0.007864673570002504,0.008025978024922675,0.015890651594925177,0.27493711636123763,1.7470510000000146,0 days 07:00:00
15m,DEVELOPMENT,90,CLOSED,BTCUSDT,LONG,2024-03-26 07:15:00+00:00,2024-03-26 07:30:00+00:00,71485.24,71520.98262,2024-03-26 07:45:00+00:00,70805.77279379999,70770.36990740309,0.00022387659790076714,16.011874267485496,0.16011874267485496,70805.77279379999,72951.4022724,SL,-0.1521168065091989,0.016011874267485494,0.015843829647048235,0.008001936165657675,0.007925877762405253,0.015927813928062928,-0.19990032435179553,-1.2484505000000095,0 days 00:15:00
15m,DEVELOPMENT,91,CLOSED,BTCUSDT,LONG,2024-03-26 07:45:00+00:00,2024-03-26 08:00:00+00:00,70486.38,70521.62319,2024-03-26 14:15:00+00:00,69816.4069581,69781.49875462094,0.00022421738083305492,15.812173643757427,0.15812173643757427,69816.4069581,71932.0556538,SL,-0.15021960068357515,0.015812173643757428,0.015646224881366192,0.007902135754000316,0.0078270259536595,0.015729161707659818,-0.1974071609163586,-1.248450500000005,0 days 06:15:00
15m,DEVELOPMENT,92,CLOSED,BTCUSDT,LONG,2024-03-27 01:00:00+00:00,2024-03-27 01:15:00+00:00,70678.04,70713.37902,2024-03-27 07:15:00+00:00,70006.2452298,69971.2421071851,0.0002208204997299822,15.614963692792038,0.1561496369279204,70006.2452298,72127.6466004,SL,-0.1483460568715514,0.015614963692792038,0.015451084648836187,0.007803580056367712,0.007729407027932136,0.015532987084299848,-0.19494509229747944,-1.2484504999999921,0 days 06:00:00
15m,DEVELOPMENT,93,CLOSED,BTCUSDT,LONG,2024-03-27 07:15:00+00:00,2024-03-27 07:30:00+00:00,69815.99,69850.897995,2024-03-27 13:00:00+00:00,71247.9159549,71212.29199692256,0.00022075898511627305,15.420213350836514,0.15420213350836515,69152.38901505001,71247.9159549,TP,0.31611052056537375,0.015420213350836515,0.01572075330904432,0.007706253548644242,0.00786430880892464,0.01557056235756888,0.269398991547924,1.7470510000000077,0 days 05:30:00
15m,DEVELOPMENT,94,CLOSED,BTCUSDT,LONG,2024-03-28 02:00:00+00:00,2024-03-28 02:15:00+00:00,69568.94,69603.72447,2024-03-28 02:45:00+00:00,68907.6872253,68873.23338168736,0.0002254095356532974,15.689343212522752,0.15689343212522752,68907.6872253,70995.7989594,SL,-0.14905268089458115,0.015689343212522754,0.015524683555507329,0.007840751230645758,0.007766224890197832,0.01560697612084359,-0.1958736837834548,-1.24845049999999,0 days 00:30:00
15m,DEVELOPMENT,95,CLOSED,BTCUSDT,LONG,2024-03-28 04:30:00+00:00,2024-03-28 04:45:00+00:00,69690.69,69725.535345,2024-03-28 13:15:00+00:00,71120.0460519,71084.48602887406,0.00022220934023787494,15.49366520674508,0.1549366520674508,69028.27999154999,71120.0460519,TP,0.3176162652577132,0.01549366520674508,0.015795636741624545,0.007742961122809861,0.007901769255438713,0.015644730378248574,0.270682232931095,1.7470510000000194,0 days 08:30:00
15m,DEVELOPMENT,96,CLOSED,BTCUSDT,LONG,2024-03-29 00:00:00+00:00,2024-03-29 00:15:00+00:00,70716.6,70751.9583,2024-03-29 06:00:00+00:00,70044.438717,70009.4164976415,0.00022280764245440066,15.764077027855064,0.15764077027855064,70044.438717,72166.997466,SL,-0.14976267081435712,0.015764077027855063,0.015598633039447727,0.007878099464193785,0.00780321812878654,0.015681317592980325,-0.19680669847464025,-1.2484504999999908,0 days 05:45:00
15m,DEVELOPMENT,97,CLOSED,BTCUSDT,LONG,2024-03-30 01:15:00+00:00,2024-03-30 01:30:00+00:00,70089.1,70124.14455,2024-04-01 05:45:00+00:00,69422.9031045,69388.19165294776,0.00022199867163254846,15.567466939468812,0.15567466939468813,69422.9031045,71526.627441,SL,-0.14789482584672875,0.015567466939468812,0.015404086373939089,0.007779843547958524,0.007705896135035011,0.015485739682993535,-0.1943521188431302,-1.2484504999999815,2 days 04:15:00
15m,DEVELOPMENT,98,CLOSED,BTCUSDT,LONG,2024-04-02 00:00:00+00:00,2024-04-02 00:15:00+00:00,69577.02,69611.80851,2024-04-02 02:15:00+00:00,68915.6904249,68881.23257968757,0.0002208434072845289,15.373308978586566,0.15373308978586567,68915.6904249,71004.04468020001,SL,-0.14605027670311305,0.015373308978586566,0.015211966100856303,0.007682813082751575,0.007609787944398271,0.015292601027149846,-0.19192815280970577,-1.2484504999999797,0 days 02:00:00
15m,DEVELOPMENT,99,CLOSED,BTCUSDT,LONG,2024-04-03 04:00:00+00:00,2024-04-03 04:15:00+00:00,66214.8,66247.9074,2024-04-03 11:00:00+00:00,65585.428326,65552.635611837,0.00022916305069876452,15.181572562193256,0.15181572562193257,65585.428326,67572.865548,SL,-0.14422873283723037,0.015181572562193256,0.01502224195815304,0.007586992784702788,0.007514878418283741,0.01510187120298653,-0.18953441856056322,-1.2484504999999912,0 days 06:45:00
15m,DEVELOPMENT,100,CLOSED,BTCUSDT,LONG,2024-04-04 00:00:00+00:00,2024-04-04 00:15:00+00:00,66219.99,66253.099995,2024-04-04 02:30:00+00:00,65590.56899505,65557.77371055247,0.00022628718489908574,14.992227488706181,0.1499222748870618,65590.56899505,67578.1619949,SL,-0.14242990732649144,0.014992227488706182,0.01483488406121221,0.007492367560570906,0.007421152606908998,0.014913520167479904,-0.18717053904388975,-1.2484505,0 days 02:15:00
15m,DEVELOPMENT,101,CLOSED,BTCUSDT,LONG,2024-04-05 00:00:00+00:00,2024-04-05 00:15:00+00:00,68341.08,68375.25054,2024-04-05 02:30:00+00:00,67691.4980346,67657.65228558269,0.00021652928239811878,14.805243933217783,0.14805243933217782,67691.4980346,69742.7555508,SL,-0.14065351682682334,0.014805243933217783,0.014649862898138662,0.0073989225053544576,0.0073285957469433,0.014727518252297758,-0.18483614191047754,-1.2484505000000032,0 days 02:15:00
15m,DEVELOPMENT,102,CLOSED,BTCUSDT,LONG,2024-04-05 02:30:00+00:00,2024-04-05 02:45:00+00:00,67672.39,67706.226195,2024-04-05 05:15:00+00:00,67029.16393304999,66995.64935108347,0.0002159416240493025,14.620592442797726,0.14620592442797725,67029.16393304999,69060.3507189,SL,-0.13889928152803058,0.014620592442797726,0.014467149325110564,0.007306642899948074,0.007237193259183682,0.014543836159131756,-0.1825308594550706,-1.2484505000000012,0 days 02:30:00
15m,DEVELOPMENT,103,CLOSED,BTCUSDT,LONG,2024-04-06 00:00:00+00:00,2024-04-06 00:15:00+00:00,67792.21,67826.106105,2024-04-06 23:00:00+00:00,69182.6282271,69148.03691298644,0.00021287148505181905,14.4382439318536,0.144382439318536,67147.84504395,69182.6282271,TP,0.2959803928458919,0.014438243931853601,0.014719645306085426,0.007215514208820799,0.007363504405246056,0.014579018614066856,0.252243484993886,1.7470509999999886,0 days 22:45:00
15m,DEVELOPMENT,104,CLOSED,BTCUSDT,LONG,2024-04-07 00:00:00+00:00,2024-04-07 00:15:00+00:00,69109.45,69144.00472499999,2024-04-08 07:30:00+00:00,70526.88481949999,70491.62137709024,0.00021245855636768644,14.690235425353988,0.1469023542535399,68452.56467775,70526.88481949999,TP,0.30114615549626034,0.014690235425353988,0.014976548113794137,0.007341446989181237,0.007492020066930254,0.01483346705611149,0.25664590490100075,1.7470509999999975,1 days 07:15:00
15m,DEVELOPMENT,105,CLOSED,BTCUSDT,LONG,2024-04-08 07:30:00+00:00,2024-04-08 07:45:00+00:00,70650.79,70686.11539499999,2024-04-08 08:45:00+00:00,72099.83770289998,72063.78778404853,0.00021145064850737098,14.946624940739607,0.14946624940739608,69979.25424104999,72099.83770289998,TP,0.3064020764963188,0.014946624940739608,0.01523793466083462,0.007469577681527469,0.0076227787197774895,0.01509235640130496,0.2611251604934396,1.7470509999999924,0 days 01:00:00
15m,DEVELOPMENT,106,CLOSED,BTCUSDT,LONG,2024-04-09 00:00:00+00:00,2024-04-09 00:15:00+00:00,71699.99,71735.839995,2024-04-09 01:00:00+00:00,71018.48159505,70982.97235425249,0.00021199290672551985,15.207489236936851,0.15207489236936853,71018.48159505,73170.55679490001,SL,-0.1444749477232232,0.015207489236936851,0.015047886637395202,0.0075999446461446855,0.007527707172282071,0.015127651818426756,-0.18985797541598198,-1.2484504999999846,0 days 00:45:00
15m,DEVELOPMENT,107,CLOSED,BTCUSDT,LONG,2024-04-09 01:00:00+00:00,2024-04-09 01:15:00+00:00,71073.41,71108.946705,2024-04-09 07:45:00+00:00,70397.85723795,70362.65830933102,0.00021119453494551635,15.01782092982798,0.1501782092982798,70397.85723795,72531.12563909999,SL,-0.1426730514123103,0.015017820929827981,0.014860208899169437,0.0075051578859691775,0.007433821360265536,0.014938979246234715,-0.18749006048754244,-1.2484505000000026,0 days 06:30:00
15m,DEVELOPMENT,108,CLOSED,BTCUSDT,LONG,2024-04-10 07:30:00+00:00,2024-04-10 07:45:00+00:00,69421.42,69456.13071,2024-04-10 10:15:00+00:00,68761.5694029,68727.18861819856,0.00021352352946379916,14.83051817209817,0.1483051817209817,68761.5694029,70845.25332419999,SL,-0.1408936284115868,0.01483051817209817,0.014674871883882003,0.007411553309394256,0.007341106495186363,0.014752659804580619,-0.18515167827214762,-1.2484504999999808,0 days 02:30:00
15m,DEVELOPMENT,109,CLOSED,BTCUSDT,LONG,2024-04-11 00:00:00+00:00,2024-04-11 00:15:00+00:00,70462.17,70497.40108499999,2024-04-11 13:30:00+00:00,69792.42707415,69757.53086061293,0.00020774597694572,14.645551460537584,0.14645551460537584,69792.42707415,71907.34910669998,SL,-0.13913639843319422,0.014645551460537585,0.014491846397959245,0.007319116172181074,0.007249547972964552,0.014568664145145627,-0.1828424604368367,-1.2484504999999857,0 days 13:15:00
15m,DEVELOPMENT,110,CLOSED,BTCUSDT,LONG,2024-04-12 02:15:00+00:00,2024-04-12 02:30:00+00:00,70714.14,70749.49707,2024-04-12 13:00:00+00:00,70042.00209929999,70006.98109825034,0.00020442395011786033,14.462891659901384,0.14462891659901383,70042.00209929999,72164.4870114,SL,-0.13740108468502157,0.014462891659901384,0.014311103611930718,0.007227831913993329,0.0071591313716516175,0.014386963285644946,-0.1805620432424986,-1.2484505000000103,0 days 10:30:00
15m,DEVELOPMENT,111,CLOSED,BTCUSDT,LONG,2024-04-15 00:00:00+00:00,2024-04-15 00:15:00+00:00,65712.78,65745.63639,2024-04-15 01:45:00+00:00,65088.1800261,65055.635936086954,0.00021723890409391271,14.282509998320467,0.14282509998320467,65088.1800261,67060.5491178,SL,-0.13568741382712168,0.014282509998320467,0.014132615055888096,0.007137686156082373,0.00706984244916838,0.014207528605250753,-0.17831006748658096,-1.2484504999999937,0 days 01:30:00
15m,DEVELOPMENT,112,CLOSED,BTCUSDT,LONG,2024-04-15 01:45:00+00:00,2024-04-15 02:00:00+00:00,65275.63,65308.26781499999,2024-04-15 09:15:00+00:00,66614.4331713,66581.12595471436,0.00021596619439858956,14.104378062769438,0.14104378062769438,64655.18513684999,66614.4331713,TP,0.2891362259544244,0.014104378062769438,0.014379272391212818,0.007048664699034034,0.0071932328120108795,0.014241897511044915,0.24641067798939723,1.7470510000000223,0 days 07:15:00
15m,DEVELOPMENT,113,CLOSED,BTCUSDT,LONG,2024-04-17 00:00:00+00:00,2024-04-17 00:15:00+00:00,63690.75,63722.595375,2024-04-17 10:00:00+00:00,63085.36942125,63053.82673653938,0.0002252033598411066,14.35054257624536,0.1435054257624536,63085.36942125,64997.047282499996,SL,-0.13633374031705414,0.01435054257624536,0.014199933631907666,0.007171685445399338,0.007103518575240544,0.014275204020639882,-0.17915942054584705,-1.2484504999999928,0 days 09:45:00
15m,DEVELOPMENT,114,CLOSED,BTCUSDT,LONG,2024-04-18 03:45:00+00:00,2024-04-18 04:00:00+00:00,61987.99,62018.983994999995,2024-04-18 05:30:00+00:00,61398.794155049996,61368.094757972474,0.00022850361652622587,14.171562136139618,0.14171562136139618,61398.794155049996,63259.36367489999,SL,-0.1346333814133008,0.014171562136139619,0.014022831591520835,0.007082239948095096,0.007014923257388428,0.014097163205483524,-0.1769249383464448,-1.2484504999999932,0 days 01:30:00
15m,DEVELOPMENT,115,CLOSED,BTCUSDT,LONG,2024-04-18 05:30:00+00:00,2024-04-18 05:45:00+00:00,61363.26,61393.94163,2024-04-18 11:15:00+00:00,62621.8204626,62590.509552368705,0.0002279510579451833,13.994813945983331,0.1399481394598333,60780.0022137,62621.8204626,TP,0.28689018893764895,0.013994813945983332,0.014267572869790546,0.0069939100179824765,0.007137355112450488,0.014131265130432964,0.2444965369914421,1.7470510000000061,0 days 05:30:00
15m,DEVELOPMENT,116,CLOSED,BTCUSDT,LONG,2024-04-19 00:00:00+00:00,2024-04-19 00:15:00+00:00,62914.0,62945.456999999995,2024-04-19 01:00:00+00:00,62316.00242999999,62284.844428785,0.0002262127706959069,14.239066230690067,0.14239066230690067,62316.00242999999,64204.36614,SL,-0.13527468717912108,0.014239066230690068,0.014089627230598976,0.007115975127779985,0.007048337784190095,0.01416431291197008,-0.1777676935523802,-1.2484504999999924,0 days 00:45:00
15m,DEVELOPMENT,117,CLOSED,BTCUSDT,LONG,2024-04-19 01:00:00+00:00,2024-04-19 01:15:00+00:00,62134.0,62165.066999999995,2024-04-19 01:30:00+00:00,61543.41632999999,61512.644621834996,0.0002261957849613697,14.061476127241137,0.14061476127241138,61543.41632999999,63408.36833999999,SL,-0.13358753682101818,0.014061476127241138,0.013913900935285743,0.007027224451393845,0.00696043068298371,0.013987655134377556,-0.17555056901792263,-1.2484505000000001,0 days 00:15:00
15m,DEVELOPMENT,118,CLOSED,BTCUSDT,LONG,2024-04-19 07:00:00+00:00,2024-04-19 07:15:00+00:00,64277.76,64309.89888,2024-04-19 16:15:00+00:00,63666.7998912,63634.9664912544,0.00021592478258017502,13.88610093341704,0.13886100933417042,63666.7998912,65596.0968576,SL,-0.13192142865780124,0.01388610093341704,0.01374036630412083,0.0069395806763700345,0.006873619962040044,0.01381320063841008,-0.1733610965337492,-1.2484504999999961,0 days 09:00:00
15m,DEVELOPMENT,119,CLOSED,BTCUSDT,LONG,2024-04-20 05:45:00+00:00,2024-04-20 06:00:00+00:00,64159.01,64191.089504999996,2024-04-20 09:00:00+00:00,63549.178609949995,63517.40402064502,0.00021362642588772053,13.712913024791916,0.13712913024791917,63549.178609949995,65474.9112951,SL,-0.1302761002505234,0.013712913024791917,0.013568996002596726,0.00685302999739603,0.006787891947271428,0.01364092194466746,-0.1711989312225795,-1.2484504999999977,0 days 03:00:00
15m,DEVELOPMENT,120,CLOSED,BTCUSDT,LONG,2024-04-21 00:00:00+00:00,2024-04-21 00:15:00+00:00,64872.01,64904.446005,2024-04-21 16:30:00+00:00,64255.40154495,64223.27384417753,0.00020864341281688842,13.541885121472658,0.13541885121472658,64255.40154495,66202.5349251,SL,-0.1286512924333813,0.013541885121472658,0.013399763037122805,0.006767558781344808,0.0067032331351281615,0.01347079191647297,-0.16906373250844978,-1.248450499999991,0 days 16:15:00
15m,DEVELOPMENT,121,CLOSED,BTCUSDT,LONG,2024-04-22 00:00:00+00:00,2024-04-22 00:15:00+00:00,65110.01,65142.565005,2024-04-22 07:00:00+00:00,66445.41630509999,66412.19359694744,0.00020528805217871665,13.37299028380188,0.1337299028380188,64491.13935495,66445.41630509999,TP,0.274142959241154,0.013372990283801879,0.013633629864433179,0.006683153565117295,0.006820225044738728,0.013503378609856023,0.23363296048306295,1.7470509999999952,0 days 06:45:00
15m,DEVELOPMENT,122,CLOSED,BTCUSDT,LONG,2024-04-22 07:00:00+00:00,2024-04-22 07:15:00+00:00,66111.93,66144.98596499999,2024-04-24 14:15:00+00:00,65483.53610534999,65450.79433729732,0.00020570553680249808,13.606389844724024,0.13606389844724023,65483.53610534999,67467.88568429998,SL,-0.12926410342239184,0.013606389844724025,0.013463590783303647,0.006799795024848001,0.006735162973137472,0.013534957997985472,-0.169869042048405,-1.2484504999999906,2 days 07:00:00
15m,DEVELOPMENT,123,CLOSED,BTCUSDT,LONG,2024-04-26 00:00:00+00:00,2024-04-26 00:15:00+00:00,64424.0,64456.212,2024-04-26 13:15:00+00:00,63811.64988,63779.74405506,0.00020846230464207743,13.436690502018326,0.13436690502018325,63811.64988,65745.33624,SL,-0.12765191726305325,0.013436690502018326,0.013295672435199645,0.006714987757130501,0.006651161798498409,0.01336614955562891,-0.16775042975590013,-1.2484504999999988,0 days 13:00:00
15m,DEVELOPMENT,124,CLOSED,BTCUSDT,LONG,2024-04-28 00:00:00+00:00,2024-04-28 00:15:00+00:00,63493.99,63525.73699499999,2024-04-28 22:30:00+00:00,62890.47962504999,62859.03438523747,0.00020887766569561763,13.269107655109337,0.13269107655109338,62890.47962504999,64796.25173489999,SL,-0.12605983834264398,0.013269107655109337,0.013129848370268966,0.0066312382084492034,0.006568208289278355,0.013199446497727557,-0.16565824086574982,-1.2484504999999926,0 days 22:15:00
15m,DEVELOPMENT,125,CLOSED,BTCUSDT,LONG,2024-04-30 00:00:00+00:00,2024-04-30 00:15:00+00:00,63727.8,63759.6639,2024-04-30 02:00:00+00:00,63122.067261,63090.5062273695,0.0002055157462489652,13.103614906991707,0.13103614906991706,63122.067261,65034.857178,SL,-0.12448761588301599,0.013103614906991707,0.01296609246854283,0.006548533186901713,0.006486289378960123,0.013034822565861836,-0.16359214582441237,-1.248450499999999,0 days 01:45:00
15m,DEVELOPMENT,126,CLOSED,BTCUSDT,LONG,2024-04-30 02:00:00+00:00,2024-04-30 02:15:00+00:00,63512.0,63543.755999999994,2024-04-30 08:00:00+00:00,62908.318439999995,62876.86428078,0.0002036421358203063,12.940186189884402,0.12940186189884403,62908.318439999995,64814.63112,SL,-0.12293500223373531,0.012940186189884403,0.012804378935821568,0.006466859665108415,0.006405392163992099,0.012872251829100513,-0.1615518191885418,-1.2484504999999924,0 days 05:45:00
15m,DEVELOPMENT,127,CLOSED,BTCUSDT,LONG,2024-05-02 00:00:00+00:00,2024-05-02 00:15:00+00:00,58267.69,58296.823845,2024-05-02 00:45:00+00:00,57713.85560655,57684.99867874673,0.0002192022638334633,12.778795761124623,0.12778795761124623,57713.85560655,59462.7603219,SL,-0.12140175283307318,0.012778795761124624,0.012644682299611623,0.006386204778172492,0.006325503901756408,0.0127117086799289,-0.15953693957373832,-1.2484504999999935,0 days 00:30:00
15m,DEVELOPMENT,128,CLOSED,BTCUSDT,LONG,2024-05-02 00:45:00+00:00,2024-05-02 01:00:00+00:00,57767.3,57796.18365,2024-05-02 01:30:00+00:00,57218.2218135,57189.61270259325,0.00021834345110973254,12.619418199112898,0.12619418199112897,57218.2218135,58952.107323,SL,-0.11988762616948394,0.012619418199112898,0.012486977405113208,0.00630655582164478,0.0062466120085607245,0.012553167830205506,-0.15754718960391553,-1.2484504999999966,0 days 00:30:00
15m,DEVELOPMENT,129,CLOSED,BTCUSDT,LONG,2024-05-03 00:00:00+00:00,2024-05-03 00:15:00+00:00,59045.84,59075.36291999999,2024-05-03 12:30:00+00:00,60256.87017839999,60226.7417433108,0.0002109513642122673,12.462028399308789,0.12462028399308789,58484.60929079999,60256.87017839999,TP,0.25546846823570474,0.01246202839930879,0.01270491333281132,0.006227900249528743,0.0063556344836463614,0.012583534733175104,0.2177179917704095,1.7470510000000106,0 days 12:15:00
15m,DEVELOPMENT,130,CLOSED,BTCUSDT,LONG,2024-05-04 00:00:00+00:00,2024-05-04 00:15:00+00:00,62917.35,62948.80867499999,2024-05-04 10:45:00+00:00,64207.78484849999,64175.68095607575,0.00020142603422491098,12.679528890587923,0.12679528890587924,62319.32058824999,64207.78484849999,TP,0.2599271739589775,0.012679528890587924,0.012926652908665482,0.006336596147219224,0.006466559734198978,0.012803155881418202,0.22151783627830593,1.7470510000000055,0 days 10:30:00
15m,DEVELOPMENT,131,CLOSED,BTCUSDT,LONG,2024-05-05 00:00:00+00:00,2024-05-05 00:15:00+00:00,64025.56,64057.572779999995,2024-05-05 01:00:00+00:00,63416.99705219999,63385.2885536739,0.00020139422819895504,12.90082543032649,0.1290082543032649,63416.99705219999,65338.7242356,SL,-0.1225610651826629,0.012900825430326491,0.012765431267435215,0.006447189120602399,0.0063859085880106775,0.012833097708613076,-0.1610604195890377,-1.248450499999996,0 days 00:45:00
15m,DEVELOPMENT,132,CLOSED,BTCUSDT,LONG,2024-05-05 01:00:00+00:00,2024-05-05 01:15:00+00:00,63361.34,63393.02066999999,2024-05-06 08:15:00+00:00,64660.88108339999,64628.550642858296,0.0002009673269329875,12.739925910257522,0.1273992591025752,62759.09046329999,64660.88108339999,TP,0.261165297770495,0.012739925910257523,0.012988227066248442,0.00636677956534494,0.006497362214229921,0.01286414177957486,0.22257300301441418,1.7470510000000083,1 days 07:00:00
15m,DEVELOPMENT,133,CLOSED,BTCUSDT,LONG,2024-05-07 02:45:00+00:00,2024-05-07 03:00:00+00:00,63702.76,63734.61138,2024-05-07 03:15:00+00:00,63097.265266200004,63065.71663356691,0.00020337892209517972,12.962276562619575,0.12962276562619576,63097.265266200004,65009.303607600006,SL,-0.12314486629455144,0.012962276562619576,0.012826237470094886,0.006477899331643978,0.006416326898495429,0.012894226230139407,-0.16182760655740533,-1.2484504999999877,0 days 00:15:00
15m,DEVELOPMENT,134,CLOSED,BTCUSDT,LONG,2024-05-07 07:15:00+00:00,2024-05-07 07:30:00+00:00,63821.98,63853.89099,2024-05-07 13:45:00+00:00,63215.3520801,63183.74440405995,0.00020046719821674547,12.800610622002788,0.1280061062200279,63215.3520801,65130.968809800004,SL,-0.1216089994624064,0.012800610622002788,0.01266626821352487,0.006397106757621915,0.006336302257890678,0.012733409015512592,-0.15980928731344665,-1.248450499999998,0 days 06:15:00
15m,DEVELOPMENT,135,CLOSED,BTCUSDT,LONG,2024-05-10 00:00:00+00:00,2024-05-10 00:15:00+00:00,62955.99,62987.46799499999,2024-05-10 14:15:00+00:00,62357.59331504999,62326.41451839247,0.0002006900957715981,12.640960984327018,0.12640960984327018,62357.59331504999,64247.21735489999,SL,-0.12009228801202364,0.012640960984327019,0.012508294098796507,0.006317321831246647,0.006257275687241105,0.012574597518487753,-0.15781614061363491,-1.2484504999999948,0 days 14:00:00
15m,DEVELOPMENT,136,CLOSED,BTCUSDT,LONG,2024-05-12 05:00:00+00:00,2024-05-12 05:15:00+00:00,61022.74,61053.25137,2024-05-13 07:45:00+00:00,62274.3163974,62243.1792392013,0.00020446581012603513,12.483302502195514,0.12483302502195515,60442.718856299995,62274.3163974,TP,0.2559045820290155,0.012483302502195514,0.012726602067963307,0.006238531985105239,0.006366484276119069,0.012605016261224308,0.2180896611976324,1.7470510000000052,1 days 02:30:00
15m,DEVELOPMENT,137,CLOSED,BTCUSDT,LONG,2024-05-13 07:45:00+00:00,2024-05-13 08:00:00+00:00,62334.36,62365.52718,2024-05-14 06:00:00+00:00,61741.871908199995,61711.0009722459,0.0002036569698985384,12.701174291603738,0.1270117429160374,61741.871908199995,63612.8377236,SL,-0.12066432947695616,0.012701174291603739,0.012567875467413359,0.006347413439081663,0.0062870812743429,0.012634494713424562,-0.15856787394939784,-1.248450499999996,0 days 22:00:00
15m,DEVELOPMENT,138,CLOSED,BTCUSDT,LONG,2024-05-15 03:00:00+00:00,2024-05-15 03:15:00+00:00,61925.09,61956.05254499999,2024-05-15 12:30:00+00:00,63195.17359589999,63163.57600910205,0.00020244615839604618,12.542764827118829,0.1254276482711883,61336.492019549994,63195.17359589999,TP,0.2571235448317905,0.01254276482711883,0.012787223313599376,0.006268248289413667,0.006396810061829231,0.0126650583512429,0.2191284983398294,1.7470510000000128,0 days 09:15:00
15m,DEVELOPMENT,139,CLOSED,BTCUSDT,LONG,2024-05-16 00:00:00+00:00,2024-05-16 00:15:00+00:00,66377.84,66411.02892,2024-05-16 02:45:00+00:00,65746.91863079999,65714.0451714846,0.0001921619740486609,12.761674415869907,0.12761674415869906,65746.91863079999,67739.2494984,SL,-0.12123909577495692,0.012761674415869907,0.012627740642875354,0.00637764838374318,0.006317028835854282,0.012694677219597463,-0.15932318805329965,-1.248450499999998,0 days 02:30:00
15m,DEVELOPMENT,140,CLOSED,BTCUSDT,LONG,2024-05-16 02:45:00+00:00,2024-05-16 03:00:00+00:00,65909.51,65942.464755,2024-05-16 16:30:00+00:00,65283.04010744999,65250.39858739627,0.00019111372980466388,12.60251039184064,0.1260251039184064,65283.04010744999,67261.3140501,SL,-0.11972699777555851,0.01260251039184064,0.012470247045278273,0.006298106142848674,0.006238242643960748,0.012536348786809422,-0.15733610399948683,-1.2484505000000032,0 days 13:30:00
15m,DEVELOPMENT,141,CLOSED,BTCUSDT,LONG,2024-05-17 04:30:00+00:00,2024-05-17 04:45:00+00:00,65490.9,65523.645449999996,2024-05-17 14:45:00+00:00,66834.118359,66800.7012998205,0.00018993649363210495,12.445331466766227,0.12445331466766227,64868.408995499994,66834.118359,TP,0.2551261852907297,0.012445331466766227,0.012687890977053503,0.00621955595540444,0.0063471190480502634,0.012566675003454705,0.21742628784345527,1.74705100000001,0 days 10:00:00
15m,DEVELOPMENT,142,CLOSED,BTCUSDT,LONG,2024-05-18 00:00:00+00:00,2024-05-18 00:15:00+00:00,66969.07,67002.554535,2024-05-19 19:00:00+00:00,66332.52898965,66299.36272515518,0.00018898593693045555,12.66254054553092,0.1266254054553092,66332.52898965,68342.6056257,SL,-0.12029729923565421,0.01266254054553092,0.012529647182505573,0.006328106219654867,0.006267957570037394,0.01259606378969226,-0.15808555075338296,-1.2484504999999957,1 days 18:45:00
15m,DEVELOPMENT,143,CLOSED,BTCUSDT,LONG,2024-05-20 04:15:00+00:00,2024-05-20 04:30:00+00:00,66676.71,66710.048355,2024-05-20 16:30:00+00:00,68044.2493221,68010.22719743896,0.00018744721718468716,12.504612922400668,0.12504612922400668,66042.94787145,68044.2493221,TP,0.2563414403182781,0.012504612922400668,0.012748327828258259,0.006249181870265175,0.006377352590423474,0.012626534460688649,0.21846196510693053,1.7470510000000035,0 days 12:00:00
15m,DEVELOPMENT,144,CLOSED,BTCUSDT,LONG,2024-05-21 00:00:00+00:00,2024-05-21 00:15:00+00:00,71270.01,71305.64500499998,2024-05-21 13:45:00+00:00,70592.58855494998,70557.2922606725,0.00017842706061903067,12.722856643786214,0.12722856643786215,70592.58855494998,72731.75790509999,SL,-0.12087031724057036,0.012722856643786215,0.012589330263309677,0.00635824919729253,0.006297814038674299,0.012656063235966828,-0.1588385673836331,-1.248450500000007,0 days 13:30:00
15m,DEVELOPMENT,145,CLOSED,BTCUSDT,LONG,2024-05-25 00:00:00+00:00,2024-05-25 00:15:00+00:00,68660.71,68695.040355,2024-05-27 15:30:00+00:00,70068.9411621,70033.90669151896,0.0001828978728502281,12.56417675629008,0.1256417675629008,68008.08995145,70068.9411621,TP,0.2575624840294943,0.012564176756290079,0.012809052561270176,0.00627894890369287,0.0064077301457064985,0.01268667904939937,0.21950257566253464,1.74705100000001,2 days 15:15:00
15m,DEVELOPMENT,146,CLOSED,BTCUSDT,LONG,2024-05-28 00:00:00+00:00,2024-05-28 00:15:00+00:00,69395.87,69430.56793499998,2024-05-28 01:45:00+00:00,68736.26225564998,68701.89412452216,0.00018411861560210712,12.783460048660247,0.12783460048660247,68736.26225564998,70819.17929369998,SL,-0.12144606473015257,0.012783460048660248,0.01264929763544956,0.006388535756449916,0.0063278127240858385,0.012716348480535754,-0.15959517089479813,-1.2484504999999924,0 days 01:30:00
15m,DEVELOPMENT,147,CLOSED,BTCUSDT,LONG,2024-05-29 00:00:00+00:00,2024-05-29 00:15:00+00:00,68374.0,68408.18699999999,2024-05-29 08:00:00+00:00,67724.10513,67690.243077435,0.00018453967086571978,12.624024313500609,0.1262402431350061,67724.10513,69776.35074,SL,-0.11993138540712042,0.012624024313500608,0.012491535178330423,0.006308857727884665,0.006248892035180851,0.012557749763065517,-0.157604694662017,-1.2484504999999768,0 days 07:45:00
15m,DEVELOPMENT,148,CLOSED,BTCUSDT,LONG,2024-05-30 02:15:00+00:00,2024-05-30 02:30:00+00:00,68098.52,68132.56926,2024-05-30 08:00:00+00:00,67451.2435674,67417.5179456163,0.00018297529656503088,12.466577066086007,0.12466577066086007,67451.2435674,69495.22064520001,SL,-0.11843559721454083,0.012466577066086008,0.012335740339777435,0.006230173446319803,0.006170955647712288,0.012401129094032091,-0.15563904371443635,-1.2484505000000021,0 days 05:30:00
15m,DEVELOPMENT,149,CLOSED,BTCUSDT,LONG,2024-05-31 00:00:00+00:00,2024-05-31 00:15:00+00:00,68360.0,68394.18,2024-05-31 14:15:00+00:00,67710.23819999999,67676.38308089999,0.00018000206312776508,12.311093505931726,0.12311093505931726,67710.23819999999,69762.0636,SL,-0.11695846454161161,0.012311093505931727,0.012181888579586974,0.0061524705177057526,0.006093991285436312,0.012246461803142063,-0.15369790843027237,-1.2484505000000017,0 days 14:00:00
15m,DEVELOPMENT,150,CLOSED,BTCUSDT,LONG,2024-06-02 00:00:00+00:00,2024-06-02 00:15:00+00:00,67753.86,67787.73693,2024-06-03 06:30:00+00:00,69143.4916686,69108.91992276571,0.00017934732287079938,12.157549141865521,0.12157549141865522,67109.8595607,69143.4916686,TP,0.24922671953989303,0.012157549141865521,0.012394499774640482,0.006075736702581208,0.006200350062351197,0.012276086764932404,0.21239858385845461,1.7470510000000132,1 days 06:15:00
15m,DEVELOPMENT,151,CLOSED,BTCUSDT,LONG,2024-06-03 06:30:00+00:00,2024-06-03 06:45:00+00:00,69166.22,69200.80311,2024-06-03 14:45:00+00:00,68508.79507889999,68474.54068136054,0.00017875132922466044,12.369735539326514,0.12369735539326515,68508.79507889999,70584.81917219999,SL,-0.11751557851204489,0.012369735539326515,0.012239915164841282,0.006181776881221271,0.006123019091966808,0.012304795973188079,-0.15443002518940077,-1.2484505000000097,0 days 08:00:00
15m,DEVELOPMENT,152,CLOSED,BTCUSDT,LONG,2024-06-04 03:00:00+00:00,2024-06-04 03:15:00+00:00,69332.22,69366.88610999999,2024-06-04 09:15:00+00:00,68673.2172489,68638.88064027554,0.00017609929571460993,12.215459789886557,0.12215459789886557,68673.2172489,70754.22383219999,SL,-0.1160499203427018,0.012215459789886557,0.012087258539391698,0.006104677556163615,0.006046652595993772,0.012151330152157388,-0.15250396882413741,-1.248450499999998,0 days 06:00:00
15m,DEVELOPMENT,153,CLOSED,BTCUSDT,LONG,2024-06-05 00:00:00+00:00,2024-06-05 00:15:00+00:00,70481.4,70516.64069999999,2024-06-07 12:00:00+00:00,71926.97351399998,71891.01002724298,0.00017106753885228157,12.063108172679629,0.12063108172679629,69811.47429299999,71926.97351399998,TP,0.24729070327002228,0.012063108172679629,0.012298218150965153,0.006028539816430715,0.006152185168066348,0.012180724984497064,0.21074865196188042,1.7470509999999937,2 days 11:45:00
15m,DEVELOPMENT,154,CLOSED,BTCUSDT,LONG,2024-06-10 00:00:00+00:00,2024-06-10 00:15:00+00:00,69535.84,69570.60792,2024-06-11 01:45:00+00:00,68874.9018408,68840.4643898796,0.00017641999478632217,12.273646286527663,0.12273646286527663,68874.9018408,70962.02007839999,SL,-0.11660270660014521,0.012273646286527664,0.012144834368750556,0.006133756265130986,0.006075454911829732,0.012209211176960718,-0.15323039843238415,-1.2484504999999846,1 days 01:30:00
15m,DEVELOPMENT,155,CLOSED,BTCUSDT,LONG,2024-06-12 00:00:00+00:00,2024-06-12 00:15:00+00:00,67413.29,67446.99664499999,2024-06-12 12:30:00+00:00,68795.93657789999,68761.53860961105,0.0001797050953834416,12.120568965416389,0.1212056896541639,66772.52667854998,68795.93657789999,TP,0.24846863516310846,0.01212056896541639,0.012356798854552356,0.006057255854780516,0.006181490172361927,0.012238746027142443,0.21175252131599728,1.747051000000005,0 days 12:15:00
15m,DEVELOPMENT,156,CLOSED,BTCUSDT,LONG,2024-06-15 04:00:00+00:00,2024-06-15 04:15:00+00:00,66322.36,66355.52118,2024-06-17 09:45:00+00:00,65691.96596819999,65659.11998521589,0.00018584904053875524,12.332109945752052,0.12332109945752052,65691.96596819999,67682.63160359999,SL,-0.11715812597138933,0.012332109945752052,0.012202684451871382,0.006162973486132125,0.006104394423147504,0.012267367909279629,-0.1539602882782924,-1.2484505000000095,2 days 05:30:00
15m,DEVELOPMENT,157,CLOSED,BTCUSDT,LONG,2024-06-18 00:00:00+00:00,2024-06-18 00:15:00+00:00,66403.72,66436.92186,2024-06-18 00:45:00+00:00,65772.5526414,65739.6663650793,0.0001833062568675056,12.178303463955558,0.12178303463955559,65772.5526414,67765.6602972,SL,-0.11569692596191589,0.012178303463955558,0.012050492169101345,0.006086108677639149,0.006028260214657971,0.012114368892297118,-0.15204009048726994,-1.2484504999999955,0 days 00:30:00
15m,DEVELOPMENT,158,CLOSED,BTCUSDT,LONG,2024-06-18 00:45:00+00:00,2024-06-18 01:00:00+00:00,65749.98,65782.85498999999,2024-06-18 01:30:00+00:00,65125.026440099995,65092.46392687995,0.00018281990441884556,12.026415261670577,0.12026415261670577,65125.026440099995,67098.51208979999,SL,-0.11425395008713546,0.012026415261670578,0.011900198033499345,0.0060102025295698846,0.005953075554525823,0.011963278084095707,-0.15014384146640108,-1.2484504999999873,0 days 00:30:00
15m,DEVELOPMENT,159,CLOSED,BTCUSDT,LONG,2024-06-19 00:00:00+00:00,2024-06-19 00:15:00+00:00,65048.5,65081.024249999995,2024-06-20 11:00:00+00:00,66382.644735,66349.4534126325,0.00018248670101487832,11.876421414051794,0.11876421414051795,64430.21400749999,66382.644735,TP,0.24346367136651806,0.011876421414051794,0.012107892867411665,0.005935243085482232,0.006056974921165107,0.01199221800664734,0.20748713907840727,1.7470510000000103,1 days 10:45:00
15m,DEVELOPMENT,160,CLOSED,BTCUSDT,LONG,2024-06-22 00:00:00+00:00,2024-06-22 00:15:00+00:00,64112.58,64144.636289999995,2024-06-23 23:30:00+00:00,63503.18992709999,63471.438332136444,0.00018838209976965455,12.083701273270982,0.12083701273270983,63503.18992709999,65427.5290158,SL,-0.11479818151168651,0.012083701273270983,0.011956882828408004,0.006038831221023692,0.005981432130268948,0.01202026335129264,-0.15085902896465817,-1.2484505000000017,1 days 23:15:00
15m,DEVELOPMENT,161,CLOSED,BTCUSDT,LONG,2024-06-25 03:30:00+00:00,2024-06-25 03:45:00+00:00,61580.88,61611.670439999994,2024-06-25 05:30:00+00:00,60995.55373559999,60965.05595873219,0.00019368072424278475,11.932992952626972,0.11932992952626972,60995.55373559999,62843.90384879999,SL,-0.11336641480731689,0.011932992952626972,0.011807756191589152,0.005963514718953435,0.0059068315115503485,0.011870346230503783,-0.1489775101820368,-1.248450500000005,0 days 01:45:00
15m,DEVELOPMENT,162,CLOSED,BTCUSDT,LONG,2024-06-25 05:30:00+00:00,2024-06-25 05:45:00+00:00,61010.0,61040.505,2024-06-25 19:00:00+00:00,62261.3151,62230.18444245,0.000193054829266672,11.784164271126437,0.11784164271126438,60430.099949999996,62261.3151,TP,0.24157242298930856,0.011784164271126437,0.012013837632770693,0.005889137566779324,0.006009923778274181,0.011899061345053506,0.20587535974035792,1.7470510000000066,0 days 13:15:00
15m,DEVELOPMENT,163,CLOSED,BTCUSDT,LONG,2024-06-26 00:00:00+00:00,2024-06-26 00:15:00+00:00,61750.41,61781.285205,2024-06-26 10:45:00+00:00,61163.47235295,61132.890616773526,0.00019406902788429535,11.98983396117675,0.1198983396117675,61163.47235295,63016.9109091,SL,-0.11390641859169041,0.01198983396117675,0.011864000653754198,0.005991921020077683,0.005934967810781747,0.01192688883085943,-0.1496871420374808,-1.2484504999999988,0 days 10:30:00
15m,DEVELOPMENT,164,CLOSED,BTCUSDT,LONG,2024-06-28 00:00:00+00:00,2024-06-28 00:15:00+00:00,61678.94,61709.77947,2024-06-28 14:15:00+00:00,61092.6816753,61062.13533446236,0.0001918706639115413,11.840296356743702,0.11840296356743701,61092.6816753,62943.9750594,SL,-0.112485773983857,0.011840296356743702,0.011716032446479677,0.005917189583579865,0.00586094669658725,0.011778136280167115,-0.14782023906724748,-1.2484504999999912,0 days 14:00:00
15m,DEVELOPMENT,165,CLOSED,BTCUSDT,LONG,2024-06-29 07:00:00+00:00,2024-06-29 07:15:00+00:00,60952.01,60982.486005,2024-06-30 20:15:00+00:00,62202.1357251,62171.034657237455,0.00019173740784008493,11.692623790242957,0.11692623790242956,60372.66114495,62202.1357251,TP,0.23969586600488038,0.011692623790242957,0.011920513027914793,0.0058433902000208544,0.005963238133023177,0.011806628333044031,0.20427610085367856,1.7470510000000092,1 days 13:00:00
15m,DEVELOPMENT,166,CLOSED,BTCUSDT,LONG,2024-07-01 00:00:00+00:00,2024-07-01 00:15:00+00:00,62624.0,62655.312,2024-07-02 14:30:00+00:00,62028.758879999994,61997.744500559995,0.00018987529451721204,11.89669581906781,0.11896695819067811,62028.758879999994,63908.41824,SL,-0.1130215829687563,0.01189669581906781,0.011771839996446692,0.0059453752219225785,0.0058888644304384095,0.011834239652360988,-0.14852435843663178,-1.248450500000005,1 days 14:15:00
15m,DEVELOPMENT,167,CLOSED,BTCUSDT,LONG,2024-07-06 00:00:00+00:00,2024-07-06 00:15:00+00:00,56541.09,56569.360544999996,2024-07-06 16:15:00+00:00,57700.747755899996,57671.89738202205,0.00020767991229577427,11.748319836613632,0.11748319836613633,56003.66693954999,57700.747755899996,TP,0.24083762103842635,0.011748319836613633,0.011977294590229233,0.005871224306153616,0.0059916431166723875,0.011862867422826003,0.20524913918875748,1.7470510000000055,0 days 16:00:00
15m,DEVELOPMENT,168,CLOSED,BTCUSDT,LONG,2024-07-07 00:00:00+00:00,2024-07-07 00:15:00+00:00,58062.0,58091.030999999995,2024-07-07 05:00:00+00:00,57510.120689999996,57481.365629654996,0.00020576952630961738,11.953363931707297,0.11953363931707298,57510.120689999996,59252.851619999994,SL,-0.11355994419877928,0.011953363931707298,0.01182791337724403,0.005973695118293556,0.005916915146195102,0.011890610264488658,-0.14923183177221927,-1.2484504999999988,0 days 04:45:00
15m,DEVELOPMENT,169,CLOSED,BTCUSDT,LONG,2024-07-07 05:00:00+00:00,2024-07-07 05:15:00+00:00,57669.99,57698.824994999995,2024-07-07 07:30:00+00:00,57121.83674504999,57093.27582667747,0.00020458442929655892,11.804281182684104,0.11804281182684104,57121.83674504999,58852.8014949,SL,-0.1121436208309978,0.011804281182684104,0.011680395251671832,0.005899190995843605,0.005843119185428552,0.011742310181272156,-0.1473706074466259,-1.2484505000000024,0 days 02:15:00
15m,DEVELOPMENT,170,CLOSED,BTCUSDT,LONG,2024-07-09 00:00:00+00:00,2024-07-09 00:15:00+00:00,56650.0,56678.325,2024-07-09 08:30:00+00:00,57811.8915,57782.98555425,0.00020567047100671275,11.657057798621542,0.11657057798621542,56111.54175,57811.8915,TP,0.23896677206369554,0.011657057798621542,0.011884253855116676,0.00582561609126454,0.005945099477296378,0.011770715568560918,0.20365474484139642,1.7470510000000068,0 days 08:15:00
15m,DEVELOPMENT,171,CLOSED,BTCUSDT,LONG,2024-07-10 00:00:00+00:00,2024-07-10 00:15:00+00:00,57874.01,57902.947005,2024-07-10 01:00:00+00:00,57323.91753495,57295.25557618253,0.00020483429092383188,11.86050909216939,0.11860509092169391,57323.91753495,59061.005945100005,SL,-0.11267780002105991,0.01186050909216939,0.011736033049247073,0.005927290900634331,0.005870952000623283,0.011798242901257614,-0.14807258506373402,-1.2484504999999984,0 days 00:45:00
15m,DEVELOPMENT,172,CLOSED,BTCUSDT,LONG,2024-07-10 01:00:00+00:00,2024-07-10 01:15:00+00:00,57586.62,57615.413309999996,2024-07-10 04:00:00+00:00,58767.7215762,58738.3377154119,0.00020328908114824147,11.71258443176606,0.11712584431766061,57039.2591769,58767.7215762,TP,0.24010505416843672,0.01171258443176606,0.011940862702341182,0.005853365533115182,0.005973418060200098,0.01182678359331528,0.2046248234410142,1.747051000000008,0 days 02:45:00
15m,DEVELOPMENT,173,CLOSED,BTCUSDT,LONG,2024-07-10 04:00:00+00:00,2024-07-10 04:15:00+00:00,58727.06,58756.42352999999,2024-07-10 12:30:00+00:00,58168.85929469999,58139.77486505265,0.00020282045977014626,11.917004834804038,0.11917004834804037,58168.85929469999,59931.55200059999,SL,-0.11321452369296697,0.011917004834804039,0.011791935869062771,0.005955524655073485,0.005898917393226828,0.011854442048300313,-0.14877790644513408,-1.2484504999999908,0 days 08:15:00
15m,DEVELOPMENT,174,CLOSED,BTCUSDT,LONG,2024-07-11 05:45:00+00:00,2024-07-11 06:00:00+00:00,57994.01,58023.007005,2024-07-11 12:30:00+00:00,59183.4671451,59153.87541152746,0.00020282257271881757,11.768375557636073,0.11768375557636074,57442.77693495,59183.4671451,TP,0.2412487583079621,0.011768375557636074,0.011997741197254403,0.005881247155239898,0.006001871534393631,0.011883118689633529,0.20559952286343808,1.7470510000000126,0 days 06:30:00
15m,DEVELOPMENT,175,CLOSED,BTCUSDT,LONG,2024-07-13 00:00:00+00:00,2024-07-13 00:15:00+00:00,57875.35,57904.28767499999,2024-07-13 22:45:00+00:00,59062.373428499995,59032.84224178575,0.00020678554502865284,11.97376968637078,0.1197376968637078,57325.244798249994,59062.373428499995,TP,0.245459286624152,0.01197376968637078,0.012207138457558147,0.005983892896735731,0.006106622540047969,0.012090515436783699,0.20918786304343936,1.7470510000000148,0 days 22:30:00
15m,DEVELOPMENT,176,CLOSED,BTCUSDT,LONG,2024-07-14 00:00:00+00:00,2024-07-14 00:15:00+00:00,59436.02,59465.738009999994,2024-07-14 21:15:00+00:00,60655.052770199996,60624.7252438149,0.00020487004749661662,12.182748570530059,0.1218274857053006,58871.080629899996,60655.052770199996,TP,0.24974330153080604,0.01218274857053006,0.012420190340169692,0.006088330120204286,0.006213201770969419,0.012301531891173705,0.21283883072893256,1.747051000000012,0 days 21:00:00
15m,DEVELOPMENT,177,CLOSED,BTCUSDT,LONG,2024-07-15 00:00:00+00:00,2024-07-15 00:15:00+00:00,60682.69,60713.031344999996,2024-07-15 02:15:00+00:00,61927.2919719,61896.32832591405,0.00020416333199734535,12.395374775054469,0.1239537477505447,60105.90103155,61927.2919719,TP,0.25410208559356956,0.01239537477505447,0.012636960629420282,0.006194590092479657,0.006321641135277094,0.01251623122775675,0.21655351896133807,1.7470510000000097,0 days 02:00:00
15m,DEVELOPMENT,178,CLOSED,BTCUSDT,LONG,2024-07-15 02:15:00+00:00,2024-07-15 02:30:00+00:00,62206.94,62238.04347,2024-07-15 16:30:00+00:00,63482.8043394,63451.0629372303,0.00020263670343225249,12.611711956834029,0.1261171195683403,61615.66303529999,63482.8043394,TP,0.25853694376278363,0.012611711956834028,0.012857514222872722,0.00630270462610286,0.006431973097984709,0.012734677724087567,0.2203330398589893,1.7470510000000066,0 days 14:00:00
15m,DEVELOPMENT,179,CLOSED,BTCUSDT,LONG,2024-07-16 00:00:00+00:00,2024-07-16 00:15:00+00:00,64686.66,64719.00333,2024-07-16 05:15:00+00:00,64071.8132967,64039.777390051655,0.00019826981602817718,12.831824883766087,0.12831824883766088,64071.8132967,66013.3833966,SL,-0.12190554274882327,0.012831824883766087,0.012697154881610963,0.006412706088837842,0.006351753317462899,0.012764459406300742,-0.16019898192050105,-1.2484504999999915,0 days 05:00:00
15m,DEVELOPMENT,180,CLOSED,BTCUSDT,LONG,2024-07-16 05:15:00+00:00,2024-07-16 05:30:00+00:00,63947.0,63978.9735,2024-07-16 06:45:00+00:00,63339.183765,63307.5141731175,0.00019806172633870977,12.671785940788565,0.12671785940788566,63339.183765,65258.552970000004,SL,-0.12038513280079459,0.012671785940788565,0.01253879554733999,0.006332726607090749,0.006272534040690128,0.012605260647780878,-0.15820097493670404,-1.248450499999996,0 days 01:15:00
15m,DEVELOPMENT,181,CLOSED,BTCUSDT,LONG,2024-07-16 06:45:00+00:00,2024-07-16 07:00:00+00:00,62899.64,62931.089819999994,2024-07-16 12:30:00+00:00,64189.711616399996,64157.6167605918,0.00019884834419007475,12.513743008783868,0.12513743008783867,62301.778921799996,64189.711616399996,TP,0.25652860480775264,0.012513743008783869,0.012757635860025067,0.006253744632074776,0.0063820089344786895,0.012635753566553465,0.21862147237239027,1.747051000000013,0 days 05:30:00
15m,DEVELOPMENT,182,CLOSED,BTCUSDT,LONG,2024-07-17 00:00:00+00:00,2024-07-17 00:15:00+00:00,65257.52,65290.14876,2024-07-17 11:30:00+00:00,64637.247272399996,64604.9286487638,0.0001950086853820634,12.732146078086956,0.12732146078086956,64637.247272399996,66595.9517352,SL,-0.12095856918762281,0.012732146078086957,0.012598522204997435,0.006362891593246777,0.006302412308651949,0.012665303901898725,-0.15895454137260592,-1.2484504999999917,0 days 11:15:00
15m,DEVELOPMENT,183,CLOSED,BTCUSDT,LONG,2024-07-18 03:30:00+00:00,2024-07-18 03:45:00+00:00,64891.66,64924.10583,2024-07-18 14:15:00+00:00,64274.8647717,64242.72733931415,0.00019366227954502086,12.57335033245998,0.1257335033245998,64274.8647717,66222.5879466,SL,-0.11944996992507052,0.01257335033245998,0.012441393020720812,0.00628353339952963,0.006223808414567148,0.012507341814096778,-0.1569720550923481,-1.2484504999999986,0 days 10:30:00
15m,DEVELOPMENT,184,CLOSED,BTCUSDT,LONG,2024-07-19 04:00:00+00:00,2024-07-19 04:15:00+00:00,64219.26,64251.36963,2024-07-19 07:45:00+00:00,63608.8559337,63577.05150573315,0.00019324934494174587,12.416535092607484,0.12416535092607485,63608.8559337,65536.39702260001,SL,-0.117960185962254,0.012416535092607484,0.012286223556810569,0.006205164963821641,0.0061461848708400406,0.012351349834661681,-0.15501429444633374,-1.248450500000001,0 days 03:30:00
15m,DEVELOPMENT,185,CLOSED,BTCUSDT,LONG,2024-07-19 07:45:00+00:00,2024-07-19 08:00:00+00:00,63694.01,63725.857005,2024-07-19 13:45:00+00:00,65000.3741451,64967.873958027456,0.0001924128796986457,12.261675657596163,0.12261675657596163,63088.59843495,65000.3741451,TP,0.2513612870937505,0.012261675657596163,0.012500655716162714,0.006127773941826396,0.00625345458537335,0.012381228527199747,0.21421772719279186,1.7470510000000123,0 days 05:45:00
15m,DEVELOPMENT,186,CLOSED,BTCUSDT,LONG,2024-07-20 00:00:00+00:00,2024-07-20 00:15:00+00:00,66811.5,66844.90574999999,2024-07-21 18:00:00+00:00,66176.4566925,66143.36846415375,0.00018663620273060954,12.475679381065486,0.12475679381065487,66176.4566925,68181.803865,SL,-0.1185220714812875,0.012475679381065486,0.012344747125961206,0.006234722329366343,0.006175461293625834,0.012410183622992177,-0.15575268161130637,-1.248450499999979,1 days 17:45:00
15m,DEVELOPMENT,187,CLOSED,BTCUSDT,LONG,2024-07-22 00:00:00+00:00,2024-07-22 00:15:00+00:00,68122.01,68156.07100499999,2024-07-22 06:30:00+00:00,67474.51029494999,67440.77303980252,0.00018076280094894104,12.320082296538706,0.12320082296538706,67474.51029494999,69519.19242509999,SL,-0.11704386029845293,0.012320082296538706,0.012190783032836532,0.00615696266693515,0.006098440736785596,0.012255403403720746,-0.15381012903154892,-1.2484504999999997,0 days 06:15:00
15m,DEVELOPMENT,188,CLOSED,BTCUSDT,LONG,2024-07-22 06:30:00+00:00,2024-07-22 06:45:00+00:00,67259.87,67293.49993499999,2024-07-22 14:45:00+00:00,66620.56493564998,66587.25465318216,0.00018079644892495542,12.166425823979715,0.12166425823979715,66620.56493564998,68639.36993369999,SL,-0.11558408541422324,0.012166425823979716,0.01203873918495705,0.00608017282557525,0.006022380782869201,0.01210255360844445,-0.15189180403160446,-1.2484505000000048,0 days 08:00:00
15m,DEVELOPMENT,189,CLOSED,BTCUSDT,LONG,2024-07-23 00:00:00+00:00,2024-07-23 00:15:00+00:00,67664.92,67698.75245999999,2024-07-23 04:30:00+00:00,67021.76493539999,66988.25405293229,0.00017747277938557276,12.01468576001208,0.1201468576001208,67021.76493539999,69052.72750919999,SL,-0.11414251689047146,0.01201468576001208,0.011888591632960752,0.006004340709649535,0.005947269451206134,0.011951610160855669,-0.14999740444429996,-1.248450500000003,0 days 04:15:00
15m,DEVELOPMENT,190,CLOSED,BTCUSDT,LONG,2024-07-26 00:00:00+00:00,2024-07-26 00:15:00+00:00,66062.62,66095.65130999999,2024-07-26 03:00:00+00:00,67417.56433619998,67383.85555403189,0.0001795101185625138,11.864838203124668,0.11864838203124668,65434.69479689999,67417.56433619998,TP,0.24322621843686631,0.011864838203124669,0.012096083899703569,0.005929454374373569,0.0060510674835919116,0.01198052185796548,0.2072847744760726,1.7470510000000088,0 days 02:45:00
15m,DEVELOPMENT,191,CLOSED,BTCUSDT,LONG,2024-07-26 03:00:00+00:00,2024-07-26 03:15:00+00:00,67277.98,67311.61898999999,2024-07-27 13:00:00+00:00,68657.85136979999,68623.5224441151,0.00017934371630100597,12.071915899903964,0.12071915899903964,66638.50280009999,68657.85136979999,TP,0.24747125947729026,0.012071915899903965,0.012307197540793093,0.0060329414792109765,0.006156677108950087,0.012189618588161064,0.21090252744843213,1.7470510000000077,1 days 09:45:00
15m,DEVELOPMENT,192,CLOSED,BTCUSDT,LONG,2024-07-29 00:00:00+00:00,2024-07-29 00:15:00+00:00,68600.02,68634.32001,2024-07-29 13:00:00+00:00,70007.0064102,69972.00290699491,0.00017895722917816062,12.282607735516784,0.12282607735516785,67947.97680989999,70007.0064102,TP,0.25179038946071874,0.012282607735516784,0.012521995760282009,0.006138234750381724,0.006264129945112594,0.012402364695494317,0.21458342126942564,1.7470510000000188,0 days 12:45:00
15m,DEVELOPMENT,193,CLOSED,BTCUSDT,LONG,2024-07-31 07:00:00+00:00,2024-07-31 07:15:00+00:00,66439.93,66473.14996499999,2024-07-31 19:15:00+00:00,65808.41846534998,65775.51425611731,0.0001880003699886948,12.496976787733994,0.12496976787733995,65808.41846534998,67802.61296429999,SL,-0.11872440216633029,0.012496976787733994,0.012365821016346725,0.006245365711010851,0.006186003509927545,0.012431369220938397,-0.1560185691913494,-1.2484505000000032,0 days 12:00:00
15m,DEVELOPMENT,194,CLOSED,BTCUSDT,LONG,2024-08-02 00:00:00+00:00,2024-08-02 00:15:00+00:00,65440.0,65472.719999999994,2024-08-02 01:00:00+00:00,64817.99279999999,64785.5838036,0.00018849246039036,12.34111408124913,0.1234111408124913,64817.99279999999,66782.17439999999,SL,-0.1172436675085201,0.01234111408124913,0.01221159408896642,0.006167473303971427,0.006108851470217201,0.012276324774188628,-0.15407270045292426,-1.2484504999999926,0 days 00:45:00
15m,DEVELOPMENT,195,CLOSED,BTCUSDT,LONG,2024-08-02 01:00:00+00:00,2024-08-02 01:15:00+00:00,64758.0,64790.37899999999,2024-08-02 02:15:00+00:00,64142.47520999999,64110.40397239499,0.00018810192944816511,12.187195299577878,0.12187195299577878,64142.47520999999,66086.18658,SL,-0.1157814006221786,0.012187195299577878,0.012059290684908809,0.006090552373600923,0.006032661673290979,0.012123214046891902,-0.15215110065355716,-1.2484505000000052,0 days 01:00:00
15m,DEVELOPMENT,196,CLOSED,BTCUSDT,LONG,2024-08-02 02:15:00+00:00,2024-08-02 02:30:00+00:00,63970.02,64002.00500999999,2024-08-02 13:30:00+00:00,65282.04511019999,65249.4040876449,0.0001880440494972843,12.035196198025876,0.12035196198025876,63361.98495989999,65282.04511019999,TP,0.246718514764128,0.012035196198025877,0.012269762171925403,0.006014590803610511,0.006137950060991978,0.012152540864602488,0.21026101552957427,1.7470510000000101,0 days 11:00:00
15m,DEVELOPMENT,197,CLOSED,BTCUSDT,LONG,2024-08-06 00:00:00+00:00,2024-08-06 00:15:00+00:00,54995.49,55022.987745,2024-08-06 01:00:00+00:00,56123.4474999,56095.385776150055,0.00022254784162831337,12.245247162590887,0.12245247162590887,54472.75786755,56123.4474999,TP,0.2510245070512142,0.012245247162590888,0.012483907029789786,0.006119563799395874,0.00624507605292055,0.012364639852316424,0.21393071300651711,1.7470510000000115,0 days 00:45:00
15m,DEVELOPMENT,198,CLOSED,BTCUSDT,LONG,2024-08-06 01:00:00+00:00,2024-08-06 01:15:00+00:00,56072.0,56100.036,2024-08-06 01:30:00+00:00,55539.03564,55511.26612218001,0.0002220847800989182,12.458964158601395,0.12458964158601395,55539.03564,57222.036720000004,SL,-0.11836327269116026,0.012458964158601395,0.012328207329756875,0.006226368894853284,0.006167187258506309,0.012393556153359592,-0.15554400033287813,-1.2484504999999857,0 days 00:15:00
15m,DEVELOPMENT,199,CLOSED,BTCUSDT,LONG,2024-08-06 01:30:00+00:00,2024-08-06 01:45:00+00:00,55656.0,55683.827999999994,2024-08-06 08:30:00+00:00,55126.98971999999,55099.42622513999,0.0002209541978126978,12.30357554688024,0.1230357554688024,55126.98971999999,56797.504559999994,SL,-0.11688704205207275,0.01230357554688024,0.012174449521515732,0.006148713416730443,0.006090269895705315,0.012238983312435758,-0.15360405043290448,-1.2484505000000032,0 days 06:45:00
15m,DEVELOPMENT,200,CLOSED,BTCUSDT,LONG,2024-08-07 00:00:00+00:00,2024-08-07 00:15:00+00:00,55683.51,55711.351754999996,2024-08-07 01:45:00+00:00,56825.5787901,56797.16600070495,0.00021809065054603918,12.150124947047171,0.12150124947047171,55154.238237449994,56825.5787901,TP,0.2490745254012365,0.012150124947047172,0.012386930882265121,0.006072026460292133,0.006196563722994038,0.01226859018328617,0.21226887938863803,1.747051000000008,0 days 01:30:00
15m,DEVELOPMENT,201,CLOSED,BTCUSDT,LONG,2024-08-07 01:45:00+00:00,2024-08-07 02:00:00+00:00,56965.99,56994.472995,2024-08-07 14:15:00+00:00,56424.528265049994,56396.316000917475,0.00021690141376862546,12.362181769613244,0.12362181769613244,56424.528265049994,58134.362454899994,SL,-0.11744381581226863,0.012362181769613245,0.012232440671941154,0.006178001883864361,0.006119279975957171,0.012297281859821532,-0.15433572011364455,-1.2484504999999932,0 days 12:15:00
15m,DEVELOPMENT,202,CLOSED,BTCUSDT,LONG,2024-08-08 02:00:00+00:00,2024-08-08 02:15:00+00:00,57154.01,57182.587005,2024-08-08 12:30:00+00:00,58326.2387451,58297.075625727455,0.00021349156920743578,12.208000231038175,0.12208000231038175,56610.76113495,58326.2387451,TP,0.2502609542614625,0.012208000231038177,0.01244593415554111,0.006100949640698565,0.006226080117829032,0.012327029758527598,0.2132799901163556,1.7470510000000068,0 days 10:15:00
15m,DEVELOPMENT,203,CLOSED,BTCUSDT,LONG,2024-08-09 00:00:00+00:00,2024-08-09 00:15:00+00:00,61515.31,61546.06765499999,2024-08-09 01:00:00+00:00,60930.60697844999,60900.141674960774,0.00020181739674837297,12.421067154231338,0.12421067154231338,60930.60697844999,62776.98900809999,SL,-0.1180032416801299,0.012421067154231339,0.012290708054447683,0.006207429862183362,0.006148428241343112,0.012355858103526473,-0.15507087499233538,-1.2484504999999877,0 days 00:45:00
15m,DEVELOPMENT,204,CLOSED,BTCUSDT,LONG,2024-08-09 01:00:00+00:00,2024-08-09 01:15:00+00:00,61139.0,61169.5695,2024-08-09 10:15:00+00:00,60557.873804999996,60527.5948680975,0.00020052701523750365,12.266151195198038,0.12266151195198038,60557.873804999996,62392.96089,SL,-0.1165315013596784,0.012266151195198038,0.012137417938404435,0.006130010592302424,0.00607174484162256,0.012201755433924984,-0.15313682592720584,-1.2484504999999997,0 days 09:00:00
15m,DEVELOPMENT,205,CLOSED,BTCUSDT,LONG,2024-08-10 00:00:00+00:00,2024-08-10 00:15:00+00:00,60897.82,60928.26891,2024-08-10 02:00:00+00:00,60318.9862209,60288.82672778955,0.00019881029889435797,12.113167353112917,0.12113167353112918,60318.9862209,62146.8342882,SL,-0.11507811663302203,0.012113167353112918,0.011986039661741998,0.006053556898107239,0.005996017839790545,0.012049574737897783,-0.15122689838577472,-1.2484504999999977,0 days 01:45:00
15m,DEVELOPMENT,206,CLOSED,BTCUSDT,LONG,2024-08-10 02:00:00+00:00,2024-08-10 02:15:00+00:00,60555.98,60586.25799,2024-08-11 09:15:00+00:00,61797.9831498,61767.0841582251,0.00019743902210504728,11.962091530549706,0.11962091530549707,59980.3954101,61797.9831498,TP,0.24521988734789962,0.011962091530549706,0.012195232694480121,0.005978056736905422,0.006100666680579774,0.012078723417485195,0.20898383970538462,1.7470510000000055,1 days 07:00:00
15m,DEVELOPMENT,207,CLOSED,BTCUSDT,LONG,2024-08-13 00:15:00+00:00,2024-08-13 00:30:00+00:00,59654.51,59684.337255,2024-08-13 03:00:00+00:00,59087.49388245,59057.95013550878,0.0002039206122569594,12.17086659519045,0.12170866595190451,59087.49388245,60878.0240001,SL,-0.11562627385036076,0.01217086659519045,0.012043133350273929,0.006082392101543742,0.006024578964618435,0.012106971066162178,-0.15194724486198732,-1.2484504999999932,0 days 02:30:00
15m,DEVELOPMENT,208,CLOSED,BTCUSDT,LONG,2024-08-13 03:00:00+00:00,2024-08-13 03:15:00+00:00,59154.03,59183.607014999994,2024-08-13 10:15:00+00:00,58591.770944849995,58562.475059377575,0.00020308108532032633,12.019071145777877,0.12019071145777878,58591.770944849995,60367.27915529999,SL,-0.11418417915104391,0.012019071145777877,0.01189293099410294,0.006006532306734617,0.005949440217159074,0.011955972523893691,-0.15005215381481843,-1.24845049999999,0 days 07:00:00
15m,DEVELOPMENT,209,CLOSED,BTCUSDT,LONG,2024-08-14 00:00:00+00:00,2024-08-14 00:15:00+00:00,60626.63,60656.943315,2024-08-14 13:30:00+00:00,60050.37388185,60020.34869490908,0.0001956770032504996,11.869168894214624,0.11869168894214624,60050.37388185,61870.0821813,SL,-0.11276007030435756,0.011869168894214625,0.011744601966669842,0.005931618637788304,0.005875238602634968,0.011806857240423272,-0.1481806984056653,-1.2484504999999861,0 days 13:15:00
15m,DEVELOPMENT,210,CLOSED,BTCUSDT,LONG,2024-08-16 05:30:00+00:00,2024-08-16 05:45:00+00:00,58248.16,58277.28408,2024-08-16 12:30:00+00:00,57694.511239199994,57665.663983580394,0.0002011270156719132,11.721136228474696,0.11721136228474696,57694.511239199994,59442.8297616,SL,-0.11135372299015889,0.011721136228474698,0.011598122903756855,0.0058576392945888745,0.005801962433094837,0.01165960172768371,-0.14633258385007417,-1.248450500000006,0 days 06:45:00
15m,DEVELOPMENT,211,CLOSED,BTCUSDT,LONG,2024-08-17 00:00:00+00:00,2024-08-17 00:15:00+00:00,58888.7,58918.144349999995,2024-08-18 02:45:00+00:00,60096.507237,60066.458983381504,0.0001964581532347951,11.574949831022076,0.11574949831022076,58328.9629065,60096.507237,TP,0.23728357924464066,0.011574949831022077,0.011800545603228699,0.005784582624198534,0.0059032244138200055,0.01168780703801854,0.2022202767723713,1.7470510000000157,1 days 02:30:00
15m,DEVELOPMENT,212,CLOSED,BTCUSDT,LONG,2024-08-18 02:45:00+00:00,2024-08-18 03:00:00+00:00,60125.99,60156.052995,2024-08-18 03:15:00+00:00,59554.492465049996,59524.71521881747,0.00019577361717057473,11.776968089535936,0.11776968089535936,59554.492465049996,61359.1740549,SL,-0.11188413962122883,0.011776968089535936,0.011653368809436255,0.005885541274130947,0.005829599204319874,0.011715140478450821,-0.14702961699865186,-1.2484505000000001,0 days 00:15:00
15m,DEVELOPMENT,213,CLOSED,BTCUSDT,LONG,2024-08-18 03:15:00+00:00,2024-08-18 03:30:00+00:00,59623.61,59653.421805,2024-08-18 23:15:00+00:00,59056.88758695,59027.35914315652,0.00019496090925494476,11.630085355271548,0.11630085355271548,59056.88758695,60846.4902411,SL,-0.11048871694338507,0.011630085355271548,0.011508027609467973,0.005812136609330631,0.005756892250859448,0.01156902886019008,-0.14519585876831467,-1.2484505000000021,0 days 19:45:00
15m,DEVELOPMENT,214,CLOSED,BTCUSDT,LONG,2024-08-20 00:00:00+00:00,2024-08-20 00:15:00+00:00,59408.0,59437.704,2024-08-20 00:30:00+00:00,60626.45808,60596.14485096,0.0001932280989069025,11.485034547311194,0.11485034547311194,58843.32696,60626.45808,TP,0.2354403383961539,0.011485034547311194,0.01170887787063829,0.005739647449930227,0.005857367619127811,0.01159701506905804,0.20064941090914637,1.747051000000006,0 days 00:15:00
15m,DEVELOPMENT,215,CLOSED,BTCUSDT,LONG,2024-08-20 00:30:00+00:00,2024-08-20 00:45:00+00:00,60252.09,60282.216044999994,2024-08-20 14:30:00+00:00,59679.393884549994,59649.554187607726,0.00019384628296569774,11.685483509258393,0.11685483509258393,59679.393884549994,61487.86036589999,SL,-0.11101501324887704,0.011685483509258394,0.011562844359828727,0.0058398218437068095,0.005784314337081616,0.011624136180788426,-0.1458874772987526,-1.2484504999999884,0 days 13:45:00
15m,DEVELOPMENT,216,CLOSED,BTCUSDT,LONG,2024-08-21 06:45:00+00:00,2024-08-21 07:00:00+00:00,59627.32,59657.13366,2024-08-21 13:30:00+00:00,59060.5623234,59031.0320422383,0.00019343439863307715,11.539741773695205,0.11539741773695206,59060.5623234,60850.2763332,SL,-0.10963043034380071,0.011539741773695206,0.011418632183780274,0.005766987393150989,0.005712172177979176,0.011479159571130165,-0.14406796387240636,-1.2484504999999975,0 days 06:30:00
15m,DEVELOPMENT,217,CLOSED,BTCUSDT,LONG,2024-08-22 00:00:00+00:00,2024-08-22 00:15:00+00:00,61100.0,61130.549999999996,2024-08-22 02:30:00+00:00,60519.24449999999,60488.984877749994,0.00018641771968128264,11.395817733862632,0.11395817733862633,60519.24449999999,62353.161,SL,-0.10826311600236437,0.011395817733862633,0.011276218626745743,0.005695061336262371,0.00564092977826194,0.01133599111452431,-0.14227114347749706,-1.248450500000003,0 days 02:15:00
15m,DEVELOPMENT,218,CLOSED,BTCUSDT,LONG,2024-08-22 02:30:00+00:00,2024-08-22 02:45:00+00:00,60560.14,60590.42006999999,2024-08-22 02:45:00+00:00,59984.51586929999,59954.523611365345,0.00018573379597629848,11.2536887193996,0.112536887193996,59984.51586929999,61802.22847139999,SL,-0.10691285485046967,0.0112536887193996,0.011135581256289502,0.005624032343526816,0.005570575916102013,0.011194608259628829,-0.14049673308578758,-1.2484504999999972,0 days 00:00:00
15m,DEVELOPMENT,219,CLOSED,BTCUSDT,LONG,2024-08-22 02:45:00+00:00,2024-08-22 03:00:00+00:00,60186.49,60216.583244999994,2024-08-23 14:00:00+00:00,61420.9149099,61390.204452445054,0.0001845560100524851,11.113332342690525,0.11113332342690525,59614.41741254999,61420.9149099,TP,0.22782053608054256,0.011113332342690525,0.011329931190049566,0.00555388922673123,0.0056677994947712165,0.011221688721502447,0.19415558382630002,1.747051000000016,1 days 11:00:00
15m,DEVELOPMENT,220,CLOSED,BTCUSDT,LONG,2024-08-24 00:00:00+00:00,2024-08-24 00:15:00+00:00,63957.23,63989.208615,2024-08-26 09:30:00+00:00,63349.31652885,63317.64187058558,0.0001767062635971408,11.307293964894624,0.11307293964894624,63349.31652885,65268.992787300005,SL,-0.10742211807728493,0.011307293964894624,0.011188623914733055,0.005650821571661479,0.0055971105126218,0.011247932084283279,-0.14116596804119588,-1.2484504999999924,2 days 09:15:00
15m,DEVELOPMENT,221,CLOSED,BTCUSDT,LONG,2024-08-29 05:45:00+00:00,2024-08-29 06:00:00+00:00,59436.17,59465.88808499999,2024-08-29 13:45:00+00:00,60655.205846699995,60624.87824377665,0.00018777604070817144,11.166269021796525,0.11166269021796525,58871.22920414999,60655.205846699995,TP,0.22890572477465887,0.011166269021796526,0.011383899605031342,0.005580344338727613,0.00569479720111542,0.011275141539843034,0.19508041460798797,1.747051000000014,0 days 07:45:00
15m,DEVELOPMENT,222,OPEN,BTCUSDT,LONG,2024-08-31 00:00:00+00:00,2024-08-31 00:15:00+00:00,59128.0,59157.564,,,,0.00019204905987804766,11.361154550875437,0.11361154550875437,58565.988359999996,60340.71528,END_OF_DATA,,0.011361154550875437,,0.00567773840623431,,,,,
15m,VALIDATION,1,CLOSED,BTCUSDT,LONG,2024-09-03 00:00:00+00:00,2024-09-03 00:15:00+00:00,59108.01,59137.564005,2024-09-03 13:30:00+00:00,58546.18836495,58516.91527076753,0.0003378566621095637,19.980019980019982,0.19980019980019983,58546.18836495,60320.3152851,SL,-0.1898151823189307,0.019980019980019983,0.019770329670329677,0.009985017481268729,0.00989010989010828,0.01987512737137701,-0.24944065934065737,-1.24845049999999,0 days 13:15:00
15m,VALIDATION,2,CLOSED,BTCUSDT,LONG,2024-09-05 00:00:00+00:00,2024-09-05 00:15:00+00:00,58091.98,58121.02599,2024-09-05 03:00:00+00:00,57539.8157301,57511.045822234955,0.0003394783243424158,19.730828512147202,0.19730828512147203,57539.8157301,59283.4465098,SL,-0.18744780110740555,0.019730828512147202,0.019523753466912215,0.009860484014066128,0.00976676011351204,0.019627244127578165,-0.2463296272140431,-1.248450499999994,0 days 02:45:00
15m,VALIDATION,3,CLOSED,BTCUSDT,LONG,2024-09-05 03:00:00+00:00,2024-09-05 03:15:00+00:00,57200.91,57229.510455,2024-09-05 06:15:00+00:00,56657.21535045,56628.88674277478,0.00034046674195820407,19.48474496847683,0.1948474496847683,56657.21535045,58374.100664100006,SL,-0.18510994595239655,0.01948474496847683,0.019280252570032665,0.009737503732372154,0.00964494875939407,0.019382452491766226,-0.24325739598267226,-1.248450499999992,0 days 03:00:00
15m,VALIDATION,4,CLOSED,BTCUSDT,LONG,2024-09-06 03:00:00+00:00,2024-09-06 03:15:00+00:00,56764.0,56792.382,2024-09-06 07:00:00+00:00,56224.458179999994,56196.34595091,0.00033880830331919795,19.241730586875757,0.19241730586875758,56224.458179999994,57928.22964,SL,-0.18280124860395408,0.01924173058687576,0.019039788624366498,0.009616057264804728,0.009524656640501738,0.019140713905306465,-0.2402234817205028,-1.2484504999999972,0 days 03:45:00
15m,VALIDATION,5,CLOSED,BTCUSDT,LONG,2024-09-07 07:45:00+00:00,2024-09-07 08:00:00+00:00,54286.0,54313.143,2024-09-08 15:45:00+00:00,53770.011569999995,53743.126564214996,0.0003498554132404653,19.00174708865348,0.1900174708865348,53770.011569999995,55399.40586,SL,-0.1805213454049506,0.01900174708865348,0.018802323752958063,0.009496125481584686,0.009405864808883307,0.018901990290467994,-0.23722740653703014,-1.2484505000000017,1 days 07:45:00
15m,VALIDATION,6,CLOSED,BTCUSDT,LONG,2024-09-09 00:00:00+00:00,2024-09-09 00:15:00+00:00,54943.97,54971.441985,2024-09-09 16:15:00+00:00,56070.870824699996,56042.83538928765,0.0003413546378800268,18.764756672532574,0.18764756672532573,54421.727565149995,56070.870824699996,TP,0.3846728229421702,0.018764756672532575,0.019130481780080234,0.00937768949151933,0.009570025902991035,0.018947715394510366,0.327829869095047,1.747051,0 days 16:00:00
15m,VALIDATION,7,CLOSED,BTCUSDT,LONG,2024-09-10 00:00:00+00:00,2024-09-10 00:15:00+00:00,56738.0,56766.369,2024-09-10 18:30:00+00:00,57901.69638,57872.745531810004,0.0003363304607215743,19.09225903926089,0.19092259039260892,56198.70531,57901.69638,TP,0.39138653962542863,0.019092259039260893,0.01946436716793609,0.009541358840209931,0.00973705211002221,0.01927841095023214,0.3335515024679995,1.747051000000009,0 days 18:15:00
15m,VALIDATION,8,CLOSED,BTCUSDT,LONG,2024-09-11 00:00:00+00:00,2024-09-11 00:15:00+00:00,57592.0,57620.795999999995,2024-09-11 01:30:00+00:00,57044.588039999995,57016.06574598,0.00033712615361031656,19.425477323444714,0.19425477323444715,57044.588039999995,58773.211919999994,SL,-0.18454688851508613,0.019425477323444715,0.01922160693893516,0.009707884719360928,0.009615611275103946,0.019323495994464875,-0.24251746877193087,-1.2484504999999932,0 days 01:15:00
15m,VALIDATION,9,CLOSED,BTCUSDT,LONG,2024-09-11 01:30:00+00:00,2024-09-11 01:45:00+00:00,57108.01,57136.564005,2024-09-11 04:15:00+00:00,56565.198364949996,56536.915765767524,0.0003357430126212638,19.183202129866363,0.19183202129866364,56565.198364949996,58279.2952851,SL,-0.18224521363756296,0.019183202129866364,0.018981874423513415,0.009586807661102006,0.009495685054282854,0.019082492715384862,-0.23949278290632758,-1.2484505000000017,0 days 02:30:00
15m,VALIDATION,10,CLOSED,BTCUSDT,LONG,2024-09-12 00:00:00+00:00,2024-09-12 00:15:00+00:00,57461.08,57489.81054,2024-09-13 15:15:00+00:00,58639.6067508,58610.2869474246,0.00032951836895181067,18.943948600489414,0.18943948600489413,56914.912434599995,58639.6067508,TP,0.3883462126896917,0.018943948600489414,0.019313166158712952,0.009467240679903711,0.009661413786247708,0.019128654466151418,0.33096044346433795,1.7470510000000088,1 days 15:00:00
15m,VALIDATION,11,CLOSED,BTCUSDT,LONG,2024-09-14 00:00:00+00:00,2024-09-14 00:15:00+00:00,60504.02,60534.27200999999,2024-09-14 05:45:00+00:00,59928.92928989999,59898.96482525505,0.00031840770152412215,19.274578414140098,0.19274578414140098,59928.92928989999,61744.957450199996,SL,-0.18311331117081778,0.019274578414140098,0.0190722917136837,0.00963247297058365,0.009540916314997793,0.019173389285581443,-0.24063357058422302,-1.2484504999999944,0 days 05:30:00
15m,VALIDATION,12,CLOSED,BTCUSDT,LONG,2024-09-14 05:45:00+00:00,2024-09-14 06:00:00+00:00,59926.0,59955.962999999996,2024-09-15 23:00:00+00:00,59356.40336999999,59326.725168314995,0.0003174694272983871,19.034185236733286,0.19034185236733286,59356.40336999999,61155.082259999996,SL,-0.18082951591719362,0.019034185236733288,0.01883442146267377,0.009512336450140334,0.009421921692182176,0.01893425814232251,-0.23763238075892318,-1.2484505000000015,1 days 17:00:00
15m,VALIDATION,13,CLOSED,BTCUSDT,LONG,2024-09-17 04:45:00+00:00,2024-09-17 05:00:00+00:00,58246.0,58275.123,2024-09-17 12:45:00+00:00,59440.62546,59410.90514727001,0.0003225525624537959,18.79679025096014,0.1879679025096014,57692.37177,59440.62546,TP,0.3853295032955456,0.01879679025096014,0.019163139692951355,0.009393698276341768,0.009586363027987889,0.018980061304329658,0.3283895120473045,1.747051000000015,0 days 07:45:00
15m,VALIDATION,14,CLOSED,BTCUSDT,LONG,2024-09-18 00:00:00+00:00,2024-09-18 00:15:00+00:00,60136.0,60166.068,2024-09-18 10:00:00+00:00,59564.40732,59534.62511634,0.0003178677340449911,19.12485170155685,0.1912485170155685,59564.40732,61369.38936,SL,-0.1816908699883042,0.01912485170155685,0.01892413638294901,0.00955764702726457,0.00946680159226979,0.01902444861953436,-0.23876430669234439,-1.2484504999999968,0 days 09:45:00
15m,VALIDATION,15,CLOSED,BTCUSDT,LONG,2024-09-19 00:00:00+00:00,2024-09-19 00:15:00+00:00,62043.99,62075.01199499999,2024-09-19 13:15:00+00:00,63316.512234899994,63284.85397878255,0.0003042500567243816,18.886325920645415,0.18886325920645416,61454.26187504999,63316.512234899994,TP,0.3871649621513606,0.018886325920645416,0.0192544204128388,0.009438443738452117,0.009632026219527237,0.019070469957979355,0.329953745859897,1.7470510000000108,0 days 13:00:00
15m,VALIDATION,16,CLOSED,BTCUSDT,LONG,2024-09-20 00:00:00+00:00,2024-09-20 00:15:00+00:00,62897.42,62928.868709999995,2024-09-23 03:00:00+00:00,64187.4460842,64155.3523611579,0.0003053598521044123,19.21595004238358,0.19215950042383578,62299.580022899994,64187.4460842,TP,0.3939221742821458,0.01921595004238358,0.019590468908709635,0.009603173434473616,0.009800134521614656,0.019403307956088273,0.3357124473749643,1.7470510000000081,3 days 02:45:00
15m,VALIDATION,17,CLOSED,BTCUSDT,LONG,2024-09-23 03:00:00+00:00,2024-09-23 03:15:00+00:00,64312.46,64344.61622999999,2024-09-23 05:00:00+00:00,63701.17006769999,63669.31948266614,0.0003038533487060047,19.551327112688238,0.19551327112688238,63701.17006769999,65631.50855459999,SL,-0.18574249295962472,0.019551327112688238,0.019346135934640577,0.009770778167258432,0.009677906920780037,0.01944868508803847,-0.24408864109499198,-1.2484505000000006,0 days 01:45:00
15m,VALIDATION,18,CLOSED,BTCUSDT,LONG,2024-09-23 05:00:00+00:00,2024-09-23 05:15:00+00:00,63679.91,63711.749955,2024-09-23 13:45:00+00:00,63074.632455449995,63043.09513922227,0.00030304429449868415,19.307482316389546,0.19307482316389546,63074.632455449995,64985.9849541,SL,-0.18342590646405313,0.019307482316389547,0.019104850289479038,0.009648916699843586,0.009557203746612723,0.01920612044645631,-0.241044359516378,-1.248450500000006,0 days 08:30:00
15m,VALIDATION,19,CLOSED,BTCUSDT,LONG,2024-09-24 07:30:00+00:00,2024-09-24 07:45:00+00:00,63420.64,63452.35032,2024-09-24 14:15:00+00:00,62817.8268168,62786.4179033916,0.0003004881405381034,19.06667876042913,0.19066678760429132,62817.8268168,64721.3973264,SL,-0.18113821251162304,0.01906667876042913,0.018866573966838426,0.009528575092667727,0.00943800598641206,0.018966581079079788,-0.23803804631797043,-1.2484504999999955,0 days 06:30:00
15m,VALIDATION,20,CLOSED,BTCUSDT,LONG,2024-09-25 00:00:00+00:00,2024-09-25 00:15:00+00:00,64215.0,64247.1075,2024-09-25 09:45:00+00:00,63604.636425,63572.8341067875,0.0002930696687684692,18.828878514357232,0.18828878514357233,63604.636425,65532.04965,SL,-0.1788790507535896,0.01882887851435723,0.018631269434349056,0.009409734389983113,0.009320294864605708,0.01873002925458882,-0.23506922795688467,-1.248450499999996,0 days 09:30:00
15m,VALIDATION,21,CLOSED,BTCUSDT,LONG,2024-09-26 05:30:00+00:00,2024-09-26 05:45:00+00:00,63654.01,63685.837005,2024-09-26 14:15:00+00:00,64959.553745100005,64927.07396822746,0.0002919651369162988,18.594044120793914,0.18594044120793915,63048.97863495,64959.553745100005,TP,0.38117325828834003,0.018594044120793914,0.01895644204070819,0.00929237587246049,0.009482962501604172,0.018775338374064664,0.32484743375277325,1.7470510000000106,0 days 08:30:00
15m,VALIDATION,22,CLOSED,BTCUSDT,LONG,2024-09-27 00:00:00+00:00,2024-09-27 00:15:00+00:00,65108.0,65140.554,2024-09-27 14:30:00+00:00,66443.36508,66410.14339746001,0.00029042686728816965,18.91856703163585,0.1891856703163585,64489.14846,66443.36508,TP,0.38782589687041696,0.01891856703163585,0.019287289903082434,0.009454556237698043,0.009648469186132984,0.01910302542383103,0.33051701451186766,1.747051000000017,0 days 14:15:00
15m,VALIDATION,23,CLOSED,BTCUSDT,LONG,2024-09-28 00:00:00+00:00,2024-09-28 00:15:00+00:00,65800.0,65832.9,2024-09-30 00:30:00+00:00,65174.570999999996,65141.9837145,0.00029238805915157977,19.248753859320033,0.19248753859320034,65174.570999999996,67149.55799999999,SL,-0.18286797144711447,0.019248753859320032,0.019046738187566473,0.009619567146085273,0.009528133160362821,0.019147700306448093,-0.2403111638004491,-1.248450499999994,2 days 00:15:00
15m,VALIDATION,24,CLOSED,BTCUSDT,LONG,2024-10-01 05:30:00+00:00,2024-10-01 05:45:00+00:00,63700.03,63731.880014999995,2024-10-01 13:30:00+00:00,63094.56121484999,63063.01393424257,0.0002982601919500632,19.008682766612296,0.19008682766612295,63094.56121484999,65006.5176153,SL,-0.1805872360786123,0.019008682766612297,0.0188091866409767,0.009499591587511303,0.00940929796947306,0.018908889556984363,-0.23731399504318565,-1.2484505000000032,0 days 07:45:00
15m,VALIDATION,25,CLOSED,BTCUSDT,LONG,2024-10-03 03:45:00+00:00,2024-10-03 04:00:00+00:00,61464.0,61494.731999999996,2024-10-03 07:45:00+00:00,60879.78468,60849.344787660004,0.0003052555111304045,18.77160584848724,0.1877160584848724,60879.78468,62724.626639999995,SL,-0.17833494611681372,0.018771605848487243,0.01857459784510737,0.009381112368058471,0.009291944894999076,0.018673057263057548,-0.23435420707346588,-1.2484504999999877,0 days 03:45:00
15m,VALIDATION,26,CLOSED,BTCUSDT,LONG,2024-10-03 07:45:00+00:00,2024-10-03 08:00:00+00:00,60926.0,60956.462999999996,2024-10-03 08:15:00+00:00,60346.898369999995,60316.724920814995,0.0003041102591779442,18.537485761500765,0.18537485761500766,60346.898369999995,62175.59226,SL,-0.17611074678967137,0.018537485761500765,0.018342934848433814,0.009264110825336529,0.009176055451942942,0.01844016627727947,-0.2314313336768854,-1.2484505000000015,0 days 00:15:00
15m,VALIDATION,27,CLOSED,BTCUSDT,LONG,2024-10-04 00:00:00+00:00,2024-10-04 00:15:00+00:00,60700.0,60730.35,2024-10-04 13:00:00+00:00,61944.957,61913.9845215,0.00030143553639913856,18.306285627957426,0.18306285627957425,60123.0465,61944.957,TP,0.375274281088863,0.018306285627957428,0.018663075134846316,0.009148568529713417,0.009336205670258241,0.01848477419997166,0.31982014612608756,1.747051000000006,0 days 12:45:00
15m,VALIDATION,28,CLOSED,BTCUSDT,LONG,2024-10-05 00:00:00+00:00,2024-10-05 00:15:00+00:00,62079.61,62110.649804999994,2024-10-07 00:30:00+00:00,63352.8628011,63321.18636969945,0.00029988071823294033,18.625786273438035,0.18625786273438036,61489.54330694999,63352.8628011,TP,0.3818239644859699,0.018625786273438034,0.01898880284790734,0.009308239017208333,0.00949915099945298,0.01880739001666131,0.3254019853479632,1.7470510000000068,2 days 00:15:00
15m,VALIDATION,29,CLOSED,BTCUSDT,LONG,2024-10-07 00:30:00+00:00,2024-10-07 00:45:00+00:00,63310.0,63341.655,2024-10-07 11:00:00+00:00,62708.23845,62676.884330775,0.00029918484418946044,18.95086318187756,0.18950863181877559,62708.23845,64608.4881,SL,-0.18003793557595907,0.01895086318187756,0.018751973872783753,0.009470696242817022,0.009380677275028703,0.018851373517845726,-0.23659214614846613,-1.2484504999999992,0 days 10:15:00
15m,VALIDATION,30,CLOSED,BTCUSDT,LONG,2024-10-09 05:15:00+00:00,2024-10-09 05:30:00+00:00,62423.61,62454.821805,2024-10-09 12:30:00+00:00,61830.273586949996,61799.35845015653,0.0002996487196769363,18.71450739151945,0.18714507391519453,61830.273586949996,63703.9182411,SL,-0.1777924965081398,0.01871450739151945,0.018518098636445456,0.0093525774070559,0.009263681158800111,0.01861625856585601,-0.2336413611019607,-1.2484504999999955,0 days 07:00:00
15m,VALIDATION,31,CLOSED,BTCUSDT,LONG,2024-10-11 02:45:00+00:00,2024-10-11 03:00:00+00:00,60553.32,60583.596659999996,2024-10-11 13:45:00+00:00,61795.268593199995,61764.3709589034,0.00030505120952273686,18.48109943837064,0.1848109943837064,59977.76069339999,61795.268593199995,TP,0.37885792052072004,0.018481099438370643,0.018841296066424484,0.009235931753307416,0.009425360713568408,0.018661292466875826,0.3228742325490491,1.7470510000000026,0 days 10:45:00
15m,VALIDATION,32,CLOSED,BTCUSDT,LONG,2024-10-12 00:00:00+00:00,2024-10-12 00:15:00+00:00,62741.99,62773.360994999995,2024-10-13 15:15:00+00:00,62145.62738504999,62114.55457135747,0.000299548260937256,18.803651119238825,0.18803651119238826,62145.62738504999,64028.82821489999,SL,-0.17863938419626843,0.018803651119238825,0.018606306800742413,0.009397126996120601,0.00930780730402307,0.018704934300143673,-0.23475427641639332,-1.2484505000000032,1 days 15:00:00
15m,VALIDATION,33,CLOSED,BTCUSDT,LONG,2024-10-14 00:00:00+00:00,2024-10-14 00:15:00+00:00,62697.1,62728.448549999994,2024-10-14 03:30:00+00:00,63983.017520999994,63951.0260122395,0.0002960240814465209,18.569131362579093,0.18569131362579092,62101.16406449999,63983.017520999994,TP,0.380662552970011,0.018569131362579094,0.018931043732835762,0.0092799257184289,0.009470256994914392,0.01875018271334329,0.32441219516125286,1.7470510000000066,0 days 03:15:00
15m,VALIDATION,34,CLOSED,BTCUSDT,LONG,2024-10-14 03:30:00+00:00,2024-10-14 03:45:00+00:00,64017.88,64049.88894,2024-10-14 14:00:00+00:00,65330.8867188,65298.22127544061,0.00029497661560868427,18.893219469633298,0.188932194696333,63409.3900506,65330.8867188,TP,0.38730627818308827,0.018893219469633297,0.019261448317096454,0.009441888790421352,0.009635541929511205,0.019077430719932557,0.33007417967642594,1.7470510000000143,0 days 10:15:00
15m,VALIDATION,35,CLOSED,BTCUSDT,LONG,2024-10-15 00:00:00+00:00,2024-10-15 00:15:00+00:00,65965.08,65998.06254,2024-10-15 03:45:00+00:00,65338.0819146,65305.4128736427,0.0002912655790952024,19.222963904874486,0.19222963904874488,65338.0819146,67318.0237908,SL,-0.18262296043561485,0.019222963904874487,0.01902121889869283,0.009606678613129875,0.00951536713291241,0.019122045746042288,-0.23998918898522445,-1.2484504999999968,0 days 03:30:00
15m,VALIDATION,36,CLOSED,BTCUSDT,LONG,2024-10-15 03:45:00+00:00,2024-10-15 04:00:00+00:00,65399.99,65432.68999499999,2024-10-15 13:45:00+00:00,66741.34379489999,66707.97312300255,0.0002901182034053529,18.983214465328807,0.18983214465328807,64778.363095049994,66741.34379489999,TP,0.38915115310733867,0.01898321446532881,0.01935319731525807,0.009486863800762687,0.009681439377315564,0.01916830317807825,0.33164643814867356,1.7470510000000103,0 days 09:45:00
15m,VALIDATION,37,CLOSED,BTCUSDT,LONG,2024-10-16 00:00:00+00:00,2024-10-16 00:15:00+00:00,66939.99,66973.459995,2024-10-16 11:30:00+00:00,68312.9291949,68278.77273030256,0.00028839079823255977,19.314529588354457,0.19314529588354457,66303.72539505,68312.9291949,TP,0.3959430303419785,0.019314529588354456,0.01969096977003149,0.009652438574887534,0.009850410090058789,0.019502848664946323,0.3374346823186462,1.7470510000000197,0 days 11:15:00
15m,VALIDATION,38,CLOSED,BTCUSDT,LONG,2024-10-17 00:00:00+00:00,2024-10-17 00:15:00+00:00,67707.2,67741.0536,2024-10-17 10:30:00+00:00,67063.643064,67030.111242468,0.0002900992253401912,19.65162717308837,0.1965162717308837,67063.643064,69095.874672,SL,-0.18669536859590516,0.01965162717308837,0.01944538334590681,0.009820903134977332,0.009727555450678837,0.019548458585656167,-0.2453408377005565,-1.2484504999999944,0 days 10:15:00
15m,VALIDATION,39,CLOSED,BTCUSDT,LONG,2024-10-18 00:00:00+00:00,2024-10-18 00:15:00+00:00,67353.99,67387.666995,2024-10-18 15:30:00+00:00,68735.4203349,68701.05262473256,0.0002879834292611686,19.40653143112977,0.19406531431129773,66713.79032505001,68735.4203349,TP,0.39782904512990563,0.019406531431129772,0.019784764728722492,0.009698416507311697,0.00989733102987337,0.019595747537185067,0.33904200143286833,1.7470510000000068,0 days 15:15:00
15m,VALIDATION,40,CLOSED,BTCUSDT,LONG,2024-10-19 00:00:00+00:00,2024-10-19 00:15:00+00:00,68367.47,68401.653735,2024-10-21 13:15:00+00:00,67717.63719765,67683.77837905117,0.0002886660431597313,19.745234729264507,0.19745234729264508,67717.63719765,69769.6868097,SL,-0.18758466376977628,0.019745234729264507,0.019538008490780877,0.009867683522870443,0.009773891190984256,0.0196415747138547,-0.2465094817036764,-1.2484505000000001,2 days 13:00:00
15m,VALIDATION,41,CLOSED,BTCUSDT,LONG,2024-10-23 00:00:00+00:00,2024-10-23 00:15:00+00:00,67218.01,67251.61900499999,2024-10-23 08:45:00+00:00,66579.10281494999,66545.81326354251,0.0002899405516070865,19.498971510779317,0.19498971510779317,66579.10281494999,68596.65138509999,SL,-0.18524510165912905,0.01949897151077932,0.019294329804773688,0.009744613448662764,0.009651990897836379,0.019396604346499143,-0.2434350073211812,-1.2484504999999961,0 days 08:30:00
15m,VALIDATION,42,CLOSED,BTCUSDT,LONG,2024-10-24 00:00:00+00:00,2024-10-24 00:15:00+00:00,66652.0,66685.326,2024-10-24 19:15:00+00:00,68019.03252000001,67985.02300374002,0.0002887558755470978,19.255779695273645,0.19255779695273645,66018.47274,68019.03252000001,TP,0.39473867221395775,0.019255779695273645,0.019631074841534535,0.00962307830848285,0.009820447644586686,0.019443525953069536,0.33640829172408004,1.7470510000000254,0 days 19:00:00
15m,VALIDATION,43,CLOSED,BTCUSDT,LONG,2024-10-25 00:00:00+00:00,2024-10-25 00:15:00+00:00,68190.99,68225.085495,2024-10-25 07:00:00+00:00,67542.83464005,67509.06322272998,0.00028716493021051687,19.591851914778225,0.19591851914778224,67542.83464005,69589.5872049,SL,-0.18612748870561532,0.019591851914778226,0.019386235428932627,0.009791030442168426,0.00969796669781436,0.019488997139982787,-0.24459457318930894,-1.2484505000000032,0 days 06:45:00
15m,VALIDATION,44,CLOSED,BTCUSDT,LONG,2024-10-27 00:00:00+00:00,2024-10-27 00:15:00+00:00,67033.0,67066.5165,2024-10-28 07:00:00+00:00,68407.84683,68373.642906585,0.00028848228149455,19.347501691811882,0.19347501691811883,66395.851335,68407.84683,TP,0.3966189502239483,0.01934750169181188,0.019724584499785293,0.00966891638771148,0.009867225862823984,0.019536142250535467,0.3380107217818156,1.747050999999996,1 days 06:45:00
15m,VALIDATION,45,CLOSED,BTCUSDT,LONG,2024-10-28 07:00:00+00:00,2024-10-28 07:15:00+00:00,68450.0,68484.22499999999,2024-10-28 19:15:00+00:00,69853.9095,69818.98254525,0.00028744100908705575,19.68517474054497,0.1968517474054497,67799.38274999999,69853.9095,TP,0.40354116334690227,0.01968517474054497,0.02006883879623819,0.009837668536001973,0.010039439117678146,0.01987710765368012,0.343910042156439,1.7470510000000037,0 days 12:00:00
15m,VALIDATION,46,CLOSED,BTCUSDT,LONG,2024-10-29 00:00:00+00:00,2024-10-29 00:15:00+00:00,69855.46,69890.38773,2024-10-29 02:15:00+00:00,71288.1954846,71252.55138685771,0.00028657361715606164,20.02874121622573,0.2002874121622573,69191.4838527,71288.1954846,TP,0.41058419024966325,0.02002874121622573,0.02041910138252997,0.010009365925149083,0.010214658020272223,0.020224023945421304,0.34991232370548625,1.7470510000000123,0 days 02:00:00
15m,VALIDATION,47,CLOSED,BTCUSDT,LONG,2024-10-29 02:15:00+00:00,2024-10-29 02:30:00+00:00,71372.0,71407.686,2024-10-29 16:45:00+00:00,72835.83972,72799.42180014,0.00028537969956301726,20.378303977170276,0.20378303977170276,70693.60914,72835.83972,TP,0.41775013950201234,0.020378303977170276,0.020775477121685326,0.010184059958606266,0.010392935028357744,0.020576994986964012,0.3560193634161927,1.7470509999999984,0 days 14:15:00
15m,VALIDATION,48,CLOSED,BTCUSDT,LONG,2024-10-30 00:00:00+00:00,2024-10-30 00:15:00+00:00,72541.58,72577.85079,2024-10-30 12:00:00+00:00,71852.0722821,71816.14624595895,0.0002856789978099426,20.733967676886753,0.20733967676886753,71852.0722821,74029.4078058,SL,-0.19697787383189472,0.020733967676886754,0.020516364686117824,0.010361802936973469,0.010263314000056529,0.020625116937029998,-0.25885332313192927,-1.2484504999999915,0 days 11:45:00
15m,VALIDATION,49,CLOSED,BTCUSDT,LONG,2024-10-31 00:00:00+00:00,2024-10-31 00:15:00+00:00,72349.06,72385.23452999999,2024-10-31 13:45:00+00:00,71661.38218469999,71625.55149360765,0.000282866707297843,20.475372948483226,0.20475372948483228,71661.38218469999,73832.93922059999,SL,-0.19452115929568667,0.020475372948483228,0.0202604839093889,0.01023257018914402,0.010135309609496941,0.02036787979864096,-0.2556248959521998,-1.2484504999999813,0 days 13:30:00
15m,VALIDATION,50,CLOSED,BTCUSDT,LONG,2024-11-02 07:15:00+00:00,2024-11-02 07:30:00+00:00,69692.0,69726.84599999999,2024-11-02 14:45:00+00:00,69029.57753999998,68995.06275122998,0.0002899887859843461,20.220003422057456,0.20220003422057456,69029.57753999998,71121.38291999999,SL,-0.19209508498416875,0.020220003422057455,0.02000779448614296,0.010104949236407756,0.010008901693918573,0.02011385093032633,-0.2524367338226955,-1.2484505000000103,0 days 07:15:00
15m,VALIDATION,51,CLOSED,BTCUSDT,LONG,2024-11-04 00:00:00+00:00,2024-11-04 00:15:00+00:00,68641.37,68675.690685,2024-11-04 16:30:00+00:00,67988.93377814999,67954.93931126093,0.00029075526832881735,19.967818872784036,0.19967818872784038,67988.93377814999,70049.2044987,SL,-0.18969926875143736,0.019967818872784038,0.01975825661371417,0.00997891997640346,0.009884070342025934,0.019862990318429394,-0.24928833455636495,-1.2484504999999912,0 days 16:15:00
15m,VALIDATION,52,CLOSED,BTCUSDT,LONG,2024-11-05 04:15:00+00:00,2024-11-05 04:30:00+00:00,68390.0,68424.19499999999,2024-11-05 14:30:00+00:00,69792.6789,69757.78256055,0.00028818431225274827,19.718779577522934,0.19718779577522935,67739.95305,69792.6789,TP,0.40423005410794116,0.019718779577522935,0.020103098591488858,0.009854462557480546,0.010056577584537393,0.019911040142017937,0.34449713579691144,1.7470510000000061,0 days 10:00:00
15m,VALIDATION,53,CLOSED,BTCUSDT,LONG,2024-11-06 00:00:00+00:00,2024-11-06 00:15:00+00:00,69725.99,69760.85299500001,2024-11-06 00:30:00+00:00,71156.0700549,71120.49201987256,0.0002875958607010584,20.062932560337035,0.20062932560337035,69063.24446505001,71156.0700549,TP,0.41128510426038173,0.020062932560337036,0.020453959115938006,0.010026453053642598,0.010232095605770031,0.02025854865941263,0.35050966392469407,1.7470510000000015,0 days 00:15:00
15m,VALIDATION,54,CLOSED,BTCUSDT,LONG,2024-11-06 00:30:00+00:00,2024-11-06 00:45:00+00:00,71203.46,71239.06173,2024-11-06 02:30:00+00:00,72663.8429646,72627.5110431177,0.00028654352779271665,20.41309206475731,0.20413092064757313,70526.6711127,72663.8429646,TP,0.4184632866048683,0.02041309206475731,0.020810943229099432,0.01020144530972232,0.01041067695302584,0.02061212226274816,0.3566271290482634,1.7470510000000006,0 days 01:45:00
15m,VALIDATION,55,CLOSED,BTCUSDT,LONG,2024-11-06 02:30:00+00:00,2024-11-06 02:45:00+00:00,72843.97,72880.391985,2024-11-06 03:00:00+00:00,74337.99982469999,74300.83082478764,0.0002849787488412805,20.769362922947387,0.20769362922947388,72151.58806514999,74337.99982469999,TP,0.4257667501745603,0.020769362922947388,0.02117415780631563,0.010379491715614057,0.010592375090702662,0.02097186680631672,0.36285136263898055,1.747050999999995,0 days 00:15:00
15m,VALIDATION,56,CLOSED,BTCUSDT,LONG,2024-11-06 03:00:00+00:00,2024-11-06 03:15:00+00:00,74057.39,74094.418695,2024-11-06 07:30:00+00:00,73353.47450805,73316.79777079598,0.00028520166793802803,21.131851796712606,0.21131851796712606,73353.47450805,75576.3070689,SL,-0.20075787239155746,0.021131851796712606,0.020910073012106112,0.01056064557556877,0.010460266639371265,0.021020912214940034,-0.2638207094153162,-1.248450499999994,0 days 04:15:00
15m,VALIDATION,57,CLOSED,BTCUSDT,LONG,2024-11-06 07:30:00+00:00,2024-11-06 07:45:00+00:00,73627.99,73664.803995,2024-11-06 07:45:00+00:00,72928.15595505,72891.69187707247,0.00028328718075277837,20.868294644449556,0.20868294644449556,72928.15595505,75138.1000749,SL,-0.19825401358870154,0.020868294644449555,0.02064928189215606,0.01042893285579391,0.010329805849001627,0.020758738704795537,-0.2605303288301027,-1.248450499999995,0 days 00:00:00
15m,VALIDATION,58,CLOSED,BTCUSDT,LONG,2024-11-06 07:45:00+00:00,2024-11-06 08:00:00+00:00,73370.89,73407.575445,2024-11-06 08:00:00+00:00,72673.49969055,72637.16294070473,0.0002807343037929187,20.608024585678226,0.20608024585678228,72673.49969055,74875.7269539,SL,-0.1957813829953734,0.020608024585678227,0.02039174336765154,0.010298862861407155,0.010200972169909797,0.02049983503131695,-0.25728098598002014,-1.2484504999999873,0 days 00:00:00
15m,VALIDATION,59,CLOSED,BTCUSDT,LONG,2024-11-07 00:00:00+00:00,2024-11-07 00:15:00+00:00,75411.58,75449.28579,2024-11-07 04:30:00+00:00,74694.7929321,74657.44553563395,0.0002697308584246074,20.351000623660234,0.20351000623660234,74694.7929321,76958.27150579999,SL,-0.19333959113232554,0.020351000623660236,0.02013741687211492,0.01017041510427601,0.010073745308712242,0.020244160412988252,-0.2540721690410889,-1.2484504999999981,0 days 04:15:00
15m,VALIDATION,60,CLOSED,BTCUSDT,LONG,2024-11-07 04:30:00+00:00,2024-11-07 04:45:00+00:00,74639.99,74677.309995,2024-11-07 16:00:00+00:00,76170.8561949,76132.77076680255,0.0002691203295126115,20.09718227296984,0.20097182272969838,73930.53689505,76170.8561949,TP,0.4119872148112042,0.02009718227296984,0.02048887635547002,0.01004356935180848,0.010249562959213379,0.02029313231102186,0.35110802387174245,1.7470510000000008,0 days 11:15:00
15m,VALIDATION,61,CLOSED,BTCUSDT,LONG,2024-11-08 00:00:00+00:00,2024-11-08 00:15:00+00:00,75983.99,76021.981995,2024-11-10 04:30:00+00:00,77542.42163489999,77503.65042408255,0.00026897403886312583,20.447939539574982,0.20447939539574983,75261.76217505,77542.42163489999,TP,0.41917765113111344,0.020447939539574984,0.0208464698812013,0.01021886033961483,0.01042844916518204,0.02064730950479687,0.3572359322055403,1.7470510000000008,2 days 04:15:00
15m,VALIDATION,62,CLOSED,BTCUSDT,LONG,2024-11-10 04:30:00+00:00,2024-11-10 04:45:00+00:00,77867.39,77906.323695,2024-11-10 05:15:00+00:00,79464.4501689,79424.71794381556,0.0002670491637389715,20.80481859272737,0.2080481859272737,77127.26045805,79464.4501689,TP,0.4264935825455664,0.02080481859272737,0.02121030450709963,0.010397210691018099,0.010610457482289492,0.02100766817330759,0.3634707912724318,1.7470510000000115,0 days 00:30:00
15m,VALIDATION,63,CLOSED,BTCUSDT,LONG,2024-11-10 05:15:00+00:00,2024-11-10 05:30:00+00:00,79653.0,79692.8265,2024-11-10 06:30:00+00:00,78895.898235,78856.4502858825,0.0002656189673021099,21.167926276316216,0.21167926276316215,78895.898235,81286.68303,SL,-0.20110058896190455,0.021167926276316217,0.02094576889004628,0.010578673801256305,0.01047812350677671,0.021056797308033014,-0.26427108143630007,-1.2484504999999948,0 days 01:00:00
15m,VALIDATION,64,CLOSED,BTCUSDT,LONG,2024-11-10 06:30:00+00:00,2024-11-10 06:45:00+00:00,78739.69,78779.059845,2024-11-10 17:45:00+00:00,80354.6410419,80314.46372137906,0.0002653486756897496,20.903919201954277,0.20903919201954277,77991.26924655,80354.6410419,TP,0.4285251202719463,0.020903919201954276,0.02131133658720037,0.010446736232859065,0.01066099879299576,0.021107735025854828,0.3652021294569368,1.7470510000000123,0 days 11:00:00
15m,VALIDATION,65,CLOSED,BTCUSDT,LONG,2024-11-11 00:00:00+00:00,2024-11-11 00:15:00+00:00,80368.0,80408.184,2024-11-11 10:00:00+00:00,82016.34767999999,81975.33950616,0.00026450984758117474,21.268756494119053,0.21268756494119054,79604.10216,82016.34767999999,TP,0.4360041935975808,0.021268756494119054,0.021683284558189436,0.010629063715200294,0.010847065811997932,0.021476129527198226,0.371576023018074,1.7470510000000101,0 days 09:45:00
15m,VALIDATION,66,CLOSED,BTCUSDT,LONG,2024-11-12 00:00:00+00:00,2024-11-12 00:15:00+00:00,87645.43,87689.252715,2024-11-12 00:15:00+00:00,86812.36018784999,86768.95400775607,0.00024678008584075014,21.63996131231893,0.2163996131231893,86812.36018784999,89443.03776929999,SL,-0.20558503975371525,0.02163996131231893,0.021412849918346143,0.010814573369475238,0.010711780849597494,0.02152635421907273,-0.2701642052034531,-1.248450500000004,0 days 00:00:00
15m,VALIDATION,67,CLOSED,BTCUSDT,LONG,2024-11-12 00:15:00+00:00,2024-11-12 00:30:00+00:00,87952.0,87995.976,2024-11-12 02:45:00+00:00,87116.01624,87072.45823188,0.00024285277546585058,21.370067001426374,0.21370067001426374,87116.01624,89755.89551999999,SL,-0.2030209763603782,0.021370067001426376,0.021145788148246407,0.010679693653885058,0.010578183165706625,0.02125787681959168,-0.26679470832964264,-1.2484505000000004,0 days 02:15:00
15m,VALIDATION,68,CLOSED,BTCUSDT,LONG,2024-11-12 02:45:00+00:00,2024-11-12 03:00:00+00:00,87694.53,87738.37726499999,2024-11-12 06:45:00+00:00,89493.14481029999,89448.39823789484,0.00024052802751909762,21.103538821276885,0.21103538821276885,86860.99349234998,89493.14481029999,TP,0.4326172725880918,0.021103538821276885,0.021514846792903573,0.010546496162554621,0.010762804798849656,0.02130930096140428,0.36868958601250706,1.7470510000000048,0 days 03:45:00
15m,VALIDATION,69,CLOSED,BTCUSDT,LONG,2024-11-12 06:45:00+00:00,2024-11-12 07:00:00+00:00,89545.46,89590.23273,2024-11-12 09:00:00+00:00,88694.3304027,88649.98323749866,0.00023966742167904454,21.47186008602465,0.2147186008602465,88694.3304027,91382.0373846,SL,-0.20398803609961658,0.021471860086024648,0.02124651291442182,0.010730564760631278,0.010628570742579689,0.021359135503210967,-0.268065544603274,-1.2484504999999944,0 days 02:00:00
15m,VALIDATION,70,CLOSED,BTCUSDT,LONG,2024-11-13 00:00:00+00:00,2024-11-13 00:15:00+00:00,87708.02,87751.87401,2024-11-13 04:30:00+00:00,86874.3552699,86830.91809226506,0.00024163657561036093,21.20406233916823,0.2120406233916823,86874.3552699,89506.9114902,SL,-0.20144389058850096,0.02120406233916823,0.020981525704918663,0.01059673280318143,0.010496010857886706,0.021092743661068135,-0.264722222293656,-1.248450499999993,0 days 04:15:00
15m,VALIDATION,71,CLOSED,BTCUSDT,LONG,2024-11-14 00:00:00+00:00,2024-11-14 00:15:00+00:00,90146.78,90191.85338999999,2024-11-14 06:45:00+00:00,89289.9348561,89245.28988867195,0.00023216736088229432,20.93960457463911,0.2093960457463911,89289.9348561,91995.6904578,SL,-0.198931475744074,0.020939604574639108,0.02071984342462827,0.010464570002316183,0.010365104264445145,0.020829674266761328,-0.2614205980101027,-1.24845049999999,0 days 06:30:00
15m,VALIDATION,72,CLOSED,BTCUSDT,LONG,2024-11-14 07:45:00+00:00,2024-11-14 08:00:00+00:00,90769.42,90814.80471,2024-11-14 14:30:00+00:00,89906.6566629,89861.70333456855,0.0002276990541586287,20.678445136067577,0.20678445136067578,89906.6566629,92631.1008042,SL,-0.19645039582041154,0.020678445136067578,0.020461424854364547,0.010334055540263305,0.010235830342353956,0.02056988588261726,-0.2581601516934609,-1.248450499999998,0 days 06:30:00
15m,VALIDATION,73,CLOSED,BTCUSDT,LONG,2024-11-16 00:00:00+00:00,2024-11-16 00:15:00+00:00,90870.43,90915.86521499998,2024-11-17 01:45:00+00:00,90006.70656284998,89961.70320956856,0.00022460923446455226,20.42054288662356,0.2042054288662356,90006.70656284998,92734.18251929998,SL,-0.19400026000735532,0.020420542886623563,0.020206229289028446,0.01020516885888019,0.010108168728879076,0.020313337587759266,-0.2549403697707666,-1.2484505000000017,1 days 01:30:00
15m,VALIDATION,74,CLOSED,BTCUSDT,LONG,2024-11-18 02:15:00+00:00,2024-11-18 02:30:00+00:00,90468.56,90513.79427999999,2024-11-18 13:15:00+00:00,89608.65633719998,89563.85200903138,0.00022279319260614346,20.165857202536884,0.20165857202536885,89608.65633719998,92324.07016559999,SL,-0.19158068236893255,0.020165857202536885,0.01995421653119626,0.010077889656437921,0.009982099315255054,0.020059988971692977,-0.2517607450743587,-1.2484505000000046,0 days 10:45:00
15m,VALIDATION,75,CLOSED,BTCUSDT,LONG,2024-11-19 02:45:00+00:00,2024-11-19 03:00:00+00:00,91236.0,91281.618,2024-11-19 17:30:00+00:00,93107.25036,93060.69673482001,0.00021816383630161293,19.914347966698365,0.19914347966698365,90368.80182000001,93107.25036,TP,0.40823915721837545,0.019914347966698366,0.020302478608569315,0.009952197884407462,0.010156317463014661,0.020108515347422123,0.3479138152956856,1.7470510000000108,0 days 14:30:00
15m,VALIDATION,76,CLOSED,BTCUSDT,LONG,2024-11-20 00:00:00+00:00,2024-11-20 00:15:00+00:00,92179.5,92225.58975,2024-11-20 13:15:00+00:00,94070.101545,94023.0664942275,0.00021969948113825973,20.261914215745005,0.20261914215745006,91303.3338525,94070.101545,TP,0.4153641784756917,0.020261914215745004,0.020656818923809876,0.010125894160791927,0.010333576250028698,0.020459470410820624,0.35398597492531614,1.7470510000000044,0 days 13:00:00
15m,VALIDATION,77,CLOSED,BTCUSDT,LONG,2024-11-21 00:00:00+00:00,2024-11-21 00:15:00+00:00,94392.0,94439.196,2024-11-21 04:00:00+00:00,96327.97992,96279.81593004,0.00021829438868081576,20.61554655832774,0.2061554655832774,93494.80404,96327.97992,TP,0.42261355313473414,0.02061554655832774,0.02101734356074955,0.010302621968178967,0.010513928744746647,0.020816550712925614,0.36016411230273127,1.7470510000000044,0 days 03:45:00
15m,VALIDATION,78,CLOSED,BTCUSDT,LONG,2024-11-21 04:00:00+00:00,2024-11-21 04:15:00+00:00,96940.8,96989.2704,2024-11-21 15:30:00+00:00,96019.377696,95971.368007152,0.00021626465257256413,20.975350866322476,0.20975350866322476,96019.377696,98929.05580799999,SL,-0.19927107444717307,0.020975350866322476,0.020755214558980425,0.010482434216051278,0.010382798678827314,0.020865232894878592,-0.2618668727673546,-1.2484504999999873,0 days 11:15:00
15m,VALIDATION,79,CLOSED,BTCUSDT,LONG,2024-11-22 00:00:00+00:00,2024-11-22 00:15:00+00:00,98236.01,98285.12800499999,2024-11-22 14:45:00+00:00,97302.27672494999,97253.62558658751,0.00021075157573960594,20.71374559882262,0.2071374559882262,97302.27672494999,100250.8305651,SL,-0.1967857590372917,0.02071374559882262,0.020496354838762977,0.010351696950935133,0.010253304071417143,0.020605001022352278,-0.2586008604972296,-1.2484505000000028,0 days 14:30:00
15m,VALIDATION,80,CLOSED,BTCUSDT,LONG,2024-11-23 00:00:00+00:00,2024-11-23 00:15:00+00:00,98688.63,98737.974315,2024-11-23 16:15:00+00:00,97750.59457185,97701.71927456408,0.00020716855113499976,20.45540308084337,0.2045540308084337,97750.59457185,100712.7338013,SL,-0.1943314405631355,0.02045540308084337,0.02024072362550992,0.010222590245297963,0.010125424525016845,0.02034801477031481,-0.2553755820398036,-1.2484504999999957,0 days 16:00:00
15m,VALIDATION,81,CLOSED,BTCUSDT,LONG,2024-11-24 02:15:00+00:00,2024-11-24 02:30:00+00:00,98525.79,98575.05289499999,2024-11-24 10:30:00+00:00,97589.30236604999,97540.50771486697,0.0002049228686773524,20.20028261926515,0.2020028261926515,97589.30236604999,100546.5539529,SL,-0.19190773242990117,0.02020028261926515,0.019988280653175962,0.010095093762749677,0.009999139896535888,0.020094233659285567,-0.2521905293616279,-1.2484504999999952,0 days 08:00:00
15m,VALIDATION,82,CLOSED,BTCUSDT,LONG,2024-11-25 00:00:00+00:00,2024-11-25 00:15:00+00:00,97694.5,97743.34724999999,2024-11-25 14:30:00+00:00,96765.9137775,96717.53082061125,0.00020408902078493426,19.948344028494294,0.19948344028494294,96765.9137775,99698.214195,SL,-0.18951425286440648,0.019948344028494294,0.01973898615791525,0.00996918742053517,0.009874430294103648,0.019843617714638818,-0.24904520076545483,-1.2484504999999884,0 days 14:15:00
15m,VALIDATION,83,CLOSED,BTCUSDT,LONG,2024-11-27 04:00:00+00:00,2024-11-27 04:15:00+00:00,92715.4,92761.75769999999,2024-11-27 14:30:00+00:00,94616.99285399998,94569.68435757299,0.00021236712318284593,19.699547624133203,0.19699547624133204,91834.14012299999,94616.99285399998,TP,0.40383580386903495,0.019699547624133205,0.02008349180732756,0.009844851386371973,0.010046769288306806,0.019891620674678777,0.3441611437628954,1.7470510000000001,0 days 10:15:00
15m,VALIDATION,84,CLOSED,BTCUSDT,LONG,2024-11-28 00:00:00+00:00,2024-11-28 00:15:00+00:00,95828.0,95875.91399999999,2024-11-28 03:30:00+00:00,94917.15486,94869.69628257,0.0002090552685690138,20.043364950569668,0.20043364950569667,94917.15486,97793.43228,SL,-0.190416975367482,0.02004336495056967,0.019833009835413442,0.010016674138213586,0.009921465650530346,0.019938139788743932,-0.250231489942209,-1.2484504999999864,0 days 03:15:00
15m,VALIDATION,85,CLOSED,BTCUSDT,LONG,2024-11-28 03:30:00+00:00,2024-11-28 03:45:00+00:00,95210.95,95258.55547499999,2024-11-29 11:45:00+00:00,97163.7265845,97115.14472120775,0.00020778588698345887,19.793383442135895,0.19793383442135895,94305.96992024999,97163.7265845,TP,0.40575941469086096,0.019793383442135895,0.020179156485423125,0.00989174584814167,0.010094625555488382,0.019986371403630052,0.3458005033596719,1.7470510000000117,1 days 08:00:00
15m,VALIDATION,86,CLOSED,BTCUSDT,LONG,2024-11-30 00:00:00+00:00,2024-11-30 00:15:00+00:00,97236.36,97284.97817999999,2024-11-30 02:00:00+00:00,96312.12839819999,96263.9723340009,0.00020700871673307763,20.138838490447256,0.20138838490447256,96312.12839819999,99230.6777436,SL,-0.19132399785277746,0.020138838490447255,0.01992748138049001,0.010064387051695791,0.009968725052770263,0.020033112104466053,-0.2514234298281808,-1.248450499999998,0 days 01:45:00
15m,VALIDATION,87,CLOSED,BTCUSDT,LONG,2024-12-02 00:00:00+00:00,2024-12-02 00:15:00+00:00,97234.14,97282.75706999999,2024-12-02 04:00:00+00:00,96309.9294993,96261.77453455035,0.00020443156456355818,19.88766623287665,0.19887666232876652,96309.9294993,99228.41221139999,SL,-0.1889377986441718,0.01988766623287665,0.01967894517576261,0.009938863684594589,0.009844394785272534,0.019783258469867122,-0.24828766852267817,-1.2484504999999921,0 days 03:45:00
15m,VALIDATION,88,CLOSED,BTCUSDT,LONG,2024-12-02 04:00:00+00:00,2024-12-02 04:15:00+00:00,96160.29,96208.370145,2024-12-02 08:15:00+00:00,95246.28644355,95198.66330032822,0.00020413636125820545,19.639626603982865,0.19639626603982865,95246.28644355,98132.53754789999,SL,-0.18658136019076166,0.019639626603982864,0.01943350872277407,0.00981490584906688,0.00972161516897163,0.01953652101803851,-0.2451910165355571,-1.2484505000000001,0 days 04:00:00
15m,VALIDATION,89,CLOSED,BTCUSDT,LONG,2024-12-03 03:15:00+00:00,2024-12-03 03:30:00+00:00,96030.16,96078.17508,2024-12-03 10:45:00+00:00,95117.3933292,95069.8346325354,0.00020186353994930374,19.39468053351778,0.1939468053351778,95117.3933292,97999.7385816,SL,-0.18425431131542944,0.01939468053351778,0.01919113336131851,0.009692494019748489,0.009600366864089948,0.019292860883838435,-0.24213298609410416,-1.2484504999999937,0 days 07:15:00
15m,VALIDATION,90,CLOSED,BTCUSDT,LONG,2024-12-04 00:00:00+00:00,2024-12-04 00:15:00+00:00,95934.61,95982.577305,2024-12-04 16:15:00+00:00,95022.75153195,94975.24015618402,0.00019954443792082827,19.152789438518674,0.19152789438518675,95022.75153195,97902.2288511,SL,-0.18195628547038603,0.019152789438518676,0.01895178091336142,0.009571608914801598,0.00948063077206595,0.019052239686867548,-0.23911309550913368,-1.2484505000000006,0 days 16:00:00
15m,VALIDATION,91,CLOSED,BTCUSDT,LONG,2024-12-05 00:00:00+00:00,2024-12-05 00:15:00+00:00,98660.0,98709.33,2024-12-05 02:30:00+00:00,100683.5166,100633.1748417,0.00019161223379016783,18.913915217230826,0.18913915217230826,97722.2367,100683.5166,TP,0.387730535837486,0.018913915217230827,0.019282547424814656,0.009452231492869313,0.009646096760787206,0.019098328253656517,0.330435744941784,1.7470510000000037,0 days 02:15:00
15m,VALIDATION,92,CLOSED,BTCUSDT,LONG,2024-12-05 02:30:00+00:00,2024-12-05 02:45:00+00:00,101312.02,101362.67601,2024-12-05 03:00:00+00:00,103389.9295302,103338.2345654349,0.00018985312556896958,19.24402085653331,0.19244020856533312,100349.0492499,103389.9295302,TP,0.39449761895801755,0.01924402085653331,0.019619086823027147,0.009617201827351367,0.00981445063683025,0.019431652464181617,0.3362028588142755,1.7470510000000088,0 days 00:15:00
15m,VALIDATION,93,CLOSED,BTCUSDT,LONG,2024-12-05 03:00:00+00:00,2024-12-05 03:15:00+00:00,102919.98,102971.43998999998,2024-12-05 05:45:00+00:00,101941.72559009999,101890.75472730494,0.00019014872327955456,19.579887848355764,0.19579887848355765,101941.72559009999,105030.86878979999,SL,-0.18601382708508055,0.019579887848355765,0.019374396925387272,0.009785051398476451,0.009692044484935313,0.019477095883411764,-0.24444520774223535,-1.2484504999999926,0 days 02:30:00
15m,VALIDATION,94,CLOSED,BTCUSDT,LONG,2024-12-05 05:45:00+00:00,2024-12-05 06:00:00+00:00,102450.01,102501.235005,2024-12-05 06:15:00+00:00,101476.22265494999,101425.48454362252,0.0001886385743613438,19.33568684162027,0.1933568684162027,101476.22265494999,104551.25970509999,SL,-0.18369385650135087,0.01933568684162027,0.019132758808217465,0.009663011914852753,0.009571164986602043,0.0192341769014548,-0.2413964790526434,-1.2484505000000048,0 days 00:15:00
15m,VALIDATION,95,CLOSED,BTCUSDT,LONG,2024-12-05 06:15:00+00:00,2024-12-05 06:30:00+00:00,101845.5,101896.42275,2024-12-05 16:30:00+00:00,100877.45852249999,100827.01979323875,0.00018739157864981434,19.094531517891355,0.19094531517891355,100877.45852249999,103934.351205,SL,-0.1814028206672256,0.019094531517891356,0.018894134409611088,0.009542494511689441,0.009451793101353844,0.018994287613043285,-0.23838577420777135,-1.2484504999999955,0 days 10:00:00
15m,VALIDATION,96,CLOSED,BTCUSDT,LONG,2024-12-07 00:00:00+00:00,2024-12-07 00:15:00+00:00,100067.8,100117.8339,2024-12-07 04:00:00+00:00,99116.65556099999,99067.0972332195,0.00018834190829722066,18.85638389131017,0.1885638389131017,99116.65556099999,102120.190578,SL,-0.17914035870755138,0.01885638389131017,0.01865848614237087,0.009423480205551348,0.009333910026198171,0.01875739023174952,-0.23541261897298194,-1.2484505000000037,0 days 03:45:00
15m,VALIDATION,97,CLOSED,BTCUSDT,LONG,2024-12-08 00:00:00+00:00,2024-12-08 00:15:00+00:00,99786.01,99835.90300499999,2024-12-08 09:45:00+00:00,98837.54397494998,98788.1252029625,0.00018651813515270285,18.621206449778718,0.18621206449778718,98837.54397494998,101832.62106509999,SL,-0.17690611424802583,0.01862120644977872,0.018425776888088292,0.009305950249762765,0.00921749719264053,0.018523447442403293,-0.23247654502829612,-1.248450500000008,0 days 09:30:00
15m,VALIDATION,98,CLOSED,BTCUSDT,LONG,2024-12-09 00:00:00+00:00,2024-12-09 00:15:00+00:00,100703.24,100753.59162,2024-12-09 00:30:00+00:00,99746.05570380001,99696.18267594812,0.00018251420970089634,18.388962149051153,0.18388962149051152,99746.05570380001,102768.66345240001,SL,-0.17469973535905053,0.018388962149051155,0.018195969991296863,0.009189886131460078,0.009102536263778934,0.01829242239523901,-0.22957708989463754,-1.2484504999999875,0 days 00:15:00
15m,VALIDATION,99,CLOSED,BTCUSDT,LONG,2024-12-09 00:30:00+00:00,2024-12-09 00:45:00+00:00,99618.17,99667.979085,2024-12-09 03:45:00+00:00,98671.29929415,98621.96364450293,0.00018220108979446226,18.159614406898672,0.18159614406898672,98671.29929415,101661.3386667,SL,-0.17252087450032177,0.018159614406898672,0.01796902925369827,0.009075269568665145,0.008989009131413206,0.018064278700078353,-0.22671379686099707,-1.2484504999999921,0 days 03:00:00
15m,VALIDATION,100,CLOSED,BTCUSDT,LONG,2024-12-11 00:00:00+00:00,2024-12-11 00:15:00+00:00,96756.04,96804.41801999998,2024-12-11 00:30:00+00:00,95836.37383979998,95788.45565288009,0.00018525112246057,17.933127097347224,0.17933127097347223,95836.37383979998,98740.50638039998,SL,-0.17036918846605414,0.017933127097347224,0.017744918928460567,0.008962082507417903,0.008876897913185888,0.017838980420603792,-0.22388621491246571,-1.2484504999999935,0 days 00:15:00
15m,VALIDATION,101,CLOSED,BTCUSDT,LONG,2024-12-11 03:00:00+00:00,2024-12-11 03:15:00+00:00,97299.06,97347.70953,2024-12-11 14:45:00+00:00,99294.6637206,99245.0163887397,0.0001819196838887055,17.70946454498712,0.17709464544987122,96374.2324347,99294.6637206,TP,0.36303959801867725,0.017709464544987123,0.018054622008968926,0.00885030711893321,0.009031826917942486,0.017882134036875698,0.3093933774278455,1.7470510000000143,0 days 11:30:00
15m,VALIDATION,102,CLOSED,BTCUSDT,LONG,2024-12-12 00:00:00+00:00,2024-12-12 00:15:00+00:00,101058.82,101109.34941,2024-12-12 19:15:00+00:00,100098.2559159,100048.20678794205,0.0001782085330710253,18.018548838121838,0.18018548838121837,100098.2559159,103131.5363982,SL,-0.1711807163481763,0.018018548838121838,0.01782944416806575,0.009004772033042306,0.008919181674869188,0.017923953707911493,-0.2249526630622754,-1.2484504999999952,0 days 19:00:00
15m,VALIDATION,103,CLOSED,BTCUSDT,LONG,2024-12-14 00:00:00+00:00,2024-12-14 00:15:00+00:00,101333.33,101383.996665,2024-12-15 16:30:00+00:00,103411.67659830001,103359.97076000087,0.00017550916799808418,17.793820902994693,0.17793820902994692,100370.15669835,103411.67659830001,TP,0.36476888227928256,0.01779382090299469,0.01814062247239406,0.008892464219387127,0.009074848660525207,0.017967312879912337,0.3108671260239814,1.7470510000000203,1 days 16:15:00
15m,VALIDATION,104,CLOSED,BTCUSDT,LONG,2024-12-16 00:00:00+00:00,2024-12-16 00:15:00+00:00,104524.16,104576.42208,2024-12-16 12:45:00+00:00,103530.6578592,103478.8925302704,0.0001731210258713913,18.10437747244922,0.18104377472449218,103530.6578592,106667.95052160001,SL,-0.17199610982071997,0.01810437747244922,0.017914372030875866,0.009047664903772795,0.008961666848862274,0.01800933175263507,-0.22602419107668012,-1.2484505000000028,0 days 12:30:00
15m,VALIDATION,105,CLOSED,BTCUSDT,LONG,2024-12-17 00:00:00+00:00,2024-12-17 00:15:00+00:00,105976.93,106029.91846499998,2024-12-17 14:45:00+00:00,108150.51683429998,108096.44157588284,0.00016861824793034115,17.878579079765224,0.17878579079765225,104969.61928034999,108150.51683429998,TP,0.36650640372412097,0.017878579079765224,0.01822703258602985,0.008934822128816118,0.009118075330678972,0.01805289745949509,0.3123478945988308,1.747051000000009,0 days 14:30:00
15m,VALIDATION,106,CLOSED,BTCUSDT,LONG,2024-12-21 00:00:00+00:00,2024-12-21 00:15:00+00:00,97423.25,97471.961625,2024-12-21 07:30:00+00:00,99421.4008575,99371.69015707127,0.00018662407768594365,18.190614938505316,0.18190614938505317,96497.24200874999,99421.4008575,TP,0.3729030608583157,0.018190614938505316,0.018545150023656788,0.00909076208820786,0.009277213618635673,0.018367975706843533,0.31779932018931006,1.7470510000000194,0 days 07:15:00
15m,VALIDATION,107,CLOSED,BTCUSDT,LONG,2024-12-21 07:30:00+00:00,2024-12-21 07:45:00+00:00,99495.99,99545.737995,2024-12-21 08:30:00+00:00,98550.28061505,98501.00547474247,0.00018592555693128625,18.508096776856277,0.18508096776856278,98550.28061505,101536.6527549,SL,-0.17583154409197457,0.01850809677685628,0.01831385430118317,0.009249423676589453,0.009161507904543587,0.01841093158113304,-0.23106442675114708,-1.2484505000000052,0 days 00:45:00
15m,VALIDATION,108,CLOSED,BTCUSDT,LONG,2024-12-23 05:45:00+00:00,2024-12-23 06:00:00+00:00,95608.01,95655.814005,2024-12-23 14:30:00+00:00,94699.25586495,94651.90623701752,0.00019107320735091884,18.27726318369829,0.18277263183698292,94699.25586495,97568.9302851,SL,-0.17363856727741278,0.01827726318369829,0.01808544330658538,0.009134064559569006,0.009047245275930734,0.01818130983549974,-0.22818258360319618,-1.2484504999999941,0 days 08:30:00
15m,VALIDATION,109,CLOSED,BTCUSDT,LONG,2024-12-24 00:30:00+00:00,2024-12-24 00:45:00+00:00,94482.95,94530.19147499999,2024-12-24 02:15:00+00:00,93584.88956024998,93538.09711546986,0.0001909369723375362,18.04930855472407,0.18049308554724072,93584.88956024998,96420.79530449999,SL,-0.17147294134198396,0.018049308554724072,0.017859881061442245,0.009020144205257114,0.008934407734587405,0.01795455193984452,-0.22533668289799477,-1.2484504999999961,0 days 01:30:00
15m,VALIDATION,110,CLOSED,BTCUSDT,LONG,2024-12-24 05:30:00+00:00,2024-12-24 05:45:00+00:00,94541.32,94588.59066,2024-12-24 14:15:00+00:00,96480.3624732,96432.1222919634,0.00018843918551939026,17.824196983397403,0.17824196983397403,93642.7047534,96480.3624732,TP,0.3653915843373113,0.017824196983397402,0.01817159058260382,0.008907644669363017,0.009090340461532793,0.01799798513089581,0.3113978116404143,1.7470510000000008,0 days 08:30:00
15m,VALIDATION,111,CLOSED,BTCUSDT,LONG,2024-12-25 00:00:00+00:00,2024-12-25 00:15:00+00:00,98752.85,98802.226425,2024-12-25 02:00:00+00:00,97814.20416075,97765.29705866963,0.0001835513668518316,18.135283708312905,0.18135283708312905,97814.20416075,100778.2709535,SL,-0.17228972678412324,0.018135283708312903,0.01794495390579416,0.009063110299006017,0.008976965435613535,0.018040075734619552,-0.22641004013284988,-1.2484504999999937,0 days 01:45:00
15m,VALIDATION,112,CLOSED,BTCUSDT,LONG,2024-12-25 02:00:00+00:00,2024-12-25 02:15:00+00:00,97876.58,97925.51828999999,2024-12-26 00:00:00+00:00,99884.0286558,99834.0866414721,0.0001828849125822312,17.90909985203633,0.1790909985203633,96946.26310709999,99884.0286558,TP,0.36713207192929903,0.01790909985203633,0.01825814820815252,0.008950074888572227,0.009133640924538257,0.018083715813110482,0.3128811080559997,1.7470510000000028,0 days 21:45:00
15m,VALIDATION,113,CLOSED,BTCUSDT,LONG,2024-12-26 00:00:00+00:00,2024-12-26 00:15:00+00:00,99718.03,99767.889015,2024-12-26 01:00:00+00:00,98770.21012485,98720.82501978758,0.00018264061284100348,18.221668391552818,0.18221668391552817,98770.21012485,101763.2467953,SL,-0.1731104028602798,0.018221668391552818,0.018030431981783474,0.009106281055247788,0.009019725853818033,0.018126006909065823,-0.2274885101426819,-1.2484504999999935,0 days 00:45:00
15m,VALIDATION,114,CLOSED,BTCUSDT,LONG,2024-12-26 01:00:00+00:00,2024-12-26 01:15:00+00:00,98605.11,98654.41255499999,2024-12-26 08:00:00+00:00,97667.86842944998,97619.03449523526,0.0001823984014159237,17.994407142659032,0.17994407142659033,97667.86842944998,100627.50080609998,SL,-0.1709513642088728,0.01799440714265903,0.017805555839696827,0.008992707217718372,0.008907231535615826,0.017899938753334198,-0.22465126594456286,-1.2484505000000026,0 days 06:45:00
15m,VALIDATION,115,CLOSED,BTCUSDT,LONG,2024-12-27 03:30:00+00:00,2024-12-27 03:45:00+00:00,96345.45,96393.622725,2024-12-27 07:30:00+00:00,95429.68649775,95381.97165450112,0.0001843480906848921,17.769980303553577,0.17769980303553579,95429.68649775,98321.4951795,SL,-0.16881925315869806,0.01776998030355358,0.01758348436026778,0.008880549876837764,0.00879614025025915,0.01767669012709691,-0.22184940794961633,-1.2484505000000008,0 days 03:45:00
15m,VALIDATION,116,CLOSED,BTCUSDT,LONG,2024-12-29 00:00:00+00:00,2024-12-29 00:15:00+00:00,95190.47,95238.065235,2024-12-29 14:30:00+00:00,94285.68458265,94238.54174035869,0.00018425775954271598,17.54835252338413,0.17548352523384128,94285.68458265,97142.8265397,SL,-0.1667137338678312,0.017548352523384127,0.017364182563651215,0.008769791366009186,0.008686434499073466,0.01745622586508265,-0.2190824948199492,-1.2484504999999855,0 days 14:15:00
1h,DEVELOPMENT,1,CLOSED,BTCUSDT,LONG,2024-01-03 01:00:00+00:00,2024-01-03 02:00:00+00:00,45317.58,45340.238789999996,2024-01-03 11:00:00+00:00,44886.836402099994,44864.39298389895,0.0004406686094566108,19.980019980019982,0.19980019980019983,44886.836402099994,46247.0435658,SL,-0.18981518231893377,0.019980019980019983,0.019770329670329677,0.009985017481266732,0.009890109890107492,0.019875127371374222,-0.24944065934065765,-1.2484504999999912,0 days 09:00:00
1h,DEVELOPMENT,2,CLOSED,BTCUSDT,LONG,2024-01-05 00:00:00+00:00,2024-01-05 01:00:00+00:00,44211.1,44233.20555,2024-01-05 01:00:00+00:00,43790.873494499996,43768.97805775275,0.0004460637267141767,19.730828512147202,0.19730828512147203,43790.873494499996,45117.869661,SL,-0.1874478011074066,0.019730828512147202,0.01952375346691222,0.009860484014066667,0.00976676011351153,0.019627244127578197,-0.2463296272140442,-1.2484504999999995,0 days 00:00:00
1h,DEVELOPMENT,3,CLOSED,BTCUSDT,LONG,2024-01-05 01:00:00+00:00,2024-01-05 02:00:00+00:00,43376.0,43397.687999999995,2024-01-05 09:00:00+00:00,44265.64176,44243.50893912,0.0004489811754136956,19.48474496847683,0.1948474496847683,42963.71111999999,44265.64176,TP,0.39943240310190825,0.01948474496847683,0.019864502647912445,0.009737503732369826,0.009937219933921779,0.019674723666291603,0.34040843181922736,1.7470510000000166,0 days 07:00:00
1h,DEVELOPMENT,4,CLOSED,BTCUSDT,LONG,2024-01-06 00:00:00+00:00,2024-01-06 01:00:00+00:00,44068.79,44090.824394999996,2024-01-06 05:00:00+00:00,43649.91615105,43628.091192974476,0.0004496358052715563,19.824813331932603,0.19824813331932603,43649.91615105,44972.6408829,SL,-0.18834068037983076,0.019824813331932603,0.01961675191601397,0.009907452939494363,0.009813282599305228,0.01972073553879959,-0.24750298116657693,-1.2484504999999884,0 days 04:00:00
1h,DEVELOPMENT,5,CLOSED,BTCUSDT,LONG,2024-01-06 05:00:00+00:00,2024-01-06 06:00:00+00:00,43698.72,43720.56936,2024-01-08 02:00:00+00:00,43283.3636664,43261.7219845668,0.0004477882583204188,19.577557606491467,0.1957755760649147,43283.3636664,44594.9807472,SL,-0.18599168920509912,0.019577557606491467,0.019372091139411338,0.009783886859815898,0.009690891015213268,0.019474777875029166,-0.24441611582603112,-1.2484505000000017,1 days 20:00:00
1h,DEVELOPMENT,6,CLOSED,BTCUSDT,LONG,2024-01-08 02:00:00+00:00,2024-01-08 03:00:00+00:00,43371.09,43392.775545,2024-01-08 06:00:00+00:00,44260.6310559,44238.50074037205,0.0004455438818971108,19.333385662609317,0.19333385662609318,42958.84778955,44260.6310559,TP,0.3963295751525413,0.019333385662609316,0.019710193349173576,0.009661861900354604,0.00986002668792881,0.019521888588283416,0.337764107552475,1.747051000000012,0 days 03:00:00
1h,DEVELOPMENT,7,CLOSED,BTCUSDT,LONG,2024-01-09 00:00:00+00:00,2024-01-09 01:00:00+00:00,46668.87,46692.204435,2024-01-09 12:00:00+00:00,46225.28239065,46202.169749454675,0.0004212868632249859,19.670812343480925,0.19670812343480926,46225.28239065,47626.0485237,SL,-0.18687763250853387,0.019670812343480927,0.019464367167936092,0.009830490926276072,0.009737052110022128,0.0195675430362982,-0.2455803550562491,-1.2484504999999988,0 days 11:00:00
1h,DEVELOPMENT,8,CLOSED,BTCUSDT,LONG,2024-01-10 00:00:00+00:00,2024-01-10 01:00:00+00:00,45856.41,45879.338205,2024-01-10 08:00:00+00:00,45420.544822949996,45397.83455053852,0.00042340360788656057,19.425477323444717,0.19425477323444718,45420.544822949996,46796.9249691,SL,-0.1845468885150876,0.01942547732344472,0.019221606938935164,0.009707884719361206,0.009615611275104649,0.019323495994465853,-0.24251746877193334,-1.248450500000006,0 days 07:00:00
1h,DEVELOPMENT,9,CLOSED,BTCUSDT,LONG,2024-01-11 00:00:00+00:00,2024-01-11 01:00:00+00:00,46670.01,46693.345005,2024-01-11 03:00:00+00:00,46226.411554950006,46203.29834917253,0.00041083375217201065,19.183202129866363,0.19183202129866364,46226.411554950006,47627.211905100005,SL,-0.1822452136375595,0.019183202129866364,0.018981874423513418,0.009586807661102967,0.009495685054283406,0.019082492715386375,-0.23949278290632567,-1.2484504999999917,0 days 02:00:00
1h,DEVELOPMENT,10,CLOSED,BTCUSDT,LONG,2024-01-11 03:00:00+00:00,2024-01-11 04:00:00+00:00,46502.17,46525.421084999994,2024-01-11 05:00:00+00:00,46060.166874149996,46037.136790712924,0.0004071741460626357,18.943948600489417,0.1894394860048942,46060.166874149996,47455.9295067,SL,-0.1799722453249903,0.018943948600489417,0.018745131859927284,0.009467240679903226,0.009377254557240993,0.018844495237144217,-0.23650582102255124,-1.24845049999999,0 days 01:00:00
1h,DEVELOPMENT,11,CLOSED,BTCUSDT,LONG,2024-01-11 05:00:00+00:00,2024-01-11 06:00:00+00:00,46070.0,46093.034999999996,2024-01-11 06:00:00+00:00,45632.104649999994,45609.288597675,0.00040586780733831786,18.707679049018342,0.18707679049018341,45632.104649999994,47014.895699999994,SL,-0.17772762554814775,0.018707679049018343,0.018511341957398893,0.009349164942036615,0.00926030112926292,0.018609466071299534,-0.23355611262586454,-1.248450499999999,0 days 00:00:00
1h,DEVELOPMENT,12,CLOSED,BTCUSDT,LONG,2024-01-11 06:00:00+00:00,2024-01-11 07:00:00+00:00,45907.29,45930.243644999995,2024-01-11 10:00:00+00:00,46848.8485179,46825.42409364105,0.00040222639361490623,18.474356259182315,0.18474356259182315,45470.94120854999,46848.8485179,TP,0.378719687032312,0.018474356259182315,0.018834421462673778,0.009232561848664467,0.009421921692182346,0.01865448354084681,0.3227564257696091,1.7470510000000103,0 days 03:00:00
1h,DEVELOPMENT,13,CLOSED,BTCUSDT,LONG,2024-01-12 00:00:00+00:00,2024-01-12 01:00:00+00:00,46293.42,46316.56671,2024-01-12 07:00:00+00:00,45853.4010429,45830.47434237855,0.00040583297912929746,18.796790250960143,0.18796790250960144,45853.4010429,47242.8980442,SL,-0.17857420423325993,0.018796790250960142,0.018599517937276315,0.009393698276342264,0.00930441117422514,0.018698109450567404,-0.2346686218720638,-1.2484505000000035,0 days 06:00:00
1h,DEVELOPMENT,14,CLOSED,BTCUSDT,LONG,2024-01-12 07:00:00+00:00,2024-01-12 08:00:00+00:00,46008.19,46031.194095,2024-01-12 09:00:00+00:00,45570.88215405,45548.096712972976,0.0004032560186243799,18.562356063275764,0.18562356063275764,45570.88215405,46951.8179769,SL,-0.17634702087100185,0.018562356063275765,0.018367544136391686,0.009276539761755631,0.00918836625132081,0.01846490601307644,-0.23174182708374574,-1.2484504999999955,0 days 01:00:00
1h,DEVELOPMENT,15,CLOSED,BTCUSDT,LONG,2024-01-17 00:00:00+00:00,2024-01-17 01:00:00+00:00,43092.0,43113.545999999995,2024-01-17 07:00:00+00:00,42682.41054,42661.06933473,0.0004251760165241057,18.33084574650879,0.1833084574650879,42682.41054,43975.81692,SL,-0.17414761501306075,0.01833084574650879,0.01813846352039918,0.00916084245202618,0.009073768644522064,0.018234611096548243,-0.22885153537651695,-1.248450499999996,0 days 06:00:00
1h,DEVELOPMENT,16,CLOSED,BTCUSDT,LONG,2024-01-17 07:00:00+00:00,2024-01-17 08:00:00+00:00,42655.95,42677.277975,2024-01-17 16:00:00+00:00,42250.50519525,42229.37994265238,0.00042416535667173696,18.10222283404474,0.1810222283404474,42250.50519525,43530.8235345,SL,-0.17197564021748535,0.018102222834044737,0.01791224000540144,0.009046588122960953,0.008960600302851437,0.018007188425812393,-0.2259972914827439,-1.24845049999999,0 days 08:00:00
1h,DEVELOPMENT,17,CLOSED,BTCUSDT,LONG,2024-01-26 04:00:00+00:00,2024-01-26 05:00:00+00:00,40149.25,40169.324625,2024-01-26 11:00:00+00:00,40972.7111175,40952.22476194125,0.0004450274302833629,17.87645131408196,0.17876451314081962,39767.631378750004,40972.7111175,TP,0.3664627850592926,0.017876451314081963,0.018224863350193417,0.008933758777652645,0.009116990170182157,0.018050748947834802,0.3123107214471824,1.747051000000002,0 days 06:00:00
1h,DEVELOPMENT,18,CLOSED,BTCUSDT,LONG,2024-01-27 00:00:00+00:00,2024-01-27 01:00:00+00:00,41785.94,41806.83297,2024-01-28 04:00:00+00:00,42642.9696294,42621.648144585306,0.0004350592653085727,18.188450036806415,0.18188450036806417,41388.7646403,42642.9696294,TP,0.37285868091444235,0.018188450036806414,0.018542942928023772,0.009089680178314392,0.009276109518769664,0.018365789697084058,0.3177614982525281,1.7470510000000066,1 days 03:00:00
1h,DEVELOPMENT,19,CLOSED,BTCUSDT,LONG,2024-01-28 04:00:00+00:00,2024-01-28 05:00:00+00:00,42720.33,42741.690165,2024-01-28 06:00:00+00:00,42314.27326335,42293.11612671833,0.00043297057321703007,18.50589409100475,0.1850589409100475,42314.27326335,43596.5239683,SL,-0.17581061802598869,0.018505894091004747,0.018311674732519653,0.009248322884059579,0.009160417575045689,0.018408740459105268,-0.23103692730861836,-1.2484504999999952,0 days 01:00:00
1h,DEVELOPMENT,20,CLOSED,BTCUSDT,LONG,2024-01-28 06:00:00+00:00,2024-01-28 07:00:00+00:00,42413.27,42434.47663499999,2024-01-28 18:00:00+00:00,42010.131868649994,41989.12680271567,0.00043066603900904503,18.275087969817317,0.18275087969817316,42010.131868649994,43283.166167699994,SL,-0.17361790220201365,0.01827508796981732,0.018083290921574086,0.009132977496158427,0.009046168545059617,0.018179146041218043,-0.22815542713462308,-1.2484504999999944,0 days 11:00:00
1h,DEVELOPMENT,21,CLOSED,BTCUSDT,LONG,2024-01-29 00:00:00+00:00,2024-01-29 01:00:00+00:00,41971.43,41992.415714999996,2024-01-29 16:00:00+00:00,42832.26402929999,42810.84789728535,0.00042977190435214126,18.04716047018233,0.1804716047018233,41572.49155784999,42832.26402929999,TP,0.3699622801033849,0.01804716047018233,0.018398899627746185,0.009019070699739255,0.00920405183979083,0.018223122539530085,0.31529309746592626,1.7470510000000063,0 days 15:00:00
1h,DEVELOPMENT,22,CLOSED,BTCUSDT,LONG,2024-01-30 00:00:00+00:00,2024-01-30 01:00:00+00:00,43162.02,43183.60100999999,2024-01-30 23:00:00+00:00,42751.76499989999,42730.389117400046,0.0004252109171089462,18.36213858952891,0.18362138589528912,42751.76499989999,44047.27303019999,SL,-0.17444490484105413,0.018362138589528912,0.01816942794503181,0.009176481054234967,0.009089258601815059,0.018265739656050026,-0.2292422110316649,-1.2484504999999904,0 days 22:00:00
1h,DEVELOPMENT,23,CLOSED,BTCUSDT,LONG,2024-01-31 00:00:00+00:00,2024-01-31 01:00:00+00:00,42933.2,42954.6666,2024-01-31 10:00:00+00:00,42525.119933999995,42503.857374032996,0.00042214564393092244,18.133125391695085,0.18133125391695085,42525.119933999995,43813.759932,SL,-0.17226922223694427,0.018133125391695086,0.017942818240709243,0.009062031680007432,0.00897589706888869,0.01803792874889612,-0.22638309461824474,-1.2484505000000028,0 days 09:00:00
1h,DEVELOPMENT,24,CLOSED,BTCUSDT,LONG,2024-02-02 00:00:00+00:00,2024-02-02 01:00:00+00:00,43174.41,43195.997205,2024-02-02 13:00:00+00:00,42764.03723295,42742.65521433353,0.00041455156988346516,17.906968454014525,0.17906968454014524,42764.03723295,44059.9171491,SL,-0.1701206748179995,0.017906968454014526,0.017719034820089644,0.008949009722144602,0.00886394938473675,0.017812959106881354,-0.22355963719898503,-1.2484504999999912,0 days 12:00:00
1h,DEVELOPMENT,25,CLOSED,BTCUSDT,LONG,2024-02-03 00:00:00+00:00,2024-02-03 01:00:00+00:00,43229.07,43250.684535,2024-02-04 06:00:00+00:00,42818.17768965,42796.76860080518,0.0004088636363386622,17.68363215311644,0.1768363215311644,42818.17768965,44115.6982257,SL,-0.16799892415329443,0.01768363215311644,0.017498042433669488,0.008837397377869536,0.008753397915790207,0.01759079529365974,-0.2207713940337401,-1.2484504999999837,1 days 05:00:00
1h,DEVELOPMENT,26,CLOSED,BTCUSDT,LONG,2024-02-07 00:00:00+00:00,2024-02-07 01:00:00+00:00,43096.46,43118.00823,2024-02-07 20:00:00+00:00,43980.3683946,43958.378210402705,0.00040500667880516086,17.463081309925894,0.17463081309925893,42686.8281477,43980.3683946,TP,0.3579888032649487,0.017463081309925892,0.01780343676465635,0.008727177066429866,0.008906171468060955,0.01763334853449082,0.30508893665587566,1.7470510000000128,0 days 19:00:00
1h,DEVELOPMENT,27,CLOSED,BTCUSDT,LONG,2024-02-08 00:00:00+00:00,2024-02-08 01:00:00+00:00,44676.02,44698.358009999996,2024-02-08 20:00:00+00:00,45592.3251702,45569.5290076149,0.0003975059991790796,17.767865462429267,0.17767865462429266,44251.374429899995,45592.3251702,TP,0.36423680223330807,0.017767865462429266,0.018114161160292012,0.008879492984722069,0.009061611385836884,0.01794110437055895,0.31041367124002783,1.7470510000000152,0 days 19:00:00
1h,DEVELOPMENT,28,CLOSED,BTCUSDT,LONG,2024-02-09 00:00:00+00:00,2024-02-09 01:00:00+00:00,45289.1,45311.744549999996,2024-02-09 02:00:00+00:00,46217.979440999996,46194.8704512795,0.00039896872675368277,18.077969030101624,0.18077969030101623,44858.627104499996,46217.979440999996,TP,0.3705938478834415,0.018077969030101625,0.018430308646498306,0.009034467281409012,0.009219764205349722,0.018254231486758733,0.31583133872008284,1.747051000000012,0 days 01:00:00
1h,DEVELOPMENT,29,CLOSED,BTCUSDT,LONG,2024-02-09 02:00:00+00:00,2024-02-09 03:00:00+00:00,46285.22,46308.36261,2024-02-09 11:00:00+00:00,47234.5298622,47210.9125972689,0.00039719575075251856,18.39348485299881,0.1839348485299881,45845.278983899996,47234.5298622,TP,0.3770618434132974,0.018393484852998812,0.018751973872783757,0.009192146353320888,0.00938067727502838,0.01857282362834927,0.32134356105916556,1.7470510000000072,0 days 08:00:00
1h,DEVELOPMENT,30,CLOSED,BTCUSDT,LONG,2024-02-10 00:00:00+00:00,2024-02-10 01:00:00+00:00,47088.0,47111.543999999994,2024-02-10 20:00:00+00:00,48053.77488,48029.74799256,0.00039723825208359673,18.714507391519458,0.18714507391519458,46640.42855999999,48053.77488,TP,0.3836427252374443,0.018714507391519457,0.01907925314058017,0.009352577407053982,0.009544398769674516,0.018896976176728496,0.3269519885286161,1.7470510000000081,0 days 19:00:00
1h,DEVELOPMENT,31,CLOSED,BTCUSDT,LONG,2024-02-11 00:00:00+00:00,2024-02-11 01:00:00+00:00,47732.44,47756.30622,2024-02-12 00:00:00+00:00,48711.4323444,48687.0766282278,0.0003987145209046888,19.04113275468491,0.19041132754684909,47278.743157799996,48711.4323444,TP,0.39033846356680174,0.01904113275468491,0.019412244432073716,0.009515808473104405,0.009710977704888626,0.019226786177993033,0.3326583002020501,1.7470509999999992,0 days 23:00:00
1h,DEVELOPMENT,32,CLOSED,BTCUSDT,LONG,2024-02-12 00:00:00+00:00,2024-02-12 01:00:00+00:00,48604.01,48628.312005,2024-02-12 02:00:00+00:00,48142.02888495,48117.957870507526,0.0003983987502367086,19.373458728912734,0.19373458728912735,48142.02888495,49600.8782451,SL,-0.18405269886888215,0.019373458728912735,0.019170134279552796,0.009681888420245342,0.009589862070811335,0.01927175049105668,-0.2418680423684044,-1.2484504999999986,0 days 01:00:00
1h,DEVELOPMENT,33,CLOSED,BTCUSDT,LONG,2024-02-12 02:00:00+00:00,2024-02-12 03:00:00+00:00,48151.1,48175.17554999999,2024-02-12 15:00:00+00:00,49138.679060999995,49114.1097214695,0.0003971305157591748,19.131832312960285,0.19131832312960284,47693.42379449999,49138.679060999995,TP,0.3921977818478902,0.019131832312960284,0.01950471172473988,0.009561135588683461,0.009757234479609285,0.019318370068292748,0.3342428677418973,1.7470510000000081,0 days 12:00:00
1h,DEVELOPMENT,34,CLOSED,BTCUSDT,LONG,2024-02-13 00:00:00+00:00,2024-02-13 01:00:00+00:00,50101.71,50126.76085499999,2024-02-13 13:00:00+00:00,49625.493246449994,49600.68049982677,0.00038833032375762915,19.465741271743397,0.19465741271743398,49625.493246449994,51129.29607209999,SL,-0.18492940608488045,0.019465741271743397,0.019261448317096454,0.00972800663255311,0.009635541929513136,0.019363548562066246,-0.24302014423578652,-1.2484504999999986,0 days 12:00:00
1h,DEVELOPMENT,35,CLOSED,BTCUSDT,LONG,2024-02-14 00:00:00+00:00,2024-02-14 01:00:00+00:00,49482.8,49507.5414,2024-02-14 08:00:00+00:00,50497.692228,50472.443381886005,0.0003882835495618953,19.222963904874483,0.19222963904874482,49012.465986,50497.692228,TP,0.39406595671061917,0.019222963904874484,0.01959761947138049,0.009606678613130278,0.009803711591483914,0.019410390204614193,0.33583498312974996,1.7470510000000066,0 days 07:00:00
1h,DEVELOPMENT,36,CLOSED,BTCUSDT,LONG,2024-02-15 00:00:00+00:00,2024-02-15 01:00:00+00:00,52321.19,52347.350594999996,2024-02-15 01:00:00+00:00,51823.877089049995,51797.96515050547,0.0003736285249628037,19.558463388520593,0.19558463388520594,51823.877089049995,53394.2976069,SL,-0.18581028936320954,0.019558463388520592,0.01935319731525807,0.009774344521997025,0.009681439377316891,0.019455783899313916,-0.24417773396630213,-1.248450499999999,0 days 00:00:00
1h,DEVELOPMENT,37,CLOSED,BTCUSDT,LONG,2024-02-15 01:00:00+00:00,2024-02-15 02:00:00+00:00,51901.46,51927.410729999996,2024-02-15 21:00:00+00:00,51408.136622699996,51382.43255438865,0.0003719524874594967,19.314529588354457,0.19314529588354457,51408.136622699996,52965.958944599995,SL,-0.1834928573086559,0.019314529588354456,0.01911182360032468,0.009652438574888608,0.009560692146233448,0.019213130721122056,-0.24113234121845706,-1.2484504999999892,0 days 19:00:00
1h,DEVELOPMENT,38,CLOSED,BTCUSDT,LONG,2024-02-16 00:00:00+00:00,2024-02-16 01:00:00+00:00,51914.08,51940.037039999996,2024-02-17 13:00:00+00:00,51420.6366696,51394.9263512652,0.00036722419207935495,19.073638138585768,0.1907363813858577,51420.6366696,52978.83778079999,SL,-0.18120432834308803,0.019073638138585768,0.018873460306321314,0.009532053042769247,0.00944145087859759,0.018973503921366836,-0.23812493070936191,-1.2484504999999853,1 days 12:00:00
1h,DEVELOPMENT,39,CLOSED,BTCUSDT,LONG,2024-02-19 00:00:00+00:00,2024-02-19 01:00:00+00:00,52183.72,52209.81186,2024-02-19 16:00:00+00:00,51687.7137414,51661.869884529304,0.00036077033078433455,18.835751094920074,0.18835751094920075,51687.7137414,53254.0080972,SL,-0.17894434198622167,0.018835751094920073,0.01863806988717889,0.00941316896297871,0.009323696791985003,0.018736865754963715,-0.23515502872328434,-1.2484504999999957,0 days 15:00:00
1h,DEVELOPMENT,40,CLOSED,BTCUSDT,LONG,2024-02-20 00:00:00+00:00,2024-02-20 01:00:00+00:00,51641.83,51667.650915,2024-02-20 13:00:00+00:00,52701.0039333,52674.653431333354,0.0003600092254417797,18.60083098630541,0.1860083098630541,51150.97440585,52701.0039333,TP,0.3813123873354564,0.01860083098630541,0.018963361182228508,0.009295767609346809,0.009486423803015094,0.018782191412361905,0.32496600375456064,1.7470510000000112,0 days 12:00:00
1h,DEVELOPMENT,41,CLOSED,BTCUSDT,LONG,2024-02-21 00:00:00+00:00,2024-02-21 01:00:00+00:00,52174.2,52200.287099999994,2024-02-21 06:00:00+00:00,51678.284229,51652.4450868855,0.0003625549474937195,18.925472348697582,0.18925472348697583,51678.284229,53244.292841999995,SL,-0.1797967163162124,0.018925472348697583,0.018726849516398,0.009458007170762325,0.00936810881260488,0.018826115983367205,-0.23627515416467518,-1.248450499999992,0 days 05:00:00
1h,DEVELOPMENT,42,CLOSED,BTCUSDT,LONG,2024-02-21 06:00:00+00:00,2024-02-21 07:00:00+00:00,51741.97,51767.840984999995,2024-02-21 09:00:00+00:00,51250.162575149996,51224.53749386242,0.0003610240040542413,18.689433233647957,0.18689433233647956,51250.162575149996,52803.197804699994,SL,-0.17755428574295426,0.018689433233647957,0.018493287631860825,0.009340046593525088,0.009251269450655113,0.0185913160441802,-0.23332832265264325,-1.2484504999999955,0 days 02:00:00
1h,DEVELOPMENT,43,CLOSED,BTCUSDT,LONG,2024-02-25 00:00:00+00:00,2024-02-25 01:00:00+00:00,51486.85,51512.593425,2024-02-26 09:00:00+00:00,50997.46749075,50971.96875700463,0.00035828788222620425,18.456338006222744,0.18456338006222744,50997.46749075,52542.8452935,SL,-0.17533982283772737,0.018456338006222744,0.018262638738847436,0.009223557224499326,0.009135887313078926,0.018359444537578252,-0.2304182441203758,-1.2484504999999886,1 days 08:00:00
1h,DEVELOPMENT,44,CLOSED,BTCUSDT,LONG,2024-02-27 00:00:00+00:00,2024-02-27 01:00:00+00:00,54554.94,54582.217469999996,2024-02-27 01:00:00+00:00,55673.861819399994,55646.0248884903,0.0003339210240070599,18.226149950158433,0.18226149950158432,54036.3952953,55673.861819399994,TP,0.37363151971788766,0.018226149950158435,0.018581377612687022,0.009108520714719728,0.009295336474579497,0.018403857189299225,0.318420134965743,1.7470510000000035,0 days 00:00:00
1h,DEVELOPMENT,45,CLOSED,BTCUSDT,LONG,2024-02-27 01:00:00+00:00,2024-02-27 02:00:00+00:00,55768.41,55796.294205,2024-02-27 02:00:00+00:00,56912.220089099996,56883.763979055446,0.0003323563374111943,18.544251983091247,0.18544251983091248,55238.33126295,56912.220089099996,TP,0.38015253190724524,0.01854425198309125,0.018905679454241694,0.009267492245421196,0.00945756851137649,0.018725060756797685,0.3239775397131146,1.7470509999999952,0 days 00:00:00
1h,DEVELOPMENT,46,CLOSED,BTCUSDT,LONG,2024-02-27 02:00:00+00:00,2024-02-27 03:00:00+00:00,56298.47,56326.619235,2024-02-27 03:00:00+00:00,55763.35304265,55735.47136612868,0.00033497316411268787,18.867905868918534,0.18867905868918533,55763.35304265,57453.1516197,SL,-0.1792498203738841,0.018867905868918535,0.018669887196824237,0.009429238315300657,0.009339613405112869,0.018768851720413524,-0.2355564651600404,-1.2484504999999875,0 days 00:00:00
1h,DEVELOPMENT,47,CLOSED,BTCUSDT,LONG,2024-02-27 03:00:00+00:00,2024-02-27 04:00:00+00:00,55667.6,55695.4338,2024-02-27 10:00:00+00:00,56809.342476,56780.937804762,0.00033454420683410696,18.63258472490251,0.18632584724902512,55138.479461999996,56809.342476,TP,0.38196333104222924,0.01863258472490251,0.018995733801190864,0.00931163654417928,0.00950261820970043,0.01881425475387971,0.32552075776225614,1.7470509999999977,0 days 06:00:00
1h,DEVELOPMENT,48,CLOSED,BTCUSDT,LONG,2024-02-28 00:00:00+00:00,2024-02-28 01:00:00+00:00,57015.34,57043.847669999996,2024-02-28 07:00:00+00:00,58184.7246234,58155.6322610883,0.0003323369839421383,18.957780287102572,0.18957780287102574,56473.409193299995,58184.7246234,TP,0.38862975880906964,0.01895778028710257,0.019327267424898202,0.009474153067017462,0.00966846794642158,0.01914262101343904,0.3312020900836298,1.7470510000000072,0 days 06:00:00
1h,DEVELOPMENT,49,CLOSED,BTCUSDT,LONG,2024-02-28 07:00:00+00:00,2024-02-28 08:00:00+00:00,58241.09,58270.210544999994,2024-02-28 08:00:00+00:00,59435.614755899995,59405.89694852205,0.0003310207964852196,19.28865150596734,0.1928865150596734,57687.508439549994,59435.614755899995,TP,0.39541253611932986,0.01928865150596734,0.019664587323818643,0.009639505999982999,0.009837212268041108,0.019476718268024107,0.3369825790215198,1.747051000000012,0 days 00:00:00
1h,DEVELOPMENT,50,CLOSED,BTCUSDT,LONG,2024-02-29 00:00:00+00:00,2024-02-29 01:00:00+00:00,61359.99,61390.669995,2024-02-29 04:00:00+00:00,62618.483394899995,62587.17415320255,0.0003196788280801328,19.62529743905577,0.19625297439055772,60776.76329505,62618.483394899995,TP,0.4023136936282188,0.01962529743905577,0.02000779448614297,0.009807744847103885,0.010008901693917436,0.019816646541021322,0.3428639551619987,1.7470510000000021,0 days 03:00:00
1h,DEVELOPMENT,51,CLOSED,BTCUSDT,LONG,2024-02-29 04:00:00+00:00,2024-02-29 05:00:00+00:00,62443.89,62475.111945,2024-02-29 05:00:00+00:00,61850.36082554999,61819.43564513722,0.0003196123744502086,19.96781887278404,0.1996781887278404,61850.36082554999,63724.6141839,SL,-0.18969926875143864,0.01996781887278404,0.01975825661371417,0.00997891997640302,0.009884070342026732,0.019862990318429752,-0.2492883345563666,-1.2484504999999995,0 days 00:00:00
1h,DEVELOPMENT,52,CLOSED,BTCUSDT,LONG,2024-02-29 05:00:00+00:00,2024-02-29 06:00:00+00:00,62540.91,62572.180455,2024-02-29 16:00:00+00:00,61946.458650450004,61915.48542112478,0.0003151365260749397,19.718779577522938,0.19718779577522938,61946.458650450004,63823.624064100004,SL,-0.1873333332177465,0.019718779577522938,0.019511830985856838,0.009854462557482109,0.009760795890873432,0.01961525844835554,-0.24617920222948184,-1.2484504999999941,0 days 10:00:00
1h,DEVELOPMENT,53,CLOSED,BTCUSDT,LONG,2024-03-01 00:00:00+00:00,2024-03-01 01:00:00+00:00,61501.1,61531.850549999996,2024-03-01 02:00:00+00:00,60916.532044499996,60886.07377847775,0.0003164677501896198,19.472846308562417,0.19472846308562416,60916.532044499996,62762.487560999994,SL,-0.18499690571003155,0.019472846308562417,0.01926847878655406,0.00973155737559247,0.009639058922736518,0.019370616298328987,-0.24310884710347702,-1.2484504999999897,0 days 01:00:00
1h,DEVELOPMENT,54,CLOSED,BTCUSDT,LONG,2024-03-01 02:00:00+00:00,2024-03-01 03:00:00+00:00,60980.0,61010.49,2024-03-01 08:00:00+00:00,62230.6998,62199.5844501,0.0003151913765557377,19.229980327440067,0.1922998032744007,60400.3851,62230.6998,TP,0.3942097916199865,0.01922998032744007,0.019604772644021877,0.0096101850711838,0.009807289966994205,0.019417475038178006,0.33595756361034657,1.7470510000000081,0 days 05:00:00
1h,DEVELOPMENT,55,CLOSED,BTCUSDT,LONG,2024-03-02 00:00:00+00:00,2024-03-02 01:00:00+00:00,62300.0,62331.149999999994,2024-03-02 09:00:00+00:00,61707.83849999999,61676.984580749995,0.00031389766223002065,19.56560226910875,0.1956560226910875,61707.83849999999,63577.772999999994,SL,-0.1858781105126253,0.01956560226910875,0.019360261273294457,0.009777912178463317,0.009684973123207473,0.01946288530167079,-0.24426685935669928,-1.2484504999999986,0 days 08:00:00
1h,DEVELOPMENT,56,CLOSED,BTCUSDT,LONG,2024-03-03 00:00:00+00:00,2024-03-03 01:00:00+00:00,61736.9,61767.768449999996,2024-03-03 22:00:00+00:00,63003.123819,62971.6222570905,0.00031281006125758094,19.321579432588575,0.19321579432588576,61150.0907655,63003.123819,TP,0.39608755038719773,0.019321579432588575,0.019698157015729727,0.009655961735424849,0.00985400551061995,0.0195099672460448,0.3375578466928346,1.7470510000000081,0 days 21:00:00
1h,DEVELOPMENT,57,CLOSED,BTCUSDT,LONG,2024-03-04 00:00:00+00:00,2024-03-04 01:00:00+00:00,63459.29,63491.019645,2024-03-04 08:00:00+00:00,64760.8400379,64728.45961788105,0.00030963119144367845,19.658800058655345,0.19658800058655346,62856.10944855,64760.8400379,TP,0.40300048895854196,0.019658800058655345,0.02004195007179854,0.00982448778543478,0.01002598802991358,0.019850475815348358,0.34344926301273976,1.7470510000000048,0 days 07:00:00
1h,DEVELOPMENT,58,CLOSED,BTCUSDT,LONG,2024-03-05 00:00:00+00:00,2024-03-05 01:00:00+00:00,68034.0,68068.01699999999,2024-03-05 04:00:00+00:00,67387.33682999999,67353.64316158499,0.0002938517544225099,20.001906215511227,0.20001906215511228,67387.33682999999,69429.37733999999,SL,-0.190023107024926,0.020001906215511227,0.019791986209779434,0.00999595513018833,0.009900943576677671,0.019896898706866,-0.24971389815708264,-1.2484505000000081,0 days 03:00:00
1h,DEVELOPMENT,59,CLOSED,BTCUSDT,LONG,2024-03-05 04:00:00+00:00,2024-03-05 05:00:00+00:00,67326.18,67359.84309,2024-03-05 05:00:00+00:00,66686.24465909999,66652.90153677044,0.0002932376453935097,19.752441781787873,0.19752441781787874,66686.24465909999,68707.03995179999,SL,-0.1876531325696099,0.019752441781787873,0.019545139905288007,0.009871285248270339,0.009777458681984515,0.019648743930254856,-0.2465994581869406,-1.2484505000000048,0 days 00:00:00
1h,DEVELOPMENT,60,CLOSED,BTCUSDT,LONG,2024-03-05 05:00:00+00:00,2024-03-05 06:00:00+00:00,66961.1,66994.58055,2024-03-05 07:00:00+00:00,66324.6347445,66291.47242712775,0.0002911592029768446,19.506088676706018,0.19506088676706018,66324.6347445,68334.472161,SL,-0.18531271651383568,0.01950608867670602,0.01930137227604399,0.009748170253224341,0.009655513894968704,0.019403684148193046,-0.24352386161477874,-1.2484504999999952,0 days 01:00:00
1h,DEVELOPMENT,61,CLOSED,BTCUSDT,LONG,2024-03-05 07:00:00+00:00,2024-03-05 08:00:00+00:00,66129.64,66162.70482,2024-03-05 13:00:00+00:00,67485.9589164,67452.21593694181,0.0002911429958626694,19.262808095672277,0.19262808095672276,65501.077771799995,67485.9589164,TP,0.39488275266590744,0.01926280809567228,0.01963824022545693,0.009626590752459791,0.009824032128792433,0.019450622881252225,0.336531081463526,1.7470510000000132,0 days 05:00:00
1h,DEVELOPMENT,62,CLOSED,BTCUSDT,LONG,2024-03-07 00:00:00+00:00,2024-03-07 01:00:00+00:00,66198.3,66231.39915,2024-03-07 01:00:00+00:00,65569.08515849999,65536.30061592074,0.00029591709119509404,19.599002982249225,0.19599002982249225,65569.08515849999,67556.027133,SL,-0.1861954256334657,0.019599002982249224,0.019393311445950516,0.009794604189028484,0.009701506476212625,0.01949611066524111,-0.24468385072690654,-1.2484505000000061,0 days 00:00:00
1h,DEVELOPMENT,63,CLOSED,BTCUSDT,LONG,2024-03-07 01:00:00+00:00,2024-03-07 02:00:00+00:00,66409.99,66443.194995,2024-03-07 04:00:00+00:00,65778.76304505,65745.87366352748,0.00029129489592410643,19.354563570933635,0.19354563570933636,65778.76304505,67772.0588949,SL,-0.18387319014665238,0.019354563570933635,0.01915143742625669,0.00967244556268337,0.00958050896760967,0.01925295453029304,-0.24163214567413574,-1.248450499999984,0 days 02:00:00
1h,DEVELOPMENT,64,CLOSED,BTCUSDT,LONG,2024-03-07 04:00:00+00:00,2024-03-07 05:00:00+00:00,65843.58,65876.50179,2024-03-07 11:00:00+00:00,67194.03182579999,67160.4348098871,0.0002901364264444866,19.113172816014423,0.19113172816014423,65217.7367721,67194.03182579999,TP,0.3918152668230408,0.019113172816014424,0.019485688554198542,0.009551810502753819,0.00974771813616502,0.019299528638918838,0.333916876813909,1.7470510000000046,0 days 06:00:00
1h,DEVELOPMENT,65,CLOSED,BTCUSDT,LONG,2024-03-08 00:00:00+00:00,2024-03-08 01:00:00+00:00,67072.65,67106.18632499999,2024-03-08 14:00:00+00:00,68448.31005149998,68414.08589647424,0.00028979081027422424,19.446756109534814,0.19446756109534813,66435.12446174999,68448.31005149998,TP,0.3986536409860626,0.019446756109534814,0.019825773386109646,0.009718518795367889,0.009917845615861556,0.019636364411229443,0.3397447470791887,1.7470509999999984,0 days 13:00:00
1h,DEVELOPMENT,66,CLOSED,BTCUSDT,LONG,2024-03-09 00:00:00+00:00,2024-03-09 01:00:00+00:00,68100.0,68134.05,2024-03-10 04:00:00+00:00,69496.731,69461.9826345,0.00029040048920139436,19.786161451272264,0.19786161451272263,67452.7095,69496.731,TP,0.4056113656827527,0.019786161451272263,0.02017179373795756,0.009888136657308323,0.010090942340147692,0.019979078997456014,0.3456743314960668,1.747051000000001,1 days 03:00:00
1h,DEVELOPMENT,67,CLOSED,BTCUSDT,LONG,2024-03-10 04:00:00+00:00,2024-03-10 05:00:00+00:00,69403.82,69438.52191000001,2024-03-10 14:00:00+00:00,68744.1366909,68709.76462255456,0.000289918188060778,20.13149045376584,0.20131490453765838,68744.1366909,70827.29234820002,SL,-0.19125418966821037,0.02013149045376584,0.019920210461453564,0.010060714869449181,0.009965087774612597,0.02002580264406178,-0.25133169322749155,-1.2484504999999984,0 days 09:00:00
1h,DEVELOPMENT,68,CLOSED,BTCUSDT,LONG,2024-03-11 00:00:00+00:00,2024-03-11 01:00:00+00:00,68095.99,68130.037995,2024-03-11 07:00:00+00:00,69492.6387549,69457.89243552256,0.00029180095045022524,19.88040984115096,0.19880409841150962,67448.73761505,69492.6387549,TP,0.40754343412494404,0.01988040984115096,0.020267879028954994,0.009935237301924754,0.01013900901898571,0.020074246320910462,0.3473208989339276,1.7470510000000066,0 days 06:00:00
1h,DEVELOPMENT,69,CLOSED,BTCUSDT,LONG,2024-03-11 07:00:00+00:00,2024-03-11 08:00:00+00:00,71019.99,71055.499995,2024-03-11 15:00:00+00:00,72476.6099949,72440.37168990256,0.0002846702052280714,20.22738376615988,0.2022738376615988,70344.94499505,72476.6099949,TP,0.4146563128874954,0.02022738376615988,0.020621615475762335,0.010108637564297888,0.010315965720740138,0.020424603285038027,0.3533827103605351,1.7470510000000063,0 days 07:00:00
1h,DEVELOPMENT,70,CLOSED,BTCUSDT,LONG,2024-03-12 00:00:00+00:00,2024-03-12 01:00:00+00:00,71988.28,72024.27414,2024-03-12 04:00:00+00:00,71304.0313986,71268.3793829007,0.000285742740105034,20.580413446839742,0.20580413446839743,71304.0313986,73464.75962279999,SL,-0.1955190702770739,0.02058041344683974,0.02036442200771516,0.01028506419132285,0.010187304656183373,0.020472368847506223,-0.25693627457913504,-1.2484504999999855,0 days 03:00:00
1h,DEVELOPMENT,71,CLOSED,BTCUSDT,LONG,2024-03-12 04:00:00+00:00,2024-03-12 05:00:00+00:00,71809.3,71845.20465,2024-03-12 15:00:00+00:00,71126.7526035,71091.18922719827,0.00028288225986500254,20.32373385185559,0.2032373385185559,71126.7526035,73282.108743,SL,-0.19308054998689345,0.02032373385185559,0.02011043626508037,0.010156788531661048,0.01006024825666554,0.02021703678832659,-0.253731756892156,-1.2484504999999784,0 days 10:00:00
1h,DEVELOPMENT,72,CLOSED,BTCUSDT,LONG,2024-03-13 00:00:00+00:00,2024-03-13 01:00:00+00:00,71410.69,71446.395345,2024-03-13 07:00:00+00:00,72875.3232519,72838.88559027406,0.0002809134803278304,20.07025557324205,0.20070255573242052,70731.93139155,72875.3232519,TP,0.4114352241950966,0.02007025557324205,0.02046142485436454,0.01003011273025445,0.01023583034235054,0.02026594307260499,0.35063760069488503,1.7470510000000201,0 days 06:00:00
1h,DEVELOPMENT,73,CLOSED,BTCUSDT,LONG,2024-03-13 07:00:00+00:00,2024-03-13 08:00:00+00:00,72855.15,72891.57757499999,2024-03-13 13:00:00+00:00,72162.66179924998,72126.58046835037,0.00028014955315807706,20.420542886623558,0.20420542886623558,72162.66179924998,74349.40912649999,SL,-0.19400026000735685,0.02042054288662356,0.020206229289028443,0.010205168858880728,0.010108168728875816,0.020313337587756546,-0.2549403697707654,-1.248450499999996,0 days 05:00:00
1h,DEVELOPMENT,74,CLOSED,BTCUSDT,LONG,2024-03-14 00:00:00+00:00,2024-03-14 01:00:00+00:00,72842.77,72879.191385,2024-03-14 13:00:00+00:00,72150.39947115,72114.32427141443,0.0002767025377107494,20.165857202536884,0.20165857202536885,72150.39947115,74336.7752127,SL,-0.19158068236893028,0.020165857202536885,0.019954216531196264,0.010077889656438615,0.009982099315254149,0.020059988971692762,-0.2517607450743562,-1.2484504999999924,0 days 12:00:00
1h,DEVELOPMENT,75,CLOSED,BTCUSDT,LONG,2024-03-18 06:00:00+00:00,2024-03-18 07:00:00+00:00,68481.09,68515.33054499999,2024-03-18 08:00:00+00:00,67830.17723954999,67796.26215093021,0.000290655358564152,19.91434796669837,0.1991434796669837,67830.17723954999,69885.6371559,SL,-0.18919128178257963,0.01991434796669837,0.01970534688478787,0.009952197884405033,0.009857602243515666,0.019809800127920697,-0.24862077676198654,-1.2484505000000046,0 days 01:00:00
1h,DEVELOPMENT,76,CLOSED,BTCUSDT,LONG,2024-03-21 00:00:00+00:00,2024-03-21 01:00:00+00:00,67656.01,67689.838005,2024-03-21 03:00:00+00:00,67012.93962495,66979.43315513752,0.0002905306932613443,19.66597556234074,0.1966597556234074,67012.93962495,69043.6347651,SL,-0.18683168187910806,0.019665975562340742,0.019459581148813975,0.009828073744299103,0.009734657903359251,0.019562731647658354,-0.2455199702379211,-1.2484505000000017,0 days 02:00:00
1h,DEVELOPMENT,77,CLOSED,BTCUSDT,LONG,2024-03-21 03:00:00+00:00,2024-03-21 04:00:00+00:00,66654.46,66687.78723,2024-03-21 15:00:00+00:00,66020.9093577,65987.89890302115,0.00029121825259875787,19.42070086679836,0.1942070086679836,66020.9093577,68021.5429746,SL,-0.18450151098342793,0.01942070086679836,0.01921688061120131,0.00970549768455554,0.009613246929065124,0.019318744613620664,-0.24245783707504828,-1.248450499999999,0 days 11:00:00
1h,DEVELOPMENT,78,CLOSED,BTCUSDT,LONG,2024-03-22 00:00:00+00:00,2024-03-22 01:00:00+00:00,65793.99,65826.88699500001,2024-03-22 02:00:00+00:00,65168.61812505001,65136.03381598749,0.00029134729167431996,19.178485245344767,0.19178485245344767,65168.61812505001,67143.4247349,SL,-0.18220040205597304,0.019178485245344767,0.018977207042694875,0.009584450397474457,0.0094933501964443,0.019077800593918757,-0.23943389493793144,-1.248450499999992,0 days 01:00:00
1h,DEVELOPMENT,79,CLOSED,BTCUSDT,LONG,2024-03-22 02:00:00+00:00,2024-03-22 03:00:00+00:00,65644.0,65676.822,2024-03-22 10:00:00+00:00,65020.05378,64987.54375311,0.000288370995556196,18.939290545107077,0.1893929054510708,65020.05378,66990.35844,SL,-0.1799279926349247,0.01893929054510708,0.018740522690836176,0.009464912816145499,0.009374948819827627,0.018839861635973128,-0.23644766750684107,-1.2484504999999948,0 days 07:00:00
1h,DEVELOPMENT,80,CLOSED,BTCUSDT,LONG,2024-03-25 00:00:00+00:00,2024-03-25 01:00:00+00:00,66577.34,66610.62866999999,2024-03-25 13:00:00+00:00,67942.84124339999,67908.86982277829,0.0002807822034185327,18.703079089056285,0.18703079089056285,65944.52238329999,67942.84124339999,TP,0.3834084478925966,0.018703079089056284,0.01906760210050199,0.00934686611147085,0.00953857033541959,0.01888543644689044,0.3267523302561479,1.7470509999999957,0 days 12:00:00
1h,DEVELOPMENT,81,CLOSED,BTCUSDT,LONG,2024-03-26 00:00:00+00:00,2024-03-26 01:00:00+00:00,69892.99,69927.936495,2024-03-26 07:00:00+00:00,71326.4952249,71290.83197728755,0.0002721302235876606,19.02950499340808,0.19029504993408078,69228.65713005,71326.4952249,TP,0.39010009736611667,0.01902950499340808,0.019400390045729604,0.009509997497954111,0.009705047546638259,0.01921504504459237,0.3324551572823866,1.7470510000000046,0 days 06:00:00
1h,DEVELOPMENT,82,CLOSED,BTCUSDT,LONG,2024-03-26 07:00:00+00:00,2024-03-26 08:00:00+00:00,70486.38,70521.62319,2024-03-26 14:00:00+00:00,69816.4069581,69781.49875462094,0.0002745488142763241,19.36162802765622,0.1936162802765622,69816.4069581,71932.0556538,SL,-0.1839403042507502,0.01936162802765622,0.019158427741505966,0.009675976025813493,0.009584005873689306,0.0192599818995028,-0.2417203419194152,-1.248450500000005,0 days 06:00:00
1h,DEVELOPMENT,83,CLOSED,BTCUSDT,LONG,2024-03-27 00:00:00+00:00,2024-03-27 01:00:00+00:00,70619.99,70655.29999500001,2024-03-27 07:00:00+00:00,69948.74699505001,69913.77262155249,0.0002706116762076294,19.120149164599862,0.19120149164599862,69948.74699505001,72068.40599490001,SL,-0.18164619471216456,0.01912014916459986,0.018919483199117387,0.009555296933833895,0.009464473836475576,0.01901977077030947,-0.23870559784619128,-1.2484504999999921,0 days 06:00:00
1h,DEVELOPMENT,84,CLOSED,BTCUSDT,LONG,2024-03-27 07:00:00+00:00,2024-03-27 08:00:00+00:00,69726.0,69760.863,2024-03-27 13:00:00+00:00,71156.08026,71120.50221987,0.0002706629651913049,18.88168203388439,0.1888168203388439,69063.25437,71156.08026,TP,0.3870697636331529,0.01888168203388439,0.019249686016724794,0.0094361229554638,0.009629657837281001,0.0190657807927448,0.3298726147897989,1.747051000000007,0 days 05:00:00
1h,DEVELOPMENT,85,CLOSED,BTCUSDT,LONG,2024-03-28 00:00:00+00:00,2024-03-28 01:00:00+00:00,69682.0,69716.841,2024-03-28 02:00:00+00:00,69019.67259,68985.16275370501,0.0002755607516066666,19.21122510560247,0.1921122510560247,69019.67259,71111.17782,SL,-0.1825114389092963,0.01921122510560247,0.019009603298119175,0.009600812146727967,0.009509556427271535,0.019110368573999503,-0.23984263588701746,-1.248450499999989,0 days 01:00:00
1h,DEVELOPMENT,86,CLOSED,BTCUSDT,LONG,2024-03-28 02:00:00+00:00,2024-03-28 03:00:00+00:00,69146.9,69181.47344999999,2024-03-28 08:00:00+00:00,70565.102919,70529.8203675405,0.0002742298064301825,18.97162207274831,0.18971622072748312,68489.65871549999,70565.102919,TP,0.38891351195609064,0.01897162207274831,0.019341378986946177,0.00948107050112256,0.009675527257102304,0.019156597758224862,0.3314439131381713,1.7470510000000061,0 days 05:00:00
1h,DEVELOPMENT,87,CLOSED,BTCUSDT,LONG,2024-03-29 00:00:00+00:00,2024-03-29 01:00:00+00:00,70735.79,70771.157895,2024-03-29 06:00:00+00:00,70063.44631605,70028.41459289198,0.0002727486089986651,19.302734873086145,0.19302734873086144,70063.44631605,72186.5810529,SL,-0.18338080456639838,0.019302734873086144,0.019100152670593108,0.009646544164461673,0.009554853762178073,0.019201397926639746,-0.2409850900367174,-1.248450499999995,0 days 05:00:00
1h,DEVELOPMENT,88,CLOSED,BTCUSDT,LONG,2024-03-29 06:00:00+00:00,2024-03-29 07:00:00+00:00,70438.01,70473.22900499999,2024-03-29 07:00:00+00:00,69768.49671494999,69733.61246659252,0.0002704855559554778,19.061990527395125,0.19061990527395126,69768.49671494999,71882.69358509999,SL,-0.18109367312632985,0.019061990527395125,0.018861934936810112,0.009526232147621517,0.009435685311059212,0.018961917458680727,-0.2379795160492158,-1.2484504999999932,0 days 00:00:00
1h,DEVELOPMENT,89,CLOSED,BTCUSDT,LONG,2024-03-29 07:00:00+00:00,2024-03-29 08:00:00+00:00,69794.01,69828.90700499999,2024-03-29 15:00:00+00:00,69130.61793494999,69096.05262598251,0.00026957673491541693,18.82424875312018,0.18824248753120182,69130.61793494999,71225.48514509998,SL,-0.17883506686497694,0.01882424875312018,0.018626688262456184,0.009407420666224721,0.009318003132794293,0.018725423799019016,-0.23501142767957228,-1.248450499999998,0 days 07:00:00
1h,DEVELOPMENT,90,CLOSED,BTCUSDT,LONG,2024-03-31 06:00:00+00:00,2024-03-31 07:00:00+00:00,70215.0,70250.1075,2024-04-01 05:00:00+00:00,69547.60642499999,69512.8326217875,0.00026461841502650567,18.589472102091637,0.18589472102091636,69547.60642499999,71655.10965,SL,-0.17660463001537577,0.018589472102091636,0.018394375592380188,0.009290091005542586,0.009201788690532913,0.0184918796960755,-0.2320803574059231,-1.2484504999999975,0 days 22:00:00
1h,DEVELOPMENT,91,CLOSED,BTCUSDT,LONG,2024-04-01 05:00:00+00:00,2024-04-01 06:00:00+00:00,69167.47,69202.053735,2024-04-01 15:00:00+00:00,68510.03319764999,68475.77818105117,0.0002652757050172626,18.357623593194614,0.18357623593194614,68510.03319764999,70586.0948097,SL,-0.1744020112476946,0.018357623593194615,0.018164960333584033,0.009174224684253293,0.009087023678630375,0.01826124836288367,-0.22918584353735694,-1.2484505000000043,0 days 09:00:00
1h,DEVELOPMENT,92,CLOSED,BTCUSDT,LONG,2024-04-05 00:00:00+00:00,2024-04-05 01:00:00+00:00,68606.01,68640.31300499999,2024-04-05 01:00:00+00:00,67953.90987494998,67919.9329200125,0.0002641110728213514,18.128666706543907,0.18128666706543908,67953.90987494998,70013.11926509999,SL,-0.1722268636138961,0.01812866670654391,0.017938406349458726,0.009059803451544677,0.00897369001973949,0.01803349347128417,-0.22632743014118292,-1.2484505000000108,0 days 00:00:00
1h,DEVELOPMENT,93,CLOSED,BTCUSDT,LONG,2024-04-05 01:00:00+00:00,2024-04-05 02:00:00+00:00,68160.0,68194.08,2024-04-05 02:00:00+00:00,67512.1392,67478.3831304,0.0002625237466028069,17.90256537773154,0.1790256537773154,67512.1392,69557.96160000001,SL,-0.1700788444930904,0.017902565377731543,0.017714677954092248,0.008946809284224116,0.008861769861977125,0.017808579146201244,-0.22350466697111548,-1.2484504999999952,0 days 00:00:00
1h,DEVELOPMENT,94,CLOSED,BTCUSDT,LONG,2024-04-05 02:00:00+00:00,2024-04-05 03:00:00+00:00,67599.99,67633.789995,2024-04-05 05:00:00+00:00,66957.45209505,66923.97336900247,0.0002613972097889679,17.67928399214601,0.1767928399214601,66957.45209505,68986.4657949,SL,-0.16795761553758018,0.01767928399214601,0.01749373990664844,0.008835224383879483,0.008751245576112994,0.017586469959992475,-0.22071710939636713,-1.2484505000000017,0 days 02:00:00
1h,DEVELOPMENT,95,CLOSED,BTCUSDT,LONG,2024-04-05 05:00:00+00:00,2024-04-05 06:00:00+00:00,66888.03,66921.474015,2024-04-05 12:00:00+00:00,66252.25927485,66219.13314521259,0.00026088468068484504,17.45878737936243,0.1745878737936243,66252.25927485,68259.90349530001,SL,-0.16586284261952908,0.01745878737936243,0.017275557405816024,0.008725031174094414,0.008642099752781565,0.01736713092687598,-0.21796431833158353,-1.2484504999999793,0 days 06:00:00
1h,DEVELOPMENT,96,CLOSED,BTCUSDT,LONG,2024-04-06 00:00:00+00:00,2024-04-06 01:00:00+00:00,67900.56,67934.51027999999,2024-04-06 23:00:00+00:00,69293.20048559998,69258.55388535719,0.00025378913804694625,17.241040807602605,0.17241040807602606,67255.16517719999,69293.20048559998,TP,0.35343702844970115,0.017241040807602605,0.01757706869294278,0.008616212297649944,0.008792930811875165,0.01740914310952511,0.3012097758396307,1.7470510000000075,0 days 22:00:00
1h,DEVELOPMENT,97,CLOSED,BTCUSDT,LONG,2024-04-07 00:00:00+00:00,2024-04-07 01:00:00+00:00,68999.99,69034.489995,2024-04-08 07:00:00+00:00,70415.1797949,70379.97220500256,0.00025410413947934984,17.54194967457526,0.1754194967457526,68344.14509505,70415.1797949,TP,0.3596055850330215,0.01754194967457526,0.017883842273732735,0.008766591541514593,0.008946394334031741,0.017712985875546334,0.30646680720916714,1.7470510000000188,1 days 06:00:00
1h,DEVELOPMENT,98,CLOSED,BTCUSDT,LONG,2024-04-08 07:00:00+00:00,2024-04-08 08:00:00+00:00,70698.64,70733.98932,2024-04-08 09:00:00+00:00,72148.66910639999,72112.5947718468,0.0002523272120337107,17.848110321137867,0.17848110321137867,70026.6494268,72148.66910639999,TP,0.3658818017856424,0.017848110321137867,0.018195969991296843,0.00891959536288595,0.00910253626377918,0.01802213162666513,0.3118155898465425,1.747051000000001,0 days 01:00:00
1h,DEVELOPMENT,99,CLOSED,BTCUSDT,LONG,2024-04-09 00:00:00+00:00,2024-04-09 01:00:00+00:00,71420.0,71455.70999999999,2024-04-09 06:00:00+00:00,70741.15289999999,70705.78232355,0.00025413804448795835,18.159614406898648,0.18159614406898647,70741.15289999999,72884.82419999999,SL,-0.17252087450032497,0.018159614406898648,0.01796902925369825,0.009075269568662921,0.0089890091314123,0.018064278700075223,-0.22671379686099707,-1.248450499999994,0 days 05:00:00
1h,DEVELOPMENT,100,CLOSED,BTCUSDT,LONG,2024-04-09 06:00:00+00:00,2024-04-09 07:00:00+00:00,70765.7,70801.08284999999,2024-04-09 08:00:00+00:00,70093.07202149999,70058.02548548924,0.0002532888816875942,17.933127097347203,0.17933127097347204,70093.07202149999,72217.104507,SL,-0.17036918846605414,0.017933127097347203,0.017744918928460543,0.008962082507418501,0.00887689791318642,0.017838980420604923,-0.2238862149124668,-1.2484505000000008,0 days 01:00:00
1h,DEVELOPMENT,101,CLOSED,BTCUSDT,LONG,2024-04-11 01:00:00+00:00,2024-04-11 02:00:00+00:00,70553.28,70588.55664,2024-04-11 11:00:00+00:00,69882.6710736,69847.7297380632,0.00025088293893449267,17.709464544987096,0.17709464544987097,69882.6710736,72000.3277728,SL,-0.16824433833093785,0.017709464544987095,0.017523603714587457,0.00885030711893318,0.008766184949768987,0.017616492068702166,-0.22109389865921458,-1.2484505000000026,0 days 09:00:00
1h,DEVELOPMENT,102,CLOSED,BTCUSDT,LONG,2024-04-12 00:00:00+00:00,2024-04-12 01:00:00+00:00,70301.63,70336.780815,2024-04-12 13:00:00+00:00,69633.41300685001,69598.59630034659,0.00024864077253339273,17.48859151935352,0.1748859151935352,69633.41300685001,71743.51643130001,SL,-0.16614598939675573,0.01748859151935352,0.017305048751357906,0.008739925796778587,0.008656852802079071,0.01739677859885766,-0.21833640826632483,-1.24845049999999,0 days 12:00:00
1h,DEVELOPMENT,103,CLOSED,BTCUSDT,LONG,2024-04-19 00:00:00+00:00,2024-04-19 01:00:00+00:00,62711.08,62742.43554,2024-04-19 01:00:00+00:00,62115.0111846,62083.9536790077,0.00027525984735429624,17.27047322937717,0.1727047322937717,62115.0111846,63997.2842508,SL,-0.16407381113966066,0.01727047322937717,0.017089219612834862,0.00863092115411066,0.0085488842485407,0.01717980540265136,-0.21561330938452405,-1.2484504999999921,0 days 00:00:00
1h,DEVELOPMENT,104,CLOSED,BTCUSDT,LONG,2024-04-19 01:00:00+00:00,2024-04-19 02:00:00+00:00,61021.99,61052.500994999995,2024-04-19 02:00:00+00:00,60441.97598505,60411.75499705748,0.00027935096908316467,17.055075317904123,0.17055075317904123,60441.97598505,62273.5510149,SL,-0.16202747715809973,0.017055075317904123,0.01687608230244272,0.008523276020940728,0.008442262282361496,0.016965538303302226,-0.2129241730817488,-1.2484504999999895,0 days 00:00:00
1h,DEVELOPMENT,105,CLOSED,BTCUSDT,LONG,2024-04-19 06:00:00+00:00,2024-04-19 07:00:00+00:00,64624.37,64656.682185,2024-04-19 14:00:00+00:00,64010.11536315,63978.11030546843,0.00026048914492849334,16.842363856284,0.16842363856283998,64010.11536315,65949.8158287,SL,-0.1600066651214198,0.016842363856283998,0.0166656032476123,0.008416973441420044,0.008336970108859323,0.016753943550279368,-0.21026857577559546,-1.2484504999999917,0 days 07:00:00
1h,DEVELOPMENT,106,CLOSED,BTCUSDT,LONG,2024-04-20 00:00:00+00:00,2024-04-20 01:00:00+00:00,63444.51,63476.232254999995,2024-04-20 15:00:00+00:00,64745.756900099994,64713.384021649945,0.0002620241427091877,16.632305339025663,0.16632305339025663,62841.469932449996,64745.756900099994,TP,0.34095810345168837,0.016632305339025665,0.016956468970083273,0.00831199667117549,0.008482475722902835,0.016794472394078323,0.2905748567485011,1.747050999999999,0 days 14:00:00
1h,DEVELOPMENT,107,CLOSED,BTCUSDT,LONG,2024-04-21 00:00:00+00:00,2024-04-21 01:00:00+00:00,64759.97,64792.349985,2024-04-22 03:00:00+00:00,66088.1969847,66055.15288620765,0.0002611819129128627,16.92258991120199,0.16922589911201988,64144.42648515,66088.1969847,TP,0.3469088646464293,0.01692258991120199,0.01725241118857132,0.00845706642238969,0.00863052085471249,0.01708758727710218,0.29564627626955386,1.7470510000000026,1 days 02:00:00
1h,DEVELOPMENT,108,CLOSED,BTCUSDT,LONG,2024-04-22 03:00:00+00:00,2024-04-22 04:00:00+00:00,65703.49,65736.341745,2024-04-22 22:00:00+00:00,67051.0685799,67017.54304561006,0.00026192423215969156,17.2179408365462,0.17217940836546203,65078.978327549994,67051.0685799,TP,0.35296348481515516,0.0172179408365462,0.01755351850345049,0.008604668084229064,0.008781149826637842,0.017385817910866908,0.30080620756429155,1.747051000000016,0 days 18:00:00
1h,DEVELOPMENT,109,CLOSED,BTCUSDT,LONG,2024-04-23 00:00:00+00:00,2024-04-23 01:00:00+00:00,67028.15,67061.664075,2024-04-23 04:00:00+00:00,66391.04743425,66357.85191053287,0.00026122892683987775,17.518446538408632,0.17518446538408633,66391.04743425,68402.89735649999,SL,-0.16642961953780502,0.017518446538408634,0.017334590441988033,0.00875484584628095,0.008671631036511104,0.017426476882792055,-0.21870913340099377,-1.2484504999999915,0 days 03:00:00
1h,DEVELOPMENT,110,CLOSED,BTCUSDT,LONG,2024-04-23 04:00:00+00:00,2024-04-23 05:00:00+00:00,66244.02,66277.14201,2024-04-24 14:00:00+00:00,65614.37058989999,65581.56340460504,0.00026102447044322095,17.299955895650402,0.17299955895650404,65614.37058989999,67602.68485019999,SL,-0.16435390383624246,0.017299955895650403,0.01711839285852555,0.008645655120262944,0.00856347816834711,0.017209133288610054,-0.21598138587902846,-1.2484505000000088,1 days 09:00:00
1h,DEVELOPMENT,111,CLOSED,BTCUSDT,LONG,2024-04-30 01:00:00+00:00,2024-04-30 02:00:00+00:00,63606.01,63637.813004999996,2024-04-30 02:00:00+00:00,63001.43487495,62969.93415751253,0.0002684597328014609,17.084190275391634,0.17084190275391634,63001.43487495,64910.5692651,SL,-0.16230407652933374,0.017084190275391636,0.016904891698451403,0.008537826224581995,0.008456674186317403,0.0169945004108994,-0.21328765891407617,-1.248450499999988,0 days 00:00:00
1h,DEVELOPMENT,112,CLOSED,BTCUSDT,LONG,2024-04-30 02:00:00+00:00,2024-04-30 03:00:00+00:00,63780.92,63812.81045999999,2024-04-30 05:00:00+00:00,63174.68235539999,63143.095014222294,0.000264384464019764,16.87111569106189,0.1687111569106189,63174.68235539999,65089.066669199994,SL,-0.16027981473617658,0.016871115691061887,0.016694053331884194,0.00843134217444242,0.008351202267075444,0.016782544441517864,-0.21062752820064054,-1.2484504999999997,0 days 02:00:00
1h,DEVELOPMENT,113,CLOSED,BTCUSDT,LONG,2024-04-30 05:00:00+00:00,2024-04-30 06:00:00+00:00,63330.0,63361.66499999999,2024-04-30 08:00:00+00:00,62728.04834999999,62696.684325824994,0.00026294603495618905,16.66069857997234,0.1666069857997234,62728.04834999999,64628.89829999999,SL,-0.1582807996028383,0.01666069857997234,0.01648584454837553,0.008326186196886043,0.008247045797085337,0.016573231993971378,-0.20800057472515757,-1.2484505,0 days 02:00:00
1h,DEVELOPMENT,114,CLOSED,BTCUSDT,LONG,2024-05-03 05:00:00+00:00,2024-05-03 06:00:00+00:00,59522.68,59552.44134,2024-05-03 10:00:00+00:00,58956.916926599995,58927.4384681367,0.0002762759246778031,16.45290579802913,0.1645290579802913,58956.916926599995,60743.4901668,SL,-0.15630671625214215,0.01645290579802913,0.016280232551678816,0.00822234172814974,0.008144188370022863,0.016366530098172603,-0.2054063847000227,-1.2484504999999941,0 days 04:00:00
1h,DEVELOPMENT,115,CLOSED,BTCUSDT,LONG,2024-05-04 00:00:00+00:00,2024-05-04 01:00:00+00:00,63083.99,63115.531995,2024-05-04 10:00:00+00:00,64377.8426349,64345.65371358256,0.000257427991192402,16.247704614512624,0.16247704614512626,62484.37667505,64377.8426349,TP,0.33307388470130384,0.016247704614512627,0.016564372377449482,0.008119792411050682,0.008286329353399792,0.016406121764450474,0.2838556859448913,1.7470510000000143,0 days 09:00:00
1h,DEVELOPMENT,116,CLOSED,BTCUSDT,LONG,2024-05-05 00:00:00+00:00,2024-05-05 01:00:00+00:00,63509.52,63541.27475999999,2024-05-05 01:00:00+00:00,62905.86201239999,62874.409081393795,0.00026016595969759063,16.53127672834369,0.1653127672834369,62905.86201239999,64812.10025519999,SL,-0.1570512596730711,0.016531276728343692,0.016357780979079726,0.008261507610365666,0.008182981980529847,0.016444489590895513,-0.20638480697139006,-1.2484504999999977,0 days 00:00:00
1h,DEVELOPMENT,117,CLOSED,BTCUSDT,LONG,2024-05-05 01:00:00+00:00,2024-05-05 02:00:00+00:00,63315.47,63347.127734999995,2024-05-05 15:00:00+00:00,64614.070289699994,64581.763254555146,0.00025770857627978685,16.32509810000065,0.16325098100000648,62713.656457649995,64614.070289699994,TP,0.33466043181510385,0.01632509810000065,0.01664327426196966,0.00815846981509108,0.008325800030999753,0.016484269846090832,0.2852077896070427,1.7470510000000021,0 days 13:00:00
1h,DEVELOPMENT,118,CLOSED,BTCUSDT,LONG,2024-05-06 00:00:00+00:00,2024-05-06 01:00:00+00:00,64218.02,64250.12900999999,2024-05-06 12:00:00+00:00,63607.62771989999,63575.823906040045,0.0002585212080143177,16.610020966740954,0.16610020966740954,63607.62771989999,65535.13159019999,SL,-0.15779934961406786,0.016610020966740954,0.01643569879669501,0.008300860053341958,0.008221960378535238,0.016522820431877194,-0.207367889809381,-1.2484504999999924,0 days 11:00:00
1h,DEVELOPMENT,119,CLOSED,BTCUSDT,LONG,2024-05-07 00:00:00+00:00,2024-05-07 01:00:00+00:00,63545.44,63577.212719999996,2024-05-07 03:00:00+00:00,62941.4405928,62909.9698725036,0.00025799904613466447,16.402860237660654,0.16402860237660655,62941.4405928,64848.7569744,SL,-0.15583127092350396,0.016402860237660653,0.016230712219466408,0.008197331453102117,0.008119415817641563,0.01631674727074368,-0.2047815906513747,-1.2484504999999944,0 days 02:00:00
1h,DEVELOPMENT,120,CLOSED,BTCUSDT,LONG,2024-05-07 03:00:00+00:00,2024-05-07 04:00:00+00:00,63239.5,63271.11975,2024-05-07 23:00:00+00:00,62638.4085525,62607.08934822375,0.0002560138541569421,16.19828322402292,0.1619828322402292,62638.4085525,64536.542145,SL,-0.1538877381752509,0.01619828322402292,0.016028282241586797,0.008095094064978462,0.00801815019589025,0.016113244260868714,-0.2022275479017293,-1.2484504999999941,0 days 19:00:00
1h,DEVELOPMENT,121,CLOSED,BTCUSDT,LONG,2024-05-10 01:00:00+00:00,2024-05-10 02:00:00+00:00,62883.5,62914.94175,2024-05-10 14:00:00+00:00,62285.7923325,62254.649436333755,0.0002542521260721595,15.99625770164357,0.1599625770164357,62285.7923325,64173.240585,SL,-0.15196844523150613,0.01599625770164357,0.015828376977064823,0.007994131784928847,0.00791814756231253,0.015912279347241376,-0.1997053592574559,-1.2484504999999888,0 days 12:00:00
1h,DEVELOPMENT,122,CLOSED,BTCUSDT,LONG,2024-05-13 00:00:00+00:00,2024-05-13 01:00:00+00:00,61512.9,61543.656449999995,2024-05-13 03:00:00+00:00,60928.219885499995,60897.75577555725,0.0002566755496738043,15.79675184823952,0.1579675184823952,60928.219885499995,62774.529578999995,SL,-0.15007308977263195,0.01579675184823952,0.015630964937592248,0.007894428709763208,0.007819392164877611,0.01571382087464082,-0.19721462743310456,-1.2484504999999937,0 days 02:00:00
1h,DEVELOPMENT,123,CLOSED,BTCUSDT,LONG,2024-05-13 07:00:00+00:00,2024-05-13 08:00:00+00:00,62334.36,62365.52718,2024-05-14 06:00:00+00:00,61741.871908199995,61711.0009722459,0.0002501339272478549,15.599734238416238,0.15599734238416238,61741.871908199995,63612.8377236,SL,-0.14820137324952293,0.015599734238416239,0.015436015027584061,0.007795969134639982,0.00772186844801487,0.015517837582654851,-0.19475496009817808,-1.248450499999996,0 days 22:00:00
1h,DEVELOPMENT,124,CLOSED,BTCUSDT,LONG,2024-05-14 06:00:00+00:00,2024-05-14 07:00:00+00:00,62041.99,62073.010995,2024-05-14 12:00:00+00:00,61452.28088504999,61421.55474460747,0.00024817829184987743,15.40517383871776,0.1540517383871776,61452.28088504999,63314.4712149,SL,-0.1463530008365952,0.01540517383871776,0.015243496539280416,0.007698737550583327,0.007625561050164694,0.01532429860074802,-0.1923259698153414,-1.2484505000000021,0 days 05:00:00
1h,DEVELOPMENT,125,CLOSED,BTCUSDT,LONG,2024-05-16 00:00:00+00:00,2024-05-16 01:00:00+00:00,66083.9,66116.94195,2024-05-16 15:00:00+00:00,65455.77253049999,65423.044644234746,0.00023009291649095094,15.2130400027384,0.15213040002738398,65455.77253049999,67439.280789,SL,-0.1445276813853365,0.015213040002738399,0.01505337914790966,0.007602718642047925,0.0075304548013545,0.015133173443402426,-0.189927273979387,-1.2484504999999964,0 days 14:00:00
1h,DEVELOPMENT,126,CLOSED,BTCUSDT,LONG,2024-05-17 00:00:00+00:00,2024-05-17 01:00:00+00:00,65508.7,65541.45435,2024-05-17 15:00:00+00:00,66852.283437,66818.85729528152,0.00022921832625301603,15.023302466295457,0.15023302466295457,64886.0398065,66852.283437,TP,0.30797394661041655,0.015023302466295458,0.015316106631363558,0.007507897284506138,0.007661884257808348,0.015169781542314485,0.262464755970443,1.7470510000000237,0 days 14:00:00
1h,DEVELOPMENT,127,CLOSED,BTCUSDT,LONG,2024-05-18 00:00:00+00:00,2024-05-18 01:00:00+00:00,66891.59,66925.03579499999,2024-05-19 19:00:00+00:00,66255.78543704998,66222.65754433147,0.0002283974126892357,15.285505019712485,0.15285505019712484,66255.78543704998,68263.53651089998,SL,-0.14521611715379304,0.015285505019712485,0.015125083644530602,0.007638933043332831,0.007566324984756409,0.01520525802808924,-0.19083196384612539,-1.2484504999999986,1 days 18:00:00
1h,DEVELOPMENT,128,CLOSED,BTCUSDT,LONG,2024-05-20 04:00:00+00:00,2024-05-20 05:00:00+00:00,67132.44,67166.00622,2024-05-20 06:00:00+00:00,66494.3461578,66461.0989847211,0.00022473963462627455,15.094863697188883,0.15094863697188884,66494.3461578,68509.3263444,SL,-0.14340497695330448,0.015094863697188883,0.014936443102686887,0.007543660018583652,0.0074719575301077324,0.015015617548691384,-0.18845190130187164,-1.2484504999999904,0 days 01:00:00
1h,DEVELOPMENT,129,CLOSED,BTCUSDT,LONG,2024-05-20 06:00:00+00:00,2024-05-20 07:00:00+00:00,66410.01,66443.21500499999,2024-05-20 16:00:00+00:00,67772.0793051,67738.19326544745,0.0002243509748648214,14.906600059524676,0.14906600059524677,65778.78285495,67772.0793051,TP,0.3055815764326344,0.014906600059524676,0.015197129694684815,0.0074495752421404075,0.007602366030355682,0.01505194127249609,0.2604259054059288,1.7470510000000157,0 days 09:00:00
1h,DEVELOPMENT,130,CLOSED,BTCUSDT,LONG,2024-05-21 00:00:00+00:00,2024-05-21 01:00:00+00:00,71312.32,71347.97616,2024-05-21 13:00:00+00:00,70634.4963984,70599.17915020081,0.00021257457625958455,15.166765799190943,0.15166765799190943,70634.4963984,72774.9356832,SL,-0.14408806488886566,0.015166765799190943,0.015007590592128434,0.007579593103043659,0.007507549070598085,0.015087142173641745,-0.18934956345382678,-1.24845049999999,0 days 12:00:00
1h,DEVELOPMENT,131,CLOSED,BTCUSDT,LONG,2024-05-22 00:00:00+00:00,2024-05-22 01:00:00+00:00,70120.0,70155.06,2024-05-22 04:00:00+00:00,69453.5094,69418.7826453,0.00021349287415818857,14.977605396140168,0.14977605396140167,69453.5094,71558.1612,SL,-0.1422909937934166,0.014977605396140169,0.014820415427507679,0.007485060167985594,0.007413914671088051,0.014898974839073646,-0.1869879894561381,-1.2484504999999946,0 days 03:00:00
1h,DEVELOPMENT,132,CLOSED,BTCUSDT,LONG,2024-05-22 04:00:00+00:00,2024-05-22 05:00:00+00:00,69599.97,69634.76998499999,2024-05-22 21:00:00+00:00,68938.42228515,68903.95307400743,0.00021240544358886205,14.7908042078723,0.14790804207872302,68938.42228515,71027.46538469999,SL,-0.1405163358279137,0.0147908042078723,0.014635574717710683,0.00739170625080874,0.007321448082895384,0.014713154333704122,-0.1846558690872008,-1.2484504999999866,0 days 16:00:00
1h,DEVELOPMENT,133,CLOSED,BTCUSDT,LONG,2024-05-23 00:00:00+00:00,2024-05-23 01:00:00+00:00,69499.81,69534.55990499999,2024-05-23 13:00:00+00:00,68839.21430595,68804.79469879702,0.00021005860726145908,14.606332810182792,0.14606332810182793,68839.21430595,70925.25110309999,SL,-0.1387638114550607,0.014606332810182792,0.014453039347339925,0.007299516646765843,0.007230134741040102,0.014529651387805945,-0.18235283500038937,-1.248450499999988,0 days 12:00:00
1h,DEVELOPMENT,134,CLOSED,BTCUSDT,LONG,2024-05-25 05:00:00+00:00,2024-05-25 06:00:00+00:00,68718.21,68752.569105,2024-05-27 15:00:00+00:00,70127.62048710001,70092.55667685646,0.00020979815494338738,14.424162145846738,0.1442416214584674,68065.04341395,70127.62048710001,TP,0.29569171975144126,0.014424162145846738,0.014705289066069292,0.0072084768345052576,0.00735632269438137,0.014564799528886629,0.25199746901063863,1.747051000000012,2 days 09:00:00
1h,DEVELOPMENT,135,CLOSED,BTCUSDT,LONG,2024-05-28 00:00:00+00:00,2024-05-28 01:00:00+00:00,69377.4,69412.0887,2024-05-28 01:00:00+00:00,68717.967813,68683.6088290935,0.00021143158409428606,14.675907869134091,0.14675907869134092,68717.967813,70800.33047399999,SL,-0.13942479190016915,0.014675907869134091,0.014521884216047531,0.007334286791171205,0.007264574395220376,0.01459886118639158,-0.18322144517174235,-1.2484504999999895,0 days 00:00:00
1h,DEVELOPMENT,136,CLOSED,BTCUSDT,LONG,2024-05-28 01:00:00+00:00,2024-05-28 02:00:00+00:00,68614.11,68648.417055,2024-05-28 03:00:00+00:00,67961.93288445,67927.95191800778,0.00021111731463170755,14.492869462369113,0.14492869462369112,67961.93288445,70021.3853961,SL,-0.13768588129916942,0.014492869462369114,0.01434076679736155,0.007242813324521766,0.007173970383871859,0.014416783708393624,-0.1809363012672937,-1.2484504999999946,0 days 01:00:00
1h,DEVELOPMENT,137,CLOSED,BTCUSDT,LONG,2024-05-28 03:00:00+00:00,2024-05-28 04:00:00+00:00,68050.3,68084.32515,2024-05-28 18:00:00+00:00,67403.4818985,67369.78015755076,0.00021021158519403407,14.312113916647542,0.14312113916647543,67403.4818985,69446.01165300001,SL,-0.13596865844851083,0.014312113916647542,0.014161908281092329,0.0071524807179650625,0.007084496388738441,0.014236977106703503,-0.1786796577529542,-1.2484504999999886,0 days 14:00:00
1h,DEVELOPMENT,138,CLOSED,BTCUSDT,LONG,2024-05-31 00:00:00+00:00,2024-05-31 01:00:00+00:00,68460.01,68494.24000499999,2024-05-31 14:00:00+00:00,67809.29760494998,67775.39295614751,0.0002063474645316081,14.133612760051186,0.14133612760051187,67809.29760494998,69864.12480509999,SL,-0.13427285285785967,0.014133612760051185,0.013985280494134448,0.007063274742652275,0.006996138316225546,0.01405941305887782,-0.17645115917092313,-1.2484505000000021,0 days 13:00:00
1h,DEVELOPMENT,139,CLOSED,BTCUSDT,LONG,2024-06-03 00:00:00+00:00,2024-06-03 01:00:00+00:00,67824.0,67857.912,2024-06-03 06:00:00+00:00,69215.07024,69180.46270488,0.00020568475310240244,13.957337875764551,0.13957337875764553,67179.33288,69215.07024,TP,0.28612193886249987,0.013957337875764551,0.014229366390963205,0.006975181347207977,0.007118242316639494,0.01409342366384747,0.24384181093192467,1.7470510000000092,0 days 05:00:00
1h,DEVELOPMENT,140,CLOSED,BTCUSDT,LONG,2024-06-03 06:00:00+00:00,2024-06-03 07:00:00+00:00,69038.94,69073.45947,2024-06-04 15:00:00+00:00,70454.9286594,70419.7011950703,0.00020559178876296925,14.200936088483758,0.1420093608848376,68382.7248753,70454.9286594,TP,0.29111564135412443,0.014200936088483758,0.014477712332848308,0.0070969195844495046,0.00724247740512645,0.014339396989575955,0.24809759594321637,1.7470509999999997,1 days 08:00:00
1h,DEVELOPMENT,141,CLOSED,BTCUSDT,LONG,2024-06-05 00:00:00+00:00,2024-06-05 01:00:00+00:00,70775.99,70811.377995,2024-06-07 17:00:00+00:00,70103.26421505,70068.21258294248,0.00020404610450740007,14.44878583468078,0.1444878583468078,70103.26421505,72227.6055549,SL,-0.13726707582073086,0.014448785834680782,0.014297145827345805,0.007220782526076804,0.007152148988167298,0.0143729315142441,-0.18038593899700156,-1.2484505000000012,2 days 16:00:00
1h,DEVELOPMENT,142,CLOSED,BTCUSDT,LONG,2024-06-13 00:00:00+00:00,2024-06-13 01:00:00+00:00,68330.02,68364.18501,2024-06-13 03:00:00+00:00,67680.5431599,67646.70288832005,0.00020871425731660371,14.268580101417042,0.14268580101417042,67680.5431599,69731.4687102,SL,-0.13555507632580688,0.014268580101417043,0.014118831353252672,0.0071307246883637095,0.007062947150200537,0.014193671838564247,-0.17813615961904083,-1.2484504999999948,0 days 02:00:00
1h,DEVELOPMENT,143,CLOSED,BTCUSDT,LONG,2024-06-17 00:00:00+00:00,2024-06-17 01:00:00+00:00,66583.96,66617.25198,2024-06-17 07:00:00+00:00,65951.0794602,65918.1039204699,0.0002115161085334133,14.090621899999421,0.14090621899999423,65951.0794602,67949.5970196,SL,-0.1338644289450244,0.014090621899999422,0.013942740823158929,0.007041790054971063,0.006974857840497711,0.014016647895468774,-0.17591443956365152,-1.2484504999999946,0 days 06:00:00
1h,DEVELOPMENT,144,CLOSED,BTCUSDT,LONG,2024-06-28 00:00:00+00:00,2024-06-28 01:00:00+00:00,61559.99,61590.769994999995,2024-06-28 14:00:00+00:00,60974.86229504999,60944.37486390247,0.00022592481308914076,13.914883199136632,0.13914883199136632,60974.86229504999,62822.585394899994,SL,-0.132194867374108,0.013914883199136632,0.013768846499961695,0.006953964617259042,0.006887867183571825,0.013841831800830866,-0.17372042887403716,-1.248450499999999,0 days 13:00:00
1h,DEVELOPMENT,145,CLOSED,BTCUSDT,LONG,2024-07-01 00:00:00+00:00,2024-07-01 01:00:00+00:00,62931.98,62963.44599,2024-07-02 14:00:00+00:00,62333.8115301,62302.64462433496,0.0002182430789974078,13.74133631714459,0.1374133631714459,62333.8115301,64222.7149098,SL,-0.130546128630145,0.01374133631714459,0.013597120992496159,0.006867234541300981,0.0068019614769851185,0.0136691960182861,-0.17155378195807183,-1.24845049999999,1 days 13:00:00
1h,DEVELOPMENT,146,CLOSED,BTCUSDT,LONG,2024-07-07 00:00:00+00:00,2024-07-07 01:00:00+00:00,57931.79,57960.755894999995,2024-07-07 07:00:00+00:00,57381.14833604999,57352.45776188197,0.00023412313569838542,13.569953917586076,0.13569953917586078,57381.14833604999,59119.971012899994,SL,-0.1289179530101528,0.013569953917586077,0.01342753725122101,0.0067815861657087575,0.006717127189204848,0.013498713354913604,-0.16941415753387348,-1.2484505000000037,0 days 06:00:00
1h,DEVELOPMENT,147,CLOSED,BTCUSDT,LONG,2024-07-07 07:00:00+00:00,2024-07-07 08:00:00+00:00,57369.99,57398.674994999994,2024-07-07 13:00:00+00:00,56824.68824504999,56796.27590092747,0.00023346721864454475,13.400709004964828,0.13400709004964828,56824.68824504999,58546.64849489999,SL,-0.1273100840501673,0.013400709004964827,0.01326006856395772,0.006697005999481734,0.0066333509574573075,0.013330356956939042,-0.1673012185760289,-1.2484505000000035,0 days 05:00:00
1h,DEVELOPMENT,148,CLOSED,BTCUSDT,LONG,2024-07-09 05:00:00+00:00,2024-07-09 06:00:00+00:00,57291.48,57320.12574,2024-07-10 04:00:00+00:00,58466.5282548,58437.294990672606,0.00023087135189653703,13.233574920473291,0.13233574920473293,56746.9244826,58466.5282548,TP,0.2712849791293425,0.013233574920473291,0.013491497295673316,0.006613480719876691,0.00674912320944068,0.01336260392931737,0.23119730298387856,1.7470510000000052,0 days 22:00:00
1h,DEVELOPMENT,149,CLOSED,BTCUSDT,LONG,2024-07-10 04:00:00+00:00,2024-07-10 05:00:00+00:00,59347.43,59377.103715,2024-07-10 08:00:00+00:00,58783.33267785,58753.94101151107,0.0002267631867284742,13.464541257120525,0.13464541257120524,58783.33267785,60564.6457893,SL,-0.1279165063957333,0.013464541257120525,0.013323230896627044,0.006728906175471885,0.006664947922274558,0.013393854097746443,-0.1680981326472273,-1.2484504999999988,0 days 03:00:00
1h,DEVELOPMENT,150,CLOSED,BTCUSDT,LONG,2024-07-11 00:00:00+00:00,2024-07-11 01:00:00+00:00,57628.89,57657.704444999996,2024-07-11 03:00:00+00:00,57081.127400549994,57052.586836849725,0.00023061291084454206,13.29661105467574,0.1329661105467574,57081.127400549994,58810.8585339,SL,-0.1263211275109386,0.01329661105467574,0.01315706312165692,0.006644983035819117,0.006581822472063238,0.013226805507882355,-0.16600160719515364,-1.2484504999999932,0 days 02:00:00
1h,DEVELOPMENT,151,CLOSED,BTCUSDT,LONG,2024-07-11 03:00:00+00:00,2024-07-11 04:00:00+00:00,57568.0,57596.784,2024-07-11 11:00:00+00:00,58748.71968,58719.345320160006,0.00022797757741564205,13.130775283252014,0.13130775283252014,57020.81616,58748.71968,TP,0.26917761225337256,0.013130775283252015,0.013386694093522597,0.006562106588331761,0.006696695394457622,0.013258801982789382,0.22940134089380854,1.7470510000000106,0 days 07:00:00
1h,DEVELOPMENT,152,CLOSED,BTCUSDT,LONG,2024-07-13 00:00:00+00:00,2024-07-13 01:00:00+00:00,57835.57,57864.487785,2024-07-13 22:00:00+00:00,59021.7775407,58992.266651929654,0.00023088336151210774,13.359947451977098,0.13359947451977097,57285.84290715,59021.7775407,TP,0.2738755844478266,0.013359947451977099,0.013620332827816132,0.006676635408283903,0.0068135732005074785,0.013490208608791382,0.23340509555924202,1.7470510000000121,0 days 21:00:00
1h,DEVELOPMENT,153,CLOSED,BTCUSDT,LONG,2024-07-14 00:00:00+00:00,2024-07-14 01:00:00+00:00,59753.98,59783.85699,2024-07-14 21:00:00+00:00,60979.5341298,60949.044362735105,0.0002273710673750343,13.593119375612705,0.13593119375612706,59186.0184201,60979.5341298,TP,0.2786555506185063,0.013593119375612705,0.013858049272243397,0.006793163106252549,0.006932490881560976,0.013725653987813525,0.23747872798283662,1.7470510000000081,0 days 20:00:00
1h,DEVELOPMENT,154,CLOSED,BTCUSDT,LONG,2024-07-15 00:00:00+00:00,2024-07-15 01:00:00+00:00,61212.0,61242.606,2024-07-15 02:00:00+00:00,62467.45812,62436.224390940006,0.00022582907171045342,13.830360862109044,0.13830360862109045,60630.17994,62467.45812,TP,0.2835189418109517,0.013830360862109045,0.014099914595311552,0.006911724568770085,0.007053484039674965,0.013965208608445051,0.24162345774508606,1.74705100000001,0 days 01:00:00
1h,DEVELOPMENT,155,CLOSED,BTCUSDT,LONG,2024-07-15 02:00:00+00:00,2024-07-15 03:00:00+00:00,62482.0,62513.240999999995,2024-07-15 19:00:00+00:00,63763.50582,63731.62406709,0.00022510019817687047,14.071742937778463,0.14071742937778464,61888.108589999996,63763.50582,TP,0.2884672140468126,0.014071742937778464,0.014346001207635769,0.007032355291242379,0.007176588898266541,0.01420894418950892,0.24584052571188938,1.7470510000000097,0 days 16:00:00
1h,DEVELOPMENT,156,CLOSED,BTCUSDT,LONG,2024-07-16 00:00:00+00:00,2024-07-16 01:00:00+00:00,64611.44,64643.74572,2024-07-16 05:00:00+00:00,63997.3082628,63965.3096086686,0.00022148063527404726,14.317337868559573,0.14317337868559574,63997.3082628,65936.6206344,SL,-0.13601828729701132,0.014317337868559573,0.014167077407629042,0.0071550913885847535,0.00708708224493682,0.014242173633521572,-0.1787448762067215,-1.248450500000001,0 days 04:00:00
1h,DEVELOPMENT,157,CLOSED,BTCUSDT,LONG,2024-07-16 05:00:00+00:00,2024-07-16 06:00:00+00:00,63654.92,63686.74745999999,2024-07-16 06:00:00+00:00,63049.87998539999,63018.35504540729,0.00022200492445532643,14.13877155866275,0.1413877155866275,63049.87998539999,64960.48240919999,SL,-0.13432186273372487,0.014138771558662751,0.013990385151154585,0.007065852852903403,0.006998691921537598,0.014064544774441003,-0.1765155642179832,-1.2484505000000021,0 days 00:00:00
1h,DEVELOPMENT,158,CLOSED,BTCUSDT,LONG,2024-07-16 06:00:00+00:00,2024-07-16 07:00:00+00:00,62899.64,62931.089819999994,2024-07-16 12:00:00+00:00,64189.711616399996,64157.6167605918,0.00022186859267185916,13.962432333669762,0.1396243233366976,62301.778921799996,64189.711616399996,TP,0.28622637397657785,0.013962432333669762,0.014234560139852987,0.006977727303182039,0.00712084049017037,0.01409856779335241,0.24393081370970268,1.7470510000000128,0 days 05:00:00
1h,DEVELOPMENT,159,CLOSED,BTCUSDT,LONG,2024-07-17 00:00:00+00:00,2024-07-17 01:00:00+00:00,65505.41,65538.162705,2024-07-17 08:00:00+00:00,64882.78107794999,64850.33968741102,0.00021676102707055407,14.20611946025288,0.1420611946025288,64882.78107794999,66848.9259591,SL,-0.13496168462739236,0.01420611946025288,0.014057026236517526,0.007099509975137071,0.007032029132824915,0.014131539107961985,-0.17735636943212477,-1.2484505000000026,0 days 07:00:00
1h,DEVELOPMENT,160,CLOSED,BTCUSDT,LONG,2024-07-18 00:00:00+00:00,2024-07-18 01:00:00+00:00,64443.53,64475.75176499999,2024-07-18 14:00:00+00:00,63830.99424734999,63799.07875022632,0.00021758474908743083,14.028940270010999,0.14028940270011,63830.99424734999,65765.2668003,SL,-0.13327843804743267,0.014028940270011,0.013881706541877235,0.007010964652678024,0.006944325433654625,0.013955290086332648,-0.17514437494565355,-1.248450499999999,0 days 13:00:00
1h,DEVELOPMENT,161,CLOSED,BTCUSDT,LONG,2024-07-20 00:00:00+00:00,2024-07-20 01:00:00+00:00,66419.87,66453.07993499999,2024-07-21 18:00:00+00:00,65788.54913564998,65755.65486108216,0.00020847748333142614,13.853970864470888,0.13853970864470888,65788.54913564998,67782.14153369999,SL,-0.131616184974311,0.01385397086447089,0.013708573440248268,0.00692352367039851,0.006857715577912343,0.013781239248310853,-0.17295996852734097,-1.2484504999999988,1 days 17:00:00
1h,DEVELOPMENT,162,CLOSED,BTCUSDT,LONG,2024-07-22 00:00:00+00:00,2024-07-22 01:00:00+00:00,68188.01,68222.10400499999,2024-07-22 05:00:00+00:00,67539.88296494998,67506.11302346751,0.0002005388705414627,13.681183683124896,0.13681183683124895,67539.88296494998,69586.54608509998,SL,-0.12997466357631654,0.013681183683124896,0.0135375996603705,0.0068371732549333255,0.00677218592314676,0.013609359178080087,-0.17080280609789203,-1.2484505000000063,0 days 04:00:00
1h,DEVELOPMENT,163,CLOSED,BTCUSDT,LONG,2024-07-22 05:00:00+00:00,2024-07-22 06:00:00+00:00,67626.01,67659.82300499998,2024-07-22 09:00:00+00:00,66983.22477494998,66949.73316256251,0.0001996835183592265,13.51055150920093,0.1351055150920093,66983.22477494998,69013.01946509999,SL,-0.12835361528731412,0.01351055150920093,0.013368758271111867,0.006751899804695934,0.006687722997053829,0.013439622801749762,-0.1686725478693767,-1.248450500000001,0 days 03:00:00
1h,DEVELOPMENT,164,CLOSED,BTCUSDT,LONG,2024-07-23 00:00:00+00:00,2024-07-23 01:00:00+00:00,67490.01,67523.75500499998,2024-07-23 05:00:00+00:00,66848.51745494998,66815.0931962225,0.00019759042524201197,13.342047465375382,0.1334204746537538,66848.51745494998,68874.23010509998,SL,-0.12675278476601318,0.013342047465375382,0.013202022677226264,0.006667689887741797,0.006604313495361496,0.013272003383103293,-0.16656885829171808,-1.2484505000000135,0 days 04:00:00
1h,DEVELOPMENT,165,CLOSED,BTCUSDT,LONG,2024-07-23 05:00:00+00:00,2024-07-23 06:00:00+00:00,66428.01,66461.224005,2024-07-23 17:00:00+00:00,65796.61176495,65763.71345906753,0.00019824559668880416,13.1756450095395,0.131756450095395,65796.61176495,67790.4484851,SL,-0.12517191985574525,0.013175645009539499,0.013037366615164383,0.006584530239650248,0.006521944279720458,0.013106474519370706,-0.16449140599981985,-1.2484504999999917,0 days 11:00:00
1h,DEVELOPMENT,166,CLOSED,BTCUSDT,LONG,2024-07-26 03:00:00+00:00,2024-07-26 04:00:00+00:00,67042.0,67075.521,2024-07-27 12:00:00+00:00,68417.03142,68382.82290429,0.0001939801247405682,13.0113179306186,0.13011317930618602,66404.76578999999,68417.03142,TP,0.2667287663738005,0.013011317930618601,0.01326490851708636,0.0065024077614273,0.006635772144614258,0.013138179906041558,0.22731436002005398,1.7470510000000183,1 days 08:00:00
1h,DEVELOPMENT,167,CLOSED,BTCUSDT,LONG,2024-07-28 00:00:00+00:00,2024-07-28 01:00:00+00:00,67958.0,67991.97899999999,2024-07-28 04:00:00+00:00,67312.05920999999,67278.40318039499,0.00019470539610806016,13.238405203365906,0.13238405203365905,67312.05920999999,69351.81857999999,SL,-0.12576815737930483,0.013238405203365906,0.013099468140756581,0.006615894654354235,0.006553010575666337,0.013168905230020572,-0.1652749359534479,-1.2484505000000017,0 days 03:00:00
1h,DEVELOPMENT,168,CLOSED,BTCUSDT,LONG,2024-07-28 04:00:00+00:00,2024-07-28 05:00:00+00:00,67338.0,67371.669,2024-07-29 00:00:00+00:00,68719.10238,68684.74282881,0.00019404737289851898,13.07329537723859,0.13073295377238592,66697.95231,68719.10238,TP,0.2679992885428914,0.013073295377238591,0.013328093904140973,0.006533380998119152,0.00666738064238997,0.013200761640509122,0.22839713762100275,1.7470510000000166,0 days 19:00:00
1h,DEVELOPMENT,169,CLOSED,BTCUSDT,LONG,2024-07-29 00:00:00+00:00,2024-07-29 01:00:00+00:00,68714.01,68748.367005,2024-07-29 15:00:00+00:00,68060.88333494999,68026.85289328251,0.00019348044070521036,13.301464345890942,0.13301464345890943,68060.88333494999,70123.3343451,SL,-0.12636723499019906,0.013301464345890942,0.013161865477580815,0.006647408468710734,0.0065842248512164294,0.013231633319927164,-0.16606219813359796,-1.2484505000000057,0 days 14:00:00
1h,DEVELOPMENT,170,CLOSED,BTCUSDT,LONG,2024-08-07 03:00:00+00:00,2024-08-07 04:00:00+00:00,56862.01,56890.441005,2024-08-07 14:00:00+00:00,56321.53659495,56293.375826652526,0.00023089235752109415,13.135568044059175,0.13135568044059176,56321.53659495,58028.2498251,SL,-0.1247911786694488,0.013135568044059175,0.012997710257436774,0.0065645017711436805,0.006502106181808554,0.013066607952952235,-0.16399106492389698,-1.2484505,0 days 10:00:00
1h,DEVELOPMENT,171,CLOSED,BTCUSDT,LONG,2024-08-08 05:00:00+00:00,2024-08-08 06:00:00+00:00,56955.62,56984.09781,2024-08-08 12:00:00+00:00,58123.7797662,58094.71787631691,0.00022763790785324298,12.971740806372965,0.12971740806372967,56414.2568319,58123.7797662,TP,0.2659174452161011,0.012971740806372966,0.013224560034689177,0.006482629088641406,0.00661558781124894,0.013098216899890346,0.22662292747514864,1.7470510000000128,0 days 06:00:00
1h,DEVELOPMENT,172,CLOSED,BTCUSDT,LONG,2024-08-09 00:00:00+00:00,2024-08-09 01:00:00+00:00,61214.01,61244.617005,2024-08-09 05:00:00+00:00,60632.17083495,60601.854749532526,0.00021549873250476326,13.19813733731717,0.1319813733731717,60632.17083495,62469.5093451,SL,-0.1253856025899059,0.013198137337317171,0.013059622885962028,0.006595770783266526,0.006533077981971177,0.013128848765237703,-0.16477221157842278,-1.2484504999999992,0 days 04:00:00
1h,DEVELOPMENT,173,CLOSED,BTCUSDT,LONG,2024-08-09 05:00:00+00:00,2024-08-09 06:00:00+00:00,60988.99,61019.484495,2024-08-09 10:00:00+00:00,60409.28965005,60379.08500522498,0.0002135961953990402,13.033529733342723,0.13033529733342725,60409.28965005,62239.8741849,SL,-0.12382178922081191,0.013033529733342724,0.012896742838791293,0.006513508112614841,0.006451597218003254,0.012965105330618096,-0.16271716712356404,-1.2484504999999857,0 days 04:00:00
1h,DEVELOPMENT,174,CLOSED,BTCUSDT,LONG,2024-08-10 00:00:00+00:00,2024-08-10 01:00:00+00:00,60541.91,60572.180955,2024-08-11 09:00:00+00:00,61783.6245741,61752.73276181296,0.00021248987435987677,12.870975120831671,0.1287097512083167,59966.459145450004,61783.6245741,TP,0.26385177384133657,0.01287097512083167,0.013121830425936681,0.0064322714247034745,0.006564197311623189,0.012996468736326663,0.22486249955824156,1.747051000000005,1 days 08:00:00
1h,DEVELOPMENT,175,CLOSED,BTCUSDT,LONG,2024-08-14 00:00:00+00:00,2024-08-14 01:00:00+00:00,60786.85,60817.24342499999,2024-08-14 13:00:00+00:00,60209.07099074999,60178.96645525462,0.00021532730266997003,13.095612982528218,0.13095612982528218,60209.07099074999,62033.5882935,SL,-0.12441159560113171,0.013095612982528218,0.012958174524276585,0.006544534224150903,0.006482328426351442,0.013026862650502345,-0.16349224575843888,-1.2484505000000032,0 days 12:00:00
1h,DEVELOPMENT,176,CLOSED,BTCUSDT,LONG,2024-08-17 00:00:00+00:00,2024-08-17 01:00:00+00:00,59187.26,59216.85363,2024-08-18 23:00:00+00:00,58624.6850937,58595.372751153154,0.00021838857137683124,12.932284065686622,0.12932284065686622,58624.6850937,60401.1907026,SL,-0.12285993007931255,0.012932284065686622,0.012796559744417244,0.006462910577553607,0.006401480612513538,0.012864391190067145,-0.16145316507948354,-1.248450499999989,1 days 22:00:00
1h,DEVELOPMENT,177,CLOSED,BTCUSDT,LONG,2024-08-19 00:00:00+00:00,2024-08-19 01:00:00+00:00,58346.03,58375.203015,2024-08-19 10:00:00+00:00,57791.45098485,57762.55525935758,0.0002187742660046721,12.770992192480346,0.12770992192480346,57791.45098485,59542.7070753,SL,-0.12132761698103449,0.012770992192480346,0.012636960629420265,0.006382304943768356,0.006321641135277638,0.012703946079045994,-0.1594395158819811,-1.2484504999999941,0 days 09:00:00
1h,DEVELOPMENT,178,CLOSED,BTCUSDT,LONG,2024-08-20 00:00:00+00:00,2024-08-20 01:00:00+00:00,60482.77,60513.01138499999,2024-08-20 14:00:00+00:00,59907.88127114999,59877.92733051442,0.00020841322664633103,12.611711956834013,0.12611711956834012,59907.88127114999,61723.271612699995,SL,-0.11981441494223714,0.012611711956834012,0.012479352039847041,0.006302704626102684,0.0062427974186315596,0.012545502044734244,-0.15745098098365243,-1.2484504999999875,0 days 13:00:00
1h,DEVELOPMENT,179,CLOSED,BTCUSDT,LONG,2024-08-21 00:00:00+00:00,2024-08-21 01:00:00+00:00,58989.0,59018.49449999999,2024-08-21 14:00:00+00:00,60198.864389999995,60168.764957805,0.00021102568567786254,12.454418269537658,0.12454418269537659,58428.30955499999,60198.864389999995,TP,0.25531246247697786,0.012454418269537658,0.012697154881610948,0.0062240970862243285,0.006351753317463862,0.01257585040368819,0.2175850389221411,1.747051000000006,0 days 13:00:00
1h,DEVELOPMENT,180,CLOSED,BTCUSDT,LONG,2024-08-22 00:00:00+00:00,2024-08-22 01:00:00+00:00,60818.15,60848.559075,2024-08-22 02:00:00+00:00,60240.073484249995,60209.953447507876,0.00020825120813739746,12.67178594078855,0.1267178594078855,60240.073484249995,62065.5302565,SL,-0.1203851328007961,0.01267178594078855,0.012538795547339976,0.006332726607089884,0.006272534040689047,0.012605260647778931,-0.15820097493670354,-1.2484504999999937,0 days 01:00:00
1h,DEVELOPMENT,181,CLOSED,BTCUSDT,LONG,2024-08-22 02:00:00+00:00,2024-08-22 03:00:00+00:00,60186.49,60216.583244999994,2024-08-23 14:00:00+00:00,61420.9149099,61390.204452445054,0.0002078122393273271,12.513743008783853,0.12513743008783854,59614.41741254999,61420.9149099,TP,0.25652860480775314,0.012513743008783853,0.012757635860025053,0.006253744632075138,0.006382008934478695,0.012635753566553833,0.2186214723723904,1.7470510000000161,1 days 11:00:00
1h,DEVELOPMENT,182,CLOSED,BTCUSDT,LONG,2024-08-24 00:00:00+00:00,2024-08-24 01:00:00+00:00,63961.79,63993.770894999994,2024-08-26 09:00:00+00:00,63353.83318605,63322.15626945697,0.00019895914711726636,12.732146078086942,0.12732146078086942,63353.83318605,65273.6463129,SL,-0.12095856918762343,0.012732146078086941,0.012598522204997421,0.00636289159324552,0.006302412308652765,0.012665303901898285,-0.1589545413726061,-1.2484504999999944,2 days 08:00:00
1h,VALIDATION,1,CLOSED,BTCUSDT,LONG,2024-09-03 00:00:00+00:00,2024-09-03 01:00:00+00:00,59258.0,59287.62899999999,2024-09-03 13:00:00+00:00,58694.75270999999,58665.405333644994,0.00033700150127474293,19.980019980019982,0.19980019980019983,58694.75270999999,60473.381579999994,SL,-0.18981518231893274,0.019980019980019983,0.019770329670329673,0.009985017481267181,0.009890109890109603,0.019875127371376783,-0.2494406593406592,-1.248450499999999,0 days 12:00:00
1h,VALIDATION,2,CLOSED,BTCUSDT,LONG,2024-09-09 04:00:00+00:00,2024-09-09 05:00:00+00:00,54849.65,54877.074824999996,2024-09-09 16:00:00+00:00,55974.6163215,55946.629013339254,0.00035954592286611004,19.7308285121472,0.197308285121472,54328.30407675,55974.6163215,TP,0.40447705425700925,0.0197308285121472,0.02011538235984895,0.009860484014064624,0.010062722541192861,0.019923206555257485,0.34470763682975564,1.7470510000000146,0 days 11:00:00
1h,VALIDATION,3,CLOSED,BTCUSDT,LONG,2024-09-10 00:00:00+00:00,2024-09-10 01:00:00+00:00,56982.01,57010.501005,2024-09-10 04:00:00+00:00,56440.39599495,56412.17579695253,0.00035213147458470405,20.075191785703403,0.20075191785703403,56440.39599495,58150.7110251,SL,-0.19071933825398507,0.020075191785703404,0.019864502647912445,0.010032579603048845,0.009937219933921661,0.019969799536970506,-0.25062883222457144,-1.248450499999992,0 days 03:00:00
1h,VALIDATION,4,CLOSED,BTCUSDT,LONG,2024-09-10 04:00:00+00:00,2024-09-10 05:00:00+00:00,56610.0,56638.305,2024-09-10 18:00:00+00:00,57771.0711,57742.18556445,0.00035002483446375384,19.824813331932603,0.19824813331932603,56071.921949999996,57771.0711,TP,0.4064037195781489,0.019824813331932603,0.02021119894377197,0.009907452939496655,0.010110654799284986,0.02001810773878164,0.34634959956366274,1.7470510000000044,0 days 13:00:00
1h,VALIDATION,5,CLOSED,BTCUSDT,LONG,2024-09-11 00:00:00+00:00,2024-09-11 01:00:00+00:00,57640.51,57669.330255,2024-09-11 01:00:00+00:00,57092.63695245,57064.09063397378,0.00034976679699087477,20.170816927900297,0.20170816927900298,57092.63695245,58822.7168601,SL,-0.19162780099919452,0.0201708169279003,0.019959124204241986,0.010080368279809798,0.009984554379308657,0.020064922659118453,-0.2518226647904553,-1.2484504999999968,0 days 00:00:00
1h,VALIDATION,6,CLOSED,BTCUSDT,LONG,2024-09-11 01:00:00+00:00,2024-09-11 02:00:00+00:00,56717.99,56746.34899499999,2024-09-11 05:00:00+00:00,56178.88550504999,56150.79606229747,0.0003510225095883905,19.91924583420354,0.19919245834203542,56178.88550504999,57881.275974899996,SL,-0.18923781274773308,0.01991924583420354,0.019710193349173576,0.009954645594302881,0.009860026687928989,0.01981467228223187,-0.24868192421334206,-1.248450499999994,0 days 03:00:00
1h,VALIDATION,7,CLOSED,BTCUSDT,LONG,2024-09-11 05:00:00+00:00,2024-09-11 06:00:00+00:00,56244.0,56272.121999999996,2024-09-11 14:00:00+00:00,55709.400779999996,55681.54607961,0.00034956585329198934,19.670812343480925,0.19670812343480926,55709.400779999996,57397.564439999995,SL,-0.18687763250853323,0.019670812343480927,0.019464367167936092,0.00983049092627584,0.009737052110021252,0.01956754303629709,-0.24558035505624734,-1.24845049999999,0 days 08:00:00
1h,VALIDATION,8,CLOSED,BTCUSDT,LONG,2024-09-12 00:00:00+00:00,2024-09-12 01:00:00+00:00,57626.01,57654.823005,2024-09-13 15:00:00+00:00,58807.9194651,58778.51550536745,0.000336927186850614,19.425477323444714,0.19425477323444715,57078.27477495,58807.9194651,TP,0.3982174311882562,0.019425477323444715,0.019804079876478652,0.009707884719361442,0.009906993434955576,0.01961487815431702,0.3393729958340158,1.7470510000000088,1 days 14:00:00
1h,VALIDATION,9,CLOSED,BTCUSDT,LONG,2024-09-14 00:00:00+00:00,2024-09-14 01:00:00+00:00,60414.39,60444.597194999995,2024-09-14 10:00:00+00:00,59840.151223049994,59810.23114743847,0.0003269855736080873,19.764511285316857,0.19764511285316858,59840.151223049994,61653.4891389,SL,-0.18776779586900408,0.01976451128531686,0.01955708273937746,0.009877316984164846,0.009783433086231592,0.019660750070396436,-0.24675013996409484,-1.2484505000000006,0 days 09:00:00
1h,VALIDATION,10,CLOSED,BTCUSDT,LONG,2024-09-15 00:00:00+00:00,2024-09-15 01:00:00+00:00,60025.95,60055.962974999995,2024-09-15 22:00:00+00:00,59455.40334524999,59425.67564357737,0.0003249969975023799,19.51800764898909,0.1951800764898909,59455.40334524999,61257.0822345,SL,-0.18542594972877813,0.019518007648989092,0.019313166158712952,0.009754126761113282,0.009661413786248647,0.01941554054736193,-0.2436726640838421,-1.2484504999999977,0 days 21:00:00
1h,VALIDATION,11,CLOSED,BTCUSDT,LONG,2024-09-16 00:00:00+00:00,2024-09-16 01:00:00+00:00,58666.36,58695.693179999995,2024-09-16 13:00:00+00:00,58108.736248199995,58079.6818800759,0.0003283814769003824,19.2745784141401,0.19274578414140103,58108.736248199995,59869.60704359999,SL,-0.183113311170818,0.0192745784141401,0.0190722917136837,0.009632472970582845,0.00954091631499806,0.019173389285580905,-0.2406335705842227,-1.2484504999999921,0 days 12:00:00
1h,VALIDATION,12,CLOSED,BTCUSDT,LONG,2024-09-18 00:00:00+00:00,2024-09-18 01:00:00+00:00,60240.01,60270.130005,2024-09-18 09:00:00+00:00,59667.42870495,59637.59499059753,0.0003158145707526135,19.034185236733286,0.19034185236733286,59667.42870495,61475.5326051,SL,-0.18082951591719254,0.019034185236733288,0.01883442146267377,0.009512336450140636,0.009421921692181253,0.01893425814232189,-0.23763238075892149,-1.2484504999999926,0 days 08:00:00
1h,VALIDATION,13,CLOSED,BTCUSDT,LONG,2024-09-19 00:00:00+00:00,2024-09-19 01:00:00+00:00,62226.0,62257.113,2024-09-19 01:00:00+00:00,61634.541869999994,61603.724599065,0.0003019219707627647,18.796790250960136,0.18796790250960135,61634.541869999994,63502.25526,SL,-0.1785742042332614,0.018796790250960135,0.01859951793727631,0.009393698276341159,0.009304411174224207,0.018698109450565367,-0.23466862187206322,-1.2484505000000008,0 days 00:00:00
1h,VALIDATION,14,CLOSED,BTCUSDT,LONG,2024-09-19 01:00:00+00:00,2024-09-19 02:00:00+00:00,62006.0,62037.003,2024-09-19 13:00:00+00:00,63277.74306,63246.10418847,0.0002992142619022999,18.56235606327576,0.18562356063275762,61416.63297,63277.74306,TP,0.3805236610272725,0.01856235606327576,0.01892413638294901,0.009276539761756098,0.009466801592270084,0.01874334135402618,0.32429382722702155,1.7470510000000092,0 days 11:00:00
1h,VALIDATION,15,CLOSED,BTCUSDT,LONG,2024-09-20 00:00:00+00:00,2024-09-20 01:00:00+00:00,62756.39,62787.768195,2024-09-20 04:00:00+00:00,64043.5235589,64011.50179712055,0.00030079626117606454,18.88632592064542,0.1888632592064542,62159.89051305,64043.5235589,TP,0.38716496215136215,0.01888632592064542,0.0192544204128388,0.009438443738452732,0.009632026219528515,0.01907046995798125,0.3299537458598966,1.7470510000000086,0 days 03:00:00
1h,VALIDATION,16,CLOSED,BTCUSDT,LONG,2024-09-20 04:00:00+00:00,2024-09-20 05:00:00+00:00,63843.81,63875.73190499999,2024-09-20 08:00:00+00:00,63236.974585949996,63205.35609865702,0.0003008333442028147,19.215950042383575,0.19215950042383576,63236.974585949996,65153.246543099995,SL,-0.18255632698936167,0.019215950042383575,0.019014278646688764,0.00960317343447323,0.009511895270979403,0.019115068705452633,-0.23990162438388662,-1.248450499999993,0 days 03:00:00
1h,VALIDATION,17,CLOSED,BTCUSDT,LONG,2024-09-21 00:00:00+00:00,2024-09-21 01:00:00+00:00,63174.01,63205.597004999996,2024-09-22 10:00:00+00:00,62573.541034949994,62542.25426443252,0.0003002311342532048,18.97628807996211,0.18976288079962111,62573.541034949994,64469.7089451,SL,-0.18027947846081177,0.01897628807996211,0.01877713193656291,0.009483402338809835,0.009393262599580399,0.018876664938390235,-0.23690956341572703,-1.2484504999999981,1 days 09:00:00
1h,VALIDATION,18,CLOSED,BTCUSDT,LONG,2024-09-23 00:00:00+00:00,2024-09-23 01:00:00+00:00,63577.87,63609.658935,2024-09-24 00:00:00+00:00,62973.562345649996,62942.07556447718,0.0002946032961532796,18.73961518943691,0.18739615189436912,62973.562345649996,64881.8521137,SL,-0.17803102686216868,0.018739615189436912,0.018542942928023772,0.009365125032201427,0.009276109518769254,0.018641234550970682,-0.23395481953060004,-1.2484504999999946,0 days 23:00:00
1h,VALIDATION,19,CLOSED,BTCUSDT,LONG,2024-09-24 00:00:00+00:00,2024-09-24 01:00:00+00:00,62906.01,62937.463005,2024-09-24 19:00:00+00:00,64196.212265099995,64164.11415896745,0.0002940362259205549,18.505894091004745,0.18505894091004746,62308.08837495,64196.212265099995,TP,0.37936620470415333,0.018505894091004744,0.01886657396683843,0.009248322884059095,0.009438005986410586,0.01868632887046968,0.3233074077758405,1.7470510000000063,0 days 18:00:00
1h,VALIDATION,20,CLOSED,BTCUSDT,LONG,2024-09-25 00:00:00+00:00,2024-09-25 01:00:00+00:00,64126.94,64159.003469999996,2024-09-25 10:00:00+00:00,63517.4134353,63485.65472858235,0.0002934721160867376,18.82887851435724,0.1882887851435724,63517.4134353,65442.18353939999,SL,-0.17887905075359026,0.01882887851435724,0.01863126943434906,0.009409734389981775,0.00932029486460685,0.018730029254588623,-0.2350692279568852,-1.2484504999999984,0 days 09:00:00
1h,VALIDATION,21,CLOSED,BTCUSDT,LONG,2024-09-27 00:00:00+00:00,2024-09-27 01:00:00+00:00,65241.99,65274.610994999995,2024-09-30 02:00:00+00:00,64621.864885049996,64589.55395260747,0.00028485875039865367,18.594044120793917,0.18594044120793918,64621.864885049996,66580.1032149,SL,-0.17664806533547908,0.018594044120793917,0.018398899627746185,0.009292375872460016,0.009204051839792723,0.01849642771225274,-0.2321374367962719,-1.2484504999999981,3 days 01:00:00
1h,VALIDATION,22,CLOSED,BTCUSDT,LONG,2024-10-05 00:00:00+00:00,2024-10-05 01:00:00+00:00,62170.0,62201.085,2024-10-07 00:00:00+00:00,63445.1067,63413.38414665,0.0002952060818477509,18.36213858952891,0.18362138589528912,61579.07415,63445.1067,TP,0.3764192528448146,0.018362138589528912,0.01872001667063883,0.009176481054237079,0.009364690680658268,0.018541171734895348,0.32079592584975153,1.7470510000000044,1 days 23:00:00
1h,VALIDATION,23,CLOSED,BTCUSDT,LONG,2024-10-07 00:00:00+00:00,2024-10-07 01:00:00+00:00,63677.98,63709.81899,2024-10-07 10:00:00+00:00,63072.720800099996,63041.18443969995,0.00029324544216427175,18.682614039928268,0.1868261403992827,63072.720800099996,64984.0153698,SL,-0.17748950169867087,0.01868261403992827,0.01848654000557922,0.009336638700612817,0.00924789394976301,0.018584532650375827,-0.2332431883945542,-1.2484504999999975,0 days 09:00:00
1h,VALIDATION,24,CLOSED,BTCUSDT,LONG,2024-10-08 00:00:00+00:00,2024-10-08 01:00:00+00:00,62552.98,62584.25649,2024-10-08 15:00:00+00:00,61958.4139251,61927.434718137454,0.0002947962458363613,18.449603861711932,0.18449603861711933,61958.4139251,63835.9416198,SL,-0.1752758467821813,0.018449603861711933,0.018255975269183263,0.009220191834937481,0.009132553911546616,0.018352745746484097,-0.2303341716595606,-1.2484504999999928,0 days 14:00:00
1h,VALIDATION,25,CLOSED,BTCUSDT,LONG,2024-10-12 00:00:00+00:00,2024-10-12 01:00:00+00:00,62840.01,62871.430005,2024-10-13 14:00:00+00:00,62242.71570495,62211.59434709753,0.00028978981061304017,18.21949979411996,0.18219499794119962,62242.71570495,64128.8586051,SL,-0.17308980064278887,0.01821949979411996,0.018028286143780676,0.00910519729841076,0.00901865239808775,0.01812384969649851,-0.227461436277188,-1.248450499999991,1 days 13:00:00
1h,VALIDATION,26,CLOSED,BTCUSDT,LONG,2024-10-14 00:00:00+00:00,2024-10-14 01:00:00+00:00,62520.19,62551.450095,2024-10-14 03:00:00+00:00,63802.4790969,63770.577857351556,0.0002876394642285527,17.992265592044852,0.1799226559204485,61925.93559405,63802.4790969,TP,0.3688369488184307,0.01799226559204485,0.018342934848433808,0.008991636977533031,0.009176055451941731,0.01816769242947476,0.31433405594847724,1.7470510000000097,0 days 02:00:00
1h,VALIDATION,27,CLOSED,BTCUSDT,LONG,2024-10-14 03:00:00+00:00,2024-10-14 04:00:00+00:00,64300.0,64332.149999999994,2024-10-14 14:00:00+00:00,65618.79299999999,65585.98360349999,0.0002845588967251587,18.30628562795742,0.1830628562795742,63688.828499999996,65618.79299999999,TP,0.3752742810888596,0.018306285627957417,0.018663075134846305,0.009148568529712197,0.009336205670258491,0.01848477419997069,0.3198201461260851,1.747050999999993,0 days 10:00:00
1h,VALIDATION,28,CLOSED,BTCUSDT,LONG,2024-10-15 00:00:00+00:00,2024-10-15 01:00:00+00:00,65930.0,65962.965,2024-10-15 05:00:00+00:00,65303.335349999994,65270.683682325,0.0002823673295073686,18.62578627343802,0.18625786273438022,65303.335349999994,67282.2243,SL,-0.17694962371717154,0.01862578627343802,0.018430308646498292,0.009308239017209419,0.00921976420535073,0.01852800322256015,-0.23253372185966803,-1.2484504999999984,0 days 04:00:00
1h,VALIDATION,29,CLOSED,BTCUSDT,LONG,2024-10-15 05:00:00+00:00,2024-10-15 06:00:00+00:00,65363.25,65395.931625,2024-10-15 13:00:00+00:00,66703.8502575,66670.49833237125,0.00028126344247945864,18.393484852998796,0.18393484852998795,64741.972308749995,66703.8502575,TP,0.3770618434132993,0.018393484852998795,0.018751973872783743,0.009192146353322017,0.009380677275029593,0.01857282362835161,0.32134356105916506,1.747051000000006,0 days 07:00:00
1h,VALIDATION,30,CLOSED,BTCUSDT,LONG,2024-10-16 00:00:00+00:00,2024-10-16 01:00:00+00:00,66874.04,66907.47701999999,2024-10-16 11:00:00+00:00,68245.6265604,68211.5037471198,0.00027970726479381814,18.71450739151944,0.18714507391519442,66238.4022498,68245.6265604,TP,0.3836427252374448,0.01871450739151944,0.019079253140580156,0.009352577407055515,0.009544398769672571,0.018896976176728086,0.3269519885286171,1.747051000000015,0 days 10:00:00
1h,VALIDATION,31,CLOSED,BTCUSDT,LONG,2024-10-17 00:00:00+00:00,2024-10-17 01:00:00+00:00,67709.99,67743.844995,2024-10-17 10:00:00+00:00,67066.40654505,67032.87334177748,0.00028107546532220404,19.04113275468489,0.19041132754684892,67066.40654505,69098.72189490001,SL,-0.18089551907374288,0.019041132754684893,0.018841296066424474,0.009515808473106315,0.009425360713569671,0.018941169186675988,-0.23771911708152824,-1.2484505000000048,0 days 09:00:00
1h,VALIDATION,32,CLOSED,BTCUSDT,LONG,2024-10-18 00:00:00+00:00,2024-10-18 01:00:00+00:00,67214.41,67248.017205,2024-10-18 14:00:00+00:00,68592.9775491,68558.68106032546,0.0002796164392760822,18.80365111923881,0.18803651119238812,66575.53703295,68592.9775491,TP,0.3854701493808977,0.01880365111923881,0.019170134279552782,0.009397126996119382,0.009589862070811087,0.01898698906693047,0.3285093749151756,1.7470510000000148,0 days 13:00:00
1h,VALIDATION,33,CLOSED,BTCUSDT,LONG,2024-10-19 00:00:00+00:00,2024-10-19 01:00:00+00:00,68334.21,68368.377105,2024-10-21 13:00:00+00:00,67684.69333395001,67650.85098728303,0.0002798345247186084,19.131832312960267,0.19131832312960267,67684.69333395001,69735.74464710001,SL,-0.18175718754091583,0.019131832312960267,0.018931043732835752,0.009561135588685914,0.009470256994916,0.019031392583601914,-0.23885145617031373,-1.2484504999999984,2 days 12:00:00
1h,VALIDATION,34,CLOSED,BTCUSDT,LONG,2024-10-25 00:00:00+00:00,2024-10-25 01:00:00+00:00,67989.26,68023.25463,2024-10-25 07:00:00+00:00,67343.0220837,67309.35057265815,0.0002777464790886511,18.893219469633284,0.18893219469633285,67343.0220837,69383.7197226,SL,-0.17949030590591156,0.018893219469633283,0.018694935131299485,0.009441888790421724,0.009352143637466948,0.01879403242788867,-0.23587249293473303,-1.2484504999999944,0 days 06:00:00
1h,VALIDATION,35,CLOSED,BTCUSDT,LONG,2024-10-25 07:00:00+00:00,2024-10-25 08:00:00+00:00,67531.96,67565.72598,2024-10-25 17:00:00+00:00,66890.0687202,66856.6236858399,0.000276139749006433,18.65758261355463,0.18657582613554632,66890.0687202,68917.0404996,SL,-0.1772516968933926,0.01865758261355463,0.018461771284025374,0.009324129242155267,0.00923550339370708,0.01855963263586235,-0.23293068342683496,-1.248450499999995,0 days 09:00:00
1h,VALIDATION,36,CLOSED,BTCUSDT,LONG,2024-10-28 00:00:00+00:00,2024-10-28 01:00:00+00:00,67859.9,67893.82994999998,2024-10-28 13:00:00+00:00,69251.70654899998,69217.08069572548,0.00027137789459929037,18.42488462811324,0.18424884628113242,67214.89165049998,69251.70654899998,TP,0.37770553095712034,0.01842488462811324,0.018783985629515165,0.009207838394856652,0.009396691160337154,0.018604529555193806,0.3218921311442981,1.7470509999999968,0 days 12:00:00
1h,VALIDATION,37,CLOSED,BTCUSDT,LONG,2024-10-29 00:00:00+00:00,2024-10-29 01:00:00+00:00,69960.89,69995.870445,2024-10-29 02:00:00+00:00,71395.7878539,71360.08995997305,0.00026782230250893416,18.746455188696952,0.18746455188696953,69295.91174054999,71395.7878539,TP,0.38429764709662473,0.018746455188696953,0.019111823600324655,0.009368543322685467,0.009560692146234525,0.018929235468919992,0.32751013283868313,1.747051000000006,0 days 01:00:00
1h,VALIDATION,38,CLOSED,BTCUSDT,LONG,2024-10-29 02:00:00+00:00,2024-10-29 03:00:00+00:00,71190.05,71225.645025,2024-10-29 16:00:00+00:00,72650.15792550001,72613.83284653726,0.00026779172209519405,19.073638138585743,0.19073638138585744,70513.38857475,72650.15792550001,TP,0.39100481581448837,0.019073638138585744,0.01944538334590678,0.009532053042772114,0.009727555450678488,0.019259608493450604,0.33322618583654523,1.7470510000000083,0 days 13:00:00
1h,VALIDATION,39,CLOSED,BTCUSDT,LONG,2024-10-30 00:00:00+00:00,2024-10-30 01:00:00+00:00,72289.99,72326.134995,2024-10-30 13:00:00+00:00,71602.87364505,71567.07220822747,0.00026831976342260437,19.406531431129746,0.19406531431129748,71602.87364505,73772.6576949,SL,-0.18436689780398763,0.019406531431129748,0.019202859883760037,0.009698416507309904,0.00960623305840969,0.019304649565719596,-0.24228093868459702,-1.2484505000000028,0 days 12:00:00
1h,VALIDATION,40,CLOSED,BTCUSDT,LONG,2024-10-31 00:00:00+00:00,2024-10-31 01:00:00+00:00,72165.99,72202.072995,2024-10-31 13:00:00+00:00,71480.05226504999,71444.31223891747,0.0002654285637016555,19.164492531344937,0.19164492531344937,71480.05226504999,73646.1144549,SL,-0.182067467776549,0.01916449253134494,0.018963361182228473,0.009577457536901297,0.00948642380301542,0.019063881339916718,-0.23925920283003912,-1.2484505000000032,0 days 12:00:00
1h,VALIDATION,41,CLOSED,BTCUSDT,LONG,2024-11-06 00:00:00+00:00,2024-11-06 01:00:00+00:00,71096.03,71131.57801499999,2024-11-06 02:00:00+00:00,72554.20957529999,72517.93247051234,0.00026606287779397505,18.925472348697546,0.18925472348697547,70420.26223484999,72554.20957529999,TP,0.3879674541447116,0.018925472348697545,0.01929432980477366,0.009458007170761538,0.0096519908978344,0.019109998068595938,0.33063765392264444,1.7470510000000024,0 days 01:00:00
1h,VALIDATION,42,CLOSED,BTCUSDT,LONG,2024-11-06 02:00:00+00:00,2024-11-06 03:00:00+00:00,73077.05,73113.588525,2024-11-06 03:00:00+00:00,74575.8602955,74538.57236535224,0.0002633680015403623,19.255779695273613,0.19255779695273614,72382.45263975,74575.8602955,TP,0.3947386722139528,0.019255779695273614,0.019631074841534497,0.009623078308481591,0.00982044764458993,0.01944352595307152,0.3364082917240732,1.7470509999999926,0 days 00:00:00
1h,VALIDATION,43,CLOSED,BTCUSDT,LONG,2024-11-06 03:00:00+00:00,2024-11-06 04:00:00+00:00,74348.53,74385.704265,2024-11-06 05:00:00+00:00,73641.84722235,73605.02629873883,0.000263381950985931,19.591851914778186,0.19591851914778186,73641.84722235,75873.4183503,SL,-0.18612748870561371,0.019591851914778188,0.01938623542893259,0.00979103044216648,0.009697966697814538,0.019488997139981017,-0.24459457318930553,-1.2484504999999881,0 days 01:00:00
1h,VALIDATION,44,CLOSED,BTCUSDT,LONG,2024-11-06 05:00:00+00:00,2024-11-06 06:00:00+00:00,74768.38,74805.76419,2024-11-06 07:00:00+00:00,74057.7065481,74020.67769482595,0.00025863650884804695,19.34750169181185,0.1934750169181185,74057.7065481,76301.8794738,SL,-0.1838061005304069,0.01934750169181185,0.019144449661556283,0.0096689163877113,0.00957701333744748,0.019245929725158782,-0.24154398160893384,-1.2484505000000017,0 days 01:00:00
1h,VALIDATION,45,CLOSED,BTCUSDT,LONG,2024-11-06 07:00:00+00:00,2024-11-06 08:00:00+00:00,73370.89,73407.575445,2024-11-06 08:00:00+00:00,72673.49969055,72637.16294070473,0.00026027557642462946,19.10619901288185,0.1910619901288185,72673.49969055,74875.7269539,SL,-0.18151366478504902,0.01910619901288185,0.018905679454241656,0.009548325343767875,0.009457568511375657,0.019005893855143532,-0.23853143710731606,-1.248450499999987,0 days 00:00:00
1h,VALIDATION,46,CLOSED,BTCUSDT,LONG,2024-11-07 00:00:00+00:00,2024-11-07 01:00:00+00:00,75349.07,75386.744535,2024-11-07 04:00:00+00:00,74632.87708965,74595.56065110519,0.00025028147833282077,18.8679058689185,0.188679058689185,74632.87708965,76894.4794257,SL,-0.1792498203738835,0.0188679058689185,0.0186698871968242,0.009429238315301168,0.009339613405112924,0.018768851720414093,-0.2355564651600403,-1.2484504999999892,0 days 03:00:00
1h,VALIDATION,47,CLOSED,BTCUSDT,LONG,2024-11-07 04:00:00+00:00,2024-11-07 05:00:00+00:00,74707.34,74744.69367,2024-11-07 17:00:00+00:00,76239.58754339999,76201.4677496283,0.00024928304351832495,18.632584724902475,0.18632584724902476,73997.2467333,76239.58754339999,TP,0.38196333104222707,0.018632584724902475,0.018995733801190826,0.009311636544178346,0.00950261820969861,0.018814254753876956,0.32552075776225675,1.7470510000000044,0 days 12:00:00
1h,VALIDATION,48,CLOSED,BTCUSDT,LONG,2024-11-08 00:00:00+00:00,2024-11-08 01:00:00+00:00,76005.24,76043.24262,2024-11-10 04:00:00+00:00,77564.1074724,77525.32541866381,0.0002493026287929032,18.957780287102537,0.18957780287102538,75282.8101938,77564.1074724,TP,0.38862975880906875,0.018957780287102537,0.019327267424898164,0.009474153067017583,0.009668467946421937,0.01914262101343952,0.3312020900836285,1.747051000000004,2 days 03:00:00
1h,VALIDATION,49,CLOSED,BTCUSDT,LONG,2024-11-10 04:00:00+00:00,2024-11-10 05:00:00+00:00,79122.02,79161.58101,2024-11-10 18:00:00+00:00,80744.8126302,80704.4402238849,0.00024366177708768453,19.288651505967298,0.192886515059673,78369.96519989999,80744.8126302,TP,0.39541253611932914,0.0192886515059673,0.019664587323818605,0.009639505999981307,0.009837212268043842,0.019476718268025148,0.33698257902151807,1.7470510000000068,0 days 13:00:00
1h,VALIDATION,50,CLOSED,BTCUSDT,LONG,2024-11-11 00:00:00+00:00,2024-11-11 01:00:00+00:00,80579.99,80620.279995,2024-11-11 10:00:00+00:00,82232.6855949,82191.56925210256,0.0002434287928579865,19.62529743905573,0.19625297439055728,79814.07719505,82232.6855949,TP,0.40231369362821806,0.01962529743905573,0.020007794486142927,0.009807744847104113,0.010008901693915707,0.01981664654101982,0.3428639551619996,1.7470510000000108,0 days 09:00:00
1h,VALIDATION,51,CLOSED,BTCUSDT,LONG,2024-11-12 00:00:00+00:00,2024-11-12 01:00:00+00:00,88978.56,89023.04927999999,2024-11-12 02:00:00+00:00,88132.8187872,88088.7523778064,0.00022429942620792693,19.967818872784,0.19967818872784002,88132.8187872,90803.5102656,SL,-0.18969926875143614,0.019967818872784,0.019758256613714137,0.009978919976402526,0.009884070342026296,0.019862990318428822,-0.24928833455636312,-1.2484504999999844,0 days 01:00:00
1h,VALIDATION,52,CLOSED,BTCUSDT,LONG,2024-11-12 02:00:00+00:00,2024-11-12 03:00:00+00:00,87694.53,87738.37726499999,2024-11-12 06:00:00+00:00,89493.14481029999,89448.39823789484,0.0002247452049171758,19.718779577522902,0.19718779577522902,86860.99349234998,89493.14481029999,TP,0.40423005410793783,0.019718779577522903,0.020103098591488823,0.009854462557480332,0.010056577584535226,0.019911040142015557,0.34449713579691055,1.7470510000000046,0 days 03:00:00
1h,VALIDATION,53,CLOSED,BTCUSDT,LONG,2024-11-12 06:00:00+00:00,2024-11-12 07:00:00+00:00,89545.46,89590.23273,2024-11-12 09:00:00+00:00,88694.3304027,88649.98323749866,0.00022394106979051044,20.062932560337003,0.20062932560337005,88694.3304027,91382.0373846,SL,-0.1906028725497303,0.020062932560337005,0.019852372083116267,0.010026453053640999,0.00993115161736447,0.01995760467100547,-0.250475781864189,-1.2484504999999944,0 days 02:00:00
1h,VALIDATION,54,CLOSED,BTCUSDT,LONG,2024-11-13 00:00:00+00:00,2024-11-13 01:00:00+00:00,88040.0,88084.01999999999,2024-11-13 02:00:00+00:00,87203.17979999998,87159.5782101,0.00022492964108619394,19.812707004029125,0.19812707004029126,87203.17979999998,89845.70039999999,SL,-0.18822566723968073,0.019812707004029127,0.019604772644021842,0.0099014028006119,0.00980728996699225,0.01970869276760415,-0.24735183965533586,-1.2484504999999961,0 days 01:00:00
1h,VALIDATION,55,CLOSED,BTCUSDT,LONG,2024-11-13 02:00:00+00:00,2024-11-13 03:00:00+00:00,87868.01,87911.94400499998,2024-11-13 04:00:00+00:00,87032.82456494999,86989.30815266752,0.00022255909012768417,19.565602269108716,0.19565602269108717,87032.82456494999,89670.18288509999,SL,-0.18587811051262365,0.019565602269108716,0.019360261273294422,0.009777912178462512,0.009684973123206467,0.01946288530166898,-0.2442668593566958,-1.248450499999983,0 days 01:00:00
1h,VALIDATION,56,CLOSED,BTCUSDT,LONG,2024-11-13 04:00:00+00:00,2024-11-13 05:00:00+00:00,87172.0,87215.586,2024-11-13 06:00:00+00:00,86343.43014,86300.25842493,0.00022153814838311747,19.321579432588543,0.19321579432588543,86343.43014,88959.89772,SL,-0.18355983259045958,0.019321579432588543,0.019118799456443528,0.009655961735425603,0.009564181819131053,0.019220143554556656,-0.24122035503404832,-1.2484504999999975,0 days 01:00:00
1h,VALIDATION,57,CLOSED,BTCUSDT,LONG,2024-11-13 06:00:00+00:00,2024-11-13 07:00:00+00:00,86500.0,86543.25,2024-11-13 13:00:00+00:00,88274.115,88229.97794250002,0.00022047473438922336,19.080600056930155,0.19080600056930155,85677.8175,88274.115,TP,0.39114753340093816,0.019080600056930155,0.01945248095203973,0.009535532262333911,0.00973110602903199,0.0192666382913659,0.3333478141006024,1.7470510000000186,0 days 06:00:00
1h,VALIDATION,58,CLOSED,BTCUSDT,LONG,2024-11-14 00:00:00+00:00,2024-11-14 01:00:00+00:00,90104.93,90149.982465,2024-11-14 07:00:00+00:00,89248.48264034999,89203.85839902982,0.00021534796042549023,19.413614856231458,0.1941361485623146,89248.48264034999,91952.9821143,SL,-0.18443419211242443,0.01941361485623146,0.019209868968315308,0.009701956449890928,0.009609739353833269,0.019311695803724195,-0.2423693717406954,-1.2484504999999972,0 days 06:00:00
1h,VALIDATION,59,CLOSED,BTCUSDT,LONG,2024-11-14 07:00:00+00:00,2024-11-14 08:00:00+00:00,90769.42,90814.80471,2024-11-14 14:00:00+00:00,89906.6566629,89861.70333456855,0.00021110531122051963,19.171487611735262,0.19171487611735263,89906.6566629,92631.1008042,SL,-0.18213392278814905,0.019171487611735264,0.018970282849250102,0.009580953329202703,0.009489886367809421,0.019070839697012124,-0.23934653294614652,-1.2484504999999977,0 days 06:00:00
1h,VALIDATION,60,CLOSED,BTCUSDT,LONG,2024-11-15 00:00:00+00:00,2024-11-15 01:00:00+00:00,87870.26,87914.19513,2024-11-15 11:00:00+00:00,89672.4790326,89627.6427930837,0.00021535066274813814,18.932380186214637,0.18932380186214637,87035.05317869999,89672.4790326,TP,0.388109063087718,0.018932380186214636,0.01930137227604396,0.00946145936342518,0.009655513894969147,0.01911697325839433,0.33075833736706506,1.7470510000000021,0 days 10:00:00
1h,VALIDATION,61,CLOSED,BTCUSDT,LONG,2024-11-16 00:00:00+00:00,2024-11-16 01:00:00+00:00,91000.0,91045.5,2024-11-16 15:00:00+00:00,90135.045,90089.9774775,0.00021157342313098666,19.262808095672245,0.19262808095672246,90135.045,92866.41,SL,-0.18300149020426293,0.019262808095672244,0.019060644924708166,0.009626590752459892,0.00953509000735805,0.01916168075981794,-0.24048662398446127,-1.2484505000000032,0 days 14:00:00
1h,VALIDATION,62,CLOSED,BTCUSDT,LONG,2024-11-17 00:00:00+00:00,2024-11-17 01:00:00+00:00,90808.0,90853.404,2024-11-17 02:00:00+00:00,89944.86996,89899.89752502,0.0002093764336894344,19.022561718065393,0.19022561718065395,89944.86996,92670.47207999999,SL,-0.18071908958541963,0.019022561718065392,0.0188229199328343,0.009506527595234031,0.009416168050441204,0.018922695645675235,-0.23748726688199456,-1.2484504999999924,0 days 01:00:00
1h,VALIDATION,63,CLOSED,BTCUSDT,LONG,2024-11-17 02:00:00+00:00,2024-11-17 03:00:00+00:00,90024.02,90069.03201,2024-11-17 21:00:00+00:00,89168.3416899,89123.75751905506,0.00020856571101057918,18.785311701200264,0.18785311701200264,89168.3416899,91870.4126502,SL,-0.17846515514233813,0.018785311701200264,0.01858815985489617,0.00938796186966348,0.009298729292092946,0.018686691161756426,-0.234525317860191,-1.2484504999999884,0 days 18:00:00
1h,VALIDATION,64,CLOSED,BTCUSDT,LONG,2024-11-18 06:00:00+00:00,2024-11-18 07:00:00+00:00,92061.84,92107.87091999999,2024-11-18 11:00:00+00:00,91186.79221079999,91141.1988146946,0.00020140537924798348,18.551020674366907,0.18551020674366908,91186.79221079999,93950.02833839999,SL,-0.1762393318439366,0.018551020674366907,0.018356327712389427,0.009270874899731604,0.009182755233810834,0.01845363013354244,-0.23160031036423534,-1.2484504999999908,0 days 04:00:00
1h,VALIDATION,65,CLOSED,BTCUSDT,LONG,2024-11-19 00:00:00+00:00,2024-11-19 01:00:00+00:00,91042.95,91088.471475,2024-11-19 17:00:00+00:00,92910.2409045,92863.78578404775,0.00020111932318429647,18.319651732944095,0.18319651732944095,90177.58676025,92910.2409045,TP,0.3755482829012324,0.018319651732944097,0.01867670174521918,0.009155248242351149,0.009343022383800107,0.018498270626151257,0.32005365879691783,1.7470510000000037,0 days 16:00:00
1h,VALIDATION,66,CLOSED,BTCUSDT,LONG,2024-11-20 00:00:00+00:00,2024-11-20 01:00:00+00:00,92044.18,92090.20208999999,2024-11-20 13:00:00+00:00,93932.0061318,93885.0401287341,0.00020240356992158432,18.639385657816145,0.18639385657816146,91169.30006909999,93932.0061318,TP,0.38210274846757547,0.018639385657816147,0.019002667284286984,0.009315035311252157,0.009506086685486177,0.018821121996738334,0.32563957352873396,1.7470510000000021,0 days 12:00:00
1h,VALIDATION,67,CLOSED,BTCUSDT,LONG,2024-11-21 00:00:00+00:00,2024-11-21 01:00:00+00:00,94709.62,94756.97480999999,2024-11-21 04:00:00+00:00,96652.11430619999,96603.78824904689,0.0002001404113534892,18.964699917085614,0.18964699917085615,93809.40506189999,96652.11430619999,TP,0.3887716094946776,0.018964699917085614,0.019334321918469614,0.009477611152964286,0.009671996957713484,0.01914960811067777,0.3313229795484446,1.7470510000000063,0 days 03:00:00
1h,VALIDATION,68,CLOSED,BTCUSDT,LONG,2024-11-21 04:00:00+00:00,2024-11-21 05:00:00+00:00,97554.22,97602.99711,2024-11-21 14:00:00+00:00,96626.9671389,96578.65365533055,0.00019769569046020145,19.295691904646496,0.19295691904646498,96626.9671389,99555.0570522,SL,-0.18331389460636208,0.019295691904646497,0.019093183618107232,0.009643024440102297,0.009551367492800196,0.019194391932902493,-0.24089716206201833,-1.248450499999998,0 days 09:00:00
1h,VALIDATION,69,CLOSED,BTCUSDT,LONG,2024-11-22 00:00:00+00:00,2024-11-22 01:00:00+00:00,97987.56,98036.55377999999,2024-11-24 12:00:00+00:00,97056.18824219999,97007.6601480789,0.00019436663840561653,19.055035399090034,0.19055035399090034,97056.18824219999,99997.2848556,SL,-0.1810275976695174,0.019055035399090033,0.01885505280257659,0.009522756321382341,0.00943224252254858,0.01895499884393092,-0.23789268471511496,-1.2484504999999917,2 days 11:00:00
1h,VALIDATION,70,CLOSED,BTCUSDT,LONG,2024-11-28 00:00:00+00:00,2024-11-28 01:00:00+00:00,96552.0,96600.276,2024-11-28 02:00:00+00:00,95634.27324,95586.45610338,0.00019479634167302598,18.81738036940461,0.1881738036940461,95634.27324,98532.28152,SL,-0.1787698155034401,0.01881738036940461,0.01861989196242771,0.009403988190606618,0.009314603282854649,0.018718591473461266,-0.23492567930873368,-1.2484505,0 days 01:00:00
1h,VALIDATION,71,CLOSED,BTCUSDT,LONG,2024-11-28 02:00:00+00:00,2024-11-28 03:00:00+00:00,95699.79,95747.63989499999,2024-11-28 10:00:00+00:00,94790.16349604998,94742.76841430196,0.00019407986872013334,18.582689381084197,0.18582689381084197,94790.16349604998,97662.59269289998,SL,-0.17654019247097258,0.0185826893810842,0.01838766405602972,0.009286701339870631,0.009198431243636052,0.018485132583506682,-0.2319956784915932,-1.2484505000000035,0 days 07:00:00
1h,VALIDATION,72,CLOSED,BTCUSDT,LONG,2024-11-29 00:00:00+00:00,2024-11-29 01:00:00+00:00,95476.0,95523.738,2024-11-29 12:00:00+00:00,97434.21276,97385.49565362,0.0001921085360636451,18.350925466507185,0.18350925466507184,94568.50061999999,97434.21276,TP,0.37618938662474904,0.018350925466507184,0.01870858500384941,0.00917087729460582,0.009358971987916857,0.018529849282522676,0.3206000268718697,1.747051000000007,0 days 11:00:00
1h,VALIDATION,73,CLOSED,BTCUSDT,LONG,2024-11-30 00:00:00+00:00,2024-11-30 01:00:00+00:00,96968.06,97016.54402999999,2024-12-01 01:00:00+00:00,96046.37858969999,95998.35540040514,0.00019245382733751388,18.671205213631932,0.18671205213631933,96046.37858969999,98956.87491059999,SL,-0.17738111499807382,0.01867120521363193,0.018475250914914865,0.00933093713824537,0.009242246580747895,0.018573183718993264,-0.2331007548456139,-1.2484505,1 days 00:00:00
1h,VALIDATION,74,CLOSED,BTCUSDT,LONG,2024-12-01 01:00:00+00:00,2024-12-01 02:00:00+00:00,96106.62,96154.67330999998,2024-12-02 01:00:00+00:00,98077.76677619999,98028.72789281189,0.00019175705862187886,18.438337326673278,0.1843833732667328,95193.12657689999,98077.76677619999,TP,0.3779813079161101,0.018438337326673278,0.018797700521170142,0.009214561382643096,0.009403552036603499,0.018618113419246594,0.3221271566490201,1.747051000000007,0 days 23:00:00
1h,VALIDATION,75,CLOSED,BTCUSDT,LONG,2024-12-02 01:00:00+00:00,2024-12-02 02:00:00+00:00,97964.93,98013.91246499999,2024-12-02 03:00:00+00:00,97033.77334034999,96985.25645367982,0.00019140285502499562,18.760142677971004,0.18760142677971003,97033.77334034999,99974.19071429998,SL,-0.17822604313254914,0.018760142677971003,0.0185632549805657,0.009375383647160713,0.009286270625594981,0.018661654272755693,-0.23421109506384152,-1.2484504999999955,0 days 01:00:00
1h,VALIDATION,76,CLOSED,BTCUSDT,LONG,2024-12-02 03:00:00+00:00,2024-12-02 04:00:00+00:00,96483.75,96531.99187499999,2024-12-02 08:00:00+00:00,95566.67195625,95518.88862027187,0.00019191736542652907,18.52616556002511,0.1852616556002511,95566.67195625,98462.63171249999,SL,-0.17600320204701653,0.01852616556002511,0.018331733452472646,0.009258453553234484,0.00917045195221178,0.018428905505446264,-0.23129000656496057,-1.2484504999999961,0 days 04:00:00
1h,VALIDATION,77,CLOSED,BTCUSDT,LONG,2024-12-04 07:00:00+00:00,2024-12-04 08:00:00+00:00,96588.81,96637.10440499999,2024-12-04 13:00:00+00:00,95670.73336094999,95622.89799426952,0.00018931762002857754,18.295106612407764,0.18295106612407763,95670.73336094999,98569.84649309999,SL,-0.1738080843087827,0.018295106612407765,0.018103099468510547,0.009142981815294963,0.009056077773142034,0.018199059588436997,-0.228405349978138,-1.2484505000000012,0 days 05:00:00
1h,VALIDATION,78,CLOSED,BTCUSDT,LONG,2024-12-05 00:00:00+00:00,2024-12-05 01:00:00+00:00,98296.01,98345.15800499999,2024-12-05 02:00:00+00:00,100312.06116509999,100261.90513451745,0.0001837093946067369,18.066929439602433,0.18066929439602433,97361.70642495,100312.06116509999,TP,0.3703675390367272,0.018066929439602433,0.018419053894380286,0.009028950244678046,0.009214134014195506,0.018243084258873554,0.3156384714438709,1.7470510000000121,0 days 01:00:00
1h,VALIDATION,79,CLOSED,BTCUSDT,LONG,2024-12-05 02:00:00+00:00,2024-12-05 03:00:00+00:00,101248.19,101298.814095,2024-12-05 03:00:00+00:00,103324.7903769,103273.12798171156,0.00018146562476692744,18.38225258789801,0.1838225258789801,100285.82595405,103324.7903769,TP,0.37683158478539447,0.01838225258789801,0.018740522690836144,0.009186533027433825,0.009374948819826062,0.018561481847259885,0.32114732765940046,1.747051000000013,0 days 00:00:00
1h,VALIDATION,80,CLOSED,BTCUSDT,LONG,2024-12-05 03:00:00+00:00,2024-12-05 04:00:00+00:00,102964.0,103015.48199999999,2024-12-05 05:00:00+00:00,101985.32718,101934.33451641,0.00018155600232066336,18.703079089056253,0.18703079089056254,101985.32718,105075.79164,SL,-0.17768392477909145,0.018703079089056253,0.01850679027401661,0.009346866111470405,0.009258024149081051,0.018604890260551454,-0.23349868440271576,-1.2484504999999866,0 days 01:00:00
1h,VALIDATION,81,CLOSED,BTCUSDT,LONG,2024-12-05 05:00:00+00:00,2024-12-05 06:00:00+00:00,102450.01,102501.235005,2024-12-05 06:00:00+00:00,101476.22265494999,101425.48454362252,0.00018019113300607125,18.469813670072522,0.1846981367007252,101476.22265494999,104551.25970509999,SL,-0.1754678450115344,0.018469813670072523,0.01827597297560511,0.009230291689191707,0.009142557766685908,0.018372849455877617,-0.23058648111308963,-1.2484505000000048,0 days 00:00:00
1h,VALIDATION,82,CLOSED,BTCUSDT,LONG,2024-12-05 06:00:00+00:00,2024-12-05 07:00:00+00:00,101904.02,101954.97201,2024-12-05 15:00:00+00:00,100935.4222899,100884.95457875506,0.0001788971855467279,18.23945754508442,0.1823945754508442,100935.4222899,103994.0714502,SL,-0.17327940426389593,0.01823945754508442,0.01804803443814876,0.009115171186947591,0.009028531484815331,0.01814370267176292,-0.227710598918892,-1.2484504999999881,0 days 08:00:00
1h,VALIDATION,83,CLOSED,BTCUSDT,LONG,2024-12-06 00:00:00+00:00,2024-12-06 01:00:00+00:00,97551.99,97600.765995,2024-12-06 17:00:00+00:00,99552.7813149,99503.00492424256,0.00018454746994715258,18.011974429281334,0.18011974429281336,96624.75833504999,99552.7813149,TP,0.3692409750570306,0.018011974429281336,0.01836302781090803,0.009001486471402944,0.009186106958931647,0.01818759343033459,0.3146783793865066,1.7470510000000152,0 days 16:00:00
1h,VALIDATION,84,CLOSED,BTCUSDT,LONG,2024-12-07 00:00:00+00:00,2024-12-07 01:00:00+00:00,100272.01,100322.14600499999,2024-12-07 03:00:00+00:00,99318.92454494999,99269.26508267752,0.00018267490453941347,18.326338444652475,0.18326338444652476,99318.92454494999,102328.58892509999,SL,-0.17410479451916366,0.018326338444652476,0.018134003522675846,0.009158589927361281,0.009071537530101339,0.018230127457462622,-0.2287952639439546,-1.2484504999999921,0 days 02:00:00
1h,VALIDATION,85,CLOSED,BTCUSDT,LONG,2024-12-07 03:00:00+00:00,2024-12-07 04:00:00+00:00,99299.64,99349.28981999999,2024-12-08 23:00:00+00:00,101336.27561639999,101285.60747859179,0.00018216307112204952,18.09777174740577,0.1809777174740577,98355.79692179999,101336.27561639999,TP,0.3709997986399702,0.018097771747405768,0.018450497318762707,0.009044363691855399,0.009229863591176831,0.01827422728303223,0.31617730229076946,1.7470509999999972,1 days 19:00:00
1h,VALIDATION,86,CLOSED,BTCUSDT,LONG,2024-12-09 00:00:00+00:00,2024-12-09 01:00:00+00:00,99656.36,99706.18818,2024-12-09 03:00:00+00:00,98709.12629819999,98659.77173505089,0.00018467894043861633,18.41363318825569,0.1841363318825569,98709.12629819999,101700.3119436,SL,-0.17493411639617423,0.01841363318825569,0.018220382107944945,0.009202215486384061,0.009114748428186513,0.018316963914570574,-0.22988509560694545,-1.2484505000000072,0 days 02:00:00
1h,VALIDATION,87,CLOSED,BTCUSDT,LONG,2024-12-09 03:00:00+00:00,2024-12-09 04:00:00+00:00,99090.84,99140.38541999999,2024-12-09 11:00:00+00:00,98148.98156579999,98099.9070750171,0.00018341645204478484,18.183977748088914,0.18183977748088914,98148.98156579999,101123.19312839999,SL,-0.17275233232942236,0.018183977748088914,0.017993136901622724,0.009087445151467793,0.009001068985302564,0.01808851413677036,-0.22701796111590433,-1.2484504999999975,0 days 07:00:00
1h,VALIDATION,88,CLOSED,BTCUSDT,LONG,2024-12-12 00:00:00+00:00,2024-12-12 01:00:00+00:00,100772.47,100822.856235,2024-12-12 19:00:00+00:00,99814.62767265,99764.72035881368,0.00017810630692992845,17.95718657814296,0.17957186578142958,99814.62767265,102839.3133597,SL,-0.1705977595454776,0.01795718657814296,0.01776872590500535,0.00897410623595317,0.008888807356179244,0.017862913592132414,-0.22418658562075833,-1.2484504999999981,0 days 18:00:00
1h,VALIDATION,89,CLOSED,BTCUSDT,LONG,2024-12-13 00:00:00+00:00,2024-12-13 01:00:00+00:00,100083.21,100133.251605,2024-12-14 01:00:00+00:00,102135.9166371,102084.84867878146,0.0001770962559480064,17.733223955145203,0.17733223955145203,99131.91908895,102135.9166371,TP,0.3635266599900325,0.017733223955145202,0.018078844490030985,0.008862180887127487,0.00904394421712247,0.017906125104249958,0.3098084664406063,1.747051000000014,1 days 00:00:00
1h,VALIDATION,90,CLOSED,BTCUSDT,LONG,2024-12-14 01:00:00+00:00,2024-12-14 02:00:00+00:00,102145.28,102196.35264,2024-12-14 13:00:00+00:00,101174.3891136,101123.80191904321,0.00017654957791083,18.042722922618335,0.18042722922618334,101174.3891136,104240.2796928,SL,-0.17141037619139105,0.018042722922618337,0.01785336454554546,0.009016853034791508,0.008931147846694732,0.01794800088148624,-0.22525446454104106,-1.2484504999999881,0 days 11:00:00
1h,VALIDATION,91,CLOSED,BTCUSDT,LONG,2024-12-15 00:00:00+00:00,2024-12-15 01:00:00+00:00,101442.41,101493.131205,2024-12-15 23:00:00+00:00,103522.9938291,103471.23233218545,0.0001755556585550947,17.817693487512404,0.17817693487512404,100478.19989295,103522.9938291,TP,0.3652582642967304,0.017817693487512404,0.018164960333584022,0.008904394546481974,0.009087023678631444,0.017991418225113416,0.3112841922505206,1.7470510000000017,0 days 22:00:00
1h,VALIDATION,92,CLOSED,BTCUSDT,LONG,2024-12-16 00:00:00+00:00,2024-12-16 01:00:00+00:00,105444.95,105497.67247499998,2024-12-16 03:00:00+00:00,104442.69575024999,104390.47440237486,0.0001718394944764292,18.128666706543896,0.18128666706543897,104442.69575024999,107607.62592449998,SL,-0.17222686361389467,0.018128666706543898,0.01793840634945872,0.009059803451544071,0.008973690019738691,0.01803349347128276,-0.22632743014118006,-1.248450499999996,0 days 02:00:00
1h,VALIDATION,93,CLOSED,BTCUSDT,LONG,2024-12-16 03:00:00+00:00,2024-12-16 04:00:00+00:00,104582.28,104634.57114,2024-12-16 12:00:00+00:00,103588.2254286,103536.4313158857,0.00017109608404451796,17.902565377731534,0.17902565377731536,103588.2254286,106727.2625628,SL,-0.1700788444930923,0.017902565377731536,0.01771467795409224,0.008946809284223856,0.008861769861976858,0.017808579146200716,-0.2235046669711168,-1.248450500000003,0 days 08:00:00
1h,VALIDATION,94,CLOSED,BTCUSDT,LONG,2024-12-17 00:00:00+00:00,2024-12-17 01:00:00+00:00,105856.51,105909.43825499999,2024-12-17 14:00:00+00:00,108027.62702009999,107973.61320658994,0.0001669283142601445,17.679283992146008,0.17679283992146008,104850.34387244999,108027.62702009999,TP,0.3624209042267998,0.017679283992146008,0.018023853237152936,0.008835224383879665,0.009016434835993193,0.01785165921987286,0.30886610777762796,1.7470510000000068,0 days 13:00:00
1h,VALIDATION,95,CLOSED,BTCUSDT,LONG,2024-12-18 00:00:00+00:00,2024-12-18 01:00:00+00:00,106098.92,106151.96946,2024-12-18 01:00:00+00:00,105090.44976539999,105037.9045405173,0.00016945367696782638,17.98784154237341,0.1798784154237341,105090.44976539999,108275.00884919999,SL,-0.17088898936557856,0.01798784154237341,0.017799059145386202,0.008989426058156733,0.00890398156347338,0.017893407621630116,-0.22456929767496828,-1.2484504999999986,0 days 00:00:00
1h,VALIDATION,96,CLOSED,BTCUSDT,LONG,2024-12-18 01:00:00+00:00,2024-12-18 02:00:00+00:00,105335.23,105387.897615,2024-12-18 04:00:00+00:00,104334.01863885,104281.85162953057,0.00016855347712262236,17.76349658965117,0.1776349658965117,104334.01863885,107495.6555673,SL,-0.16875765625650532,0.01776349658965117,0.01757706869294278,0.008877309640005326,0.008792930811877521,0.017670240451882847,-0.22176846199098216,-1.2484504999999952,0 days 02:00:00
1h,VALIDATION,97,CLOSED,BTCUSDT,LONG,2024-12-18 04:00:00+00:00,2024-12-18 05:00:00+00:00,103868.0,103919.934,2024-12-18 19:00:00+00:00,102880.73465999999,102829.29429266999,0.00016880254826350509,17.54194967457526,0.1754194967457526,102880.73465999999,105998.33267999999,SL,-0.1666529052042379,0.01754194967457526,0.017357846912740595,0.008766591541515831,0.008683265088914191,0.01744985663043002,-0.21900255842198377,-1.2484505000000032,0 days 14:00:00
1h,VALIDATION,98,CLOSED,BTCUSDT,LONG,2024-12-25 00:00:00+00:00,2024-12-25 01:00:00+00:00,98418.42,98467.62921,2024-12-26 08:00:00+00:00,97482.9529179,97434.21144144105,0.00017592752094176196,17.323165899927925,0.17323165899927925,97482.9529179,100436.98179420001,SL,-0.16457440467647735,0.017323165899927925,0.017141359273808183,0.00865725432280272,0.008574967120464051,0.01723222144326677,-0.2162711512934802,-1.248450500000003,1 days 07:00:00
